data;horario;n_da_ocorrencia;tipo_de_ocorrencia;km;trecho;sentido;tipo_de_acidente;automovel;bicicleta;caminhao;moto;onibus;outros;tracao_animal;transporte_de_cargas_especiais;trator_maquinas;utilitarios;ilesos;levemente_feridos;moderadamente_feridos;gravemente_feridos;mortos
28/11/2014;22:15:00;6312;com vítima;739,1;BR-262/MG;Oeste;Colisão Frontal;1;;1;;;;;;;;1;3;;;
28/11/2014;16:15:00;6217;com vítima;619;BR-153/GO;Norte;Saida de Pista;1;;;;;;;;;;0;1;;;
28/11/2014;19:47:00;6270;com vítima;780;BR-262/MG;Leste;;1;;;;;;;;;;0;2;;;
28/11/2014;19:19:00;6265;sem vítima;135;BR-060/GO;Sul;Saida de Pista;;;;1;;;;;;;1;;;;
29/11/2014;19:36:00;6561;com vítima;358;BR-262/MG;Oeste;Colisão Traseira;2;;;;;;;;;;1;;;1;
29/11/2014;16:10:00;6335;com vítima;360;BR-262/MG;Oeste;Colisão Traseira;1;;;;1;;;;;;1;1;;;
29/11/2014;17:44:00;6531;com vítima;2,2;BR-060/DF;Sul;Capotamento;1;;1;;;;;;;;1;1;;;
29/11/2014;20:40:00;6337;sem vítima;380;BR-262/MG;Oeste;Capotamento;1;;;;;;;;;;1;;;;
29/11/2014;18:00:00;6581;sem vítima;380;BR-262/MG;Oeste;Saida de Pista;1;;;;;;;;;;1;;;;
29/11/2014;12:37:00;6458;com vítima;498,8;BR-153/GO;Sul;Colisão Traseira;;;;1;;;;;;;0;1;;;
29/11/2014;10:25:00;6432;com vítima;404,5;BR-262/MG;Oeste;Colisão Traseira;2;;;;;;;;;;2;1;;;
29/11/2014;08:38:00;6411;com vítima;407;BR-262/MG;Leste;Saida de Pista;1;;;;;;;;;;0;1;;;
29/11/2014;17:00:00;6525;com vítima;427;BR-262/MG;Leste;Colisão Lateral;;;1;1;;;;;;;1;;;;1
29/11/2014;21:28:00;6579;com vítima;59,5;BR-060/GO;Sul;Queda;1;;;;;;;;;;0;2;;;
29/11/2014;17:15:00;6503;sem vítima;467;BR-262/MG;Oeste;Saida de Pista;1;;;;;;;;;;1;;;;
29/11/2014;14:28:00;6482;com vítima;79;BR-153/MG;Sul;Choque - Objeto sobre a pista;;;;1;;;;;;;0;1;;;
29/11/2014;00:37:00;6327;sem vítima;93;BR-060/GO;Sul;Colisão Traseira;2;;;;;;;;;;2;;;;
29/11/2014;07:49:00;6390;com vítima;97;BR-060/GO;Norte;Colisão Traseira;2;;;;;;;;;;3;2;;;
29/11/2014;21:16:00;6577;com vítima;19;BR-060/DF;Sul;Queda;;;;1;;;;;;;0;;;1;
29/11/2014;11:08:00;6438;sem vítima;568,9;BR-153/GO;Sul;Colisão Frontal;3;;;;;;;;;;3;;;;
29/11/2014;21:20:00;6578;com vítima;704;BR-262/MG;Oeste;Colisão Traseira;;;2;;;;;;;;1;;;1;
29/11/2014;00:10:00;6344;sem vítima;640;BR-153/GO;Sul;;1;;;;;;;;;;1;;;;
29/11/2014;05:35:00;6357;com vítima;670,8;BR-153/GO;Sul;Colisão Traseira;2;;;;;;;;;;2;1;;;
29/11/2014;16:18:00;6508;com vítima;833;BR-262/MG;Oeste;Queda de Ciclista;;;;1;;;;;;;0;2;;;
30/11/2014;04:04:00;6621;sem vítima;0,3;BR-060/GO;Sul;Colisão Traseira;1;;1;;;;;;;;2;;;;
30/11/2014;12:56:00;6706;com vítima;359;BR-262/MG;Leste;Capotamento;1;;;;;;;;;;1;2;;;
30/11/2014;15:10:00;6796;sem vítima;364;BR-262/MG;Leste;Capotamento;1;;;;;;;;;;1;;;;
30/11/2014;18:30:00;6789;sem vítima;21;BR-060/GO;Norte;Saida de Pista;2;;;;;;;;;;3;;;;
30/11/2014;12:06:00;6700;sem vítima;498;BR-153/GO;Norte;Colisão Lateral;1;;1;;;;;;;;2;;;;
30/11/2014;08:42:00;6660;com vítima;382;BR-262/MG;Leste;Queda de Moto;;;;1;;;;;;;0;1;;;
30/11/2014;11:25:00;6691;com vítima;382;BR-262/MG;Oeste;Capotamento;1;;;;;;;;;;0;2;;;
30/11/2014;01:07:00;6602;sem vítima;3;BR-060/DF;Sul;Saida de Pista;1;;;;;;;;;;1;;;;
30/11/2014;10:27:00;6681;sem vítima;386;BR-262/MG;Leste;Saida de Pista;1;;;;;;;;;;1;;;;
30/11/2014;15:57:00;6750;sem vítima;399;BR-262/MG;Leste;Saida de Pista;1;;;;;;;;;;1;;;;
30/11/2014;04:50:00;6625;sem vítima;26;BR-153/MG;Norte;Saida de Pista;1;;;;;;;;;;1;;;;
30/11/2014;19:51:00;6805;sem vítima;501;BR-153/GO;Sul;;2;;;;;;;;;;2;;;;
30/11/2014;18:06:00;6782;sem vítima;416,5;BR-262/MG;Leste;;1;;;;;;;;;;1;;;;
30/11/2014;20:45:00;6818;sem vítima;39;BR-153/MG;Norte;Saida de Pista;1;;;;;;;;;;1;;;;
30/11/2014;20:50:00;6821;sem vítima;39;BR-153/MG;Norte;Saida de Pista;1;;;;;;;;;;1;;;;
30/11/2014;18:11:00;6784;sem vítima;506;BR-153/GO;Sul;Saida de Pista;1;;;;;;;;;;1;;;;
30/11/2014;21:34:00;6823;com vítima;73,5;BR-060/GO;Norte;Colisão Traseira;2;;;;;;;;;;2;2;;;1
30/11/2014;08:00:00;6652;com vítima;58;BR-153/MG;Norte;Saida de Pista;;;1;;;;;;;;0;;;1;
30/11/2014;15:10:00;6739;sem vítima;543;BR-153/GO;Norte;Saida de Pista;1;;;;;;;;;;1;;;;
30/11/2014;20:40:00;6812;com vítima;555;BR-153/GO;Sul;Saida de Pista;1;;;;;;;;;;1;1;;;
30/11/2014;20:53:00;6815;sem vítima;103;BR-060/GO;Sul;Colisão Traseira;2;;;;;;;;;;2;;;;
30/11/2014;15:24:00;6740;com vítima;568;BR-153/GO;Sul;Capotamento;1;;;;;;;;;;0;1;;;
30/11/2014;21:17:00;6819;sem vítima;568;BR-153/GO;Sul;Saida de Pista;1;;;;;;;;;;1;;;;
30/11/2014;17:49:00;6779;sem vítima;110;BR-060/GO;Norte;Queda de Moto;;;;1;;;;;;;1;;;;
30/11/2014;18:33:00;6790;sem vítima;110,3;BR-060/GO;Sul;Saida de Pista;1;;;;;;;;;;1;;;;
30/11/2014;14:13:00;6722;sem vítima;583;BR-153/GO;Sul;Saida de Pista;1;;;;;;;;;;1;;;;
30/11/2014;18:20:00;6786;com vítima;590;BR-153/GO;Sul;Capotamento;1;;;;;;;;;;0;3;;;
30/11/2014;09:33:00;6674;com vítima;122;BR-060/GO;Sul;Queda de Moto;;;;1;;;;;;;0;2;;;
30/11/2014;21:28:00;6822;sem vítima;628;BR-153/GO;Norte;;1;;;;;;;;;;1;;;;
30/11/2014;16:20:00;6757;com vítima;228,3;BR-153/MG;Sul;Saida de Pista;1;;;;;;;;;;1;3;;;
01/12/2014;21:41:00;211;sem vítima;490;BR-153/GO;Norte;;1;;;;;;;;;;1;;;;
01/12/2014;10:11:00;53;sem vítima;355;BR-262/MG;Leste;Colisão Transversal;2;;;;;;;;;;2;;;;
01/12/2014;14:30:00;127;sem vítima;359;BR-262/MG;Leste;Capotamento;1;;;;;;;;;;1;;;;
01/12/2014;12:16:00;101;sem vítima;16;BR-153/MG;Sul;Saida de Pista;;;1;;;;;;;;1;;;;
01/12/2014;19:00:00;28;com vítima;382;BR-262/MG;Leste;Saida de Pista;1;;;;;;;;;;0;1;;;
01/12/2014;08:11:00;33;sem vítima;386;BR-262/MG;Leste;Tombamento;;;1;;;;;;;;1;;;;
01/12/2014;17:09:00;167;com vítima;508;BR-153/GO;Norte;Colisão Lateral;1;;;1;;;;;;;1;1;;;
01/12/2014;17:08:00;169;com vítima;473;BR-262/MG;Leste;Engavetamento;2;;1;;;;;;;;2;1;;;
01/12/2014;02:02:00;14;com vítima;509;BR-153/GO;Sul;Queda de Moto;;;;1;;;;;;;1;1;;;
01/12/2014;18:28:00;182;sem vítima;97;BR-060/GO;Norte;Colisão Traseira;1;;;;1;;;;;;2;;;;
01/12/2014;19:05:00;221;com vítima;583;BR-262/MG;Leste;Saida de Pista;1;;;;;;;;;;0;1;;;
01/12/2014;22:22:00;218;com vítima;171,5;BR-153/MG;Norte;;1;;;;;;;;;;0;1;;;
01/12/2014;13:44:00;119;sem vítima;109,4;BR-060/GO;Norte;Saida de Pista;1;;;;;;;;;;1;;;;
01/12/2014;16:53:00;163;com vítima;133,3;BR-060/GO;Sul;Colisão Traseira;;;1;1;;;;;;;1;1;;;
01/12/2014;22:30:00;217;com vítima;245;BR-153/MG;Sul;Atropelamento - Usuário;;;;;;;;;;;0;;;;1
02/12/2014;08:07:00;265;sem vítima;492;BR-153/GO;Sul;Colisão Traseira;2;;;;;;;;;;2;;;;
02/12/2014;08:00:00;266;com vítima;0,3;BR-060/DF;Norte;Colisão Traseira;1;;;1;;;;;;;1;1;;;
02/12/2014;07:03:00;246;sem vítima;363;BR-262/MG;Oeste;Tombamento;;;1;;;;;;;;1;;;;
02/12/2014;15:12:00;371;sem vítima;14,8;BR-060/GO;Norte;Colisão Lateral;1;;1;;;;;;;;3;;;;
02/12/2014;15:00:00;368;com vítima;420,6;BR-262/MG;Leste;Queda de Moto;;;;1;;;;;;;1;1;;;
02/12/2014;15:06:00;370;com vítima;445;BR-262/MG;Leste;Colisão Traseira;;;;2;;;;;;;1;1;;;
02/12/2014;18:53:00;422;com vítima;514;BR-153/GO;Norte;Atropelamento - Ciclista;1;1;;;;;;;;;1;;;1;
02/12/2014;18:05:00;417;sem vítima;95;BR-060/GO;Norte;Queda;;;;1;;;;;;;1;;;;
02/12/2014;10:34:00;302;com vítima;535;BR-153/GO;Sul;Colisão Lateral;1;;;1;;;;;;;1;;;;1
02/12/2014;00:03:00;224;com vítima;556;BR-153/GO;Norte;Colisão Traseira;;;2;;;;;;;;0;1;;1;
02/12/2014;11:27:00;320;sem vítima;645;BR-262/MG;Leste;Colisão Lateral;;;2;;;;;;;;2;;;;
02/12/2014;10:10:00;295;sem vítima;664;BR-262/MG;Leste;Queda de Moto;;;;1;;;;;;;1;;;;
02/12/2014;19:27:00;225;com vítima;689;BR-262/MG;Oeste;Saida de Pista;;;1;;;;;;;;0;1;;;
02/12/2014;13:53:00;356;com vítima;698;BR-262/MG;Oeste;Choque - Outros;1;;;;;;;;;;0;2;;;
02/12/2014;07:55:00;261;com vítima;624,6;BR-153/GO;Norte;Saida de Pista;1;;;;;;;;;;0;3;;;
03/12/2014;08:56:00;549;com vítima;3;BR-060/DF;Norte;Colisão Lateral;1;;;1;;;;;;;1;1;;;
03/12/2014;20:16:00;712;sem vítima;4;BR-060/DF;Norte;Colisão Traseira;2;;;;;;;;;;2;;;;
03/12/2014;20:34:00;715;com vítima;430;BR-262/MG;Oeste;Colisão Traseira;1;;1;;;;;;;;1;1;;;
03/12/2014;05:57:00;519;sem vítima;460,01;BR-262/MG;Leste;Queda de Moto;;;;1;;;;;;;1;;;;
03/12/2014;17:17:00;663;com vítima;91;BR-060/GO;Sul;Atropelamento - Animal;;;;1;;;;;;;0;1;;;
03/12/2014;17:47:00;679;com vítima;175;BR-153/MG;Sul;Saida de Pista;;;1;;;;;;;;0;1;;;
03/12/2014;07:47:00;529;sem vítima;581,2;BR-153/GO;Norte;Colisão Traseira;1;;1;;;;;;;;2;;;;
03/12/2014;05:24:00;512;sem vítima;113,5;BR-060/GO;Norte;Saida de Pista;;;1;;;;;;;;1;;;;
03/12/2014;00:51:00;491;com vítima;114;BR-060/GO;Norte;Capotamento;1;;;;;;;;;;0;1;;;
03/12/2014;01:07:00;494;sem vítima;629,9;BR-153/GO;Sul;Saida de Pista;1;;;;;;;;;;1;;;;
03/12/2014;17:37:00;671;sem vítima;126,6;BR-060/GO;Norte;Choque - Defensa, barreira ou "submarino";1;;;;;;;;;;1;;;;
03/12/2014;17:41:00;673;sem vítima;128;BR-060/GO;Sul;Carreta deu L;;;1;;;;;;;;1;;;;
03/12/2014;07:30:00;527;sem vítima;131;BR-060/GO;Norte;;2;;;;;;;;;;2;;;;
04/12/2014;17:26:00;929;sem vítima;362;BR-262/MG;Oeste;Colisão Traseira;1;;1;;;;;;;;2;;;;
04/12/2014;19:57:00;967;com vítima;27,2;BR-060/GO;Norte;Capotamento;1;;;;;;;;;;3;1;;;
04/12/2014;15:30:00;905;com vítima;18;BR-153/MG;Sul;Colisão Traseira;2;;;;;;;;;;0;2;;;
04/12/2014;17:45:00;936;sem vítima;500,501;BR-153/GO;Sul;Engavetamento;2;;1;;;;;;;;3;;;;
04/12/2014;19:58:00;968;sem vítima;437;BR-262/MG;Leste;Choque - Outros;1;;;;;;;;;;1;;;;
04/12/2014;14:50:00;894;sem vítima;46,1;BR-153/MG;Sul;Saida de Pista;1;;;;;;;;;;1;;;;
04/12/2014;21:40:00;987;sem vítima;69;BR-060/GO;Sul;Colisão Traseira;1;;1;;;;;;;;2;;;;
04/12/2014;10:38:00;843;sem vítima;583;BR-153/GO;Norte;Saida de Pista;1;;;;;;;;;;1;;;;
04/12/2014;13:00:00;877;com vítima;584,18;BR-153/GO;Sul;Saida de Pista;;;1;;;;;;;;0;1;;;
04/12/2014;13:59:00;884;com vítima;627;BR-262/MG;Oeste;Tombamento;;;1;;;;;;;;0;1;;;
04/12/2014;16:19:00;912;sem vítima;129;BR-060/GO;Sul;Colisão Lateral;1;;1;;;;;;;;3;;;;
05/12/2014;06:00:00;1066;sem vítima;382;BR-262/MG;Leste;Saida de Pista;1;;;;;;;;;;1;;;;
05/12/2014;10:03:00;1102;sem vítima;421;BR-262/MG;Leste;;1;;;;;;;;;;1;;;;
05/12/2014;20:20:00;1302;com vítima;53;BR-153/MG;Norte;Capotamento;1;;;;;;;;;;1;1;;;
05/12/2014;13:57:00;1178;sem vítima;508;BR-153/GO;Sul;Choque - Suporte de Sinalização;1;;;;;;;;;;1;;;;
05/12/2014;17:50:00;1291;com vítima;61;BR-153/MG;Sul;Capotamento;1;;;;;;;;;;0;1;;;
05/12/2014;20:11:00;1296;sem vítima;508,5;BR-153/GO;Norte;Engavetamento;4;;;;;;;;;;4;;;;
05/12/2014;18:45:00;1274;sem vítima;91;BR-060/GO;Norte;;1;;;;;;;;;;1;;;;
05/12/2014;17:58:00;1248;sem vítima;111;BR-153/MG;Norte;;1;;;;;;;;;;1;;;;
05/12/2014;09:17:00;1091;sem vítima;550;BR-262/MG;Leste;Saida de Pista;1;;;;;;;;;;1;;;;
05/12/2014;16:39:00;1224;com vítima;567;BR-262/MG;Oeste;Incêndio;;;1;;;;;;;;0;1;;;
05/12/2014;16:40:00;1292;com vítima;567;BR-262/MG;Leste;;;;;;;1;;;;;0;1;;;
05/12/2014;08:47:00;1087;sem vítima;569;BR-262/MG;Leste;Saida de Pista;1;;;;;;;;;;1;;;;
05/12/2014;15:23:00;1197;com vítima;530;BR-153/GO;Norte;Capotamento;1;;;;;;;;;;1;1;;;
05/12/2014;18:29:00;1269;com vítima;97;BR-060/GO;Norte;Colisão Traseira;2;;;;;;;;;;1;1;;;
05/12/2014;09:22:00;1103;com vítima;578;BR-262/MG;Leste;Colisão Transversal;1;;2;;;;;;;;2;;;1;
05/12/2014;12:52:00;1162;sem vítima;100;BR-060/GO;Norte;Colisão Traseira;2;;;;;;;;;;2;;;;
05/12/2014;16:15:00;1212;com vítima;161;BR-153/MG;Norte;Saida de Pista;1;;;;;;;;;;0;1;;;
05/12/2014;19:20:00;1303;sem vítima;172,1;BR-153/MG;Sul;Colisão Traseira;;;1;;;;;;;1;2;;;;
05/12/2014;14:13:00;1181;sem vítima;586,8;BR-153/GO;Sul;Saida de Pista;1;;;;;;;;;;2;;;;
05/12/2014;11:21:00;1055;com vítima;629;BR-262/MG;Leste;Saida de Pista;;;1;;;;;;;;0;1;;;
05/12/2014;19:00:00;1313;sem vítima;641;BR-262/MG;Oeste;;1;;;;;;;;;;1;;;;
05/12/2014;16:56:00;1231;sem vítima;603;BR-153/GO;Sul;Carreta deu L;;;1;;;;;;;;1;;;;
05/12/2014;14:26:00;1186;sem vítima;28,4;BR-060/DF;Norte;Saida de Pista;1;;;;;;;;;;1;;;;
05/12/2014;13:42:00;1174;com vítima;792;BR-262/MG;Leste;Colisão Frontal;1;;;;;;;;;;1;2;;;
05/12/2014;08:31:00;1076;com vítima;124;BR-060/GO;Sul;Colisão Traseira;1;;;1;;;;;;;1;1;;;
05/12/2014;22:16:00;1329;sem vítima;129;BR-060/GO;Sul;Capotamento;1;;;;;;;;;;1;;;;
05/12/2014;21:48:00;1327;com vítima;130,8;BR-060/GO;Norte;Capotamento;1;;;;;;;;;;0;;;1;
05/12/2014;13:03:00;1165;com vítima;672;BR-153/GO;Norte;Saida de Pista;1;;;;;;;;;;0;3;;;
06/12/2014;18:30:00;1603;sem vítima;380;BR-262/MG;Oeste;Saida de Pista;2;;;;;;;;;;2;;;;
06/12/2014;11:39:00;1460;sem vítima;384;BR-262/MG;Leste;Capotamento;1;;;;;;;;;;1;;;;
06/12/2014;11:06:00;1442;com vítima;500;BR-153/GO;Sul;Colisão Traseira;1;;2;;;;;;;;2;1;;;
06/12/2014;15:10:00;1525;sem vítima;404;BR-262/MG;Oeste;Colisão Lateral;2;;;;;;;;;;2;;;;
06/12/2014;23:03:00;1638;sem vítima;408;BR-262/MG;Leste;;;;;;;;;;;;1;;;;
06/12/2014;15:55:00;1532;com vítima;46;BR-060/GO;Norte;Colisão Lateral;2;;;;;;;;;;1;1;;;
06/12/2014;15:35:00;1591;sem vítima;408,5;BR-262/MG;Leste;Saida de Pista;1;;;;;;;;;;1;;;;
06/12/2014;01:53:00;1361;com vítima;47;BR-060/GO;Norte;Tombamento;;;1;;;;;;;;0;1;;;1
06/12/2014;14:31:00;1511;sem vítima;51;BR-060/GO;Sul;Saida de Pista;1;;;;;;;;;;1;;;;
06/12/2014;22:42:00;1632;com vítima;503;BR-153/GO;Sul;Queda de Moto;;;;1;;;;;;;0;;;1;
06/12/2014;06:26:00;1384;sem vítima;439,7;BR-262/MG;Leste;Saida de Pista;1;;;;;;;;;;1;;;;
06/12/2014;01:44:00;1376;com vítima;546;BR-262/MG;Oeste;Colisão Transversal;2;;;;;;;;;;0;3;;;7
06/12/2014;11:21:00;1451;sem vítima;554;BR-262/MG;Leste;Colisão Traseira;;;2;;;;;;;;2;;;;
06/12/2014;16:46:00;1545;sem vítima;561;BR-153/GO;Norte;Saida de Pista;1;;;;;;;;;;2;;;;
06/12/2014;08:36:00;1406;com vítima;576,5;BR-153/GO;Sul;Atropelamento - Funcionário;;;1;;;;;;;;1;;;1;
06/12/2014;17:17:00;1557;sem vítima;620;BR-262/MG;Leste;Carreta deu L;;;1;;;;;;;;1;;;;
06/12/2014;11:19:00;1449;com vítima;136;BR-060/GO;Norte;Atropelamento - Outros;1;;;;;;;;;;1;1;;;
06/12/2014;11:43:00;1462;sem vítima;912,8;BR-262/MG;Leste;Capotamento;1;;;;;;;;;;1;;;;
07/12/2014;19:37:00;1868;sem vítima;0,3;BR-060/GO;Norte;Colisão Traseira;2;;;;;;;;;;2;;;;
07/12/2014;10:11:00;1724;com vítima;364;BR-262/MG;Oeste;Queda de Moto;;;;1;;;;;;;0;;;;1
07/12/2014;00:50:00;1648;com vítima;495;BR-153/GO;Norte;Colisão Traseira;1;;;1;;;;;;;1;1;;;
07/12/2014;23:34:00;1916;com vítima;24,8;BR-060/GO;Norte;Colisão Traseira;;;;;1;;;;;;0;2;;;
07/12/2014;19:16:00;1860;sem vítima;25;BR-060/GO;Sul;Saida de Pista;1;;;;;;;;;;1;;;;
07/12/2014;12:39:00;1769;com vítima;12,5;BR-153/MG;Sul;Tombamento;;;1;;;;;;;;0;1;;;
07/12/2014;15:14:00;1806;sem vítima;502;BR-153/GO;Norte;Colisão Lateral;1;;;1;;;;;;;2;;;;
07/12/2014;18:43:00;1852;sem vítima;58;BR-060/GO;Norte;Colisão Transversal;2;;;;;;;;;;2;;;;
07/12/2014;17:20:00;1830;com vítima;64;BR-060/GO;Norte;Colisão Traseira;1;;;1;;;;;;;1;1;;;
07/12/2014;17:56:00;1842;sem vítima;8,3;BR-060/DF;Sul;Saida de Pista;1;;;;;;;;;;1;;;;
07/12/2014;22:42:00;1907;com vítima;521;BR-262/MG;Oeste;Colisão Transversal;;;1;1;;;;;;;1;;;;1
07/12/2014;20:00:00;1879;sem vítima;565;BR-262/MG;Leste;;;;;;1;;;;;;1;;;;
07/12/2014;18:39:00;1850;com vítima;16;BR-060/DF;Norte;Saida de Pista;1;;;;;;;;;;1;1;;;
07/12/2014;16:50:00;1825;sem vítima;586;BR-262/MG;Oeste;Capotamento;1;;;;;;;;;;1;;;;
07/12/2014;17:56:00;1843;com vítima;558;BR-153/GO;Norte;Saida de Pista;1;;;;;;;;;;0;1;;;
07/12/2014;16:46:00;1823;com vítima;570;BR-153/GO;Sul;Queda;;;;1;;;;;;;0;1;;;
07/12/2014;15:11:00;1805;sem vítima;575;BR-153/GO;Sul;Saida de Pista;1;;;;;;;;;;1;;;;
07/12/2014;11:21:00;1743;com vítima;110;BR-060/GO;Norte;Saida de Pista;1;;;;;;;;;;1;1;;;
07/12/2014;20:11:00;1878;com vítima;580;BR-153/GO;Sul;Queda;;;;1;;;;;;;0;1;;;
07/12/2014;20:37:00;1885;sem vítima;594;BR-153/GO;Norte;Saida de Pista;;;1;;;;;;;;1;;;;
07/12/2014;03:04:00;1666;sem vítima;223;BR-153/MG;Sul;Capotamento;1;;;;;;;;;;1;;;;
07/12/2014;20:31:00;1882;sem vítima;29;BR-060/DF;Norte;Capotamento;1;;;;;;;;;;1;;;;
07/12/2014;17:42:00;1837;com vítima;124;BR-060/GO;Norte;Colisão Frontal;2;;;;;;;;;;2;4;;;
07/12/2014;22:09:00;1900;sem vítima;29,3;BR-060/DF;Norte;;1;;;;;;;;;;1;;;;
07/12/2014;13:15:00;1780;sem vítima;834;BR-262/MG;Oeste;Queda de Ciclista;;1;;;;;;;;;1;;;;
07/12/2014;13:16:00;1782;com vítima;241;BR-153/MG;Sul;Colisão Frontal;1;;;;;;;;;;0;4;;;
07/12/2014;23:48:00;1918;sem vítima;136;BR-060/GO;Norte;Colisão Traseira;1;;1;;;;;;;;2;;;;
07/12/2014;14:18:00;1794;com vítima;872;BR-262/MG;Oeste;Colisão Traseira;2;;;;;;;;;;2;3;;;
07/12/2014;12:30:00;1767;com vítima;875;BR-262/MG;Leste;Queda de Moto;;;;1;;;;;;;1;1;;;
08/12/2014;17:00:00;2147;sem vítima;361;BR-262/MG;Leste;Engavetamento;2;;1;;;;;;;;3;;;;
08/12/2014;14:04:00;2088;com vítima;22;BR-060/GO;Sul;Colisão Traseira;1;;1;;;;;;;;2;1;;;
08/12/2014;06:05:00;1979;com vítima;382;BR-262/MG;Oeste;Queda de Moto;;;;1;;;;;;;0;1;;;
08/12/2014;15:45:00;2106;sem vítima;30;BR-060/GO;Norte;Colisão Traseira;2;;;;;;;;;;2;;;;
08/12/2014;15:13:00;2101;sem vítima;48;BR-060/GO;Norte;;1;;;;;;;;;;1;;;;
08/12/2014;21:00:00;2182;com vítima;39;BR-153/MG;Sul;Saida de Pista;1;;;;;;;;;;0;1;;;
08/12/2014;08:00:00;2011;sem vítima;504;BR-153/GO;Norte;;4;;;;;;;;;;4;;;;
08/12/2014;00:00:00;1922;com vítima;73,2;BR-060/GO;Sul;Saida de Pista;2;;;;;;;;;;2;1;;;
08/12/2014;07:30:00;1995;sem vítima;506,5;BR-153/GO;Norte;Colisão Traseira;2;;;;;;;;;;2;;;;
08/12/2014;13:30:00;2082;sem vítima;586;BR-262/MG;Leste;Saida de Pista;1;;;;;;;;;;1;;;;
08/12/2014;13:55:00;2086;sem vítima;586;BR-262/MG;Leste;Saida de Pista;1;;;;;;;;;;1;;;;
08/12/2014;12:59:00;2078;sem vítima;587,5;BR-262/MG;Leste;Saida de Pista;1;;;;;;;;;;1;;;;
08/12/2014;13:15:00;2083;sem vítima;592;BR-262/MG;Leste;Saida de Pista;1;;;;;;;;;;2;;;;
08/12/2014;17:10:00;2131;sem vítima;111;BR-060/GO;Sul;Colisão Traseira;3;;1;;;;;;;;6;;;;
08/12/2014;06:11:00;1980;sem vítima;662;BR-262/MG;Leste;Colisão Transversal;2;;1;;;;;;;;3;;;;
08/12/2014;08:51:00;2029;com vítima;28;BR-060/DF;Norte;Capotamento;1;;;;;;;;;;0;2;;;
08/12/2014;17:03:00;2129;sem vítima;28,3;BR-060/DF;Sul;Saida de Pista;1;;1;;;;;;;;2;;;;
08/12/2014;09:20:00;2038;com vítima;749;BR-262/MG;Leste;Saida de Pista;;;1;;;;;;;;0;3;;;
08/12/2014;14:13:00;2091;com vítima;618;BR-153/GO;Norte;Capotamento;1;;;;;;;;;;0;2;;;
09/12/2014;07:27:00;2260;com vítima;0,3;BR-060/DF;Sul;Colisão Traseira;3;;;;;;;;;;2;1;;;
09/12/2014;10:56:00;2327;com vítima;499,2;BR-153/GO;Norte;Colisão Traseira;;;3;;;;;;;;2;2;;;
09/12/2014;18:40:00;2415;sem vítima;4;BR-060/DF;Sul;Colisão Traseira;2;;;;;;;;;;2;;;;
09/12/2014;06:18:00;2244;com vítima;505;BR-153/GO;Sul;Queda de Moto;;;;1;;;;;;;1;1;;;
09/12/2014;16:29:00;2382;com vítima;84;BR-153/MG;Sul;Saida de Pista;;;1;;;;;;;;0;1;;;
09/12/2014;13:21:00;2350;com vítima;511,7;BR-153/GO;Norte;Atropelamento - Sem Informação;1;;;;;;;;;;1;;;1;
09/12/2014;07:46:00;2263;sem vítima;96,9;BR-060/GO;Sul;Colisão Traseira;2;;;;;;;;;;2;;;;
09/12/2014;18:15:00;2408;sem vítima;586;BR-262/MG;Oeste;Saida de Pista;1;;;;;;;;;;1;;;;
09/12/2014;15:36:00;2369;com vítima;593;BR-262/MG;Leste;Saida de Pista;1;;;;;;;;;;0;2;;;
09/12/2014;15:20:00;2368;com vítima;635;BR-262/MG;Oeste;Colisão Transversal;3;;;;;;;;;;1;5;;;
09/12/2014;10:15:00;2319;sem vítima;691;BR-262/MG;Leste;Colisão Lateral;;;2;;;;;;;;2;;;;
09/12/2014;04:12:00;2232;com vítima;800;BR-262/MG;Oeste;Colisão Traseira;;;1;;;1;;;;;1;1;;;
10/12/2014;04:11:00;2497;com vítima;498;BR-153/GO;Norte;Capotamento;1;;;;;;;;;;0;1;;;
10/12/2014;15:48:00;2655;sem vítima;18;BR-153/MG;Norte;Saida de Pista;1;;;;;;;;;;1;;;;
10/12/2014;11:18:00;2575;sem vítima;394,5;BR-262/MG;Oeste;Colisão Lateral;2;;;;;;;;;;2;;;;
10/12/2014;17:42:00;2692;com vítima;501;BR-153/GO;Norte;Colisão Traseira;1;;;1;;;;;;;1;1;;;
10/12/2014;18:25:00;2704;sem vítima;502,8;BR-153/GO;Norte;Engavetamento;2;;;;;;;;;1;3;;;;
10/12/2014;00:00:00;2469;com vítima;505;BR-153/GO;Sul;Colisão Lateral;1;;;1;;;;;;;1;1;;;
10/12/2014;01:50:00;2486;com vítima;71;BR-153/MG;Norte;Choque - Objeto sobre a pista;1;;;;;;;;;;0;1;;;
10/12/2014;09:31:00;2545;com vítima;510;BR-153/GO;Sul;Colisão Traseira;1;;;1;;;;;;;1;1;;;
10/12/2014;20:32:00;2739;com vítima;511;BR-153/GO;Norte;Queda de Moto;;;;1;;;;;;;0;1;;;
10/12/2014;21:46:00;2754;com vítima;520,5;BR-262/MG;Leste;Colisão Transversal;1;;1;;;;;;;;1;;;;1
10/12/2014;15:01:00;2642;sem vítima;582;BR-262/MG;Oeste;Saida de Pista;1;;;;;;;;;;1;;;;
10/12/2014;11:43:00;2583;com vítima;550,3;BR-153/GO;Sul;Saida de Pista;1;;;;;;;;;;3;1;;;
10/12/2014;14:18:00;2635;com vítima;558,9;BR-153/GO;Sul;Capotamento;1;;;;;;;;;;0;2;;;
10/12/2014;13:46:00;2628;com vítima;164;BR-153/MG;Sul;Saida de Pista;1;;;;;;;;;;0;1;;;
10/12/2014;16:19:00;2666;com vítima;635;BR-262/MG;Oeste;Saida de Pista;1;;;;;;;;;;0;2;;;
10/12/2014;13:10:00;2693;sem vítima;690;BR-262/MG;Oeste;Colisão Traseira;;;2;;;;;;;;2;;;;
10/12/2014;11:18:00;2574;com vítima;136;BR-060/GO;Sul;Saida de Pista;1;;;;;;;;;;1;4;;;