data;horario;n_da_ocorrencia;tipo_de_ocorrencia;km;trecho;sentido;tipo_de_acidente;automovel;bicicleta;caminhao;moto;onibus;outros;tracao_animal;transporte_de_cargas_especiais;trator_maquinas;utilitarios;ilesos;levemente_feridos;moderadamente_feridos;gravemente_feridos;mortos
21/12/2014;23:47:00;345;com vítima;439;BR-262/MG;Oeste;Atropelamento - Animal;1;;;;;;;;;;0;1;;;
21/12/2014;16:40:00;219;sem vítima;45,5;BR-153/MG;Sul;Colisão Traseira;2;;;;;;;;;;2;;;;
21/12/2014;14:31:00;169;sem vítima;46;BR-153/MG;Sul;Colisão Traseira;;;2;;;;;;;;2;;;;
21/12/2014;14:32:00;171;com vítima;49;BR-153/MG;Sul;Capotamento;1;;;;;;;;;;0;2;;;
21/12/2014;17:46:00;238;com vítima;49;BR-153/MG;Sul;Colisão Traseira;1;;;;;;;;;;1;1;1;;
21/12/2014;17:10:00;235;com vítima;50;BR-153/MG;Norte;Saida de Pista;1;;;;;;;;;;0;1;;;
21/12/2014;18:14:00;250;sem vítima;55;BR-153/MG;Sul;;1;;;;;;;;;;1;;;;
21/12/2014;13:50:00;2;com vítima;477;BR-262/MG;Oeste;Colisão Lateral;2;;;;;;;;;;0;3;;;
21/12/2014;22:51:00;329;com vítima;554,9;BR-262/MG;Oeste;Tombamento;;;1;;;;;;;;0;1;;;
21/12/2014;16:12:00;205;com vítima;566;BR-262/MG;Oeste;Colisão Frontal;1;;1;;;;;;;;1;;2;;
21/12/2014;04:03:00;33;com vítima;532;BR-153/GO;Sul;Queda de Moto;;;;1;;;;;;;0;;1;;
21/12/2014;21:47:00;321;com vítima;586;BR-262/MG;Oeste;Carreta deu L;;;1;;;;;;;;0;1;;;
21/12/2014;16:41:00;220;sem vítima;575;BR-153/GO;Sul;Saida de Pista;1;;;;;;;;;;3;;;;
21/12/2014;15:05:00;179;com vítima;668;BR-262/MG;Oeste;Colisão Traseira;1;;1;;;;;;;;1;2;;;
21/12/2014;19:10:00;278;com vítima;28;BR-060/DF;Norte;Capotamento;1;;;;;;;;;;0;1;;;
21/12/2014;20:49:00;308;sem vítima;679;BR-262/MG;Oeste;Colisão Traseira;1;;;;;1;;;;;2;;;;
21/12/2014;12:34:00;152;com vítima;602;BR-153/GO;Norte;Saida de Pista;1;;;;;;;;;;0;1;;;
21/12/2014;20:03:00;300;sem vítima;117;BR-060/GO;Sul;;1;;;;;;;;;;1;;;;
21/12/2014;22:26:00;325;com vítima;703;BR-262/MG;Oeste;Saida de Pista;1;;;;;;;;;;0;2;;;
21/12/2014;22:35:00;326;com vítima;28,4;BR-060/DF;Sul;Saida de Pista;1;;;;;;;;;;1;1;;;
21/12/2014;19:15:00;280;com vítima;650;BR-153/GO;Norte;Capotamento;1;;;;;;;;;;0;1;;;
21/12/2014;22:37:00;327;com vítima;895;BR-262/MG;Leste;Atropelamento - Animal;1;;;;;;;;;;0;2;;;
21/12/2014;03:05:00;28;com vítima;246,5;BR-153/MG;Sul;Saida de Pista;1;;;;;;;;;;0;1;;;
22/12/2014;20:11:00;299;com vítima;355;BR-262/MG;Leste;Atropelamento - Animal;4;;;;;;;;;;3;1;;;
22/12/2014;06:34:00;52;sem vítima;12,8;BR-060/GO;Norte;Colisão Traseira;1;;1;;;;;;;;2;;;;
22/12/2014;08:47:00;159;sem vítima;375;BR-262/MG;Oeste;Saida de Pista;;;1;;;;;;;;1;;;;
22/12/2014;16:39:00;241;com vítima;39;BR-060/GO;Sul;Capotamento;2;;;;;;;;;;1;;;;1
22/12/2014;09:29:00;100;sem vítima;3,5;BR-060/DF;Norte;Colisão Lateral;2;;;;;;;;;;2;;;;
22/12/2014;16:36:00;240;com vítima;44;BR-060/GO;Norte;Capotamento;;;;;;;;;;;0;1;;1;
22/12/2014;15:56:00;226;com vítima;73,7;BR-060/GO;Sul;Capotamento;1;;;;;;;;;;0;2;;;
22/12/2014;07:25:00;66;com vítima;77;BR-060/GO;Sul;Saida de Pista;1;;;;;;;;;;0;1;;;
22/12/2014;01:10:00;7;com vítima;507;BR-153/GO;Norte;Colisão Lateral;1;;1;;;;;;;;2;2;;;
22/12/2014;19:57:00;293;sem vítima;83;BR-060/GO;Sul;Engavetamento;3;;;;;;;;;;9;;;;
22/12/2014;20:08:00;297;com vítima;510;BR-153/GO;Sul;Queda de Ciclista;;;;1;;;;;;;0;2;;;
22/12/2014;10:29:00;125;com vítima;503;BR-262/MG;Leste;Saida de Pista;1;;;;;;;;;;0;;;1;
22/12/2014;07:30:00;69;com vítima;93;BR-060/GO;Norte;Colisão Lateral;1;;;1;;;;;;;1;1;;;
22/12/2014;10:41:00;128;sem vítima;123;BR-153/MG;Norte;Colisão Lateral;1;;;;;;;;;;1;;;;
22/12/2014;00:45:00;26;sem vítima;584;BR-262/MG;Leste;Saida de Pista;1;;;;;;;;;;1;;;;
22/12/2014;22:38:00;329;sem vítima;597;BR-153/GO;Sul;;1;;;;;;;;;;1;;;;
22/12/2014;07:17:00;127;sem vítima;735;BR-262/MG;Leste;Saida de Pista;;;1;;;;;;;;1;;;;
22/12/2014;16:20:00;234;com vítima;617;BR-153/GO;Norte;Saida de Pista;1;;;;;;;;;;1;2;;;
22/12/2014;22:20:00;328;com vítima;221;BR-153/MG;Sul;;;;1;;;;;;;;0;1;;;
22/12/2014;04:09:00;30;com vítima;120;BR-060/GO;Sul;Colisão Traseira;;;2;;;;;;;;1;1;;;
22/12/2014;12:55:00;179;com vítima;621;BR-153/GO;Sul;Colisão Traseira;1;;1;;;;;;;;1;1;;;
22/12/2014;06:44:00;55;com vítima;28,9;BR-060/DF;Norte;Saida de Pista;1;;;;;;;;;;0;1;;;
22/12/2014;08:59:00;84;sem vítima;637,6;BR-153/GO;Norte;Saida de Pista;1;;;;;;;;;;1;;;;
22/12/2014;15:12:00;212;com vítima;662;BR-153/GO;Sul;Capotamento;1;;;;;;;;;;1;1;;;
22/12/2014;14:30:00;203;com vítima;824;BR-262/MG;Leste;Saida de Pista;1;;;;;;;;;;0;1;;;
22/12/2014;19:16:00;284;com vítima;132;BR-060/GO;Sul;Queda de Ciclista;;1;;;;;;;;;0;;;1;
23/12/2014;14:41:00;208;sem vítima;378;BR-262/MG;Leste;;;;;1;;;;;;;1;;;;
23/12/2014;21:48:00;321;com vítima;3;BR-060/DF;Sul;Capotamento;1;;;;;;;;;;0;1;;;
23/12/2014;06:46:00;49;com vítima;405;BR-262/MG;Leste;Capotamento;1;;;;;;;;;;0;3;;;
23/12/2014;13:52:00;198;com vítima;425,5;BR-262/MG;Leste;Capotamento;;;;;;;;;;1;0;1;;;
23/12/2014;08:30:00;76;sem vítima;430;BR-262/MG;Leste;Saida de Pista;1;;;;;;;;;;1;;;;
23/12/2014;04:54:00;36;sem vítima;442;BR-262/MG;Oeste;Saida de Pista;1;;;;;;;;;;1;;;;
23/12/2014;15:39:00;225;com vítima;53;BR-153/MG;Sul;Saida de Pista;1;;;;;;;;;;0;2;;;
23/12/2014;21:36:00;316;com vítima;456;BR-262/MG;Oeste;Capotamento;2;;;;;;;;;;3;2;;;
23/12/2014;15:38:00;223;com vítima;463;BR-262/MG;Leste;Colisão Traseira;1;;;1;;;;;;;2;1;;;
23/12/2014;04:15:00;29;com vítima;480;BR-262/MG;Leste;Saida de Pista;;;1;;;;;;;;0;;;1;1
23/12/2014;12:25:00;160;com vítima;91;BR-060/GO;Norte;Queda de Ciclista;;1;;;;;;;;;0;1;;;
23/12/2014;19:19:00;286;sem vítima;515,6;BR-153/GO;Norte;Colisão Lateral;1;;;1;;;;;;;2;;;;
23/12/2014;11:48:00;146;sem vítima;574;BR-262/MG;Leste;Saida de Pista;1;;;;;;;;;;1;;;;
23/12/2014;12:25:00;178;sem vítima;577;BR-262/MG;Leste;Capotamento;1;;;;;;;;;;1;;;;
23/12/2014;15:53:00;228;sem vítima;98,5;BR-060/GO;Norte;Colisão Traseira;2;;;;;;;;;;2;;;;
23/12/2014;18:48:00;274;sem vítima;544;BR-153/GO;Sul;Saida de Pista;;;1;;;;;;;;1;;;;
23/12/2014;18:57:00;279;sem vítima;558;BR-153/GO;Sul;Saida de Pista;1;;;;;;;;;;1;;;;
23/12/2014;14:50:00;212;sem vítima;571;BR-153/GO;Sul;Saida de Pista;1;;;;;;;;;;1;;;;
23/12/2014;10:33:00;123;sem vítima;590;BR-262/MG;Oeste;Saida de Pista;;;;;;;;;;1;1;;;;
23/12/2014;07:17:00;55;com vítima;172;BR-153/MG;Sul;Saida de Pista;1;;;;;;;;;;0;2;;;
23/12/2014;18:19:00;266;sem vítima;593;BR-262/MG;Leste;Saida de Pista;1;;;;;;;;;;1;;;;
23/12/2014;02:01:00;12;com vítima;584;BR-153/GO;Norte;Tombamento;;;1;;;;;;;;0;1;;;
23/12/2014;17:38:00;256;sem vítima;678;BR-262/MG;Leste;Saida de Pista;1;;1;;;;;;;;2;;;;
23/12/2014;18:45:00;283;com vítima;731;BR-262/MG;Oeste;;1;;;;;;;;;;0;2;;;
23/12/2014;15:55:00;169;com vítima;750;BR-262/MG;Leste;Carreta deu L;;;1;;;;;;;;0;3;;;
23/12/2014;20:30:00;307;com vítima;824;BR-262/MG;Leste;Saida de Pista;1;;;;;;;;;;0;1;;;
23/12/2014;23:47:00;338;sem vítima;246;BR-153/MG;Sul;Colisão Traseira;1;;1;;;;;;;;2;;;;
24/12/2014;16:20:00;203;sem vítima;355,3;BR-262/MG;Leste;Saida de Pista;1;;;;;;;;;;1;;;;
24/12/2014;07:28:00;46;sem vítima;6;BR-153/MG;Sul;Choque - Outros;1;;;;;;;;;;1;;;;
24/12/2014;07:11:00;42;com vítima;368;BR-262/MG;Oeste;Capotamento;1;;;;;;;;;;1;3;;;
24/12/2014;16:32:00;205;sem vítima;496;BR-153/GO;Sul;Colisão Traseira;2;;;;;;;;;;2;;;;
24/12/2014;07:38:00;52;com vítima;31,8;BR-060/GO;Norte;Colisão Traseira;2;;;;;;;;;;3;1;;;
24/12/2014;01:55:00;26;sem vítima;395;BR-262/MG;Leste;Saida de Pista;1;;;;;;;;;;1;;;;
24/12/2014;21:55:00;319;sem vítima;409;BR-262/MG;Oeste;Capotamento;1;;;;;;;;;;1;;;;
24/12/2014;20:34:00;306;com vítima;412;BR-262/MG;Leste;Atropelamento - Andarilho;1;;;;;;;;;;1;;1;;
24/12/2014;02:44:00;21;com vítima;413;BR-262/MG;Oeste;Outros - seguências;;;1;;;;;;;;0;1;;;
24/12/2014;11:42:00;124;sem vítima;446;BR-262/MG;Leste;Saida de Pista;1;;;;;;;;;;1;;;;
24/12/2014;07:05:00;39;sem vítima;98;BR-153/MG;Sul;Saida de Pista;;;1;;;;;;;;1;;;;
24/12/2014;21:16:00;313;com vítima;538,6;BR-153/GO;Sul;Capotamento;1;;;;;;;;;;0;2;;;
24/12/2014;19:29:00;267;com vítima;99;BR-060/GO;Norte;Queda de Moto;;;;1;;;;;;;0;1;;;
24/12/2014;11:25:00;120;com vítima;582,05;BR-262/MG;Leste;Capotamento;1;;;;;;;;;;0;4;;;
24/12/2014;13:45:00;162;sem vítima;586,6;BR-262/MG;Leste;Tombamento;1;;;;;;;;;;4;;;;
24/12/2014;11:40:00;127;sem vítima;587,8;BR-262/MG;Leste;;1;;;;;;;;;;1;;;;
24/12/2014;16:06:00;198;com vítima;590;BR-262/MG;Leste;Choque - Arvore;1;;;;;;;;;;0;3;1;;
24/12/2014;16:51:00;212;com vítima;593;BR-262/MG;Leste;Saida de Pista;;;;;1;;;;;;0;;1;;1
24/12/2014;16:34:00;206;com vítima;607;BR-262/MG;Leste;Colisão Lateral;2;;;;;;;;;;0;;;1;1
24/12/2014;02:06:00;16;com vítima;188,5;BR-153/MG;Sul;Saida de Pista;;;1;;;;;;;;0;1;;;
24/12/2014;10:30:00;103;sem vítima;114;BR-060/GO;Sul;Colisão Traseira;2;;;;;;;;;;2;;;;
24/12/2014;07:20:00;44;com vítima;671,7;BR-262/MG;Leste;Tombamento;;;1;;;;;;;;0;;;;1
24/12/2014;21:40:00;334;com vítima;790;BR-262/MG;Oeste;Saida de Pista;1;;;;;;;;;;0;1;;;
25/12/2014;08:39:00;66;com vítima;14;BR-060/GO;Norte;Capotamento;1;;;;;;;;;;0;1;;;
25/12/2014;10:37:00;98;com vítima;380;BR-262/MG;Leste;Capotamento;1;;;;;;;;;;0;1;;;
25/12/2014;02:48:00;21;com vítima;506;BR-153/GO;Sul;Capotamento;3;;;;;;;;;;2;1;;;
25/12/2014;23:00:00;240;sem vítima;6;BR-060/DF;Norte;Colisão Traseira;2;;;;;;;;;;2;;;;
25/12/2014;16:36:00;158;sem vítima;80,5;BR-060/GO;Norte;Capotamento;1;;;;;;;;;;5;;;;
25/12/2014;15:47:00;147;com vítima;89;BR-060/GO;Sul;Colisão Traseira;2;;;;;;;;;;1;1;2;;
25/12/2014;08:02:00;57;com vítima;94;BR-060/GO;Sul;Saida de Pista;1;;;;;;;;;;0;1;;;
25/12/2014;12:26:00;109;com vítima;655,5;BR-153/GO;Norte;Saida de Pista;;;1;;;;;;;;0;;1;;
25/12/2014;06:15:00;38;sem vítima;844,9;BR-262/MG;Oeste;Atropelamento - Animal;1;;;;;;;;;;1;;;;
25/12/2014;13:40:00;120;com vítima;884;BR-262/MG;Leste;Capotamento;1;;;;;;;;;;0;1;;;
26/12/2014;15:25:00;183;com vítima;492;BR-153/GO;Sul;;1;;;1;;;;;;;1;1;;;
26/12/2014;19:05:00;234;sem vítima;14,5;BR-060/GO;Sul;Choque - Defensa, barreira ou "submarino";1;;;;;;;;;;1;;;;
26/12/2014;16:14:00;199;com vítima;508;BR-153/GO;Sul;Colisão Lateral;1;;1;;;;;;;;3;1;;;
26/12/2014;22:20:00;276;com vítima;516;BR-153/GO;Sul;Queda de Moto;;;1;1;;;;;;;1;1;;;
26/12/2014;17:42:00;217;com vítima;560;BR-262/MG;Leste;Capotamento;1;;;;;;;;;;0;1;2;;
26/12/2014;16:51:00;205;com vítima;522,4;BR-153/GO;Norte;Saida de Pista;;;;1;;;;;;;0;2;;;
26/12/2014;15:47:00;188;com vítima;99;BR-060/GO;Norte;Colisão Lateral;;;;2;;;;;;;2;1;;;
26/12/2014;18:45:00;228;sem vítima;101;BR-060/GO;Sul;Colisão Lateral;1;;1;;;;;;;;2;;;;
26/12/2014;12:58:00;148;sem vítima;606;BR-262/MG;Leste;Saida de Pista;1;;;;;;;;;;1;;;;
26/12/2014;16:45:00;206;com vítima;606,3;BR-153/GO;Sul;Colisão Traseira;2;;;;;;;;;;1;3;;;
26/12/2014;13:14:00;156;com vítima;694,3;BR-153/GO;Norte;Saida de Pista;1;;;;;;;;;;1;1;;;
26/12/2014;13:45:00;160;sem vítima;137;BR-060/GO;Sul;Colisão Traseira;2;;;;;;;;;;2;;;;
26/12/2014;14:39:00;169;sem vítima;876;BR-262/MG;Oeste;Colisão Lateral;2;;;;;;;;;;2;;;;
27/12/2014;01:09:00;20;com vítima;372;BR-262/MG;Oeste;Capotamento;1;;;;;;;;;;0;4;;;
27/12/2014;18:21:00;243;sem vítima;500,5;BR-153/GO;Norte;Colisão Lateral;1;;1;;;;;;;;2;;;;
27/12/2014;16:03:00;194;com vítima;447;BR-262/MG;Oeste;Capotamento;1;;;;;;;;;;1;1;;;
27/12/2014;17:27:00;220;sem vítima;447,5;BR-262/MG;Oeste;Colisão Traseira;2;;;;;;;;;;2;;;;
27/12/2014;18:03:00;237;sem vítima;90;BR-060/GO;Sul;Colisão Traseira;2;;;;;;;;;;2;;;;
27/12/2014;06:18:00;51;com vítima;97;BR-060/GO;Sul;Queda de Ciclista;;;;2;;;;;;;1;1;;;
27/12/2014;03:27:00;40;com vítima;553;BR-153/GO;Norte;Capotamento;1;;;;;;;;;;0;2;1;;1
27/12/2014;23:58:00;313;com vítima;101;BR-060/GO;Norte;Capotamento;2;;;;;;;;;;2;;1;;
27/12/2014;14:48:00;172;com vítima;107;BR-060/GO;Sul;Colisão Traseira;;;1;1;;;;;;;1;1;;;
27/12/2014;11:08:00;119;com vítima;109;BR-060/GO;Sul;Capotamento;1;;;;;;;;;;0;1;1;;
27/12/2014;08:15:00;68;com vítima;647;BR-262/MG;Oeste;Colisão Traseira;;;2;;;;;;;;1;1;;;
27/12/2014;16:20:00;205;sem vítima;120,5;BR-060/GO;Norte;;1;;;;;;;;;;1;;;;
28/12/2014;22:57:00;344;com vítima;0;BR-060/DF;Norte;Saida de Pista;1;;;;;;;;;;0;2;;;
28/12/2014;19:50:00;302;com vítima;19;BR-153/MG;Norte;Capotamento;1;;;;;;;;;;0;4;;;
28/12/2014;07:39:00;72;sem vítima;55;BR-153/MG;Norte;;;;1;;;;;;;;1;;;;
28/12/2014;19:41:00;294;com vítima;506,5;BR-153/GO;Sul;Colisão Traseira;;;;1;;;;;;;0;1;;;
28/12/2014;10:28:00;115;com vítima;112;BR-153/MG;Norte;Colisão Frontal;2;;;;;;;;;;0;2;2;;
28/12/2014;11:44:00;130;com vítima;99;BR-060/GO;Sul;Saida de Pista;1;;;;;;;;;;0;1;;;
28/12/2014;13:24:00;153;sem vítima;171,5;BR-153/MG;Norte;Saida de Pista;1;;;;;;;;;;1;;;;
29/12/2014;07:50:00;71;sem vítima;398;BR-262/MG;Leste;Colisão Traseira;2;;;;;;;;;;5;;;;
29/12/2014;06:47:00;52;sem vítima;441,3;BR-262/MG;Oeste;Saida de Pista;;;1;;;;;;;;1;;;;
29/12/2014;16:33:00;285;sem vítima;443,5;BR-262/MG;Oeste;Colisão Transversal;2;;;;;;;;;;2;;;;
29/12/2014;09:03:00;103;sem vítima;75,9;BR-060/GO;Norte;Saida de Pista;1;;;;;;;;;;3;;;;
29/12/2014;15:32:00;262;com vítima;696;BR-262/MG;Leste;Saida de Pista;1;;;;;;;;;;2;1;;;
29/12/2014;20:30:00;356;com vítima;245;BR-153/MG;Sul;Colisão Traseira;;;1;1;;;;;;;1;;1;;
30/12/2014;12:53:00;173;sem vítima;493;BR-153/GO;Norte;Colisão Lateral;1;;;1;;;;;;;2;;;;
30/12/2014;12:15:00;168;sem vítima;364;BR-262/MG;Leste;;;;;1;;;;;;;1;;;;
30/12/2014;12:12:00;164;com vítima;365;BR-262/MG;Oeste;Colisão Traseira;;;1;1;;;;;;;1;;2;;
30/12/2014;22:40:00;325;sem vítima;371,5;BR-262/MG;Leste;Colisão Lateral;2;;;;;;;;;;3;;;;
30/12/2014;18:36:00;277;sem vítima;26;BR-060/GO;Sul;Colisão Traseira;1;;;;;;;;;;1;;;;
30/12/2014;12:54:00;175;sem vítima;32;BR-060/GO;Sul;Colisão Lateral;1;;;1;;;;;;;2;;;;
30/12/2014;17:17:00;260;sem vítima;390;BR-262/MG;Oeste;;1;;;;;;;;;;1;;;;
30/12/2014;15:11:00;218;sem vítima;405;BR-262/MG;Leste;Tombamento;;;;;;;;;;1;1;;;;
30/12/2014;10:13:00;127;sem vítima;37,8;BR-153/MG;Sul;Saida de Pista;1;;;;;;;;;;1;;;;
30/12/2014;08:20:00;79;sem vítima;505;BR-153/GO;Norte;Colisão Traseira;2;;;;;;;;;;2;;;;
30/12/2014;08:09:00;71;com vítima;507;BR-153/GO;Sul;Queda de Moto;;;;1;;;;;;;0;1;;;
30/12/2014;15:30:00;230;com vítima;568,5;BR-262/MG;Leste;Carreta deu L;1;;1;;;;;;;;1;;;;1
30/12/2014;13:20:00;193;com vítima;578,1;BR-262/MG;Leste;Capotamento;;;;;;;;;;1;1;1;;;
30/12/2014;14:06:00;201;sem vítima;582;BR-262/MG;Oeste;Saida de Pista;1;;;;;;;;;;1;;;;
30/12/2014;17:03:00;256;com vítima;16;BR-060/DF;Norte;Saida de Pista;1;;;;;;;;;;0;1;;;
30/12/2014;14:13:00;204;sem vítima;589;BR-262/MG;Leste;Saida de Pista;1;;;;;;;;;;3;;;;
30/12/2014;16:47:00;246;com vítima;171;BR-153/MG;Norte;Saida de Pista;;;1;;;;;;;;0;1;;;
30/12/2014;18:09:00;274;com vítima;25;BR-060/DF;Norte;Capotamento;1;;;;;;;;;;0;2;;;
30/12/2014;21:42:00;314;sem vítima;863;BR-262/MG;Leste;Saida de Pista;1;;;;;;;;;;3;;;;
31/12/2014;20:47:00;298;com vítima;382;BR-262/MG;Oeste;Capotamento;1;;;;;;;;;;0;2;;;
31/12/2014;09:52:00;131;com vítima;412,2;BR-262/MG;Oeste;Capotamento;1;;;;;;;;;;0;1;;;
31/12/2014;15:42:00;222;com vítima;34;BR-153/MG;Norte;;;;;;;;;;;;1;1;;;
31/12/2014;16:57:00;242;sem vítima;503;BR-153/GO;Norte;;2;;;;;;;;;;2;;;;
31/12/2014;18:52:00;249;sem vítima;431,5;BR-262/MG;Oeste;Saida de Pista;1;;;;;;;;;;1;;;;
31/12/2014;20:10:00;277;com vítima;72;BR-153/MG;Norte;Saida de Pista;1;;;;;;;;;;1;;1;;
31/12/2014;16:04:00;228;sem vítima;93;BR-060/GO;Norte;;1;;;;;;;;;;1;;;;
31/12/2014;21:24:00;290;com vítima;112;BR-153/MG;Sul;Queda de Moto;;;;1;;;;;;;0;1;;;
31/12/2014;08:25:00;91;com vítima;549,8;BR-153/GO;Norte;Colisão Traseira;2;;;;;;;;;;2;1;;;
31/12/2014;15:17:00;215;sem vítima;30;BR-060/DF;Norte;Colisão Lateral;3;;;;;;;;;;3;;;;
31/12/2014;16:12:00;231;com vítima;684;BR-153/GO;Sul;Capotamento;1;;;;;;;;;;0;2;;;
01/01/2015;01:18:00;5;com vítima;517;BR-153/GO;Norte;Saida de Pista;1;;;;;;;;;;0;2;;;
01/01/2015;02:08:00;16;sem vítima;37,9;BR-060/GO;Norte;Choque - Suporte de Sinalização;1;;;;;;;;;;1;;;;
01/01/2015;05:32:00;37;com vítima;235,5;BR-153/MG;Norte;Saida de Pista;1;;;;;;;;;;0;2;;;
01/01/2015;05:39:00;38;sem vítima;237;BR-153/MG;Sul;;1;;;;;;;;;;1;;;;
01/01/2015;08:27:00;66;sem vítima;27,5;BR-060/GO;Norte;Saida de Pista;1;;;;;;;;;;1;;;;
01/01/2015;11:06:00;100;sem vítima;116;BR-060/GO;Sul;Outros - sequências;1;;;;;;;;;;1;;;;
01/01/2015;10:09:00;105;sem vítima;689,8;BR-262/MG;Leste;Atropelamento de Animal;1;;;;;;;;;;1;;;;
01/01/2015;11:55:00;113;sem vítima;476;BR-262/MG;Leste;Saida de Pista;1;;;;;;;;;;1;;;;
01/01/2015;12:59:00;125;sem vítima;93,5;BR-060/GO;Sul;Capotamento;1;;;;;;;;;;1;;;;
01/01/2015;13:00:00;127;sem vítima;95,6;BR-060/GO;Norte;Saida de Pista;1;;;;;;;;;;1;;;;
01/01/2015;13:27:00;133;sem vítima;87,1;BR-060/GO;Sul;Capotamento;1;;;;;;;;;;1;;;;
01/01/2015;15:09:00;146;com vítima;506;BR-153/GO;Sul;Colisão Lateral;1;;;1;;;;;;;1;;;1;
01/01/2015;16:20:00;167;com vítima;49;BR-060/GO;Sul;Colisão Traseira;1;;1;;;;;;;;1;3;2;;
01/01/2015;16:39:00;173;sem vítima;675;BR-262/MG;Leste;Saida de Pista;1;;;;;;;;;;1;;;;
01/01/2015;17:45:00;186;com vítima;223,8;BR-153/MG;Sul;Saida de Pista;1;;;;;;;;;;0;1;;;
01/01/2015;19:10:00;215;com vítima;77;BR-060/GO;Sul;Capotamento;1;;;;;;;;;;0;;3;;1
01/01/2015;22:37:00;242;com vítima;73;BR-060/GO;Norte;Saida de Pista;;;;;;;;;;1;0;2;;;
01/01/2015;22:46:00;243;com vítima;558;BR-262/MG;Leste;Saida de Pista;1;;;;;;;;;;0;1;;;
02/01/2015;13:04:00;124;com vítima;575;BR-262/MG;Leste;Colisão Lateral;1;;1;;;;;;;;1;2;;;
02/01/2015;13:10:00;126;sem vítima;574;BR-262/MG;Leste;Saida de Pista;1;;;;;;;;;;1;;;;
02/01/2015;13:15:00;127;com vítima;578;BR-262/MG;Leste;Capotamento;2;;;;;;;;;;2;2;;;
02/01/2015;13:47:00;137;sem vítima;586;BR-262/MG;Leste;Saida de Pista;1;;;;;;;;;;1;;;;
02/01/2015;14:34:00;147;com vítima;507;BR-153/GO;Norte;Colisão Traseira;1;;;1;;;;;;;1;;1;;
02/01/2015;15:39:00;169;sem vítima;495;BR-153/GO;Sul;Colisão Traseira;2;;;;;;;;;;2;;;;
02/01/2015;16:00:00;175;sem vítima;44,1;BR-060/GO;Sul;Capotamento;;;;;;;;;;1;1;;;;
02/01/2015;16:18:00;184;com vítima;546;BR-153/GO;Sul;Capotamento;1;;;;;;;;;;0;1;;;
02/01/2015;16:51:00;192;com vítima;674;BR-262/MG;Leste;Capotamento;1;;;;;;;;;;0;1;;;
02/01/2015;18:04:00;214;sem vítima;461;BR-262/MG;Leste;Colisão Traseira;2;;;;;;;;;;2;;;;
02/01/2015;19:12:00;229;com vítima;78;BR-060/GO;Sul;Queda de Moto;;;;1;;;;;;;0;;2;;
02/01/2015;23:34:00;285;sem vítima;80;BR-060/GO;Sul;;1;;;;;;;;;;1;;;;
02/01/2015;23:43:00;287;com vítima;41,4;BR-060/GO;Sul;;1;;;;;;;;;;0;1;;;
03/01/2015;04:00:00;29;com vítima;105;BR-060/GO;Sul;Colisão Traseira;2;;;;;;;;;;4;;2;;
03/01/2015;05:43:00;43;sem vítima;587,2;BR-262/MG;Leste;Saida de Pista;1;;;;;;;;;;1;;;;
03/01/2015;06:48:00;45;com vítima;435;BR-262/MG;Leste;Capotamento;1;;;;;;;;;;1;1;;;
03/01/2015;08:32:00;78;sem vítima;569;BR-262/MG;Leste;Saida de Pista;;;1;;;;;;;;1;;;;
03/01/2015;08:35:00;81;com vítima;575,5;BR-262/MG;Oeste;Capotamento;1;;;;;;;;;;0;4;;;
03/01/2015;11:46:00;143;com vítima;558;BR-153/GO;Sul;Choque - Outros;;;;1;;;;;;;0;1;;;
03/01/2015;12:52:00;162;sem vítima;466;BR-262/MG;Leste;Colisão Traseira;1;;1;;;;;;;;4;;;;
03/01/2015;14:15:00;189;sem vítima;380;BR-262/MG;Leste;Saida de Pista;1;;;;;;;;;;1;;;;
03/01/2015;15:00:00;193;com vítima;483;BR-262/MG;Oeste;Capotamento;1;;;;;;;;;;0;;;1;1
03/01/2015;16:37:00;216;sem vítima;99;BR-060/GO;Sul;Colisão Traseira;2;;;;;;;;;;4;;;;
03/01/2015;17:20:00;224;sem vítima;46,4;BR-060/GO;Sul;Saida de Pista;;;1;;;;;;;;1;;;;
03/01/2015;19:26:00;262;com vítima;486;BR-262/MG;Oeste;Saida de Pista;1;;;;;;;;;;1;1;;;
03/01/2015;20:54:00;279;com vítima;171;BR-153/MG;Sul;Saida de Pista;1;;;;;;;;;;0;2;;;
03/01/2015;23:30:00;313;sem vítima;583,3;BR-262/MG;Leste;Saida de Pista;1;;;;;;;;;;2;;;;
03/01/2015;23:53:00;316;com vítima;514;BR-153/GO;Norte;Colisão Traseira;2;;;;;;;;;;1;1;;;
04/01/2015;00:33:00;9;com vítima;71;BR-060/GO;Sul;Capotamento;1;;;;;;;;;;0;1;1;;
04/01/2015;02:30:00;11;com vítima;702;BR-153/GO;Sul;Capotamento;1;;;;;;;;;;0;5;;;
04/01/2015;03:15:00;15;com vítima;71;BR-060/GO;Sul;;1;;;;;;;;;;0;;1;;
04/01/2015;02:20:00;18;sem vítima;559;BR-262/MG;Leste;Saida de Pista;1;;;;;;;;;;1;;;;
04/01/2015;06:17:00;37;sem vítima;443;BR-262/MG;Leste;Saida de Pista;1;;;;;;;;;;1;;;;
04/01/2015;06:00:00;39;sem vítima;476,3;BR-262/MG;Leste;Saida de Pista;;;1;;;;;;;;1;;;;
04/01/2015;07:01:00;44;com vítima;585;BR-262/MG;Leste;Capotamento;;;;;;;;;;1;0;5;;;
04/01/2015;07:27:00;47;sem vítima;658;BR-262/MG;Leste;Saida de Pista;1;;;;;;;;;;1;;;;
04/01/2015;07:30:00;48;sem vítima;584,8;BR-153/GO;Sul;Saida de Pista;1;;;;;;;;;;1;;;;
04/01/2015;08:04:00;50;com vítima;590;BR-262/MG;Leste;Saida de Pista;1;;;;;;;;;;0;;1;;
04/01/2015;07:50:00;54;com vítima;642,5;BR-153/GO;Norte;Saida de Pista;1;;;;;;;;;;0;1;;;
04/01/2015;07:10:00;61;sem vítima;582;BR-262/MG;Leste;Saida de Pista;1;;;;;;;;;;2;;;;