data;horario;n_da_ocorrencia;tipo_de_ocorrencia;km;trecho;sentido;tipo_de_acidente;automovel;bicicleta;caminhao;moto;onibus;outros;tracao_animal;transporte_de_cargas_especiais;trator_maquinas;utilitarios;ilesos;levemente_feridos;moderadamente_feridos;gravemente_feridos;mortos
15/02/2015;16:51:00;282;com vítima;809;BR-262/MG;Leste;Choque - Outros;1;;;;;;;;;;1;3;;;
16/02/2015;10:33:00;153;com vítima;1;BR-060/GO;Sul;Colisão Lateral;1;;1;;;;;;;;1;1;;;
16/02/2015;20:40:00;388;sem vítima;368;BR-262/MG;Leste;;;;;1;;;;;;;1;;;;
16/02/2015;04:20:00;42;com vítima;380;BR-262/MG;Oeste;Queda de Moto;;;;1;;;;;;;0;1;;;1
16/02/2015;15:10:00;254;com vítima;398;BR-262/MG;Leste;Saida de Pista;1;;;;;;;;;;0;2;;;
16/02/2015;00:34:00;4;com vítima;398,5;BR-262/MG;Oeste;Colisão Frontal;1;;;1;;;;;;;1;;1;;
16/02/2015;22:51:00;415;com vítima;417;BR-262/MG;Leste;Saida de Pista;1;;;;;;;;;;0;1;;;
16/02/2015;17:21:00;310;com vítima;40;BR-153/MG;Sul;Saida de Pista;;;1;;;;;;;;0;2;;;
16/02/2015;04:38:00;36;sem vítima;435;BR-262/MG;Oeste;Saida de Pista;1;;;;;;;;;;1;;;;
16/02/2015;01:59:00;20;sem vítima;457,1;BR-262/MG;Leste;Saida de Pista;1;;;;;;;;;;1;;;;
16/02/2015;01:15:00;14;com vítima;78;BR-153/MG;Sul;Capotamento;1;;;;;;;;;;0;2;1;;
16/02/2015;16:00:00;278;sem vítima;88,4;BR-153/MG;Norte;Saida de Pista;1;;;;;1;;;;;2;;;;
16/02/2015;17:15:00;307;sem vítima;515;BR-153/GO;Norte;Colisão Traseira;1;;;;;;;;;;1;;;;
16/02/2015;17:27:00;312;sem vítima;517;BR-153/GO;Sul;Saida de Pista;1;;;;;;;;;;1;;;;
16/02/2015;17:18:00;309;com vítima;576;BR-262/MG;Leste;Saida de Pista;1;;;;;;;;;;0;1;;;
16/02/2015;17:04:00;316;com vítima;578;BR-262/MG;Oeste;Tombamento;;;1;;;1;;;;;1;1;;;
16/02/2015;16:15:00;281;com vítima;128;BR-153/MG;Norte;Colisão Lateral;;;;;;1;;;;1;1;1;;;
16/02/2015;13:21:00;224;com vítima;583;BR-262/MG;Leste;Outros - sequências;1;;;;;;;;;;0;5;;;
16/02/2015;15:14:00;255;com vítima;135;BR-153/MG;Sul;Colisão Lateral;1;;1;;;;;;;;1;2;;;
16/02/2015;17:13:00;306;sem vítima;583;BR-262/MG;Leste;Saida de Pista;1;;;;;;;;;;4;;;;
16/02/2015;13:21:00;214;com vítima;583,3;BR-262/MG;Oeste;Saida de Pista;1;;;;;;;;;;0;3;;;
16/02/2015;16:18:00;341;com vítima;585;BR-262/MG;Leste;Saida de Pista;1;;;;;;;;;;2;3;;;
16/02/2015;13:18:00;213;com vítima;172;BR-153/MG;Sul;Saida de Pista;1;;;;;;;;;;0;2;;;
16/02/2015;17:52:00;319;com vítima;786,4;BR-262/MG;Oeste;Choque - Arvore;1;;;;;;;;;;0;2;;;
16/02/2015;00:15:00;18;sem vítima;826;BR-262/MG;Leste;Colisão Lateral;2;;;;;;;;;;2;;;;
16/02/2015;10:27:00;149;com vítima;847,3;BR-262/MG;Oeste;Atropelamento - Animal;;;;1;;;;;;;0;1;;;
16/02/2015;06:51:00;54;sem vítima;878;BR-262/MG;Leste;Saida de Pista;1;;;;;;;;;;1;;;;
17/02/2015;14:32:00;240;sem vítima;496;BR-153/GO;Sul;Colisão Lateral;1;;1;;;;;;;;2;;;;
17/02/2015;12:55:00;204;sem vítima;380;BR-262/MG;Oeste;Queda de Ciclista;;;;1;;;;;;;1;;;;
17/02/2015;10:39:00;156;com vítima;35;BR-060/GO;Sul;Queda de Moto;;;;1;;;;;;;0;1;;;
17/02/2015;11:17:00;169;com vítima;393;BR-262/MG;Oeste;Colisão Lateral;2;;;;;;;;;;2;1;;;
17/02/2015;16:45:00;337;sem vítima;400;BR-262/MG;Leste;Saida de Pista;1;;;;;;;;;;4;;;;
17/02/2015;05:29:00;49;com vítima;501;BR-153/GO;Norte;Colisão Traseira;2;;;;;;;;;;0;2;;;
17/02/2015;20:08:00;443;sem vítima;501;BR-153/GO;Norte;Choque - Outros;1;;;;;1;;;;;2;;;;
17/02/2015;17:36:00;365;sem vítima;436;BR-262/MG;Oeste;Saida de Pista;1;;;;;;;;;;1;;;;
17/02/2015;15:07:00;264;com vítima;507;BR-153/GO;Norte;Queda de Moto;;;;1;;;;;;;0;1;;;
17/02/2015;20:32:00;439;sem vítima;66,5;BR-153/MG;Norte;Saida de Pista;;;1;;;;;;;;1;;;;
17/02/2015;23:42:00;508;sem vítima;548;BR-262/MG;Oeste;Saida de Pista;1;;;;;;;;;;1;;;;
17/02/2015;18:48:00;400;sem vítima;550;BR-262/MG;Oeste;Colisão Traseira;;;1;;1;;;;;;2;;;;
17/02/2015;16:24:00;322;com vítima;127;BR-153/MG;Norte;Colisão Traseira;;;2;;;;;;;;1;3;;;
17/02/2015;19:35:00;426;com vítima;540;BR-153/GO;Sul;Saida de Pista;1;;;;;;;;;;0;;1;;
17/02/2015;13:46:00;219;sem vítima;583;BR-262/MG;Leste;Saida de Pista;1;;;;;;;;;;1;;;;
17/02/2015;23:11:00;494;sem vítima;586;BR-262/MG;Leste;Saida de Pista;1;;;;;;;;;;1;;;;
17/02/2015;06:13:00;52;com vítima;587;BR-262/MG;Oeste;Saida de Pista;1;;;;;;;;;;0;2;;;
17/02/2015;23:14:00;498;sem vítima;589;BR-262/MG;Leste;Saida de Pista;1;;;;;;;;;;1;;;;
17/02/2015;17:58:00;374;com vítima;567;BR-153/GO;Norte;Colisão Traseira;2;;;;;1;;;;;3;1;;;
17/02/2015;17:47:00;369;com vítima;197,5;BR-153/MG;Norte;;;;;1;;;;;;;0;2;;;
17/02/2015;17:20:00;356;com vítima;622;BR-153/GO;Norte;Colisão Lateral;1;;;;;1;;;;;1;1;;;
17/02/2015;18:55:00;403;sem vítima;844;BR-262/MG;Leste;Colisão Traseira;2;;;;;;;;;;2;;;;
17/02/2015;13:24:00;213;sem vítima;876,5;BR-262/MG;Leste;;1;;;;;;;;;;1;;;;
18/02/2015;11:58:00;194;sem vítima;353;BR-262/MG;Leste;Colisão Lateral;1;;1;;;;;;;;2;;;;
18/02/2015;19:07:00;323;sem vítima;358,8;BR-262/MG;Leste;Saida de Pista;1;;;;;;;;;;2;;;;
18/02/2015;14:11:00;227;com vítima;20,5;BR-060/GO;Norte;Capotamento;1;;;;;;;;;;0;;1;2;
18/02/2015;14:20:00;253;sem vítima;387;BR-262/MG;Oeste;Saida de Pista;1;;;;;;;;;;1;;;;
18/02/2015;14:12:00;228;sem vítima;387,5;BR-262/MG;Leste;Saida de Pista;1;;;;;;;;;;1;;;;
18/02/2015;15:56:00;278;com vítima;390;BR-262/MG;Leste;Saida de Pista;;;;;1;;;;;;5;;1;;
18/02/2015;14:22:00;230;com vítima;401;BR-262/MG;Leste;Saida de Pista;1;;;;;;;;;;0;1;;;
18/02/2015;07:31:00;77;sem vítima;501;BR-153/GO;Norte;Colisão Traseira;1;;1;;;;;;;;2;;;;
18/02/2015;04:00:00;36;sem vítima;417;BR-262/MG;Leste;Saida de Pista;1;;;;;;;;;;1;;;;
18/02/2015;09:01:00;111;com vítima;45;BR-153/MG;Sul;Saida de Pista;1;;;;;;;;;;0;4;;;
18/02/2015;18:08:00;342;sem vítima;79;BR-060/GO;Sul;Colisão Traseira;1;;;;;1;;;;;2;;;;
18/02/2015;00:20:00;6;com vítima;492;BR-262/MG;Oeste;Colisão Traseira;1;;1;;;;;;;;1;;1;1;1
18/02/2015;05:20:00;54;sem vítima;549;BR-262/MG;Leste;Saida de Pista;1;;;;;;;;;;1;;;;
18/02/2015;08:51:00;108;com vítima;549;BR-262/MG;Leste;Saida de Pista;1;;;;;;;;;;0;3;;;
18/02/2015;21:46:00;412;sem vítima;553,5;BR-262/MG;Leste;Saida de Pista;1;;;;;;;;;;1;;;;
18/02/2015;22:00:00;417;com vítima;554;BR-262/MG;Leste;Capotamento;1;;;;;;;;;;0;;1;;
18/02/2015;08:15:00;92;com vítima;96;BR-060/GO;Sul;Colisão Lateral;1;;;1;;;;;;;1;1;;;
18/02/2015;13:45:00;220;com vítima;575;BR-262/MG;Leste;Colisão Frontal;;;2;;;;;;;;0;;;2;
18/02/2015;11:05:00;170;com vítima;575,4;BR-262/MG;Oeste;Saida de Pista;1;;;;;;;;;;0;1;;;
18/02/2015;08:30:00;98;com vítima;582;BR-262/MG;Leste;Saida de Pista;1;;;;;;;;;;0;1;;;
18/02/2015;17:02:00;310;sem vítima;585;BR-262/MG;Oeste;Capotamento;1;;;;;;;;;;1;;;;
18/02/2015;11:25:00;182;sem vítima;100;BR-060/GO;Sul;Colisão Traseira;1;;;;;;;;;1;2;;;;
18/02/2015;12:00:00;204;sem vítima;585,4;BR-262/MG;Leste;Capotamento;1;;;;;;;;;;1;;;;
18/02/2015;08:40:00;105;sem vítima;585,7;BR-262/MG;Leste;Saida de Pista;1;;;;;;;;;;3;;;;
18/02/2015;09:40:00;126;com vítima;585,7;BR-262/MG;Leste;Colisão Lateral;2;;;;;;;;;;7;1;;;
18/02/2015;10:25:00;144;com vítima;592;BR-262/MG;Leste;Colisão Transversal;2;;;;;;;;;;2;1;2;1;
18/02/2015;17:40:00;364;sem vítima;593;BR-262/MG;Leste;Capotamento;1;;;;;;;;;;1;;;;
18/02/2015;08:02:00;87;sem vítima;109,9;BR-060/GO;Norte;Saida de Pista;;;1;;;;;;;;1;;;;
18/02/2015;12:28:00;201;sem vítima;109,9;BR-060/GO;Norte;Objeto lançado contra veículo;1;;2;;;;;;;;3;;;;
18/02/2015;12:09:00;196;com vítima;625,1;BR-153/GO;Norte;Capotamento;1;;;;;;;;;;0;3;;;
18/02/2015;20:25:00;388;com vítima;129;BR-060/GO;Sul;Colisão Traseira;;;2;;;;;;;;1;;1;;
18/02/2015;02:12:00;31;com vítima;814;BR-262/MG;Oeste;Saida de Pista;1;;;;;;;;;;5;;1;;
18/02/2015;04:41:00;42;com vítima;838;BR-262/MG;Oeste;Choque - Objeto sobre a pista;1;;;;;;;;;;0;;;1;
19/02/2015;13:56:00;254;com vítima;17;BR-060/GO;Sul;Saida de Pista;1;;;;;1;;;;;1;1;;;
19/02/2015;13:30:00;247;sem vítima;501;BR-153/GO;Norte;Colisão Traseira;1;;1;;;;;;;;2;;;;
19/02/2015;21:26:00;421;com vítima;413,2;BR-262/MG;Oeste;Atropelamento - Animal;1;;;;;;;;;;0;1;;;
19/02/2015;07:20:00;62;sem vítima;508;BR-153/GO;Norte;Colisão Lateral;2;;;;;;;;;;2;;;;
19/02/2015;06:51:00;52;com vítima;101;BR-060/GO;Norte;Colisão Lateral;;;;2;;;;;;;0;2;;;
19/02/2015;08:57:00;125;sem vítima;108,7;BR-060/GO;Sul;Capotamento;1;;;;;;;;;;1;;;;
19/02/2015;16:10:00;313;com vítima;629;BR-153/GO;Norte;Saida de Pista;1;;;;;;;;;;0;1;;;
19/02/2015;16:08:00;311;com vítima;240,5;BR-153/MG;Norte;Colisão Frontal;1;;1;;;;;;;;0;2;;;1
19/02/2015;11:44:00;205;sem vítima;137;BR-060/GO;Sul;Choque - Defensa, barreira ou "submarino";1;;;;;;;;;;4;;;;
20/02/2015;15:23:00;295;com vítima;0,9;BR-153/MG;Norte;Colisão Traseira;1;;2;;;;;;;;2;1;;;
20/02/2015;12:12:00;236;sem vítima;362;BR-262/MG;Oeste;Objeto lançado contra veículo;;;1;;1;;;;;;2;;;;
20/02/2015;17:42:00;352;sem vítima;376;BR-262/MG;Leste;Colisão Lateral;2;;;;;;;;;;2;;;;
20/02/2015;14:23:00;276;sem vítima;34,5;BR-060/GO;Sul;Saida de Pista;1;;;;;;;;;;1;;;;
20/02/2015;15:21:00;293;sem vítima;47;BR-060/GO;Norte;Saida de Pista;1;;;;;;;;;;1;;;;
20/02/2015;07:58:00;92;sem vítima;505;BR-153/GO;Sul;Colisão Traseira;2;;;;;;;;;;2;;;;
20/02/2015;07:12:00;65;sem vítima;95;BR-060/GO;Norte;Colisão Traseira;2;;;;;;;;;;2;;;;
20/02/2015;23:15:00;444;com vítima;580;BR-262/MG;Leste;Saida de Pista;1;;;;;;;;;;0;1;;;
20/02/2015;15:57:00;310;sem vítima;109;BR-060/GO;Sul;Colisão Traseira;1;;1;;;;;;;;2;;;;
20/02/2015;15:45:00;317;sem vítima;109,1;BR-060/GO;Sul;Saida de Pista;1;;;;;;;;;;1;;;;
20/02/2015;16:35:00;326;sem vítima;109,2;BR-060/GO;Sul;Saida de Pista;1;;;;;;;;;;1;;;;
20/02/2015;16:29:00;319;com vítima;844;BR-262/MG;Leste;Saida de Pista;;;1;;;;;;;;0;1;2;;
21/02/2015;19:23:00;364;com vítima;498;BR-153/GO;Norte;Tombamento;1;;;;;;;;;;0;2;;;
21/02/2015;11:24:00;167;sem vítima;503;BR-153/GO;Sul;Colisão Lateral;2;;;;;;;;;;2;;;;
21/02/2015;17:37:00;321;com vítima;522,3;BR-153/GO;Norte;Colisão Traseira;1;;1;;;;;;;;2;;2;;
21/02/2015;14:24:00;229;sem vítima;101;BR-060/GO;Norte;Colisão Traseira;2;;;;;;;;;;2;;;;
22/02/2015;10:10:00;139;com vítima;11;BR-060/GO;Sul;Colisão Lateral;1;;;1;;;;;;;1;;1;;
22/02/2015;06:39:00;71;sem vítima;9;BR-153/MG;Sul;Saida de Pista;1;;;;;1;;;;;3;;;;
22/02/2015;23:55:00;392;sem vítima;417,9;BR-262/MG;Oeste;Atropelamento - Animal;1;;;;;;;;;;1;;;;
22/02/2015;14:45:00;229;com vítima;437;BR-262/MG;Oeste;Colisão Traseira;2;;;;;;;;;;0;1;3;;
22/02/2015;06:43:00;72;com vítima;46,5;BR-153/MG;Sul;Outros - sequências;;;1;;;;;;;;0;;1;;1
22/02/2015;00:55:00;17;com vítima;444;BR-262/MG;Leste;Capotamento;1;;;;;;;;;;0;;;;1
22/02/2015;00:00:00;2;sem vítima;445;BR-262/MG;Leste;Colisão Traseira;3;;;;;;;;;;3;;;;
22/02/2015;00:41:00;14;sem vítima;503;BR-262/MG;Oeste;Atropelamento - Animal;1;;;;;;;;;;1;;;;
22/02/2015;17:01:00;278;com vítima;534;BR-153/GO;Norte;Queda de Moto;;;;1;;1;;;;;1;1;;;
22/02/2015;10:07:00;137;com vítima;546;BR-153/GO;Sul;Colisão Traseira;;1;1;;;;;;;;1;;1;;
22/02/2015;06:19:00;65;com vítima;102;BR-060/GO;Norte;Saida de Pista;1;;;;;;;;;;0;;1;;
22/02/2015;01:08:00;20;com vítima;21,5;BR-060/DF;Norte;Choque - Arvore;1;;;;;;;;;;0;1;;;
22/02/2015;09:14:00;115;com vítima;24;BR-060/DF;Sul;Colisão Traseira;1;;;1;;;;;;;1;1;;;
22/02/2015;01:15:00;22;com vítima;172;BR-153/MG;Norte;Saida de Pista;1;;;;;;;;;;0;1;;;
22/02/2015;06:38:00;70;sem vítima;650;BR-262/MG;Oeste;Saida de Pista;1;;;;;;;;;;2;;;;
22/02/2015;02:56:00;28;sem vítima;704;BR-262/MG;Leste;Saida de Pista;1;;;;;;;;;;1;;;;
23/02/2015;17:33:00;421;sem vítima;355,5;BR-262/MG;Leste;Saida de Pista;1;;;;;;;;;;1;;;;
23/02/2015;17:35:00;403;com vítima;31;BR-060/GO;Norte;Colisão Traseira;;;1;1;;;;;;;1;1;;;
23/02/2015;08:55:00;180;sem vítima;500;BR-153/GO;Norte;Saida de Pista;1;;;;;;;;;;1;;;;
23/02/2015;14:55:00;327;com vítima;407,5;BR-262/MG;Oeste;Capotamento;1;;;;;;;;;;0;1;;;
23/02/2015;06:55:00;109;sem vítima;501;BR-153/GO;Norte;Saida de Pista;1;;;;;1;;;;;2;;;;
23/02/2015;20:24:00;462;sem vítima;501;BR-153/GO;Sul;Colisão Traseira;1;;;;;;;;;;1;;;;
23/02/2015;08:18:00;159;sem vítima;502,5;BR-153/GO;Norte;Colisão Traseira;2;;;;;;;;;;2;;;;
23/02/2015;06:50:00;107;sem vítima;55;BR-060/GO;Sul;Colisão Traseira;;;2;;;;;;;;2;;;;
23/02/2015;10:30:00;233;com vítima;443;BR-262/MG;Leste;Colisão Lateral;1;;1;;;;;;;;2;1;;;
23/02/2015;10:27:00;228;com vítima;93,5;BR-060/GO;Norte;Capotamento;1;;;;;;;;;;0;;1;;
23/02/2015;11:54:00;263;com vítima;106;BR-153/MG;Sul;Colisão Lateral;1;;1;;;;;;;;0;2;;;
23/02/2015;10:55:00;243;sem vítima;156;BR-153/MG;Sul;Tombamento;;;1;;;;;;;;1;;;;
23/02/2015;16:03:00;367;sem vítima;691;BR-262/MG;Leste;Colisão Traseira;;;2;;;;;;;;2;;;;
23/02/2015;11:00:00;246;sem vítima;878;BR-262/MG;Leste;Colisão Lateral;1;;1;;;;;;;;3;;;;
24/02/2015;14:31:00;240;com vítima;490;BR-153/GO;Norte;Queda de Ciclista;;;;1;;;;;;;0;1;;;
24/02/2015;18:46:00;334;sem vítima;505;BR-153/GO;Sul;Colisão Lateral;1;;1;;;;;;;;2;;;;
24/02/2015;07:20:00;95;com vítima;57;BR-153/MG;Sul;Colisão Traseira;;;2;;;;;;;;0;2;;;
24/02/2015;11:41:00;198;com vítima;510;BR-153/GO;Sul;Queda de Ciclista;;;;1;;;;;;;0;1;1;;
24/02/2015;18:24:00;327;com vítima;95;BR-060/GO;Norte;Colisão Traseira;2;;;;;;;;;;2;2;;;
24/02/2015;09:15:00;154;com vítima;705;BR-262/MG;Oeste;Capotamento;1;;;;;;;;;;0;1;;;
24/02/2015;15:17:00;253;sem vítima;843,9;BR-262/MG;Leste;Saida de Pista;;;1;;;1;;;;;2;;;;
25/02/2015;21:41:00;376;com vítima;6;BR-153/MG;Norte;Engavetamento;;;3;;;;;;;;2;2;;;
25/02/2015;22:15:00;387;sem vítima;6;BR-153/MG;Sul;Colisão Lateral;;;1;;;1;;;;;2;;;;
25/02/2015;18:58:00;332;com vítima;507;BR-153/GO;Sul;Colisão Traseira;1;;;1;;;;;;;1;1;;;
25/02/2015;10:20:00;152;sem vítima;465;BR-262/MG;Leste;Saida de Pista;1;;;;;;;;;;1;;;;
25/02/2015;18:34:00;328;sem vítima;479;BR-262/MG;Leste;Outros - sequências;;;1;;;;;;;;1;;;;
25/02/2015;14:56:00;245;com vítima;480;BR-262/MG;Leste;Colisão Frontal;1;;3;;;;;;;;2;1;1;;
25/02/2015;17:50:00;313;com vítima;509;BR-153/GO;Sul;Colisão Traseira;1;;;1;;;;;;;2;;1;;
25/02/2015;22:10:00;384;com vítima;92;BR-060/GO;Norte;Colisão Traseira;3;;;;;;;;;;2;;1;;
25/02/2015;09:47:00;134;com vítima;513;BR-153/GO;Sul;Colisão Lateral;;;1;2;;;;;;;2;;1;;
25/02/2015;12:07:00;190;sem vítima;531,3;BR-153/GO;Norte;Colisão Traseira;;;1;;;;;;;1;2;;;;
25/02/2015;21:01:00;367;com vítima;97;BR-060/GO;Sul;Colisão Traseira;1;;1;;;;;;;;1;;1;;
25/02/2015;16:40:00;286;com vítima;585,5;BR-262/MG;Oeste;Saida de Pista;;;1;;;;;;;;0;1;;;
25/02/2015;18:27:00;323;com vítima;103;BR-060/GO;Norte;Capotamento;1;;;;;1;;;;;1;4;;;
25/02/2015;12:02:00;187;sem vítima;590;BR-262/MG;Leste;Capotamento;;;1;;;;;;;;2;;;;
25/02/2015;16:54:00;289;com vítima;111;BR-060/GO;Sul;Saida de Pista;1;;;;;;;;;;1;1;;;
25/02/2015;15:58:00;270;sem vítima;27,9;BR-060/DF;Sul;Capotamento;1;;;;;;;;;;1;;;;
25/02/2015;06:58:00;77;sem vítima;135,9;BR-060/GO;Sul;Saida de Pista;1;;;;;;;;;;1;;;;
25/02/2015;13:18:00;213;com vítima;137;BR-060/GO;Sul;Atropelamento - Ciclista;;1;;;1;;;;;;1;;1;;
25/02/2015;19:45:00;368;com vítima;905;BR-262/MG;Leste;Capotamento;1;;;;;;;;;;0;;1;;
26/02/2015;15:38:00;330;com vítima;358;BR-262/MG;Oeste;Saida de Pista;;;2;;;;;;;;1;1;;;
26/02/2015;15:55:00;341;sem vítima;24;BR-153/MG;Sul;Colisão Traseira;;;2;;;;;;;;2;;;;
26/02/2015;22:19:00;500;com vítima;25,3;BR-153/MG;Sul;Saida de Pista;;;1;;;;;;;;0;1;;;
26/02/2015;08:05:00;86;sem vítima;504;BR-153/GO;Norte;Engavetamento;3;;;;;;;;;;3;;;;
26/02/2015;18:33:00;425;com vítima;506,8;BR-153/GO;Sul;Colisão Traseira;2;;1;;;;;;;;2;;1;;
26/02/2015;12:54:00;223;sem vítima;461;BR-262/MG;Oeste;Tombamento;;;1;;;1;;;;;2;;;;
26/02/2015;21:19:00;484;com vítima;105;BR-060/GO;Sul;Colisão Traseira;1;;;;;;;;;;0;1;;;
26/02/2015;16:27:00;356;com vítima;583;BR-153/GO;Norte;Capotamento;1;;;;;;;;;;0;1;;;
26/02/2015;15:46:00;338;com vítima;585,9;BR-153/GO;Norte;Colisão Traseira;;;2;;;;;;;;1;;1;;
26/02/2015;10:43:00;172;sem vítima;605,6;BR-153/GO;Norte;Colisão Traseira;;;2;;;;;;;;2;;;;
26/02/2015;02:26:00;26;sem vítima;619;BR-153/GO;Norte;Colisão Frontal;;;1;;;;;;;;1;;;;
26/02/2015;17:19:00;381;com vítima;776;BR-262/MG;Oeste;Queda de Ciclista;;;;1;;;;;;;0;1;;;
26/02/2015;13:38:00;273;com vítima;628;BR-153/GO;Norte;Saida de Pista;1;;;;;;;;;;0;;1;;
26/02/2015;22:12:00;492;sem vítima;30;BR-060/DF;Norte;Capotamento;1;;;;;;;;;;1;;;;
26/02/2015;18:24:00;419;sem vítima;855;BR-262/MG;Leste;Colisão Transversal;2;;;;;;;;;;2;;;;
27/02/2015;07:18:00;60;sem vítima;0,3;BR-060/DF;Norte;Colisão Traseira;1;;;1;;;;;;;2;;;;
27/02/2015;02:28:00;23;sem vítima;12;BR-060/GO;Norte;Saida de Pista;;;1;;;;;;;;1;;;;
27/02/2015;00:26:00;7;sem vítima;382;BR-262/MG;Leste;Saida de Pista;1;;;;;;;;;;1;;;;
27/02/2015;14:36:00;281;com vítima;399;BR-262/MG;Leste;Capotamento;1;;;;;;;;;;1;1;;;
27/02/2015;08:58:00;95;sem vítima;429,4;BR-262/MG;Oeste;Colisão Traseira;2;;;;;;;;;;3;;;;
27/02/2015;15:37:00;316;sem vítima;84;BR-153/MG;Norte;Saida de Pista;1;;;;;;;;;;1;;;;
27/02/2015;11:52:00;215;com vítima;506;BR-262/MG;Leste;Colisão Traseira;2;;;;;;;;;;0;3;;;
27/02/2015;15:11:00;304;sem vítima;516;BR-153/GO;Norte;Colisão Traseira;1;;;;;2;;;;;3;;;;
27/02/2015;12:16:00;225;sem vítima;574;BR-262/MG;Oeste;Saida de Pista;1;;;;;;;;;;1;;;;
27/02/2015;12:38:00;232;sem vítima;576;BR-262/MG;Leste;Saida de Pista;1;;;;;;;;;;1;;;;
27/02/2015;15:00:00;320;sem vítima;578;BR-262/MG;Leste;Saida de Pista;1;;;;;;;;;;1;;;;
27/02/2015;22:34:00;463;com vítima;99;BR-060/GO;Sul;Colisão Traseira;2;;;;;;;;;;1;1;;;
27/02/2015;10:25:00;159;com vítima;145;BR-153/MG;Sul;Colisão Lateral;1;;;;;;;;;;0;2;;;
27/02/2015;12:30:00;250;sem vítima;585;BR-262/MG;Leste;Saida de Pista;;;1;;;;;;;;1;;;;
27/02/2015;11:30:00;204;com vítima;590;BR-262/MG;Leste;Capotamento;1;;;;;;;;;;0;1;;;
27/02/2015;11:48:00;219;com vítima;593;BR-262/MG;Leste;Saida de Pista;1;;;;;;;;;;0;1;;;
27/02/2015;11:59:00;220;sem vítima;593;BR-262/MG;Leste;Colisão Lateral;;;2;;;;;;;;2;;;;
27/02/2015;14:40:00;282;sem vítima;649;BR-262/MG;Oeste;Capotamento;1;;;;;;;;;;1;;;;
27/02/2015;10:26:00;161;sem vítima;119,5;BR-060/GO;Norte;Saida de Pista;;;1;;;;;;;;1;;;;
27/02/2015;00:16:00;5;com vítima;122;BR-060/GO;Norte;Saida de Pista;1;;;;;;;;;;0;1;;;
27/02/2015;13:00:00;262;com vítima;783;BR-262/MG;Leste;Saida de Pista;1;;;;;;;;;;0;1;;;
28/02/2015;20:12:00;363;com vítima;493;BR-153/GO;Norte;Queda de Moto;;;;1;;;;;;;1;1;;;
28/02/2015;15:36:00;246;com vítima;9,3;BR-060/GO;Norte;Queda de Moto;;;;1;;;;;;;1;1;;;
28/02/2015;21:35:00;373;sem vítima;498;BR-153/GO;Norte;Saida de Pista;1;;;;;;;;;;1;;;;
28/02/2015;05:05:00;60;sem vítima;399;BR-262/MG;Oeste;Saida de Pista;1;;;;;;;;;;1;;;;
28/02/2015;03:55:00;47;com vítima;411;BR-262/MG;Leste;Colisão Traseira;2;;;;;;;;;;2;2;;;
28/02/2015;14:51:00;219;sem vítima;420;BR-262/MG;Oeste;Saida de Pista;1;;;;;;;;;;1;;;;
28/02/2015;22:30:00;380;com vítima;33;BR-153/MG;Norte;Atropelamento - Andarilho;;;1;;;;;;;;1;1;;;
28/02/2015;18:40:00;340;sem vítima;48,2;BR-060/GO;Norte;Capotamento;1;;;;;;;;;;1;;;;
28/02/2015;15:46:00;256;com vítima;428,9;BR-262/MG;Oeste;Saida de Pista;1;;;;;;;;;;1;1;;;
28/02/2015;17:41:00;320;com vítima;511;BR-153/GO;Norte;Queda;;;;1;;;;;;;0;2;;;
28/02/2015;13:40:00;201;com vítima;95;BR-060/GO;Sul;Colisão Lateral;;;2;1;;;;;;;2;1;;;
28/02/2015;14:00:00;210;com vítima;15,6;BR-060/DF;Norte;Saida de Pista;1;;;;;;;;;;1;1;;;
28/02/2015;10:47:00;121;sem vítima;26;BR-060/DF;Sul;Colisão Lateral;1;;1;;;;;;;;2;;;;
28/02/2015;03:00:00;39;com vítima;113;BR-060/GO;Sul;Queda;;;;1;;;;;;;0;;1;;
28/02/2015;04:50:00;58;com vítima;121,7;BR-060/GO;Sul;Capotamento;1;;;;;;;;;;0;1;;1;
28/02/2015;19:31:00;350;com vítima;826;BR-262/MG;Oeste;Capotamento;1;;;;;;;;;;0;1;;;
01/03/2015;08:32:00;146;sem vítima;7;BR-060/GO;Norte;Colisão Traseira;;;2;1;;;;;;;3;;;;
01/03/2015;18:22:00;390;com vítima;28,6;BR-060/GO;Sul;Queda de Moto;;;;1;;;;;;;0;1;;;
01/03/2015;15:02:00;311;sem vítima;38,3;BR-060/GO;Norte;Saida de Pista;1;;;;;;;;;;1;;;;
01/03/2015;14:03:00;292;com vítima;396;BR-262/MG;Oeste;Saida de Pista;1;;;;;;;;;;2;1;;;
01/03/2015;16:21:00;344;com vítima;396;BR-262/MG;Leste;Capotamento;1;;;;;;;;;;0;2;;;
01/03/2015;05:00:00;79;sem vítima;409;BR-262/MG;Oeste;Saida de Pista;1;;;;;;;;;;1;;;;
01/03/2015;15:06:00;313;sem vítima;48;BR-060/GO;Norte;Saida de Pista;1;;;;;;;;;;1;;;;
01/03/2015;16:16:00;340;com vítima;38,5;BR-153/MG;Norte;Colisão Traseira;2;;;;;;;;;;0;3;;;
01/03/2015;18:44:00;402;sem vítima;510;BR-153/GO;Sul;Colisão Traseira;2;;;;;;;;;;2;;;;
01/03/2015;13:05:00;272;com vítima;509;BR-262/MG;Leste;Tombamento;;;1;;;;;;;;0;;1;;
01/03/2015;15:33:00;323;sem vítima;94;BR-060/GO;Norte;Saida de Pista;1;;;;;;;;;;1;;;;
01/03/2015;17:05:00;359;sem vítima;514,5;BR-153/GO;Norte;Colisão Lateral;1;;;;;1;;;;;2;;;;
01/03/2015;23:00:00;470;sem vítima;520;BR-153/GO;Norte;Saida de Pista;1;;;;;;;;;;1;;;;
01/03/2015;10:03:00;196;com vítima;575;BR-262/MG;Leste;Capotamento;1;;;;;;;;;;0;2;1;;