data;horario;n_da_ocorrencia;tipo_de_ocorrencia;km;trecho;sentido;tipo_de_acidente;automovel;bicicleta;caminhao;moto;onibus;outros;tracao_animal;transporte_de_cargas_especiais;trator_maquinas;utilitarios;ilesos;levemente_feridos;moderadamente_feridos;gravemente_feridos;mortos
01/03/2015;16:07:00;336;sem vítima;97;BR-060/GO;Norte;Colisão Lateral;1;;;;;1;;;;;2;;;;
01/03/2015;18:27:00;392;sem vítima;97;BR-060/GO;Norte;Colisão Traseira;2;;;;;;;;;;4;;;;
01/03/2015;19:49:00;427;sem vítima;553;BR-153/GO;Sul;Saida de Pista;1;;;;;1;;;;;2;;;;
01/03/2015;11:58:00;251;com vítima;586;BR-262/MG;Leste;Outros - sequências;1;;;;;;;;;;0;2;;;
01/03/2015;12:04:00;252;com vítima;592;BR-262/MG;Oeste;Capotamento;1;;;;;;;;;;0;2;;;
01/03/2015;01:30:00;22;sem vítima;675;BR-262/MG;Oeste;Saida de Pista;1;;;;;;;;;;1;;;;
01/03/2015;08:14:00;133;com vítima;708;BR-262/MG;Oeste;Queda de Moto;;;;1;;;;;;;0;;1;;
01/03/2015;02:39:00;30;sem vítima;217;BR-153/MG;Norte;Saida de Pista;1;;;;;;;;;;1;;;;
01/03/2015;00:00:00;1;com vítima;752;BR-262/MG;Oeste;Capotamento;;;1;;;;;;;;0;;1;;
01/03/2015;17:11:00;367;com vítima;753;BR-262/MG;Oeste;Colisão Traseira;1;;1;;;;;;;;1;2;;;
01/03/2015;16:42:00;351;sem vítima;795;BR-262/MG;Oeste;Colisão Traseira;2;;;;;;;;;;2;;;;
01/03/2015;19:57:00;430;com vítima;822;BR-262/MG;Oeste;Capotamento;1;;;;;;;;;;0;;1;;
01/03/2015;19:25:00;418;com vítima;244;BR-153/MG;Sul;Queda de Moto;;;;1;;;;;;;0;1;;;
01/03/2015;20:49:00;447;com vítima;244;BR-153/MG;Norte;Colisão Traseira;;1;;1;;;;;;;0;2;;1;
02/03/2015;08:13:00;92;sem vítima;491;BR-153/GO;Sul;Colisão Lateral;1;;1;;;;;;;;2;;;;
02/03/2015;06:36:00;60;com vítima;492;BR-153/GO;Sul;Colisão Traseira;1;;2;;;;;;;;2;1;;;
02/03/2015;08:23:00;105;com vítima;492;BR-153/GO;Norte;Colisão Traseira;1;;;1;;;;;;;1;1;;;
02/03/2015;07:55:00;89;sem vítima;496;BR-153/GO;Sul;Colisão Lateral;1;;1;;;;;;;;2;;;;
02/03/2015;08:05:00;132;com vítima;496,001;BR-153/GO;Sul;Colisão Traseira;2;;;;;;;;;;2;1;;;
02/03/2015;17:23:00;331;sem vítima;29,4;BR-060/GO;Norte;Saida de Pista;1;;;;;;;;;;1;;;;
02/03/2015;14:50:00;251;com vítima;402;BR-262/MG;Leste;Queda de Moto;;;;1;;;;;;;0;;1;;
02/03/2015;11:11:00;181;com vítima;505;BR-153/GO;Norte;Colisão Traseira;;;;1;;1;;;;;1;1;;;
02/03/2015;09:48:00;143;com vítima;509;BR-153/GO;Norte;Colisão Lateral;1;;1;;;;;;;;0;2;;;
02/03/2015;16:10:00;296;sem vítima;549;BR-262/MG;Leste;Carreta deu L;;;1;;;;;;;;1;;;;
02/03/2015;09:57:00;151;com vítima;574;BR-262/MG;Oeste;Saida de Pista;1;;;;;;;;;;1;1;;;
02/03/2015;09:37:00;137;sem vítima;582;BR-262/MG;Leste;Saida de Pista;1;;;;;;;;;;1;;;;
02/03/2015;10:06:00;153;sem vítima;582;BR-262/MG;Leste;Capotamento;1;;;;;;;;;;1;;;;
02/03/2015;08:41:00;110;com vítima;588;BR-153/GO;Norte;Saida de Pista;1;;;;;1;;;;;1;1;;;
02/03/2015;16:51:00;313;sem vítima;693;BR-262/MG;Oeste;Colisão Traseira;1;;;;;;;;;1;2;;;;
02/03/2015;19:45:00;394;sem vítima;646;BR-153/GO;Norte;Colisão Lateral;1;;1;;;;;;;;2;;;;
02/03/2015;00:20:00;7;com vítima;138;BR-060/GO;Sul;Colisão Traseira;1;;1;;;;;;;;1;1;;;
03/03/2015;07:30:00;120;sem vítima;353;BR-262/MG;Leste;Queda de Moto;;;;1;;;;;;;1;;;;
03/03/2015;18:24:00;382;sem vítima;490;BR-153/GO;Sul;Choque - Outros;1;;;;;1;;;;;2;;;;
03/03/2015;14:40:00;292;com vítima;13,5;BR-060/GO;Sul;Colisão Traseira;3;;;;;;;;;;1;1;;1;
03/03/2015;12:25:00;248;sem vítima;364;BR-262/MG;Leste;Saida de Pista;1;;;;;;;;;;1;;;;
03/03/2015;20:55:00;436;sem vítima;366;BR-262/MG;Oeste;Queda de Ciclista;;;;1;;;;;;;1;;;;
03/03/2015;14:50:00;294;sem vítima;18;BR-060/GO;Sul;;1;;;;;;;;;;1;;;;
03/03/2015;14:40:00;290;com vítima;499;BR-153/GO;Sul;Colisão Traseira;1;;1;;;;;;;;0;4;;;
03/03/2015;18:34:00;384;sem vítima;35;BR-060/GO;Sul;Saida de Pista;1;;;;;;;;;;1;;;;
03/03/2015;08:04:00;112;com vítima;48,5;BR-060/GO;Norte;Capotamento;1;;;;;;;;;;0;1;;;
03/03/2015;08:06:00;113;sem vítima;506,5;BR-153/GO;Sul;Colisão Lateral;1;;1;;;;;;;;3;;;;
03/03/2015;19:55:00;420;com vítima;461,2;BR-262/MG;Leste;Colisão Frontal;;;1;;1;;;;;;0;6;;;1
03/03/2015;17:00:00;345;sem vítima;94;BR-060/GO;Norte;Saida de Pista;1;;;;;;;;;;1;;;;
03/03/2015;15:47:00;318;com vítima;120;BR-153/MG;Sul;Colisão Traseira;;;2;;;;;;;;1;2;;;
03/03/2015;15:18:00;302;sem vítima;557;BR-153/GO;Sul;Saida de Pista;1;;;;;;;;;;1;;;;
03/03/2015;10:18:00;186;sem vítima;104;BR-060/GO;Norte;Engavetamento;2;;;;;1;;;;;3;;;;
03/03/2015;16:49:00;340;sem vítima;116;BR-060/GO;Sul;Saida de Pista;1;;1;;;;;;;;5;;;;
03/03/2015;12:00:00;237;sem vítima;811,1;BR-262/MG;Oeste;Colisão Traseira;1;;;1;;;;;;;2;;;;
04/03/2015;19:42:00;401;com vítima;490;BR-153/GO;Norte;Queda de Moto;;;;1;;;;;;;0;1;;;
04/03/2015;16:20:00;322;com vítima;18;BR-060/GO;Sul;Capotamento;1;;;;;;;;;;0;;1;;
04/03/2015;08:16:00;123;com vítima;370;BR-262/MG;Oeste;Colisão Traseira;;;1;1;;;;;;;1;1;;;
04/03/2015;18:27:00;376;sem vítima;498;BR-153/GO;Sul;Colisão Traseira;2;;;;;;;;;;2;;;;
04/03/2015;19:15:00;392;com vítima;28;BR-060/GO;Sul;Colisão Traseira;;;;1;;1;;;;;1;;1;;
04/03/2015;17:47:00;358;com vítima;506,6;BR-153/GO;Norte;Queda de Moto;;;;1;;;;;;;0;1;;;
04/03/2015;14:45:00;274;sem vítima;566;BR-262/MG;Oeste;Colisão Traseira;1;;1;;;;;;;;3;;;;
04/03/2015;01:28:00;12;com vítima;579,9;BR-262/MG;Oeste;Tombamento;;;1;;;;;;;;0;1;;;
04/03/2015;22:06:00;446;com vítima;548,5;BR-153/GO;Sul;Saida de Pista;;;1;;;;;;;;0;1;;;
04/03/2015;13:22:00;255;sem vítima;101,4;BR-060/GO;Norte;Colisão Lateral;2;;;;;;;;;;2;;;;
04/03/2015;16:30:00;325;sem vítima;18;BR-060/DF;Sul;;1;;;;;;;;;;1;;;;
04/03/2015;15:36:00;306;sem vítima;103;BR-060/GO;Norte;Colisão Traseira;2;;;;;;;;;;2;;;;
04/03/2015;08:30:00;137;com vítima;587;BR-262/MG;Leste;Colisão Traseira;1;;;;;;;;;;0;1;;;
04/03/2015;19:20:00;394;sem vítima;108;BR-060/GO;Sul;Colisão Lateral;1;;1;;;;;;;;2;;;;
04/03/2015;15:20:00;298;com vítima;653,5;BR-153/GO;Norte;Outros - sequências;;;1;;;;;;;;0;3;;;
04/03/2015;20:11:00;413;com vítima;239,8;BR-153/MG;Norte;Outros - sequências;1;;2;;;;;;;;0;2;;;1
05/03/2015;10:18:00;219;sem vítima;41;BR-060/GO;Norte;Capotamento;;;;;;;;;;1;3;;;;
05/03/2015;20:44:00;516;com vítima;451;BR-262/MG;Leste;Colisão Frontal;;;1;1;;;;;;;1;;;;2
05/03/2015;05:05:00;40;sem vítima;509,5;BR-153/GO;Norte;Colisão Lateral;2;;;;;;;;;;2;;;;
05/03/2015;00:37:00;6;com vítima;503;BR-262/MG;Oeste;Colisão Traseira;;;4;;;;;;;;0;3;1;;
05/03/2015;19:17:00;486;sem vítima;94;BR-060/GO;Norte;Colisão Traseira;1;;1;;;;;;;;2;;;;
05/03/2015;11:46:00;278;sem vítima;95;BR-060/GO;Norte;Colisão Lateral;1;;;;;1;;;;;2;;;;
05/03/2015;11:17:00;259;sem vítima;97;BR-060/GO;Norte;Colisão Traseira;1;;1;;;;;;;;2;;;;
05/03/2015;05:40:00;46;com vítima;591;BR-262/MG;Leste;Saida de Pista;;;1;;;;;;;;0;1;;;
05/03/2015;11:56:00;282;com vítima;244;BR-153/MG;Norte;Colisão Transversal;1;;1;;;;;;;;0;3;1;;
06/03/2015;19:25:00;458;sem vítima;498,1;BR-153/GO;Sul;Colisão Traseira;1;;;;;1;;;;;2;;;;
06/03/2015;12:35:00;264;com vítima;21,5;BR-153/MG;Norte;Colisão Traseira;1;;1;;;;;;;;1;2;;;
06/03/2015;06:52:00;101;com vítima;31,3;BR-060/GO;Sul;Colisão Lateral;;;1;1;;;;;;;1;;1;;
06/03/2015;14:59:00;326;sem vítima;500,1;BR-153/GO;Sul;Colisão Traseira;1;;1;;;;;;;;2;;;;
06/03/2015;12:49:00;272;sem vítima;434,9;BR-262/MG;Oeste;Tombamento;;;1;;;;;;;;1;;;;
06/03/2015;08:19:00;135;com vítima;444;BR-262/MG;Oeste;Colisão Frontal;2;;;;;;;;;;0;2;;1;
06/03/2015;05:40:00;98;sem vítima;462,5;BR-262/MG;Leste;Colisão Lateral;;;2;;;;;;;;2;;;;
06/03/2015;07:01:00;106;com vítima;89;BR-153/MG;Sul;Colisão Lateral;;;2;;;;;;;;1;1;;;
06/03/2015;07:59:00;126;sem vítima;545,7;BR-262/MG;Leste;Saida de Pista;;;1;;;;;;;;1;;;;
06/03/2015;12:45:00;271;com vítima;553;BR-262/MG;Leste;Tombamento;;;1;;;;;;;;0;1;;;
06/03/2015;11:14:00;225;com vítima;575,4;BR-262/MG;Leste;Tombamento;;;1;;;;;;;;0;1;;;
06/03/2015;05:27:00;85;sem vítima;101;BR-060/GO;Sul;Colisão Traseira;1;;;1;;;;;;;2;;;;
06/03/2015;16:27:00;373;sem vítima;106;BR-060/GO;Norte;Tombamento;1;;1;;;;;;;;2;;;;
06/03/2015;17:34:00;409;sem vítima;106;BR-060/GO;Sul;Colisão Traseira;1;;1;;;;;;;;2;;;;
06/03/2015;16:40:00;380;sem vítima;173,7;BR-153/MG;Norte;Saida de Pista;;;1;;;;;;;;1;;;;
06/03/2015;19:28:00;461;sem vítima;110;BR-060/GO;Norte;Colisão Traseira;1;;;;;1;;;;;2;;;;
06/03/2015;09:36:00;164;com vítima;645,3;BR-262/MG;Oeste;Queda de Moto;;;;1;;;;;;;0;1;;;
06/03/2015;19:54:00;474;sem vítima;118;BR-060/GO;Sul;Colisão Frontal;1;;;1;;;;;;;2;;;;
06/03/2015;05:42:00;91;com vítima;656,5;BR-153/GO;Norte;Capotamento;1;;;;;;;;;;0;4;;;
06/03/2015;20:25:00;490;com vítima;698;BR-153/GO;Sul;Colisão Lateral;2;;;;;;;;;;1;1;;;
07/03/2015;07:25:00;116;sem vítima;2,25;BR-060/DF;Norte;Saida de Pista;1;;;;;;;;;;1;;;;
07/03/2015;03:26:00;54;sem vítima;33;BR-060/GO;Sul;Capotamento;1;;;;;;;;;;1;;;;
07/03/2015;04:41:00;68;sem vítima;44,9;BR-060/GO;Sul;Saida de Pista;1;;;;;;;;;;1;;;;
07/03/2015;04:50:00;69;sem vítima;424,5;BR-262/MG;Oeste;Saida de Pista;1;;;;;;;;;;3;;;;
07/03/2015;15:44:00;340;sem vítima;503;BR-153/GO;Norte;Colisão Lateral;1;;;;;1;;;;;2;;;;
07/03/2015;21:50:00;473;com vítima;432;BR-262/MG;Oeste;Saida de Pista;1;;;;;;;;;;0;1;;;
07/03/2015;21:34:00;468;sem vítima;504,7;BR-153/GO;Norte;Choque - Defensa, barreira ou "submarino";1;;;;;;;;;;1;;;;
07/03/2015;20:08:00;451;com vítima;442;BR-262/MG;Oeste;Capotamento;1;;;;;1;;;;;1;1;;;
07/03/2015;07:31:00;119;com vítima;444;BR-262/MG;Leste;Atropelamento - Ciclista;;1;1;;;;;;;;1;;1;;
07/03/2015;09:53:00;195;sem vítima;473;BR-262/MG;Leste;Colisão Traseira;2;;;;;;;;;;2;;;;
07/03/2015;16:04:00;423;com vítima;75;BR-153/MG;Norte;Saida de Pista;;;1;;;;;;;;0;1;;;
07/03/2015;15:06:00;321;com vítima;95;BR-060/GO;Sul;Saida de Pista;1;;;;;;;;;;0;;1;;
07/03/2015;21:30:00;467;com vítima;549;BR-262/MG;Oeste;Saida de Pista;1;;;;;;;;;;0;1;;;
07/03/2015;10:53:00;232;com vítima;575;BR-262/MG;Leste;Engavetamento;;;3;;;;;;;;0;3;;;
07/03/2015;22:07:00;476;com vítima;97;BR-060/GO;Norte;Saida de Pista;1;;;;;;;;;;0;1;;;
07/03/2015;20:17:00;453;com vítima;580;BR-262/MG;Oeste;Saida de Pista;1;;;;;;;;;;0;1;;;
07/03/2015;13:32:00;289;sem vítima;98;BR-060/GO;Sul;Queda de Moto;1;;;1;;;;;;;2;;;;
07/03/2015;09:04:00;165;com vítima;101;BR-060/GO;Norte;Queda de Moto;1;;;1;;;;;;;1;1;;;
07/03/2015;07:58:00;134;com vítima;107,1;BR-060/GO;Norte;Colisão Traseira;1;;;;;1;;;;;1;1;;;
07/03/2015;23:15:00;494;sem vítima;612,8;BR-262/MG;Leste;Saida de Pista;;;1;;;;;;;;1;;;;
07/03/2015;06:00:00;100;com vítima;668;BR-262/MG;Leste;Choque - Arvore;1;;;;;;;;;;0;1;;;
07/03/2015;06:35:00;86;sem vítima;780;BR-262/MG;Leste;Saida de Pista;;;1;;;;;;;;2;;;;
07/03/2015;04:28:00;64;com vítima;230;BR-153/MG;Sul;Colisão Frontal;1;;;;;;;;;;0;1;;;
08/03/2015;23:22:00;442;sem vítima;360;BR-262/MG;Oeste;Saida de Pista;1;;;;;;;;;;1;;;;
08/03/2015;09:14:00;139;com vítima;12,6;BR-060/GO;Sul;Queda de Ciclista;;;;1;;;;;;;0;1;;;
08/03/2015;16:30:00;321;sem vítima;25,5;BR-060/GO;Sul;Saida de Pista;2;;;;;1;;;;;3;;;;
08/03/2015;09:10:00;145;sem vítima;382;BR-262/MG;Leste;Saida de Pista;1;;;;;;;;;;1;;;;
08/03/2015;06:29:00;68;com vítima;3,4;BR-060/DF;Sul;Choque - Poste;1;;;;;;;;;;0;1;;;
08/03/2015;07:10:00;79;sem vítima;391;BR-262/MG;Leste;Saida de Pista;1;;;;;;;;;;1;;;;
08/03/2015;19:14:00;391;sem vítima;47,4;BR-060/GO;Norte;Saida de Pista;1;;;;;;;;;;1;;;;
08/03/2015;18:08:00;361;sem vítima;502;BR-153/GO;Sul;Colisão Lateral;1;;;;1;;;;;;2;;;;
08/03/2015;12:53:00;237;com vítima;36;BR-153/MG;Sul;Queda de Moto;;;;1;;;;;;;0;2;;;
08/03/2015;08:14:00;105;sem vítima;431;BR-262/MG;Oeste;Saida de Pista;1;;;;;;;;;;1;;;;
08/03/2015;11:34:00;208;com vítima;448;BR-262/MG;Leste;Saida de Pista;1;;;;;;;;;;0;1;;;
08/03/2015;07:06:00;74;sem vítima;450;BR-262/MG;Oeste;;;;;;;1;;;;;1;;;;
08/03/2015;06:30:00;69;com vítima;491;BR-262/MG;Oeste;Saida de Pista;1;;;;;;;;;;0;1;;;
08/03/2015;02:55:00;36;sem vítima;494;BR-262/MG;Leste;Saida de Pista;1;;;;;;;;;;1;;;;
08/03/2015;03:30:00;39;com vítima;520;BR-153/GO;Sul;Capotamento;1;;;;;;;;;;0;1;;;
08/03/2015;06:47:00;72;com vítima;522,6;BR-153/GO;Norte;Choque - Elemento de Drenagem;1;;;;;;;;;;3;;1;;
08/03/2015;13:40:00;254;sem vítima;528;BR-153/GO;Norte;Saida de Pista;1;;;;;1;;;;;2;;;;
08/03/2015;07:35:00;86;com vítima;574;BR-262/MG;Leste;Capotamento;1;;;;;;;;;;0;1;;;
08/03/2015;09:41:00;159;sem vítima;583;BR-262/MG;Leste;Saida de Pista;1;;;;;;;;;;2;;;;
08/03/2015;00:35:00;11;com vítima;585;BR-262/MG;Oeste;Saida de Pista;;;1;;;;;;;;0;1;;;
08/03/2015;06:23:00;66;sem vítima;116,2;BR-060/GO;Sul;Saida de Pista;1;;;;;;;;;;1;;;;
08/03/2015;16:30:00;320;com vítima;244;BR-153/MG;Sul;Colisão Transversal;1;;;1;;;;;;;0;2;;;
08/03/2015;21:08:00;420;sem vítima;871;BR-262/MG;Oeste;Saida de Pista;1;;;;;;;;;;1;;;;
08/03/2015;15:37:00;294;sem vítima;911;BR-262/MG;Oeste;Saida de Pista;1;;;;;;;;;;1;;;;
09/03/2015;13:54:00;274;sem vítima;493;BR-153/GO;Norte;Engavetamento;3;;;;;;;;;;3;;;;
09/03/2015;07:21:00;65;sem vítima;364,5;BR-262/MG;Oeste;Colisão Traseira;2;;1;;;;;;;;3;;;;
09/03/2015;07:40:00;193;sem vítima;364,5;BR-262/MG;Oeste;Choque - Elemento de Drenagem;1;;;;;;;;;;1;;;;
09/03/2015;18:43:00;399;sem vítima;498;BR-153/GO;Sul;Colisão Traseira;2;;1;;;;;;;;3;;;;
09/03/2015;07:10:00;187;sem vítima;384,5;BR-262/MG;Oeste;Saida de Pista;1;;;;;;;;;;1;;;;
09/03/2015;08:20:00;97;sem vítima;400;BR-262/MG;Leste;Colisão Traseira;2;;;;;;;;;;2;;;;
09/03/2015;12:00:00;241;com vítima;408;BR-262/MG;Leste;Engavetamento;;;2;1;;;;;;;2;1;;;
09/03/2015;11:43:00;205;com vítima;409;BR-262/MG;Leste;Tombamento;;;1;;;;;;;;0;1;;;
09/03/2015;17:56:00;374;com vítima;48;BR-060/GO;Norte;Capotamento;1;;;;;;;;;;0;1;;;
09/03/2015;02:50:00;39;com vítima;434;BR-262/MG;Oeste;Saida de Pista;1;;;;;;;;;;0;1;;;
09/03/2015;22:33:00;455;com vítima;60;BR-060/GO;Norte;Colisão Traseira;1;;;;1;;;;;;0;2;;;
09/03/2015;13:23:00;263;sem vítima;512;BR-153/GO;Norte;Colisão Traseira;1;;;;1;;;;;;2;;;;
09/03/2015;19:35:00;413;sem vítima;109;BR-153/MG;Sul;Colisão Traseira;;;1;;;;;;;1;2;;;;
09/03/2015;18:07:00;380;sem vítima;10,3;BR-060/DF;Sul;Saida de Pista;1;;;;;;;;;;1;;;;
09/03/2015;14:17:00;280;sem vítima;520;BR-153/GO;Norte;Saida de Pista;1;;;;;;;;;;1;;;;
09/03/2015;20:51:00;432;com vítima;586;BR-262/MG;Oeste;Capotamento;1;;;;;;;;;;0;3;;;
09/03/2015;13:09:00;257;com vítima;561;BR-153/GO;Norte;Saida de Pista;1;;;;;;;;;;1;2;;;
09/03/2015;15:43:00;312;sem vítima;564;BR-153/GO;Norte;Saida de Pista;1;;;;;;;;;;1;;;;
09/03/2015;22:37:00;456;com vítima;565;BR-153/GO;Sul;Colisão Frontal;2;;;;;;;;;;0;2;;;
09/03/2015;17:43:00;363;com vítima;163;BR-153/MG;Sul;Saida de Pista;;;1;;;;;;;;0;1;;;
09/03/2015;14:15:00;279;sem vítima;585;BR-153/GO;Norte;Saida de Pista;1;;;;;;;;;;1;;;;
09/03/2015;03:05:00;41;com vítima;187,8;BR-153/MG;Sul;Colisão Frontal;;;2;;;;;;;;0;1;;;1
09/03/2015;09:49:00;137;com vítima;200,1;BR-153/MG;Norte;Colisão Traseira;;;2;;;;;;;;0;2;;;
09/03/2015;16:10:00;320;com vítima;704;BR-262/MG;Leste;Capotamento;1;;;;;;;;;;0;3;;1;
09/03/2015;08:18:00;94;sem vítima;705;BR-262/MG;Leste;Colisão Lateral;1;;;;;1;;;;;2;;;;
09/03/2015;19:51:00;420;com vítima;29,6;BR-060/DF;Sul;Atropelamento - Usuário;1;;;;;;;;;;1;1;;;
10/03/2015;06:32:00;67;sem vítima;355;BR-262/MG;Leste;Saida de Pista;1;;;;;;;;;;1;;;;
10/03/2015;19:53:00;456;com vítima;31,8;BR-060/GO;Sul;Colisão Lateral;1;;;1;;;;;;;2;;1;;
10/03/2015;15:17:00;342;com vítima;29;BR-153/MG;Sul;Colisão Lateral;1;;1;;;;;;;;1;4;;;
10/03/2015;14:44:00;326;sem vítima;48,7;BR-060/GO;Norte;Saida de Pista;1;;;;;;;;;;1;;;;
10/03/2015;08:45:00;151;sem vítima;504;BR-153/GO;Norte;Colisão Traseira;3;;;;;;;;;;3;;;;
10/03/2015;08:52:00;158;sem vítima;504;BR-153/GO;Norte;Colisão Lateral;1;;;1;;;;;;;2;;;;
10/03/2015;20:30:00;468;com vítima;465,2;BR-262/MG;Oeste;Saida de Pista;1;;;;;;;;;;0;2;;;
10/03/2015;20:50:00;473;sem vítima;91;BR-060/GO;Norte;Saida de Pista;1;;;;;;;;;;1;;;;
10/03/2015;17:25:00;409;com vítima;574,6;BR-262/MG;Leste;Saida de Pista;;;1;;;;;;;;0;1;;;
10/03/2015;16:44:00;370;com vítima;581;BR-262/MG;Oeste;Tombamento;1;;;;;;;;;;0;1;;;
10/03/2015;09:37:00;180;com vítima;560;BR-153/GO;Sul;Saida de Pista;1;;;;;;;;;;0;1;;;
10/03/2015;16:39:00;388;com vítima;588;BR-262/MG;Oeste;Saida de Pista;1;;;;;;;;;;0;3;;;
10/03/2015;22:03:00;492;com vítima;109;BR-060/GO;Sul;Queda;;;;1;;;;;;;0;1;;;
10/03/2015;22:08:00;493;com vítima;173;BR-153/MG;Norte;Saida de Pista;1;;;;;;;;;;0;2;;;
10/03/2015;15:14:00;341;com vítima;179;BR-153/MG;Sul;Colisão Traseira;2;;;;;;;;;;0;2;;;
10/03/2015;10:37:00;226;sem vítima;118;BR-060/GO;Norte;Colisão Traseira;2;;;;;;;;;;2;;;;
10/03/2015;10:52:00;237;sem vítima;126;BR-060/GO;Norte;Saida de Pista;;;1;;;;;;;;1;;;;
10/03/2015;08:43:00;150;sem vítima;127;BR-060/GO;Sul;Tombamento;;;1;;;;;;;;1;;;;
10/03/2015;13:54:00;314;com vítima;686,2;BR-153/GO;Norte;Saida de Pista;1;;;;;;;;;;0;1;;;
11/03/2015;14:36:00;301;com vítima;494;BR-153/GO;Sul;Colisão Traseira;2;;;;;;;;;;1;2;;;
11/03/2015;13:10:00;280;sem vítima;25;BR-060/GO;Sul;;;;;;;1;;;;;1;;;;
11/03/2015;18:07:00;394;com vítima;498;BR-153/GO;Sul;Colisão Traseira;3;;;;;;;;;;0;3;;;
11/03/2015;18:38:00;407;com vítima;498;BR-153/GO;Norte;Colisão Traseira;1;;;1;;;;;;;1;1;;;
11/03/2015;20:41:00;467;sem vítima;28,1;BR-060/GO;Norte;Saida de Pista;;;1;;;;;;;;1;;;;
11/03/2015;22:49:00;503;com vítima;30;BR-060/GO;Norte;Colisão Lateral;1;;1;;;;;;;;0;2;;;
11/03/2015;15:08:00;308;sem vítima;40;BR-060/GO;Norte;Colisão Traseira;1;;;;;;;;;;1;;;;
11/03/2015;18:09:00;395;com vítima;53,3;BR-060/GO;Sul;Saida de Pista;1;;;;;;;;;;0;;1;;
11/03/2015;23:29:00;509;com vítima;58;BR-153/MG;Norte;Saida de Pista;;;1;;;;;;;;0;1;;;
11/03/2015;17:32:00;392;com vítima;473;BR-262/MG;Oeste;Colisão Traseira;2;;;;;;;;;;1;2;;;
11/03/2015;16:07:00;329;sem vítima;547;BR-262/MG;Leste;Saida de Pista;;;1;;;;;;;;1;;;;
11/03/2015;13:40:00;287;com vítima;96;BR-060/GO;Sul;Colisão Frontal;1;;;1;;;;;;;0;2;;;
11/03/2015;11:47:00;253;com vítima;574;BR-262/MG;Leste;Capotamento;1;;;;;;;;;;0;;1;;
11/03/2015;17:18:00;389;sem vítima;575;BR-262/MG;Oeste;Saida de Pista;;;1;;;1;;;;;2;;;;
11/03/2015;12:45:00;270;com vítima;97;BR-060/GO;Sul;Colisão Lateral;;;;1;;1;;;;;1;1;1;;
11/03/2015;17:27:00;364;sem vítima;138,5;BR-153/MG;Sul;Colisão Lateral;1;;;;;1;;;;;4;;;;
11/03/2015;19:20:00;455;com vítima;584,5;BR-262/MG;Oeste;Carreta deu L;;;1;;;;;;;;0;1;;;
11/03/2015;23:19:00;508;com vítima;650;BR-262/MG;Leste;Saida de Pista;1;;;;;;;;;;1;;1;;
11/03/2015;20:03:00;452;sem vítima;601;BR-153/GO;Sul;Colisão Lateral;;;1;;;1;;;;;2;;;;
11/03/2015;10:30:00;260;com vítima;828;BR-262/MG;Oeste;Atropelamento - Animal;1;;;;;;;;;;0;1;;;
12/03/2015;06:40:00;70;sem vítima;494;BR-153/GO;Sul;Saida de Pista;1;;;;;;;;;;1;;;;
12/03/2015;14:04:00;277;sem vítima;365;BR-262/MG;Leste;Colisão Traseira;1;;1;;;;;;;;2;;;;
12/03/2015;22:54:00;465;sem vítima;1,7;BR-060/DF;Norte;Saida de Pista;1;;;;;1;;;;;2;;;;
12/03/2015;02:08:00;28;sem vítima;505;BR-153/GO;Sul;Saida de Pista;1;;;;;;;;;;2;;;;
12/03/2015;07:56:00;97;com vítima;509;BR-153/GO;Sul;Queda de Moto;;;;1;;1;;;;;1;;1;;
12/03/2015;15:28:00;434;sem vítima;497;BR-262/MG;Leste;Saida de Pista;1;;;;;;;;;;1;;;;
12/03/2015;16:00:00;404;com vítima;511;BR-262/MG;Oeste;Saida de Pista;;;1;;;;;;;;0;1;;;
12/03/2015;22:50:00;468;com vítima;531;BR-262/MG;Leste;Saida de Pista;1;;;;;;;;;;0;1;;;
12/03/2015;21:16:00;2;com vítima;537,5;BR-262/MG;Oeste;Saida de Pista;;;1;;;1;;;;;1;1;;;
12/03/2015;14:10:00;331;com vítima;574;BR-262/MG;Oeste;Choque - Talude;1;;;;;;;;;;0;2;;;
12/03/2015;09:00:00;133;com vítima;582;BR-262/MG;Leste;Saida de Pista;1;;;;;;;;;;2;1;;;
12/03/2015;17:32:00;358;sem vítima;136;BR-153/MG;Sul;Colisão Lateral;;;2;;;;;;;;2;;;;
12/03/2015;02:23:00;32;sem vítima;554;BR-153/GO;Norte;Saida de Pista;1;;;;;;;;;;1;;;;
12/03/2015;06:23:00;63;com vítima;558;BR-153/GO;Norte;Colisão Lateral;2;;;;;;;;;;2;3;;;
12/03/2015;07:05:00;76;sem vítima;612;BR-262/MG;Oeste;Carreta deu L;;;1;;;;;;;;1;;;;
12/03/2015;23:03:00;470;sem vítima;704;BR-262/MG;Leste;Saida de Pista;1;;;;;;;;;;1;;;;
12/03/2015;15:59:00;318;com vítima;649;BR-153/GO;Sul;Colisão Lateral;1;;1;;;;;;;;0;3;;;
13/03/2015;08:53:00;183;com vítima;26;BR-060/GO;Sul;Saida de Pista;1;;;;;;;;;;0;2;;;
13/03/2015;15:40:00;398;sem vítima;29,3;BR-060/GO;Norte;Saida de Pista;1;;;;;;;;;;1;;;;
13/03/2015;15:45:00;417;sem vítima;29,3;BR-060/GO;Norte;Saida de Pista;1;;;;;;;;;;1;;;;
13/03/2015;08:02:00;146;sem vítima;499,8;BR-153/GO;Sul;Engavetamento;2;;;;;1;;;;2;5;;;;
13/03/2015;20:44:00;541;sem vítima;42;BR-060/GO;Norte;Saida de Pista;1;;;;;1;;;;;2;;;;
13/03/2015;18:22:00;478;sem vítima;501;BR-153/GO;Norte;Colisão Traseira;2;;;;;;;;;;2;;;;
13/03/2015;18:31:00;481;sem vítima;505;BR-153/GO;Sul;Colisão Traseira;2;;;;;;;;;;2;;;;
13/03/2015;18:20:00;579;sem vítima;505;BR-153/GO;Norte;Engavetamento;3;;;;;;;;;;3;;;;