data;horario;n_da_ocorrencia;tipo_de_ocorrencia;km;trecho;sentido;tipo_de_acidente;automovel;bicicleta;caminhao;moto;onibus;outros;tracao_animal;transporte_de_cargas_especiais;trator_maquinas;utilitarios;ilesos;levemente_feridos;moderadamente_feridos;gravemente_feridos;mortos
24/03/2015;11:14:00;250;com vítima;500;BR-153/GO;Norte;Engavetamento;1;;3;;;;;;;;0;4;;;
24/03/2015;09:32:00;190;com vítima;398,3;BR-262/MG;Oeste;Colisão Lateral;2;;;;;;;;;;0;2;;;
24/03/2015;08:28:00;156;com vítima;417;BR-262/MG;Oeste;Atropelamento - Andarilho;1;;;;;;;;;;1;;1;;
24/03/2015;00:36:00;7;com vítima;58;BR-153/MG;Sul;Saida de Pista;1;;1;;;;;;;;1;1;;;
24/03/2015;18:54:00;489;sem vítima;510;BR-153/GO;Sul;Colisão Traseira;1;;1;;;;;;;;6;;;;
24/03/2015;15:44:00;386;sem vítima;9;BR-060/DF;Sul;Saida de Pista;1;;;;;;;;;;1;;;;
24/03/2015;15:18:00;370;sem vítima;97;BR-060/GO;Norte;Colisão Traseira;2;;;;;;;;;;2;;;;
24/03/2015;14:51:00;355;sem vítima;104,6;BR-060/GO;Sul;Saida de Pista;1;;;;;;;;;;1;;;;
24/03/2015;23:18:00;592;com vítima;802;BR-262/MG;Oeste;Colisão Traseira;2;;;;;;;;;;1;2;;;
24/03/2015;22:49:00;587;com vítima;660;BR-153/GO;Norte;Tombamento;;;2;;;;;;;;1;1;;;
25/03/2015;08:22:00;238;sem vítima;494;BR-153/GO;Sul;Colisão Traseira;2;;;;;1;;;;1;4;;;;
25/03/2015;07:40:00;207;com vítima;502;BR-153/GO;Norte;Colisão Lateral;1;;;1;;;;;;;1;2;;;
25/03/2015;20:34:00;652;sem vítima;50,7;BR-060/GO;Norte;Saida de Pista;1;;;;;;;;;;1;;;;
25/03/2015;19:17:00;627;com vítima;466;BR-262/MG;Oeste;Capotamento;1;;;;;1;;;;;1;1;;;
25/03/2015;07:49:00;212;sem vítima;510;BR-153/GO;Sul;Colisão Traseira;2;;;;;;;;;;2;;;;
25/03/2015;21:16:00;671;com vítima;512;BR-153/GO;Norte;Atropelamento - Usuário;;;;1;;;;;;;0;2;;;
25/03/2015;17:47:00;570;sem vítima;106;BR-060/GO;Sul;Engavetamento;3;;;;;;;;;;3;;;;
25/03/2015;12:18:00;384;sem vítima;187;BR-153/MG;Sul;Colisão Lateral;1;;1;;;;;;;;2;;;;
25/03/2015;20:27:00;651;sem vítima;597;BR-153/GO;Sul;Capotamento;1;;;;;;;;;;2;;;;
25/03/2015;10:59:00;347;sem vítima;136;BR-060/GO;Norte;Colisão Lateral;1;;;;;1;;;;;2;;;;
26/03/2015;08:55:00;216;sem vítima;362;BR-262/MG;Leste;Saida de Pista;1;;;;;;;;;;1;;;;
26/03/2015;07:39:00;130;sem vítima;6;BR-153/MG;Sul;Saida de Pista;;;;;;;;;;1;1;;;;
26/03/2015;21:18:00;574;com vítima;506,8;BR-153/GO;Sul;Queda de Moto;;;;1;;;;;;;0;;1;;
26/03/2015;16:25:00;443;com vítima;462;BR-262/MG;Oeste;Engavetamento;1;;3;;;1;;;;;1;4;;;
26/03/2015;15:10:00;395;com vítima;134,7;BR-153/MG;Norte;Tombamento;;;1;;;;;;;;0;;2;;
26/03/2015;19:37:00;544;sem vítima;143;BR-153/MG;Norte;Colisão Traseira;1;;1;;;;;;;;2;;;;
26/03/2015;15:37:00;408;com vítima;19;BR-060/DF;Norte;Capotamento;1;;;;;;;;;;0;2;;;
26/03/2015;10:21:00;245;sem vítima;112;BR-060/GO;Sul;Choque - Arvore;1;;;;;;;;;;1;;;;
26/03/2015;18:26:00;507;sem vítima;125;BR-060/GO;Norte;Saida de Pista;;;1;;;;;;;;1;;;;
26/03/2015;16:18:00;439;com vítima;672,5;BR-153/GO;Norte;Saida de Pista;;;1;;;1;;;;;1;1;;;
27/03/2015;20:57:00;498;com vítima;23,3;BR-060/GO;Norte;Capotamento;1;;;;;;;;;;2;1;;;
27/03/2015;18:43:00;442;sem vítima;504;BR-153/GO;Sul;Colisão Traseira;;;1;;;;;;;;1;;;;
27/03/2015;19:10:00;461;com vítima;79;BR-060/GO;Sul;Colisão Lateral;2;;;;;;;;;;2;1;;;
27/03/2015;23:30:00;549;sem vítima;88;BR-060/GO;Norte;Choque - Defensa, barreira ou "submarino";1;;;;;;;;;;4;;;;
27/03/2015;08:08:00;133;sem vítima;509,5;BR-153/GO;Norte;Colisão Traseira;1;;1;;;;;;;;2;;;;
27/03/2015;10:40:00;198;com vítima;511;BR-262/MG;Leste;Colisão Traseira;2;;;;;;;;;;1;5;;;
27/03/2015;20:38:00;489;sem vítima;514;BR-153/GO;Norte;Colisão Lateral;1;;;;;1;;;;;2;;;;
27/03/2015;16:35:00;372;sem vítima;553;BR-262/MG;Leste;Colisão Lateral;1;;1;;;;;;;;2;;;;
27/03/2015;08:03:00;131;com vítima;568;BR-262/MG;Oeste;Colisão Lateral;2;;;;;;;;;;0;3;;;
27/03/2015;12:55:00;256;com vítima;574;BR-262/MG;Leste;Colisão Traseira;1;;1;;;;;;;;1;1;;;
27/03/2015;13:06:00;266;sem vítima;574,6;BR-262/MG;Oeste;Saida de Pista;;;1;;;;;;;;1;;;;
27/03/2015;13:15:00;267;sem vítima;576;BR-262/MG;Leste;Saida de Pista;;;1;;;;;;;;1;;;;
27/03/2015;12:40:00;242;com vítima;583;BR-262/MG;Leste;Saida de Pista;1;;;;;;;;;;0;1;;;
27/03/2015;13:30:00;270;com vítima;142,7;BR-153/MG;Sul;Saida de Pista;1;;;;;;;;;;0;1;;;
27/03/2015;10:10:00;187;com vítima;558;BR-153/GO;Norte;Outros - sequências;1;;;;;;;;;;0;;;;2
27/03/2015;07:33:00;116;sem vítima;103,3;BR-060/GO;Sul;Saida de Pista;1;;;;;;;;;;1;;;;
27/03/2015;07:48:00;125;sem vítima;104,9;BR-060/GO;Sul;Saida de Pista;1;;;;;;;;;;1;;;;
27/03/2015;08:09:00;134;com vítima;608;BR-153/GO;Norte;Saida de Pista;1;;;;;;;;;;0;4;;;
27/03/2015;01:10:00;20;com vítima;237;BR-153/MG;Sul;Colisão Lateral;1;;;;;1;;;;;1;1;;;
27/03/2015;13:36:00;271;com vítima;823;BR-262/MG;Oeste;Colisão Frontal;1;;;1;;;;;;;1;1;;;
27/03/2015;17:27:00;401;sem vítima;132;BR-060/GO;Norte;Saida de Pista;;;1;;;1;;;;;2;;;;
27/03/2015;09:51:00;181;com vítima;863;BR-262/MG;Oeste;Atropelamento - Usuário;;;1;;;;;;;;1;;1;;
28/03/2015;18:38:00;457;com vítima;359;BR-262/MG;Leste;Colisão Traseira;1;;;;;1;;;;;1;;;1;
28/03/2015;13:46:00;340;sem vítima;494;BR-153/GO;Sul;Tombamento;;;1;;;;;;;;1;;;;
28/03/2015;23:41:00;547;com vítima;368;BR-262/MG;Oeste;Saida de Pista;1;;;;;;;;;;0;;;2;
28/03/2015;22:40:00;532;com vítima;499;BR-153/GO;Sul;Atropelamento - Ciclista;1;1;;;;;;;;;1;;;1;
28/03/2015;00:38:00;15;com vítima;34;BR-060/GO;Sul;Saida de Pista;1;;;;;;;;;;0;1;;;
28/03/2015;22:44:00;533;sem vítima;428;BR-262/MG;Oeste;Tombamento;;;1;;;;;;;;1;;;;
28/03/2015;16:41:00;412;com vítima;452;BR-262/MG;Leste;Outros - sequências;;;;1;;1;;;;;1;1;;;
28/03/2015;23:06:00;538;com vítima;453;BR-262/MG;Oeste;Colisão Frontal;1;;;;;;1;;;;2;2;;1;
28/03/2015;05:21:00;94;com vítima;58;BR-153/MG;Sul;Saida de Pista;;;1;;;;;;;;0;1;;;
28/03/2015;16:02:00;392;sem vítima;83;BR-060/GO;Sul;Saida de Pista;1;;2;;;;;;;;3;;;;
28/03/2015;10:56:00;262;com vítima;86;BR-060/GO;Norte;Capotamento;1;;;;;;;;;;0;2;;;
28/03/2015;05:22:00;95;com vítima;88;BR-060/GO;Norte;Saida de Pista;1;;;;;;;;;;0;1;;;
28/03/2015;00:17:00;5;com vítima;510;BR-153/GO;Sul;Queda de Moto;;;;1;;;;;;;0;1;;;
28/03/2015;17:54:00;435;com vítima;92;BR-060/GO;Norte;Queda;;;;1;;;;;;;0;1;;;
28/03/2015;13:49:00;341;com vítima;574;BR-262/MG;Oeste;Outros - sequências;;;2;;;;;;;;0;1;;;1
28/03/2015;14:07:00;345;com vítima;563;BR-153/GO;Norte;Capotamento;1;;;;;;;;;;0;;1;;
28/03/2015;14:32:00;355;sem vítima;591;BR-262/MG;Leste;Saida de Pista;1;;;;;;;;;;1;;;;
28/03/2015;14:25:00;358;sem vítima;109;BR-060/GO;Norte;Colisão Traseira;1;;1;1;;;;;;;3;;;;
28/03/2015;23:11:00;540;com vítima;646;BR-262/MG;Leste;Queda de Moto;;;;1;;;;;;;0;1;;;
28/03/2015;17:37:00;433;sem vítima;604;BR-153/GO;Sul;Saida de Pista;1;;;;;;;;;;1;;;;
28/03/2015;07:58:00;139;com vítima;657,4;BR-153/GO;Sul;Colisão Traseira;;;2;;;;;;;;0;2;;;
28/03/2015;19:32:00;476;com vítima;662,9;BR-153/GO;Sul;Saida de Pista;1;;;;;;;;;;0;1;;;
28/03/2015;20:12:00;488;com vítima;697;BR-153/GO;Norte;Colisão Lateral;;;1;1;;;;;;;1;;;2;
29/03/2015;05:14:00;103;com vítima;14;BR-153/MG;Sul;Capotamento;1;;;;;;;;;;0;2;;;
29/03/2015;08:19:00;169;com vítima;382;BR-262/MG;Leste;Queda de Ciclista;;;;1;;;;;;;0;1;;;
29/03/2015;01:00:00;20;com vítima;17;BR-153/MG;Norte;Saida de Pista;1;;;;;;;;;;0;2;;;
29/03/2015;17:16:00;393;com vítima;43;BR-060/GO;Norte;Capotamento;1;;;;;;;;;;0;4;;;
29/03/2015;15:12:00;331;com vítima;502;BR-153/GO;Sul;Queda de Moto;;;;1;;;;;;;0;;1;;
29/03/2015;14:31:00;318;com vítima;503;BR-153/GO;Sul;Queda de Moto;;;;1;;;;;;;0;;1;;
29/03/2015;20:41:00;495;sem vítima;59;BR-060/GO;Sul;Colisão Frontal;1;;;;;1;;;;;2;;;;
29/03/2015;13:54:00;307;com vítima;47;BR-153/MG;Norte;Tombamento;;;;;;;;;;1;0;2;;;
29/03/2015;20:34:00;110;com vítima;461;BR-262/MG;Oeste;Queda de Moto;;;;1;;;;;;;0;1;;;
29/03/2015;18:35:00;450;sem vítima;478;BR-262/MG;Oeste;Outros - sequências;1;;;;;1;;;;;2;;;;
29/03/2015;14:21:00;312;com vítima;98;BR-153/MG;Norte;Capotamento;;;;;;;;;;1;0;3;;;
29/03/2015;15:03:00;330;com vítima;104;BR-153/MG;Sul;Saida de Pista;1;;;;;;;;;;0;1;;;
29/03/2015;18:58:00;461;com vítima;94;BR-060/GO;Norte;Colisão Traseira;2;;;;;;;;;;1;1;;;
29/03/2015;15:34:00;339;sem vítima;96;BR-060/GO;Norte;Outros - sequências;2;;;;;;;;;;2;;;;
29/03/2015;17:08:00;388;com vítima;128;BR-153/MG;Norte;Colisão Lateral;1;;1;;;;;;;;1;2;;;
29/03/2015;12:42:00;286;sem vítima;579;BR-262/MG;Oeste;Carreta deu L;;;1;;;;;;;;1;;;;
29/03/2015;12:10:00;274;com vítima;580;BR-262/MG;Oeste;Saida de Pista;1;;;;;;;;;;0;1;;;
29/03/2015;12:15:00;275;com vítima;583,2;BR-262/MG;Oeste;Saida de Pista;1;;;;;;;;;;0;1;;;
29/03/2015;12:33:00;325;com vítima;586;BR-262/MG;Oeste;Saida de Pista;1;;;;;;;;;;0;1;;;
29/03/2015;15:41:00;343;sem vítima;557,9;BR-153/GO;Norte;Saida de Pista;1;;;;;;;;;;1;;;;
29/03/2015;12:53:00;284;com vítima;101;BR-060/GO;Norte;Colisão Traseira;2;;;;;;;;;;0;6;;;
29/03/2015;14:44:00;324;sem vítima;102;BR-060/GO;Norte;Capotamento;1;;;;;1;;;;;4;;;;
29/03/2015;13:50:00;305;com vítima;588;BR-262/MG;Oeste;Capotamento;1;;;;;;;;;;1;1;;;
29/03/2015;14:50:00;327;com vítima;589;BR-153/GO;Norte;Outros - sequências;2;;;;;1;;;;;2;1;;;
29/03/2015;00:39:00;14;com vítima;769;BR-262/MG;Leste;Queda de Moto;;;;1;;;;;;;0;;1;;
30/03/2015;01:51:00;54;sem vítima;364;BR-262/MG;Oeste;Saida de Pista;1;;;;;;;;;;1;;;;
30/03/2015;10:16:00;254;com vítima;20;BR-060/GO;Sul;Colisão Traseira;;;1;1;;;;;;;0;1;;1;
30/03/2015;15:01:00;381;sem vítima;385;BR-262/MG;Leste;Saida de Pista;1;;;;;;;;;;1;;;;
30/03/2015;02:44:00;69;com vítima;500;BR-153/GO;Norte;Colisão Traseira;2;;;;;;;;;;2;1;;;
30/03/2015;19:11:00;504;sem vítima;500;BR-153/GO;Sul;Colisão Traseira;;;2;;;;;;;;2;;;;
30/03/2015;12:17:00;313;com vítima;71,2;BR-060/GO;Norte;Saida de Pista;1;;;;;;;;;;0;2;;;
30/03/2015;19:24:00;507;com vítima;78;BR-060/GO;Norte;Atropelamento - Usuário;;;1;;;;;;;;1;;;1;
30/03/2015;14:19:00;357;com vítima;463;BR-262/MG;Leste;Saida de Pista;1;;;;;;;;;;0;2;;;
30/03/2015;15:16:00;390;com vítima;511;BR-153/GO;Sul;Colisão Traseira;;;;1;;;;;;1;1;1;;;
30/03/2015;08:09:00;178;sem vítima;94;BR-060/GO;Sul;Colisão Traseira;2;;;;;;;;;;2;;;;
30/03/2015;07:00:00;134;com vítima;94,5;BR-060/GO;Sul;Colisão Traseira;2;;;;;;;;;;0;6;;;
30/03/2015;06:12:00;117;com vítima;95,2;BR-060/GO;Norte;Colisão Traseira;2;;;;;;;;;;0;2;;;
30/03/2015;13:08:00;332;com vítima;578;BR-262/MG;Leste;Capotamento;1;;;;;;;;;;0;3;;;
30/03/2015;17:23:00;454;sem vítima;535;BR-153/GO;Norte;Carreta deu L;;;1;;;;;;;;1;;;;
30/03/2015;13:24:00;342;com vítima;582;BR-262/MG;Oeste;Saida de Pista;;;1;;;;;;;;0;1;;;
30/03/2015;15:48:00;406;com vítima;583;BR-262/MG;Leste;Saida de Pista;1;;;;;;;;;;0;1;;;
30/03/2015;15:41:00;402;sem vítima;586;BR-262/MG;Oeste;Capotamento;1;;;;;;;;;;1;;;;
30/03/2015;13:20:00;349;com vítima;588;BR-262/MG;Oeste;Capotamento;1;;;;;;;;;;0;4;;;
30/03/2015;16:34:00;431;sem vítima;586,9;BR-153/GO;Sul;Saida de Pista;;;1;;;;;;;;1;;;;
30/03/2015;21:17:00;542;sem vítima;597,3;BR-153/GO;Sul;Saida de Pista;1;;;;;;;;;;1;;;;
30/03/2015;20:03:00;521;com vítima;705;BR-262/MG;Oeste;Colisão Frontal;2;;;;;;;;;;0;2;;;1
30/03/2015;04:46:00;107;sem vítima;609;BR-153/GO;Sul;Saida de Pista;1;;;;;;;;;;1;;;;
30/03/2015;09:59:00;242;com vítima;827,5;BR-262/MG;Oeste;Colisão Frontal;2;;;;;;;;;;0;2;;1;1
31/03/2015;16:35:00;332;com vítima;357,8;BR-262/MG;Oeste;Colisão Traseira;;;;1;;1;;;;;1;1;;;
31/03/2015;13:27:00;249;com vítima;38;BR-060/GO;Sul;Saida de Pista;1;;;;;;;;;;0;2;;;
31/03/2015;06:52:00;75;sem vítima;70,3;BR-060/GO;Sul;Saida de Pista;1;;;;;;;;;;1;;;;
31/03/2015;22:29:00;483;sem vítima;450;BR-262/MG;Oeste;Colisão Traseira;1;;;;;1;;;;;2;;;;
31/03/2015;16:30:00;331;sem vítima;508;BR-153/GO;Norte;Colisão Traseira;2;;;;;;;;;;2;;;;
31/03/2015;08:20:00;125;com vítima;478;BR-262/MG;Leste;Colisão Lateral;;;1;;;;;;;1;0;3;;;
31/03/2015;05:01:00;60;com vítima;548,8;BR-262/MG;Leste;Colisão Lateral;1;;1;;;;;;;;1;3;;;
31/03/2015;08:56:00;131;com vítima;120;BR-153/MG;Norte;Colisão Traseira;;;2;;;;;;;;0;2;;;
31/03/2015;08:05:00;100;sem vítima;583;BR-262/MG;Leste;Carreta deu L;;;1;;;;;;;;1;;;;
31/03/2015;08:05:00;118;com vítima;583;BR-262/MG;Leste;Saida de Pista;1;;;;;;;;;;0;1;;;
31/03/2015;22:31:00;484;com vítima;242;BR-153/MG;Sul;Atropelamento - Usuário;;;1;;;;;;;;0;1;;;1
01/04/2015;08:00:00;139;sem vítima;380,2;BR-262/MG;Oeste;Colisão Traseira;2;;;;;;;;;;2;;;;
01/04/2015;14:52:00;362;com vítima;32,6;BR-060/GO;Sul;Choque - Suporte de Sinalização;1;;;;;;;;;;0;1;;;
01/04/2015;19:02:00;481;com vítima;443;BR-262/MG;Oeste;Colisão Frontal;1;;;1;;;;;;;1;;1;;
01/04/2015;15:49:00;390;com vítima;467;BR-262/MG;Oeste;Colisão Traseira;3;;;;;;;;;;0;5;;;
01/04/2015;07:50:00;129;com vítima;509;BR-153/GO;Norte;Colisão Traseira;1;;;1;;;;;;;1;;1;;
01/04/2015;07:40:00;130;sem vítima;509;BR-262/MG;Oeste;Colisão Lateral;1;;1;;;;;;;;2;;;;
01/04/2015;11:21:00;268;com vítima;512;BR-153/GO;Sul;Colisão Lateral;;;1;1;;;;;;;1;1;;;
01/04/2015;01:28:00;29;com vítima;517;BR-153/GO;Sul;Queda de Moto;;;;1;;;;;;;1;1;;;
01/04/2015;03:20:00;55;com vítima;107;BR-060/GO;Sul;Choque - Defensa, barreira ou "submarino";;;1;;;;;;;;0;2;;;
01/04/2015;01:23:00;28;com vítima;608;BR-153/GO;Sul;Colisão Traseira;;;2;;;;;;;;1;1;;;
01/04/2015;07:21:00;113;sem vítima;773;BR-262/MG;Leste;Saida de Pista;1;;;;;2;;;;;3;;;;
01/04/2015;13:45:00;338;com vítima;138;BR-060/GO;Norte;Queda de Moto;;;;1;;;;;;;0;1;;;
02/04/2015;08:22:00;138;sem vítima;0,1;BR-060/DF;Norte;Queda de Moto;1;;;1;;;;;;;2;;;;
02/04/2015;13:53:00;331;com vítima;8;BR-060/GO;Norte;Capotamento;1;;;;;;;;;;0;1;;;
02/04/2015;20:42:00;549;sem vítima;496;BR-153/GO;Sul;Engavetamento;2;;1;;;;;;;;3;;;;
02/04/2015;19:18:00;508;sem vítima;3;BR-060/DF;Norte;Colisão Traseira;2;;;;;;;;;;2;;;;
02/04/2015;11:13:00;243;com vítima;39;BR-060/GO;Norte;Colisão Traseira;2;;;;;;;;;;0;7;;;
02/04/2015;17:13:00;446;com vítima;25;BR-153/MG;Norte;Capotamento;1;;;;;;;;;;0;2;;;
02/04/2015;18:06:00;467;sem vítima;506;BR-153/GO;Sul;Engavetamento;1;;;;;1;;;;1;3;;;;
02/04/2015;12:17:00;277;sem vítima;91;BR-060/GO;Norte;Saida de Pista;1;;;;;;;;;;1;;;;
02/04/2015;07:57:00;122;com vítima;512;BR-153/GO;Norte;Colisão Lateral;;;;2;;;;;;;2;1;;;
02/04/2015;23:10:00;605;sem vítima;513;BR-153/GO;Sul;Colisão Lateral;1;;;;;1;;;;;2;;;;
02/04/2015;07:51:00;117;sem vítima;98,5;BR-060/GO;Sul;Outros - sequências;2;;;;;;;;;;5;;;;
02/04/2015;16:36:00;427;sem vítima;555;BR-153/GO;Norte;Saida de Pista;1;;;;;;;;;;1;;;;
02/04/2015;03:35:00;48;com vítima;580;BR-153/GO;Norte;Saida de Pista;1;;;;;;;;;;0;1;;;
02/04/2015;16:01:00;402;sem vítima;111,5;BR-060/GO;Sul;Saida de Pista;1;;;;;;;;;;1;;;;
02/04/2015;16:45:00;434;com vítima;627;BR-262/MG;Leste;Capotamento;1;;;;;;;;;;0;3;2;;
02/04/2015;18:33:00;483;sem vítima;116;BR-060/GO;Norte;Saida de Pista;1;;;;;1;;;;;2;;;;
02/04/2015;22:29:00;588;com vítima;770;BR-262/MG;Leste;Atropelamento - Animal;1;;;;;;;;;;2;;1;;
02/04/2015;16:29:00;420;com vítima;794;BR-262/MG;Leste;Colisão Lateral;;;;1;;1;;;;;1;1;;;
03/04/2015;07:58:00;303;sem vítima;353;BR-262/MG;Leste;Saida de Pista;1;;;;;;;;;;1;;;;
03/04/2015;05:58:00;200;sem vítima;5;BR-060/GO;Sul;Tombamento;;;2;;;;;;;;2;;;;
03/04/2015;07:30:00;278;sem vítima;364;BR-262/MG;Oeste;Queda de Moto;;;;1;;;;;;;1;;;;
03/04/2015;10:57:00;388;sem vítima;29;BR-060/GO;Sul;Saida de Pista;1;;;;;;;;;;1;;;;
03/04/2015;19:51:00;781;com vítima;383;BR-262/MG;Oeste;Saida de Pista;1;;;;;;;;;;0;2;;;
03/04/2015;16:09:00;576;com vítima;43;BR-153/MG;Sul;Saida de Pista;1;;;;;;;;;;0;1;;;
03/04/2015;07:29:00;266;sem vítima;4,6;BR-060/DF;Sul;Capotamento;1;;;;;;;;;;1;;;;
03/04/2015;14:57:00;515;com vítima;74,8;BR-060/GO;Norte;Capotamento;1;;;;;;;;;;1;2;1;;
03/04/2015;07:21:00;264;com vítima;56;BR-153/MG;Sul;Capotamento;1;;;;;;;;;;1;1;;;
03/04/2015;18:51:00;739;sem vítima;76;BR-060/GO;Sul;Capotamento;1;;;;;;;;;;1;;;;
03/04/2015;10:25:00;375;sem vítima;460;BR-262/MG;Oeste;Colisão Traseira;1;;;;;1;;;;;3;;;;
03/04/2015;11:03:00;399;com vítima;90,2;BR-060/GO;Norte;Engavetamento;3;;;;;;;;;;2;1;;;
03/04/2015;19:00:00;750;sem vítima;513;BR-153/GO;Norte;Choque - Suporte de Sinalização;1;;;;;;;;;;1;;;;
03/04/2015;20:43:00;802;sem vítima;514;BR-153/GO;Norte;Colisão Lateral;2;;;;;;;;;;2;;;;
03/04/2015;10:27:00;370;com vítima;541;BR-262/MG;Leste;Saida de Pista;1;;;;;1;;;;;3;3;;;
03/04/2015;06:35:00;224;com vítima;544;BR-262/MG;Oeste;Colisão Lateral;2;;;;;;;;;;6;2;;;
03/04/2015;08:22:00;301;com vítima;519;BR-153/GO;Sul;Queda de Moto;;;;1;;;;;;;0;2;;;
03/04/2015;19:45:00;777;com vítima;532,2;BR-153/GO;Sul;Queda de Moto;;;;1;;;;;;;0;1;;;
03/04/2015;07:09:00;259;sem vítima;547;BR-153/GO;Sul;Choque - Defensa, barreira ou "submarino";1;;;;;;;;;;1;;;;
03/04/2015;01:52:00;40;com vítima;210;BR-153/MG;Sul;Outros - sequências;1;;;;;;;;;;4;1;;;
03/04/2015;02:38:00;58;com vítima;118;BR-060/GO;Norte;Colisão Lateral;2;;;;;;;;;;0;2;;;
03/04/2015;22:01:00;920;com vítima;702;BR-153/GO;Sul;Queda;;1;;;;;;;;;0;1;;;
04/04/2015;17:37:00;577;sem vítima;4,4;BR-153/MG;Norte;Saida de Pista;1;;;;;;;;;;1;;;;
04/04/2015;21:39:00;689;com vítima;366;BR-262/MG;Leste;Saida de Pista;1;;;;;;;;;;0;1;;;
04/04/2015;10:23:00;368;com vítima;382;BR-262/MG;Leste;Queda de Ciclista;;;;1;;;;;;;0;;;1;
04/04/2015;19:03:00;614;sem vítima;389;BR-262/MG;Oeste;Choque - Defensa, barreira ou "submarino";1;;;;;;;;;;1;;;;
04/04/2015;16:51:00;556;sem vítima;503;BR-153/GO;Sul;Colisão Lateral;2;;;;;;;;;;2;;;;
04/04/2015;11:50:00;419;sem vítima;82;BR-060/GO;Norte;Colisão Lateral;1;;;;;1;;;;;3;;;;
04/04/2015;22:10:00;695;com vítima;509;BR-153/GO;Norte;Queda de Moto;;;;1;;;;;;;0;1;;;
04/04/2015;06:58:00;233;com vítima;511,8;BR-153/GO;Sul;Colisão Traseira;1;;1;;;;;;;;1;1;;;
04/04/2015;12:54:00;447;com vítima;522;BR-153/GO;Sul;Colisão Traseira;;;1;1;;;;;;;1;1;;;
04/04/2015;14:47:00;544;sem vítima;133;BR-153/MG;Sul;Saida de Pista;1;;;;;;;;;;1;;;;
04/04/2015;15:14:00;508;com vítima;101;BR-060/GO;Norte;Queda de Moto;;;;1;;;;;;;0;1;;;
04/04/2015;23:30:00;717;com vítima;210;BR-153/MG;Norte;Tombamento;;;1;;;;;;;;0;1;;;
04/04/2015;15:34:00;524;sem vítima;629;BR-153/GO;Norte;Saida de Pista;1;;;;;;;;;;4;;;;
04/04/2015;18:36:00;599;com vítima;815;BR-262/MG;Oeste;Colisão Traseira;;;;1;;1;;;;;1;1;;;
04/04/2015;12:23:00;436;sem vítima;821;BR-262/MG;Oeste;Colisão Frontal;2;;;;;;;;;;3;;;;
04/04/2015;14:43:00;494;com vítima;886;BR-262/MG;Oeste;Colisão Traseira;2;;;;;;;;;;0;6;;;
05/04/2015;20:26:00;666;sem vítima;355;BR-262/MG;Oeste;Atropelamento - Animal;3;;;;;;;;;;5;;;;
05/04/2015;03:50:00;66;com vítima;490,5;BR-153/GO;Norte;Choque - Defensa, barreira ou "submarino";1;;;;;;;;;;0;1;;;
05/04/2015;16:29:00;530;sem vítima;0,6;BR-060/DF;Norte;Engavetamento;3;;;;;;;;;;3;;;;
05/04/2015;17:08:00;553;sem vítima;2,8;BR-060/DF;Sul;Saida de Pista;2;;;;;;;;;;2;;;;
05/04/2015;18:28:00;594;com vítima;32;BR-060/GO;Norte;Queda de Moto;;;;1;;;;;;;0;2;;;
05/04/2015;16:14:00;518;com vítima;33,7;BR-060/GO;Norte;Colisão Traseira;1;;;;;1;;;;;1;1;;;
05/04/2015;19:00:00;626;sem vítima;3,8;BR-060/DF;Sul;Colisão Traseira;2;;;;;;;;;;2;;;;
05/04/2015;16:04:00;544;sem vítima;395;BR-262/MG;Leste;Colisão Traseira;3;;;;;;;;;;3;;;;
05/04/2015;16:58:00;547;com vítima;500,9;BR-153/GO;Norte;Queda de Ciclista;;;;1;;;;;;;0;;;1;
05/04/2015;14:23:00;448;com vítima;52,3;BR-060/GO;Sul;Saida de Pista;1;;;;;;;;;;0;1;;;
05/04/2015;19:05:00;613;com vítima;62;BR-060/GO;Sul;Atropelamento - Ciclista;1;;;;;;;;;;1;;1;;
05/04/2015;13:04:00;429;sem vítima;475,6;BR-262/MG;Leste;Saida de Pista;1;;;;;;;;;;1;;;;
05/04/2015;11:39:00;391;com vítima;482,5;BR-262/MG;Oeste;Colisão Frontal;1;;1;;;;;;;;1;1;;;
05/04/2015;06:44:00;118;sem vítima;548;BR-262/MG;Oeste;Saida de Pista;1;;;;;;;;;;1;;;;
05/04/2015;10:19:00;314;sem vítima;549;BR-262/MG;Leste;Saida de Pista;1;;;;;;;;;;2;;;;
05/04/2015;15:28:00;488;com vítima;549,6;BR-262/MG;Leste;Outros - sequências;2;;2;;;;;;;;2;3;;;1
05/04/2015;08:43:00;224;sem vítima;574;BR-262/MG;Leste;Saida de Pista;1;;;;;;;;;;1;;;;
05/04/2015;10:06:00;301;com vítima;574;BR-262/MG;Oeste;Capotamento;1;;;;;;;;;;1;3;;;
05/04/2015;17:02:00;625;com vítima;575;BR-262/MG;Leste;Saida de Pista;1;;;;;;;;;;3;1;;;
05/04/2015;18:00:00;616;sem vítima;576;BR-262/MG;Leste;Saida de Pista;1;;;;;;;;;;1;;;;
05/04/2015;06:15:00;102;com vítima;580;BR-262/MG;Leste;Tombamento;;;1;;;;;;;;0;1;;;
05/04/2015;16:27:00;540;com vítima;582,3;BR-262/MG;Leste;Saida de Pista;1;;;;;;;;;;1;1;;;
05/04/2015;10:47:00;344;sem vítima;585;BR-262/MG;Oeste;Saida de Pista;1;;;;;;;;;;1;;;;
05/04/2015;15:37:00;494;sem vítima;553;BR-153/GO;Norte;Colisão Lateral;1;;1;;;;;;;;2;;;;
05/04/2015;16:30:00;575;sem vítima;586;BR-262/MG;Leste;Capotamento;1;;;;;;;;;;4;;;;
05/04/2015;16:35:00;537;sem vítima;590,6;BR-262/MG;Leste;;1;;;;;;;;;;1;;;;