data;horario;n_da_ocorrencia;tipo_de_ocorrencia;km;trecho;sentido;tipo_de_acidente;automovel;bicicleta;caminhao;moto;onibus;outros;tracao_animal;transporte_de_cargas_especiais;trator_maquinas;utilitarios;ilesos;levemente_feridos;moderadamente_feridos;gravemente_feridos;mortos
05/04/2015;08:01:00;180;com vítima;593;BR-262/MG;Leste;Capotamento;1;;;;;;;;;;0;2;;;
05/04/2015;11:00:00;373;sem vítima;593;BR-262/MG;Leste;Saida de Pista;1;;;;;;;;;;1;;;;
05/04/2015;17:12:00;557;com vítima;584;BR-153/GO;Sul;Saida de Pista;1;;;;;;;;;;0;1;;;
05/04/2015;14:30:00;461;sem vítima;635,2;BR-262/MG;Leste;Colisão Traseira;;;2;;;;;;;;2;;;;
05/04/2015;06:29:00;111;com vítima;650;BR-262/MG;Oeste;Capotamento;1;;;;;;;;;;0;1;;;
05/04/2015;17:14:00;558;sem vítima;116;BR-060/GO;Sul;Saida de Pista;1;;;;;;;;;;1;;;;
05/04/2015;21:49:00;691;com vítima;118;BR-060/GO;Sul;Colisão Traseira;1;;1;;;;;;;;0;2;;;
05/04/2015;14:16:00;444;com vítima;624;BR-153/GO;Norte;Saida de Pista;1;;;;;;;;;;0;1;1;;
06/04/2015;06:18:00;80;com vítima;494;BR-153/GO;Sul;Saida de Pista;1;;;;;;;;;;0;2;;;
06/04/2015;17:42:00;466;sem vítima;372;BR-262/MG;Leste;Saida de Pista;1;;;;;;;;;;1;;;;
06/04/2015;19:11:00;515;sem vítima;498,5;BR-153/GO;Sul;Colisão Traseira;2;;;;;1;;;;;3;;;;
06/04/2015;17:53:00;476;sem vítima;501;BR-153/GO;Norte;Engavetamento;3;;;;;;;;;;3;;;;
06/04/2015;14:30:00;345;sem vítima;506;BR-153/GO;Sul;Objeto lançado contra veículo;;;2;;;;;;;1;3;;;;
06/04/2015;08:38:00;159;com vítima;464;BR-262/MG;Leste;Engavetamento;3;;;;;;;;;;0;3;;;
06/04/2015;08:06:00;138;sem vítima;508;BR-153/GO;Norte;Engavetamento;3;;;;;;;;;1;4;;;;
06/04/2015;15:28:00;379;sem vítima;473;BR-262/MG;Oeste;Engavetamento;1;;2;;;;;;;;3;;;;
06/04/2015;15:18:00;372;sem vítima;474;BR-262/MG;Oeste;Saida de Pista;;;;;1;;;;;;1;;;;
06/04/2015;01:22:00;29;com vítima;76;BR-153/MG;Norte;Outros - sequências;;;4;;;;;;;;3;;1;;
06/04/2015;19:09:00;514;sem vítima;485;BR-262/MG;Oeste;Saida de Pista;1;;;;;;;;;;5;;;;
06/04/2015;15:52:00;393;com vítima;499;BR-262/MG;Oeste;Capotamento;1;;;;;;;;;;0;2;;;
06/04/2015;15:38:00;383;sem vítima;519,5;BR-262/MG;Oeste;Colisão Lateral;1;;1;;;;;;;;2;;;;
06/04/2015;15:09:00;370;com vítima;527,5;BR-262/MG;Leste;Choque - Arvore;;;1;;;;;;;;0;1;;;
06/04/2015;20:10:00;529;sem vítima;514;BR-153/GO;Norte;Colisão Transversal;2;;;;;;;;;;2;;;;
06/04/2015;06:32:00;82;sem vítima;99;BR-060/GO;Sul;Colisão Lateral;1;;1;;;;;;;;2;;;;
06/04/2015;01:15:00;25;com vítima;550,8;BR-153/GO;Sul;Colisão Frontal;1;;;;;1;;;;;1;1;;;
06/04/2015;09:57:00;213;com vítima;100;BR-060/GO;Norte;Queda de Moto;;;;1;;;;;;;0;1;;;
06/04/2015;10:48:00;253;sem vítima;101;BR-060/GO;Norte;Colisão Traseira;2;;;;;;;;;;6;;;;
06/04/2015;14:58:00;364;com vítima;174;BR-153/MG;Sul;Capotamento;1;;;;;;;;;;0;1;;;
06/04/2015;02:49:00;53;com vítima;612;BR-262/MG;Leste;Saida de Pista;1;;;;;;;;;;0;2;;;
06/04/2015;06:55:00;90;com vítima;631;BR-262/MG;Oeste;Saida de Pista;1;;;;;;;;;;1;1;;;
06/04/2015;23:31:00;600;com vítima;589;BR-153/GO;Sul;Saida de Pista;1;;;;;;;;;;1;2;;;
06/04/2015;08:10:00;144;sem vítima;606;BR-153/GO;Norte;Colisão Traseira;;;2;;;;;;;;2;;;;
06/04/2015;16:22:00;423;com vítima;632;BR-153/GO;Sul;Colisão Traseira;;;2;;;;;;;;0;2;;;
07/04/2015;07:37:00;153;com vítima;363;BR-262/MG;Oeste;Saida de Pista;1;;;;;;;;;;0;1;;;
07/04/2015;11:39:00;284;com vítima;31;BR-060/GO;Norte;Atropelamento - Usuário;1;;;;;;;;;;1;1;;;
07/04/2015;07:34:00;151;com vítima;501;BR-153/GO;Sul;Engavetamento;2;;;1;;;;;;1;1;3;;;
07/04/2015;16:03:00;387;com vítima;504;BR-153/GO;Sul;Colisão Lateral;1;;;;1;;;;;;1;2;;;
07/04/2015;19:16:00;489;sem vítima;504;BR-153/GO;Norte;Colisão Traseira;2;;;;;;;;;;2;;;;
07/04/2015;04:12:00;96;com vítima;81;BR-153/MG;Norte;Colisão Traseira;;;1;;1;;;;;;1;1;;;
07/04/2015;11:50:00;292;com vítima;549;BR-153/GO;Norte;Saida de Pista;1;;;;;;;;;;0;1;;;
07/04/2015;13:49:00;329;com vítima;100;BR-060/GO;Sul;Capotamento;1;;;;;;;;;;1;1;;;
07/04/2015;16:59:00;424;sem vítima;560;BR-153/GO;Norte;Saida de Pista;1;;;;;;;;;;1;;;;
07/04/2015;06:26:00;122;com vítima;109;BR-060/GO;Norte;Saida de Pista;;;1;;;;;;;;0;1;;;
07/04/2015;06:45:00;127;sem vítima;590;BR-153/GO;Sul;Saida de Pista;1;;;;;;;;;;1;;;;
07/04/2015;07:57:00;159;com vítima;591;BR-153/GO;Sul;Capotamento;1;;;;;;;;;;0;2;;;
07/04/2015;18:53:00;477;com vítima;598;BR-153/GO;Sul;Saida de Pista;1;;;;;;;;;;0;2;;;
07/04/2015;16:23:00;400;sem vítima;749;BR-262/MG;Oeste;Saida de Pista;1;;1;;;;;;;;2;;;;
07/04/2015;18:31:00;474;com vítima;749;BR-262/MG;Oeste;;;;;;1;;;;;;2;1;;;
07/04/2015;14:17:00;334;com vítima;628;BR-153/GO;Sul;Saida de Pista;1;;;;;;;;;;0;1;;;
07/04/2015;08:42:00;183;com vítima;125;BR-060/GO;Norte;Saida de Pista;;;1;;;;;;;;1;1;;;
07/04/2015;10:03:00;233;sem vítima;680;BR-153/GO;Norte;Colisão Traseira;;;2;;;;;;;;2;;;;
07/04/2015;05:34:00;118;com vítima;686;BR-153/GO;Norte;Capotamento;1;;;;;;;;;;0;2;;;
07/04/2015;15:10:00;365;sem vítima;697,3;BR-153/GO;Sul;Tombamento;;;1;;;;;;;;1;;;;
08/04/2015;20:45:00;538;com vítima;371;BR-262/MG;Oeste;Saida de Pista;1;;;;;;;;;;0;1;;;
08/04/2015;16:34:00;436;sem vítima;26,05;BR-060/GO;Sul;Saida de Pista;1;;;;;;;;;;1;;;;
08/04/2015;19:00:00;517;sem vítima;498,5;BR-153/GO;Sul;Engavetamento;3;;;;;;;;;;3;;;;
08/04/2015;12:45:00;326;com vítima;382;BR-262/MG;Leste;Saida de Pista;1;;;;;;;;;;0;1;;;
08/04/2015;14:44:00;356;sem vítima;29,4;BR-060/GO;Norte;Saida de Pista;1;;;;;;;;;;1;;;;
08/04/2015;18:58:00;516;com vítima;396;BR-262/MG;Leste;Colisão Frontal;1;;;;;1;;;;;1;1;;;
08/04/2015;06:53:00;100;com vítima;503;BR-153/GO;Norte;Queda de Moto;;;;1;;;;;;;0;;1;;
08/04/2015;15:25:00;381;com vítima;436,5;BR-262/MG;Leste;Tombamento;;;1;;;;;;;;0;1;;;
08/04/2015;07:12:00;108;com vítima;61;BR-060/GO;Norte;Colisão Traseira;1;;;1;;;;;;;1;1;;;
08/04/2015;12:41:00;324;sem vítima;83;BR-060/GO;Norte;Saida de Pista;1;;;;;;;;;;1;;;;
08/04/2015;05:25:00;85;sem vítima;61,6;BR-153/MG;Norte;Saida de Pista;;;1;;;;;;;;1;;;;
08/04/2015;18:34:00;505;sem vítima;89,8;BR-060/GO;Norte;Capotamento;1;;;;;;;;;;1;;;;
08/04/2015;07:53:00;128;com vítima;96,4;BR-060/GO;Sul;Colisão Lateral;1;;;1;;;;;;;1;1;;;
08/04/2015;16:25:00;432;com vítima;676;BR-262/MG;Oeste;Tombamento;;;1;;;;;;;;0;1;;;
08/04/2015;11:12:00;269;com vítima;810;BR-262/MG;Leste;Tombamento;;;1;;;;;;;;0;1;;;
08/04/2015;16:50:00;454;sem vítima;131,6;BR-060/GO;Norte;Tombamento;;;;;;;;;;1;1;;;;
08/04/2015;16:22:00;427;sem vítima;133;BR-060/GO;Sul;Saida de Pista;1;;;;;;;;;;1;;;;
09/04/2015;11:35:00;307;com vítima;506;BR-153/GO;Norte;Queda de Moto;;;;1;;;;;;;0;;2;;
09/04/2015;20:17:00;595;com vítima;461;BR-262/MG;Oeste;Colisão Traseira;;;2;;;;;;;;0;2;;;
09/04/2015;19:11:00;569;sem vítima;93;BR-060/GO;Norte;Colisão Traseira;2;;;;;;;;;;2;;;;
09/04/2015;19:08:00;567;com vítima;524;BR-262/MG;Oeste;Queda de Ciclista;;;;1;;;;;;;0;;1;;
09/04/2015;00:30:00;2;com vítima;513,003;BR-153/GO;Sul;Saida de Pista;1;;;;;;;;;;0;1;;;
09/04/2015;22:10:00;8;sem vítima;575,4;BR-262/MG;Oeste;Saida de Pista;1;;;;;;;;;;2;;;;
09/04/2015;20:10:00;591;sem vítima;109;BR-060/GO;Norte;Saida de Pista;1;;;;;;;;;;1;;;;
09/04/2015;02:00:00;14;com vítima;183,1;BR-153/MG;Sul;Atropelamento - Animal;;;1;;;;;;;;0;1;;;
09/04/2015;12:38:00;341;com vítima;615;BR-262/MG;Oeste;Saida de Pista;;;1;;;;;;;;0;;;;1
09/04/2015;20:30:00;597;sem vítima;659;BR-262/MG;Leste;Saida de Pista;1;;;;;;;;;;1;;;;
09/04/2015;21:50:00;62;sem vítima;640;BR-153/GO;Sul;Saida de Pista;;;1;;;;;;;;1;;;;
09/04/2015;18:11:00;542;sem vítima;864;BR-262/MG;Oeste;Tombamento;;;1;;;;;;;;1;;;;
09/04/2015;17:00:00;506;sem vítima;138;BR-060/GO;Norte;Outros - sequências;;;;1;;;;;;;1;;;;
10/04/2015;16:04:00;368;com vítima;418;BR-262/MG;Leste;Queda de Moto;;;;1;;;;;;;0;1;;;
10/04/2015;10:50:00;233;com vítima;55,7;BR-060/GO;Sul;Saida de Pista;1;;;;;;;;;;0;1;;;
10/04/2015;16:04:00;369;com vítima;42;BR-153/MG;Norte;Saida de Pista;1;;1;;;;;;;;0;3;1;;
10/04/2015;13:18:00;289;sem vítima;4,4;BR-060/DF;Sul;Colisão Lateral;1;;1;;;;;;;;2;;;;
10/04/2015;22:50:00;570;sem vítima;57;BR-060/GO;Norte;Atropelamento - Animal;;;1;;;;;;;;1;;;;
10/04/2015;17:35:00;430;sem vítima;505;BR-153/GO;Norte;Colisão Traseira;1;;1;;;;;;;;2;;;;
10/04/2015;23:12:00;571;com vítima;72;BR-060/GO;Sul;Capotamento;1;;;;;;;;;;0;;1;;
10/04/2015;20:53:00;517;com vítima;472;BR-262/MG;Leste;Colisão Frontal;2;;;;;;;;;;0;1;1;;
10/04/2015;19:19:00;479;com vítima;508;BR-153/GO;Sul;Colisão Transversal;1;;;1;;1;;;;;2;1;;;
10/04/2015;19:28:00;500;sem vítima;508;BR-153/GO;Sul;Colisão Lateral;;;;2;;;;;;;2;;;;
10/04/2015;17:21:00;421;com vítima;510;BR-153/GO;Norte;Colisão Traseira;;;1;1;;;;;;;1;1;;;
10/04/2015;07:19:00;110;sem vítima;95,7;BR-060/GO;Sul;Colisão Lateral;1;;;;;1;;;;;2;;;;
10/04/2015;06:38:00;91;com vítima;96;BR-060/GO;Sul;Colisão Traseira;;;1;1;1;;;;;;2;1;;;
10/04/2015;08:24:00;155;sem vítima;543;BR-153/GO;Norte;Atropelamento - Animal;1;;;;;;;;;;1;;;;
10/04/2015;20:19:00;506;sem vítima;100,45;BR-060/GO;Sul;Colisão Traseira;2;;1;;;;;;;;3;;;;
10/04/2015;19:55:00;495;sem vítima;100,5;BR-060/GO;Sul;Colisão Traseira;;;2;;;;;;;;2;;;;
10/04/2015;12:10:00;258;sem vítima;109;BR-060/GO;Sul;Colisão Traseira;2;;;;;;;;;;2;;;;
10/04/2015;11:41:00;248;com vítima;110;BR-060/GO;Sul;Colisão Traseira;2;;;;;;;;;;1;4;;;
10/04/2015;10:47:00;231;com vítima;190;BR-153/MG;Norte;Colisão Traseira;3;;2;;;;;;;;5;2;;;
10/04/2015;20:50:00;516;com vítima;694;BR-153/GO;Sul;Outros - sequências;;;;1;;1;;;;;1;2;;;
11/04/2015;06:49:00;118;com vítima;357;BR-262/MG;Oeste;Colisão Traseira;2;;;;;;;;;;2;2;;;
11/04/2015;02:30:00;57;com vítima;496;BR-153/GO;Norte;Colisão Traseira;;;;1;;1;;;;;1;1;;;
11/04/2015;17:36:00;476;sem vítima;468,6;BR-262/MG;Oeste;Saida de Pista;1;;;;;;;;;;1;;;;
11/04/2015;07:52:00;145;com vítima;510,5;BR-153/GO;Sul;Colisão Traseira;;;1;1;;1;;;;;2;;;;1
11/04/2015;23:33:00;611;com vítima;516;BR-153/GO;Sul;Colisão Lateral;1;;;1;;;;;;;0;1;;1;
11/04/2015;04:14:00;90;com vítima;518,7;BR-153/GO;Sul;Atropelamento - Usuário;;;;;;1;;;;;1;;;;1
11/04/2015;07:58:00;147;sem vítima;97;BR-060/GO;Sul;Queda de Moto;;;;1;;;;;;;1;;;;
11/04/2015;20:14:00;551;sem vítima;135;BR-153/MG;Sul;Colisão Traseira;;;1;;;1;;;;;2;;;;
11/04/2015;19:03:00;525;com vítima;112;BR-060/GO;Norte;Engavetamento;4;;;;;;;;;;3;1;;;
11/04/2015;15:22:00;381;sem vítima;196,9;BR-153/MG;Sul;Colisão Transversal;1;;1;;;;;;;;2;;;;
11/04/2015;15:52:00;410;sem vítima;643;BR-153/GO;Norte;Saida de Pista;1;;;;;;;;;;2;;;;
11/04/2015;09:38:00;211;com vítima;129;BR-060/GO;Norte;Queda de Moto;;;;1;;;;;;;0;1;;;
11/04/2015;09:39:00;216;com vítima;129,1;BR-060/GO;Norte;Colisão Lateral;;;1;;;;;;;1;2;1;;;
12/04/2015;18:40:00;490;sem vítima;492;BR-153/GO;Norte;Capotamento;1;;;;;1;;;;;2;;;;
12/04/2015;05:15:00;98;com vítima;497;BR-153/GO;Norte;Colisão Traseira;;;;1;;1;;;;;1;1;;;
12/04/2015;15:39:00;396;sem vítima;32;BR-060/GO;Sul;;;;;1;;;;;;;1;;;;
12/04/2015;17:29:00;453;com vítima;417;BR-262/MG;Leste;Outros - sequências;1;;;;;;;;;;1;;2;;
12/04/2015;01:23:00;28;com vítima;421;BR-262/MG;Oeste;Saida de Pista;1;;;;;;;;;;0;2;;;
12/04/2015;16:58:00;435;com vítima;72;BR-060/GO;Sul;Capotamento;1;;;;;;;;;;0;1;;;
12/04/2015;12:27:00;311;com vítima;506;BR-153/GO;Sul;Colisão Traseira;1;;;1;;;;;;;1;1;;;
12/04/2015;19:51:00;515;sem vítima;449;BR-262/MG;Leste;Colisão Traseira;2;;;;;;;;;;3;;;;
12/04/2015;14:47:00;361;com vítima;6,5;BR-060/DF;Sul;Atropelamento - Morador;1;;;;;;;;;;0;1;;;1
12/04/2015;19:04:00;495;sem vítima;546,4;BR-262/MG;Leste;Saida de Pista;1;;;;;;;;;;1;;;;
12/04/2015;19:33:00;512;sem vítima;100;BR-060/GO;Sul;Colisão Traseira;;;;;1;;;;;1;2;;;;
12/04/2015;07:59:00;151;sem vítima;560;BR-153/GO;Norte;Saida de Pista;1;;;;;;;;;;1;;;;
12/04/2015;15:39:00;397;com vítima;112;BR-060/GO;Norte;Choque - Defensa, barreira ou "submarino";;;;1;;;;;;;0;1;;;
12/04/2015;10:30:00;328;com vítima;825;BR-262/MG;Oeste;Queda de Ciclista;;1;;;;;;;;;0;1;;;
13/04/2015;11:00:00;219;sem vítima;358;BR-262/MG;Leste;Saida de Pista;1;;;;;;;;;;1;;;;
13/04/2015;18:44:00;462;sem vítima;498,8;BR-153/GO;Sul;Colisão Traseira;3;;;;;;;;;;3;;;;
13/04/2015;14:03:00;310;sem vítima;502;BR-153/GO;Sul;Colisão Traseira;2;;;;;;;;;;2;;;;
13/04/2015;14:10:00;312;com vítima;508;BR-153/GO;Sul;Colisão Traseira;4;;;;;;;;;;3;1;;;
13/04/2015;07:22:00;100;sem vítima;90;BR-060/GO;Norte;Tombamento;;;1;;;;;;;;1;;;;
13/04/2015;13:49:00;306;sem vítima;509,5;BR-153/GO;Sul;Colisão Traseira;3;;;;;;;;;;4;;;;
13/04/2015;15:42:00;360;com vítima;514;BR-153/GO;Norte;Colisão Lateral;2;;;;;;;;;;0;2;;;
13/04/2015;14:13:00;314;sem vítima;519;BR-153/GO;Norte;Saida de Pista;1;;;;;;;;;;1;;;;
13/04/2015;07:02:00;86;sem vítima;96,5;BR-060/GO;Sul;Colisão Traseira;;;;;;2;;;;;2;;;;
13/04/2015;16:55:00;402;sem vítima;102;BR-060/GO;Norte;Capotamento;1;;;;;;;;;;1;;;;
13/04/2015;21:55:00;506;sem vítima;102;BR-060/GO;Sul;;1;;;;;;;;;;1;;;;
13/04/2015;06:41:00;80;com vítima;120;BR-060/GO;Norte;Colisão Lateral;2;;;;;;;;;;0;2;;;
13/04/2015;09:31:00;169;com vítima;226;BR-153/MG;Norte;Atropelamento - Ciclista;1;1;;;;;;;;;1;;;1;
13/04/2015;17:16:00;410;com vítima;628,2;BR-153/GO;Norte;Capotamento;1;;;;;;;;;;0;2;;;
13/04/2015;07:40:00;110;com vítima;802;BR-262/MG;Leste;Saida de Pista;1;;;;;;;;;;0;1;;;
14/04/2015;18:37:00;488;com vítima;1,8;BR-153/MG;Sul;Colisão Traseira;1;;1;;;;;;;;0;4;;;
14/04/2015;17:25:00;451;com vítima;364;BR-262/MG;Oeste;Tombamento;;;1;;;;;;;;0;;1;;
14/04/2015;13:56:00;328;sem vítima;415,5;BR-262/MG;Leste;;;;1;;;;;;;;1;;;;
14/04/2015;15:02:00;366;sem vítima;503;BR-153/GO;Sul;Colisão Traseira;;;2;;;;;;;;2;;;;
14/04/2015;15:23:00;374;sem vítima;70;BR-060/GO;Sul;Saida de Pista;1;;;;;;;;;;1;;;;
14/04/2015;15:18:00;372;com vítima;75;BR-060/GO;Norte;Outros - sequências;;;1;;;;;;;;0;1;;;
14/04/2015;13:57:00;329;com vítima;470;BR-262/MG;Leste;Colisão Transversal;1;;;1;;;;;;;0;3;1;;
14/04/2015;19:54:00;520;com vítima;92;BR-060/GO;Sul;Colisão Traseira;;;;1;1;;;;;;1;;1;;1
14/04/2015;14:02:00;331;com vítima;98;BR-153/MG;Sul;Capotamento;1;;;;;;;;;;0;1;1;;
14/04/2015;05:13:00;67;com vítima;543,8;BR-153/GO;Sul;Saida de Pista;1;;;;;;;;;;0;1;;;
14/04/2015;17:18:00;442;sem vítima;16;BR-060/DF;Norte;Saida de Pista;1;;;;;;;;;;1;;;;
14/04/2015;17:29:00;458;sem vítima;114,9;BR-060/GO;Sul;Capotamento;;;1;;;;;;;;1;;;;
14/04/2015;17:47:00;467;com vítima;829;BR-262/MG;Oeste;Saida de Pista;1;;;;;;;;;;0;1;;;
15/04/2015;22:00:00;581;com vítima;0;BR-060/DF;Norte;Saida de Pista;1;;;;;;;;;;0;;1;;
15/04/2015;16:48:00;452;sem vítima;5;BR-060/GO;Sul;Choque - Outros;1;;;;;;;;;;1;;;;
15/04/2015;15:51:00;411;sem vítima;18;BR-060/GO;Sul;Colisão Traseira;1;;1;;;;;;;;2;;;;
15/04/2015;12:20:00;324;sem vítima;368,2;BR-262/MG;Leste;Colisão Traseira;1;;1;;;;;;;;2;;;;
15/04/2015;10:00:00;228;sem vítima;2,3;BR-060/DF;Sul;Colisão Lateral;2;;;;;;;;;;2;;;;
15/04/2015;14:49:00;381;sem vítima;3;BR-060/DF;Sul;Colisão Traseira;2;;;;;;;;;;2;;;;
15/04/2015;18:37:00;499;sem vítima;502;BR-153/GO;Sul;Colisão Traseira;1;;1;;;;;;;;2;;;;
15/04/2015;15:22:00;397;sem vítima;508;BR-153/GO;Sul;Colisão Traseira;1;;1;;;;;;;;2;;;;
15/04/2015;14:56:00;385;sem vítima;508,9;BR-153/GO;Sul;Choque - Outros;1;;;;;2;;;;;3;;;;
15/04/2015;18:11:00;488;sem vítima;510,2;BR-153/GO;Sul;Colisão Traseira;1;;;;;2;;;;;3;;;;
15/04/2015;22:52:00;591;com vítima;574;BR-262/MG;Oeste;Outros - sequências;;;2;;;;;;;;1;1;;;
15/04/2015;23:34:00;604;com vítima;581;BR-262/MG;Oeste;Outros - sequências;1;;;;;;;;;;0;1;;;
15/04/2015;06:44:00;122;com vítima;557,5;BR-153/GO;Sul;Capotamento;1;;;;;;;;;;0;1;1;;
15/04/2015;16:32:00;437;com vítima;150,2;BR-153/MG;Norte;Saida de Pista;1;;;;;;;;;;0;1;;;
15/04/2015;15:40:00;407;com vítima;103;BR-060/GO;Sul;Choque - Outros;;;1;;1;;;;;;2;3;;;
15/04/2015;22:00:00;582;com vítima;611;BR-262/MG;Leste;Saida de Pista;;;1;;;;;;;;0;1;;;
15/04/2015;22:27:00;588;sem vítima;118;BR-060/GO;Sul;Colisão Lateral;1;;;;;1;;;;;2;;;;
15/04/2015;17:57:00;484;com vítima;764,6;BR-262/MG;Leste;Tombamento;;;1;;;1;;;;;1;1;;;
15/04/2015;19:36:00;520;com vítima;131;BR-060/GO;Sul;Colisão Frontal;;;1;;;;;;;1;1;1;;;
15/04/2015;00:16:00;8;com vítima;665;BR-153/GO;Norte;Colisão Traseira;;;2;;;;;;;;2;;;;1
15/04/2015;06:52:00;123;sem vítima;680,2;BR-153/GO;Sul;Saida de Pista;;;1;;;;;;;;1;;;;
15/04/2015;08:20:00;167;sem vítima;863,1;BR-262/MG;Leste;Colisão Traseira;1;;;;;;;;;1;2;;;;
15/04/2015;21:53:00;578;com vítima;137;BR-060/GO;Sul;Queda;;;;1;;;;;;;0;;1;;
16/04/2015;16:22:00;397;com vítima;17;BR-153/MG;Sul;Outros - sequências;1;;1;;;;;;;;0;3;;;
16/04/2015;18:12:00;466;sem vítima;499;BR-153/GO;Sul;Engavetamento;3;;;;;;;;;;3;;;;
16/04/2015;00:40:00;14;com vítima;394;BR-262/MG;Leste;Outros - sequências;1;;;;;;;;;;0;1;;;
16/04/2015;12:12:00;273;sem vítima;503;BR-153/GO;Sul;Queda de Moto;;;;1;;;;;;;2;;;;
16/04/2015;07:56:00;109;sem vítima;439,2;BR-262/MG;Oeste;Capotamento;1;;;;;;;;;;1;;;;
16/04/2015;08:57:00;145;sem vítima;53,4;BR-153/MG;Norte;Colisão Traseira;1;;1;;;;;;;;2;;;;
16/04/2015;02:55:00;43;sem vítima;58,2;BR-153/MG;Norte;Tombamento;;;1;;;;;;;;1;;;;
16/04/2015;19:24:00;518;com vítima;480;BR-262/MG;Leste;Capotamento;1;;;;;;;;;;0;1;;;
16/04/2015;19:09:00;510;sem vítima;530;BR-262/MG;Oeste;Atropelamento - Animal;;;1;;;;;;;;1;;;;
16/04/2015;08:05:00;120;com vítima;96;BR-060/GO;Sul;Colisão Traseira;1;;;1;;;;;;;2;1;;;
16/04/2015;14:36:00;333;com vítima;569;BR-262/MG;Oeste;Capotamento;1;;;;;;;;;;0;1;;;
16/04/2015;11:21:00;248;com vítima;575;BR-262/MG;Leste;Saida de Pista;1;;;;;;;;;;0;1;;;
16/04/2015;11:48:00;262;sem vítima;586;BR-262/MG;Oeste;;1;;;;;;;;;;1;;;;
16/04/2015;11:48:00;270;sem vítima;586,3;BR-262/MG;Oeste;Saida de Pista;1;;;;;;;;;;1;;;;
16/04/2015;12:42:00;285;sem vítima;588;BR-262/MG;Leste;Colisão Lateral;1;;;;;;;;;1;2;;;;
16/04/2015;01:18:00;25;com vítima;590;BR-262/MG;Leste;Saida de Pista;1;;;;;;;;;;0;1;;;
16/04/2015;20:50:00;547;com vítima;220;BR-153/MG;Norte;Outros - sequências;1;;1;;;1;;;;;1;1;;;1
17/04/2015;07:26:00;114;sem vítima;493;BR-153/GO;Sul;Colisão Traseira;2;;;;;;;;;;2;;;;
17/04/2015;07:10:00;103;sem vítima;494,7;BR-153/GO;Sul;Engavetamento;3;;;;;;;;;;3;;;;
17/04/2015;07:21:00;111;com vítima;495,2;BR-153/GO;Sul;Colisão Traseira;1;;;1;;;;;;;1;1;;;
17/04/2015;02:20:00;38;com vítima;375,5;BR-262/MG;Leste;Saida de Pista;;;1;;;;;;;;0;1;;;
17/04/2015;18:34:00;652;com vítima;15,5;BR-153/MG;Sul;Colisão Traseira;2;;;;;;;;;;1;1;;;
17/04/2015;02:20:00;37;com vítima;4,5;BR-060/DF;Norte;Capotamento;1;;;;;;;;;;0;2;;;
17/04/2015;14:50:00;486;com vítima;478;BR-262/MG;Leste;Colisão Transversal;2;;;;;;;;;;1;1;;;
17/04/2015;17:12:00;590;com vítima;519;BR-153/GO;Sul;Outros - sequências;1;;;;;1;;;;;0;3;;;
17/04/2015;18:49:00;658;sem vítima;521;BR-153/GO;Norte;Choque - Outros;1;;;;;;;;;;2;;;;
17/04/2015;17:03:00;585;sem vítima;119;BR-153/MG;Norte;Carreta deu L;;;2;;;;;;;;2;;;;
17/04/2015;19:31:00;677;com vítima;15,3;BR-060/DF;Sul;Outros - sequências;1;;;;;;;;;;2;1;;;
17/04/2015;02:57:00;47;com vítima;144;BR-153/MG;Norte;Saida de Pista;1;;;;;;;;;;0;3;;;
17/04/2015;19:05:00;666;com vítima;610;BR-262/MG;Leste;Capotamento;1;;;;;;;;;;0;3;;;
17/04/2015;20:19:00;698;sem vítima;188;BR-153/MG;Norte;Colisão Lateral;2;;;;;;;;;;2;;;;
17/04/2015;16:16:00;559;sem vítima;118;BR-060/GO;Sul;Colisão Lateral;2;;;;;;;;;;2;;;;
17/04/2015;22:01:00;741;sem vítima;770;BR-262/MG;Leste;Tombamento;;;1;;;;;;;;1;;;;
18/04/2015;14:39:00;476;sem vítima;362;BR-262/MG;Leste;Saida de Pista;1;;;;;;;;;;1;;;;
18/04/2015;06:43:00;116;sem vítima;10,4;BR-060/GO;Norte;Saida de Pista;1;;;;;;;;;;1;;;;
18/04/2015;23:42:00;781;com vítima;497;BR-153/GO;Sul;Colisão Traseira;1;;;;1;;;;;;1;2;;;
18/04/2015;01:34:00;30;sem vítima;382;BR-262/MG;Oeste;Colisão Lateral;1;;;;;1;;;;;2;;;;
18/04/2015;21:08:00;712;sem vítima;398,8;BR-262/MG;Oeste;Colisão Traseira;2;;;;;;;;;;2;;;;
18/04/2015;19:02:00;655;com vítima;437;BR-262/MG;Leste;Queda de Moto;;;;1;;;;;;;1;1;;;
18/04/2015;06:54:00;136;sem vítima;58;BR-153/MG;Sul;Tombamento;;;1;;;;;;;;1;;;;
18/04/2015;10:42:00;306;sem vítima;58;BR-153/MG;Norte;Colisão Traseira;1;;;;;;;;;1;2;;;;
18/04/2015;13:08:00;417;sem vítima;82,8;BR-060/GO;Norte;Saida de Pista;1;;;;;;;;;;1;;;;
18/04/2015;09:43:00;252;com vítima;509;BR-153/GO;Norte;Colisão Lateral;;;;1;;1;;;;;1;1;;;
18/04/2015;03:18:00;50;sem vítima;487;BR-262/MG;Leste;Atropelamento - Animal;1;;;;;;;;;;1;;;;
18/04/2015;04:20:00;70;com vítima;547,8;BR-262/MG;Leste;Tombamento;;;1;;;;;;;;0;1;;;
18/04/2015;00:40:00;12;com vítima;146;BR-153/MG;Sul;Outros - sequências;;;1;;;;;;;;0;1;;;
18/04/2015;10:04:00;269;com vítima;553;BR-153/GO;Sul;Atropelamento - Ciclista;1;1;;;;;;;;;1;;1;;
18/04/2015;11:02:00;330;sem vítima;612;BR-153/GO;Norte;Colisão Traseira;1;;1;;;;;;;;2;;;;
18/04/2015;19:21:00;662;com vítima;670;BR-153/GO;Norte;Tombamento;;;1;;;;;;;;0;1;;;