data;horario;n_da_ocorrencia;tipo_de_ocorrencia;km;trecho;sentido;tipo_de_acidente;automovel;bicicleta;caminhao;moto;onibus;outros;tracao_animal;transporte_de_cargas_especiais;trator_maquinas;utilitarios;ilesos;levemente_feridos;moderadamente_feridos;gravemente_feridos;mortos
02/05/2015;19:19:00;442;sem vítima;27,8;BR-060/GO;Sul;Capotamento;1;;;;;1;;;;;2;;;;
02/05/2015;15:55:00;350;sem vítima;4;BR-060/DF;Sul;Saida de Pista;1;;;;;;;;;;2;;;;
02/05/2015;20:24:00;462;com vítima;45,3;BR-060/GO;Norte;Outros - sequências;2;;;;;;;;;;0;6;;;
02/05/2015;04:27:00;67;com vítima;51,8;BR-060/GO;Norte;Queda de Moto;;;;1;;;;;;;0;2;;;
02/05/2015;08:32:00;134;com vítima;63,5;BR-060/GO;Sul;Colisão Traseira;1;;1;;;1;;;;;1;3;;;
02/05/2015;07:28:00;92;sem vítima;441,5;BR-262/MG;Leste;Choque - Talude;1;;;;;;;;;;1;;;;
02/05/2015;18:46:00;434;com vítima;442;BR-262/MG;Leste;Colisão Frontal;1;;;1;;;;;;;1;1;;;
02/05/2015;03:51:00;61;sem vítima;539;BR-262/MG;Oeste;Saida de Pista;1;;;;;;;;;;1;;;;
02/05/2015;03:46:00;57;com vítima;530,3;BR-153/GO;Norte;Queda de Moto;;;;1;;;;;;;0;;1;;
02/05/2015;15:48:00;355;com vítima;574;BR-262/MG;Leste;Capotamento;1;;;;;;;;;;1;2;;;
02/05/2015;15:04:00;322;sem vítima;587;BR-262/MG;Leste;Colisão Traseira;1;;;;;1;;;;;2;;;;
02/05/2015;18:36:00;433;sem vítima;636;BR-262/MG;Leste;Atropelamento - Animal;1;;;;;;;;;;1;;;;
02/05/2015;00:51:00;17;com vítima;656;BR-262/MG;Leste;Capotamento;1;;;;;;;;;;1;1;1;;
03/05/2015;16:16:00;559;sem vítima;377;BR-262/MG;Oeste;Colisão Traseira;1;;1;;;1;;;;;3;;;;
03/05/2015;22:08:00;820;sem vítima;28;BR-060/GO;Sul;Saida de Pista;1;;;;;;;;;;1;;;;
03/05/2015;12:00:00;342;com vítima;39;BR-060/GO;Sul;Capotamento;1;;;;;;;;;;0;;1;;
03/05/2015;19:36:00;713;com vítima;26;BR-153/MG;Sul;Colisão Traseira;1;;;;;1;;;;;2;1;;;
03/05/2015;13:13:00;413;sem vítima;403;BR-262/MG;Leste;Capotamento;1;;;;;;;;;;2;;;;
03/05/2015;22:13:00;822;sem vítima;411;BR-262/MG;Leste;Atropelamento - Animal;1;;;;;;;;;;1;;;;
03/05/2015;20:13:00;748;com vítima;426;BR-262/MG;Leste;Capotamento;1;;;;;;;;;;0;3;;;
03/05/2015;17:00:00;632;com vítima;438,5;BR-262/MG;Oeste;Colisão Transversal;1;;;1;;;;;;;4;;;;1
03/05/2015;14:20:00;472;sem vítima;53;BR-153/MG;Sul;;1;;;;;;;;;;1;;;;
03/05/2015;14:17:00;466;com vítima;54,2;BR-153/MG;Sul;Saida de Pista;1;;;;;;;;;;0;5;;;
03/05/2015;18:36:00;680;sem vítima;79;BR-060/GO;Sul;Colisão Traseira;1;;;1;;;;;;;2;;;;
03/05/2015;23:28:00;889;com vítima;548,3;BR-153/GO;Norte;Queda de Moto;;;;1;;1;;;;;1;;;;1
03/05/2015;18:00:00;649;sem vítima;101;BR-060/GO;Sul;Colisão Traseira;2;;;;;;;;;;2;;;;
03/05/2015;10:36:00;272;com vítima;118;BR-060/GO;Norte;Colisão Traseira;;;;1;;1;;;;;1;1;;;
03/05/2015;18:53:00;695;sem vítima;219;BR-153/MG;Norte;Colisão Traseira;1;;1;;;;;;;;2;;;;
04/05/2015;20:03:00;626;sem vítima;10;BR-153/MG;Norte;Saida de Pista;1;;;;;;;;;;2;;;;
04/05/2015;10:20:00;285;sem vítima;499;BR-153/GO;Sul;Colisão Traseira;1;;;;;1;;;;;2;;;;
04/05/2015;13:09:00;407;sem vítima;500;BR-153/GO;Sul;Colisão Traseira;1;;;;;1;;;;;2;;;;
04/05/2015;20:58:00;641;sem vítima;42,3;BR-060/GO;Sul;Saida de Pista;1;;;;;;;;;;1;;;;
04/05/2015;15:07:00;481;sem vítima;25,5;BR-153/MG;Norte;Saida de Pista;1;;;;;;;;;;1;;;;
04/05/2015;15:23:00;488;sem vítima;504;BR-153/GO;Sul;Outros - sequências;1;;;;;1;;;;;2;;;;
04/05/2015;19:50:00;621;sem vítima;62,4;BR-060/GO;Norte;Colisão Lateral;1;;1;;;;;;;;2;;;;
04/05/2015;10:42:00;318;sem vítima;64;BR-060/GO;Sul;Colisão Lateral;1;;1;;;;;;;;2;;;;
04/05/2015;10:41:00;316;com vítima;64;BR-060/GO;Norte;Capotamento;1;;;;;;;;;;0;1;;;
04/05/2015;08:22:00;192;com vítima;508;BR-153/GO;Norte;Engavetamento;3;;1;;;;;;;;3;1;;;
04/05/2015;23:32:00;714;com vítima;120,3;BR-153/MG;Norte;Colisão Traseira;;;2;;;;;;;;0;2;;;
04/05/2015;12:13:00;382;sem vítima;97;BR-060/GO;Sul;Colisão Lateral;1;;;1;;;;;;;2;;;;
04/05/2015;19:03:00;604;com vítima;107;BR-060/GO;Sul;Queda de Moto;;;;1;;;;;;;0;1;;;
04/05/2015;14:28:00;452;sem vítima;589;BR-262/MG;Leste;Tombamento;1;;;;;;;;;;2;;;;
04/05/2015;14:19:00;447;com vítima;588,1;BR-153/GO;Norte;Outros - sequências;1;;;;;;;;;;0;1;;;1
04/05/2015;04:11:00;80;sem vítima;117,8;BR-060/GO;Norte;Colisão Lateral;2;;;;;;;;;;2;;;;
04/05/2015;15:04:00;479;com vítima;779;BR-262/MG;Leste;Saida de Pista;;;1;;;;;;;;0;1;;;
04/05/2015;12:21:00;388;sem vítima;629;BR-153/GO;Norte;Capotamento;1;;;;;;;;;;3;;;;
05/05/2015;18:52:00;442;com vítima;358;BR-262/MG;Leste;Atropelamento - Morador;;;;;;1;;;;;1;;;;1
05/05/2015;20:47:00;470;sem vítima;364;BR-262/MG;Leste;Saida de Pista;;;;;;;;;;1;2;;;;
05/05/2015;18:45:00;438;sem vítima;497;BR-153/GO;Sul;Colisão Traseira;1;;;;;1;;;;;2;;;;
05/05/2015;17:05:00;369;sem vítima;25;BR-060/GO;Norte;Saida de Pista;1;;;;;;;;;;1;;;;
05/05/2015;08:34:00;169;sem vítima;382;BR-262/MG;Oeste;Saida de Pista;1;;;;;;;;;;1;;;;
05/05/2015;12:45:00;290;sem vítima;383;BR-262/MG;Oeste;Outros - sequências;1;;;;;;;;;;1;;;;
05/05/2015;09:05:00;180;sem vítima;385;BR-262/MG;Oeste;Saida de Pista;1;;;;;;;;;;1;;;;
05/05/2015;09:49:00;196;sem vítima;23,8;BR-153/MG;Sul;Outros - sequências;1;;;;;;;;;;1;;;;
05/05/2015;19:12:00;447;sem vítima;41;BR-060/GO;Sul;Capotamento;1;;;;;;;;;;1;;;;
05/05/2015;16:06:00;337;com vítima;500;BR-153/GO;Sul;Colisão Lateral;1;;;1;;;;;;;1;1;;;
05/05/2015;09:20:00;181;com vítima;399;BR-262/MG;Oeste;Queda de Ciclista;;;;1;;;;;;;0;1;;;
05/05/2015;17:35:00;407;sem vítima;500,5;BR-153/GO;Sul;Colisão Traseira;;;1;;;1;;;;;2;;;;
05/05/2015;11:20:00;242;com vítima;429,9;BR-262/MG;Oeste;Saida de Pista;1;;;;;;;;;;0;1;;;
05/05/2015;11:06:00;231;sem vítima;55;BR-060/GO;Norte;Choque - Defensa, barreira ou "submarino";1;;;;;;;;;;1;;;;
05/05/2015;18:23:00;427;sem vítima;506,2;BR-153/GO;Norte;Engavetamento;4;;;;;;;;;;4;;;;
05/05/2015;18:41:00;435;sem vítima;506,2;BR-153/GO;Norte;Colisão Traseira;2;;;;;;;;;;2;;;;
05/05/2015;16:00:00;335;com vítima;472;BR-262/MG;Oeste;Colisão Transversal;1;;2;;;;;;;;0;3;;;
05/05/2015;23:30:00;22;com vítima;77,1;BR-153/MG;Sul;Saida de Pista;;;1;;;;;;;;0;1;;;
05/05/2015;16:55:00;461;sem vítima;538;BR-262/MG;Leste;Saida de Pista;1;;;;;;;;;;1;;;;
05/05/2015;17:11:00;371;com vítima;543,1;BR-262/MG;Leste;Colisão Frontal;;;;;1;;;;;1;2;1;2;3;2
05/05/2015;22:11:00;491;sem vítima;519;BR-153/GO;Sul;;1;;;;;;;;;;1;;;;
05/05/2015;14:43:00;312;com vítima;574,5;BR-262/MG;Oeste;Tombamento;1;;;;;;;;;;0;1;;;
05/05/2015;04:50:00;100;com vítima;591;BR-262/MG;Leste;Saida de Pista;;;1;;;;;;;;0;1;;;
05/05/2015;15:45:00;352;sem vítima;592,2;BR-262/MG;Leste;Saida de Pista;1;;;;;;;;;;1;;;;
05/05/2015;15:40:00;328;com vítima;595,2;BR-262/MG;Leste;Saida de Pista;1;;;;;;;;;;0;2;;;
05/05/2015;22:41:00;504;sem vítima;611;BR-262/MG;Leste;Tombamento;;;1;;;;;;;;1;;;;
05/05/2015;20:29:00;467;sem vítima;707;BR-262/MG;Leste;Saida de Pista;1;;;;;;;;;;1;;;;
05/05/2015;07:30:00;399;sem vítima;783;BR-262/MG;Oeste;;;;1;;;;;;;;1;;;;
06/05/2015;20:56:00;704;sem vítima;492;BR-153/GO;Sul;Colisão Lateral;1;;;;;;;;;1;2;;;;
06/05/2015;12:30:00;454;com vítima;366;BR-262/MG;Leste;Queda de Moto;;;;1;;;;;;;0;1;;;
06/05/2015;19:42:00;677;sem vítima;371;BR-262/MG;Leste;Saida de Pista;1;;;;;;;;;;1;;;;
06/05/2015;11:13:00;395;sem vítima;26;BR-060/GO;Sul;Saida de Pista;1;;;;;;;;;;1;;;;
06/05/2015;09:46:00;334;sem vítima;4,3;BR-060/DF;Norte;Colisão Traseira;2;;;;;;;;;;2;;;;
06/05/2015;13:00:00;455;com vítima;430,9;BR-262/MG;Leste;Saida de Pista;1;;;;;;;;;;0;2;;;
06/05/2015;18:05:00;635;sem vítima;506;BR-153/GO;Norte;Colisão Traseira;1;;;;;1;;;;;2;;;;
06/05/2015;16:56:00;594;sem vítima;511;BR-153/GO;Norte;Colisão Traseira;1;;1;;;;;;;;2;;;;
06/05/2015;04:02:00;61;com vítima;93;BR-060/GO;Sul;Capotamento;;;;;;;;;;1;0;1;;;
06/05/2015;15:59:00;564;sem vítima;514;BR-153/GO;Norte;Colisão Lateral;;;2;;;;;;;;2;;;;
06/05/2015;01:25:00;25;sem vítima;108;BR-153/MG;Sul;Colisão Frontal;1;;;;;;;;;;1;;;;
06/05/2015;12:26:00;439;com vítima;593;BR-262/MG;Leste;Saida de Pista;;;1;;;;;;;;0;2;;;
06/05/2015;15:21:00;533;sem vítima;114;BR-060/GO;Norte;Saida de Pista;;;1;;;;;;;;1;;;;
06/05/2015;14:18:00;494;com vítima;750;BR-262/MG;Oeste;Saida de Pista;;;;;;;;;;1;1;;1;;
06/05/2015;09:10:00;305;sem vítima;778,1;BR-262/MG;Leste;Colisão Traseira;1;;;;;1;;;;;2;;;;
06/05/2015;15:18:00;527;sem vítima;125;BR-060/GO;Sul;Saida de Pista;1;;;;;;;;;;1;;;;
06/05/2015;19:04:00;662;sem vítima;652,92;BR-153/GO;Sul;Saida de Pista;1;;;;;;;;;;2;;;;
07/05/2015;00:15:00;5;sem vítima;357;BR-262/MG;Leste;Choque - Defensa, barreira ou "submarino";1;;;;;1;;;;;4;;;;
07/05/2015;08:08:00;141;sem vítima;499,2;BR-153/GO;Sul;Colisão Lateral;1;;;;;;;;;;1;;;;
07/05/2015;08:20:00;148;sem vítima;4;BR-060/DF;Norte;Engavetamento;3;;;;;1;;;;;4;;;;
07/05/2015;11:00:00;301;com vítima;429;BR-262/MG;Oeste;Colisão Lateral;2;;;;;;;;;;0;6;;;
07/05/2015;20:26:00;632;sem vítima;506,5;BR-153/GO;Sul;Outros - sequências;;;;1;;;;;;;1;;;;
07/05/2015;07:20:00;118;com vítima;58;BR-153/MG;Norte;Tombamento;;;1;;;;;;;;0;1;;;
07/05/2015;19:07:00;600;sem vítima;509;BR-153/GO;Sul;Queda de Moto;;;;1;;;;;;;1;;;;
07/05/2015;07:52:00;134;com vítima;156;BR-153/MG;Sul;Saida de Pista;;;1;;;;;;;;0;;;1;
07/05/2015;16:35:00;525;sem vítima;574;BR-153/GO;Norte;Colisão Traseira;2;;;;;;;;;;2;;;;
07/05/2015;07:19:00;116;com vítima;818;BR-262/MG;Oeste;Colisão Lateral;1;;;1;;;;;;;2;;1;;
07/05/2015;07:21:00;119;com vítima;244;BR-153/MG;Sul;Colisão Frontal;1;;;;;;;;;1;0;3;;;
07/05/2015;19:01:00;597;com vítima;136,5;BR-060/GO;Sul;Outros - sequências;1;;1;;;;;;;;2;2;;;
08/05/2015;11:06:00;428;sem vítima;491;BR-153/GO;Norte;Colisão Traseira;2;;;;;;;;;1;3;;;;
08/05/2015;16:25:00;645;com vítima;364,05;BR-262/MG;Leste;Atropelamento - Morador;;;;1;;1;;;;;2;;;1;
08/05/2015;08:51:00;291;sem vítima;495;BR-153/GO;Norte;Colisão Lateral;2;;;;;;;;;;2;;;;
08/05/2015;14:25:00;562;com vítima;368;BR-262/MG;Leste;Capotamento;1;;;;;;;;;;0;2;;;
08/05/2015;05:48:00;180;com vítima;26;BR-060/GO;Sul;Choque - Poste;1;;;;;;;;;;0;1;;;
08/05/2015;19:08:00;715;com vítima;501;BR-153/GO;Sul;Queda de Moto;;;;1;;;;;;;0;1;;;
08/05/2015;07:14:00;210;com vítima;435;BR-262/MG;Oeste;Colisão Lateral;1;;;;;;;;;;0;2;;;
08/05/2015;08:00:00;234;sem vítima;506;BR-153/GO;Norte;Colisão Traseira;1;;;;;;;;;1;2;;;;
08/05/2015;15:25:00;610;com vítima;83,5;BR-060/GO;Sul;Colisão Traseira;;;1;1;;;;;;;1;1;;;
08/05/2015;17:54:00;685;sem vítima;94;BR-060/GO;Norte;Engavetamento;5;;;;;;;;;;5;;;;
08/05/2015;20:29:00;753;com vítima;544;BR-262/MG;Leste;Colisão Lateral;2;;;;;;;;;;8;1;;;
08/05/2015;22:39:00;829;sem vítima;226;BR-153/MG;Norte;Outros - sequências;1;;;;;;;;;;5;;;;
08/05/2015;16:25:00;644;sem vítima;130;BR-060/GO;Sul;Engavetamento;3;;;;;;;;;;3;;;;
09/05/2015;20:15:00;600;com vítima;361;BR-262/MG;Oeste;Choque - Defensa, barreira ou "submarino";;;;1;;1;;;;;1;1;1;;
09/05/2015;06:39:00;165;com vítima;362;BR-262/MG;Leste;Saida de Pista;1;;;;;1;;;;;1;2;;;
09/05/2015;11:59:00;358;com vítima;12;BR-060/GO;Norte;Colisão Traseira;;;2;;;;;;;;1;;1;;
09/05/2015;18:20:00;549;sem vítima;377,5;BR-262/MG;Leste;Choque - Defensa, barreira ou "submarino";1;;;;;;;;;;1;;;;
09/05/2015;10:20:00;303;com vítima;14;BR-153/MG;Sul;Tombamento;;;1;;;;;;;;0;1;;;
09/05/2015;07:13:00;177;com vítima;382;BR-262/MG;Oeste;Saida de Pista;1;;;;;;;;;;2;1;;;
09/05/2015;08:58:00;253;com vítima;31,5;BR-060/GO;Norte;Colisão Lateral;1;;;1;;;;;;;1;1;;;
09/05/2015;18:00:00;543;com vítima;32;BR-060/GO;Norte;Colisão Traseira;2;;;;;;;;;;1;1;;;
09/05/2015;21:10:00;620;sem vítima;390;BR-262/MG;Leste;Colisão Traseira;2;;;;;;;;;;2;;;;
09/05/2015;00:16:00;8;sem vítima;417;BR-262/MG;Oeste;Saida de Pista;1;;;;;;;;;;1;;;;
09/05/2015;15:59:00;468;com vítima;417;BR-262/MG;Oeste;Colisão Traseira;2;;;;;;;;;;0;4;;;
09/05/2015;02:37:00;78;com vítima;418;BR-262/MG;Leste;Capotamento;1;;;;;;;;;;0;1;;;
09/05/2015;14:54:00;440;com vítima;37;BR-153/MG;Sul;Engavetamento;3;;;;;;;;;;1;2;1;;
09/05/2015;08:00:00;213;com vítima;503;BR-153/GO;Norte;Queda de Moto;;;;1;;;;;;;0;1;;;
09/05/2015;12:01:00;359;com vítima;504;BR-153/GO;Sul;Saida de Pista;1;;;;;;;;;;0;1;;;
09/05/2015;23:07:00;669;com vítima;439;BR-262/MG;Leste;Saida de Pista;1;;;;;;;;;;0;3;;;
09/05/2015;15:12:00;449;com vítima;445;BR-262/MG;Oeste;Colisão Traseira;;;;1;;1;;;;;1;1;;;
09/05/2015;12:48:00;378;com vítima;449;BR-262/MG;Leste;Choque - Arvore;1;;;;;;;;;;0;1;1;;
09/05/2015;14:41:00;433;sem vítima;509;BR-153/GO;Sul;Outros - sequências;;;1;;;;;;;1;2;;;;
09/05/2015;11:00:00;329;sem vítima;523;BR-153/GO;Norte;Queda de Moto;;;;1;;1;;;;;2;;;;
09/05/2015;22:39:00;655;sem vítima;583;BR-262/MG;Leste;Saida de Pista;;;;;;;;;;1;1;;;;
09/05/2015;13:41:00;398;com vítima;115;BR-060/GO;Norte;Colisão Traseira;2;;;;;;;;;;2;2;;;
09/05/2015;04:17:00;116;sem vítima;618;BR-153/GO;Sul;Queda de Moto;;;;1;;;;;;;1;;;;
09/05/2015;19:12:00;571;com vítima;234,5;BR-153/MG;Sul;Queda de Moto;;;;1;;;;;;;0;2;;;
09/05/2015;10:18:00;300;com vítima;671,4;BR-153/GO;Sul;Capotamento;1;;;;;;;;;;0;1;;;
09/05/2015;17:36:00;529;sem vítima;245;BR-153/MG;Sul;Colisão Transversal;2;;;;;;;;;;2;;;;
09/05/2015;17:58:00;541;com vítima;700,4;BR-153/GO;Sul;Queda de Moto;;;;1;;;;;;;0;1;;;
10/05/2015;16:57:00;368;com vítima;491;BR-153/GO;Norte;Queda de Moto;;;;1;;;;;;;0;;1;;
10/05/2015;16:11:00;346;com vítima;3;BR-060/GO;Norte;Colisão Traseira;2;;;;;;;;;;1;;;4;
10/05/2015;10:48:00;210;com vítima;26,1;BR-060/GO;Norte;Capotamento;1;;;;;;;;;;0;1;1;;
10/05/2015;10:36:00;204;com vítima;28,2;BR-060/GO;Norte;Capotamento;;;;;;;;;;1;0;1;;;
10/05/2015;20:12:00;466;com vítima;4;BR-060/DF;Sul;Saida de Pista;1;;;;;;;;;;0;;1;;
10/05/2015;15:05:00;310;sem vítima;47,3;BR-060/GO;Sul;Saida de Pista;1;;;;;;;;;;1;;;;
10/05/2015;10:37:00;206;sem vítima;503,2;BR-153/GO;Norte;Engavetamento;4;;;;;1;;;;;5;;;;
10/05/2015;10:16:00;192;com vítima;48,1;BR-153/MG;Sul;Capotamento;1;;;;;1;;;;;1;2;;;
10/05/2015;18:39:00;428;sem vítima;53;BR-153/MG;Sul;Saida de Pista;1;;;;;;;;;;1;;;;
10/05/2015;12:05:00;237;com vítima;464;BR-262/MG;Oeste;Capotamento;1;;;;;1;;;;;3;1;;2;
10/05/2015;23:35:00;552;com vítima;80,8;BR-060/GO;Sul;Queda de Moto;;;;1;;;;;;;0;1;;;
10/05/2015;16:08:00;344;com vítima;89;BR-060/GO;Norte;Queda de Ciclista;;;;1;;;;;;;0;1;;;
10/05/2015;05:16:00;68;com vítima;511;BR-153/GO;Sul;Queda de Moto;;;;1;;;;;;;0;2;;;
10/05/2015;05:30:00;71;com vítima;512;BR-153/GO;Sul;Queda de Ciclista;;;;1;;;;;;;0;1;;;
10/05/2015;22:58:00;544;com vítima;512;BR-153/GO;Sul;Queda de Moto;;;;1;;;;;;;0;1;;;
10/05/2015;04:35:00;61;com vítima;93;BR-060/GO;Sul;Colisão Traseira;1;;;1;;;;;;;1;;;;1
10/05/2015;05:49:00;88;sem vítima;513,5;BR-153/GO;Norte;Saida de Pista;1;;;;;;;;;;1;;;;
10/05/2015;22:01:00;517;sem vítima;517;BR-153/GO;Norte;;1;;;;;;;;;;1;;;;
10/05/2015;18:49:00;432;sem vítima;97;BR-060/GO;Norte;Colisão Traseira;2;;;;;;;;;;2;;;;
10/05/2015;00:54:00;13;sem vítima;534;BR-153/GO;Norte;Atropelamento - Animal;1;;;;;;;;;;1;;;;
10/05/2015;00:10:00;29;sem vítima;536;BR-153/GO;Norte;Atropelamento - Animal;;;1;;;;;;;;1;;;;
10/05/2015;10:59:00;212;sem vítima;102;BR-060/GO;Norte;Engavetamento;3;;;;;;;;;;3;;;;
10/05/2015;23:10:00;548;com vítima;187;BR-153/MG;Norte;Saida de Pista;1;;;;;;;;;;0;3;;;
10/05/2015;02:56:00;43;sem vítima;118;BR-060/GO;Norte;Saida de Pista;1;;;;;;;;;;1;;;;
10/05/2015;06:40:00;87;com vítima;755,2;BR-262/MG;Oeste;Saida de Pista;1;;;;;;;;;;2;2;;;
10/05/2015;20:42:00;482;sem vítima;225;BR-153/MG;Norte;Saida de Pista;1;;;;;;;;;;1;;;;
10/05/2015;15:28:00;325;sem vítima;800;BR-262/MG;Leste;Colisão Traseira;2;;;;;;;;;;2;;;;
10/05/2015;19:49:00;460;sem vítima;865;BR-262/MG;Leste;Saida de Pista;;;;;;;;;;1;2;;;;
10/05/2015;21:49:00;513;sem vítima;912;BR-262/MG;Oeste;Saida de Pista;1;;;;;;;;;;1;;;;
11/05/2015;17:44:00;468;sem vítima;1;BR-060/GO;Sul;Saida de Pista;;;;;1;;;;;;1;;;;
11/05/2015;09:30:00;138;sem vítima;20;BR-060/GO;Sul;Saida de Pista;1;;;;;;;;;;2;;;;
11/05/2015;10:11:00;168;com vítima;24;BR-060/GO;Sul;Saida de Pista;;;1;;;;;;;;0;1;;;
11/05/2015;07:54:00;91;sem vítima;25,8;BR-060/GO;Sul;Saida de Pista;1;;;;;1;;;;;3;;;;
11/05/2015;08:28:00;102;com vítima;380;BR-262/MG;Leste;Capotamento;;;;;;;;;;1;0;1;;;
11/05/2015;13:16:00;286;sem vítima;27;BR-060/GO;Norte;Tombamento;;;1;;;;;;;;1;;;;
11/05/2015;09:11:00;132;com vítima;383,7;BR-262/MG;Oeste;Saida de Pista;1;;;;;;;;;;0;1;;;
11/05/2015;22:50:00;669;com vítima;385;BR-262/MG;Leste;Tombamento;;;1;;;;;;;;0;;;;1
11/05/2015;14:45:00;356;sem vítima;34,7;BR-060/GO;Norte;Saida de Pista;1;;;;;;;;;;1;;;;
11/05/2015;16:26:00;414;sem vítima;3,2;BR-060/DF;Norte;Colisão Lateral;2;;;;;;;;;;2;;;;
11/05/2015;19:03:00;504;com vítima;500;BR-153/GO;Sul;Colisão Traseira;2;;;;;;;;;;1;1;;;
11/05/2015;09:41:00;145;sem vítima;500,2;BR-153/GO;Sul;Colisão Traseira;2;;;;;1;;;;;3;;;;
11/05/2015;19:18:00;510;com vítima;411;BR-262/MG;Oeste;Colisão Traseira;;;1;1;;;;;;;1;1;;;
11/05/2015;14:02:00;308;com vítima;75;BR-060/GO;Norte;Capotamento;1;;;;;;;;;;0;1;;;
11/05/2015;06:45:00;72;com vítima;508;BR-153/GO;Norte;Colisão Traseira;2;;;;;1;;;;;3;2;;;
11/05/2015;20:24:00;533;sem vítima;491;BR-262/MG;Oeste;Colisão Traseira;;;2;;;;;;;;2;;;;
11/05/2015;11:33:00;246;com vítima;510;BR-153/GO;Sul;Queda de Ciclista;;;;1;;1;;;;;1;2;;;
11/05/2015;19:04:00;505;sem vítima;93;BR-060/GO;Sul;Colisão Lateral;2;;;;;;;;;;2;;;;
11/05/2015;00:13:00;5;com vítima;104;BR-153/MG;Sul;Saida de Pista;1;;;;;;;;;;0;1;;;
11/05/2015;07:50:00;87;com vítima;558,5;BR-262/MG;Oeste;Capotamento;1;;1;;;;;;;;1;1;;;
11/05/2015;06:20:00;68;sem vítima;564;BR-262/MG;Leste;Saida de Pista;1;;;;;;;;;;1;;;;
11/05/2015;06:46:00;73;com vítima;531;BR-153/GO;Norte;Tombamento;1;;;;;1;;;;;1;4;;;
11/05/2015;07:43:00;84;com vítima;540,4;BR-153/GO;Sul;Colisão Traseira;1;;1;;;;;;;;1;1;;;
11/05/2015;23:30:00;687;sem vítima;148;BR-153/MG;Norte;Saida de Pista;1;;;;;;;;;;1;;;;
11/05/2015;07:12:00;77;com vítima;25;BR-060/DF;Norte;Saida de Pista;;;;;;1;;;;1;1;1;;;
11/05/2015;19:36:00;516;com vítima;597;BR-262/MG;Leste;Colisão Lateral;1;;1;;;;;;;;0;3;;;
11/05/2015;18:59:00;499;com vítima;636;BR-262/MG;Oeste;Saida de Pista;1;;;;;;;;;;0;1;;;
11/05/2015;16:16:00;407;sem vítima;694,5;BR-262/MG;Oeste;Colisão Traseira;1;;;;;1;;;;;2;;;;
11/05/2015;14:38:00;349;sem vítima;734;BR-262/MG;Leste;Colisão Traseira;2;;;;;;;;;;2;;;;
11/05/2015;03:31:00;49;com vítima;128,4;BR-060/GO;Sul;Outros - sequências;;;1;;;;;;;;0;1;;;
11/05/2015;11:32:00;243;com vítima;130;BR-060/GO;Norte;Saida de Pista;1;;;;;;;;;;0;1;;;
12/05/2015;07:19:00;162;com vítima;490;BR-153/GO;Norte;Colisão Lateral;1;;1;;;;;;;;1;1;;;
12/05/2015;09:49:00;257;sem vítima;493,2;BR-153/GO;Sul;Engavetamento;2;;2;;;;;;;;4;;;;
12/05/2015;09:52:00;261;sem vítima;4,6;BR-153/MG;Norte;Saida de Pista;;;2;;;;;;;;2;;;;
12/05/2015;11:29:00;337;sem vítima;27,8;BR-060/GO;Norte;Queda de Moto;;;;1;;;;;;;1;;;;
12/05/2015;11:51:00;349;com vítima;3;BR-060/DF;Sul;Queda de Moto;;;;1;;1;;;;;1;1;;;
12/05/2015;14:07:00;410;com vítima;430,9;BR-262/MG;Leste;Queda de Ciclista;;;;1;;;;;;;0;1;;;
12/05/2015;17:46:00;593;com vítima;76,8;BR-060/GO;Sul;Queda de Moto;;;;1;;;;;;;0;1;;;
12/05/2015;09:05:00;222;com vítima;472,35;BR-262/MG;Oeste;Queda de Ciclista;;;;1;;;;;;;0;1;;;
12/05/2015;15:36:00;496;sem vítima;87;BR-060/GO;Sul;Saida de Pista;;;1;;;;;;;;1;;;;
12/05/2015;19:06:00;639;com vítima;513;BR-153/GO;Sul;Colisão Frontal;;1;;1;;;;;;;0;2;;;
12/05/2015;19:17:00;649;sem vítima;94;BR-060/GO;Norte;Colisão Traseira;1;;1;;;;;;;;2;;;;
12/05/2015;16:15:00;534;sem vítima;534;BR-153/GO;Sul;Colisão Traseira;1;;1;;;;;;;;2;;;;
12/05/2015;05:55:00;148;com vítima;557;BR-153/GO;Norte;Colisão Traseira;;;2;;;;;;;;1;2;;;
12/05/2015;14:21:00;425;com vítima;640;BR-262/MG;Oeste;Colisão Lateral;;;;1;;1;;;;;1;;;1;
12/05/2015;03:08:00;83;sem vítima;642;BR-262/MG;Leste;Colisão Traseira;1;;;;;1;;;;;3;;;;
12/05/2015;05:11:00;134;sem vítima;644;BR-153/GO;Norte;Colisão Traseira;;;2;;;;;;;;2;;;;
12/05/2015;05:13:00;136;sem vítima;137;BR-060/GO;Norte;Saida de Pista;;;1;;;;;;;;1;;;;
13/05/2015;18:41:00;563;sem vítima;360;BR-262/MG;Oeste;Choque - Outros;1;;1;;;;;;;;2;;;;
13/05/2015;21:15:00;630;sem vítima;400;BR-262/MG;Leste;Colisão Traseira;1;;;;;1;;;;;2;;;;
13/05/2015;10:35:00;316;sem vítima;508;BR-153/GO;Sul;Colisão Traseira;1;;;;;1;;;;;2;;;;
13/05/2015;10:41:00;317;sem vítima;148;BR-153/MG;Norte;Outros - sequências;1;;1;;;;;;;;2;;;;
13/05/2015;20:33:00;608;sem vítima;101;BR-060/GO;Sul;Colisão Traseira;1;;;;;;;;;1;2;;;;
13/05/2015;17:06:00;510;com vítima;159,5;BR-153/MG;Norte;Capotamento;1;;;;;1;;;;;1;1;;;
13/05/2015;13:46:00;400;com vítima;631,4;BR-153/GO;Norte;Outros - sequências;;;1;;;;;;;;0;1;;;
13/05/2015;08:45:00;235;sem vítima;830;BR-262/MG;Oeste;Queda de Ciclista;;;;;;1;;;;;1;;;;
14/05/2015;22:15:00;613;sem vítima;359;BR-262/MG;Oeste;Tombamento;;;1;;;;;;;;1;;;;