data;horario;n_da_ocorrencia;tipo_de_ocorrencia;km;trecho;sentido;tipo_de_acidente;automovel;bicicleta;caminhao;moto;onibus;outros;tracao_animal;transporte_de_cargas_especiais;trator_maquinas;utilitarios;ilesos;levemente_feridos;moderadamente_feridos;gravemente_feridos;mortos
14/05/2015;07:53:00;150;sem vítima;495,5;BR-153/GO;Sul;Engavetamento;3;;;;;;;;;;3;;;;
14/05/2015;07:30:00;135;sem vítima;383;BR-262/MG;Oeste;Colisão Traseira;1;;1;;;;;;;;2;;;;
14/05/2015;19:55:00;561;sem vítima;385;BR-262/MG;Leste;Outros - sequências;1;;1;;;;;;;;2;;;;
14/05/2015;07:46:00;144;sem vítima;501,1;BR-153/GO;Norte;Colisão Traseira;1;;;;;2;;;;;3;;;;
14/05/2015;18:33:00;533;sem vítima;506;BR-153/GO;Norte;Colisão Traseira;2;;;;;;;;;;2;;;;
14/05/2015;01:05:00;26;com vítima;52,8;BR-153/MG;Sul;Saida de Pista;;;1;;;;;;;;0;1;;;
14/05/2015;05:14:00;104;com vítima;453,5;BR-262/MG;Leste;Atropelamento - Animal;;;;1;;;;;;;0;;1;;
14/05/2015;14:00:00;382;com vítima;471;BR-262/MG;Leste;Colisão Lateral;1;;2;;;;;;;;2;2;;;
14/05/2015;18:47:00;538;com vítima;475;BR-262/MG;Oeste;Atropelamento - Usuário;1;;;;;;;;;;1;;;1;
14/05/2015;13:16:00;358;sem vítima;86;BR-060/GO;Sul;Saida de Pista;1;;;;;;;;;;1;;;;
14/05/2015;05:19:00;105;sem vítima;547,5;BR-262/MG;Oeste;Tombamento;;;1;;;;;;;;2;;;;
14/05/2015;07:48:00;147;com vítima;95;BR-060/GO;Sul;Colisão Frontal;1;;;1;;;;;;;1;1;;;
14/05/2015;06:01:00;115;com vítima;589,8;BR-153/GO;Sul;Saida de Pista;;;1;;;;;;;;0;1;;;
14/05/2015;11:09:00;280;sem vítima;802;BR-262/MG;Leste;Saida de Pista;1;;;;;1;;;;;2;;;;
15/05/2015;05:21:00;126;sem vítima;1;BR-060/DF;Sul;Saida de Pista;1;;;;;;;;;;1;;;;
15/05/2015;08:25:00;217;sem vítima;501;BR-153/GO;Norte;Engavetamento;1;;2;;;1;;;;;4;;;;
15/05/2015;10:53:00;343;com vítima;502;BR-153/GO;Sul;Saida de Pista;1;;;;;;;;;;0;1;;;
15/05/2015;11:56:00;402;com vítima;456,1;BR-262/MG;Leste;Queda de Ciclista;;1;;;;1;;;;;1;1;;;
15/05/2015;18:35:00;620;sem vítima;58;BR-153/MG;Sul;Saida de Pista;;;1;;;;;;;;1;;;;
15/05/2015;12:05:00;408;sem vítima;508;BR-153/GO;Norte;Colisão Lateral;1;;1;;;1;;;;;3;;;;
15/05/2015;19:12:00;637;sem vítima;89;BR-060/GO;Norte;Saida de Pista;1;;;;;;;;;;1;;;;
15/05/2015;17:18:00;585;com vítima;512;BR-153/GO;Sul;Colisão Lateral;;;;2;;;;;;;0;2;;;
15/05/2015;20:12:00;668;sem vítima;542;BR-153/GO;Sul;Saida de Pista;;;1;;;;;;;;1;;;;
15/05/2015;12:32:00;424;sem vítima;690,5;BR-262/MG;Oeste;Colisão Traseira;2;;;;;;;;;;2;;;;
15/05/2015;12:55:00;429;com vítima;614,8;BR-153/GO;Norte;Saida de Pista;1;;;;;;;;;;0;2;;;
15/05/2015;21:29:00;697;com vítima;624;BR-153/GO;Sul;Colisão Traseira;;;1;;;;;;;;0;1;;;
15/05/2015;20:57:00;686;com vítima;800;BR-262/MG;Oeste;Queda de Ciclista;;;;;;1;;;;;1;;;1;
15/05/2015;21:32:00;699;sem vítima;664,1;BR-153/GO;Norte;;;;1;;;;;;;;1;;;;
16/05/2015;09:06:00;369;com vítima;1,1;BR-060/GO;Sul;Saida de Pista;1;;;;;;;;;;0;1;;;
16/05/2015;14:37:00;551;sem vítima;16;BR-060/GO;Norte;Saida de Pista;1;;;;;;;;;;1;;;;
16/05/2015;10:26:00;432;sem vítima;497;BR-153/GO;Sul;Colisão Traseira;1;;1;;;1;;;;;3;;;;
16/05/2015;10:12:00;424;com vítima;405;BR-262/MG;Oeste;Saida de Pista;;;1;;;1;;;;;1;2;;;
16/05/2015;10:08:00;421;com vítima;432;BR-262/MG;Leste;Tombamento;;;1;;;;;;;;0;1;;;
16/05/2015;21:02:00;833;sem vítima;55,1;BR-060/GO;Norte;Saida de Pista;1;;;;;;;;;;1;;;;
16/05/2015;17:16:00;668;com vítima;46;BR-153/MG;Sul;Outros - sequências;1;;;;;1;;;;;1;3;;;
16/05/2015;03:53:00;112;com vítima;448;BR-262/MG;Oeste;Saida de Pista;1;;;;;;;;;;0;2;;;
16/05/2015;06:07:00;276;com vítima;79,2;BR-060/GO;Sul;Saida de Pista;1;;;;;;;;;;0;2;;;
16/05/2015;13:08:00;523;sem vítima;470,6;BR-262/MG;Oeste;Saida de Pista;1;;;;;1;;;;;2;;;;
16/05/2015;17:42:00;679;com vítima;515,3;BR-153/GO;Norte;Queda de Moto;;;;1;;;;;;;0;1;;;
16/05/2015;10:20:00;429;com vítima;136;BR-060/GO;Sul;Saida de Pista;1;;;;;;;;;;3;1;;;
16/05/2015;11:39:00;480;com vítima;897;BR-262/MG;Oeste;Engavetamento;1;;2;;;;;;;;2;1;;;
16/05/2015;06:05:00;274;com vítima;897,2;BR-262/MG;Oeste;Saida de Pista;1;;;;;;;;;;0;1;;;
17/05/2015;08:20:00;142;sem vítima;362;BR-262/MG;Oeste;Saida de Pista;1;;;;;;;;;;1;;;;
17/05/2015;23:24:00;538;sem vítima;494,6;BR-153/GO;Sul;Saida de Pista;1;;;;;;;;;;1;;;;
17/05/2015;00:30:00;16;com vítima;495;BR-153/GO;Norte;Colisão Traseira;1;;;1;;;;;;;1;;2;;
17/05/2015;10:23:00;214;com vítima;2;BR-060/DF;Sul;Colisão Traseira;1;;;1;;;;;;;1;1;;;
17/05/2015;20:15:00;471;com vítima;9;BR-153/MG;Sul;Saida de Pista;1;;;;;;;;;;0;1;;;
17/05/2015;18:32:00;435;sem vítima;370;BR-262/MG;Leste;Capotamento;1;;;;;1;;;;;2;;;;
17/05/2015;18:33:00;437;sem vítima;370;BR-262/MG;Leste;;1;;;;;;;;;;1;;;;
17/05/2015;16:14:00;369;sem vítima;497;BR-153/GO;Norte;Queda de Moto;;;;1;;;;;;;1;;;;
17/05/2015;02:44:00;63;sem vítima;36,1;BR-060/GO;Norte;Saida de Pista;1;;;;;;;;;;1;;;;
17/05/2015;11:24:00;249;com vítima;69;BR-060/GO;Sul;Saida de Pista;;;;;1;;;;;;0;1;;;
17/05/2015;15:31:00;342;com vítima;505,5;BR-153/GO;Sul;Colisão Traseira;1;;;1;;;;;;;1;1;;;
17/05/2015;04:16:00;81;com vítima;507,4;BR-153/GO;Norte;Choque - Defensa, barreira ou "submarino";;;;1;;;;;;;0;;1;;1
17/05/2015;14:48:00;323;com vítima;489;BR-262/MG;Oeste;Outros - sequências;5;;;;1;;;;;;1;5;1;;
17/05/2015;01:47:00;45;sem vítima;91;BR-060/GO;Norte;;1;;;;;;;;;;1;;;;
17/05/2015;15:19:00;336;com vítima;92;BR-060/GO;Sul;Colisão Lateral;1;;;1;;;;;;;1;1;;;
17/05/2015;07:20:00;113;com vítima;93;BR-153/MG;Sul;Saida de Pista;;;1;;;;;;;;0;1;;;
17/05/2015;00:07:00;3;sem vítima;10;BR-060/DF;Sul;Colisão Traseira;1;;;;;;;;;;1;;;;
17/05/2015;19:39:00;460;sem vítima;554;BR-153/GO;Sul;Choque - Suporte de Sinalização;;;;;1;;;;;;1;;;;
17/05/2015;07:01:00;110;com vítima;586,1;BR-262/MG;Oeste;Tombamento;1;;;;;;;;;;0;1;;;
17/05/2015;18:33:00;436;sem vítima;210;BR-153/MG;Norte;Saida de Pista;1;;;;;;;;;;1;;;;
17/05/2015;15:19:00;335;com vítima;712;BR-262/MG;Leste;Queda de Ciclista;;;;1;;;;;;;0;;1;;
17/05/2015;12:57:00;278;com vítima;118;BR-060/GO;Norte;Saida de Pista;2;;;;;;;;;;3;1;;;
17/05/2015;17:35:00;408;sem vítima;755,3;BR-262/MG;Oeste;Colisão Lateral;2;;;;;;;;;;2;;;;
17/05/2015;15:03:00;329;com vítima;223;BR-153/MG;Sul;Queda de Moto;;;;1;;;;;;;0;1;;;
17/05/2015;19:50:00;464;com vítima;626;BR-153/GO;Norte;Colisão Traseira;1;;1;;;;;;;;1;1;;;
17/05/2015;22:19:00;518;sem vítima;801;BR-262/MG;Oeste;Colisão Traseira;2;;;;;;;;;;2;;;;
18/05/2015;09:31:00;212;sem vítima;14,8;BR-060/GO;Sul;Colisão Traseira;1;;1;;;1;;;;;5;;;;
18/05/2015;17:08:00;486;sem vítima;16;BR-153/MG;Norte;Colisão Lateral;;;1;;;1;;;;;2;;;;
18/05/2015;14:39:00;398;sem vítima;499;BR-153/GO;Sul;Colisão Traseira;1;;1;;;;;;;;2;;;;
18/05/2015;15:49:00;451;com vítima;499;BR-153/GO;Norte;Colisão Traseira;1;;;1;;;;;;;1;;1;;
18/05/2015;21:04:00;579;com vítima;399;BR-262/MG;Leste;Choque - Defensa, barreira ou "submarino";1;;;;;;;;;;0;1;;;
18/05/2015;02:25:00;31;com vítima;418;BR-262/MG;Oeste;Tombamento;1;;;;;;;;;;0;1;;;
18/05/2015;19:34:00;552;com vítima;502;BR-153/GO;Sul;Colisão Traseira;1;;;1;;;;;;;1;1;;;
18/05/2015;14:58:00;411;com vítima;481,6;BR-262/MG;Leste;Saida de Pista;;;1;;;;;;;;1;1;;;
18/05/2015;19:24:00;549;com vítima;512;BR-153/GO;Sul;Atropelamento - Outros;;;;;;1;;;;;1;1;;;
18/05/2015;15:46:00;447;com vítima;145;BR-153/MG;Norte;Colisão Lateral;;;2;;;;;;;;1;2;;;
18/05/2015;19:49:00;559;sem vítima;554;BR-153/GO;Sul;Choque - Suporte de Sinalização;;;1;;;;;;;;1;;;;
18/05/2015;12:39:00;339;sem vítima;101;BR-060/GO;Norte;Colisão Lateral;1;;;;;1;;;;;2;;;;
18/05/2015;02:48:00;33;sem vítima;103;BR-060/GO;Sul;Capotamento;1;;;;;;;;;;2;;;;
18/05/2015;06:07:00;104;com vítima;114;BR-060/GO;Sul;Capotamento;1;;;;;;;;;;0;1;;;
18/05/2015;06:00:00;102;com vítima;842;BR-262/MG;Oeste;Capotamento;1;;;;;;;;1;;1;1;;;
19/05/2015;08:00:00;117;sem vítima;494;BR-153/GO;Norte;Colisão Traseira;2;;;;;1;;;;;3;;;;
19/05/2015;21:13:00;622;sem vítima;32;BR-060/GO;Sul;Colisão Transversal;2;;;;;;;;;;2;;;;
19/05/2015;17:24:00;516;com vítima;405,5;BR-262/MG;Leste;Colisão Traseira;2;;;;;;;;;;0;3;;;
19/05/2015;18:38:00;551;sem vítima;501;BR-153/GO;Sul;Colisão Traseira;;;2;;;;;;;;2;;;;
19/05/2015;15:05:00;412;com vítima;502;BR-153/GO;Sul;Queda de Moto;;;;1;;;;;;;0;;1;;
19/05/2015;15:18:00;422;sem vítima;504,9;BR-153/GO;Norte;Colisão Traseira;1;;;;;;;;;1;2;;;;
19/05/2015;07:57:00;116;com vítima;79,1;BR-153/MG;Sul;Saida de Pista;1;;;;;;;;;;0;1;;;
19/05/2015;07:38:00;99;sem vítima;92,5;BR-060/GO;Norte;Colisão Lateral;1;;;;;;;;;1;2;;;;
19/05/2015;11:42:00;292;com vítima;512;BR-153/GO;Norte;Colisão Traseira;1;;;1;;;;;;;1;1;;;
19/05/2015;01:50:00;30;sem vítima;540,5;BR-262/MG;Oeste;Choque - Talude;;;1;;;;;;;;1;;;;
19/05/2015;21:06:00;617;com vítima;114;BR-153/MG;Norte;Carreta deu L;;;1;;;;;;;;0;1;;;
19/05/2015;08:20:00;133;com vítima;582;BR-262/MG;Leste;Saida de Pista;1;;;;;1;;;;;1;3;;;
19/05/2015;05:54:00;72;sem vítima;558;BR-153/GO;Norte;Saida de Pista;1;;;;;1;;;;;4;;;;
19/05/2015;07:49:00;106;com vítima;589;BR-262/MG;Oeste;Capotamento;1;;;;;;;;;;0;2;2;;
19/05/2015;09:00:00;107;sem vítima;591;BR-262/MG;Leste;Tombamento;;;1;;;1;;;;;2;;;;
19/05/2015;09:58:00;204;com vítima;628;BR-153/GO;Norte;Capotamento;1;;;;;;;;;;0;2;;;
19/05/2015;18:58:00;555;com vítima;240;BR-153/MG;Sul;Colisão Lateral;1;;1;;;;;;;;1;2;;;
20/05/2015;00:39:00;23;com vítima;4;BR-060/GO;Norte;Saida de Pista;;;1;;;;;;;;0;1;;;
20/05/2015;09:26:00;237;sem vítima;415,3;BR-262/MG;Leste;Outros - sequências;1;;;;;;;;;;1;;;;
20/05/2015;18:31:00;586;sem vítima;506;BR-153/GO;Norte;Colisão Traseira;1;;;1;;;;;;;2;;;;
20/05/2015;04:20:00;93;com vítima;476;BR-262/MG;Oeste;Capotamento;1;;;;;;;;;;0;4;;;
20/05/2015;07:12:00;164;sem vítima;477,8;BR-262/MG;Oeste;Colisão Traseira;2;;;;;;;;;;2;;;;
20/05/2015;08:15:00;197;sem vítima;508,5;BR-153/GO;Norte;Colisão Traseira;2;;;;;;;;;;2;;;;
20/05/2015;07:41:00;174;sem vítima;508,8;BR-153/GO;Norte;Engavetamento;3;;;;;;;;;;3;;;;
20/05/2015;09:28:00;238;sem vítima;513,2;BR-153/GO;Sul;Colisão Lateral;1;;1;;;;;;;;2;;;;
20/05/2015;19:48:00;609;sem vítima;9,6;BR-060/DF;Sul;Colisão Transversal;4;;;;;;;;;;4;;;;
20/05/2015;04:40:00;112;com vítima;574;BR-153/GO;Sul;Capotamento;1;;;;;;;;;;0;;1;;
20/05/2015;01:29:00;55;com vítima;123,2;BR-060/GO;Sul;Colisão Traseira;1;;;1;;;;;;;1;1;;;
20/05/2015;07:33:00;170;sem vítima;663,7;BR-153/GO;Norte;Saida de Pista;1;;;;;;;;;;1;;;;
20/05/2015;09:56:00;258;sem vítima;699,8;BR-153/GO;Sul;Colisão Traseira;;;2;;;;;;;;2;;;;
21/05/2015;21:44:00;577;sem vítima;355,8;BR-262/MG;Oeste;Capotamento;1;;;;;1;;;;;2;;;;
21/05/2015;11:55:00;333;sem vítima;491,5;BR-153/GO;Norte;Colisão Traseira;1;;1;;;;;;;;2;;;;
21/05/2015;19:14:00;524;com vítima;501;BR-153/GO;Sul;Queda de Moto;;;;1;;1;;;;;1;1;;;
21/05/2015;18:11:00;503;com vítima;512;BR-153/GO;Sul;Colisão Transversal;;;;1;;1;;;;;1;;1;;
21/05/2015;14:35:00;393;com vítima;129;BR-153/MG;Norte;Colisão Traseira;1;;1;;;;;;;;2;1;;;
21/05/2015;14:31:00;389;sem vítima;200;BR-153/MG;Norte;Colisão Traseira;1;;1;;;;;;;;2;;;;
21/05/2015;11:58:00;335;sem vítima;623;BR-153/GO;Sul;Colisão Lateral;1;;1;;;;;;;;2;;;;
21/05/2015;14:40:00;397;sem vítima;698;BR-153/GO;Norte;Colisão Lateral;1;;1;;;;;;;;2;;;;
21/05/2015;18:30:00;509;com vítima;700;BR-153/GO;Norte;Outros - sequências;1;;;;;1;;;;;1;1;;;
22/05/2015;21:15:00;536;sem vítima;374;BR-262/MG;Oeste;Colisão Lateral;2;;;;;;;;;;2;;;;
22/05/2015;08:30:00;168;com vítima;389,8;BR-262/MG;Oeste;Queda de Moto;;;;1;;;;;;;0;;;;1
22/05/2015;14:31:00;327;sem vítima;503;BR-153/GO;Sul;Colisão Traseira;2;;;;;;;;;;2;;;;
22/05/2015;14:33:00;330;sem vítima;503;BR-153/GO;Sul;;1;;;;;;;;;;1;;;;
22/05/2015;10:24:00;212;com vítima;503,5;BR-153/GO;Norte;Colisão Traseira;1;;;;;;;;;1;0;2;;;
22/05/2015;06:38:00;96;com vítima;447,9;BR-262/MG;Leste;Capotamento;;;;;;;;;;1;0;1;;;
22/05/2015;15:07:00;342;com vítima;506,9;BR-153/GO;Sul;Colisão Lateral;1;;1;;;;;;;;2;1;;;
22/05/2015;00:45:00;14;com vítima;58;BR-153/MG;Sul;Saida de Pista;;;1;;;;;;;;0;1;;;
22/05/2015;20:38:00;519;com vítima;58;BR-153/MG;Sul;Colisão Traseira;2;;;;;;;;;;0;5;;;
22/05/2015;20:06:00;509;com vítima;508;BR-153/GO;Norte;Queda de Moto;;;;1;;;;;;;0;1;;;
22/05/2015;06:24:00;92;sem vítima;475,9;BR-262/MG;Oeste;Colisão Traseira;1;;;;;1;;;;;2;;;;
22/05/2015;22:15:00;554;com vítima;508,3;BR-153/GO;Sul;Queda de Moto;;;;1;;;;;;;0;2;;;
22/05/2015;11:20:00;253;sem vítima;510;BR-262/MG;Oeste;Colisão Traseira;1;;1;;;;;;;;2;;;;
22/05/2015;23:36:00;586;com vítima;119;BR-060/GO;Sul;Colisão Traseira;2;;;;;;;;;;1;2;;;
22/05/2015;06:19:00;91;com vítima;813;BR-262/MG;Leste;Capotamento;1;;1;;;;;;;;2;1;;;
22/05/2015;15:31:00;356;sem vítima;836,3;BR-262/MG;Oeste;Saida de Pista;1;;;;;;;;;;1;;;;
23/05/2015;19:17:00;550;sem vítima;35;BR-060/GO;Norte;;1;;;;;;;;;;1;;;;
23/05/2015;19:03:00;546;com vítima;35,15;BR-060/GO;Norte;Outros - sequências;2;;;;;;;;;;2;;1;;
23/05/2015;00:42:00;12;com vítima;38,7;BR-060/GO;Sul;Saida de Pista;;;1;;;;;;;;0;1;;;
23/05/2015;14:23:00;398;com vítima;41,5;BR-060/GO;Sul;Outros - sequências;1;;;;;;;;;;0;1;;;
23/05/2015;01:02:00;24;sem vítima;504;BR-153/GO;Sul;Choque - Defensa, barreira ou "submarino";1;;;;;;;;;;1;;;;
23/05/2015;19:05:00;547;sem vítima;439;BR-262/MG;Oeste;Outros - sequências;1;;;;;;;;;;1;;;;
23/05/2015;09:19:00;192;com vítima;507;BR-153/GO;Sul;Colisão Lateral;;;2;;;;;;;;0;2;;;
23/05/2015;11:58:00;320;com vítima;486;BR-262/MG;Leste;Colisão Traseira;;;;2;;;;;;;1;1;;;
23/05/2015;07:55:00;112;com vítima;8,5;BR-060/DF;Norte;Saida de Pista;1;;1;;;;;;;;0;2;;;
23/05/2015;16:50:00;489;com vítima;511;BR-153/GO;Sul;Choque - Veiculo parado na pista;;;;1;1;;;;;;1;;1;;
23/05/2015;16:11:00;466;com vítima;11;BR-060/DF;Sul;Colisão Traseira;2;;;;;;;;;;1;;;1;1
23/05/2015;01:06:00;23;com vítima;96;BR-060/GO;Sul;Outros - sequências;1;;;;;1;;;;;1;2;;;
23/05/2015;13:15:00;356;com vítima;185;BR-153/MG;Sul;Colisão Traseira;;;2;;;;;;;;0;2;;;
23/05/2015;08:01:00;119;com vítima;677;BR-262/MG;Leste;Colisão Frontal;2;;;;;1;;;;;1;3;;;
23/05/2015;19:10:00;548;com vítima;118;BR-060/GO;Norte;Atropelamento - Morador;;;;;;;;;;;0;;;1;
23/05/2015;15:10:00;428;com vítima;770;BR-262/MG;Oeste;Queda de Ciclista;;;;1;;;;;;;0;1;;;
23/05/2015;20:27:00;570;com vítima;801;BR-262/MG;Leste;Colisão Traseira;;;;1;;1;;;;;1;2;;;
23/05/2015;20:47:00;575;com vítima;817;BR-262/MG;Oeste;Capotamento;1;;;;;;;;;;3;2;;;
23/05/2015;18:12:00;531;com vítima;136;BR-060/GO;Sul;Capotamento;1;;;;;;;;;;0;1;;;
24/05/2015;17:49:00;609;sem vítima;368,5;BR-262/MG;Leste;Saida de Pista;1;;;;;1;;;;;2;;;;
24/05/2015;07:45:00;243;com vítima;404,1;BR-262/MG;Leste;Capotamento;1;;;;;;;;;;0;1;;;
24/05/2015;06:12:00;205;sem vítima;407,4;BR-262/MG;Leste;Choque - Talude;;;;;;;;;;1;1;;;;
24/05/2015;21:58:00;719;sem vítima;502;BR-153/GO;Norte;Choque - Defensa, barreira ou "submarino";1;;;;;;;;;;1;;;;
24/05/2015;15:11:00;504;com vítima;447;BR-262/MG;Leste;Colisão Traseira;2;;;;;;;;;;0;4;;;
24/05/2015;18:24:00;630;sem vítima;94,3;BR-060/GO;Sul;Colisão Traseira;1;;;;;1;;;;;3;;;;
24/05/2015;20:07:00;680;com vítima;523,8;BR-153/GO;Norte;Saida de Pista;1;;;;;;;;;;1;;1;;
24/05/2015;22:07:00;722;sem vítima;102;BR-060/GO;Sul;Saida de Pista;1;;;;;;;;;;1;;;;
24/05/2015;08:49:00;292;sem vítima;724,1;BR-262/MG;Oeste;Capotamento;1;;;;;;;;;1;2;;;;
24/05/2015;12:14:00;414;com vítima;118;BR-060/GO;Norte;Colisão Traseira;2;;;;;;;;;;0;3;;;
24/05/2015;00:48:00;19;com vítima;222,5;BR-153/MG;Sul;Choque - Objeto sobre a pista;;;;1;;;;;;;0;1;;;
24/05/2015;19:24:00;659;com vítima;622;BR-153/GO;Norte;Colisão Traseira;2;;;;;;;;;;1;1;;;
24/05/2015;20:20:00;688;sem vítima;630;BR-153/GO;Norte;Tombamento;;;3;;;;;;;;3;;;;
24/05/2015;11:55:00;405;com vítima;662,5;BR-153/GO;Norte;Colisão Traseira;1;;;;;1;;;;;1;1;;;
24/05/2015;01:15:00;29;com vítima;688,095;BR-153/GO;Norte;Colisão Traseira;2;;;;;;;;;;0;6;;;
24/05/2015;12:57:00;438;com vítima;867;BR-262/MG;Oeste;Saida de Pista;1;;;;;;;;;;0;1;;;
25/05/2015;15:31:00;408;com vítima;4,3;BR-060/GO;Norte;Colisão Traseira;1;;1;;;;;;;;1;1;;;
25/05/2015;08:01:00;140;com vítima;494;BR-153/GO;Sul;Colisão Traseira;2;;;;;;;;;;0;3;;;
25/05/2015;05:42:00;84;sem vítima;8;BR-153/MG;Norte;Saida de Pista;1;;;;;;;;;;1;;;;
25/05/2015;14:36:00;376;com vítima;22;BR-153/MG;Sul;Colisão Traseira;2;;;;;;;;;;1;3;;;
25/05/2015;05:45:00;86;com vítima;33;BR-060/GO;Norte;Colisão Traseira;1;;1;;;;;;;;1;;2;;
25/05/2015;07:43:00;124;sem vítima;503;BR-153/GO;Norte;Colisão Traseira;1;;;;;;;;;1;2;;;;
25/05/2015;08:21:00;157;com vítima;99;BR-060/GO;Sul;Colisão Traseira;1;;1;;;;;;;;0;2;;;
25/05/2015;16:03:00;429;sem vítima;27;BR-060/DF;Norte;Saida de Pista;1;;;;;;;;;;1;;;;
25/05/2015;09:25:00;213;sem vítima;801,2;BR-262/MG;Leste;Colisão Lateral;1;;1;;;;;;;;2;;;;
26/05/2015;18:36:00;564;com vítima;491;BR-153/GO;Norte;Colisão Frontal;;;;2;;;;;;;0;;2;;
26/05/2015;19:31:00;587;sem vítima;416;BR-262/MG;Leste;Choque - Talude;1;;;;;;;;;;1;;;;
26/05/2015;14:41:00;387;com vítima;502;BR-153/GO;Norte;Queda de Moto;;;;1;;1;;;;;1;1;;;
26/05/2015;19:13:00;578;sem vítima;34,8;BR-153/MG;Sul;Saida de Pista;;;1;;;1;;;;;2;;;;
26/05/2015;15:39:00;425;sem vítima;503;BR-153/GO;Norte;Choque - Defensa, barreira ou "submarino";1;;;;;;;;;;1;;;;
26/05/2015;16:44:00;476;sem vítima;464;BR-262/MG;Leste;Colisão Transversal;1;;;;;1;;;;;2;;;;
26/05/2015;19:01:00;574;com vítima;521;BR-262/MG;Leste;Colisão Lateral;1;;;;;1;;;;;1;1;;;
26/05/2015;07:51:00;145;sem vítima;513,5;BR-153/GO;Norte;Colisão Traseira;2;;;;;1;;;;;3;;;;
26/05/2015;21:00:00;625;com vítima;553;BR-262/MG;Leste;Tombamento;;;1;;;;;;;;0;1;;;
26/05/2015;14:03:00;365;com vítima;138;BR-060/GO;Sul;Colisão Transversal;1;;;1;;;;;;;2;1;;;
27/05/2015;10:46:00;278;com vítima;490;BR-153/GO;Norte;Queda de Moto;;;;1;;;;;;;0;;1;;
27/05/2015;09:45:00;220;com vítima;21;BR-060/GO;Sul;Saida de Pista;1;;;;;1;;;;;1;1;;;
27/05/2015;11:06:00;296;sem vítima;369;BR-262/MG;Oeste;;;;1;;;;;;;;1;;;;
27/05/2015;07:08:00;80;sem vítima;403,1;BR-262/MG;Oeste;Queda de Ciclista;;1;;;;1;;;;;2;;;;
27/05/2015;10:54:00;286;com vítima;513;BR-153/GO;Norte;Colisão Lateral;;;1;1;;;;;;;1;1;;;
27/05/2015;20:12:00;613;com vítima;513;BR-153/GO;Norte;Queda de Moto;;;;1;;1;;;;;1;1;;;
27/05/2015;15:29:00;466;sem vítima;553;BR-153/GO;Norte;Colisão Traseira;1;;1;;;;;;;;2;;;;
27/05/2015;00:08:00;2;com vítima;109;BR-060/GO;Norte;Outros - sequências;1;;;;;1;;;;;1;6;;;
27/05/2015;15:35:00;472;com vítima;811;BR-262/MG;Leste;Capotamento;1;;;;;;;;;;1;1;;;
28/05/2015;20:26:00;645;sem vítima;380;BR-262/MG;Oeste;Colisão Traseira;2;;;;;;;;;;2;;;;
28/05/2015;10:28:00;313;sem vítima;15,6;BR-153/MG;Norte;Colisão Traseira;;;2;;;;;;;;2;;;;
28/05/2015;18:37:00;607;sem vítima;498,5;BR-153/GO;Sul;Engavetamento;2;;;;;;;;;1;3;;;;
28/05/2015;22:11:00;692;com vítima;401;BR-262/MG;Leste;Saida de Pista;1;;;;;;;;;;0;1;;;
28/05/2015;20:59:00;665;com vítima;502,5;BR-153/GO;Sul;Queda de Moto;;;;1;;1;;;;;1;1;;;
28/05/2015;19:56:00;632;com vítima;438;BR-262/MG;Oeste;Queda de Moto;;;;1;;;;;;;0;1;;;
28/05/2015;11:09:00;342;com vítima;444;BR-262/MG;Leste;Colisão Traseira;1;;;;;;;;;1;3;1;;;
28/05/2015;14:00:00;423;com vítima;478;BR-262/MG;Leste;Colisão Transversal;2;;;;;;;;;;1;1;;;
28/05/2015;07:58:00;167;sem vítima;480,5;BR-262/MG;Leste;Colisão Traseira;1;;;;;;;;;1;5;;;;
28/05/2015;11:21:00;348;sem vítima;485,62;BR-262/MG;Oeste;Colisão Traseira;;;2;;;;;;;;2;;;;
28/05/2015;11:37:00;362;sem vítima;91,4;BR-060/GO;Sul;Colisão Traseira;2;;;;;;;;;;2;;;;
28/05/2015;17:29:00;577;sem vítima;515,516;BR-153/GO;Sul;Saida de Pista;1;;;;;1;;;;;2;;;;
28/05/2015;18:57:00;614;sem vítima;96;BR-060/GO;Sul;Colisão Traseira;1;;;1;;;;;;;2;;;;
28/05/2015;15:16:00;473;sem vítima;578;BR-262/MG;Leste;Saida de Pista;1;;;;;;;;;;1;;;;
28/05/2015;15:18:00;476;sem vítima;578;BR-262/MG;Leste;Saida de Pista;1;;;;;;;;;;3;;;;
28/05/2015;15:31:00;491;sem vítima;584;BR-262/MG;Leste;;1;;;;;;;;;;1;;;;
28/05/2015;15:50:00;560;sem vítima;584,7;BR-262/MG;Leste;Saida de Pista;1;;;;;;;;;;1;;;;
28/05/2015;07:37:00;153;sem vítima;120;BR-060/GO;Sul;Outros - sequências;1;;;;;1;;;;;2;;;;
28/05/2015;16:44:00;546;sem vítima;820;BR-262/MG;Oeste;Colisão Traseira;2;;;;;;;;;;2;;;;
29/05/2015;08:40:00;220;sem vítima;353;BR-262/MG;Oeste;Saida de Pista;1;;;;;;;;;;1;;;;
29/05/2015;15:53:00;474;com vítima;2,85;BR-060/GO;Sul;Carreta deu L;2;;2;;;;;;;;3;1;;;
29/05/2015;10:02:00;266;com vítima;357;BR-262/MG;Oeste;Capotamento;1;;;;;;;;;;0;2;;;
29/05/2015;17:50:00;543;sem vítima;494,5;BR-153/GO;Sul;Colisão Traseira;2;;;;;;;;;;3;;;;
29/05/2015;00:02:00;1;com vítima;18;BR-060/GO;Sul;Saida de Pista;1;;;;;;;;;;0;1;;;
29/05/2015;19:19:00;577;sem vítima;498;BR-153/GO;Sul;Colisão Traseira;1;;;;;2;;;;;3;;;;
29/05/2015;08:20:00;183;com vítima;31,2;BR-060/GO;Sul;Colisão Traseira;2;;;;;;;;;;0;7;;;