data;horario;n_da_ocorrencia;tipo_de_ocorrencia;km;trecho;sentido;tipo_de_acidente;automovel;bicicleta;caminhao;moto;onibus;outros;tracao_animal;transporte_de_cargas_especiais;trator_maquinas;utilitarios;ilesos;levemente_feridos;moderadamente_feridos;gravemente_feridos;mortos
29/05/2015;19:30:00;582;sem vítima;426,3;BR-262/MG;Leste;Saida de Pista;1;;;;;1;;;;;2;;;;
29/05/2015;19:59:00;607;com vítima;61;BR-060/GO;Sul;Colisão Lateral;1;;;1;;;;;;;1;1;;;
29/05/2015;07:38:00;161;sem vítima;505,6;BR-153/GO;Norte;Engavetamento;6;;;;;;;;;;6;;;;
29/05/2015;13:27:00;385;com vítima;468;BR-262/MG;Leste;Colisão Lateral;1;;;;;;;;1;;1;3;1;;
29/05/2015;08:02:00;178;com vítima;96;BR-060/GO;Sul;Queda de Ciclista;;;;1;;;;;;;0;1;;;
29/05/2015;19:05:00;574;sem vítima;97;BR-060/GO;Norte;Colisão Traseira;2;;;;;;;;;;2;;;;
29/05/2015;19:45:00;592;com vítima;580;BR-262/MG;Oeste;Saida de Pista;1;;;;;;;;;;0;1;;;
29/05/2015;07:20:00;154;sem vítima;582;BR-262/MG;Oeste;Saida de Pista;1;;;;;;;;;;2;;;;
29/05/2015;15:44:00;467;sem vítima;106;BR-060/GO;Sul;Colisão Traseira;1;;1;;;;;;;;2;;;;
29/05/2015;06:05:00;130;sem vítima;590,1;BR-262/MG;Oeste;Saida de Pista;1;;;;;;;;;;1;;;;
29/05/2015;15:52:00;473;com vítima;593;BR-153/GO;Sul;Colisão Lateral;1;;1;;;;;;;;1;4;;;
29/05/2015;11:45:00;330;com vítima;601,8;BR-153/GO;Sul;Saida de Pista;1;;;;;1;;;;;1;1;;;
29/05/2015;12:00:00;337;sem vítima;680,15;BR-262/MG;Oeste;Colisão Traseira;2;;;;;;;;;;2;;;;
29/05/2015;17:14:00;527;sem vítima;119;BR-060/GO;Sul;Saida de Pista;1;;;;;;;;;;1;;;;
29/05/2015;18:39:00;564;com vítima;856;BR-262/MG;Leste;Atropelamento - Animal;;;;;1;;1;;;;8;1;;;
30/05/2015;18:34:00;619;sem vítima;495;BR-153/GO;Norte;Colisão Lateral;1;;;1;;;;;;;2;;;;
30/05/2015;18:45:00;625;sem vítima;499;BR-153/GO;Norte;;1;;;;;;;;;;1;;;;
30/05/2015;10:30:00;367;sem vítima;389,6;BR-262/MG;Oeste;Colisão Lateral;2;;;;;;;;;;2;;;;
30/05/2015;18:40:00;622;sem vítima;500;BR-153/GO;Norte;Colisão Lateral;1;;1;;;;;;;;2;;;;
30/05/2015;07:36:00;217;sem vítima;398;BR-262/MG;Leste;Colisão Lateral;1;;1;;;;;;;;2;;;;
30/05/2015;16:41:00;557;sem vítima;501;BR-153/GO;Norte;Saida de Pista;1;;;;;;;;;;1;;;;
30/05/2015;19:35:00;641;com vítima;425;BR-262/MG;Leste;Tombamento;;;1;;;;;;;;0;1;;;
30/05/2015;12:36:00;420;sem vítima;4,5;BR-060/DF;Norte;Colisão Traseira;2;;;;;1;;;;;4;;;;
30/05/2015;21:18:00;679;com vítima;509;BR-153/GO;Norte;Colisão Traseira;1;;;1;;;;;;;1;1;;;
30/05/2015;17:18:00;578;sem vítima;94;BR-060/GO;Sul;Colisão Traseira;1;;;;;1;;;;1;3;;;;
30/05/2015;11:40:00;391;com vítima;516;BR-153/GO;Norte;Queda de Ciclista;;;;1;;;;;;;0;1;;;
30/05/2015;21:41:00;685;sem vítima;537;BR-153/GO;Norte;Saida de Pista;;;1;;;;;;;;1;;;;
30/05/2015;23:01:00;723;com vítima;103,2;BR-060/GO;Norte;Colisão Traseira;1;;;1;;;;;;;1;;1;;
30/05/2015;15:29:00;519;com vítima;589;BR-262/MG;Oeste;Capotamento;1;;;;;;;;;;1;1;;;
30/05/2015;09:46:00;308;com vítima;114;BR-060/GO;Norte;Capotamento;1;;;;;;;;;;1;1;;;
30/05/2015;02:40:00;68;sem vítima;693;BR-262/MG;Oeste;Saida de Pista;1;;;;;;;;;;1;;;;
30/05/2015;10:50:00;355;sem vítima;899;BR-262/MG;Leste;Tombamento;;;1;;;;;;;;1;;;;
31/05/2015;11:33:00;400;sem vítima;493;BR-153/GO;Norte;Colisão Lateral;1;;1;;;;;;;;2;;;;
31/05/2015;16:26:00;563;com vítima;361;BR-262/MG;Leste;Capotamento;1;;;;;;;;;;0;;1;;
31/05/2015;10:52:00;373;com vítima;14;BR-060/GO;Norte;Colisão Traseira;1;;;2;;;;;;;2;;1;;
31/05/2015;10:59:00;379;sem vítima;21;BR-060/GO;Sul;;;;;1;;;;;;;1;;;;
31/05/2015;01:27:00;25;com vítima;3;BR-060/DF;Norte;Colisão Traseira;1;;;;;;;;;1;1;1;;;
31/05/2015;14:09:00;475;com vítima;439;BR-262/MG;Leste;Colisão Lateral;1;;;1;;;;;;;1;2;;;
31/05/2015;22:44:00;739;com vítima;439;BR-262/MG;Leste;Colisão Lateral;1;;;;;1;;;;;1;3;;;
31/05/2015;05:30:00;220;com vítima;66;BR-060/GO;Sul;Capotamento;1;;;;;;;;;;0;2;;;
31/05/2015;17:09:00;582;sem vítima;58,5;BR-153/MG;Sul;Saida de Pista;;;1;;;;;;;;2;;;;
31/05/2015;18:53:00;623;com vítima;93,3;BR-060/GO;Sul;Atropelamento - Usuário;;;;;;1;;;;;1;;1;2;1
31/05/2015;05:55:00;230;com vítima;557;BR-262/MG;Oeste;Choque - Talude;;;;;;;;;;1;0;2;9;;
31/05/2015;23:11:00;751;sem vítima;797;BR-262/MG;Oeste;Saida de Pista;1;;;;;;;;;;1;;;;
31/05/2015;06:42:00;232;com vítima;691;BR-153/GO;Norte;Capotamento;1;;;;;1;;;;;1;2;;;
01/06/2015;20:25:00;734;sem vítima;0,8;BR-153/MG;Sul;Colisão Traseira;;;2;;;;;;;;2;;;;
01/06/2015;09:50:00;376;sem vítima;375,1;BR-262/MG;Leste;Colisão Traseira;;;2;;;;;;;;2;;;;
01/06/2015;13:33:00;522;com vítima;27;BR-153/MG;Norte;Capotamento;1;;;;;;;;;;0;1;2;;
01/06/2015;19:20:00;702;com vítima;495;BR-262/MG;Oeste;Capotamento;1;;1;;;;;;;;1;2;;;
01/06/2015;22:34:00;799;com vítima;509;BR-262/MG;Oeste;Outros - sequências;;;1;;;1;;;;;1;1;;;
01/06/2015;09:12:00;351;com vítima;109;BR-153/MG;Norte;Colisão Lateral;;;2;;;;;;;;0;2;;;
01/06/2015;14:07:00;534;sem vítima;96;BR-060/GO;Sul;Colisão Lateral;2;;;;;;;;;;2;;;;
01/06/2015;09:20:00;356;com vítima;144;BR-153/MG;Norte;Saida de Pista;;;1;;;1;;;;;1;1;;;
01/06/2015;09:11:00;349;com vítima;156,4;BR-153/MG;Norte;Outros - sequências;;;3;;;;;;;1;1;2;;;2
01/06/2015;20:28:00;730;com vítima;589,5;BR-262/MG;Leste;Queda de Ciclista;1;;;1;;;;;;;1;;1;;
01/06/2015;07:43:00;261;sem vítima;114,5;BR-060/GO;Sul;Choque - Defensa, barreira ou "submarino";1;;;;;;;;;;1;;;;
01/06/2015;13:42:00;525;com vítima;595,6;BR-153/GO;Sul;Saida de Pista;;;1;;;;;;;;0;1;;;
02/06/2015;19:28:00;589;com vítima;0;BR-153/MG;Norte;Colisão Frontal;;;2;;;;;;;;0;2;;;
02/06/2015;19:28:00;594;com vítima;1;BR-153/MG;Norte;Colisão Traseira;;;1;;;1;;;;;1;1;;;
02/06/2015;10:54:00;321;com vítima;494;BR-153/GO;Norte;Queda de Moto;;;;1;;;;;;;0;1;;;
02/06/2015;06:47:00;134;com vítima;382;BR-262/MG;Leste;Saida de Pista;;;;;;;;;;1;0;1;;;
02/06/2015;08:48:00;206;sem vítima;500;BR-153/GO;Sul;Colisão Traseira;1;;;;;1;;;;;2;;;;
02/06/2015;18:22:00;567;sem vítima;399;BR-262/MG;Leste;Carreta deu L;;;1;;;;;;;;1;;;;
02/06/2015;06:35:00;128;com vítima;501;BR-153/GO;Sul;Colisão Traseira;1;;;1;;;;;;;1;2;;;
02/06/2015;06:39:00;132;sem vítima;501;BR-153/GO;Sul;;1;;;;;;;;;;1;;;;
02/06/2015;13:10:00;396;sem vítima;52,4;BR-060/GO;Sul;Atropelamento - Animal;1;;;;;;;;;;1;;;;
02/06/2015;06:56:00;137;com vítima;481;BR-262/MG;Leste;Saida de Pista;;;1;;;;;;;;0;1;;;
02/06/2015;19:23:00;585;sem vítima;500;BR-262/MG;Leste;Saida de Pista;1;;;;;;;;;;1;;;;
02/06/2015;00:03:00;1;sem vítima;509,1;BR-262/MG;Leste;Outros - sequências;;;2;;;;;;;;2;;;;
02/06/2015;07:27:00;153;com vítima;511,2;BR-262/MG;Oeste;Colisão Frontal;1;;1;;;;;;;;1;;2;;
02/06/2015;17:23:00;531;com vítima;548,9;BR-262/MG;Leste;Colisão Frontal;;;2;;;;;;;;0;1;1;;
02/06/2015;22:34:00;679;sem vítima;586;BR-262/MG;Leste;Saida de Pista;1;;;;;;;;;;1;;;;
02/06/2015;20:20:00;620;com vítima;590,7;BR-262/MG;Leste;Capotamento;1;;;;;;;;;;0;1;;;
02/06/2015;15:19:00;458;com vítima;112;BR-060/GO;Sul;Colisão Lateral;1;;1;;;;;;;;1;3;;;
02/06/2015;18:30:00;570;sem vítima;654;BR-262/MG;Leste;Saida de Pista;1;;;;;;;;;;1;;;;
02/06/2015;16:30:00;498;com vítima;689;BR-262/MG;Oeste;Saida de Pista;1;;;;;;;;;;0;1;;;
02/06/2015;19:52:00;604;com vítima;706;BR-262/MG;Leste;Saida de Pista;1;;;;;;;;;;0;1;;;
02/06/2015;13:49:00;404;com vítima;223;BR-153/MG;Sul;Colisão Lateral;;1;;;;1;;;;;1;1;;;
02/06/2015;19:27:00;588;com vítima;801;BR-262/MG;Oeste;Saida de Pista;1;;;;;;;;;;0;1;;;
02/06/2015;12:35:00;388;com vítima;819;BR-262/MG;Leste;Queda de Moto;;;;1;;;;;;;0;2;;;
02/06/2015;15:09:00;452;com vítima;675,4;BR-153/GO;Norte;Queda de Ciclista;;1;;;;;;;;;0;;1;;
02/06/2015;18:15:00;560;com vítima;243;BR-153/MG;Norte;Outros - sequências;;;;;;1;;;;1;2;1;;;
03/06/2015;21:47:00;660;com vítima;1;BR-153/MG;Sul;Queda de Ciclista;;;;1;;;;;;;0;1;;;
03/06/2015;07:10:00;84;sem vítima;380,2;BR-262/MG;Oeste;Saida de Pista;1;;;;;;;;;;1;;;;
03/06/2015;08:38:00;157;sem vítima;4;BR-060/DF;Sul;Saida de Pista;1;;;;;;;;;;1;;;;
03/06/2015;22:11:00;672;com vítima;424;BR-262/MG;Oeste;Colisão Traseira;1;;1;;;;;;;;1;2;;;
03/06/2015;14:52:00;398;com vítima;424,6;BR-262/MG;Leste;Capotamento;1;;;;;;;;;;0;2;;;
03/06/2015;18:36:00;562;sem vítima;429;BR-262/MG;Leste;Tombamento;;;1;;;;;;;;1;;;;
03/06/2015;14:13:00;369;sem vítima;505,4;BR-153/GO;Sul;Colisão Traseira;1;;1;;;;;;;;2;;;;
03/06/2015;14:22:00;375;sem vítima;505,4;BR-153/GO;Sul;Colisão Lateral;1;;1;;;;;;;;2;;;;
03/06/2015;21:26:00;652;com vítima;58;BR-153/MG;Norte;Colisão Traseira;;;2;;;;;;;;1;1;;;
03/06/2015;05:22:00;64;sem vítima;520;BR-153/GO;Norte;Saida de Pista;;;1;;;1;;;;;2;;;;
03/06/2015;17:29:00;528;com vítima;555;BR-153/GO;Sul;Colisão Traseira;;;;1;;1;;;;;1;1;1;;
03/06/2015;20:59:00;638;com vítima;659;BR-153/GO;Sul;Tombamento;;;1;;;;;;;;0;1;;;
03/06/2015;19:20:00;585;sem vítima;132;BR-060/GO;Sul;Colisão Traseira;2;;;;;;;;;;2;;;;
03/06/2015;10:00:00;216;sem vítima;850,1;BR-262/MG;Leste;Outros - sequências;;;1;;;1;;;;;2;;;;
04/06/2015;18:49:00;874;sem vítima;492;BR-153/GO;Norte;Outros - sequências;;;1;;;;;;;;1;;;;
04/06/2015;23:53:00;1064;com vítima;2;BR-153/MG;Norte;Colisão Transversal;2;;;1;;;;;;;0;3;;;
04/06/2015;11:30:00;456;com vítima;367,1;BR-262/MG;Oeste;Queda de Moto;;;;1;;;;;;;0;1;;;
04/06/2015;05:52:00;137;com vítima;439;BR-262/MG;Oeste;Capotamento;1;;;;;1;;;;;1;4;;;
04/06/2015;05:57:00;139;com vítima;508;BR-153/GO;Sul;Saida de Pista;1;;;;;;;;;;2;1;;;
04/06/2015;07:03:00;174;sem vítima;77;BR-153/MG;Norte;Colisão Traseira;1;;1;;;;;;;;2;;;;
04/06/2015;00:52:00;17;sem vítima;103;BR-153/MG;Norte;Tombamento;;;1;;;;;;;;1;;;;
04/06/2015;01:00:00;20;com vítima;513,8;BR-153/GO;Norte;Queda de Moto;;;;1;;;;;;;0;1;;;
04/06/2015;21:04:00;943;com vítima;553,8;BR-262/MG;Leste;Tombamento;;;1;;;;;;;;0;1;;;
04/06/2015;10:37:00;416;com vítima;15,6;BR-060/DF;Sul;Colisão Lateral;1;;;1;;;;;;;1;1;;;
05/06/2015;21:48:00;642;com vítima;359;BR-262/MG;Leste;Outros - sequências;1;;;;;;;;;;0;1;;;
05/06/2015;16:40:00;496;com vítima;11,5;BR-060/GO;Sul;Queda de Moto;;;;1;;;;;;;0;1;;;
05/06/2015;16:50:00;507;com vítima;43,5;BR-060/GO;Sul;Queda de Moto;;;;1;;;;;;;0;1;;;
05/06/2015;08:37:00;193;sem vítima;47;BR-060/GO;Norte;Queda de Ciclista;;;;1;;;;;;;1;;;;
05/06/2015;10:08:00;268;sem vítima;46;BR-153/MG;Sul;Colisão Lateral;1;;;;;1;;;;;2;;;;
05/06/2015;07:38:00;149;com vítima;440,1;BR-262/MG;Oeste;Queda de Ciclista;;;;1;;1;;;;;1;1;;;
05/06/2015;11:04:00;292;com vítima;513;BR-262/MG;Leste;Colisão Traseira;2;;;;;;;;;;1;1;;;
05/06/2015;09:09:00;215;sem vítima;127;BR-153/MG;Sul;Colisão Traseira;1;;1;;;;;;;;2;;;;
05/06/2015;16:08:00;478;com vítima;104,6;BR-060/GO;Sul;Capotamento;1;;;;;;;;;;1;1;;;
05/06/2015;08:25:00;184;sem vítima;803;BR-262/MG;Oeste;Colisão Traseira;2;;;;;;;;;;2;;;;
06/06/2015;18:48:00;452;com vítima;0,5;BR-060/DF;Sul;Atropelamento - Morador;1;;;;;;;;;;1;;;1;
06/06/2015;22:25:00;537;com vítima;495,9;BR-153/GO;Sul;Colisão Traseira;;;;1;;;;;;1;1;1;;1;
06/06/2015;07:30:00;127;sem vítima;30;BR-153/MG;Norte;Capotamento;1;;;;;;;;;;1;;;;
06/06/2015;10:07:00;204;com vítima;58;BR-060/GO;Norte;Capotamento;1;;;;;1;;;;;2;;1;;
06/06/2015;10:53:00;235;sem vítima;504;BR-153/GO;Norte;Colisão Lateral;1;;1;;;;;;;;2;;;;
06/06/2015;16:38:00;394;sem vítima;504;BR-153/GO;Sul;Colisão Lateral;2;;;;;;;;;;2;;;;
06/06/2015;19:26:00;462;com vítima;504,6;BR-153/GO;Sul;Choque - Poste;1;;;;;;;;;;0;1;;1;
06/06/2015;19:40:00;474;sem vítima;443;BR-262/MG;Leste;Saida de Pista;1;;;;;;;;;;1;;;;
06/06/2015;12:44:00;278;sem vítima;93;BR-060/GO;Norte;Colisão Traseira;1;;;1;;;;;;;2;;;;
06/06/2015;23:22:00;550;com vítima;597,5;BR-153/GO;Sul;Saida de Pista;;;1;;;1;;;;;1;1;;;
06/06/2015;18:03:00;428;com vítima;773;BR-262/MG;Leste;Tombamento;1;;;;1;;;;;;0;1;2;1;
06/06/2015;12:34:00;274;sem vítima;125,3;BR-060/GO;Norte;Colisão Lateral;1;;1;;;;;;;;2;;;;
06/06/2015;19:15:00;457;com vítima;131;BR-060/GO;Norte;Saida de Pista;1;;;;;;;;;;0;1;2;;
06/06/2015;09:46:00;191;com vítima;135;BR-060/GO;Norte;Colisão Lateral;1;;1;;;;;;;;0;2;;;
06/06/2015;17:11:00;405;com vítima;899;BR-262/MG;Leste;Saida de Pista;1;;;;;;;;;;0;1;;;
07/06/2015;17:13:00;534;sem vítima;371;BR-262/MG;Oeste;Capotamento;1;;;;;1;;;;;2;;;;
07/06/2015;07:04:00;151;sem vítima;42,7;BR-060/GO;Sul;Choque - Defensa, barreira ou "submarino";1;;;;;1;;;;;2;;;;
07/06/2015;18:13:00;574;com vítima;4,5;BR-060/DF;Sul;Engavetamento;4;;;;;;;;;;4;2;1;;
07/06/2015;03:24:00;74;sem vítima;445;BR-262/MG;Oeste;Choque - Defensa, barreira ou "submarino";1;;;;;;;;;;1;;;;
07/06/2015;17:44:00;554;sem vítima;477,8;BR-262/MG;Oeste;Colisão Lateral;2;;;;;;;;;;2;;;;
07/06/2015;04:23:00;85;sem vítima;495;BR-262/MG;Leste;Tombamento;;;1;;;;;;;;1;;;;
07/06/2015;11:30:00;306;com vítima;501;BR-262/MG;Leste;Colisão Traseira;1;;1;;;;;;;;0;2;;;
07/06/2015;16:09:00;496;com vítima;92;BR-060/GO;Norte;Colisão Lateral;1;;;;;;1;;;;1;2;;;
07/06/2015;18:05:00;571;sem vítima;512;BR-153/GO;Norte;Saida de Pista;1;;;;;;;;;;1;;;;
07/06/2015;14:07:00;412;sem vítima;525;BR-153/GO;Norte;Colisão Traseira;1;;;;;1;;;;;2;;;;
07/06/2015;17:26:00;542;sem vítima;97,5;BR-060/GO;Norte;Engavetamento;3;;;;;;;;;;3;;;;
07/06/2015;16:38:00;508;sem vítima;537,4;BR-153/GO;Sul;Colisão Traseira;1;;1;;;;;;;;2;;;;
07/06/2015;14:06:00;411;sem vítima;24,8;BR-060/DF;Sul;Saida de Pista;1;;;;;1;;;;;2;;;;
07/06/2015;16:06:00;492;sem vítima;115;BR-060/GO;Norte;Colisão Traseira;2;;;;;;;;;;2;;;;
07/06/2015;03:08:00;72;com vítima;666,5;BR-262/MG;Oeste;Saida de Pista;1;;;;;;;;;;1;;1;;
07/06/2015;17:38:00;550;sem vítima;679;BR-262/MG;Oeste;Colisão Traseira;1;;;;;1;;;;;3;;;;
07/06/2015;18:59:00;597;com vítima;615,2;BR-153/GO;Sul;Queda;1;;;1;;;;;;;4;;;;1
07/06/2015;19:11:00;602;com vítima;131;BR-060/GO;Sul;Atropelamento - Usuário;;;;;;;;;;;0;;1;;
07/06/2015;18:52:00;592;sem vítima;856;BR-262/MG;Oeste;Saida de Pista;1;;;;;;;;;;2;;;;
08/06/2015;19:30:00;597;com vítima;8,05;BR-060/GO;Norte;Engavetamento;4;;2;;;;;;;;5;;;1;
08/06/2015;19:23:00;595;sem vítima;3;BR-060/DF;Norte;Colisão Lateral;2;;;;;;;;;;3;;;;
08/06/2015;06:00:00;95;com vítima;386;BR-262/MG;Leste;Tombamento;;;1;;;;;;;;0;1;;;
08/06/2015;07:20:00;111;sem vítima;3,1;BR-060/DF;Norte;Colisão Traseira;2;;;;;;;;;;2;;;;
08/06/2015;12:06:00;361;sem vítima;510;BR-153/GO;Sul;Colisão Lateral;2;;;;;;;;;;2;;;;
08/06/2015;11:08:00;312;sem vítima;93;BR-060/GO;Sul;Tombamento;1;;;;;;;;;;1;;;;
08/06/2015;14:17:00;419;sem vítima;105;BR-060/GO;Norte;Capotamento;;;;;;;;;;1;1;;;;
08/06/2015;10:32:00;280;sem vítima;107,9;BR-060/GO;Norte;Colisão Lateral;;;1;;1;;;;;;2;;;;
08/06/2015;08:05:00;142;sem vítima;579;BR-153/GO;Norte;Capotamento;1;;;;;;;;;;1;;;;
08/06/2015;06:56:00;102;com vítima;203;BR-153/MG;Sul;Capotamento;1;;;;;;;;;;0;2;;;
09/06/2015;17:28:00;625;com vítima;359;BR-262/MG;Leste;Colisão Transversal;;;;1;;1;;;;;1;;1;;1
09/06/2015;06:27:00;127;com vítima;369,1;BR-262/MG;Leste;Colisão Lateral;1;;;1;;;;;;;0;2;1;;
09/06/2015;16:16:00;573;com vítima;39,3;BR-060/GO;Sul;Capotamento;1;;;;;1;;;;;1;1;;;
09/06/2015;08:33:00;219;sem vítima;500;BR-153/GO;Norte;Engavetamento;;;3;;;1;;;;;4;;;;
09/06/2015;11:32:00;361;sem vítima;500;BR-153/GO;Norte;Colisão Lateral;1;;;1;;;;;;;2;;;;
09/06/2015;08:40:00;230;com vítima;404,7;BR-262/MG;Oeste;Capotamento;1;;;;;;;;;;0;1;;1;
09/06/2015;22:12:00;789;sem vítima;501;BR-153/GO;Sul;Colisão Traseira;2;;;;;;;;;;2;;;;
09/06/2015;17:32:00;630;com vítima;502,8;BR-153/GO;Norte;Colisão Lateral;1;;;1;;;;;;;1;1;;;
09/06/2015;09:54:00;286;sem vítima;93;BR-060/GO;Norte;Colisão Traseira;1;;;;;;;;;1;2;;;;
09/06/2015;22:52:00;807;sem vítima;171;BR-153/MG;Norte;Capotamento;1;;;;;;;;;;1;;;;
09/06/2015;16:11:00;569;sem vítima;690;BR-153/GO;Norte;Tombamento;;;;;;;;;1;;1;;;;
10/06/2015;16:14:00;490;com vítima;40,5;BR-060/GO;Norte;Outros - sequências;1;;;;;;;;;;0;1;;;
10/06/2015;10:27:00;297;sem vítima;49;BR-060/GO;Sul;Colisão Traseira;1;;;;;1;;;;;2;;;;
10/06/2015;17:06:00;523;com vítima;431;BR-262/MG;Leste;Tombamento;;;1;;;;;;;;0;1;;;
10/06/2015;11:56:00;350;com vítima;52,5;BR-153/MG;Sul;Colisão Traseira;2;;;;;1;;;;;1;5;;;
10/06/2015;11:30:00;344;sem vítima;462;BR-262/MG;Leste;Colisão Traseira;1;;1;;;;;;;;2;;;;
10/06/2015;18:54:00;584;com vítima;93,6;BR-060/GO;Norte;Colisão Traseira;2;;;;;;;;;;2;1;;;
10/06/2015;18:45:00;580;sem vítima;94;BR-060/GO;Norte;Saida de Pista;1;;;;;;;;;;1;;;;
10/06/2015;21:49:00;648;com vítima;97;BR-060/GO;Norte;Queda de Moto;;;;1;;1;;;;;1;;;1;
10/06/2015;11:20:00;329;sem vítima;535;BR-153/GO;Norte;Saida de Pista;;;2;;;;;;;;2;;;;
10/06/2015;19:50:00;612;sem vítima;554;BR-153/GO;Sul;Choque - Suporte de Sinalização;;;1;;;;;;;;1;;;;
10/06/2015;08:01:00;186;com vítima;110;BR-060/GO;Norte;Queda de Moto;;;;1;;;;;;;0;2;;;
10/06/2015;16:36:00;501;com vítima;112;BR-060/GO;Norte;Queda de Moto;;;;1;;;;;;;1;1;;;
10/06/2015;14:57:00;456;sem vítima;590;BR-153/GO;Sul;Colisão Traseira;1;;1;;;;;;;;2;;;;
11/06/2015;16:58:00;463;com vítima;353;BR-262/MG;Leste;Outros - sequências;2;;1;;;;;;;;2;1;;;
11/06/2015;19:32:00;548;com vítima;371,5;BR-262/MG;Leste;Outros - sequências;1;;2;;;;;;;;2;1;;;
11/06/2015;10:12:00;223;sem vítima;394,2;BR-262/MG;Oeste;Colisão Traseira;1;;1;;;;;;;;2;;;;
11/06/2015;18:33:00;519;com vítima;24,5;BR-153/MG;Sul;Capotamento;1;;;;;1;;;;;1;3;;;
11/06/2015;07:16:00;87;com vítima;504;BR-153/GO;Sul;Colisão Traseira;;;;1;1;;;;;;1;1;;;
11/06/2015;13:41:00;345;com vítima;510;BR-153/GO;Norte;Colisão Traseira;1;;;1;;;;;;;1;1;;;
11/06/2015;19:20:00;544;sem vítima;512;BR-262/MG;Oeste;Colisão Lateral;1;;;;;1;;;;;2;;;;
11/06/2015;19:35:00;553;com vítima;512;BR-153/GO;Sul;Colisão Lateral;;1;;;;1;;;;;1;1;;;
11/06/2015;06:33:00;78;com vítima;97;BR-060/GO;Sul;Atropelamento - Usuário;;;;1;;;;;;;1;1;;;
11/06/2015;10:44:00;247;sem vítima;541;BR-153/GO;Norte;Colisão Lateral;;;1;;1;;;;;;2;;;;
11/06/2015;09:01:00;170;sem vítima;553,1;BR-153/GO;Norte;Choque - Defensa, barreira ou "submarino";;;1;;;;;;;;1;;;;
11/06/2015;23:30:00;642;com vítima;575;BR-153/GO;Sul;Saida de Pista;;;1;;;;;;;;0;1;;;
12/06/2015;14:24:00;442;sem vítima;496,5;BR-153/GO;Sul;Colisão Traseira;1;;1;;;;;;;;2;;;;
12/06/2015;13:14:00;392;com vítima;371;BR-262/MG;Oeste;Colisão Lateral;1;;1;;;;;;;;0;1;;1;
12/06/2015;19:49:00;649;com vítima;382;BR-262/MG;Oeste;Capotamento;1;;;;;;;;;;0;1;;;
12/06/2015;12:08:00;356;sem vítima;417,418;BR-262/MG;Oeste;Colisão Lateral;;;1;;;;;;;1;2;;;;
12/06/2015;18:36:00;622;sem vítima;418;BR-262/MG;Oeste;Colisão Traseira;2;;;;;;;;;;2;;;;
12/06/2015;23:56:00;764;sem vítima;443;BR-262/MG;Oeste;Outros - sequências;2;;;;;1;;;;;3;;;;
12/06/2015;10:47:00;313;com vítima;481;BR-262/MG;Oeste;Engavetamento;1;;2;;;;;;;;0;3;;;
12/06/2015;22:53:00;746;sem vítima;101;BR-060/GO;Sul;Saida de Pista;;;;;;;;;;1;1;;;;
12/06/2015;23:17:00;753;com vítima;589,4;BR-153/GO;Sul;Colisão Traseira;;;2;;;;;;;;1;;;;1
12/06/2015;11:25:00;333;com vítima;213;BR-153/MG;Norte;Saida de Pista;;;1;;;1;;;;;1;2;;;
12/06/2015;18:38:00;623;com vítima;699,8;BR-153/GO;Sul;Colisão Frontal;2;;;;;;;;;;0;1;;;1
13/06/2015;04:52:00;80;sem vítima;363,5;BR-262/MG;Leste;Saida de Pista;1;;;;;;;;;;1;;;;
13/06/2015;03:15:00;51;com vítima;6,4;BR-153/MG;Sul;Saida de Pista;;;1;;;;;;;;0;1;;;
13/06/2015;06:36:00;127;sem vítima;369;BR-262/MG;Oeste;Saida de Pista;1;;;;;;;;;;2;;;;
13/06/2015;12:21:00;335;com vítima;498,5;BR-153/GO;Norte;Colisão Traseira;1;;;;1;;;;;;1;1;;;
13/06/2015;07:31:00;138;sem vítima;408;BR-262/MG;Leste;Queda de Ciclista;;;;1;;;;;;;2;;;;
13/06/2015;22:10:00;723;sem vítima;412;BR-262/MG;Oeste;Saida de Pista;1;;;;;;;;;;1;;;;
13/06/2015;15:09:00;454;com vítima;435;BR-262/MG;Oeste;Capotamento;1;;;;;1;;;;;1;3;;;
13/06/2015;22:48:00;743;com vítima;523;BR-262/MG;Oeste;Colisão Transversal;2;;;;;;;;;;5;2;;;
13/06/2015;17:15:00;558;sem vítima;95;BR-060/GO;Sul;Outros - sequências;;;;2;;1;;;;;4;;;;
13/06/2015;17:21:00;562;com vítima;542;BR-153/GO;Sul;Capotamento;1;;;;;;;;;;0;3;2;;
13/06/2015;02:40:00;44;com vítima;638;BR-262/MG;Oeste;Saida de Pista;1;;;;;;;;;;0;;;1;1
13/06/2015;21:11:00;696;com vítima;701,1;BR-153/GO;Norte;Colisão Frontal;1;;;1;;;;;;;0;1;;;1
14/06/2015;16:17:00;351;sem vítima;1,9;BR-153/MG;Norte;Colisão Lateral;;;2;;;;;;;;2;;;;
14/06/2015;01:50:00;42;com vítima;3;BR-060/DF;Sul;Colisão Traseira;2;;;;;;;;;;4;;;;1
14/06/2015;04:45:00;73;com vítima;500;BR-153/GO;Norte;Queda de Moto;;;;1;;;;;;;0;;;;1
14/06/2015;20:28:00;472;com vítima;394;BR-262/MG;Leste;Atropelamento - Morador;1;;;;;;;;;;0;1;;1;
14/06/2015;04:22:00;68;com vítima;84;BR-060/GO;Sul;Saida de Pista;1;;;;;;;;;;0;2;;;
14/06/2015;01:20:00;35;sem vítima;508;BR-262/MG;Oeste;Saida de Pista;1;;;;;;;;;;1;;;;
14/06/2015;04:44:00;72;com vítima;536,1;BR-153/GO;Sul;Queda de Moto;;;;1;;;;;;;0;2;;;
14/06/2015;16:42:00;364;sem vítima;102;BR-060/GO;Norte;Colisão Lateral;1;;;;;2;;;;1;4;;;;
14/06/2015;19:49:00;451;com vítima;561;BR-153/GO;Norte;Capotamento;1;;;;;1;;;;;2;1;;;