data;horario;n_da_ocorrencia;tipo_de_ocorrencia;km;trecho;sentido;tipo_de_acidente;automovel;bicicleta;caminhao;moto;onibus;outros;tracao_animal;transporte_de_cargas_especiais;trator_maquinas;utilitarios;ilesos;levemente_feridos;moderadamente_feridos;gravemente_feridos;mortos
03/07/2015;21:29:00;706;com vítima;2,6;BR-153/MG;Norte;Atropelamento - Andarilho;1;;;;;;;;;;0;1;;;1
03/07/2015;07:34:00;172;sem vítima;495;BR-153/GO;Sul;Colisão Traseira;;;1;;1;;;;;;2;;;;
03/07/2015;15:56:00;508;sem vítima;367;BR-262/MG;Oeste;Colisão Traseira;2;;;;;;;;;;2;;;;
03/07/2015;06:00:00;129;com vítima;24;BR-153/MG;Sul;Queda de Moto;;;;1;;;;;;;0;1;;1;
03/07/2015;19:53:00;657;com vítima;42,2;BR-060/GO;Sul;Saida de Pista;;;;;1;;;;;;1;2;;;
03/07/2015;00:21:00;11;com vítima;502,8;BR-153/GO;Norte;Queda de Moto;;;;1;;1;;;;;1;;1;;
03/07/2015;23:12:00;768;com vítima;55,1;BR-060/GO;Norte;Capotamento;1;;;;;;;;;;0;2;;;
03/07/2015;22:15:00;737;com vítima;492;BR-262/MG;Oeste;Saida de Pista;1;;;;;;;;;;3;2;;;
03/07/2015;17:27:00;580;sem vítima;94;BR-060/GO;Sul;Colisão Traseira;2;;;;;;;;;;2;;;;
03/07/2015;10:56:00;328;sem vítima;11;BR-060/DF;Norte;Saida de Pista;1;;;;;;;;;;1;;;;
03/07/2015;20:22:00;670;sem vítima;802;BR-262/MG;Oeste;Choque - Suporte de Sinalização;;;;1;;;;;;;1;;;;
04/07/2015;16:22:00;438;com vítima;2,1;BR-153/MG;Sul;Capotamento;1;;;;;1;;;;;1;2;;;
04/07/2015;19:35:00;531;com vítima;4;BR-153/MG;Norte;Queda de Moto;;;;1;;;;;;;0;2;;;
04/07/2015;03:28:00;73;com vítima;497,5;BR-153/GO;Norte;Queda de Moto;;;;1;;1;;;;;1;2;;;
04/07/2015;06:00:00;113;com vítima;13,1;BR-153/MG;Norte;Colisão Transversal;1;;;;1;;;;;;0;4;;;
04/07/2015;13:21:00;330;com vítima;31,1;BR-060/GO;Norte;Atropelamento - Morador;;;1;;;;;;;;1;;;1;
04/07/2015;17:34:00;473;sem vítima;389;BR-262/MG;Leste;Outros - sequências;1;;;;;;;;;;1;;;;
04/07/2015;17:30:00;471;com vítima;414;BR-262/MG;Oeste;Queda de Ciclista;;;;1;;;;;;;0;;1;;
04/07/2015;00:34:00;10;sem vítima;416;BR-262/MG;Leste;Capotamento;1;;;;;;;;;;1;;;;
04/07/2015;15:21:00;396;sem vítima;60;BR-060/GO;Sul;Colisão Traseira;1;;1;;;;;;;;2;;;;
04/07/2015;07:44:00;139;sem vítima;451,5;BR-262/MG;Oeste;Tombamento;;;1;;;1;;;;;2;;;;
04/07/2015;07:49:00;143;com vítima;494;BR-262/MG;Leste;Choque - Talude;1;;;;;;;;;;0;1;;;
04/07/2015;06:58:00;128;com vítima;130;BR-153/MG;Norte;Tombamento;;;1;;;;;;;;0;1;;;
04/07/2015;20:41:00;572;sem vítima;213,5;BR-153/MG;Norte;Atropelamento - Animal;;;1;;;;;;;;1;;;;
04/07/2015;20:50:00;580;com vítima;771;BR-262/MG;Leste;Saida de Pista;1;;;;;1;;;;;2;2;;;
04/07/2015;16:46:00;452;com vítima;122;BR-060/GO;Norte;Queda de Moto;;;;1;;;;;;;0;2;;;
04/07/2015;13:02:00;322;com vítima;226;BR-153/MG;Norte;Saida de Pista;1;;;;;1;;;;;1;1;;;
04/07/2015;18:27:00;508;sem vítima;656,2;BR-153/GO;Sul;Tombamento;;;1;;;;;;;;1;;;;
04/07/2015;16:20:00;436;com vítima;30;BR-060/DF;Norte;Queda de Moto;;;;1;;;;;;;0;1;;;
05/07/2015;22:44:00;573;sem vítima;2;BR-153/MG;Norte;Saida de Pista;1;;;;;;;;;;1;;;;
05/07/2015;13:50:00;305;com vítima;382,2;BR-262/MG;Leste;Queda de Ciclista;;;;1;;1;;;;;1;;1;;
05/07/2015;19:24:00;487;com vítima;36,5;BR-060/GO;Norte;Queda de Moto;;;;1;;;;;;;0;2;;;
05/07/2015;11:04:00;231;com vítima;500;BR-153/GO;Norte;Colisão Traseira;1;;;1;;;;;;;1;1;;;
05/07/2015;15:19:00;355;com vítima;24,7;BR-153/MG;Sul;Colisão Traseira;1;;1;;;;;;;;0;2;;;
05/07/2015;18:27:00;461;sem vítima;50;BR-153/MG;Norte;Saida de Pista;1;;;;;1;;;;;2;;;;
05/07/2015;12:58:00;281;sem vítima;94;BR-060/GO;Norte;Choque - Defensa, barreira ou "submarino";1;;;;;;;;;;1;;;;
05/07/2015;03:42:00;60;sem vítima;530;BR-153/GO;Sul;Saida de Pista;1;;;;;;;;;;1;;;;
05/07/2015;23:38:00;598;com vítima;532;BR-153/GO;Sul;Queda de Moto;;;;1;;;;;;;0;;1;;
05/07/2015;21:27:00;549;sem vítima;127,9;BR-153/MG;Norte;Colisão Traseira;;;2;;;;;;;;2;;;;
05/07/2015;07:06:00;102;sem vítima;160;BR-153/MG;Sul;Atropelamento - Animal;;;1;;;;;;;;1;;;;
05/07/2015;15:40:00;373;com vítima;876;BR-262/MG;Oeste;Queda de Ciclista;;;;1;;;;;;;0;;1;;
06/07/2015;12:07:00;326;sem vítima;4;BR-153/MG;Norte;Tombamento;;;1;;;;;;;;1;;;;
06/07/2015;12:31:00;336;com vítima;378;BR-262/MG;Leste;Saida de Pista;1;;;;;;;;;;0;1;2;;
06/07/2015;13:52:00;381;sem vítima;43;BR-060/GO;Sul;Colisão Traseira;1;;1;;;;;;;;2;;;;
06/07/2015;18:35:00;538;com vítima;439;BR-262/MG;Oeste;Choque - Defensa, barreira ou "submarino";1;;;;;;;;;;0;;1;;
06/07/2015;10:34:00;261;com vítima;508;BR-153/GO;Norte;Engavetamento;1;;2;;;;;;;;2;1;;;
06/07/2015;23:29:00;686;sem vítima;511;BR-153/GO;Sul;;;;;1;;;;;;;1;;;;
06/07/2015;16:00:00;467;sem vítima;112;BR-153/MG;Sul;Colisão Lateral;1;;;;;1;;;;;2;;;;
06/07/2015;23:15:00;678;sem vítima;533,2;BR-153/GO;Norte;Choque - Objeto sobre a pista;1;;1;;;;;;;;2;;;;
06/07/2015;10:15:00;251;com vítima;98;BR-060/GO;Sul;Queda de Moto;;;;1;;;;;;;0;1;;;
06/07/2015;13:34:00;371;sem vítima;553;BR-153/GO;Norte;Colisão Lateral;1;;1;;;;;;;;2;;;;
06/07/2015;09:22:00;214;com vítima;103;BR-060/GO;Norte;Saida de Pista;1;;;;;;;;;;0;1;;;
06/07/2015;08:13:00;157;com vítima;181;BR-153/MG;Sul;Colisão Traseira;;;2;;;;;;;;0;2;;;
06/07/2015;10:07:00;243;com vítima;116;BR-060/GO;Sul;Saida de Pista;1;;;;;;;;;;0;;1;;
06/07/2015;05:46:00;81;com vítima;231,1;BR-153/MG;Sul;Colisão Frontal;1;;1;;;;;;;;0;1;;;1
07/07/2015;13:40:00;384;com vítima;357;BR-262/MG;Oeste;Outros - sequências;1;;;;;1;;;;;1;1;;;
07/07/2015;14:01:00;396;com vítima;3;BR-060/DF;Norte;Outros - sequências;2;;;;;;;;;;0;2;1;;
07/07/2015;16:29:00;500;com vítima;417,9;BR-262/MG;Leste;Queda de Ciclista;;;;1;;1;;;;;1;1;;;
07/07/2015;06:05:00;113;com vítima;47;BR-153/MG;Sul;Saida de Pista;1;;;;;;;;;;0;5;;;
07/07/2015;05:59:00;111;com vítima;448;BR-262/MG;Leste;Atropelamento - Ciclista;;1;1;;;;;;;;1;;1;;
07/07/2015;20:49:00;642;sem vítima;82;BR-060/GO;Sul;Colisão Lateral;2;;;;;;;;;;2;;;;
07/07/2015;13:15:00;368;com vítima;89;BR-060/GO;Norte;Atropelamento - Usuário;;;;;1;;;;;;1;1;;;
07/07/2015;18:27:00;574;sem vítima;99;BR-060/GO;Sul;Colisão Lateral;;;1;;;;;;;1;2;;;;
07/07/2015;11:19:00;310;sem vítima;107;BR-060/GO;Sul;Colisão Traseira;2;;;;;;;;;;2;;;;
07/07/2015;15:46:00;468;sem vítima;107;BR-060/GO;Sul;Colisão Traseira;;;1;;;1;;;;;2;;;;
07/07/2015;06:25:00;121;sem vítima;126;BR-060/GO;Norte;Colisão Lateral;2;;;;;1;;;;;3;;;;
07/07/2015;18:18:00;568;sem vítima;664,5;BR-153/GO;Sul;Saida de Pista;1;;;;;1;;;;;2;;;;
08/07/2015;10:52:00;229;sem vítima;364;BR-262/MG;Oeste;Tombamento;;;1;;;;;;;;1;;;;
08/07/2015;15:45:00;346;sem vítima;495;BR-153/GO;Sul;Colisão Traseira;;;1;;;;;;;1;2;;;;
08/07/2015;07:40:00;129;com vítima;31;BR-153/MG;Sul;Colisão Traseira;1;;1;;;;;;;;2;1;;;
08/07/2015;14:25:00;295;com vítima;34;BR-153/MG;Sul;Capotamento;1;;;;;;;;;;0;2;;;
08/07/2015;17:56:00;403;sem vítima;506;BR-153/GO;Sul;Colisão Traseira;2;;;;;;;;;;2;;;;
08/07/2015;19:03:00;439;sem vítima;506,3;BR-153/GO;Norte;Colisão Traseira;2;;;;;;;;;;2;;;;
08/07/2015;13:22:00;275;sem vítima;76;BR-060/GO;Norte;Saida de Pista;1;;;;;;;;;;1;;;;
08/07/2015;07:42:00;130;com vítima;76,8;BR-153/MG;Sul;Colisão Lateral;;;3;;;;;;;;0;3;;;
08/07/2015;21:05:00;495;sem vítima;510,5;BR-153/GO;Norte;Queda de Moto;;;;1;;;;;;;1;;;;
08/07/2015;08:00:00;140;com vítima;113;BR-153/MG;Norte;Colisão Traseira;1;;1;;;;;;;;0;2;;;
08/07/2015;14:28:00;298;sem vítima;522;BR-153/GO;Sul;Saida de Pista;;;1;;;;;;;;1;;;;
08/07/2015;08:40:00;170;sem vítima;125;BR-153/MG;Norte;Colisão Lateral;;;2;;;;;;;;2;;;;
08/07/2015;14:55:00;313;sem vítima;97;BR-060/GO;Norte;Colisão Lateral;2;;;;;;;;;;2;;;;
08/07/2015;13:58:00;288;com vítima;188;BR-153/MG;Sul;Outros - sequências;;;1;;;;;;;;0;1;;;
08/07/2015;19:12:00;446;com vítima;26,5;BR-060/DF;Sul;Outros - sequências;;;;;;;;;;1;0;2;;;
08/07/2015;17:02:00;383;com vítima;230,7;BR-153/MG;Norte;Saida de Pista;1;;;;;;;;;;1;;1;;
09/07/2015;06:13:00;82;com vítima;21;BR-060/GO;Norte;Atropelamento - Animal;1;;;;;;;;;;0;1;;;
09/07/2015;16:16:00;429;com vítima;10;BR-153/MG;Norte;Queda de Moto;1;;;1;;;;;;;0;1;1;;
09/07/2015;11:39:00;250;com vítima;381;BR-262/MG;Leste;Choque - Defensa, barreira ou "submarino";;;;1;;;;;;;0;;1;;
09/07/2015;09:29:00;174;com vítima;421,85;BR-262/MG;Leste;Saida de Pista;1;;;;;;;;;;0;1;;;
09/07/2015;17:14:00;459;sem vítima;456,4;BR-262/MG;Oeste;Colisão Traseira;2;;;;;;;;;;2;;;;
09/07/2015;07:50:00;110;sem vítima;508,8;BR-153/GO;Norte;Engavetamento;3;;;;;;;;;;3;;;;
09/07/2015;10:00:00;192;com vítima;513;BR-153/GO;Norte;Colisão Traseira;;1;;1;;;;;;;0;2;;;
09/07/2015;19:09:00;532;com vítima;535,1;BR-153/GO;Norte;Queda de Moto;;;;1;;;;;;;0;1;;;
09/07/2015;08:34:00;141;com vítima;135;BR-153/MG;Sul;Colisão Traseira;;;3;;;;;;;;1;1;1;;
09/07/2015;16:50:00;443;sem vítima;99;BR-060/GO;Norte;Colisão Lateral;1;;;;;1;;;;;6;;;;
09/07/2015;14:18:00;357;com vítima;570;BR-153/GO;Norte;Colisão Lateral;;;1;1;;;;;;;1;2;;;
09/07/2015;16:51:00;444;sem vítima;803;BR-262/MG;Leste;Colisão Lateral;1;;1;;;;;;;;2;;;;
09/07/2015;14:25:00;359;com vítima;811;BR-262/MG;Oeste;Choque - Veiculo parado no acostamento;;;1;1;;;;;;;1;;1;;
09/07/2015;01:51:00;38;com vítima;702;BR-153/GO;Sul;Saida de Pista;1;;;;;;;;;;0;1;;;
10/07/2015;20:13:00;635;sem vítima;356;BR-262/MG;Oeste;Saida de Pista;1;;;;;;;;;;1;;;;
10/07/2015;01:38:00;35;sem vítima;492;BR-153/GO;Norte;Capotamento;1;;;;;;;;;;1;;;;
10/07/2015;05:56:00;103;sem vítima;495;BR-153/GO;Norte;Colisão Traseira;1;;;;;;;;;;1;;;;
10/07/2015;01:03:00;22;sem vítima;17;BR-153/MG;Norte;Saida de Pista;1;;;;;;;;;;1;;;;
10/07/2015;20:30:00;650;sem vítima;5;BR-060/DF;Sul;Colisão Lateral;1;;;1;;;;;;;2;;;;
10/07/2015;16:54:00;546;sem vítima;508;BR-153/GO;Norte;Colisão Traseira;3;;;;;;;;;;3;;;;
10/07/2015;13:44:00;436;com vítima;481,7;BR-262/MG;Leste;Saida de Pista;1;;;;;1;;;;;1;1;;;
10/07/2015;08:11:00;165;sem vítima;95;BR-060/GO;Norte;Saida de Pista;1;;;;;;;;;;1;;;;
10/07/2015;13:52:00;439;sem vítima;112;BR-153/MG;Norte;Colisão Traseira;2;;;;;;;;;;2;;;;
10/07/2015;17:49:00;576;sem vítima;127,9;BR-153/MG;Sul;Colisão Traseira;;;2;;;;;;;;2;;;;
10/07/2015;15:10:00;483;sem vítima;534;BR-153/GO;Sul;Saida de Pista;1;;;;;;;;;;2;;;;
10/07/2015;14:13:00;455;com vítima;548;BR-153/GO;Norte;Saida de Pista;1;;;;;;;;;;0;2;;;
10/07/2015;06:27:00;113;sem vítima;112;BR-060/GO;Sul;Colisão Traseira;;;;1;;;;;;;1;;;;
10/07/2015;01:02:00;21;sem vítima;586;BR-153/GO;Sul;Outros - sequências;1;;;;;;;;;;1;;;;
11/07/2015;06:48:00;144;com vítima;490;BR-153/GO;Sul;Colisão Lateral;1;;;1;;;;;;;0;2;;;
11/07/2015;19:04:00;625;com vítima;11;BR-060/GO;Norte;Atropelamento - Andarilho;1;1;;;;;;;;;1;;1;;
11/07/2015;15:53:00;535;com vítima;495;BR-153/GO;Norte;Colisão Lateral;1;;;1;;;;;;;1;;1;;
11/07/2015;02:18:00;64;sem vítima;454;BR-262/MG;Leste;Saida de Pista;1;;;;;1;;;;;2;;;;
11/07/2015;21:20:00;688;sem vítima;507;BR-153/GO;Sul;Colisão Lateral;1;;1;;;;;;;;2;;;;
11/07/2015;07:59:00;182;com vítima;58;BR-153/MG;Norte;Tombamento;1;;1;;;;;;;;0;3;;;
11/07/2015;21:52:00;692;com vítima;6;BR-060/DF;Sul;Outros - sequências;3;;;;;1;;;;;4;2;;;
11/07/2015;06:52:00;146;sem vítima;509;BR-153/GO;Sul;Colisão Traseira;2;;;;;;;;;;2;;;;
11/07/2015;17:00:00;573;com vítima;510;BR-153/GO;Sul;Colisão Lateral;;1;;1;;;;;;;1;1;;;
11/07/2015;05:02:00;112;sem vítima;128,9;BR-153/MG;Norte;Saida de Pista;;;1;;;;;;;;1;;;;
11/07/2015;06:39:00;142;com vítima;98;BR-060/GO;Norte;Saida de Pista;1;;;;;1;;;;;1;1;;;
11/07/2015;13:06:00;405;sem vítima;99;BR-060/GO;Sul;Colisão Traseira;;;2;;;;;;;;2;;;;
11/07/2015;00:26:00;8;sem vítima;122;BR-060/GO;Sul;;1;;;;;;;;;;1;;;;
11/07/2015;08:31:00;205;com vítima;635;BR-153/GO;Norte;Capotamento;1;;;;;;;;;;0;3;1;;
12/07/2015;22:53:00;563;com vítima;498;BR-153/GO;Norte;Queda de Moto;;;;1;;;;;;;0;1;;;
12/07/2015;07:02:00;97;sem vítima;30,8;BR-060/GO;Norte;Saida de Pista;1;;;;;;;;;;1;;;;
12/07/2015;00:15:00;6;sem vítima;400,1;BR-262/MG;Oeste;Colisão Traseira;1;;;;;1;;;;;2;;;;
12/07/2015;10:22:00;196;sem vítima;4;BR-060/DF;Sul;Saida de Pista;1;;;;;;;;;;1;;;;
12/07/2015;19:29:00;486;sem vítima;501,3;BR-153/GO;Sul;Outros - sequências;1;;1;;;;;;;;2;;;;
12/07/2015;19:08:00;474;com vítima;45,8;BR-153/MG;Norte;Colisão Traseira;1;;1;;;;;;;;0;1;;;1
12/07/2015;18:46:00;460;com vítima;448;BR-262/MG;Oeste;Engavetamento;3;;;;;;;;;;2;1;1;;
12/07/2015;16:57:00;397;com vítima;451;BR-262/MG;Leste;Outros - sequências;1;;;1;;1;;;;;1;3;;;1
12/07/2015;10:45:00;209;com vítima;451,8;BR-262/MG;Leste;Colisão Frontal;1;;1;;;;;;;;0;1;;;1
12/07/2015;11:01:00;222;sem vítima;54;BR-153/MG;Norte;Colisão Lateral;2;;;;;;;;;;3;;;;
12/07/2015;19:46:00;492;sem vítima;458;BR-262/MG;Leste;Engavetamento;3;;;;;;;;;;3;;;;
12/07/2015;21:18:00;539;com vítima;480;BR-262/MG;Oeste;Queda de Ciclista;;;;1;;;;;;;0;1;;;
12/07/2015;19:27:00;484;sem vítima;92;BR-060/GO;Norte;Saida de Pista;1;;;;;;;;;;1;;;;
12/07/2015;20:16:00;507;sem vítima;510,5;BR-153/GO;Norte;Saida de Pista;1;;;;;;;;;;1;;;;
12/07/2015;12:25:00;265;sem vítima;106;BR-060/GO;Sul;Colisão Lateral;1;;;1;;;;;;;2;;;;
12/07/2015;02:43:00;52;sem vítima;610;BR-262/MG;Leste;Queda de Moto;;;;1;;;;;;;1;;;;
12/07/2015;18:44:00;459;sem vítima;114;BR-060/GO;Sul;Saida de Pista;1;;;;;;;;;;1;;;;
12/07/2015;21:54:00;547;com vítima;800;BR-262/MG;Leste;Colisão Traseira;1;;;1;;;;;;;2;1;;;
12/07/2015;03:34:00;64;com vítima;30;BR-060/DF;Sul;Queda de Moto;;;;1;;;;;;;0;1;;;
12/07/2015;19:24:00;481;sem vítima;134;BR-060/GO;Sul;Colisão Traseira;1;;;;;1;;;;;2;;;;
12/07/2015;17:44:00;423;com vítima;692,2;BR-153/GO;Sul;Saida de Pista;1;;;;;;;;;;0;1;;;
13/07/2015;16:53:00;425;com vítima;24;BR-060/GO;Sul;Capotamento;1;;;;;;;;;;0;1;;;
13/07/2015;08:43:00;141;sem vítima;500,9;BR-153/GO;Sul;Colisão Lateral;2;;;;;;;;;;2;;;;
13/07/2015;20:18:00;524;com vítima;48;BR-060/GO;Sul;Outros - sequências;1;;1;;;;;;;;1;;1;;
13/07/2015;11:09:00;257;sem vítima;67;BR-153/MG;Sul;Saida de Pista;1;;;;;;;;;;1;;;;
13/07/2015;18:38:00;483;com vítima;517;BR-153/GO;Sul;Atropelamento - Ciclista;;1;;;;1;;;;;1;;;1;
13/07/2015;04:43:00;59;com vítima;184,4;BR-153/MG;Sul;Colisão Transversal;1;;2;;;;;;;;2;2;;;
13/07/2015;08:40:00;139;sem vítima;26;BR-060/DF;Norte;Colisão Traseira;2;;;;;;;;;;2;;;;
13/07/2015;02:42:00;39;com vítima;621;BR-262/MG;Leste;Tombamento;;;1;;;;;;;;0;1;;;
13/07/2015;09:49:00;197;sem vítima;113,5;BR-060/GO;Norte;Colisão Traseira;1;;;;;1;;;;;2;;;;
13/07/2015;10:33:00;227;sem vítima;118;BR-060/GO;Norte;Colisão Frontal;2;;;;;;;;;;2;;;;
13/07/2015;12:01:00;290;com vítima;136;BR-060/GO;Sul;Outros - sequências;1;;1;;1;;;;;;2;5;5;1;
14/07/2015;09:13:00;206;sem vítima;495;BR-153/GO;Sul;Colisão Lateral;2;;;;;;;;;;2;;;;
14/07/2015;10:04:00;245;sem vítima;498;BR-153/GO;Sul;Colisão Traseira;1;;;1;;;;;;;2;;;;
14/07/2015;19:31:00;600;com vítima;437;BR-262/MG;Leste;Atropelamento - Morador;;;;1;;;;;;;1;1;1;;
14/07/2015;06:55:00;126;com vítima;448,6;BR-262/MG;Oeste;Colisão Traseira;1;;;1;;;;;;;1;1;;;
14/07/2015;12:08:00;331;com vítima;614;BR-153/GO;Sul;Saida de Pista;1;;2;;;;;;;;2;;1;;
14/07/2015;00:27:00;8;sem vítima;754;BR-262/MG;Oeste;Colisão Lateral;1;;1;;;;;;;;3;;;;
14/07/2015;16:07:00;467;sem vítima;785;BR-262/MG;Oeste;Saida de Pista;1;;;;;;;;;;3;;;;
14/07/2015;10:41:00;271;com vítima;696,4;BR-153/GO;Norte;Tombamento;;;1;;;;;;;;0;1;;;
15/07/2015;17:34:00;524;sem vítima;2,6;BR-060/DF;Sul;Colisão Traseira;2;;;;;;;;;;2;;;;
15/07/2015;22:04:00;678;sem vítima;500,8;BR-153/GO;Sul;Colisão Traseira;2;;;;;;;;;;2;;;;
15/07/2015;06:53:00;109;com vítima;410;BR-262/MG;Oeste;Queda de Moto;;;;1;;;;;;;0;1;;;
15/07/2015;15:46:00;474;sem vítima;463;BR-262/MG;Leste;Engavetamento;3;;1;;;;;;;;4;;;;
15/07/2015;10:00:00;242;com vítima;9;BR-060/DF;Norte;Tombamento;;;1;;;1;;;;;1;1;;;
15/07/2015;21:34:00;663;com vítima;544;BR-262/MG;Oeste;Colisão Traseira;;;2;;;;;;;;0;3;;;
15/07/2015;14:12:00;416;com vítima;583,2;BR-262/MG;Leste;Capotamento;;;1;;;;;;;;0;;;;1
15/07/2015;12:12:00;339;sem vítima;668;BR-262/MG;Leste;Colisão Traseira;2;;;;;;;;;;3;;;;
15/07/2015;20:03:00;600;sem vítima;225,3;BR-153/MG;Norte;Atropelamento - Animal;;;1;;;;;;;;1;;;;
15/07/2015;07:25:00;128;sem vítima;127,5;BR-060/GO;Norte;Queda de Moto;;;;1;;;;;;;1;;;;
15/07/2015;18:21:00;552;com vítima;810;BR-262/MG;Leste;Outros - sequências;;1;;1;;1;;;;;2;;;1;
16/07/2015;15:33:00;457;sem vítima;12,5;BR-060/GO;Norte;Choque - Talude;1;;;;;;;;;;1;;;;
16/07/2015;21:21:00;654;com vítima;423;BR-262/MG;Oeste;Queda de Moto;;;;1;;;;;;;0;1;;;
16/07/2015;09:58:00;256;com vítima;502,6;BR-153/GO;Norte;Queda de Moto;;;;1;;;;;;;0;2;;;
16/07/2015;19:42:00;601;com vítima;428;BR-262/MG;Leste;Colisão Traseira;;;2;;;;;;;;1;;1;;
16/07/2015;11:02:00;292;com vítima;429,9;BR-262/MG;Oeste;Colisão Lateral;1;;;;;1;;;;;1;2;;;
16/07/2015;20:20:00;622;sem vítima;480;BR-262/MG;Oeste;Saida de Pista;;;1;;;;;;;;1;;;;
16/07/2015;10:12:00;264;sem vítima;7,4;BR-060/DF;Norte;Saida de Pista;1;;;;;;;;;;1;;;;
16/07/2015;11:12:00;302;com vítima;543;BR-262/MG;Leste;Saida de Pista;1;;;;;;;;;;0;2;;;
16/07/2015;08:14:00;175;sem vítima;514,3;BR-153/GO;Sul;Colisão Traseira;1;;1;;;;;;;;2;;;;
16/07/2015;13:27:00;388;sem vítima;127,9;BR-153/MG;Norte;Colisão Traseira;2;;;;;;;;;;2;;;;
16/07/2015;23:43:00;715;com vítima;175;BR-153/MG;Sul;Colisão Transversal;;;2;;;;;;;;1;2;;;
16/07/2015;09:15:00;224;sem vítima;116;BR-060/GO;Sul;Colisão Traseira;1;;1;;;;;;;;2;;;;
16/07/2015;20:22:00;623;sem vítima;118,3;BR-060/GO;Norte;Colisão Lateral;2;;;;;;;;;;2;;;;
16/07/2015;05:18:00;103;com vítima;654;BR-153/GO;Norte;Colisão Traseira;1;;;;;1;;;;;1;1;;;
16/07/2015;15:15:00;447;sem vítima;807;BR-262/MG;Oeste;Queda de Ciclista;;1;;;;;;;;;1;;;;
16/07/2015;14:47:00;423;sem vítima;810;BR-262/MG;Leste;Saida de Pista;1;;;;;;;;;;1;;;;
17/07/2015;15:28:00;477;com vítima;491,4;BR-153/GO;Norte;Colisão Traseira;;;;1;;;;;;1;1;2;;;
17/07/2015;21:00:00;670;sem vítima;8;BR-153/MG;Norte;Saida de Pista;1;;;;;;;;;;2;;;;
17/07/2015;07:47:00;142;com vítima;29;BR-153/MG;Sul;Colisão Traseira;1;;1;;;;;;;;2;1;;;
17/07/2015;18:33:00;595;com vítima;476;BR-262/MG;Oeste;Tombamento;;;1;;;;;;;;0;1;;;
17/07/2015;20:38:00;661;sem vítima;509,2;BR-153/GO;Sul;Colisão Lateral;1;;;;;1;;;;;2;;;;
17/07/2015;15:25:00;473;sem vítima;511;BR-153/GO;Sul;Colisão Lateral;2;;;;1;;;;;;3;;;;
17/07/2015;22:09:00;709;com vítima;549;BR-262/MG;Leste;Saida de Pista;;;1;;;;;;;;0;;1;;
17/07/2015;14:20:00;434;com vítima;553,5;BR-262/MG;Oeste;Colisão Traseira;;;3;;;;;;;;0;3;;;
17/07/2015;16:26:00;519;sem vítima;554,5;BR-262/MG;Oeste;Colisão Traseira;2;;;;;;;;;;2;;;;
17/07/2015;14:26:00;439;sem vítima;118;BR-060/GO;Norte;Colisão Traseira;2;;;;;;;;;;2;;;;
17/07/2015;18:58:00;608;sem vítima;802;BR-262/MG;Leste;Saida de Pista;1;;;;;1;;;;;2;;;;
17/07/2015;18:08:00;579;com vítima;138;BR-060/GO;Sul;Colisão Traseira;;1;;1;;;;;;;1;1;;;
18/07/2015;21:41:00;640;com vítima;358;BR-262/MG;Leste;Queda de Ciclista;;;;1;;;;;;;0;1;1;;
18/07/2015;13:41:00;357;com vítima;493,6;BR-153/GO;Sul;Colisão Lateral;1;;1;;;;;;;;0;6;;;
18/07/2015;12:45:00;326;com vítima;494,8;BR-153/GO;Sul;Atropelamento - Ambulante;;;;1;;;;;;;1;1;;;
18/07/2015;13:52:00;364;sem vítima;27;BR-060/GO;Norte;Outros - sequências;1;;;;;;;;;;5;;;;
18/07/2015;09:52:00;227;sem vítima;503;BR-153/GO;Norte;Colisão Traseira;2;;;;;;;;;;2;;;;
18/07/2015;18:22:00;542;com vítima;438;BR-262/MG;Oeste;Atropelamento - Usuário;1;;;;;;;;;;0;4;1;;1
18/07/2015;14:17:00;386;com vítima;512;BR-262/MG;Oeste;Capotamento;1;;;;;;;;;;0;3;;;
18/07/2015;14:20:00;389;com vítima;790;BR-262/MG;Oeste;Colisão Traseira;1;;;;;1;;;;;3;;1;;
18/07/2015;16:22:00;473;sem vítima;810;BR-262/MG;Oeste;Choque - Outros;1;;;;;;;;;;1;;;;
18/07/2015;17:11:00;503;sem vítima;668,6;BR-153/GO;Sul;Outros - sequências;1;;1;;;;;;;;2;;;;
19/07/2015;12:13:00;284;com vítima;18,5;BR-060/GO;Norte;Saida de Pista;1;;;;;;;;;;0;1;;;
19/07/2015;03:37:00;65;sem vítima;371;BR-262/MG;Leste;Saida de Pista;1;;;;;;;;;;1;;;;
19/07/2015;03:00:00;55;com vítima;17,9;BR-153/MG;Norte;Atropelamento - Usuário;1;;;;;;;;;;1;;;1;
19/07/2015;19:30:00;538;com vítima;3,9;BR-060/DF;Sul;Capotamento;1;;;;;;;;;;5;;1;;
19/07/2015;18:40:00;520;sem vítima;394;BR-262/MG;Oeste;Colisão Traseira;2;;;;;;;;;;2;;;;
19/07/2015;01:31:00;28;com vítima;4,5;BR-060/DF;Norte;Outros - sequências;1;;;;;;;;;1;4;2;;;
19/07/2015;00:42:00;10;com vítima;442;BR-262/MG;Leste;Colisão Lateral;1;;1;;;;;;;;1;1;1;;
19/07/2015;22:41:00;641;sem vítima;5;BR-060/DF;Sul;Saida de Pista;1;;;;;;;;;;1;;;;
19/07/2015;01:24:00;27;com vítima;96;BR-060/GO;Sul;Capotamento;1;;;;;;;;;;0;1;;;
19/07/2015;09:35:00;218;sem vítima;101;BR-060/GO;Norte;Colisão Traseira;2;;;;;;;;;;2;;;;
19/07/2015;14:03:00;347;com vítima;604;BR-262/MG;Leste;Saida de Pista;1;;;;;;;;;;3;2;;;
20/07/2015;15:03:00;452;sem vítima;494,6;BR-153/GO;Norte;Colisão Lateral;;;2;;;;;;;;2;;;;