data;horario;n_da_ocorrencia;tipo_de_ocorrencia;km;trecho;sentido;tipo_de_acidente;automovel;bicicleta;caminhao;moto;onibus;outros;tracao_animal;transporte_de_cargas_especiais;trator_maquinas;utilitarios;ilesos;levemente_feridos;moderadamente_feridos;gravemente_feridos;mortos
20/07/2015;07:56:00;175;sem vítima;3,4;BR-060/DF;Norte;Colisão Traseira;2;;;;;;;;;;2;;;;
20/07/2015;15:37:00;472;com vítima;430;BR-262/MG;Leste;Capotamento;1;;;;;;;;;;0;3;;;
20/07/2015;08:03:00;171;sem vítima;506;BR-153/GO;Norte;Colisão Traseira;2;;;;;1;;;;;3;;;;
20/07/2015;02:38:00;64;com vítima;461;BR-262/MG;Leste;Outros - sequências;1;;;;;;;;;;0;2;;;
20/07/2015;03:38:00;80;sem vítima;464;BR-262/MG;Leste;Choque - Outros;1;;;;;;;;;;1;;;;
20/07/2015;11:04:00;293;com vítima;484;BR-262/MG;Leste;Tombamento;;;1;;;;;;;1;5;1;;;
20/07/2015;10:10:00;253;sem vítima;513;BR-153/GO;Norte;Queda de Moto;;;;1;;;;;;;1;;;;
20/07/2015;15:13:00;458;sem vítima;536,6;BR-153/GO;Sul;Tombamento;;;1;;;;;;;;1;;;;
20/07/2015;06:42:00;137;sem vítima;582;BR-262/MG;Oeste;Saida de Pista;1;;;;;;;;;;1;;;;
20/07/2015;09:24:00;230;sem vítima;583;BR-262/MG;Leste;Saida de Pista;1;;;;;;;;;;5;;;;
20/07/2015;13:11:00;372;sem vítima;136;BR-153/MG;Sul;Colisão Traseira;2;;;;;;;;;;2;;;;
20/07/2015;07:23:00;145;sem vítima;584;BR-262/MG;Leste;Saida de Pista;1;;;;;;;;;;5;;;;
20/07/2015;07:33:00;152;sem vítima;586;BR-262/MG;Leste;Choque - Arvore;;;;;;;;;;1;4;;;;
20/07/2015;10:06:00;252;sem vítima;107;BR-060/GO;Norte;Colisão Traseira;1;;;;1;;;;;;2;;;;
20/07/2015;15:56:00;489;sem vítima;118;BR-060/GO;Sul;Colisão Traseira;;;2;;;;;;;;2;;;;
20/07/2015;17:18:00;529;sem vítima;132,7;BR-060/GO;Norte;Carreta deu L;;;1;;;;;;;;1;;;;
20/07/2015;20:24:00;632;sem vítima;671,9;BR-153/GO;Sul;Saida de Pista;1;;1;;;;;;;;2;;;;
20/07/2015;11:17:00;304;sem vítima;686,2;BR-153/GO;Sul;Colisão Traseira;2;;;;;;;;;;2;;;;
21/07/2015;07:25:00;100;com vítima;354;BR-262/MG;Leste;Colisão Traseira;1;;;1;;;;;;;1;;1;;
21/07/2015;22:41:00;663;com vítima;368,8;BR-262/MG;Leste;Atropelamento - Usuário;;;1;;;;;;;;1;;;;1
21/07/2015;18:33:00;543;sem vítima;498,3;BR-153/GO;Norte;Engavetamento;3;;;;;;;;;;3;;;;
21/07/2015;07:58:00;119;sem vítima;501,4;BR-153/GO;Norte;Colisão Traseira;2;;;;;;;;;;2;;;;
21/07/2015;19:02:00;561;sem vítima;93;BR-060/GO;Norte;Capotamento;1;;;;;;;;;;1;;;;
21/07/2015;14:10:00;369;sem vítima;10,1;BR-060/DF;Norte;Saida de Pista;1;;;;;;;;;;1;;;;
21/07/2015;15:01:00;408;com vítima;126;BR-153/MG;Norte;Tombamento;;;1;;;;;;;;0;;1;;
21/07/2015;23:54:00;683;com vítima;99;BR-060/GO;Norte;Colisão Traseira;1;;;;1;;;;;;2;2;;;
21/07/2015;07:00:00;88;sem vítima;138;BR-153/MG;Norte;Colisão Lateral;1;;1;;;;;;;;3;;;;
21/07/2015;13:20:00;334;com vítima;153,7;BR-153/MG;Sul;Capotamento;;;1;;;;;;;;0;2;;;
21/07/2015;06:31:00;79;sem vítima;632;BR-262/MG;Leste;Saida de Pista;1;;;;;;;;;;1;;;;
21/07/2015;19:06:00;564;com vítima;588;BR-153/GO;Norte;Queda de Moto;;;;1;;;;;;;0;1;;;
21/07/2015;19:23:00;572;com vítima;810;BR-262/MG;Oeste;Choque - Poste;1;;;;;;;;;;0;;1;;
22/07/2015;21:32:00;761;sem vítima;370;BR-262/MG;Leste;Colisão Traseira;;;;;;1;;;;1;2;;;;
22/07/2015;18:17:00;643;sem vítima;34;BR-060/GO;Norte;Colisão Traseira;;;2;;;;;;;;2;;;;
22/07/2015;19:02:00;665;com vítima;430;BR-262/MG;Oeste;Choque - Arvore;1;;;;;;;;;;0;1;;;
22/07/2015;06:47:00;113;sem vítima;58;BR-153/MG;Norte;Choque - Objeto sobre a pista;1;;;;;;;;;;1;;;;
22/07/2015;16:46:00;585;com vítima;69,6;BR-153/MG;Norte;Tombamento;;;2;;;;;;;;1;2;;;
22/07/2015;07:02:00;118;sem vítima;488,7;BR-262/MG;Oeste;;1;;;;;;;;;;4;;;;
22/07/2015;08:54:00;222;com vítima;548;BR-262/MG;Leste;Tombamento;;;1;;;1;;;;;1;1;;;
22/07/2015;07:22:00;130;sem vítima;631;BR-262/MG;Leste;Colisão Lateral;1;;1;;;;;;;;2;;;;
22/07/2015;14:24:00;474;com vítima;629;BR-153/GO;Norte;Outros - sequências;;;1;;;;;;;;1;1;;;
22/07/2015;03:34:00;62;com vítima;644,7;BR-153/GO;Sul;Saida de Pista;;;1;;;;;;;;0;2;;;
23/07/2015;19:26:00;653;com vítima;493,7;BR-153/GO;Sul;Outros - sequências;;;1;1;;;;;;1;2;;;;1
23/07/2015;11:36:00;331;com vítima;45;BR-153/MG;Norte;Colisão Traseira;2;;1;;;;;;;;1;3;;;
23/07/2015;14:30:00;445;sem vítima;94;BR-060/GO;Norte;Capotamento;1;;;;;;;;;;1;;;;
23/07/2015;14:35:00;492;sem vítima;94;BR-060/GO;Norte;Colisão Traseira;1;;;1;;;;;;;2;;;;
23/07/2015;20:33:00;683;com vítima;755;BR-262/MG;Leste;Tombamento;;;1;;;;;;;;0;1;;;
23/07/2015;12:14:00;357;com vítima;796;BR-262/MG;Oeste;Saida de Pista;1;;;;;;;;;;0;2;;;
24/07/2015;14:57:00;519;sem vítima;490;BR-153/GO;Norte;Colisão Traseira;1;;1;;;;;;;;2;;;;
24/07/2015;16:59:00;615;sem vítima;28;BR-060/GO;Sul;Colisão Traseira;1;;;;;1;;;;;2;;;;
24/07/2015;16:12:00;585;com vítima;31;BR-153/MG;Sul;Saida de Pista;;;1;;;;;;;;0;1;;;
24/07/2015;18:06:00;665;sem vítima;430;BR-262/MG;Oeste;Queda de Moto;;;;1;;;;;;;2;;;;
24/07/2015;07:26:00;144;com vítima;523;BR-262/MG;Leste;Colisão Lateral;2;;;;;;;;;;3;4;;;
24/07/2015;12:58:00;434;sem vítima;537;BR-153/GO;Norte;Colisão Traseira;2;;;;;;;;;;3;;;;
24/07/2015;14:59:00;520;sem vítima;103,5;BR-060/GO;Norte;Colisão Traseira;;;1;;;;;;;1;2;;;;
24/07/2015;09:24:00;246;sem vítima;563;BR-153/GO;Sul;Saida de Pista;;;;;;;;;;1;2;;;;
24/07/2015;19:10:00;705;com vítima;173,5;BR-153/MG;Norte;Colisão Frontal;1;;1;;;;;;;;1;2;1;1;1
24/07/2015;07:53:00;161;com vítima;674,2;BR-153/GO;Norte;Capotamento;1;;;;;;;;;;1;2;;;
25/07/2015;08:56:00;220;com vítima;364;BR-262/MG;Oeste;Tombamento;;;1;;;;;;;;0;1;;;
25/07/2015;13:08:00;385;com vítima;367;BR-262/MG;Oeste;Atropelamento - Usuário;1;;;;;;;;;;1;1;;;
25/07/2015;18:11:00;549;com vítima;33;BR-060/GO;Norte;Colisão Transversal;1;;1;;;;;;;;1;4;;;
25/07/2015;18:53:00;570;com vítima;37,7;BR-060/GO;Sul;Saida de Pista;1;;;;;;;;;;0;1;;;
25/07/2015;07:02:00;146;sem vítima;44;BR-060/GO;Sul;Atropelamento - Animal;1;;;;;;;;;;1;;;;
25/07/2015;15:27:00;455;com vítima;53,2;BR-060/GO;Norte;Queda de Moto;;;;1;;;;;;;0;2;;;
25/07/2015;16:34:00;492;sem vítima;69;BR-060/GO;Norte;Saida de Pista;1;;;;;;;;;;1;;;;
25/07/2015;09:26:00;244;com vítima;480;BR-262/MG;Leste;;2;;;;;;;;;;1;;;1;
25/07/2015;12:40:00;362;sem vítima;108;BR-153/MG;Norte;Saida de Pista;1;;;;;;;;;;1;;;;
25/07/2015;02:39:00;55;com vítima;522;BR-153/GO;Sul;Queda de Moto;;;;1;;;;;;;0;1;;;
25/07/2015;13:31:00;397;sem vítima;543,6;BR-153/GO;Sul;Saida de Pista;1;;;;;;;;;;3;;;;
25/07/2015;20:54:00;631;com vítima;803;BR-262/MG;Leste;Queda de Ciclista;;1;;;;;;;;;0;1;;;
25/07/2015;22:33:00;680;com vítima;672,5;BR-153/GO;Norte;Colisão Lateral;;;;1;;;;;;1;0;1;;1;
26/07/2015;07:48:00;143;sem vítima;379;BR-262/MG;Leste;Saida de Pista;1;;;;;;;;;;1;;;;
26/07/2015;13:07:00;342;sem vítima;3;BR-060/DF;Norte;Colisão Lateral;2;;;;;;;;;;2;;;;
26/07/2015;12:47:00;330;com vítima;27;BR-153/MG;Norte;Tombamento;;;1;;;;;;;;0;1;;;
26/07/2015;18:26:00;550;sem vítima;4,3;BR-060/DF;Sul;Colisão Lateral;2;;;;;;;;;;2;;;;
26/07/2015;23:45:00;694;sem vítima;505,3;BR-153/GO;Sul;Colisão Lateral;2;;;;;;;;;;2;;;;
26/07/2015;19:46:00;586;sem vítima;475,5;BR-262/MG;Leste;Saida de Pista;;;1;;;;;;;;1;;;;
26/07/2015;15:18:00;415;com vítima;480,3;BR-262/MG;Oeste;Outros - sequências;1;;1;;;1;;;;;1;3;1;;
26/07/2015;18:46:00;563;com vítima;509;BR-153/GO;Norte;Queda de Moto;;;;1;;1;;;;;1;;1;;
26/07/2015;17:21:00;508;sem vítima;92;BR-060/GO;Norte;Saida de Pista;1;;;;;;;;;;1;;;;
26/07/2015;18:40:00;559;com vítima;510;BR-262/MG;Leste;Colisão Frontal;1;;1;;;;;;;;1;2;;1;
26/07/2015;04:22:00;88;sem vítima;513,4;BR-153/GO;Norte;Saida de Pista;1;;;;;;;;;;1;;;;
26/07/2015;17:42:00;522;sem vítima;555;BR-262/MG;Leste;Saida de Pista;;;1;;;;;;;;1;;;;
26/07/2015;08:47:00;180;com vítima;185;BR-153/MG;Sul;Colisão Frontal;2;;;;;;;;;;0;5;;1;1
26/07/2015;03:36:00;82;sem vítima;606;BR-153/GO;Norte;Atropelamento - Animal;1;;;;;;;;;;1;;;;
26/07/2015;20:14:00;598;com vítima;802;BR-262/MG;Leste;Outros - sequências;2;;;;;;;;;;2;2;;;
26/07/2015;09:52:00;236;com vítima;681;BR-153/GO;Norte;Capotamento;1;;;;;;;;;;0;2;;;
27/07/2015;13:49:00;415;com vítima;491;BR-153/GO;Norte;Queda de Moto;;;;1;;;;;;;0;1;;;
27/07/2015;06:03:00;97;sem vítima;358;BR-262/MG;Leste;Saida de Pista;1;;;;;;;;;;1;;;;
27/07/2015;18:13:00;602;sem vítima;25;BR-060/GO;Sul;Outros - sequências;;;;;;1;;;;1;2;;;;
27/07/2015;21:58:00;699;sem vítima;500,5;BR-153/GO;Norte;Saida de Pista;1;;;;;;;;;;1;;;;
27/07/2015;06:47:00;113;com vítima;402;BR-262/MG;Leste;Saida de Pista;;;;;;;;;;1;0;1;;;
27/07/2015;22:15:00;703;sem vítima;415;BR-262/MG;Leste;Tombamento;;;1;;;;;;;;1;;;;
27/07/2015;13:18:00;395;com vítima;32,9;BR-153/MG;Sul;Queda de Moto;;;;1;;;;;;;0;2;;;
27/07/2015;19:19:00;634;com vítima;81,5;BR-153/MG;Sul;Capotamento;;;1;;;;;;;;0;1;;;
27/07/2015;11:11:00;307;com vítima;511;BR-153/GO;Sul;Engavetamento;3;;;;;;;;;;1;6;;;
27/07/2015;20:58:00;673;com vítima;513,2;BR-153/GO;Sul;Queda de Moto;;;;1;;;;;;;1;1;;;
27/07/2015;18:57:00;625;sem vítima;94,5;BR-060/GO;Sul;Colisão Traseira;2;;;;;;;;;;2;;;;
27/07/2015;14:38:00;448;sem vítima;96;BR-060/GO;Sul;Colisão Traseira;2;;;;;;;;;;2;;;;
27/07/2015;00:50:00;22;com vítima;578;BR-262/MG;Oeste;Tombamento;;;;;1;;;;;;0;7;;;
27/07/2015;07:54:00;151;sem vítima;99;BR-060/GO;Norte;Colisão Traseira;2;;;;;;;;;;2;;;;
27/07/2015;09:23:00;237;sem vítima;101;BR-060/GO;Norte;Saida de Pista;1;;;;;;;;;;1;;;;
27/07/2015;18:58:00;626;com vítima;23,9;BR-060/DF;Norte;Queda de Moto;;;;1;;;;;;;0;1;;;
27/07/2015;16:44:00;540;com vítima;743;BR-262/MG;Oeste;Saida de Pista;1;;;;;;;;;;0;4;;;
27/07/2015;04:58:00;79;sem vítima;633;BR-153/GO;Sul;Saida de Pista;1;;;;;;;;;;1;;;;
27/07/2015;04:26:00;77;sem vítima;641,3;BR-153/GO;Norte;Capotamento;1;;;;;;;;;;1;;;;
27/07/2015;00:49:00;21;sem vítima;801;BR-262/MG;Leste;Atropelamento - Animal;1;;;;;;;;;;1;;;;
27/07/2015;08:22:00;176;sem vítima;128;BR-060/GO;Norte;Saida de Pista;;;;;1;;;;;;1;;;;
27/07/2015;16:35:00;536;sem vítima;900;BR-262/MG;Leste;Tombamento;;;1;;;;;;;;1;;;;
28/07/2015;00:00:00;6;sem vítima;7;BR-060/GO;Sul;Atropelamento - Animal;;;1;;;;;;;;1;;;;
28/07/2015;16:21:00;488;sem vítima;1,4;BR-060/DF;Sul;Queda de Moto;;;;1;;1;;;;;2;;;;
28/07/2015;18:32:00;566;com vítima;437;BR-262/MG;Leste;Queda de Ciclista;;;;1;;;;;;;0;1;1;;
28/07/2015;16:34:00;498;com vítima;440;BR-262/MG;Leste;Queda de Ciclista;;;;1;;;;;;;0;1;;;
28/07/2015;14:48:00;420;com vítima;67;BR-060/GO;Norte;Colisão Traseira;1;;1;;;;;;;;1;;;1;
28/07/2015;16:55:00;509;sem vítima;505,4;BR-153/GO;Sul;Colisão Lateral;1;;1;;;;;;;;2;;;;
28/07/2015;05:54:00;87;com vítima;78;BR-060/GO;Norte;Saida de Pista;1;;;;;;;;;;0;1;;;
28/07/2015;07:19:00;115;com vítima;507;BR-153/GO;Norte;Queda de Moto;;;;1;;;;;;;0;1;;;
28/07/2015;10:28:00;260;sem vítima;586,9;BR-153/GO;Norte;Tombamento;;;1;;;;;;;;1;;;;
28/07/2015;23:08:00;679;com vítima;692;BR-262/MG;Oeste;Colisão Traseira;;;2;;;;;;;;0;2;;;
28/07/2015;08:24:00;154;com vítima;803;BR-262/MG;Oeste;Colisão Traseira;1;;1;;;;;;;;1;1;;;
28/07/2015;17:40:00;527;com vítima;810;BR-262/MG;Oeste;Atropelamento - Morador;1;;;;;;;;;;1;;1;;
29/07/2015;12:44:00;342;sem vítima;356;BR-262/MG;Oeste;Saida de Pista;1;;;;;;;;;;1;;;;
29/07/2015;05:18:00;74;com vítima;72,8;BR-060/GO;Norte;Saida de Pista;;;2;;;;;;;;1;2;;;
29/07/2015;15:58:00;468;com vítima;457;BR-262/MG;Leste;Tombamento;1;;;;;;;;;;0;1;;;
29/07/2015;07:21:00;109;sem vítima;94;BR-060/GO;Norte;Colisão Traseira;1;;;;;1;;;;;2;;;;
29/07/2015;07:54:00;128;sem vítima;94,3;BR-060/GO;Sul;Colisão Frontal;2;;;;;;;;;;2;;;;
29/07/2015;18:24:00;560;sem vítima;633;BR-262/MG;Leste;Saida de Pista;1;;;;;;;;;;1;;;;
29/07/2015;19:54:00;613;com vítima;774;BR-262/MG;Oeste;Tombamento;;;1;;;;;;;;0;1;;;
29/07/2015;16:19:00;481;sem vítima;126;BR-060/GO;Norte;Colisão Traseira;2;;;;;;;;;;2;;;;
30/07/2015;05:15:00;102;sem vítima;0,5;BR-153/MG;Sul;Colisão Lateral;;;2;;;;;;;;2;;;;
30/07/2015;02:07:00;43;com vítima;502;BR-153/GO;Sul;Queda de Moto;;;;1;;;;;;;0;;1;;
30/07/2015;06:17:00;90;sem vítima;48,7;BR-060/GO;Sul;Saida de Pista;1;;;;;1;;;;;2;;;;
30/07/2015;18:27:00;562;com vítima;439;BR-262/MG;Oeste;Colisão Lateral;1;;;1;;;;;;;1;2;;;
30/07/2015;03:03:00;51;sem vítima;441;BR-262/MG;Oeste;Saida de Pista;;;1;;;;;;;;1;;;;
30/07/2015;05:06:00;81;com vítima;461;BR-262/MG;Oeste;Colisão Traseira;1;;;;;;;;;1;1;6;;;
30/07/2015;09:15:00;205;com vítima;464;BR-262/MG;Leste;Capotamento;1;;;;;;;;;;0;1;1;;
30/07/2015;03:03:00;52;sem vítima;740;BR-262/MG;Oeste;Atropelamento - Animal;;;;;;;;;;1;1;;;;
31/07/2015;17:23:00;585;sem vítima;11;BR-060/GO;Sul;Colisão Traseira;;;2;;;;;;;;2;;;;
31/07/2015;13:04:00;414;com vítima;83,3;BR-060/GO;Norte;Outros - sequências;1;;;;;;;;;;0;1;;;1
31/07/2015;05:47:00;120;sem vítima;476;BR-262/MG;Oeste;Colisão Traseira;1;;1;;;;;;;;2;;;;
31/07/2015;17:57:00;611;sem vítima;510;BR-153/GO;Sul;Colisão Lateral;1;;1;;;;;;;;2;;;;
31/07/2015;15:59:00;531;sem vítima;94;BR-060/GO;Sul;Colisão Lateral;1;;;;;1;;;;;2;;;;
31/07/2015;19:49:00;670;sem vítima;107;BR-060/GO;Sul;Engavetamento;3;;;;;;;;;;3;;;;
31/07/2015;13:17:00;428;sem vítima;597;BR-262/MG;Leste;Colisão Lateral;2;;;;;;;;;;5;;;;
31/07/2015;12:19:00;386;com vítima;183,35;BR-153/MG;Norte;Colisão Frontal;2;;;;;;;;;;0;;;;6
31/07/2015;03:50:00;95;com vítima;591,2;BR-153/GO;Norte;Capotamento;;;1;;;;;;;;0;1;;;
31/07/2015;01:08:00;36;com vítima;622,7;BR-153/GO;Sul;Atropelamento - Animal;1;;;;;;;;;;0;4;;;
31/07/2015;18:09:00;624;com vítima;786;BR-262/MG;Oeste;Choque - Outros;2;;3;;;;;;;;0;4;1;;1
31/07/2015;18:30:00;635;sem vítima;133;BR-060/GO;Sul;Saida de Pista;1;;;;;;;;;;1;;;;
01/08/2015;12:32:00;345;com vítima;364;BR-262/MG;Oeste;Queda de Moto;;;;1;;;;;;;0;;1;;
01/08/2015;02:54:00;69;com vítima;20;BR-060/GO;Norte;Colisão Traseira;;;;2;;;;;;;1;1;;;
01/08/2015;14:52:00;428;sem vítima;42;BR-060/GO;Norte;Colisão Lateral;1;;;;1;;;;;;2;;;;
01/08/2015;23:40:00;702;sem vítima;400;BR-262/MG;Leste;Colisão Traseira;3;;;;;;;;;;3;;;;
01/08/2015;15:44:00;463;com vítima;26;BR-153/MG;Norte;Outros - sequências;1;;;;;;;;;;0;2;2;;
01/08/2015;21:11:00;653;com vítima;417;BR-262/MG;Leste;Capotamento;1;;;;;;;;;;0;1;;1;
01/08/2015;05:35:00;100;sem vítima;533;BR-262/MG;Oeste;Saida de Pista;1;;;;;;;;;;1;;;;
01/08/2015;19:30:00;598;sem vítima;96;BR-060/GO;Norte;Saida de Pista;;;;;;;;;;1;1;;;;
01/08/2015;01:07:00;29;com vítima;96,3;BR-060/GO;Norte;Colisão Traseira;;;1;1;;;;;;;1;;1;;
01/08/2015;18:46:00;579;sem vítima;544;BR-153/GO;Norte;Colisão Lateral;1;;1;;;;;;;;2;;;;
01/08/2015;19:41:00;601;com vítima;626;BR-262/MG;Leste;Colisão Lateral;1;;1;;;;;;;;1;1;;;
01/08/2015;19:20:00;593;com vítima;114;BR-060/GO;Sul;Outros - sequências;1;;;;;;;;;;0;1;;;
02/08/2015;21:47:00;629;com vítima;31;BR-060/GO;Norte;Outros - sequências;1;;;;;1;;;;1;1;2;;1;
02/08/2015;12:44:00;295;com vítima;429;BR-262/MG;Leste;Queda de Moto;;;;1;;;;;;;0;2;;;
02/08/2015;19:51:00;572;sem vítima;4,5;BR-060/DF;Sul;Colisão Traseira;1;;;;;1;;;;;3;;;;
02/08/2015;00:59:00;35;com vítima;440;BR-262/MG;Leste;Atropelamento - Usuário;;;;1;;;;;;;1;;1;;
02/08/2015;16:11:00;428;com vítima;69,2;BR-060/GO;Sul;Outros - sequências;1;;;;;;;;;;0;3;;;
02/08/2015;15:32:00;407;sem vítima;448;BR-262/MG;Oeste;Capotamento;1;;;;;;;;;;5;;;;
02/08/2015;15:47:00;414;sem vítima;506,9;BR-153/GO;Norte;Engavetamento;4;;;;;;;;;;5;;;;
02/08/2015;15:43:00;412;sem vítima;507,7;BR-153/GO;Sul;Colisão Traseira;;;;1;;1;;;;;2;;;;
02/08/2015;16:38:00;444;sem vítima;481;BR-262/MG;Leste;Colisão Traseira;2;;;;;;;;;;2;;;;
02/08/2015;20:11:00;581;sem vítima;552;BR-262/MG;Leste;Saida de Pista;1;;;;;;;;;;1;;;;
02/08/2015;18:11:00;513;sem vítima;532,7;BR-153/GO;Sul;Colisão Traseira;2;;;;;1;;;;;3;;;;
02/08/2015;17:48:00;502;sem vítima;532,8;BR-153/GO;Sul;Saida de Pista;1;;;;;;;;;;1;;;;
02/08/2015;19:09:00;547;sem vítima;578;BR-262/MG;Oeste;Colisão Lateral;1;;1;;;;;;;;2;;;;
02/08/2015;19:59:00;574;com vítima;14;BR-060/DF;Sul;Outros - sequências;3;;;;;;;;;;2;4;1;;
02/08/2015;19:15:00;551;sem vítima;15;BR-060/DF;Norte;Colisão Traseira;2;;;;;;;;;;2;;;;
02/08/2015;11:52:00;279;com vítima;547;BR-153/GO;Norte;Capotamento;1;;;;;;;;;;0;3;2;;
02/08/2015;21:24:00;620;sem vítima;107;BR-060/GO;Sul;Colisão Lateral;1;;1;;;;;;;;2;;;;
02/08/2015;11:22:00;261;sem vítima;115;BR-060/GO;Norte;Saida de Pista;;;1;;;;;;;;1;;;;
02/08/2015;06:44:00;106;sem vítima;212,1;BR-153/MG;Sul;Saida de Pista;1;;;;;;;;;;1;;;;
02/08/2015;04:47:00;81;sem vítima;29;BR-060/DF;Norte;Saida de Pista;1;;;;;;;;;;1;;;;
02/08/2015;00:54:00;30;com vítima;699;BR-153/GO;Norte;Colisão Lateral;1;;1;;;;;;;;0;5;;;
03/08/2015;08:35:00;181;sem vítima;0;BR-060/DF;Norte;Colisão Traseira;2;;;;;;;;;;2;;;;
03/08/2015;08:25:00;168;com vítima;501;BR-153/GO;Norte;Colisão Traseira;;;;1;;;;;;;0;1;;;
03/08/2015;18:52:00;599;com vítima;501;BR-153/GO;Norte;Queda de Moto;;;;1;;;;;;;0;1;;;
03/08/2015;07:27:00;129;com vítima;503,5;BR-153/GO;Sul;Queda de Moto;;;;1;;;;;;;0;1;;;
03/08/2015;11:05:00;308;sem vítima;506;BR-153/GO;Sul;Engavetamento;2;;1;;;;;;;;3;;;;
03/08/2015;09:42:00;244;com vítima;507;BR-153/GO;Sul;Queda de Moto;;;;1;;;;;;;1;1;;;
03/08/2015;09:56:00;256;com vítima;511;BR-153/GO;Norte;Atropelamento - Ambulante;1;;;;;;;;;;0;2;;;2
03/08/2015;08:28:00;173;sem vítima;512;BR-153/GO;Sul;;1;;;;;;;;;;1;;;;
03/08/2015;08:28:00;172;sem vítima;513;BR-153/GO;Sul;Colisão Lateral;1;;;;;1;;;;;2;;;;
03/08/2015;16:59:00;526;com vítima;517;BR-153/GO;Sul;Saida de Pista;1;;;;;;;;;;0;2;;;
03/08/2015;12:37:00;358;com vítima;586;BR-262/MG;Leste;Colisão Transversal;1;;1;;;;;;;;0;2;;;
03/08/2015;05:41:00;101;com vítima;168;BR-153/MG;Norte;Colisão Lateral;;;1;;1;;;;;;2;4;;;
03/08/2015;03:13:00;63;com vítima;616;BR-262/MG;Oeste;Colisão Frontal;1;;;;1;;;;;;0;2;;;1
03/08/2015;14:57:00;448;com vítima;678,5;BR-262/MG;Oeste;Saida de Pista;1;;;;;;;;;;0;1;;;
03/08/2015;10:06:00;266;sem vítima;118;BR-060/GO;Norte;Colisão Lateral;2;;;;;;;;;;2;;;;
04/08/2015;06:54:00;122;sem vítima;491;BR-153/GO;Norte;Outros - sequências;1;;;;;;;;;1;2;;;;
04/08/2015;14:16:00;417;sem vítima;491;BR-153/GO;Norte;;1;;;;;;;;;;1;;;;
04/08/2015;10:09:00;264;sem vítima;492;BR-153/GO;Norte;Colisão Traseira;1;;;;;;;;;1;2;;;;
04/08/2015;12:37:00;365;sem vítima;17,2;BR-060/GO;Norte;Colisão Traseira;1;;;;;;;;;1;2;;;;
04/08/2015;22:12:00;645;sem vítima;2;BR-060/DF;Norte;Tombamento;;;1;;;;;;;;1;;;;
04/08/2015;23:32:00;672;com vítima;496;BR-153/GO;Sul;Atropelamento - Andarilho;;;1;;;;;;;;1;;1;;
04/08/2015;18:35:00;543;sem vítima;499;BR-153/GO;Sul;Colisão Traseira;2;;;;;;;;;;2;;;;
04/08/2015;05:12:00;91;sem vítima;410;BR-262/MG;Oeste;Colisão Lateral;1;;1;;;;;;;;2;;;;
04/08/2015;13:54:00;408;com vítima;430;BR-262/MG;Leste;Colisão Traseira;2;;;;;;;;;;3;2;;;
04/08/2015;04:58:00;86;sem vítima;444;BR-262/MG;Leste;;1;;;;;;;;;;1;;;;
04/08/2015;08:20:00;167;sem vítima;510,5;BR-153/GO;Sul;Colisão Traseira;1;;;;;1;;;;;2;;;;
04/08/2015;08:05:00;156;sem vítima;511,2;BR-153/GO;Sul;Colisão Traseira;2;;;;;;;;;;2;;;;
04/08/2015;08:52:00;198;sem vítima;511,2;BR-153/GO;Sul;Colisão Traseira;2;;;;;;;;;;2;;;;
04/08/2015;15:15:00;449;sem vítima;554;BR-262/MG;Oeste;Tombamento;;;1;;;;;;;;1;;;;
04/08/2015;07:39:00;142;sem vítima;556;BR-262/MG;Oeste;Colisão Traseira;;;2;;;;;;;;2;;;;
04/08/2015;11:11:00;309;com vítima;227,9;BR-153/MG;Norte;Colisão Traseira;;;2;;;;;;;;1;;;2;
04/08/2015;09:51:00;243;com vítima;136;BR-060/GO;Sul;Outros - sequências;7;1;4;1;;;;;;3;3;16;1;;
04/08/2015;07:11:00;125;com vítima;136,8;BR-060/GO;Sul;Atropelamento - Usuário;;;;1;;;;;;;1;;1;;
05/08/2015;09:21:00;200;com vítima;496;BR-153/GO;Norte;Queda de Moto;;;;1;;;;;;1;1;;1;;
05/08/2015;14:46:00;423;sem vítima;4,2;BR-060/DF;Sul;Colisão Traseira;2;;;;;;;;;;2;;;;
05/08/2015;06:03:00;101;com vítima;71;BR-060/GO;Sul;Colisão Traseira;1;;2;;;;;;;;0;5;;;
05/08/2015;06:20:00;103;com vítima;510;BR-153/GO;Norte;Queda de Moto;;;;1;;;;;;;0;;1;;
05/08/2015;06:43:00;109;com vítima;512;BR-153/GO;Norte;Queda de Moto;;;;1;;;;;;;1;1;;;
05/08/2015;18:37:00;559;sem vítima;94;BR-060/GO;Norte;Colisão Lateral;1;;1;;;;;;;;2;;;;
05/08/2015;19:55:00;591;com vítima;514,2;BR-153/GO;Norte;Colisão Transversal;1;;;1;;;;;;;1;1;;;
05/08/2015;07:41:00;125;com vítima;186,4;BR-153/MG;Sul;Saida de Pista;1;;;;;;;;;;0;1;;;
05/08/2015;18:46:00;564;com vítima;118,5;BR-060/GO;Sul;Queda de Moto;;;;1;;;;;;;0;1;;;
06/08/2015;13:20:00;344;com vítima;492;BR-153/GO;Sul;Colisão Traseira;1;;;1;;;;;;;1;;;1;
06/08/2015;08:04:00;126;sem vítima;494;BR-153/GO;Sul;Engavetamento;1;;1;;;;;;;1;4;;;;
06/08/2015;18:56:00;560;com vítima;1;BR-060/DF;Sul;Queda de Moto;;;;1;;;;;;;0;1;;;
06/08/2015;19:34:00;576;sem vítima;3;BR-153/MG;Norte;Saida de Pista;1;;;;;;;;;;1;;;;
06/08/2015;08:34:00;152;sem vítima;495;BR-153/GO;Sul;Colisão Traseira;1;;;;;;;;;1;2;;;;
06/08/2015;12:11:00;301;sem vítima;498;BR-153/GO;Sul;Carreta deu L;;;1;;;;;;;;1;;;;
06/08/2015;17:25:00;498;sem vítima;15,8;BR-153/MG;Sul;Saida de Pista;1;;;;;;;;;;1;;;;