data;horario;n_da_ocorrencia;tipo_de_ocorrencia;km;trecho;sentido;tipo_de_acidente;automovel;bicicleta;caminhao;moto;onibus;outros;tracao_animal;transporte_de_cargas_especiais;trator_maquinas;utilitarios;ilesos;levemente_feridos;moderadamente_feridos;gravemente_feridos;mortos
22/08/2015;04:02:00;70;com vítima;527;BR-262/MG;Oeste;Capotamento;1;;;;;;;;;;0;3;;;
22/08/2015;15:45:00;423;sem vítima;97;BR-060/GO;Sul;Colisão Lateral;1;;;1;;;;;;;2;;;;
22/08/2015;14:59:00;392;sem vítima;608;BR-153/GO;Sul;Engavetamento;1;;2;;;;;;;;3;;;;
22/08/2015;21:17:00;624;com vítima;796;BR-262/MG;Leste;Colisão Lateral;2;;;;;1;;;;;6;2;;;
22/08/2015;19:17:00;562;sem vítima;801;BR-262/MG;Oeste;Saida de Pista;1;;;;;;;;;;1;;;;
22/08/2015;11:18:00;268;sem vítima;839;BR-262/MG;Leste;Choque - Talude;;;1;;;;;;;;1;;;;
22/08/2015;11:03:00;261;com vítima;702;BR-153/GO;Sul;Atropelamento - Outros;;;1;1;;;;;;;1;1;;;
23/08/2015;15:19:00;380;sem vítima;493;BR-153/GO;Norte;Colisão Lateral;1;;;;1;;;;;;2;;;;
23/08/2015;09:07:00;162;com vítima;382;BR-262/MG;Oeste;Queda de Moto;;;;1;;;;;;;0;;1;;
23/08/2015;07:25:00;103;com vítima;404;BR-262/MG;Oeste;Capotamento;1;;;;;;;;;;0;2;;;
23/08/2015;06:26:00;86;com vítima;4;BR-060/DF;Norte;Colisão Traseira;1;;;1;;;;;;;1;1;;;
23/08/2015;16:50:00;434;sem vítima;412;BR-262/MG;Leste;Outros - sequências;1;;;1;;;;;;;2;;;;
23/08/2015;18:59:00;521;com vítima;429;BR-262/MG;Leste;Colisão Lateral;1;;1;;;;;;;;1;1;;;
23/08/2015;12:16:00;294;com vítima;58;BR-060/GO;Norte;Outros - sequências;;;;1;;;;;;1;0;2;;;2
23/08/2015;11:16:00;253;sem vítima;64;BR-060/GO;Sul;Colisão Traseira;2;;;;;;;;;;2;;;;
23/08/2015;18:19:00;495;com vítima;505;BR-153/GO;Norte;Queda de Moto;;;;1;;;;;;;0;1;;;
23/08/2015;02:23:00;36;sem vítima;446;BR-262/MG;Leste;Choque - Outros;1;;;;;;;;;;1;;;;
23/08/2015;17:25:00;461;sem vítima;543;BR-153/GO;Norte;Saida de Pista;1;;;;;;;;;;1;;;;
23/08/2015;11:29:00;264;sem vítima;685,8;BR-153/GO;Norte;Choque - Defensa, barreira ou "submarino";;;1;;;;;;;;1;;;;
24/08/2015;11:39:00;306;com vítima;0,5;BR-060/GO;Norte;Saida de Pista;1;;;;;;;;;;0;1;;;
24/08/2015;17:23:00;519;com vítima;6;BR-060/GO;Sul;Saida de Pista;1;;;;1;;;;;;1;1;;;
24/08/2015;07:40:00;152;com vítima;368,5;BR-262/MG;Leste;Tombamento;;;1;;;;;;;;0;3;;;
24/08/2015;07:37:00;149;sem vítima;94;BR-060/GO;Sul;Colisão Lateral;2;;;;;;;;;;2;;;;
24/08/2015;14:06:00;393;com vítima;105,5;BR-060/GO;Sul;Outros - sequências;;;;2;;;;;;1;1;3;;;
24/08/2015;02:27:00;60;com vítima;678;BR-262/MG;Oeste;Outros - sequências;1;;;;;;;;;;0;1;;;
24/08/2015;06:07:00;118;com vítima;604,5;BR-153/GO;Norte;Outros - sequências;;;;;1;;;;;;11;3;;;
24/08/2015;11:01:00;289;com vítima;118;BR-060/GO;Norte;Outros - sequências;2;;;;;;;;;;2;1;;;
25/08/2015;04:00:00;75;com vítima;353;BR-262/MG;Oeste;Colisão Traseira;;;2;;;1;;;;;3;1;;;
25/08/2015;08:00:00;147;sem vítima;6,1;BR-153/MG;Sul;Saida de Pista;1;;;;;;;;;;1;;;;
25/08/2015;14:38:00;430;sem vítima;496;BR-153/GO;Sul;Engavetamento;;;3;;;;;;;;3;;;;
25/08/2015;01:20:00;37;sem vítima;380,6;BR-262/MG;Oeste;Saida de Pista;1;;;;;;;;;;1;;;;
25/08/2015;10:33:00;258;sem vítima;499;BR-153/GO;Sul;Colisão Traseira;2;;;;;;;;;;2;;;;
25/08/2015;14:28:00;422;com vítima;445;BR-262/MG;Leste;Colisão Lateral;;;;1;;1;;;;;1;1;;;
25/08/2015;19:27:00;618;com vítima;72,9;BR-060/GO;Norte;Tombamento;;;1;;;;;;;;0;1;;;
25/08/2015;22:50:00;704;com vítima;55;BR-153/MG;Sul;Capotamento;;;1;;;1;;;;;1;1;1;;
25/08/2015;09:07:00;202;sem vítima;92,2;BR-153/MG;Norte;Choque - Objeto sobre a pista;;;1;;;;;;;;1;;;;
25/08/2015;20:15:00;648;sem vítima;683,7;BR-153/GO;Sul;Carreta deu L;;;1;;;;;;;;1;;;;
25/08/2015;10:18:00;247;sem vítima;245;BR-153/MG;Norte;Colisão Traseira;1;;1;;;;;;;;2;;;;
26/08/2015;07:17:00;88;sem vítima;490;BR-153/GO;Sul;Colisão Lateral;2;;;;;;;;;;2;;;;
26/08/2015;23:36:00;644;com vítima;1,1;BR-153/MG;Sul;Colisão Traseira;2;;;;;;;;;;0;2;;;
26/08/2015;16:45:00;462;sem vítima;495;BR-153/GO;Sul;Engavetamento;2;;1;;;;;;;;3;;;;
26/08/2015;06:20:00;73;sem vítima;382;BR-262/MG;Oeste;Outros - sequências;1;;;;;;;;;;1;;;;
26/08/2015;06:40:00;82;sem vítima;385;BR-262/MG;Leste;Capotamento;1;;;;;;;;;;1;;;;
26/08/2015;05:36:00;64;sem vítima;405;BR-262/MG;Leste;Carreta deu L;;;1;;;1;;;;;2;;;;
26/08/2015;14:43:00;388;sem vítima;28;BR-153/MG;Sul;;;;;1;;;;;;;1;;;;
26/08/2015;17:25:00;513;sem vítima;4,3;BR-060/DF;Norte;Saida de Pista;1;;;;;1;;;;;2;;;;
26/08/2015;18:03:00;516;com vítima;502,9;BR-153/GO;Sul;Colisão Traseira;1;;;1;;;;;;;1;;1;;
26/08/2015;19:01:00;546;sem vítima;506,8;BR-153/GO;Norte;Colisão Traseira;2;;;;;;;;;;2;;;;
26/08/2015;07:22:00;91;sem vítima;535;BR-262/MG;Leste;Saida de Pista;1;;;;;;;;;;1;;;;
26/08/2015;09:56:00;208;sem vítima;801;BR-262/MG;Leste;Capotamento;1;;;;;;;;;;1;;;;
26/08/2015;14:43:00;390;com vítima;695,8;BR-153/GO;Sul;Queda de Moto;;;;1;;;;;;;0;1;;;
27/08/2015;20:13:00;582;com vítima;3;BR-060/GO;Norte;Colisão Traseira;;;2;;;;;;;;1;1;;;
27/08/2015;23:19:00;662;sem vítima;494;BR-153/GO;Sul;Colisão Lateral;2;;;;;;;;;;2;;;;
27/08/2015;22:29:00;648;sem vítima;496;BR-153/GO;Sul;Choque - Defensa, barreira ou "submarino";1;;;;;;;;;;1;;;;
27/08/2015;07:55:00;139;sem vítima;373,3;BR-262/MG;Oeste;;1;;;;;;;;;;1;;;;
27/08/2015;11:36:00;288;com vítima;38;BR-153/MG;Sul;Choque - Arvore;1;;;;;;;;;;0;1;;;
27/08/2015;00:12:00;5;com vítima;521;BR-153/GO;Norte;Saida de Pista;1;;;;;;;;;;0;1;;;
27/08/2015;18:09:00;530;com vítima;97;BR-060/GO;Norte;Colisão Lateral;1;;;1;;;;;;;0;2;;;
27/08/2015;11:06:00;267;com vítima;99;BR-060/GO;Norte;Queda de Moto;;;;1;;;;;;;0;1;;;
27/08/2015;21:43:00;624;com vítima;103;BR-060/GO;Sul;Queda de Moto;;;;1;;;;;;;0;2;;;
27/08/2015;08:41:00;177;com vítima;628,3;BR-153/GO;Norte;Capotamento;1;;;;;;;;;;0;1;;;
27/08/2015;06:19:00;86;com vítima;239,1;BR-153/MG;Norte;Colisão Lateral;;;2;;;;;;;;0;1;;1;
27/08/2015;20:17:00;583;sem vítima;668,2;BR-153/GO;Sul;Atropelamento - Animal;1;;;;;;;;;;1;;;;
28/08/2015;16:21:00;456;com vítima;358;BR-262/MG;Leste;Colisão Traseira;1;;1;;;;;;;;2;1;1;;
28/08/2015;21:04:00;629;sem vítima;495;BR-153/GO;Sul;Choque - Defensa, barreira ou "submarino";1;;;;;;;;;;1;;;;
28/08/2015;19:17:00;576;sem vítima;374;BR-262/MG;Leste;Outros - sequências;2;;;;;;;;;;2;;;;
28/08/2015;19:23:00;582;sem vítima;498;BR-153/GO;Sul;Engavetamento;2;;;;;1;;;;;3;;;;
28/08/2015;14:42:00;392;sem vítima;43;BR-060/GO;Sul;Colisão Traseira;1;;;;;1;;;;;2;;;;
28/08/2015;12:26:00;314;com vítima;4;BR-060/DF;Norte;Outros - sequências;1;1;1;1;;;;;;;2;1;;;1
28/08/2015;23:06:00;683;com vítima;505;BR-153/GO;Sul;Colisão Traseira;1;;;1;;;;;;;1;1;;;
28/08/2015;23:33:00;693;sem vítima;505;BR-153/GO;Sul;Colisão Lateral;1;;1;;;;;;;;2;;;;
28/08/2015;16:25:00;462;sem vítima;510;BR-153/GO;Sul;Colisão Lateral;1;;;;;1;;;;;2;;;;
28/08/2015;15:27:00;417;sem vítima;538;BR-262/MG;Leste;Saida de Pista;1;;;;;;;;;;1;;;;
28/08/2015;19:15:00;574;com vítima;95;BR-060/GO;Norte;Queda de Moto;;;;1;;;;;;;0;1;;;
28/08/2015;06:40:00;108;com vítima;573;BR-262/MG;Leste;Tombamento;;;1;;;;;;;;0;1;;;
28/08/2015;11:26:00;287;sem vítima;577;BR-262/MG;Leste;;;;2;;;;;;;;2;;;;
28/08/2015;16:33:00;468;sem vítima;97;BR-060/GO;Norte;Engavetamento;2;;;;;;;;;1;3;;;;
28/08/2015;15:35:00;425;sem vítima;107;BR-060/GO;Sul;Colisão Traseira;1;;1;;;1;;;;;3;;;;
28/08/2015;10:32:00;255;sem vítima;110;BR-060/GO;Norte;Engavetamento;;;3;;;;;;;;3;;;;
28/08/2015;06:44:00;109;com vítima;661;BR-262/MG;Leste;Saida de Pista;1;;;;;;;;;;0;1;;;
29/08/2015;21:46:00;643;sem vítima;71,1;BR-060/GO;Sul;Saida de Pista;1;;;;;;;;;;1;;;;
29/08/2015;02:42:00;56;com vítima;108,9;BR-060/GO;Norte;Outros - sequências;1;;;;;;;;;;0;2;;;
29/08/2015;12:27:00;339;sem vítima;794;BR-262/MG;Leste;Capotamento;1;;;;;;;;;;1;;;;
29/08/2015;05:11:00;85;com vítima;645,56;BR-153/GO;Sul;Capotamento;1;;;;;;;;;;0;2;;;
29/08/2015;23:24:00;690;com vítima;817,7;BR-262/MG;Oeste;Colisão Traseira;1;;;;;;;;1;;1;;;;1
30/08/2015;22:48:00;574;sem vítima;392;BR-262/MG;Leste;Queda de Moto;;;;1;;;;;;;1;;;;
30/08/2015;22:44:00;573;sem vítima;8;BR-060/DF;Norte;Choque - Poste;1;;;;;;;;;;1;;;;
30/08/2015;05:19:00;73;com vítima;104;BR-060/GO;Norte;Saida de Pista;1;;;;;;;;;;0;1;;;
30/08/2015;12:24:00;259;sem vítima;653,2;BR-262/MG;Leste;Saida de Pista;;;1;;;;;;;;3;;;;
30/08/2015;13:52:00;300;com vítima;666,5;BR-262/MG;Oeste;Saida de Pista;1;;;;;;;;;;0;1;;;
30/08/2015;23:14:00;585;com vítima;118;BR-060/GO;Norte;Queda de Moto;;;;1;;;;;;;0;1;;;
30/08/2015;07:18:00;106;sem vítima;788;BR-262/MG;Leste;Capotamento;1;;;;;;;;;;1;;;;
30/08/2015;03:44:00;55;com vítima;801;BR-262/MG;Leste;Saida de Pista;1;;;;;;;;;;0;2;;;
30/08/2015;08:24:00;138;com vítima;129;BR-060/GO;Norte;Queda de Ciclista;;;;1;;;;;;;0;2;;;
30/08/2015;19:08:00;489;com vítima;850;BR-262/MG;Leste;Choque - Arvore;1;;;;;;;;;;0;;1;;
30/08/2015;18:52:00;475;com vítima;241;BR-153/MG;Norte;Colisão Lateral;1;;1;;;;;;;;1;1;;;
31/08/2015;19:10:00;545;sem vítima;358;BR-262/MG;Oeste;Tombamento;;;1;;;;;;;;1;;;;
31/08/2015;18:49:00;537;com vítima;360;BR-262/MG;Leste;Queda de Moto;;;;1;;;;;;;0;1;;;
31/08/2015;22:37:00;644;com vítima;20;BR-060/GO;Norte;Colisão Traseira;1;;;;;1;;;;;1;1;;;
31/08/2015;16:07:00;434;sem vítima;372;BR-262/MG;Leste;Saida de Pista;1;;;;;;;;;;1;;;;
31/08/2015;19:41:00;563;com vítima;501;BR-153/GO;Norte;Colisão Lateral;1;;1;;;;;;;;1;1;;;
31/08/2015;23:16:00;665;com vítima;54;BR-060/GO;Norte;Capotamento;1;;;;;;;;;;0;2;;;
31/08/2015;08:02:00;134;com vítima;503;BR-153/GO;Sul;Queda de Moto;;;;2;;;;;;;0;1;1;;
31/08/2015;17:35:00;486;com vítima;505;BR-153/GO;Sul;Colisão Lateral;1;;1;;;;;;;;1;1;;;
31/08/2015;17:40:00;490;sem vítima;520;BR-262/MG;Oeste;Colisão Traseira;;;2;;;;;;;;2;;;;
31/08/2015;07:53:00;129;com vítima;514;BR-153/GO;Norte;Colisão Lateral;;;;2;;;;;;;1;1;;;
31/08/2015;10:42:00;256;com vítima;514;BR-153/GO;Norte;Colisão Lateral;1;;1;;;;;;;;2;1;;;
31/08/2015;22:40:00;645;com vítima;100;BR-060/GO;Norte;Atropelamento - Andarilho;;;1;;;;;;;;0;1;;1;
31/08/2015;19:11:00;546;sem vítima;109;BR-060/GO;Sul;Saida de Pista;1;;;;;;;;;;1;;;;
31/08/2015;06:03:00;73;sem vítima;652;BR-262/MG;Oeste;Colisão Transversal;;;2;;;;;;;;2;;;;
31/08/2015;06:30:00;110;sem vítima;652;BR-262/MG;Leste;Colisão Lateral;;;1;;;;;;;1;2;;;;
31/08/2015;13:34:00;350;sem vítima;789,4;BR-262/MG;Oeste;Saida de Pista;1;;;;;;;;;;1;;;;
31/08/2015;07:50:00;125;sem vítima;802,5;BR-262/MG;Leste;Colisão Traseira;1;;;;;1;;;;;2;;;;
31/08/2015;10:14:00;242;sem vítima;132;BR-060/GO;Norte;Colisão Traseira;2;;;;;;;;;;2;;;;
31/08/2015;12:16:00;324;com vítima;677,3;BR-153/GO;Sul;Capotamento;1;;;;;;;;;;0;3;;;
31/08/2015;09:37:00;206;sem vítima;243;BR-153/MG;Sul;Saida de Pista;1;;;;;;;;;;2;;;;
31/08/2015;02:23:00;36;com vítima;870;BR-262/MG;Oeste;Colisão Traseira;;;2;;;;;;;;1;1;;;
31/08/2015;17:49:00;503;com vítima;698;BR-153/GO;Sul;Tombamento;1;;;;;;;;;;0;1;;;
01/09/2015;17:19:00;523;com vítima;491;BR-153/GO;Sul;Queda de Moto;;;;1;;;;;;;0;;1;;
01/09/2015;01:48:00;29;com vítima;11;BR-153/MG;Sul;Tombamento;;;1;;;;;;;;0;;1;;
01/09/2015;06:01:00;97;com vítima;19;BR-153/MG;Sul;Atropelamento - Animal;;;2;;;;;;;;0;2;;;
01/09/2015;08:14:00;170;sem vítima;501;BR-153/GO;Sul;Colisão Traseira;2;;;;;;;;;;2;;;;
01/09/2015;08:05:00;167;sem vítima;505;BR-153/GO;Norte;Colisão Traseira;1;;;;;;;;;1;2;;;;
01/09/2015;22:40:00;680;sem vítima;506;BR-153/GO;Sul;;;;;1;;;;;;;1;;;;
01/09/2015;17:41:00;537;sem vítima;506;BR-262/MG;Oeste;Colisão Lateral;;;2;;;;;;;;2;;;;
01/09/2015;17:13:00;517;sem vítima;96,2;BR-060/GO;Sul;Colisão Traseira;1;;;;;1;;;;;2;;;;
01/09/2015;17:10:00;515;sem vítima;96,9;BR-060/GO;Norte;Colisão Lateral;1;;;;;;;;;1;2;;;;
01/09/2015;21:07:00;653;sem vítima;219;BR-153/MG;Norte;Saida de Pista;1;;;;;;;;;;1;;;;
01/09/2015;17:39:00;534;sem vítima;239,7;BR-153/MG;Sul;Carreta deu L;;;3;;;;;;;;3;;;;
02/09/2015;12:19:00;290;com vítima;504;BR-153/GO;Norte;Colisão Traseira;;;;1;;1;;;;;1;1;;;
02/09/2015;21:17:00;582;com vítima;75,1;BR-060/GO;Norte;Queda de Moto;;;;1;;;;;;;0;2;;;
02/09/2015;17:59:00;507;sem vítima;87;BR-060/GO;Norte;Saida de Pista;1;;;;;;;;;;1;;;;
02/09/2015;11:46:00;276;sem vítima;100;BR-060/GO;Norte;Tombamento;;;1;;;1;;;;;2;;;;
02/09/2015;15:32:00;419;sem vítima;186,2;BR-153/MG;Sul;Colisão Traseira;;;1;;;1;;;;;2;;;;
02/09/2015;23:12:00;626;sem vítima;632;BR-262/MG;Leste;Tombamento;;;1;;;;;;;;1;;;;
02/09/2015;18:07:00;512;sem vítima;619;BR-153/GO;Sul;Colisão Traseira;2;;;;;;;;;;2;;;;
02/09/2015;05:52:00;85;sem vítima;657;BR-153/GO;Norte;Saida de Pista;1;;;;;;;;;;1;;;;
03/09/2015;00:40:00;4;sem vítima;358;BR-262/MG;Leste;Choque - Defensa, barreira ou "submarino";1;;;;;;;;;;1;;;;
03/09/2015;12:33:00;291;sem vítima;387,5;BR-262/MG;Leste;Colisão Traseira;1;;;;;;;;;1;2;;;;
03/09/2015;06:03:00;65;com vítima;28,3;BR-153/MG;Sul;Queda de Moto;;;;1;;;;;;;0;;;1;
03/09/2015;09:17:00;165;sem vítima;73;BR-060/GO;Sul;Tombamento;;;1;;;;;;;;1;;;;
03/09/2015;23:00:00;625;sem vítima;9;BR-060/DF;Sul;Carreta deu L;;;1;;;;;;;;1;;;;
03/09/2015;11:28:00;250;sem vítima;545;BR-262/MG;Leste;Saida de Pista;1;;;;;1;;;;;2;;;;
03/09/2015;13:36:00;324;sem vítima;99;BR-060/GO;Norte;Saida de Pista;;;1;;;;;;;;1;;;;
04/09/2015;11:23:00;311;sem vítima;492;BR-153/GO;Sul;Colisão Traseira;1;;1;;;;;;;;2;;;;
04/09/2015;21:17:00;740;com vítima;14,3;BR-060/GO;Sul;Capotamento;2;;;;;;;;;;0;7;1;1;
04/09/2015;17:50:00;609;com vítima;17;BR-060/GO;Sul;Colisão Traseira;;;2;;;;;;;;0;;1;1;
04/09/2015;18:30:00;644;com vítima;19;BR-060/GO;Sul;Queda de Moto;;;;1;;;;;;;0;;1;;
04/09/2015;12:19:00;339;sem vítima;499;BR-153/GO;Norte;Colisão Traseira;2;;;;;;;;;;2;;;;
04/09/2015;11:04:00;293;com vítima;500;BR-153/GO;Norte;Queda de Ciclista;1;;;1;;;;;;;1;2;;;
04/09/2015;16:45:00;544;sem vítima;500;BR-153/GO;Sul;Colisão Traseira;4;;;;;;;;;;4;;;;
04/09/2015;10:38:00;274;sem vítima;501;BR-153/GO;Norte;Capotamento;1;;;;;;;;;;1;;;;
04/09/2015;16:03:00;511;sem vítima;417;BR-262/MG;Leste;Saida de Pista;1;;;;;;;;;;1;;;;
04/09/2015;10:32:00;271;com vítima;505;BR-153/GO;Sul;Colisão Traseira;1;;;1;;;;;;;1;1;;;
04/09/2015;07:18:00;114;sem vítima;506;BR-153/GO;Sul;Engavetamento;3;;;;;;;;;;3;;;;
04/09/2015;07:50:00;136;sem vítima;506;BR-153/GO;Norte;Colisão Traseira;1;;;;;1;;;;;3;;;;
04/09/2015;07:59:00;142;sem vítima;78;BR-060/GO;Sul;Colisão Traseira;1;;1;;;;;;;;2;;;;
04/09/2015;06:43:00;104;com vítima;462;BR-262/MG;Leste;Colisão Transversal;1;;;;;1;;;;;1;3;;;
04/09/2015;15:13:00;473;com vítima;476;BR-262/MG;Oeste;Colisão Traseira;2;;;;;;;;;;1;5;;;
04/09/2015;09:17:00;210;com vítima;511,5;BR-153/GO;Norte;Queda de Ciclista;;;;1;;;;;;;0;2;;;
04/09/2015;05:05:00;75;sem vítima;108;BR-153/MG;Norte;Colisão Lateral;;;1;;;;;;;;1;;;;
04/09/2015;15:25:00;483;com vítima;533;BR-153/GO;Sul;Choque - Defensa, barreira ou "submarino";1;;;;;;;;;;0;4;;;
04/09/2015;05:52:00;90;com vítima;537,4;BR-153/GO;Sul;Colisão Traseira;1;;;1;;;;;;;1;1;;;
04/09/2015;13:42:00;406;sem vítima;543;BR-153/GO;Norte;Saida de Pista;1;;;;;;;;;;1;;;;
04/09/2015;22:54:00;791;sem vítima;107;BR-060/GO;Sul;;2;;;;;;;;;;2;;;;
04/09/2015;13:53:00;416;com vítima;606;BR-153/GO;Norte;Capotamento;1;;;;;;;;;;0;1;;;
04/09/2015;02:19:00;38;com vítima;810;BR-262/MG;Oeste;Queda de Moto;;;;1;;;;;;;0;1;;;
04/09/2015;21:20:00;741;com vítima;132;BR-060/GO;Norte;Colisão Traseira;2;;;;;;;;;;0;2;;;
04/09/2015;20:58:00;727;com vítima;685,9;BR-153/GO;Sul;Colisão Lateral;2;;;;;;;;;;0;3;;;
05/09/2015;22:18:00;778;com vítima;1,4;BR-153/MG;Sul;Colisão Traseira;1;;;1;;;;;;;0;1;;1;1
05/09/2015;05:31:00;113;com vítima;2;BR-060/DF;Sul;Atropelamento - Ciclista;1;1;;;;;;;;;2;1;;;
05/09/2015;23:21:00;799;sem vítima;380;BR-262/MG;Leste;Saida de Pista;1;;;;;;;;;;1;;;;
05/09/2015;12:16:00;365;com vítima;498;BR-153/GO;Sul;Queda de Moto;;;;1;;;;;;;0;1;;;
05/09/2015;16:23:00;564;sem vítima;41,3;BR-060/GO;Norte;Outros - sequências;1;;;;;;;;;;1;;;;
05/09/2015;07:51:00;172;sem vítima;500;BR-153/GO;Sul;Capotamento;1;;;;;1;;;;;2;;;;
05/09/2015;07:35:00;154;com vítima;43;BR-060/GO;Sul;Colisão Traseira;1;;;1;;;;;;;1;1;;;
05/09/2015;14:15:00;453;com vítima;414;BR-262/MG;Leste;Capotamento;1;;;;;;;;;;0;2;;;
05/09/2015;09:49:00;284;sem vítima;52;BR-060/GO;Norte;Saida de Pista;1;;;;;1;;;;;4;;;;
05/09/2015;18:41:00;659;com vítima;503;BR-153/GO;Sul;Queda de Moto;;;;1;;;;;;;0;2;;;
05/09/2015;17:55:00;624;sem vítima;48,8;BR-153/MG;Sul;Saida de Pista;1;;;;;;;;;;1;;;;
05/09/2015;12:13:00;363;com vítima;506;BR-153/GO;Sul;Colisão Lateral;1;;;1;;;;;;;1;2;;;
05/09/2015;22:16:00;775;com vítima;506;BR-153/GO;Sul;Colisão Lateral;;;;2;;;;;;;0;4;;;
05/09/2015;07:57:00;178;com vítima;507;BR-153/GO;Norte;Colisão Lateral;;;;1;;;;;;;0;1;;;
05/09/2015;12:07:00;358;sem vítima;474;BR-262/MG;Leste;Colisão Traseira;2;;;;;;;;;;6;;;;
05/09/2015;01:47:00;49;sem vítima;510;BR-153/GO;Norte;Colisão Traseira;1;;1;;;;;;;;2;;;;
05/09/2015;13:34:00;425;sem vítima;553;BR-153/GO;Norte;Colisão Transversal;2;;;;;;;;;;2;;;;
05/09/2015;16:16:00;559;sem vítima;15,8;BR-060/DF;Norte;Outros - sequências;2;;;;;;;;;;2;;;;
05/09/2015;18:09:00;633;com vítima;23,5;BR-060/DF;Sul;Outros - sequências;1;;;;;1;;;;;1;3;;;
05/09/2015;13:25:00;411;com vítima;187;BR-153/MG;Sul;Saida de Pista;1;;;;;;;;;;0;1;;;
05/09/2015;15:21:00;521;com vítima;759;BR-262/MG;Leste;Colisão Frontal;1;;1;;;;;;;;0;3;1;;
05/09/2015;13:16:00;405;sem vítima;802;BR-262/MG;Leste;Colisão Lateral;1;;;1;;;;;;;2;;;;
05/09/2015;19:09:00;675;com vítima;849;BR-262/MG;Leste;Colisão Traseira;1;;;1;;;;;;;0;2;;;
05/09/2015;03:26:00;83;sem vítima;700;BR-153/GO;Sul;Saida de Pista;1;;;;;;;;;;1;;;;
06/09/2015;20:49:00;700;sem vítima;28;BR-060/GO;Norte;Choque - Defensa, barreira ou "submarino";1;;;;;1;;;;;2;;;;
06/09/2015;19:04:00;660;com vítima;499;BR-153/GO;Norte;Colisão Traseira;2;;;;;;;;;;2;2;;;
06/09/2015;13:30:00;414;sem vítima;52,3;BR-060/GO;Sul;Saida de Pista;1;;;;;;;;;;1;;;;
06/09/2015;13:07:00;399;sem vítima;62;BR-060/GO;Norte;Colisão Lateral;1;;;1;;;;;;;2;;;;
06/09/2015;18:14:00;638;com vítima;447,5;BR-262/MG;Leste;Choque - Arvore;1;;;;;;;;;;0;4;;;
06/09/2015;19:00:00;673;sem vítima;447,5;BR-262/MG;Leste;Colisão Traseira;2;;;;;;;;;;2;;;;
06/09/2015;20:45:00;697;com vítima;454;BR-262/MG;Leste;Colisão Lateral;1;;;1;;;;;;;1;;1;;
06/09/2015;06:45:00;132;sem vítima;470;BR-262/MG;Leste;Saida de Pista;1;;;;;1;;;;;2;;;;
06/09/2015;04:35:00;73;com vítima;80;BR-153/MG;Norte;Saida de Pista;;;1;;;;;;;;0;1;;;
06/09/2015;16:19:00;555;com vítima;509,5;BR-262/MG;Leste;Saida de Pista;1;;;;;;;;;;0;4;;;
06/09/2015;18:14:00;637;com vítima;532;BR-153/GO;Sul;Tombamento;;;1;;;;;;;;0;1;;;
06/09/2015;21:09:00;707;com vítima;131;BR-153/MG;Sul;Outros - sequências;1;;1;;;;;;;1;0;7;1;;
06/09/2015;18:25:00;642;sem vítima;14;BR-060/DF;Norte;Engavetamento;3;;;;;;;;;;3;;;;
06/09/2015;17:36:00;610;com vítima;166;BR-153/MG;Norte;Outros - sequências;1;;1;;;;;;;;1;2;2;;
06/09/2015;01:01:00;15;com vítima;802;BR-262/MG;Leste;Colisão Traseira;1;;;1;;;;;;;2;;;;1
07/09/2015;14:43:00;438;sem vítima;364;BR-262/MG;Leste;Colisão Traseira;2;;;;;;;;;;2;;;;
07/09/2015;17:12:00;570;sem vítima;366;BR-262/MG;Leste;Colisão Traseira;1;;;;;1;;;;;2;;;;
07/09/2015;17:37:00;590;com vítima;366;BR-262/MG;Leste;Colisão Lateral;2;;;;;;;;;;0;2;;;
07/09/2015;22:05:00;766;com vítima;29;BR-060/GO;Norte;Saida de Pista;1;;;;;;;;;;0;4;;;
07/09/2015;17:06:00;562;sem vítima;34;BR-060/GO;Norte;Engavetamento;4;;;;;;;;;;4;;;;
07/09/2015;10:17:00;262;com vítima;33,5;BR-153/MG;Norte;Saida de Pista;1;;;;;;;;;;0;1;;;
07/09/2015;13:08:00;387;com vítima;509;BR-153/GO;Norte;Colisão Traseira;;;;1;;1;;;;;1;1;;;
07/09/2015;16:58:00;553;sem vítima;487;BR-262/MG;Leste;Colisão Traseira;;;2;;;;;;;;2;;;;
07/09/2015;17:00:00;682;sem vítima;487;BR-262/MG;Leste;Colisão Traseira;2;;;;;;;;;;2;;;;
07/09/2015;11:28:00;306;com vítima;510;BR-153/GO;Norte;Colisão Traseira;;;;1;;;;;;1;1;1;;;
07/09/2015;23:48:00;795;com vítima;112,8;BR-153/MG;Norte;Colisão Frontal;1;;;;1;;;;;;0;37;;1;1
07/09/2015;19:25:00;678;sem vítima;540;BR-153/GO;Sul;Saida de Pista;1;;;;;;;;;;1;;;;
07/09/2015;18:51:00;646;sem vítima;583;BR-262/MG;Oeste;Saida de Pista;1;;;;;;;;;;1;;;;
07/09/2015;16:55:00;551;sem vítima;114;BR-060/GO;Sul;Outros - sequências;1;;;;;;;;;;1;;;;
07/09/2015;19:03:00;652;com vítima;702;BR-262/MG;Leste;Atropelamento - Andarilho;1;;;;;;;;;;0;1;;;1
07/09/2015;16:29:00;527;sem vítima;129;BR-060/GO;Sul;Colisão Traseira;1;;;;;1;;;;;2;;;;
07/09/2015;18:26:00;626;com vítima;237;BR-153/MG;Sul;Queda de Moto;;;;1;;;;;;;0;1;1;;
07/09/2015;05:07:00;62;com vítima;835;BR-262/MG;Leste;Outros - sequências;1;;;;;;;;;;0;1;;;
07/09/2015;16:30:00;530;sem vítima;31;BR-060/DF;Norte;Colisão Traseira;2;;;;;;;;;;7;;;;
08/09/2015;01:52:00;27;sem vítima;358;BR-262/MG;Leste;Outros - sequências;1;;;;;;;;;;1;;;;