data;horario;n_da_ocorrencia;tipo_de_ocorrencia;km;trecho;sentido;tipo_de_acidente;automovel;bicicleta;caminhao;moto;onibus;outros;tracao_animal;transporte_de_cargas_especiais;trator_maquinas;utilitarios;ilesos;levemente_feridos;moderadamente_feridos;gravemente_feridos;mortos
08/09/2015;06:58:00;87;sem vítima;4,8;BR-060/GO;Norte;Capotamento;1;;;;;;;;;;1;;;;
08/09/2015;09:48:00;201;sem vítima;382;BR-262/MG;Oeste;Capotamento;1;;;;;;;;;;1;;;;
08/09/2015;10:07:00;218;sem vítima;384;BR-262/MG;Leste;Saida de Pista;1;;;;;;;;;;1;;;;
08/09/2015;15:40:00;429;com vítima;440;BR-262/MG;Oeste;Colisão Traseira;;;1;1;;;;;;;1;;1;;
08/09/2015;10:22:00;231;com vítima;82;BR-060/GO;Norte;Capotamento;;;1;;;;;;;;0;;1;;
08/09/2015;10:25:00;234;com vítima;490,7;BR-262/MG;Oeste;Capotamento;1;;;;;;;;;;0;1;;;
08/09/2015;07:04:00;88;com vítima;534;BR-262/MG;Oeste;Saida de Pista;1;;;;;;;;;;0;5;;;
08/09/2015;04:07:00;45;com vítima;546;BR-262/MG;Leste;Saida de Pista;;;;;;;;;;1;0;5;;;
08/09/2015;09:23:00;182;sem vítima;547;BR-262/MG;Leste;Saida de Pista;;;;;;;;;;1;1;;;;
08/09/2015;12:15:00;307;com vítima;548;BR-262/MG;Oeste;Tombamento;;;;;;;;;;1;0;2;;;
08/09/2015;07:56:00;112;com vítima;549;BR-262/MG;Leste;Engavetamento;3;;;;;1;;;;;1;3;;;
08/09/2015;06:08:00;65;com vítima;577;BR-262/MG;Leste;Colisão Transversal;;;2;;;;;;;;0;2;;;
08/09/2015;23:34:00;665;sem vítima;582;BR-262/MG;Oeste;Capotamento;1;;;;;;;;;;2;;;;
08/09/2015;01:34:00;22;com vítima;583;BR-262/MG;Leste;Capotamento;1;;;;;;;;;;0;2;;;
08/09/2015;07:39:00;100;sem vítima;583;BR-262/MG;Leste;Saida de Pista;1;;;;;;;;;;1;;;;
08/09/2015;09:30:00;186;com vítima;586;BR-262/MG;Leste;Saida de Pista;1;;;;;;;;;;0;1;;;
08/09/2015;08:38:00;146;com vítima;593;BR-262/MG;Leste;Saida de Pista;;;;;;;;;;1;0;1;1;;
08/09/2015;05:07:00;55;com vítima;595;BR-262/MG;Leste;Saida de Pista;1;;;;;;;;;;0;1;;;
08/09/2015;14:31:00;381;sem vítima;607;BR-153/GO;Sul;Colisão Traseira;;;2;;;;;;;;2;;;;
08/09/2015;20:40:00;585;sem vítima;618;BR-153/GO;Norte;Atropelamento - Animal;;;1;;;;;;;;1;;;;
08/09/2015;15:09:00;410;sem vítima;761;BR-262/MG;Oeste;Saida de Pista;1;;;;;;;;;;1;;;;
09/09/2015;06:55:00;103;com vítima;359;BR-262/MG;Leste;Saida de Pista;1;;;;;;;;;;0;1;;;
09/09/2015;14:55:00;339;com vítima;378;BR-262/MG;Leste;Tombamento;;;1;;;;;;;;0;1;;;
09/09/2015;12:00:00;252;com vítima;382;BR-262/MG;Oeste;Saida de Pista;1;;;;;;;;;;0;2;;;
09/09/2015;12:00:00;307;com vítima;382;BR-262/MG;Oeste;Saida de Pista;;;1;;;;;;;;0;1;;;
09/09/2015;18:06:00;430;sem vítima;399;BR-262/MG;Leste;Atropelamento - Usuário;;;1;;;;;;;;2;;;;
09/09/2015;07:09:00;109;sem vítima;503;BR-153/GO;Norte;Outros - sequências;1;;1;1;;;;;;;3;;;;
09/09/2015;07:28:00;115;com vítima;504;BR-153/GO;Norte;Colisão Traseira;;;;1;;2;;;;;2;1;;;
09/09/2015;20:09:00;470;com vítima;444;BR-262/MG;Oeste;Saida de Pista;1;;;;;;;;;;0;4;;;
09/09/2015;12:53:00;281;com vítima;511,5;BR-153/GO;Norte;Outros - sequências;;;1;1;;;;;;;1;1;;;
09/09/2015;20:00:00;467;com vítima;529;BR-262/MG;Leste;Colisão Frontal;2;;;;;;;;;;1;1;;;
09/09/2015;14:07:00;320;sem vítima;109;BR-153/MG;Sul;Atropelamento - Animal;;;;;;;;;;1;1;;;;
09/09/2015;19:16:00;453;sem vítima;95;BR-060/GO;Norte;Colisão Traseira;2;;;;;;;;;;2;;;;
09/09/2015;03:13:00;55;com vítima;549;BR-262/MG;Leste;Tombamento;;;1;;;;;;;;0;1;;;
09/09/2015;10:28:00;219;sem vítima;118,9;BR-153/MG;Sul;Colisão Transversal;1;;1;;;;;;;;2;;;;
09/09/2015;22:46:00;524;sem vítima;536;BR-153/GO;Norte;Saida de Pista;1;;;;;;;;;;1;;;;
09/09/2015;15:37:00;364;sem vítima;583;BR-262/MG;Leste;Colisão Lateral;;;1;;;1;;;;;2;;;;
09/09/2015;06:56:00;104;com vítima;584;BR-262/MG;Leste;Saida de Pista;1;;;;;;;;;;0;1;;;
09/09/2015;06:59:00;106;com vítima;586;BR-262/MG;Leste;Saida de Pista;1;;;;;;;;;;0;1;;;
09/09/2015;21:49:00;506;com vítima;155;BR-153/MG;Norte;Colisão Lateral;1;;1;;;;;;;;0;1;1;;
09/09/2015;08:51:00;154;com vítima;590;BR-262/MG;Leste;Queda de Moto;;;;1;;;;;;;0;;;1;
09/09/2015;13:20:00;295;sem vítima;576;BR-153/GO;Norte;Saida de Pista;1;;;;;;;;;;1;;;;
09/09/2015;02:03:00;42;sem vítima;594;BR-262/MG;Leste;Outros - sequências;;;1;;;1;;;;;2;;;;
09/09/2015;17:16:00;406;com vítima;124;BR-060/GO;Sul;Saida de Pista;1;;;;;;;;;;1;1;;;
09/09/2015;00:21:00;10;com vítima;239;BR-153/MG;Norte;Saida de Pista;;;1;;;;;;;;0;1;;;
09/09/2015;19:36:00;459;sem vítima;679;BR-153/GO;Sul;Saida de Pista;1;;;;;;;;;;1;;;;
10/09/2015;16:03:00;399;sem vítima;3,9;BR-153/MG;Norte;Saida de Pista;;;1;;;;;;;;1;;;;
10/09/2015;07:39:00;117;sem vítima;368,5;BR-262/MG;Leste;Colisão Traseira;1;;1;;;;;;;;2;;;;
10/09/2015;17:12:00;436;com vítima;10;BR-153/MG;Sul;Saida de Pista;;;;;;;;;;1;0;2;;;
10/09/2015;08:42:00;154;com vítima;498;BR-153/GO;Norte;Colisão Traseira;1;;;1;;;;;;;1;;1;;
10/09/2015;07:07:00;95;sem vítima;42,55;BR-060/GO;Norte;Saida de Pista;;;1;;;;;;;;1;;;;
10/09/2015;13:40:00;329;com vítima;46,5;BR-060/GO;Sul;Outros - sequências;;;;;;;;;;1;0;;;1;1
10/09/2015;07:51:00;123;sem vítima;505;BR-153/GO;Norte;Colisão Traseira;1;;;;;1;;;;;2;;;;
10/09/2015;17:48:00;464;sem vítima;507;BR-153/GO;Sul;Engavetamento;1;;2;;;;;;;;3;;;;
10/09/2015;10:17:00;220;sem vítima;508;BR-153/GO;Sul;Engavetamento;3;;;;;;;;;;3;;;;
10/09/2015;16:52:00;428;com vítima;508,5;BR-153/GO;Sul;Outros - sequências;1;;1;;;1;;;;;2;;1;;
10/09/2015;15:00:00;365;sem vítima;509;BR-153/GO;Norte;Colisão Traseira;1;;;1;;;;;;;2;;;;
10/09/2015;08:43:00;155;sem vítima;109;BR-153/MG;Norte;Colisão Traseira;;;2;;;;;;;;2;;;;
10/09/2015;11:26:00;261;com vítima;582;BR-262/MG;Oeste;Carreta deu L;;;1;;;;;;;;0;1;;;
10/09/2015;21:59:00;555;sem vítima;552,8;BR-153/GO;Sul;Choque - Objeto sobre a pista;;;1;;;;;;;;1;;;;
10/09/2015;12:26:00;292;com vítima;587;BR-262/MG;Leste;Outros - sequências;1;;;;;;;;;;0;1;;;
11/09/2015;16:37:00;393;com vítima;362;BR-262/MG;Leste;Colisão Lateral;;;;1;;1;;;;;1;1;;;
11/09/2015;19:40:00;485;sem vítima;497,9;BR-153/GO;Sul;Colisão Traseira;2;;;;;1;;;;;3;;;;
11/09/2015;07:39:00;97;sem vítima;500,2;BR-153/GO;Sul;Colisão Traseira;2;;;;;;;;;;2;;;;
11/09/2015;09:26:00;175;com vítima;436;BR-262/MG;Leste;Saida de Pista;1;;;;;;;;;;0;1;;;
11/09/2015;12:28:00;263;sem vítima;50;BR-153/MG;Sul;Saida de Pista;1;;;;;;;;;;1;;;;
11/09/2015;10:10:00;200;com vítima;92;BR-060/GO;Norte;Colisão Traseira;;;;2;;;;;;;1;1;;;
11/09/2015;01:01:00;16;com vítima;94;BR-060/GO;Norte;Colisão Traseira;2;;;;;;;;;;1;1;;;
11/09/2015;01:53:00;38;com vítima;529;BR-153/GO;Norte;Tombamento;;;1;;;;;;;;0;1;;;
11/09/2015;10:16:00;203;sem vítima;124;BR-153/MG;Norte;Choque - Defensa, barreira ou "submarino";1;;;;;;;;;;1;;;;
11/09/2015;08:27:00;131;com vítima;582;BR-262/MG;Oeste;Saida de Pista;;;;;;;;;;1;0;1;;;
11/09/2015;17:10:00;410;com vítima;17,5;BR-060/DF;Sul;Queda de Ciclista;;1;;;;;;;;;0;1;;;
11/09/2015;08:47:00;150;com vítima;592;BR-262/MG;Leste;Saida de Pista;1;;;;;;;;;;0;1;;;
11/09/2015;05:09:00;62;com vítima;610;BR-262/MG;Leste;Tombamento;;;1;;;;;;;;0;3;;;
11/09/2015;17:34:00;427;sem vítima;596,5;BR-153/GO;Sul;Outros - sequências;1;;;;;;;;;;1;;;;
11/09/2015;20:12:00;495;sem vítima;118;BR-060/GO;Norte;Colisão Lateral;2;;;;;;;;;;2;;;;
11/09/2015;06:54:00;82;com vítima;123;BR-060/GO;Norte;Saida de Pista;;;;1;;;;;;;0;1;;;
11/09/2015;04:52:00;58;sem vítima;239,5;BR-153/MG;Norte;Choque - Arvore;;;1;;;;;;;;1;;;;
11/09/2015;15:20:00;344;sem vítima;138;BR-060/GO;Norte;Colisão Traseira;;;2;;;;;;;;2;;;;
12/09/2015;23:55:00;594;sem vítima;358;BR-262/MG;Leste;Outros - sequências;1;;;;;;;;;;2;;;;
12/09/2015;03:10:00;38;com vítima;366,5;BR-262/MG;Oeste;Capotamento;1;;;;;;;;;;0;;1;;
12/09/2015;03:31:00;42;sem vítima;496;BR-153/GO;Sul;Outros - sequências;1;;;;;;;;;;1;;;;
12/09/2015;09:44:00;170;com vítima;33;BR-060/GO;Sul;Atropelamento - Andarilho;1;;;;;;;;;;1;1;;;
12/09/2015;10:30:00;197;com vítima;39;BR-060/GO;Norte;Queda de Moto;;;;1;;;;;;;0;1;;;
12/09/2015;20:59:00;507;sem vítima;25;BR-153/MG;Norte;;1;;;;;;;;;;1;;;;
12/09/2015;00:19:00;9;sem vítima;399;BR-262/MG;Leste;Colisão Traseira;2;;;;;;;;;;2;;;;
12/09/2015;16:33:00;390;sem vítima;46;BR-060/GO;Norte;Outros - sequências;;;;;1;;;;;;1;;;;
12/09/2015;17:59:00;430;sem vítima;46;BR-060/GO;Sul;Saida de Pista;1;;;;;;;;;;1;;;;
12/09/2015;19:04:00;458;com vítima;437;BR-262/MG;Leste;Queda de Moto;;;;1;;;;;;;0;2;;;
12/09/2015;07:09:00;77;sem vítima;443;BR-262/MG;Oeste;Tombamento;;;1;;;;;;;;1;;;;
12/09/2015;19:36:00;468;sem vítima;79;BR-060/GO;Sul;Outros - sequências;1;;;;;;;;;;1;;;;
12/09/2015;14:23:00;323;com vítima;82,7;BR-060/GO;Norte;Colisão Traseira;2;;;;;;;;;;0;1;1;;
12/09/2015;01:19:00;24;sem vítima;510,5;BR-262/MG;Leste;Saida de Pista;;;1;;;;;;;;1;;;;
12/09/2015;05:39:00;54;com vítima;93;BR-060/GO;Norte;Saida de Pista;1;;;;;;;;;;2;1;;;
12/09/2015;18:44:00;448;sem vítima;93;BR-060/GO;Norte;Colisão Traseira;1;;;1;;;;;;;2;;;;
12/09/2015;13:37:00;293;sem vítima;512,5;BR-153/GO;Norte;Colisão Traseira;1;;;;;;;;;1;2;;;;
12/09/2015;05:56:00;58;com vítima;549;BR-262/MG;Oeste;Saida de Pista;1;;;;;;;;;;0;1;;;
12/09/2015;07:18:00;81;sem vítima;520;BR-153/GO;Norte;Atropelamento - Animal;1;;;;;;;;;;1;;;;
12/09/2015;06:38:00;68;com vítima;96;BR-060/GO;Norte;Colisão Traseira;1;;;1;;;;;;;0;2;;;
12/09/2015;16:04:00;371;com vítima;528;BR-153/GO;Sul;Saida de Pista;1;;;;;;;;;;0;;1;;1
12/09/2015;17:47:00;419;com vítima;96,8;BR-060/GO;Sul;Colisão Traseira;1;;1;;;;;;;;2;2;;;
12/09/2015;07:12:00;78;com vítima;574;BR-262/MG;Leste;Saida de Pista;1;;;;;;;;;;0;1;;;
12/09/2015;05:48:00;57;com vítima;130;BR-153/MG;Sul;Colisão Frontal;2;;;;;;;;;;0;2;1;;
12/09/2015;07:08:00;76;com vítima;581;BR-153/GO;Sul;Saida de Pista;;;1;;;;;;;;0;2;;;
13/09/2015;07:43:00;107;com vítima;496;BR-153/GO;Norte;Queda de Moto;1;;;1;;;;;;;1;1;;;
13/09/2015;07:46:00;108;sem vítima;369;BR-262/MG;Leste;Saida de Pista;1;;;;;;;;;;1;;;;
13/09/2015;21:27:00;597;com vítima;497;BR-153/GO;Norte;Colisão Lateral;1;;;1;;;;;;;1;;2;;
13/09/2015;09:07:00;146;com vítima;382;BR-262/MG;Leste;Capotamento;1;;;;;;;;;;0;1;;;
13/09/2015;18:44:00;527;sem vítima;28,2;BR-060/GO;Norte;Outros - sequências;1;;;;;;;;;;2;;;;
13/09/2015;00:06:00;2;com vítima;443;BR-262/MG;Oeste;Capotamento;1;;;;;;;;;;0;3;;;
13/09/2015;20:54:00;586;sem vítima;507;BR-153/GO;Sul;Outros - sequências;1;;;;;;;;;;1;;;;
13/09/2015;03:33:00;46;com vítima;509;BR-153/GO;Norte;Queda de Moto;;;;1;;;;;;;0;;1;;
13/09/2015;18:31:00;517;com vítima;523;BR-153/GO;Norte;Queda de Moto;;;;1;;;;;;;0;2;;;
13/09/2015;16:53:00;461;sem vítima;100;BR-060/GO;Sul;Outros - sequências;1;;;;;1;;;;;2;;;;
13/09/2015;08:31:00;129;sem vítima;116;BR-060/GO;Sul;Saida de Pista;1;;;;;;;;;;1;;;;
13/09/2015;10:28:00;201;com vítima;118;BR-060/GO;Norte;Colisão Transversal;1;;;1;;;;;;;1;1;;;
14/09/2015;01:07:00;19;sem vítima;80,4;BR-060/GO;Sul;Choque - Defensa, barreira ou "submarino";1;;;;;;;;;;1;;;;
14/09/2015;07:02:00;92;sem vítima;58;BR-153/MG;Norte;Tombamento;;;1;;;;;;;;1;;;;
14/09/2015;18:38:00;494;sem vítima;509,3;BR-153/GO;Norte;Engavetamento;3;;;;;;;;;;3;;;;
14/09/2015;15:39:00;389;com vítima;503;BR-262/MG;Oeste;Colisão Frontal;;;1;1;;;;;;;1;;;;1
14/09/2015;15:05:00;368;sem vítima;94;BR-060/GO;Sul;Colisão Traseira;1;;;;;1;;;;;2;;;;
14/09/2015;10:01:00;197;com vítima;520;BR-153/GO;Norte;Capotamento;1;;;;;;;;;;0;1;;;
14/09/2015;18:02:00;476;com vítima;568;BR-262/MG;Oeste;Outros - sequências;1;;;;;;;;;;0;1;;;
14/09/2015;12:23:00;282;com vítima;536;BR-153/GO;Sul;Tombamento;;;1;;;;;;;;0;1;;;
14/09/2015;08:29:00;138;sem vítima;733;BR-262/MG;Leste;Saida de Pista;;;;;;1;;;;1;2;;;;
14/09/2015;12:54:00;297;com vítima;124,2;BR-060/GO;Sul;Saida de Pista;1;;;;;;;;;;0;1;;;
14/09/2015;17:20:00;443;com vítima;873;BR-262/MG;Oeste;Queda de Ciclista;;;;1;;;;;;;0;1;;;
14/09/2015;05:44:00;66;sem vítima;877;BR-262/MG;Leste;Saida de Pista;1;;;;;;;;;;1;;;;
15/09/2015;19:20:00;498;com vítima;357;BR-262/MG;Leste;Capotamento;1;;;;;;;;;;0;2;;;
15/09/2015;18:23:00;473;sem vítima;497,5;BR-153/GO;Sul;Colisão Lateral;2;;;;;;;;;;2;;;;
15/09/2015;12:09:00;260;com vítima;409;BR-262/MG;Leste;Capotamento;1;;;;;;;;;;0;1;;;
15/09/2015;17:19:00;439;sem vítima;418;BR-262/MG;Oeste;Saida de Pista;;;1;;;;;;;;1;;;;
15/09/2015;17:46:00;453;sem vítima;502,5;BR-153/GO;Sul;Colisão Traseira;1;;;;;1;;;;;2;;;;
15/09/2015;22:00:00;574;com vítima;58;BR-153/MG;Norte;Colisão Traseira;;;2;;;;;;;;0;2;;;
15/09/2015;21:15:00;556;com vítima;92;BR-060/GO;Norte;Colisão Traseira;2;;;;;;;;;;1;2;1;;
15/09/2015;15:18:00;368;sem vítima;93,5;BR-060/GO;Sul;Choque - Outros;;;1;;;;;;;;1;;;;
15/09/2015;13:17:00;297;sem vítima;558;BR-262/MG;Leste;;1;;;;;;;;;;1;;;;
15/09/2015;13:06:00;290;com vítima;568;BR-262/MG;Oeste;Colisão Transversal;2;;;;;;;;;;2;1;;;
15/09/2015;19:06:00;491;com vítima;116;BR-060/GO;Norte;Queda de Moto;;;;1;;;;;;;0;1;;;
15/09/2015;05:06:00;48;com vítima;630;BR-153/GO;Norte;Capotamento;;;;;1;;;;;;0;6;4;1;2
15/09/2015;17:18:00;436;com vítima;812;BR-262/MG;Leste;Colisão Lateral;;;;2;;;;;;;0;4;;;
15/09/2015;06:45:00;69;sem vítima;671;BR-153/GO;Sul;Saida de Pista;1;;;;;;;;;;1;;;;
15/09/2015;11:31:00;223;com vítima;677;BR-153/GO;Sul;Queda de Moto;;;;1;;;;;;;0;1;;;
15/09/2015;10:27:00;185;com vítima;137;BR-060/GO;Sul;Queda de Moto;;;;1;;;;;;;0;;1;;
16/09/2015;22:07:00;619;com vítima;491;BR-153/GO;Sul;;;;;1;;;;;;;0;;2;;
16/09/2015;03:51:00;53;sem vítima;28;BR-060/GO;Sul;Choque - Defensa, barreira ou "submarino";;;;;;;;;;1;1;;;;
16/09/2015;14:23:00;366;com vítima;62;BR-060/GO;Norte;Colisão Traseira;2;;;;;;;;;;1;;1;;
16/09/2015;19:25:00;544;com vítima;505,6;BR-153/GO;Sul;Colisão Traseira;1;;;1;;;;;;;1;;1;;
16/09/2015;08:14:00;136;sem vítima;508;BR-153/GO;Norte;Engavetamento;3;;;;;;;;;;3;;;;
16/09/2015;15:28:00;409;com vítima;482;BR-262/MG;Leste;Saida de Pista;1;;;;;;;;;;1;1;;;
16/09/2015;10:12:00;232;com vítima;510;BR-153/GO;Norte;Colisão Traseira;1;;1;;;;;;;;0;2;;;
16/09/2015;20:43:00;579;sem vítima;511,5;BR-262/MG;Leste;Atropelamento - Animal;1;;;;;;;;;;1;;;;
16/09/2015;06:39:00;84;com vítima;512;BR-153/GO;Sul;Queda de Moto;;;;1;;;;;;;0;1;;;
16/09/2015;08:55:00;172;sem vítima;514;BR-153/GO;Norte;Colisão Lateral;2;;;;;;;;;;2;;;;
16/09/2015;13:05:00;325;com vítima;99;BR-060/GO;Norte;Queda de Moto;;;;1;;;;;;;0;1;;;
16/09/2015;18:16:00;514;sem vítima;100;BR-060/GO;Sul;Queda de Moto;;;;1;;;;;;;1;;;;
16/09/2015;13:59:00;347;sem vítima;121;BR-060/GO;Norte;Colisão Lateral;1;;2;;;;;;;;3;;;;
17/09/2015;07:54:00;152;sem vítima;33;BR-060/GO;Norte;Saida de Pista;;;1;;;1;;;;;2;;;;
17/09/2015;17:42:00;528;sem vítima;500;BR-153/GO;Sul;Colisão Traseira;1;;;;;1;;;;;2;;;;
17/09/2015;11:03:00;279;sem vítima;409;BR-262/MG;Oeste;Outros - sequências;1;;;;;;;;;;1;;;;
17/09/2015;15:00:00;435;com vítima;558,6;BR-153/GO;Sul;Saida de Pista;;;1;;;;;;;;0;1;;;
17/09/2015;08:43:00;183;com vítima;128;BR-060/GO;Sul;Colisão Traseira;2;;;;;;;;;;0;3;;;
17/09/2015;19:50:00;590;sem vítima;667,5;BR-153/GO;Norte;Atropelamento - Animal;1;;;;;;;;;;1;;;;
18/09/2015;06:30:00;107;sem vítima;1;BR-060/GO;Norte;Tombamento;;;1;;;;;;;;1;;;;
18/09/2015;19:12:00;557;sem vítima;496;BR-153/GO;Sul;Colisão Traseira;2;;;;;;;;;;2;;;;
18/09/2015;19:25:00;564;sem vítima;377;BR-262/MG;Leste;Saida de Pista;;;;;;;;;;1;1;;;;
18/09/2015;20:40:00;631;sem vítima;19;BR-153/MG;Norte;Choque - Objeto sobre a pista;;;1;;;;;;;;1;;;;
18/09/2015;23:41:00;652;com vítima;23;BR-153/MG;Norte;Tombamento;1;;;;;;;;;;0;1;;;
18/09/2015;17:43:00;508;com vítima;499,9;BR-153/GO;Sul;Engavetamento;2;;;1;;1;;;;;3;1;;;
18/09/2015;19:28:00;565;sem vítima;501;BR-153/GO;Sul;Colisão Traseira;1;;;1;;;;;;;2;;;;
18/09/2015;15:24:00;408;sem vítima;71;BR-060/GO;Norte;Saida de Pista;1;;;;;;;;;;1;;;;
18/09/2015;13:03:00;305;sem vítima;73;BR-060/GO;Norte;Saida de Pista;1;;;;;;;;;;1;;;;
18/09/2015;22:17:00;630;com vítima;449;BR-262/MG;Leste;Outros - sequências;2;;;;;;;;;;0;2;;;
18/09/2015;09:45:00;202;com vítima;512;BR-153/GO;Sul;Colisão Lateral;;;1;;1;;;;;;2;1;;;
18/09/2015;14:16:00;353;com vítima;573;BR-262/MG;Leste;Saida de Pista;1;;;;;;;;;;1;1;;;
18/09/2015;18:47:00;546;com vítima;580;BR-262/MG;Leste;Outros - sequências;1;;;;;;;;;;1;1;;;
18/09/2015;06:12:00;102;sem vítima;16;BR-060/DF;Norte;Colisão Traseira;1;;1;;;;;;;;3;;;;
18/09/2015;12:05:00;275;com vítima;597;BR-262/MG;Leste;Capotamento;1;;;;;;;;;;0;4;;;
18/09/2015;00:09:00;3;com vítima;582;BR-153/GO;Sul;Tombamento;;;1;;;;;;;;0;1;;;
18/09/2015;16:04:00;443;sem vítima;802;BR-262/MG;Leste;Outros - sequências;1;;;;;;;;;;1;;;;
18/09/2015;03:23:00;46;com vítima;803;BR-262/MG;Leste;Capotamento;1;;;;;;;;;;0;1;;;
18/09/2015;15:14:00;400;com vítima;848;BR-262/MG;Leste;Saida de Pista;;;;;;;;;;1;0;1;;;
19/09/2015;17:09:00;392;com vítima;500;BR-153/GO;Sul;Capotamento;1;;;;;;;;;;2;1;;;
19/09/2015;14:36:00;286;com vítima;452;BR-262/MG;Oeste;Capotamento;1;;;;;;;;;;1;1;;;
19/09/2015;19:13:00;471;sem vítima;93;BR-060/GO;Sul;Colisão Traseira;2;;;;;;;;;;2;;;;
19/09/2015;23:30:00;587;com vítima;94;BR-060/GO;Norte;Capotamento;1;;;;;;;;;;1;2;1;;
19/09/2015;16:27:00;366;sem vítima;107;BR-060/GO;Sul;Colisão Traseira;1;;1;;;;;;;;2;;;;
19/09/2015;12:31:00;226;sem vítima;790;BR-262/MG;Leste;Queda;2;;;;;;;;;;2;;;;
19/09/2015;15:16:00;307;sem vítima;137;BR-060/GO;Norte;Colisão Lateral;1;;;1;;;;;;;2;;;;
20/09/2015;14:20:00;391;sem vítima;365;BR-262/MG;Leste;Outros - sequências;1;;;;;;;;;;1;;;;
20/09/2015;18:28:00;550;com vítima;30;BR-060/GO;Norte;Colisão Frontal;;1;1;;;;;;;;1;;;;1
20/09/2015;23:43:00;689;com vítima;27;BR-153/MG;Sul;Queda de Moto;;;;1;;;;;;;0;;1;;
20/09/2015;18:58:00;575;com vítima;418;BR-262/MG;Oeste;Colisão Lateral;1;;;1;;;;;;;1;3;;;
20/09/2015;05:07:00;89;sem vítima;432,7;BR-262/MG;Oeste;Saida de Pista;1;;;;;;;;;;1;;;;
20/09/2015;10:49:00;281;sem vítima;87;BR-060/GO;Norte;Outros - sequências;1;;;;;;;;;;4;;;;
20/09/2015;18:32:00;555;com vítima;88;BR-060/GO;Norte;Colisão Frontal;;;;1;;;;;;;0;1;;;
20/09/2015;16:02:00;453;com vítima;485,7;BR-262/MG;Oeste;Outros - sequências;2;;;;;;;;;;0;3;2;;
20/09/2015;17:11:00;498;com vítima;89,5;BR-060/GO;Norte;Capotamento;1;;;;;1;;;;;1;1;;;
20/09/2015;10:24:00;265;com vítima;514;BR-153/GO;Norte;Colisão Lateral;2;;;;;;;;;;2;1;;;
20/09/2015;15:51:00;448;sem vítima;153;BR-153/MG;Norte;Colisão Lateral;1;;1;;;;;;;;2;;;;
20/09/2015;18:18:00;541;com vítima;691,5;BR-262/MG;Oeste;Outros - sequências;;;2;;;1;;;;;1;1;;;1
20/09/2015;15:11:00;421;com vítima;246;BR-153/MG;Sul;Colisão Transversal;2;;;;;;;;;;1;5;;;
21/09/2015;07:39:00;125;sem vítima;490;BR-153/GO;Norte;Colisão Lateral;1;;1;;;;;;;;2;;;;
21/09/2015;12:54:00;343;sem vítima;358,6;BR-262/MG;Leste;Saida de Pista;1;;;;;;;;;;1;;;;
21/09/2015;12:52:00;341;sem vítima;359;BR-262/MG;Leste;Saida de Pista;1;;;;;;;;;;1;;;;
21/09/2015;17:24:00;521;com vítima;494;BR-153/GO;Norte;Queda de Moto;;;;1;;;;;;;0;1;;;
21/09/2015;06:55:00;109;sem vítima;12;BR-060/GO;Norte;Colisão Traseira;2;;;;;;;;;;3;;;;
21/09/2015;19:03:00;594;com vítima;372;BR-262/MG;Oeste;Colisão Traseira;;;;1;;1;;;;;2;1;;;
21/09/2015;20:06:00;614;com vítima;414;BR-262/MG;Oeste;Atropelamento - Usuário;;;1;;;1;;;;;1;;;1;
21/09/2015;10:35:00;251;sem vítima;96;BR-060/GO;Norte;Colisão Traseira;2;;;;;;;;;;2;;;;
21/09/2015;03:18:00;58;sem vítima;568;BR-262/MG;Leste;Tombamento;;;1;;;;;;;;1;;;;
21/09/2015;08:36:00;162;com vítima;101;BR-060/GO;Sul;Colisão Transversal;1;;1;;;;;;;;0;2;;;
21/09/2015;02:59:00;52;sem vítima;820;BR-262/MG;Leste;Capotamento;1;;;;;;;;;;1;;;;
21/09/2015;06:36:00;98;sem vítima;838;BR-262/MG;Oeste;Queda de Moto;;;;1;;;;;;;1;;;;
22/09/2015;19:20:00;588;com vítima;498,5;BR-153/GO;Sul;Choque - Defensa, barreira ou "submarino";1;;;;;;;;;;0;1;;;
22/09/2015;11:55:00;292;sem vítima;34;BR-060/GO;Sul;Tombamento;;;1;;;;;;;;1;;;;
22/09/2015;16:53:00;508;com vítima;506;BR-153/GO;Sul;Colisão Lateral;;;;2;;;;;;;0;2;;;
22/09/2015;18:27:00;564;com vítima;93;BR-060/GO;Norte;Colisão Traseira;;;;1;;1;;;;;1;1;;;
22/09/2015;14:00:00;387;sem vítima;94;BR-060/GO;Sul;;;;;1;;;;;;;1;;;;
22/09/2015;07:35:00;90;sem vítima;10;BR-060/DF;Norte;Capotamento;1;;;;;1;;;;;3;;;;
22/09/2015;18:16:00;557;com vítima;520;BR-153/GO;Sul;Colisão Lateral;;;1;1;;;;;;;1;1;;;
22/09/2015;19:21:00;590;sem vítima;562;BR-262/MG;Leste;Saida de Pista;;;1;;;;;;;;3;;;;
22/09/2015;19:03:00;578;sem vítima;107;BR-060/GO;Norte;Colisão Traseira;2;;;;;;;;;;2;;;;
22/09/2015;09:11:00;163;sem vítima;633;BR-153/GO;Sul;Colisão Traseira;1;;1;;;;;;;;2;;;;
22/09/2015;16:22:00;486;sem vítima;30;BR-060/DF;Sul;Saida de Pista;1;;;;;;;;;;1;;;;
23/09/2015;20:55:00;595;sem vítima;496;BR-153/GO;Sul;Outros - sequências;1;;1;;;;;;;;2;;;;
23/09/2015;08:39:00;144;sem vítima;510;BR-153/GO;Norte;Colisão Traseira;3;;;;;;;;;;3;;;;
23/09/2015;22:58:00;635;com vítima;510;BR-153/GO;Norte;Outros - sequências;1;;1;;;;;;;;0;3;;;