data;horario;n_da_ocorrencia;tipo_de_ocorrencia;km;trecho;sentido;tipo_de_acidente;automovel;bicicleta;caminhao;moto;onibus;outros;tracao_animal;transporte_de_cargas_especiais;trator_maquinas;utilitarios;ilesos;levemente_feridos;moderadamente_feridos;gravemente_feridos;mortos
10/10/2015;19:00:00;788;sem vítima;97;BR-060/GO;Norte;Colisão Traseira;2;;;;;;;;;;2;;;;
10/10/2015;21:36:00;912;com vítima;98;BR-060/GO;Sul;Queda;;;;1;;;;;;;0;2;;;
10/10/2015;15:10:00;574;com vítima;99;BR-060/GO;Sul;Colisão Lateral;1;;;1;;;;;;;1;2;;;
10/10/2015;11:18:00;344;com vítima;105;BR-060/GO;Sul;Queda de Ciclista;;;;1;;;;;;;0;1;;;
10/10/2015;11:12:00;339;sem vítima;107;BR-060/GO;Norte;Colisão Lateral;1;;1;;;;;;;;2;;;;
10/10/2015;03:59:00;75;com vítima;574;BR-153/GO;Sul;Capotamento;1;;;;;;;;;;1;;1;;
10/10/2015;03:25:00;67;sem vítima;111;BR-060/GO;Norte;Atropelamento - Animal;1;;;;;;;;;;1;;;;
10/10/2015;19:34:00;805;com vítima;733;BR-262/MG;Leste;Atropelamento - Animal;1;;;;;;;;;;0;1;;;
10/10/2015;17:56:00;731;com vítima;119;BR-060/GO;Norte;Colisão Traseira;2;;;;;;;;;;2;1;;;
10/10/2015;07:07:00;136;com vítima;798,5;BR-262/MG;Leste;Colisão Frontal;2;;;;;;;;;;1;;;2;1
10/10/2015;12:34:00;447;sem vítima;227,9;BR-153/MG;Norte;Colisão Transversal;;;2;;;;;;;;2;;;;
10/10/2015;07:01:00;131;sem vítima;815;BR-262/MG;Leste;Saida de Pista;1;;;;;;;;;;1;;;;
10/10/2015;06:49:00;125;sem vítima;239;BR-153/MG;Sul;Saida de Pista;1;;;;;;;;;;1;;;;
11/10/2015;21:20:00;650;com vítima;360;BR-262/MG;Leste;Capotamento;1;;;;;;;;;;0;1;;;
11/10/2015;03:35:00;77;sem vítima;361;BR-262/MG;Leste;Queda de Moto;;;;1;;;;;;;1;;;;
11/10/2015;21:53:00;663;com vítima;11;BR-060/GO;Norte;Saida de Pista;1;;;;;;;;;;0;1;;;
11/10/2015;17:41:00;523;sem vítima;27;BR-060/GO;Sul;Colisão Traseira;2;;;;;;;;;;2;;;;
11/10/2015;17:14:00;506;com vítima;17;BR-153/MG;Norte;Saida de Pista;1;;;;;;;;;;0;1;;;
11/10/2015;09:08:00;198;com vítima;502,8;BR-153/GO;Norte;Colisão Lateral;1;;;1;;;;;;;1;1;;;
11/10/2015;19:04:00;584;com vítima;61;BR-060/GO;Norte;Colisão Traseira;2;;;;;;;;;;1;1;1;;
11/10/2015;11:48:00;294;com vítima;455;BR-262/MG;Oeste;Colisão Lateral;1;;1;;;;;;;;1;2;;;
11/10/2015;02:07:00;64;sem vítima;492;BR-262/MG;Leste;Saida de Pista;1;;;;;;;;;;1;;;;
11/10/2015;19:44:00;597;com vítima;100;BR-060/GO;Sul;Queda de Ciclista;;;;1;;;;;;;0;1;;;
11/10/2015;15:17:00;423;com vítima;114;BR-060/GO;Sul;Capotamento;1;;;;;;;;;;0;2;;;
11/10/2015;14:08:00;366;com vítima;602;BR-153/GO;Sul;Tombamento;;;1;;;;;;;;0;1;;;
11/10/2015;06:02:00;112;com vítima;765;BR-262/MG;Oeste;Saida de Pista;;;;;;;;;;1;1;1;;;
11/10/2015;08:10:00;168;sem vítima;801,4;BR-262/MG;Leste;Saida de Pista;1;;;;;;;;;;1;;;;
11/10/2015;09:54:00;234;sem vítima;129;BR-060/GO;Norte;Saida de Pista;1;;;;;;;;;;1;;;;
11/10/2015;18:57:00;577;com vítima;832;BR-262/MG;Leste;Queda de Moto;;;;1;;;;;;;0;1;;;
12/10/2015;18:29:00;729;com vítima;0;BR-153/MG;Norte;Colisão Frontal;2;;;;;;;;;;2;1;;;
12/10/2015;09:34:00;250;sem vítima;0,8;BR-060/DF;Norte;Outros - sequências;;;;;;;;;;1;1;;;;
12/10/2015;16:28:00;610;sem vítima;365;BR-262/MG;Leste;Colisão Traseira;2;;;;;;;;;;2;;;;
12/10/2015;18:34:00;734;sem vítima;23;BR-060/GO;Sul;Saida de Pista;1;;;;;;;;;;1;;;;
12/10/2015;18:54:00;759;sem vítima;3;BR-060/DF;Norte;Colisão Traseira;2;;;;;;;;;;2;;;;
12/10/2015;16:39:00;615;sem vítima;449;BR-262/MG;Oeste;Colisão Traseira;2;;;;;;;;;;2;;;;
12/10/2015;15:09:00;508;sem vítima;8,5;BR-060/DF;Sul;Saida de Pista;1;;;;;;;;;;1;;;;
12/10/2015;18:10:00;712;sem vítima;515,5;BR-153/GO;Norte;;1;;;;;;;;;;1;;;;
12/10/2015;18:10:00;713;sem vítima;516;BR-153/GO;Norte;Colisão Traseira;1;;;;;1;;;;;2;;;;
12/10/2015;01:22:00;45;sem vítima;580;BR-262/MG;Oeste;Saida de Pista;1;;;;;;;;;;2;;;;
12/10/2015;20:57:00;849;com vítima;597;BR-262/MG;Leste;Colisão Transversal;1;;1;;;;;;;;0;2;;;
12/10/2015;11:08:00;318;sem vítima;634;BR-262/MG;Leste;Colisão Traseira;2;;;;;;;;;;2;;;;
12/10/2015;09:42:00;255;com vítima;639;BR-262/MG;Oeste;Colisão Traseira;1;;1;;;;;;;;0;4;;;
12/10/2015;04:03:00;78;com vítima;204,8;BR-153/MG;Norte;Queda de Moto;;;;1;;;;;;;0;;1;;
12/10/2015;14:58:00;498;sem vítima;129,5;BR-060/GO;Sul;Choque - Outros;;;1;;;;;;;1;2;;;;
13/10/2015;17:31:00;523;com vítima;490;BR-153/GO;Sul;Colisão Traseira;1;1;;;;;;;;;1;1;;;
13/10/2015;17:04:00;502;com vítima;426;BR-262/MG;Leste;Colisão Traseira;;;1;;1;;;;;;0;2;;;
13/10/2015;19:25:00;598;com vítima;450;BR-262/MG;Oeste;Saida de Pista;1;;;;;1;;;;;1;2;;;
13/10/2015;16:02:00;462;sem vítima;510;BR-153/GO;Sul;Colisão Lateral;2;;;;;;;;;;2;;;;
13/10/2015;05:34:00;57;sem vítima;505;BR-262/MG;Leste;Tombamento;;;1;;;;;;;;1;;;;
13/10/2015;18:39:00;569;com vítima;507;BR-262/MG;Oeste;Engavetamento;;;4;;;;;;;;3;1;;;
13/10/2015;10:06:00;222;com vítima;522;BR-153/GO;Norte;Colisão Lateral;1;;;1;;;;;;;1;;;1;
13/10/2015;23:10:00;677;com vítima;568;BR-262/MG;Oeste;Colisão Frontal;1;;1;;;;;;;;0;2;1;;
13/10/2015;10:23:00;242;sem vítima;101;BR-060/GO;Sul;Colisão Traseira;1;;;1;;;;;;;2;;;;
13/10/2015;19:27:00;599;sem vítima;612;BR-153/GO;Norte;Saida de Pista;1;;;;;;;;;;1;;;;
13/10/2015;03:20:00;41;com vítima;790;BR-262/MG;Oeste;Queda de Ciclista;;;;1;;;;;;;0;2;;;
14/10/2015;21:56:00;718;sem vítima;0,5;BR-153/MG;Sul;Colisão Traseira;;;1;;1;;;;;;2;;;;
14/10/2015;17:37:00;567;com vítima;500;BR-153/GO;Sul;Colisão Traseira;;;1;1;;;;;;;1;;;1;
14/10/2015;18:24:00;592;com vítima;24,7;BR-153/MG;Norte;Outros - sequências;;;2;;;;;;;;0;2;;;
14/10/2015;18:59:00;612;com vítima;399,8;BR-262/MG;Oeste;Atropelamento - Sem Informação;1;;;;;;;;;;1;;1;;
14/10/2015;04:04:00;50;com vítima;465;BR-262/MG;Leste;Colisão Lateral;1;;1;;;;;;;;1;4;;;
14/10/2015;12:06:00;312;sem vítima;506;BR-262/MG;Leste;Saida de Pista;1;;;;;;;;;;1;;;;
14/10/2015;12:58:00;351;sem vítima;509;BR-262/MG;Leste;Saida de Pista;1;;;;;;;;;;1;;;;
14/10/2015;07:43:00;124;sem vítima;101;BR-060/GO;Norte;Colisão Traseira;1;;1;;;;;;;;2;;;;
14/10/2015;06:34:00;85;sem vítima;128;BR-060/GO;Sul;Colisão Traseira;;;2;;;;;;;;2;;;;
15/10/2015;00:52:00;19;com vítima;365;BR-262/MG;Oeste;Colisão Traseira;1;;1;;;;;;;;0;2;;1;
15/10/2015;18:13:00;624;com vítima;16;BR-153/MG;Sul;Queda de Moto;;;;1;;1;;;;;1;;1;;
15/10/2015;19:46:00;676;com vítima;27;BR-153/MG;Norte;Tombamento;;;1;;;1;;;;;1;1;;;
15/10/2015;22:17:00;741;com vítima;69;BR-060/GO;Sul;Tombamento;;;1;;;;;;;;0;2;;;
15/10/2015;20:07:00;689;sem vítima;485;BR-262/MG;Leste;Colisão Traseira;1;;1;;;;;;;;2;;;;
15/10/2015;22:54:00;757;com vítima;95;BR-153/MG;Sul;Carreta deu L;;;1;;;;;;;;0;1;;;
15/10/2015;07:03:00;142;com vítima;114;BR-153/MG;Sul;Colisão Frontal;;;2;;;;;;;;0;;;1;2
15/10/2015;06:20:00;126;com vítima;96;BR-060/GO;Norte;Colisão Lateral;;;1;1;;;;;;;1;1;;;
15/10/2015;08:37:00;202;com vítima;183;BR-153/MG;Norte;Colisão Traseira;1;;1;;;;;;;;1;1;;;
15/10/2015;23:20:00;766;sem vítima;747;BR-262/MG;Leste;Colisão Traseira;;;2;;;;;;;;2;;;;
15/10/2015;04:45:00;91;sem vítima;875;BR-262/MG;Oeste;Saida de Pista;1;;;;;;;;;;1;;;;
16/10/2015;23:47:00;726;com vítima;14;BR-060/GO;Sul;Colisão Lateral;1;;;;;;;;;;0;3;;;
16/10/2015;12:12:00;323;sem vítima;26,5;BR-060/GO;Norte;Tombamento;;;1;;;;;;;;1;;;;
16/10/2015;17:05:00;528;sem vítima;499;BR-153/GO;Sul;Engavetamento;3;;;;;;;;;;3;;;;
16/10/2015;18:47:00;598;sem vítima;500;BR-153/GO;Sul;Colisão Traseira;1;;1;;;;;;;;2;;;;
16/10/2015;03:48:00;55;sem vítima;47;BR-060/GO;Norte;Outros - sequências;;;1;;;;;;;;1;;;;
16/10/2015;11:06:00;275;sem vítima;73;BR-060/GO;Sul;Saida de Pista;1;;;;;;;;;;1;;;;
16/10/2015;14:14:00;398;sem vítima;81;BR-060/GO;Sul;Saida de Pista;1;;;;;;;;;;1;;;;
16/10/2015;07:44:00;137;sem vítima;508;BR-153/GO;Norte;Colisão Traseira;2;;;1;;;;;;;3;;;;
16/10/2015;17:17:00;536;com vítima;476;BR-262/MG;Leste;Colisão Lateral;1;;1;;;;;;;;1;1;;;
16/10/2015;00:01:00;1;sem vítima;76;BR-153/MG;Sul;Outros - sequências;1;;1;;;;;;;;2;;;;
16/10/2015;18:24:00;580;sem vítima;514;BR-153/GO;Sul;Queda de Moto;;;;1;;;;;;;1;;;;
16/10/2015;17:33:00;549;sem vítima;520;BR-153/GO;Norte;Outros - sequências;;;1;;;;;;;;1;;;;
16/10/2015;11:15:00;281;com vítima;561;BR-153/GO;Norte;Saida de Pista;1;;;;;;;;;;0;3;;;
16/10/2015;14:40:00;419;sem vítima;598;BR-153/GO;Norte;Colisão Traseira;;;2;;;;;;;;2;;;;
16/10/2015;13:27:00;372;com vítima;634;BR-153/GO;Sul;Saida de Pista;1;;;;;;;;;;0;2;;;
17/10/2015;04:33:00;63;com vítima;0,5;BR-060/DF;Sul;Colisão Lateral;;;;1;;1;;;;;1;;1;;
17/10/2015;18:15:00;510;com vítima;364;BR-262/MG;Leste;Outros - sequências;1;;1;;;;;;;;1;1;;;
17/10/2015;16:52:00;458;sem vítima;10,8;BR-153/MG;Norte;Saida de Pista;;;1;;;1;;;;;2;;;;
17/10/2015;22:13:00;615;com vítima;376;BR-262/MG;Leste;Queda de Moto;;;;1;;;;;;;0;1;;;
17/10/2015;12:22:00;293;sem vítima;503;BR-153/GO;Sul;Colisão Traseira;1;;;;;;;;;1;2;;;;
17/10/2015;05:16:00;72;com vítima;439;BR-262/MG;Oeste;Colisão Traseira;2;;;;;;;;;;0;2;;;
17/10/2015;11:13:00;249;com vítima;507;BR-153/GO;Sul;Colisão Traseira;1;;;1;;;;;;;1;;1;;
17/10/2015;10:38:00;218;sem vítima;481;BR-262/MG;Oeste;Saida de Pista;2;;;;;;;;;;2;;;;
17/10/2015;18:51:00;530;com vítima;513;BR-153/GO;Sul;Queda de Moto;;;;1;;1;;;;;1;1;;;
17/10/2015;13:43:00;330;com vítima;514,6;BR-153/GO;Sul;Outros - sequências;1;;;1;;;;;;;2;1;;;1
17/10/2015;05:40:00;76;sem vítima;563;BR-153/GO;Norte;Colisão Traseira;;;1;;1;;;;;;2;;;;
17/10/2015;00:51:00;15;sem vítima;28;BR-060/DF;Sul;Colisão Traseira;;;1;;;1;;;;;2;;;;
17/10/2015;11:02:00;241;sem vítima;686,5;BR-153/GO;Sul;Colisão Traseira;;;2;;;;;;;;2;;;;
18/10/2015;18:22:00;485;com vítima;362;BR-262/MG;Leste;Outros - sequências;2;;;;;;;;;;1;;1;;
18/10/2015;23:04:00;633;com vítima;28;BR-153/MG;Norte;Colisão Traseira;1;;1;;;;;;;;1;1;;;
18/10/2015;23:49:00;649;com vítima;501;BR-153/GO;Norte;Queda de Moto;;;;1;;;;;;;0;2;;;
18/10/2015;06:29:00;76;com vítima;503;BR-153/GO;Sul;Queda de Ciclista;;;;1;;;;;;;0;1;;;1
18/10/2015;18:24:00;487;sem vítima;4,7;BR-060/DF;Norte;Colisão Lateral;2;;;;;;;;;;2;;;;
18/10/2015;04:35:00;56;com vítima;509;BR-153/GO;Norte;Capotamento;1;;;;;;;;;;0;1;;;
18/10/2015;16:00:00;382;com vítima;547;BR-262/MG;Leste;Colisão Frontal;1;;1;;;;;;;;0;2;;1;1
18/10/2015;08:24:00;114;com vítima;516;BR-153/GO;Norte;Queda de Moto;;;;1;;;;;;;0;1;;;
18/10/2015;13:34:00;289;com vítima;580;BR-262/MG;Leste;Tombamento;;;1;;;;;;;;0;1;;;
18/10/2015;17:37:00;453;sem vítima;553;BR-153/GO;Sul;Choque - Outros;;;1;;;;;;;;2;;;;
18/10/2015;19:18:00;513;com vítima;16;BR-060/DF;Norte;Colisão Traseira;1;;;1;;;;;;;1;;;1;
18/10/2015;10:08:00;174;sem vítima;623,9;BR-153/GO;Norte;Tombamento;;;1;;;;;;;;1;;;;
18/10/2015;13:09:00;277;com vítima;826;BR-262/MG;Leste;Colisão Transversal;;;;1;;1;;;;;1;2;;;
19/10/2015;09:56:00;243;com vítima;9;BR-060/GO;Sul;Outros - sequências;1;;;;;;;;;;0;1;;;
19/10/2015;18:45:00;637;sem vítima;456;BR-262/MG;Oeste;Saida de Pista;1;;1;;;;;;;;2;;;;
19/10/2015;08:19:00;161;com vítima;7,8;BR-060/DF;Norte;Colisão Traseira;1;;;1;;;;;;;1;1;;;
19/10/2015;02:49:00;63;com vítima;12,1;BR-060/DF;Norte;Choque - Poste;1;;;;;;;;;;0;1;1;;
19/10/2015;16:49:00;561;sem vítima;100,9;BR-060/GO;Sul;Colisão Traseira;1;;1;;;;;;;;2;;;;
19/10/2015;13:48:00;418;sem vítima;673;BR-262/MG;Oeste;Saida de Pista;1;;;;;;;;;;1;;;;
19/10/2015;09:37:00;219;sem vítima;604;BR-153/GO;Norte;Colisão Traseira;;;1;;;;;;;1;2;;;;
19/10/2015;16:36:00;548;com vítima;810,8;BR-262/MG;Leste;Colisão Traseira;2;;;;;;;;;;0;2;;;
19/10/2015;08:23:00;166;com vítima;138;BR-060/GO;Sul;Colisão Lateral;1;;;1;;;;;;;1;1;;;
20/10/2015;21:39:00;668;com vítima;399;BR-262/MG;Leste;Queda de Moto;;;;1;;;;;;;0;1;;;
20/10/2015;16:14:00;477;com vítima;446,8;BR-262/MG;Leste;Outros - sequências;1;;;;;;;;;1;0;2;;;
20/10/2015;10:50:00;268;com vítima;84;BR-060/GO;Sul;Queda;;;;1;;;;;;;0;2;;;
20/10/2015;21:38:00;667;sem vítima;492;BR-262/MG;Leste;Saida de Pista;1;;;;;;;;;;1;;;;
20/10/2015;06:36:00;93;sem vítima;523,3;BR-153/GO;Sul;Colisão Transversal;;;;;;;;;;1;1;;;;
20/10/2015;12:55:00;350;sem vítima;98;BR-060/GO;Norte;Colisão Traseira;1;;;;;1;;;;;2;;;;
20/10/2015;17:40:00;530;sem vítima;104,3;BR-060/GO;Sul;Saida de Pista;;;;;;;;;;1;1;;;;
20/10/2015;15:28:00;443;sem vítima;107;BR-060/GO;Norte;Queda de Moto;;;;1;;;;;;1;2;;;;
20/10/2015;22:22:00;681;com vítima;620;BR-153/GO;Norte;Colisão Traseira;;;2;;;;;;;;1;;;1;
20/10/2015;11:27:00;295;com vítima;831;BR-262/MG;Oeste;Outros - sequências;1;;;;;;;;;;1;;1;;
21/10/2015;00:51:00;9;com vítima;492;BR-153/GO;Sul;Colisão Traseira;2;;;;;;;;;;0;2;;;
21/10/2015;06:54:00;74;sem vítima;380;BR-262/MG;Leste;Colisão Lateral;1;;1;;;;;;;;2;;;;
21/10/2015;07:46:00;92;sem vítima;501;BR-153/GO;Norte;Colisão Traseira;2;;;;;1;;;;;3;;;;
21/10/2015;18:03:00;543;sem vítima;506;BR-153/GO;Norte;Colisão Lateral;1;;1;;;;;;;;2;;;;
21/10/2015;16:39:00;486;com vítima;506,6;BR-153/GO;Sul;Outros - sequências;;;1;1;;;;;;;1;1;;;
21/10/2015;17:43:00;526;sem vítima;485;BR-262/MG;Oeste;Colisão Traseira;2;;;;;;;;;;2;;;;
21/10/2015;16:59:00;496;com vítima;510;BR-153/GO;Sul;Queda de Moto;;;;1;;;;;;;0;1;;;
21/10/2015;17:25:00;511;com vítima;512,8;BR-153/GO;Sul;Queda de Moto;;;;1;;;;;;;0;1;;;
21/10/2015;14:22:00;386;com vítima;96;BR-060/GO;Sul;Colisão Lateral;;;1;1;;;;;;;2;1;;;
21/10/2015;18:53:00;573;sem vítima;574;BR-262/MG;Oeste;Saida de Pista;;;1;;;;;;;;1;;;;
21/10/2015;15:41:00;439;sem vítima;585;BR-262/MG;Leste;Saida de Pista;1;;;;;;;;;;1;;;;
21/10/2015;17:34:00;520;sem vítima;585;BR-262/MG;Leste;Saida de Pista;1;;;;;;;;;;1;;;;
21/10/2015;01:27:00;16;com vítima;587;BR-262/MG;Leste;Outros - sequências;;;2;;;;;;;;1;;1;;
21/10/2015;17:41:00;524;sem vítima;595,5;BR-262/MG;Leste;Outros - sequências;;;2;;;;;;;;2;;;;
21/10/2015;09:18:00;165;com vítima;621;BR-153/GO;Norte;Saida de Pista;;;1;;;;;;;;0;2;;;
21/10/2015;10:47:00;235;sem vítima;762;BR-262/MG;Oeste;Saida de Pista;;;;;;;;;;2;2;;;;
21/10/2015;10:38:00;228;sem vítima;765,5;BR-262/MG;Leste;Saida de Pista;;;1;;;;;;;;1;;;;
21/10/2015;13:14:00;342;com vítima;122,4;BR-060/GO;Sul;Choque - Veiculo parado no acostamento;;;1;;;;;;;1;1;;1;;
22/10/2015;20:12:00;670;com vítima;490;BR-153/GO;Norte;Outros - sequências;1;;;;;1;;;;;1;2;;;
22/10/2015;00:33:00;11;sem vítima;2;BR-060/DF;Sul;Saida de Pista;1;;;;;;;;;;1;;;;
22/10/2015;04:10:00;97;sem vítima;49,8;BR-060/GO;Sul;Saida de Pista;1;;;;;1;;;;;2;;;;
22/10/2015;20:27:00;677;com vítima;63,8;BR-060/GO;Sul;Atropelamento - Andarilho;1;;;;;;;;;;1;;;;1
22/10/2015;07:36:00;129;sem vítima;506;BR-153/GO;Norte;Colisão Traseira;3;;;;;1;;;;;4;;;;
22/10/2015;19:11:00;646;sem vítima;475;BR-262/MG;Leste;Outros - sequências;1;;;;;;;;;;1;;;;
22/10/2015;09:48:00;249;com vítima;485,85;BR-262/MG;Leste;Colisão Traseira;;;2;;;;;;;;0;2;;;
22/10/2015;16:56:00;558;com vítima;509;BR-262/MG;Oeste;Saida de Pista;;;1;;;;;;;;0;1;;;
22/10/2015;16:19:00;526;com vítima;519;BR-262/MG;Leste;Saida de Pista;;;1;;;;;;;;0;1;;;
22/10/2015;16:30:00;537;com vítima;579;BR-262/MG;Oeste;Outros - sequências;;;1;;;;;;;;0;1;;;
22/10/2015;15:43:00;504;com vítima;584;BR-262/MG;Oeste;Outros - sequências;1;;1;;;;;;;;0;2;;;1
22/10/2015;15:54:00;512;com vítima;147;BR-153/MG;Sul;Colisão Traseira;1;;1;;;;;;;;3;2;;;
22/10/2015;22:41:00;739;com vítima;111;BR-060/GO;Sul;Capotamento;1;;;;;;;;;;0;1;;;
22/10/2015;14:03:00;428;com vítima;117;BR-060/GO;Sul;Queda de Moto;;;;1;;;;;;;0;;1;;
22/10/2015;16:40:00;542;sem vítima;655,15;BR-153/GO;Norte;Saida de Pista;1;;;;;;;;;;1;;;;
22/10/2015;22:03:00;729;com vítima;246;BR-153/MG;Norte;Atropelamento - Animal;1;;;;;;;;;;0;2;;;
23/10/2015;00:12:00;1;com vítima;366;BR-262/MG;Leste;Colisão Traseira;1;;;;1;;;;;;1;1;;;
23/10/2015;00:24:00;5;sem vítima;19;BR-060/GO;Norte;Saida de Pista;;;1;;;;;;;;1;;;;
23/10/2015;17:45:00;500;sem vítima;368,2;BR-262/MG;Oeste;Saida de Pista;1;;;;;;;;;;1;;;;
23/10/2015;12:34:00;283;sem vítima;28;BR-060/GO;Norte;Saida de Pista;1;;;;;;;;;;1;;;;
23/10/2015;20:26:00;618;com vítima;501,3;BR-153/GO;Sul;Queda de Moto;;;;1;;;;;;;0;1;;;
23/10/2015;05:42:00;87;sem vítima;57,3;BR-060/GO;Sul;Capotamento;1;;;;;;;;;;1;;;;
23/10/2015;18:02:00;515;com vítima;506;BR-153/GO;Norte;Queda de Moto;;;;1;;;;;;;0;;2;;
23/10/2015;21:57:00;666;com vítima;484;BR-262/MG;Oeste;Saida de Pista;;;;1;;;;;;;0;1;;;
23/10/2015;19:33:00;583;com vítima;527,5;BR-153/GO;Sul;Queda de Moto;;;;1;;;;;;;0;1;;;
23/10/2015;13:55:00;336;com vítima;568,5;BR-262/MG;Leste;Colisão Frontal;;;2;;;1;;;;;1;2;;;
23/10/2015;07:56:00;123;sem vítima;101;BR-060/GO;Norte;Colisão Lateral;;;;1;;1;;;;;2;;;;
23/10/2015;21:11:00;641;com vítima;102;BR-060/GO;Sul;Queda de Moto;;;;1;;;;;;;0;1;;;
23/10/2015;12:42:00;292;sem vítima;636;BR-262/MG;Leste;Colisão Lateral;1;;1;;;;;;;;2;;;;
23/10/2015;23:24:00;699;com vítima;761,5;BR-262/MG;Oeste;Capotamento;1;;;;;;;;;;0;1;;;
23/10/2015;06:59:00;108;sem vítima;622,7;BR-153/GO;Norte;Colisão Traseira;;;;;;1;;;;1;2;;;;
23/10/2015;20:13:00;612;sem vítima;800;BR-262/MG;Oeste;Saida de Pista;1;;;;;;;;;;1;;;;
23/10/2015;00:33:00;11;sem vítima;648;BR-153/GO;Sul;Saida de Pista;1;;;;;;;;;;2;;;;
23/10/2015;17:53:00;509;sem vítima;128;BR-060/GO;Sul;Colisão Traseira;2;;;;;;;;;;2;;;;
23/10/2015;23:54:00;715;com vítima;245;BR-153/MG;Norte;Colisão Lateral;1;;;;;;;;;1;1;1;;;
24/10/2015;17:32:00;457;sem vítima;1,4;BR-060/DF;Sul;Capotamento;;;;;;;;;;1;1;;;;
24/10/2015;20:21:00;540;com vítima;372,5;BR-262/MG;Oeste;Colisão Transversal;2;;;;;;;;;;2;1;;;
24/10/2015;18:43:00;497;sem vítima;501;BR-153/GO;Sul;Capotamento;1;;;;;;;;;;1;;;;
24/10/2015;07:52:00;130;sem vítima;508;BR-153/GO;Norte;Colisão Traseira;1;;;1;;;;;;;2;;;;
24/10/2015;07:41:00;120;sem vítima;92;BR-060/GO;Norte;Saida de Pista;1;;;;;;;;;;1;;;;
24/10/2015;17:29:00;454;sem vítima;112,8;BR-153/MG;Sul;Saida de Pista;;;1;;;;;;;;1;;;;
24/10/2015;06:42:00;99;sem vítima;101;BR-060/GO;Norte;Colisão Lateral;1;;1;;;;;;;;2;;;;
24/10/2015;23:01:00;609;com vítima;565;BR-153/GO;Sul;Atropelamento - Andarilho;;;;;;;;;;1;1;;;;1
24/10/2015;19:49:00;527;sem vítima;172;BR-153/MG;Norte;Outros - sequências;;;;;;;;;;1;1;;;;
24/10/2015;23:49:00;627;sem vítima;119;BR-060/GO;Sul;Colisão Traseira;2;;;;;;;;;;2;;;;
24/10/2015;11:31:00;262;sem vítima;685;BR-153/GO;Norte;Colisão Traseira;2;;1;;;;;;;;3;;;;
24/10/2015;09:49:00;195;com vítima;242;BR-153/MG;Norte;Colisão Transversal;1;;;1;;;;;;;1;;;1;
24/10/2015;07:42:00;121;com vítima;245,7;BR-153/MG;Sul;Capotamento;1;;;;;;;;;;0;1;;;
25/10/2015;16:19:00;403;sem vítima;50,2;BR-060/GO;Norte;Saida de Pista;1;;;;;;;;;;1;;;;
25/10/2015;15:55:00;392;com vítima;38;BR-153/MG;Sul;Saida de Pista;1;;;;;;;;;;0;5;;;
25/10/2015;17:04:00;434;com vítima;430;BR-262/MG;Leste;Queda de Ciclista;;;;1;;1;;;;;1;2;;;
25/10/2015;06:41:00;109;com vítima;433;BR-262/MG;Leste;Saida de Pista;1;;;;;;;;;;1;1;;;
25/10/2015;08:58:00;157;com vítima;61;BR-060/GO;Norte;Colisão Lateral;1;;;1;;;;;;;1;2;;;
25/10/2015;05:30:00;97;sem vítima;505,3;BR-153/GO;Norte;Choque - Defensa, barreira ou "submarino";;;;;;;;;;1;1;;;;
25/10/2015;19:25:00;497;com vítima;96;BR-060/GO;Sul;Colisão Lateral;1;;;1;;;;;;;1;1;;;
25/10/2015;17:15:00;442;com vítima;563,8;BR-153/GO;Norte;Outros - sequências;1;;;;;;;;;;0;2;;1;
25/10/2015;17:45:00;455;com vítima;583;BR-153/GO;Norte;Saida de Pista;1;;;;;;;;;;0;1;;;
25/10/2015;17:07:00;436;com vítima;668,5;BR-262/MG;Oeste;Saida de Pista;1;;;;;1;;;;;1;1;;;
25/10/2015;18:06:00;466;com vítima;605;BR-153/GO;Norte;Saida de Pista;;;1;;;;;;;;0;1;1;;
25/10/2015;15:38:00;383;com vítima;126;BR-060/GO;Norte;Queda de Moto;;;;1;;;;;;;0;2;;;
25/10/2015;18:49:00;487;com vítima;800;BR-262/MG;Oeste;Saida de Pista;;;;1;;1;;;;;2;;1;;
25/10/2015;05:55:00;102;sem vítima;693;BR-153/GO;Norte;Saida de Pista;1;;;;;;;;;;1;;;;
25/10/2015;02:32:00;72;sem vítima;138;BR-060/GO;Norte;Saida de Pista;1;;;;;;;;;;1;;;;
26/10/2015;18:14:00;541;com vítima;493;BR-153/GO;Sul;Queda de Moto;1;;;1;;;;;;;1;1;;;
26/10/2015;21:43:00;650;sem vítima;493;BR-153/GO;Norte;Capotamento;1;;;;;;;;;;1;;;;
26/10/2015;07:24:00;111;com vítima;360;BR-262/MG;Leste;Saida de Pista;1;;;;;;;;;;0;3;;;
26/10/2015;08:19:00;151;com vítima;497;BR-153/GO;Norte;Colisão Traseira;2;;;;;;;;;;1;1;;;
26/10/2015;14:54:00;381;com vítima;417;BR-262/MG;Leste;Capotamento;1;;;;;;;;;;0;1;1;;
26/10/2015;15:07:00;388;com vítima;34,2;BR-153/MG;Sul;Queda de Moto;;;;1;;;;;;;0;1;;;
26/10/2015;00:26:00;11;sem vítima;441,5;BR-262/MG;Leste;Saida de Pista;1;;;;;;;;;;2;;;;
26/10/2015;17:54:00;510;sem vítima;508;BR-153/GO;Norte;Engavetamento;5;;;;;;;;;;5;;;;
26/10/2015;16:45:00;474;com vítima;508,5;BR-153/GO;Sul;Queda de Moto;;;;1;;;;;;;0;2;;;
26/10/2015;08:28:00;156;sem vítima;509;BR-153/GO;Norte;Colisão Traseira;2;;;;;;;;;;2;;;;
26/10/2015;20:41:00;610;com vítima;491;BR-262/MG;Oeste;Tombamento;;;1;;;;;;;;0;1;;;
26/10/2015;20:46:00;616;com vítima;529;BR-262/MG;Oeste;Outros - sequências;1;;;;;;;;;;0;1;;;