data;horario;n_da_ocorrencia;tipo_de_ocorrencia;km;trecho;sentido;tipo_de_acidente;automovel;bicicleta;caminhao;moto;onibus;outros;tracao_animal;transporte_de_cargas_especiais;trator_maquinas;utilitarios;ilesos;levemente_feridos;moderadamente_feridos;gravemente_feridos;mortos
10/11/2015;23:43:00;577;com vítima;10,5;BR-060/DF;Sul;Outros - sequências;1;;;;;;;;;;0;;1;;
10/11/2015;14:00:00;302;sem vítima;97;BR-060/GO;Sul;Capotamento;1;;;;;;;;;;1;;;;
10/11/2015;23:09:00;567;sem vítima;137;BR-060/GO;Norte;Outros - sequências;1;;;;;;;;;;2;;;;
11/11/2015;02:11:00;34;sem vítima;1,3;BR-060/DF;Sul;Colisão Traseira;1;;1;;;;;;;;2;;;;
11/11/2015;18:14:00;524;sem vítima;391,5;BR-262/MG;Oeste;Saida de Pista;1;;;;;;;;;;1;;;;
11/11/2015;16:53:00;463;sem vítima;407;BR-262/MG;Oeste;Colisão Traseira;;;1;;;1;;;;;2;;;;
11/11/2015;07:35:00;91;com vítima;57,9;BR-060/GO;Norte;Saida de Pista;;;;;;;;;;1;0;2;;;
11/11/2015;14:57:00;384;sem vítima;504;BR-153/GO;Norte;Colisão Traseira;1;;;;;1;;;;;2;;;;
11/11/2015;07:00:00;78;sem vítima;460;BR-262/MG;Oeste;Tombamento;;;1;;;;;;;;1;;;;
11/11/2015;12:14:00;302;com vítima;7,8;BR-060/DF;Sul;Capotamento;1;;;;;;;;;;2;1;;;
11/11/2015;12:49:00;318;sem vítima;9;BR-060/DF;Norte;Colisão Traseira;1;;;;1;;;;;;2;;;;
11/11/2015;15:28:00;404;sem vítima;523;BR-153/GO;Sul;Saida de Pista;1;;;;;;;;;;1;;;;
12/11/2015;21:37:00;755;sem vítima;361,1;BR-262/MG;Oeste;Capotamento;;;;;;;;;;1;1;;;;
12/11/2015;18:20:00;635;sem vítima;497;BR-153/GO;Sul;Colisão Traseira;1;;;;;1;;;;;2;;;;
12/11/2015;15:02:00;500;com vítima;378;BR-262/MG;Leste;Outros - sequências;1;;;;;;;;;;0;1;;;
12/11/2015;17:33:00;604;sem vítima;499;BR-153/GO;Sul;Engavetamento;4;;;1;;;;;;;5;;;;
12/11/2015;08:29:00;212;com vítima;425,5;BR-262/MG;Leste;Queda de Moto;;;;1;;;;;;;0;;1;;
12/11/2015;17:19:00;595;com vítima;464;BR-262/MG;Leste;Saida de Pista;;;1;;;;;;;;0;1;;;
12/11/2015;18:19:00;634;com vítima;516;BR-153/GO;Sul;Atropelamento - Morador;;;;1;;;;;;;0;;2;;
12/11/2015;21:57:00;761;sem vítima;559;BR-262/MG;Leste;Saida de Pista;;;1;;;;;;;;1;;;;
12/11/2015;15:44:00;541;sem vítima;117,2;BR-153/MG;Sul;Colisão Traseira;;;1;;;1;;;;;2;;;;
12/11/2015;22:42:00;776;com vítima;542;BR-153/GO;Sul;Outros - sequências;;;1;;;;;;;1;0;2;1;;
12/11/2015;05:55:00;116;com vítima;555;BR-153/GO;Sul;Atropelamento - Andarilho;;;;;;1;;;;;1;;;;1
12/11/2015;09:33:00;258;sem vítima;107;BR-060/GO;Sul;Colisão Traseira;;;2;;;;;;;;2;;;;
12/11/2015;21:19:00;743;sem vítima;755;BR-262/MG;Oeste;Tombamento;;;1;;;;;;;;1;;;;
12/11/2015;21:14:00;740;sem vítima;653;BR-153/GO;Sul;Colisão Lateral;1;;1;;;;;;;;2;;;;
12/11/2015;02:57:00;73;sem vítima;811;BR-262/MG;Leste;Choque - Defensa, barreira ou "submarino";1;;;;;;;;;;1;;;;
12/11/2015;15:45:00;542;sem vítima;831;BR-262/MG;Leste;Capotamento;1;;;;;;;;;;1;;;;
13/11/2015;05:12:00;66;com vítima;0;BR-153/MG;Sul;Colisão Traseira;;;2;;;;;;;;1;1;;;
13/11/2015;15:00:00;393;com vítima;353,5;BR-262/MG;Leste;Colisão Traseira;1;;1;;;;;;;;0;1;1;;
13/11/2015;15:35:00;416;sem vítima;0;BR-153/MG;Sul;Colisão Lateral;;;1;;;;;;;1;2;;;;
13/11/2015;18:36:00;528;sem vítima;500,8;BR-153/GO;Sul;Engavetamento;3;;;;;;;;;;3;;;;
13/11/2015;11:40:00;300;sem vítima;90;BR-153/MG;Sul;Tombamento;;;1;;;;;;;;1;;;;
13/11/2015;08:23:00;133;com vítima;514;BR-153/GO;Norte;Colisão Traseira;1;;;1;;;;;;;1;1;;;
13/11/2015;18:29:00;525;sem vítima;514;BR-153/GO;Norte;Colisão Lateral;2;;;;;;;;;;2;;;;
13/11/2015;14:22:00;378;com vítima;578;BR-262/MG;Leste;Outros - sequências;2;;1;;;;;;;1;0;3;;;2
13/11/2015;15:00:00;394;sem vítima;97;BR-060/GO;Norte;Colisão Traseira;;;1;;;;;;;1;2;;;;
13/11/2015;15:41:00;420;com vítima;582;BR-262/MG;Leste;Saida de Pista;;;;;;;;;;1;0;1;;;
13/11/2015;14:08:00;371;com vítima;583;BR-262/MG;Leste;Saida de Pista;1;;;;;;;;;;0;1;;;
13/11/2015;18:32:00;526;sem vítima;587;BR-262/MG;Leste;Saida de Pista;1;;;;;;;;;;1;;;;
13/11/2015;00:47:00;10;com vítima;573,3;BR-153/GO;Norte;Outros - sequências;1;;;;;;;;;;0;1;;;
13/11/2015;18:21:00;521;sem vítima;592;BR-262/MG;Oeste;Saida de Pista;1;;;;;;;;;;1;;;;
13/11/2015;20:29:00;594;sem vítima;592;BR-262/MG;Leste;Saida de Pista;1;;;;;;;;;;1;;;;
13/11/2015;18:09:00;509;com vítima;595;BR-262/MG;Leste;Saida de Pista;1;;;;;;;;;;0;2;;;
13/11/2015;16:05:00;432;com vítima;631;BR-262/MG;Leste;Colisão Lateral;;;1;1;;;;;;;1;2;;;
13/11/2015;12:20:00;315;sem vítima;615;BR-153/GO;Norte;Saida de Pista;1;;1;;;;;;;;2;;;;
13/11/2015;22:20:00;659;com vítima;234,5;BR-153/MG;Sul;Outros - sequências;1;;;;;;;;;;0;;1;;
14/11/2015;21:34:00;647;com vítima;3;BR-153/MG;Sul;Queda de Moto;;;;1;;;;;;;0;;1;;
14/11/2015;16:58:00;518;sem vítima;494;BR-153/GO;Sul;Outros - sequências;1;;;;;;;;;;1;;;;
14/11/2015;18:06:00;562;sem vítima;498;BR-153/GO;Norte;Saida de Pista;;;1;;;;;;;;1;;;;
14/11/2015;17:55:00;556;com vítima;39;BR-060/GO;Norte;Saida de Pista;1;;;;;;;;;;0;;1;;
14/11/2015;18:49:00;590;sem vítima;41,9;BR-060/GO;Sul;Saida de Pista;1;;;;;;;;;;1;;;;
14/11/2015;01:45:00;41;sem vítima;403;BR-262/MG;Leste;Atropelamento - Animal;1;;;;;;;;;;1;;;;
14/11/2015;18:43:00;587;com vítima;48;BR-060/GO;Sul;Saida de Pista;;;;;;;;;;1;1;;1;;
14/11/2015;00:13:00;6;sem vítima;38;BR-153/MG;Sul;Saida de Pista;1;;;;;;;;;;1;;;;
14/11/2015;12:25:00;336;com vítima;505;BR-153/GO;Sul;;;;;1;;;;;;;1;1;;;
14/11/2015;15:58:00;472;sem vítima;513;BR-153/GO;Sul;Outros - sequências;;;1;;1;;;;;;2;;;;
14/11/2015;19:26:00;599;sem vítima;94;BR-060/GO;Norte;Colisão Traseira;2;;;;;;;;;;2;;;;
14/11/2015;22:57:00;678;sem vítima;108;BR-153/MG;Sul;Saida de Pista;1;;;;;;;;;;1;;;;
14/11/2015;14:41:00;409;sem vítima;95;BR-060/GO;Sul;Colisão Lateral;2;;;;;;;;;;2;;;;
14/11/2015;06:37:00;81;com vítima;586;BR-262/MG;Oeste;Saida de Pista;1;;;;;;;;;;0;1;;;
14/11/2015;06:27:00;78;sem vítima;560;BR-153/GO;Norte;Choque - Suporte de Sinalização;1;;;;;;;;;;1;;;;
14/11/2015;19:36:00;601;com vítima;115;BR-060/GO;Sul;Outros - sequências;2;;;;;;;;;;0;2;;;
14/11/2015;16:10:00;484;sem vítima;652;BR-153/GO;Sul;Colisão Traseira;;;2;;;;;;;;2;;;;
14/11/2015;12:43:00;348;com vítima;243;BR-153/MG;Sul;Colisão Transversal;1;;1;;;;;;;;1;3;;;
14/11/2015;12:39:00;347;com vítima;136;BR-060/GO;Sul;Queda de Moto;;;;1;;;;;;;0;;1;;
15/11/2015;09:48:00;178;com vítima;15;BR-153/MG;Sul;Saida de Pista;1;;;;;;;;;;1;1;1;;
15/11/2015;15:10:00;343;sem vítima;39;BR-060/GO;Norte;Outros - sequências;;;;;;;;;;1;1;;;;
15/11/2015;17:33:00;416;com vítima;419,5;BR-262/MG;Leste;Queda de Moto;;;;1;;;;;;;0;1;1;;
15/11/2015;02:58:00;45;com vítima;432;BR-262/MG;Oeste;Outros - sequências;1;;;;;;;;;;0;2;;;
15/11/2015;01:44:00;30;sem vítima;65;BR-060/GO;Sul;Saida de Pista;1;;;;;;;;;;1;;;;
15/11/2015;16:00:00;362;com vítima;505,6;BR-153/GO;Norte;Colisão Traseira;2;;;;;;;;;;1;1;;;
15/11/2015;02:13:00;37;com vítima;447;BR-262/MG;Leste;Outros - sequências;;;2;;;;;;;;1;;;;1
15/11/2015;09:49:00;179;com vítima;554;BR-262/MG;Oeste;Saida de Pista;;;1;;;;;;;;0;;1;;
15/11/2015;12:09:00;258;com vítima;116;BR-153/MG;Norte;Capotamento;;;1;;;;;;;;0;;;;1
15/11/2015;08:11:00;116;com vítima;582;BR-262/MG;Leste;Capotamento;;;;;;;;;;1;0;;1;;2
15/11/2015;09:59:00;187;sem vítima;583;BR-262/MG;Oeste;Saida de Pista;1;;;;;;;;;;1;;;;
15/11/2015;08:55:00;152;sem vítima;587;BR-262/MG;Oeste;Saida de Pista;;;1;;;;;;;;1;;;;
15/11/2015;20:56:00;522;sem vítima;107;BR-060/GO;Norte;Colisão Traseira;;;2;;;;;;;;2;;;;
15/11/2015;07:55:00;103;sem vítima;597;BR-262/MG;Leste;Saida de Pista;1;;;;;;;;;;1;;;;
15/11/2015;12:53:00;283;sem vítima;761;BR-262/MG;Leste;Saida de Pista;1;;;;;;;;;;1;;;;
15/11/2015;10:24:00;201;com vítima;638;BR-153/GO;Norte;Saida de Pista;1;;;;;;;;;;1;1;;;
15/11/2015;05:50:00;71;com vítima;802;BR-262/MG;Leste;Queda de Moto;;;;1;;;;;;;0;;1;;
15/11/2015;19:36:00;481;sem vítima;133;BR-060/GO;Sul;Capotamento;;;1;;;;;;;;1;;;;
16/11/2015;17:30:00;445;com vítima;493;BR-153/GO;Norte;Colisão Traseira;1;;;1;;;;;;;1;1;;;
16/11/2015;11:45:00;273;com vítima;364;BR-262/MG;Leste;Saida de Pista;1;;;;;;;;;;0;1;;;
16/11/2015;22:13:00;565;com vítima;382;BR-262/MG;Oeste;Saida de Pista;1;;;;;;;;;;0;1;;;
16/11/2015;22:20:00;567;com vítima;382;BR-262/MG;Leste;;1;;;;;;;;;;0;1;;;
16/11/2015;16:20:00;404;sem vítima;382,2;BR-262/MG;Oeste;Saida de Pista;1;;;;;;;;;;1;;;;
16/11/2015;13:58:00;333;com vítima;39;BR-060/GO;Norte;Queda de Moto;;;;1;;;;;;;0;1;;;
16/11/2015;07:48:00;109;sem vítima;500;BR-153/GO;Sul;Colisão Traseira;3;;;;;;;;;;3;;;;
16/11/2015;08:12:00;122;sem vítima;398;BR-262/MG;Oeste;Saida de Pista;;;1;;;;;;;;1;;;;
16/11/2015;21:24:00;548;sem vítima;58,4;BR-060/GO;Norte;Outros - sequências;;;;;;;;;;1;1;;;;
16/11/2015;16:50:00;420;sem vítima;505;BR-153/GO;Norte;Colisão Traseira;2;;;;;;;;;;2;;;;
16/11/2015;12:08:00;280;com vítima;491;BR-262/MG;Leste;Colisão Traseira;1;;1;;;;;;;;0;3;;;
16/11/2015;13:00:00;302;com vítima;92;BR-060/GO;Norte;Queda de Ciclista;;1;;;;;;;;;0;1;;;
16/11/2015;23:44:00;603;com vítima;523;BR-262/MG;Oeste;Saida de Pista;1;;;;;;;;;;0;1;;;
16/11/2015;18:34:00;473;com vítima;93;BR-060/GO;Sul;Atropelamento - Morador;1;;;;;;;;;;1;;1;;
16/11/2015;18:30:00;470;sem vítima;96,8;BR-060/GO;Norte;Colisão Traseira;;;;1;;1;;;;;2;;;;
16/11/2015;17:37:00;451;com vítima;139;BR-153/MG;Sul;Colisão Traseira;1;;2;;;;;;;;0;3;;;
16/11/2015;11:26:00;260;sem vítima;592;BR-262/MG;Leste;Colisão Traseira;1;;1;;;;;;;;2;;;;
16/11/2015;11:37:00;269;com vítima;592;BR-262/MG;Leste;Saida de Pista;1;;;;;;;;;;0;1;;;
16/11/2015;15:35:00;374;sem vítima;600;BR-262/MG;Leste;Colisão Traseira;1;;1;;;;;;;;2;;;;
16/11/2015;20:41:00;531;sem vítima;631;BR-262/MG;Leste;Saida de Pista;1;;;;;;;;;;1;;;;
16/11/2015;13:41:00;325;sem vítima;591;BR-153/GO;Sul;Colisão Lateral;2;;;;;;;;;;3;;;;
16/11/2015;00:52:00;18;com vítima;597,1;BR-153/GO;Sul;Saida de Pista;;;1;;;;;;;;0;2;;;
16/11/2015;05:49:00;68;com vítima;785;BR-262/MG;Oeste;Colisão Traseira;2;;1;;;;;;;;0;3;2;1;1
16/11/2015;15:33:00;378;sem vítima;815;BR-262/MG;Leste;;1;;;;;;;;;;1;;;;
16/11/2015;21:41:00;555;com vítima;866;BR-262/MG;Leste;Saida de Pista;1;;;;;;;;;;0;1;;;
16/11/2015;13:58:00;332;com vítima;698;BR-153/GO;Sul;Outros - sequências;1;;1;;;;;;;1;1;2;;;
17/11/2015;17:04:00;555;com vítima;356;BR-262/MG;Leste;Outros - sequências;1;;;;;;;;;;0;1;1;;
17/11/2015;07:12:00;118;com vítima;358;BR-262/MG;Leste;Saida de Pista;1;;;;;;;;;;0;1;;;
17/11/2015;21:28:00;687;sem vítima;496,5;BR-153/GO;Norte;Outros - sequências;1;;;;;;;;;;1;;;;
17/11/2015;14:05:00;439;com vítima;382;BR-262/MG;Oeste;Queda de Moto;;;;1;;;;;;;0;1;;;
17/11/2015;11:37:00;347;sem vítima;385;BR-262/MG;Oeste;Saida de Pista;1;;;;;;;;;;1;;;;
17/11/2015;10:55:00;308;sem vítima;388;BR-262/MG;Leste;Saida de Pista;;;;;;;;;;1;1;;;;
17/11/2015;10:51:00;301;sem vítima;500,1;BR-153/GO;Sul;Colisão Traseira;2;;;;;;;;;;2;;;;
17/11/2015;03:07:00;58;com vítima;423;BR-262/MG;Leste;Saida de Pista;1;;;;;;;;;;3;4;;;
17/11/2015;14:05:00;440;sem vítima;428,5;BR-262/MG;Leste;Saida de Pista;1;;;;;;;;;;1;;;;
17/11/2015;17:35:00;581;com vítima;450;BR-262/MG;Oeste;Queda de Ciclista;;;;1;;;;;;;0;1;;;
17/11/2015;12:37:00;378;com vítima;466;BR-262/MG;Leste;Saida de Pista;;;1;;;;;;;;0;;1;;
17/11/2015;15:59:00;508;com vítima;78;BR-153/MG;Norte;Choque - Defensa, barreira ou "submarino";;;1;;;;;;;;0;1;;;
17/11/2015;06:46:00;108;com vítima;555;BR-262/MG;Oeste;Saida de Pista;1;;;;;;;;;;0;1;;;
17/11/2015;15:57:00;506;com vítima;132;BR-153/MG;Sul;Colisão Lateral;1;;1;;;;;;;;0;3;;;
17/11/2015;15:58:00;507;sem vítima;19;BR-060/DF;Norte;Outros - sequências;;;;;;;;;;1;1;;;;
17/11/2015;23:37:00;723;com vítima;751;BR-262/MG;Leste;Saida de Pista;;;1;;;;;;;;0;1;;;
17/11/2015;23:48:00;727;sem vítima;811,7;BR-262/MG;Leste;Saida de Pista;1;;;;;;;;;;1;;;;
17/11/2015;14:56:00;466;sem vítima;137;BR-060/GO;Norte;Colisão Traseira;;;2;;;;;;;;2;;;;
17/11/2015;07:51:00;143;sem vítima;31;BR-060/DF;Sul;Saida de Pista;1;;;;;;;;;;1;;;;
18/11/2015;07:24:00;77;sem vítima;385;BR-262/MG;Leste;Saida de Pista;1;;;;;;;;;;1;;;;
18/11/2015;16:07:00;412;com vítima;43,9;BR-060/GO;Norte;Saida de Pista;1;;;;;;;;;;0;1;;;
18/11/2015;21:41:00;583;com vítima;46;BR-060/GO;Norte;Colisão Frontal;1;;1;;;;;;;;1;2;1;1;
18/11/2015;20:23:00;555;sem vítima;50;BR-060/GO;Norte;Colisão Transversal;1;;;;;1;;;;;2;;;;
18/11/2015;08:17:00;108;com vítima;428;BR-262/MG;Leste;Capotamento;1;;;;;;;;;;0;1;;;
18/11/2015;05:20:00;41;sem vítima;51;BR-060/GO;Sul;Saida de Pista;1;;;;;;;;;;2;;;;
18/11/2015;03:33:00;32;com vítima;481;BR-262/MG;Leste;Outros - sequências;;;;;1;;;;;;0;2;;;
18/11/2015;09:03:00;144;sem vítima;80;BR-153/MG;Norte;Colisão Lateral;;;2;;;;;;;;2;;;;
18/11/2015;16:38:00;436;sem vítima;578;BR-262/MG;Leste;Capotamento;;;;;;;;;;1;1;;;;
18/11/2015;15:43:00;392;sem vítima;139;BR-153/MG;Sul;Colisão Traseira;;;2;;;;;;;;2;;;;
18/11/2015;13:27:00;303;com vítima;99;BR-060/GO;Sul;Queda de Moto;;;;1;;;;;;;0;2;;;
18/11/2015;18:49:00;518;com vítima;557;BR-153/GO;Norte;Capotamento;;;;;;;;;;1;0;1;;;
18/11/2015;07:05:00;66;sem vítima;19;BR-060/DF;Sul;Saida de Pista;1;;;;;;;;;;1;;;;
18/11/2015;15:47:00;396;sem vítima;21,5;BR-060/DF;Norte;Soterramento;;;;;;;;;;1;1;;;;
18/11/2015;16:05:00;410;sem vítima;22,9;BR-060/DF;Norte;Saida de Pista;1;;;;;;;;;;1;;;;
18/11/2015;04:42:00;39;com vítima;595;BR-262/MG;Leste;Saida de Pista;;;1;;;;;;;;0;1;;;
18/11/2015;10:53:00;219;sem vítima;660;BR-153/GO;Sul;Colisão Lateral;;;2;;;;;;;;2;;;;
18/11/2015;00:25:00;3;com vítima;137;BR-060/GO;Sul;Colisão Traseira;;;2;;;;;;;;1;;1;;
19/11/2015;08:02:00;116;com vítima;494;BR-153/GO;Sul;Colisão Traseira;1;;;1;;;;;;;1;1;;;
19/11/2015;18:21:00;511;sem vítima;363;BR-262/MG;Leste;Capotamento;1;;;;;;;;;;1;;;;
19/11/2015;19:02:00;539;com vítima;369;BR-262/MG;Oeste;Saida de Pista;1;;;;;;;;;;0;1;;;
19/11/2015;07:48:00;110;sem vítima;373;BR-262/MG;Oeste;Colisão Traseira;2;;;;;;;;;;2;;;;
19/11/2015;12:53:00;300;com vítima;417;BR-262/MG;Leste;Colisão Traseira;;;;1;;;;;;1;1;;;1;
19/11/2015;14:47:00;375;sem vítima;48;BR-060/GO;Sul;Capotamento;1;;;;;;;;;;1;;;;
19/11/2015;07:26:00;97;sem vítima;434;BR-262/MG;Leste;Saida de Pista;;;1;;;;;;;;1;;;;
19/11/2015;18:23:00;513;sem vítima;505,8;BR-153/GO;Sul;Engavetamento;3;;;;;1;;;;;4;;;;
19/11/2015;06:31:00;71;sem vítima;512;BR-262/MG;Leste;Saida de Pista;1;;;;;;;;;;2;;;;
19/11/2015;12:33:00;291;com vítima;512;BR-153/GO;Sul;Colisão Traseira;2;;;;;;;;;;1;3;;;
19/11/2015;16:52:00;464;sem vítima;583;BR-262/MG;Leste;Saida de Pista;2;;;;;;;;;;2;;;;
19/11/2015;11:13:00;256;sem vítima;101,4;BR-060/GO;Sul;Colisão Lateral;2;;;;;;;;;;2;;;;
19/11/2015;20:01:00;568;com vítima;593;BR-262/MG;Leste;Capotamento;1;;;;;;;;;;0;2;;;
19/11/2015;00:23:00;3;sem vítima;577;BR-153/GO;Sul;Tombamento;;;1;;;;;;;;1;;;;
19/11/2015;13:27:00;314;sem vítima;659,7;BR-262/MG;Leste;Colisão Traseira;2;;;;;;;;;;3;;;;
19/11/2015;15:02:00;388;sem vítima;116;BR-060/GO;Sul;Tombamento;;;1;;;;;;;;1;;;;
19/11/2015;06:47:00;80;sem vítima;602;BR-153/GO;Sul;;;;;1;;;;;;;1;;;;
19/11/2015;12:08:00;283;com vítima;232;BR-153/MG;Norte;Engavetamento;;;3;;;;;;;1;0;5;;;
19/11/2015;08:28:00;132;sem vítima;137,8;BR-060/GO;Sul;Colisão Lateral;;;2;;;;;;;;2;;;;
20/11/2015;15:32:00;410;com vítima;12;BR-060/GO;Norte;Colisão Traseira;;;1;1;;;;;;;1;;;1;
20/11/2015;15:15:00;401;com vítima;373;BR-262/MG;Oeste;Colisão Lateral;1;;1;;;;;;;;2;1;;;
20/11/2015;13:33:00;343;sem vítima;499;BR-153/GO;Norte;Choque - Defensa, barreira ou "submarino";1;;;;;;;;;;1;;;;
20/11/2015;11:15:00;270;com vítima;411;BR-262/MG;Oeste;Saida de Pista;1;;;;;;;;;;0;1;;;
20/11/2015;14:58:00;387;com vítima;38,7;BR-153/MG;Norte;Outros - sequências;1;;;;;;;;;;0;1;;;
20/11/2015;15:19:00;404;com vítima;450;BR-262/MG;Oeste;Saida de Pista;1;;;;;;;;;;0;1;;;
20/11/2015;06:35:00;114;com vítima;463,5;BR-262/MG;Oeste;Saida de Pista;1;;;;;1;;;;;1;1;;;
20/11/2015;14:51:00;382;com vítima;468;BR-262/MG;Oeste;Saida de Pista;1;;;;;;;;;;0;;1;;
20/11/2015;20:08:00;560;com vítima;469;BR-262/MG;Leste;Colisão Traseira;2;;;;;;;;;;0;7;;;
20/11/2015;18:32:00;495;com vítima;509;BR-153/GO;Sul;Queda de Moto;;;;1;;;;;;;0;;1;;
20/11/2015;17:33:00;467;sem vítima;514;BR-153/GO;Norte;Colisão Transversal;1;;;;;1;;;;;2;;;;
20/11/2015;02:11:00;57;sem vítima;553;BR-262/MG;Leste;Tombamento;;;1;;;1;;;;;2;;;;
20/11/2015;16:07:00;426;sem vítima;568;BR-262/MG;Leste;Saida de Pista;;;1;;;;;;;;1;;;;
20/11/2015;13:45:00;349;com vítima;574;BR-262/MG;Leste;Capotamento;1;;;;;;;;;;0;1;;;
20/11/2015;15:13:00;399;sem vítima;584;BR-262/MG;Leste;Saida de Pista;1;;;;;;;;;;1;;;;
20/11/2015;14:14:00;363;sem vítima;100;BR-060/GO;Norte;Colisão Lateral;2;;;;;;;;;;2;;;;
20/11/2015;19:37:00;540;com vítima;558;BR-153/GO;Norte;Saida de Pista;;;;;;;;;;1;0;2;;;
20/11/2015;09:49:00;220;com vítima;650;BR-262/MG;Oeste;Capotamento;;;;;;;;;;1;0;3;;;
21/11/2015;22:49:00;600;com vítima;2;BR-153/MG;Norte;Tombamento;;;2;;;;;;;;1;1;;;
21/11/2015;17:20:00;476;sem vítima;16,5;BR-060/GO;Norte;Colisão Traseira;1;;;;;;;;;;1;;;;
21/11/2015;09:10:00;191;sem vítima;19;BR-060/GO;Sul;Saida de Pista;1;;;;;1;;;;;2;;;;
21/11/2015;09:42:00;207;com vítima;368;BR-262/MG;Leste;Saida de Pista;;;1;;;;;;;;0;1;;;
21/11/2015;12:37:00;326;sem vítima;397;BR-262/MG;Oeste;Saida de Pista;1;;;;;;;;;;1;;;;
21/11/2015;20:04:00;551;sem vítima;502;BR-153/GO;Sul;;1;;;;;;;;;;1;;;;
21/11/2015;14:22:00;380;com vítima;506;BR-153/GO;Sul;Colisão Traseira;1;;;1;;;;;;;1;;1;;
21/11/2015;01:02:00;25;sem vítima;539;BR-262/MG;Leste;Outros - sequências;1;;;;;;;;;;1;;;;
21/11/2015;21:54:00;586;com vítima;236;BR-153/MG;Sul;Colisão Traseira;2;;;;;;;;;;1;1;;;
22/11/2015;08:10:00;119;sem vítima;366,95;BR-262/MG;Leste;Saida de Pista;1;;;;;;;;;;1;;;;
22/11/2015;18:54:00;465;com vítima;380;BR-262/MG;Leste;Saida de Pista;1;;;;;;;;;;0;1;;;
22/11/2015;14:32:00;323;com vítima;382;BR-262/MG;Oeste;Queda de Moto;;;;1;;;;;;;0;1;;;
22/11/2015;08:54:00;145;sem vítima;3;BR-060/DF;Sul;Colisão Transversal;1;;;1;;;;;;;2;;;;
22/11/2015;22:16:00;542;com vítima;3;BR-060/DF;Sul;Colisão Traseira;1;;;1;;;;;;;0;4;;;
22/11/2015;19:24:00;476;com vítima;503;BR-153/GO;Norte;Colisão Traseira;1;;;1;;;;;;;1;2;;;
22/11/2015;20:52:00;515;sem vítima;66,8;BR-060/GO;Sul;Atropelamento - Animal;1;;;;;;;;;;1;;;;
22/11/2015;12:15:00;254;com vítima;506,7;BR-153/GO;Sul;Colisão Traseira;1;;;;1;;;;;;1;1;;;
22/11/2015;12:08:00;250;com vítima;111;BR-060/GO;Norte;Saida de Pista;1;;;;;;;;;;0;1;;;
22/11/2015;07:07:00;93;sem vítima;26;BR-060/DF;Sul;Saida de Pista;1;;;;;;;;;;1;;;;
22/11/2015;02:06:00;35;com vítima;618;BR-262/MG;Leste;Outros - sequências;1;;;;;;;;;;0;1;;1;
22/11/2015;08:10:00;122;com vítima;587,1;BR-153/GO;Sul;Saida de Pista;2;;;;;;;;;;0;2;;;
22/11/2015;08:03:00;115;com vítima;593;BR-153/GO;Norte;Saida de Pista;1;;;;;;;;;;0;1;;;
22/11/2015;09:56:00;170;com vítima;672;BR-262/MG;Oeste;Queda de Ciclista;;1;;;;;;;;;0;;;1;
22/11/2015;03:58:00;56;sem vítima;659;BR-153/GO;Norte;Saida de Pista;1;;;;;;;;;;1;;;;
23/11/2015;10:59:00;247;sem vítima;2;BR-060/DF;Norte;Colisão Traseira;2;;;;;;;;;;2;;;;
23/11/2015;12:21:00;291;sem vítima;367;BR-262/MG;Leste;;1;;;;;;;;;;1;;;;
23/11/2015;20:41:00;572;com vítima;377;BR-262/MG;Leste;Atropelamento - Usuário;1;;;;;;;;;;1;;;1;
23/11/2015;13:31:00;312;com vítima;382;BR-262/MG;Leste;Saida de Pista;1;;;;;;;;;;1;1;;;
23/11/2015;05:38:00;58;sem vítima;408;BR-262/MG;Leste;Saida de Pista;1;;;;;1;;;;;3;;;;
23/11/2015;09:00:00;156;com vítima;433,7;BR-262/MG;Leste;Saida de Pista;1;;;;;;;;;;0;;1;;
23/11/2015;22:22:00;606;com vítima;471;BR-262/MG;Oeste;Tombamento;;;1;;;;;;;;0;1;;;
23/11/2015;20:39:00;571;sem vítima;519;BR-262/MG;Leste;Saida de Pista;1;;;;;;;;;;1;;;;
23/11/2015;15:13:00;370;com vítima;545;BR-262/MG;Oeste;Outros - sequências;;;;;;1;;;;1;1;2;;;
23/11/2015;12:32:00;293;com vítima;549;BR-262/MG;Leste;Saida de Pista;;;1;;;;;;;;0;1;;;
23/11/2015;23:12:00;625;sem vítima;517;BR-153/GO;Sul;Saida de Pista;1;;;;;1;;;;;2;;;;
23/11/2015;06:31:00;80;sem vítima;97;BR-060/GO;Norte;Colisão Traseira;1;;;;1;;;;;;2;;;;
23/11/2015;16:09:00;411;com vítima;583;BR-262/MG;Oeste;Saida de Pista;1;;;;;;;;;;0;1;;;
23/11/2015;15:45:00;389;com vítima;597;BR-262/MG;Oeste;Outros - sequências;1;;;;;;;;;;0;1;;;
23/11/2015;16:47:00;439;sem vítima;608;BR-262/MG;Oeste;Outros - sequências;;;1;;;;;;;;1;;;;
23/11/2015;17:03:00;450;sem vítima;615;BR-262/MG;Leste;Saida de Pista;1;;;;;;;;;;1;;;;
23/11/2015;17:53:00;472;sem vítima;648;BR-262/MG;Oeste;Saida de Pista;1;;;;;;;;;;1;;;;
23/11/2015;20:55:00;575;com vítima;245;BR-153/MG;Norte;Colisão Lateral;2;;;;;;;;;;1;1;;;
24/11/2015;15:39:00;394;com vítima;490,4;BR-153/GO;Norte;Tombamento;;;1;;;;;;;;0;2;;;
24/11/2015;14:28:00;356;sem vítima;2;BR-060/DF;Sul;Colisão Lateral;1;;1;;;;;;;;2;;;;
24/11/2015;20:53:00;537;sem vítima;382;BR-262/MG;Oeste;Saida de Pista;1;;;;;;;;;;2;;;;