data;horario;n_da_ocorrencia;tipo_de_ocorrencia;km;trecho;sentido;tipo_de_acidente;automovel;bicicleta;caminhao;moto;onibus;outros;tracao_animal;transporte_de_cargas_especiais;trator_maquinas;utilitarios;ilesos;levemente_feridos;moderadamente_feridos;gravemente_feridos;mortos
20/12/2015;18:59:00;422;com vítima;386;BR-262/MG;Oeste;Colisão Traseira;2;;;;;;;;;;0;2;;;
20/12/2015;19:09:00;426;com vítima;386;BR-262/MG;Oeste;Capotamento;1;;;;;;;;;;0;2;1;;
20/12/2015;18:22:00;405;sem vítima;33,8;BR-060/GO;Sul;Colisão Traseira;1;;;;;;;;;1;2;;;;
20/12/2015;17:00:00;368;com vítima;403,8;BR-262/MG;Leste;Queda de Moto;;;;1;;;;;;;0;;1;;1
20/12/2015;23:18:00;525;com vítima;502,8;BR-153/GO;Sul;Colisão Traseira;;;;1;;1;;;;;1;1;1;;
20/12/2015;02:43:00;26;com vítima;434;BR-262/MG;Leste;Capotamento;1;;;;;;;;;;0;2;;;
20/12/2015;22:01:00;503;com vítima;458;BR-262/MG;Leste;Atropelamento - Usuário;1;;;;;;1;;;;1;;;1;
20/12/2015;07:47:00;80;sem vítima;6,4;BR-060/DF;Sul;Saida de Pista;;;;;;1;;;;;1;;;;
20/12/2015;16:33:00;357;com vítima;89;BR-060/GO;Sul;Capotamento;;;;;;;;;;1;0;1;;;
20/12/2015;16:13:00;342;sem vítima;92;BR-060/GO;Norte;Colisão Traseira;1;;;;;1;;;;;2;;;;
20/12/2015;17:55:00;390;sem vítima;104;BR-153/MG;Sul;Saida de Pista;1;;;;;;;;;;1;;;;
20/12/2015;22:42:00;517;sem vítima;549;BR-262/MG;Leste;Tombamento;;;1;;;1;;;;;2;;;;
20/12/2015;12:54:00;241;sem vítima;552;BR-262/MG;Oeste;Tombamento;;;1;;;;;;;;1;;;;
20/12/2015;15:44:00;323;sem vítima;96;BR-060/GO;Sul;Saida de Pista;1;;;;;;;;;;1;;;;
20/12/2015;19:58:00;450;sem vítima;96;BR-060/GO;Sul;Saida de Pista;1;;;;;;;;;;1;;;;
20/12/2015;23:06:00;522;sem vítima;583;BR-262/MG;Leste;Saida de Pista;1;;;;;;;;;;1;;;;
20/12/2015;07:48:00;81;sem vítima;549;BR-153/GO;Sul;Saida de Pista;1;;;;;;;;;;2;;;;
20/12/2015;12:31:00;229;sem vítima;19;BR-060/DF;Norte;Saida de Pista;1;;;;;;;;;;1;;;;
20/12/2015;11:22:00;204;com vítima;597;BR-262/MG;Leste;Capotamento;;;;;;;;;;1;0;1;;;
20/12/2015;11:32:00;207;com vítima;611;BR-262/MG;Oeste;Colisão Traseira;1;;;;;;;;;1;0;3;;;
20/12/2015;15:34:00;316;com vítima;667;BR-262/MG;Oeste;Saida de Pista;1;;;;;;;;;;0;2;;;
20/12/2015;16:23:00;350;com vítima;673,8;BR-262/MG;Leste;Colisão Frontal;2;;;;;;;;;;0;;1;2;2
20/12/2015;18:02:00;394;com vítima;782;BR-262/MG;Leste;Queda de Moto;;;;1;;1;;;;;1;;2;;
20/12/2015;13:48:00;274;com vítima;227,9;BR-153/MG;Norte;Outros - sequências;;;3;;;;;;;;1;2;;;
20/12/2015;21:38:00;495;com vítima;817,7;BR-262/MG;Leste;Colisão Traseira;1;;;1;;;;;;;1;1;;1;
20/12/2015;14:01:00;281;sem vítima;667;BR-153/GO;Norte;Saida de Pista;1;;;;;;;;;;3;;;;
20/12/2015;22:09:00;507;com vítima;698;BR-153/GO;Norte;Outros - sequências;1;;;;;;;;;;0;2;;;
20/12/2015;04:49:00;39;com vítima;703;BR-153/GO;Sul;Colisão Traseira;1;;;;;;;;;1;0;;3;;
21/12/2015;09:26:00;165;com vítima;491;BR-153/GO;Norte;Queda de Moto;;;;1;;;;;;;0;1;;;
21/12/2015;18:22:00;459;com vítima;364;BR-262/MG;Leste;Queda de Moto;;;;1;;;;;;;0;2;;;
21/12/2015;10:44:00;223;com vítima;403;BR-262/MG;Oeste;Tombamento;;;1;;;;;;;;0;1;;;
21/12/2015;20:27:00;513;com vítima;30;BR-153/MG;Sul;Capotamento;1;;;;;;;;;;0;3;;;
21/12/2015;21:00:00;526;sem vítima;420;BR-262/MG;Oeste;Saida de Pista;1;;;;;;;;;;1;;;;
21/12/2015;18:06:00;448;sem vítima;50;BR-153/MG;Sul;Saida de Pista;1;;;;;;;;;;1;;;;
21/12/2015;22:41:00;561;sem vítima;506;BR-153/GO;Sul;Capotamento;1;;;;;;;;;;1;;;;
21/12/2015;18:22:00;458;com vítima;509;BR-153/GO;Norte;Colisão Traseira;;;;1;1;;;;;;1;1;;;
21/12/2015;18:52:00;474;sem vítima;92;BR-060/GO;Sul;Colisão Traseira;2;;;;;;;;;;2;;;;
21/12/2015;16:50:00;402;com vítima;564;BR-153/GO;Norte;Saida de Pista;1;;;;;;;;;;1;1;;;
21/12/2015;07:30:00;77;sem vítima;107;BR-060/GO;Sul;Colisão Traseira;1;;1;;;;;;;;2;;;;
21/12/2015;03:08:00;27;sem vítima;590;BR-262/MG;Leste;Saida de Pista;1;;;;;;;;;;1;;;;
21/12/2015;05:09:00;36;com vítima;623;BR-153/GO;Sul;Saida de Pista;1;;;;;;;;;;0;2;1;;
21/12/2015;18:00:00;445;com vítima;228;BR-153/MG;Norte;Queda de Ciclista;;;;1;;;;;;;0;1;;;
21/12/2015;17:31:00;430;com vítima;661;BR-153/GO;Sul;Colisão Traseira;1;;;;;;;;;1;1;2;;;
22/12/2015;21:43:00;566;sem vítima;356;BR-262/MG;Leste;;;;1;;;;;;;;1;;;;
22/12/2015;21:18:00;557;com vítima;356,2;BR-262/MG;Oeste;Colisão Traseira;;;2;;;;;;;;1;1;;;
22/12/2015;19:19:00;497;com vítima;493;BR-153/GO;Sul;Queda de Moto;;;;1;;;;;;;1;;1;;
22/12/2015;20:03:00;518;com vítima;363;BR-262/MG;Leste;Atropelamento - Usuário;1;;;;;;;;;;1;;1;;
22/12/2015;12:02:00;266;sem vítima;375;BR-262/MG;Leste;Saida de Pista;1;;;;;;;;;;1;;;;
22/12/2015;16:45:00;413;sem vítima;432,5;BR-262/MG;Leste;Saida de Pista;1;;;;;;;;;;1;;;;
22/12/2015;20:37:00;545;com vítima;57;BR-060/GO;Sul;Saida de Pista;1;;;;;;;;;;0;2;;;
22/12/2015;03:20:00;39;com vítima;440;BR-262/MG;Leste;Outros - sequências;1;;;;;;;;;;0;;;1;
22/12/2015;02:17:00;30;com vítima;505,4;BR-153/GO;Sul;Outros - sequências;;;;1;;;;;;;0;;;;1
22/12/2015;21:03:00;552;com vítima;463,7;BR-262/MG;Leste;Queda de Moto;;;;1;;;;;;;0;1;;;
22/12/2015;06:54:00;68;com vítima;80;BR-153/MG;Norte;Tombamento;;;1;;;;;;;;0;2;;;
22/12/2015;08:10:00;101;com vítima;547;BR-262/MG;Leste;Tombamento;;;1;;;;;;;;0;1;1;;
22/12/2015;08:21:00;117;sem vítima;547;BR-262/MG;Oeste;;;;1;;;;;;;;1;;;;
22/12/2015;12:31:00;280;com vítima;116;BR-153/MG;Sul;Outros - sequências;;;1;;;;;;;;0;3;;;
22/12/2015;07:13:00;77;com vítima;546;BR-153/GO;Sul;Queda de Moto;;;;1;;;;;;;0;1;;;
22/12/2015;17:14:00;432;com vítima;570,8;BR-153/GO;Sul;Saida de Pista;;;;;;;;;;1;0;1;;;
22/12/2015;14:32:00;340;sem vítima;113;BR-060/GO;Sul;Saida de Pista;;;1;;;;;;;;1;;;;
22/12/2015;18:07:00;461;com vítima;636,63;BR-262/MG;Oeste;Saida de Pista;1;;;;;;;;;;0;1;;;
22/12/2015;16:54:00;422;sem vítima;591;BR-153/GO;Sul;Saida de Pista;1;;;;;;;;;;5;;;;
22/12/2015;07:22:00;79;com vítima;685;BR-262/MG;Oeste;Outros - sequências;;;1;;;;;;;;0;;;;1
22/12/2015;07:25:00;82;sem vítima;685;BR-262/MG;Oeste;;;;1;;;;;;;;1;;;;
22/12/2015;06:01:00;54;sem vítima;688;BR-262/MG;Oeste;Colisão Traseira;;;1;;;1;;;;;2;;;;
22/12/2015;17:53:00;452;sem vítima;625,5;BR-153/GO;Sul;Outros - sequências;1;;;;;;;;;;1;;;;
22/12/2015;00:08:00;5;com vítima;225;BR-153/MG;Norte;Saida de Pista;1;;;;;;;;;;0;4;;;
22/12/2015;14:41:00;343;sem vítima;122;BR-060/GO;Norte;Saida de Pista;1;;;;;;;;;;4;;;;
22/12/2015;08:33:00;124;sem vítima;802;BR-262/MG;Oeste;Colisão Traseira;2;;;;;;;;;;2;;;;
22/12/2015;05:31:00;52;sem vítima;803;BR-262/MG;Leste;Tombamento;;;1;;;;;;;;1;;;;
22/12/2015;16:22:00;404;sem vítima;804;BR-262/MG;Oeste;Engavetamento;3;;;;;;;;;;3;;;;
22/12/2015;11:51:00;262;com vítima;659;BR-153/GO;Norte;Outros - sequências;1;;;;;;;;;;1;1;;;
23/12/2015;17:59:00;476;sem vítima;11,1;BR-060/GO;Sul;Saida de Pista;;;;;;;;;;1;4;;;;
23/12/2015;19:33:00;536;com vítima;15;BR-060/GO;Norte;Queda de Moto;;;;1;;;;;;;0;1;;;
23/12/2015;16:12:00;410;com vítima;6,5;BR-153/MG;Norte;Outros - sequências;1;;;;;;;;;1;0;8;;;
23/12/2015;12:30:00;281;sem vítima;404,9;BR-262/MG;Oeste;Colisão Traseira;2;;;;;;;;;;2;;;;
23/12/2015;14:43:00;351;sem vítima;409,5;BR-262/MG;Oeste;Saida de Pista;1;;;;;1;;;;;2;;;;
23/12/2015;15:05:00;367;sem vítima;506,2;BR-153/GO;Norte;Colisão Traseira;;;;;;;;;;2;2;;;;
23/12/2015;19:55:00;545;sem vítima;89;BR-060/GO;Sul;Colisão Traseira;2;;;;;;;;;;3;;;;
23/12/2015;06:24:00;68;sem vítima;515;BR-153/GO;Sul;Outros - sequências;1;;;;;;;;;;1;;;;
23/12/2015;11:22:00;237;com vítima;515;BR-153/GO;Norte;Colisão Lateral;2;;;;;;;;;;1;;1;;
23/12/2015;20:43:00;566;com vítima;116;BR-153/MG;Norte;Tombamento;;;1;;;;;;;;0;1;;;
23/12/2015;05:56:00;63;com vítima;534;BR-153/GO;Norte;Outros - sequências;;;2;;;;;;;;1;1;1;;
23/12/2015;19:18:00;524;com vítima;20;BR-060/DF;Sul;Saida de Pista;1;;;;;;;;;;1;;1;;
23/12/2015;14:12:00;249;com vítima;772;BR-262/MG;Oeste;Outros - sequências;;;;;;1;;;;1;1;3;1;;
23/12/2015;01:40:00;25;com vítima;643;BR-153/GO;Norte;Saida de Pista;1;;;;;;;;;;0;2;;;
23/12/2015;12:11:00;268;sem vítima;679;BR-153/GO;Norte;Saida de Pista;1;;;;;;;;;;1;;;;
23/12/2015;05:12:00;57;sem vítima;699;BR-153/GO;Sul;Colisão Traseira;1;;;;;1;;;;;2;;;;
23/12/2015;00:39:00;12;com vítima;137;BR-060/GO;Sul;Saida de Pista;1;;;;;;;;;;0;1;;;
24/12/2015;16:17:00;442;sem vítima;21,5;BR-060/GO;Sul;Colisão Traseira;2;;;;;;;;;;2;;;;
24/12/2015;12:58:00;312;sem vítima;375,4;BR-262/MG;Oeste;Capotamento;1;;;;;;;;;;1;;;;
24/12/2015;09:59:00;177;com vítima;2,6;BR-060/DF;Norte;Outros - sequências;2;;;;;;;;;;4;2;;;
24/12/2015;21:28:00;600;com vítima;3;BR-060/DF;Norte;Colisão Traseira;2;;;;;;;;;;3;4;;;
24/12/2015;17:15:00;477;sem vítima;27;BR-153/MG;Norte;Outros - sequências;2;;;;;;;;;;2;;;;
24/12/2015;20:53:00;587;com vítima;419;BR-262/MG;Oeste;Outros - sequências;3;;;;;;;;;;2;1;;;
24/12/2015;20:26:00;580;com vítima;505;BR-153/GO;Norte;Colisão Traseira;1;;;1;;;;;;;1;1;;;
24/12/2015;21:13:00;595;sem vítima;507;BR-153/GO;Norte;Colisão Lateral;2;;;;;;;;;;3;;;;
24/12/2015;13:12:00;325;sem vítima;507,8;BR-153/GO;Norte;Colisão Lateral;1;;1;;;;;;;;2;;;;
24/12/2015;04:35:00;44;com vítima;482;BR-262/MG;Leste;Colisão Traseira;2;;;;;;;;;;2;2;;;
24/12/2015;16:36:00;454;com vítima;85,9;BR-153/MG;Sul;Outros - sequências;1;;;;;;;;;;0;1;;;1
24/12/2015;16:55:00;467;sem vítima;521;BR-153/GO;Norte;Colisão Traseira;1;;;;;1;;;;;2;;;;
24/12/2015;14:55:00;387;com vítima;567,4;BR-153/GO;Sul;Capotamento;1;;;;;;;;;;0;1;;;
24/12/2015;19:26:00;549;com vítima;122;BR-060/GO;Norte;Saida de Pista;1;;;;;;;;;;0;;1;;
24/12/2015;15:59:00;432;sem vítima;681;BR-153/GO;Sul;Saida de Pista;1;;;;;;;;;;1;;;;
24/12/2015;10:06:00;182;com vítima;31;BR-060/DF;Norte;Queda de Ciclista;;;;1;;;;;;;0;;;;1
25/12/2015;05:20:00;54;sem vítima;1;BR-060/DF;Norte;Queda de Moto;;;;1;;;;;;;1;;;;
25/12/2015;03:02:00;28;sem vítima;494;BR-153/GO;Sul;Capotamento;1;;;;;;;;;;2;;;;
25/12/2015;15:59:00;331;com vítima;377;BR-262/MG;Leste;Capotamento;1;;;;;1;;;;;1;1;;;
25/12/2015;23:25:00;506;sem vítima;38;BR-060/GO;Sul;Colisão Frontal;1;;;;;;;;;;3;;;;
25/12/2015;22:48:00;494;sem vítima;3,1;BR-060/DF;Norte;Saida de Pista;1;;;;;;;;;;1;;;;
25/12/2015;20:50:00;455;sem vítima;42,5;BR-060/GO;Sul;Saida de Pista;1;;;;;;;;;;1;;;;
25/12/2015;09:37:00;160;com vítima;418;BR-262/MG;Oeste;Outros - sequências;2;;;;;;;;;;1;1;;;
25/12/2015;15:50:00;329;com vítima;39;BR-153/MG;Norte;Outros - sequências;1;;;;;;;;;;0;;1;;
25/12/2015;11:20:00;207;com vítima;503,6;BR-153/GO;Sul;Queda de Moto;;;;1;;;;;;;1;1;;;
25/12/2015;19:05:00;420;com vítima;63;BR-060/GO;Norte;Capotamento;1;;;;;;;;;;0;1;1;;
25/12/2015;09:48:00;162;com vítima;450;BR-262/MG;Leste;Engavetamento;3;;;;;;;;;;0;11;;;
25/12/2015;18:00:00;389;sem vítima;509,5;BR-153/GO;Norte;Colisão Traseira;1;;;1;;;;;;;2;;;;
25/12/2015;16:52:00;349;sem vítima;8,7;BR-060/DF;Norte;Colisão Lateral;1;;;;;1;;;;;2;;;;
25/12/2015;10:15:00;171;sem vítima;92,1;BR-060/GO;Sul;Queda de Moto;;;;1;;;;;;;1;;;;
25/12/2015;13:52:00;277;sem vítima;583;BR-262/MG;Oeste;Capotamento;1;;;;;;;;;;1;;;;
25/12/2015;15:30:00;318;com vítima;586;BR-262/MG;Oeste;Outros - sequências;1;;;;;;;;;;0;2;;;
25/12/2015;16:04:00;335;sem vítima;151,9;BR-153/MG;Sul;Saida de Pista;1;;;;;;;;;;1;;;;
25/12/2015;06:50:00;82;sem vítima;113;BR-060/GO;Norte;Saida de Pista;1;;;;;;;;;;1;;;;
25/12/2015;04:06:00;41;com vítima;801;BR-262/MG;Oeste;Queda de Moto;;;;1;;;;;;;0;1;;;
26/12/2015;10:08:00;107;com vítima;493;BR-153/GO;Sul;Colisão Lateral;1;;;1;;;;;;;1;;1;;
26/12/2015;22:53:00;405;com vítima;381;BR-262/MG;Oeste;Saida de Pista;;;;;;;;;;1;0;1;1;;
26/12/2015;17:22:00;292;sem vítima;73;BR-060/GO;Sul;Saida de Pista;;;;;;;;;;1;1;;;;
26/12/2015;19:08:00;327;com vítima;507;BR-153/GO;Norte;Colisão Traseira;;;;1;;1;;;;;1;1;;;
26/12/2015;15:00:00;246;sem vítima;95,5;BR-060/GO;Sul;Saida de Pista;1;;;;;;;;;;1;;;;
26/12/2015;00:16:00;3;sem vítima;98;BR-060/GO;Norte;Colisão Frontal;1;;;;;;;;;;5;;;;
26/12/2015;18:44:00;320;com vítima;583;BR-262/MG;Leste;Capotamento;1;;;;;;;;;;0;1;;;
26/12/2015;19:19:00;329;com vítima;585;BR-262/MG;Leste;Capotamento;1;;;;;;;;;;0;1;;;
26/12/2015;22:42:00;403;sem vítima;587;BR-262/MG;Leste;Saida de Pista;1;;;;;;;;;;1;;;;
26/12/2015;14:28:00;231;sem vítima;22;BR-060/DF;Norte;Saida de Pista;1;;;;;;;;;;1;;;;
26/12/2015;16:21:00;268;com vítima;656;BR-262/MG;Oeste;Capotamento;1;;;;;;;;;;0;4;;;
26/12/2015;14:58:00;245;com vítima;630;BR-153/GO;Sul;Colisão Traseira;2;;;;1;;;;;;7;3;1;1;
26/12/2015;15:56:00;261;com vítima;630;BR-153/GO;Sul;Saida de Pista;1;;;;;;;;;;0;;;1;
26/12/2015;15:54:00;260;com vítima;856;BR-262/MG;Leste;Outros - sequências;1;;1;;;;;;;;0;7;1;;
26/12/2015;14:34:00;235;com vítima;861;BR-262/MG;Leste;Outros - sequências;1;;;;;;;;;;0;4;;;
27/12/2015;23:31:00;548;com vítima;2,5;BR-153/MG;Norte;Colisão Traseira;;;2;;;;;;;;1;1;;;
27/12/2015;17:26:00;384;sem vítima;13;BR-153/MG;Sul;Colisão Traseira;2;;;;;;;;;;4;;;;
27/12/2015;16:20:00;350;com vítima;498;BR-153/GO;Norte;Colisão Frontal;1;;;1;;;;;;;0;2;1;;
27/12/2015;17:33:00;391;sem vítima;29;BR-153/MG;Norte;Saida de Pista;1;;;;;;;;;;1;;;;
27/12/2015;15:45:00;321;com vítima;416;BR-262/MG;Oeste;Saida de Pista;;;1;;;1;;;;;1;1;;;
27/12/2015;11:10:00;198;sem vítima;32;BR-153/MG;Norte;Saida de Pista;1;;;;;;;;;;1;;;;
27/12/2015;16:00:00;343;sem vítima;48;BR-060/GO;Norte;Outros - sequências;1;;;;;;;;;;1;;;;
27/12/2015;05:21:00;56;sem vítima;434;BR-262/MG;Leste;Saida de Pista;1;;;;;;;;;;1;;;;
27/12/2015;19:09:00;441;com vítima;468;BR-262/MG;Oeste;Saida de Pista;1;;;;;;;;;;0;4;;;
27/12/2015;19:13:00;444;sem vítima;468;BR-262/MG;Leste;;1;;;;;;;;;;1;;;;
27/12/2015;21:38:00;510;sem vítima;483;BR-262/MG;Oeste;Atropelamento - Animal;1;;;;;;;;;;1;;;;
27/12/2015;20:53:00;494;com vítima;78;BR-153/MG;Norte;Saida de Pista;;;1;;;;;;;;0;1;;;
27/12/2015;04:33:00;52;sem vítima;509;BR-153/GO;Norte;Capotamento;1;;;;;;;;;;1;;;;
27/12/2015;15:52:00;325;com vítima;538;BR-262/MG;Oeste;Saida de Pista;1;;;;;;;;;;0;2;;;
27/12/2015;15:18:00;298;com vítima;545;BR-262/MG;Oeste;Outros - sequências;1;;;;;;;;;;1;2;;;
27/12/2015;18:32:00;427;sem vítima;96,9;BR-060/GO;Norte;Colisão Traseira;1;;;;;1;;;;;2;;;;
27/12/2015;16:16:00;346;com vítima;532;BR-153/GO;Norte;Saida de Pista;1;;;;;;;;;;3;1;;;
27/12/2015;00:35:00;16;sem vítima;129;BR-153/MG;Norte;Choque - Suporte de Sinalização;;;1;;;;;;;;1;;;;
27/12/2015;06:21:00;70;com vítima;546,7;BR-153/GO;Sul;Capotamento;1;;;;;;;;;;0;3;;;
27/12/2015;14:15:00;276;sem vítima;583;BR-262/MG;Oeste;;1;;;;;;;;;;1;;;;
27/12/2015;15:57:00;324;sem vítima;583,5;BR-262/MG;Oeste;Saida de Pista;1;;;;;;;;;;3;;;;
27/12/2015;14:15:00;277;com vítima;585,5;BR-262/MG;Oeste;Outros - sequências;2;;;;;;;;;;0;8;;;
27/12/2015;18:09:00;413;com vítima;575;BR-153/GO;Sul;Saida de Pista;1;;;;;;;;;;0;3;;;
27/12/2015;17:56:00;405;sem vítima;213;BR-153/MG;Norte;Carreta deu L;;;1;;;;;;;;1;;;;
27/12/2015;02:33:00;37;com vítima;219;BR-153/MG;Sul;Outros - sequências;;;1;;;;;;;1;1;1;1;;
27/12/2015;18:26:00;423;com vítima;832;BR-262/MG;Oeste;Saida de Pista;1;;;;;;;;;;0;1;;;
27/12/2015;08:48:00;148;sem vítima;683,7;BR-153/GO;Norte;Saida de Pista;1;;;;;;;;;;1;;;;
27/12/2015;23:42:00;551;sem vítima;900;BR-262/MG;Leste;Saida de Pista;;;1;;;;;;;;1;;;;
28/12/2015;07:52:00;69;com vítima;492;BR-153/GO;Norte;Queda de Moto;;;;1;;1;;;;;1;1;;;
28/12/2015;17:50:00;333;com vítima;498,4;BR-153/GO;Sul;Outros - sequências;;;;;;;;;;1;0;1;;;
28/12/2015;18:44:00;351;sem vítima;3;BR-060/DF;Norte;Colisão Traseira;2;;;;;;;;;;2;;;;
28/12/2015;23:27:00;437;com vítima;46,3;BR-060/GO;Norte;Tombamento;;;1;;;1;;;;;2;2;;;
28/12/2015;14:05:00;237;com vítima;47;BR-060/GO;Norte;Tombamento;;;1;;;;;;;;0;1;;;
28/12/2015;05:05:00;40;com vítima;479,6;BR-262/MG;Leste;Colisão Frontal;;;2;;;;;;;;0;1;;;1
28/12/2015;07:42:00;65;sem vítima;481;BR-262/MG;Leste;Colisão Traseira;1;;;;;;;;;1;2;;;;
28/12/2015;09:09:00;112;com vítima;104,5;BR-153/MG;Norte;Saida de Pista;1;;;;;;;;;;0;3;;;
28/12/2015;00:39:00;12;sem vítima;582;BR-262/MG;Leste;Saida de Pista;;;;;;;;;;1;1;;;;
28/12/2015;16:35:00;282;sem vítima;544;BR-153/GO;Norte;Outros - sequências;1;;;;;;;;;;1;;;;
28/12/2015;15:45:00;269;sem vítima;571;BR-153/GO;Norte;Saida de Pista;1;;;;;;;;;;1;;;;
28/12/2015;23:35:00;439;sem vítima;592;BR-153/GO;Sul;Saida de Pista;;;1;;;;;;;;1;;;;
28/12/2015;08:36:00;92;sem vítima;193;BR-153/MG;Sul;Saida de Pista;;;1;;;;;;;;1;;;;
28/12/2015;05:35:00;44;com vítima;694,5;BR-262/MG;Oeste;Saida de Pista;1;;;;;;;;;;0;4;;;
28/12/2015;17:53:00;335;com vítima;745;BR-262/MG;Leste;Saida de Pista;;;1;;;;;;;;0;1;;;
28/12/2015;20:21:00;382;sem vítima;791;BR-262/MG;Oeste;Atropelamento - Animal;1;;;;;;;;;;1;;;;
28/12/2015;22:05:00;411;sem vítima;125;BR-060/GO;Sul;Queda;;;;1;;;;;;;6;;;;
28/12/2015;13:26:00;219;sem vítima;127;BR-060/GO;Norte;Carreta deu L;;;1;;;;;;;;2;;;;
28/12/2015;13:36:00;227;com vítima;127;BR-060/GO;Norte;Carreta deu L;;;1;;;;;;;;0;1;;;
29/12/2015;14:51:00;243;sem vítima;502;BR-153/GO;Norte;Colisão Traseira;1;;1;;;;;;;;2;;;;
29/12/2015;05:40:00;35;com vítima;74;BR-153/MG;Sul;Saida de Pista;;;1;;;;;;;;0;2;;;
29/12/2015;13:27:00;208;sem vítima;88,6;BR-060/GO;Norte;Colisão Traseira;2;;;;;;;;;;2;;;;
29/12/2015;03:04:00;20;sem vítima;549;BR-262/MG;Leste;Choque - Defensa, barreira ou "submarino";1;;;;;;;;;;1;;;;
29/12/2015;20:46:00;440;sem vítima;517;BR-153/GO;Norte;Saida de Pista;1;;;;;;;;;;1;;;;
29/12/2015;17:12:00;310;sem vítima;543;BR-153/GO;Sul;Outros - sequências;1;;;;;;;;;;1;;;;
29/12/2015;14:06:00;223;sem vítima;583;BR-262/MG;Leste;Saida de Pista;1;;;;;1;;;;;2;;;;
29/12/2015;15:13:00;254;sem vítima;587,4;BR-262/MG;Leste;Saida de Pista;1;;;;;;;;;;2;;;;
29/12/2015;15:23:00;257;com vítima;592,3;BR-262/MG;Leste;Saida de Pista;1;;;;;;;;;;1;1;;;
29/12/2015;08:56:00;94;com vítima;593;BR-262/MG;Oeste;Capotamento;;;;;;;;;;1;0;3;;;
29/12/2015;17:36:00;335;com vítima;580;BR-153/GO;Norte;Saida de Pista;1;;;;;;;;;;0;1;;;
29/12/2015;16:50:00;312;sem vítima;587;BR-153/GO;Sul;Tombamento;;;1;;;;;;;;1;;;;
29/12/2015;09:16:00;110;sem vítima;640;BR-262/MG;Leste;Atropelamento - Animal;1;;;;;;;;;;1;;;;
29/12/2015;18:49:00;388;sem vítima;591;BR-153/GO;Sul;Saida de Pista;1;;;;;;;;;;1;;;;
29/12/2015;23:55:00;501;sem vítima;767;BR-262/MG;Leste;Saida de Pista;1;;;;;;;;;;1;;;;
29/12/2015;23:54:00;500;sem vítima;29;BR-060/DF;Norte;Choque - Defensa, barreira ou "submarino";1;;;;;;;;;;2;;;;
29/12/2015;05:16:00;30;sem vítima;851;BR-262/MG;Oeste;Saida de Pista;1;;;;;;;;;;2;;;;
29/12/2015;18:20:00;373;sem vítima;136,5;BR-060/GO;Sul;Engavetamento;3;;;;;;;;;;3;;;;
30/12/2015;07:24:00;73;sem vítima;0,2;BR-060/DF;Sul;Saida de Pista;1;;;;;;;;;;1;;;;
30/12/2015;12:03:00;400;sem vítima;381;BR-262/MG;Oeste;Tombamento;;;1;;;;;;;;1;;;;
30/12/2015;09:17:00;212;sem vítima;395;BR-262/MG;Leste;;;;;;;;;;;1;1;;;;
30/12/2015;09:05:00;189;sem vítima;405;BR-262/MG;Leste;Outros - sequências;1;;;;;;;;;;1;;;;
30/12/2015;19:44:00;649;sem vítima;510;BR-153/GO;Norte;Queda de Ciclista;;;;1;;;;;;;1;;;;
30/12/2015;19:06:00;626;com vítima;521;BR-262/MG;Oeste;Outros - sequências;1;;;;;;;;;;0;1;;;
30/12/2015;08:08:00;112;sem vítima;548;BR-262/MG;Leste;Carreta deu L;;;1;;;;;;;;1;;;;
30/12/2015;11:18:00;351;sem vítima;548;BR-262/MG;Oeste;Saida de Pista;;;;;;;;;;1;1;;;;
30/12/2015;09:44:00;258;sem vítima;515;BR-153/GO;Norte;Colisão Lateral;2;;;;;;;;;;2;;;;
30/12/2015;09:45:00;259;sem vítima;549;BR-262/MG;Leste;Saida de Pista;1;;;;;;;;;;1;;;;
30/12/2015;16:12:00;539;sem vítima;519,5;BR-153/GO;Sul;Saida de Pista;1;;;;;;;;;;1;;;;
30/12/2015;06:13:00;55;com vítima;583;BR-262/MG;Leste;Colisão Frontal;1;;1;;;;;;;;0;1;;1;
30/12/2015;11:04:00;343;sem vítima;99;BR-060/GO;Sul;Saida de Pista;2;;;;;;;;;;2;;;;
30/12/2015;19:50:00;654;com vítima;552;BR-153/GO;Norte;Saida de Pista;1;;;;;;;;;;3;1;;;
30/12/2015;09:30:00;243;sem vítima;591;BR-262/MG;Leste;Saida de Pista;1;;;;;;;;;;1;;;;
30/12/2015;15:19:00;501;sem vítima;593;BR-262/MG;Leste;;1;;;;;;;;;;1;;;;
30/12/2015;15:19:00;500;com vítima;593,7;BR-262/MG;Oeste;Outros - sequências;1;;1;;;;;;;;1;1;1;1;
30/12/2015;08:47:00;146;sem vítima;594;BR-262/MG;Leste;Saida de Pista;;;;;;;;;;1;1;;;;
30/12/2015;07:43:00;87;sem vítima;600;BR-262/MG;Leste;Saida de Pista;1;;;;;;;;;;1;;;;
30/12/2015;12:01:00;396;sem vítima;600,8;BR-262/MG;Leste;Saida de Pista;1;;;;;;;;;;1;;;;
30/12/2015;18:06:00;600;com vítima;583,3;BR-153/GO;Sul;Capotamento;;;;;;;;;;1;1;1;;;
30/12/2015;15:27:00;509;sem vítima;589;BR-153/GO;Sul;Saida de Pista;1;;;;;;;;;;1;;;;
30/12/2015;00:14:00;5;sem vítima;114,6;BR-060/GO;Sul;Saida de Pista;1;;;;;;;;;;1;;;;
30/12/2015;16:11:00;537;com vítima;656;BR-262/MG;Oeste;Outros - sequências;;;1;;;1;;;;;1;2;;;
30/12/2015;16:59:00;564;sem vítima;605;BR-153/GO;Sul;Saida de Pista;1;;;;;;;;;;1;;;;
31/12/2015;20:16:00;471;com vítima;498;BR-153/GO;Sul;Queda de Ciclista;;;;1;;;;;;;0;2;;;