data;horario;n_da_ocorrencia;tipo_de_ocorrencia;km;trecho;sentido;tipo_de_acidente;automovel;bicicleta;caminhao;moto;onibus;outros;tracao_animal;transporte_de_cargas_especiais;trator_maquinas;utilitarios;ilesos;levemente_feridos;moderadamente_feridos;gravemente_feridos;mortos
24/01/2016;12:11:00;185;com vítima;699;BR-153/GO;Sul;Outros - sequências;;;;;;;;;;1;0;;1;;
25/01/2016;17:51:00;413;sem vítima;18;BR-060/GO;Norte;Saida de Pista;1;;;;;;;;;;1;;;;
25/01/2016;15:08:00;323;sem vítima;46,5;BR-060/GO;Norte;Saida de Pista;1;;;;;;;;;;1;;;;
25/01/2016;00:40:00;9;sem vítima;469;BR-262/MG;Leste;Saida de Pista;;;1;;;1;;;;;2;;;;
25/01/2016;06:47:00;53;com vítima;474,6;BR-262/MG;Leste;Colisão Transversal;2;;;;;;;;;;0;3;;;
25/01/2016;16:22:00;363;com vítima;78;BR-153/MG;Norte;Queda de Moto;;;;1;;1;;;;;1;1;;;
25/01/2016;14:47:00;310;sem vítima;494,5;BR-262/MG;Oeste;Saida de Pista;;;1;;;;;;;;1;;;;
25/01/2016;13:42:00;271;sem vítima;571;BR-262/MG;Leste;Capotamento;1;;;;;;;;;;1;;;;
25/01/2016;18:47:00;436;sem vítima;127,9;BR-153/MG;Norte;Colisão Traseira;;;2;;;;;;;;2;;;;
25/01/2016;15:10:00;325;sem vítima;578;BR-262/MG;Leste;Saida de Pista;1;;;;;;;;;;1;;;;
25/01/2016;16:00:00;351;com vítima;707,3;BR-262/MG;Oeste;Saida de Pista;1;;;;;;;;;;0;3;;;
26/01/2016;14:07:00;303;sem vítima;354;BR-262/MG;Leste;Saida de Pista;2;;;;;;;;;;2;;;;
26/01/2016;17:20:00;409;com vítima;4;BR-153/MG;Norte;Outros - sequências;1;;;;;;;;;;0;2;;;
26/01/2016;11:47:00;227;sem vítima;26,8;BR-060/GO;Norte;Capotamento;1;;;;;;;;;;1;;;;
26/01/2016;19:07:00;469;com vítima;30;BR-060/GO;Sul;Outros - sequências;2;;;;;;;;;;0;4;;;
26/01/2016;10:33:00;181;sem vítima;30;BR-153/MG;Sul;Capotamento;1;;;;;;;;;;1;;;;
26/01/2016;13:12:00;278;com vítima;502;BR-153/GO;Sul;Colisão Traseira;1;;;1;;;;;;;1;1;;;
26/01/2016;15:58:00;363;sem vítima;436;BR-262/MG;Oeste;Choque - Talude;1;;;;;;;;;;1;;;;
26/01/2016;21:31:00;539;sem vítima;84;BR-060/GO;Norte;Objeto lançado contra veículo;;;2;;;;;;;;2;;;;
26/01/2016;20:28:00;512;sem vítima;88;BR-060/GO;Norte;Colisão Traseira;1;;1;;;;;;;;2;;;;
26/01/2016;14:59:00;328;sem vítima;95;BR-060/GO;Sul;Carreta deu L;;;1;;;;;;;;1;;;;
26/01/2016;19:45:00;488;com vítima;95;BR-060/GO;Sul;Queda de Moto;;;;1;;;;;;;0;2;;;
26/01/2016;14:52:00;323;sem vítima;99,5;BR-060/GO;Sul;Outros - sequências;2;;;;;;;;;;2;;;;
26/01/2016;16:44:00;390;com vítima;551;BR-153/GO;Norte;Saida de Pista;;;;;;;;;;1;0;;1;;
26/01/2016;08:19:00;97;sem vítima;198;BR-153/MG;Norte;Saida de Pista;;;;;1;;;;;;1;;;;
26/01/2016;02:22:00;23;com vítima;694;BR-262/MG;Oeste;Saida de Pista;1;;;;;;;;;;0;1;;;
26/01/2016;10:10:00;166;sem vítima;758;BR-262/MG;Oeste;Saida de Pista;1;;;;;;;;;;1;;;;
26/01/2016;21:00:00;529;com vítima;233,5;BR-153/MG;Sul;Saida de Pista;1;;;;;1;;;;;1;2;;;
27/01/2016;13:43:00;261;com vítima;0;BR-153/MG;Norte;Colisão Traseira;1;;1;;;1;;;;;1;4;;;
27/01/2016;11:54:00;217;sem vítima;491;BR-153/GO;Sul;Engavetamento;2;;;;;1;;;;;3;;;;
27/01/2016;17:02:00;333;com vítima;493;BR-153/GO;Sul;Queda de Moto;;;;1;;;;;;;0;;1;;
27/01/2016;07:34:00;65;com vítima;24,7;BR-060/GO;Sul;Saida de Pista;1;;;;;;;;;;0;3;;;
27/01/2016;16:42:00;324;sem vítima;96;BR-060/GO;Norte;;1;;;;;;;;;;1;;;;
27/01/2016;09:57:00;152;sem vítima;27,8;BR-060/DF;Norte;Saida de Pista;1;;;;;;;;;;1;;;;
27/01/2016;09:20:00;128;com vítima;777;BR-262/MG;Oeste;Colisão Frontal;2;;;;;;;;;;0;;1;2;1
27/01/2016;13:00:00;243;sem vítima;822,4;BR-262/MG;Leste;Saida de Pista;1;;;;;;;;;;1;;;;
28/01/2016;22:21:00;481;sem vítima;2,6;BR-060/DF;Sul;Colisão Traseira;1;;1;;;;;;;;2;;;;
28/01/2016;16:08:00;343;sem vítima;23,8;BR-153/MG;Sul;Saida de Pista;1;;;;;;;;;;1;;;;
28/01/2016;14:24:00;296;sem vítima;32,7;BR-153/MG;Norte;Saida de Pista;;;1;;;1;;;;;2;;;;
28/01/2016;16:47:00;359;com vítima;464;BR-262/MG;Leste;Outros - sequências;;;1;;;;;;;;0;;;;1
28/01/2016;23:56:00;504;sem vítima;8,9;BR-060/DF;Norte;Outros - sequências;3;;;;;;;;;;3;;;;
28/01/2016;13:44:00;285;com vítima;574;BR-262/MG;Oeste;Tombamento;;;1;;;;;;;;0;2;;;
28/01/2016;10:42:00;206;sem vítima;132;BR-153/MG;Norte;Engavetamento;1;;1;;;;;;;1;3;;;;
28/01/2016;13:52:00;286;sem vítima;582;BR-262/MG;Leste;Saida de Pista;1;;;;;;;;;;1;;;;
28/01/2016;05:45:00;64;sem vítima;584;BR-262/MG;Leste;Saida de Pista;;;1;;;;;;;;1;;;;
28/01/2016;06:24:00;78;sem vítima;148;BR-153/MG;Norte;Saida de Pista;;;1;;;;;;;;1;;;;
28/01/2016;05:56:00;69;com vítima;555;BR-153/GO;Norte;Saida de Pista;1;;;;;;;;;;0;1;;;
28/01/2016;11:45:00;234;com vítima;574;BR-153/GO;Norte;Saida de Pista;1;;;;;;;;;;0;1;;;
28/01/2016;15:32:00;325;sem vítima;578;BR-153/GO;Norte;Saida de Pista;1;;;;;;;;;;1;;;;
28/01/2016;13:29:00;278;sem vítima;594;BR-262/MG;Leste;Carreta deu L;;;1;;;;;;;;1;;;;
28/01/2016;06:09:00;73;sem vítima;616;BR-262/MG;Leste;Tombamento;;;1;;;;;;;;1;;;;
28/01/2016;05:40:00;68;sem vítima;627;BR-262/MG;Oeste;Saida de Pista;;;1;;;;;;;;1;;;;
28/01/2016;22:18:00;478;com vítima;657,3;BR-153/GO;Sul;Colisão Traseira;;;2;;;;;;;;0;2;;;
28/01/2016;13:34:00;280;com vítima;245;BR-153/MG;Norte;Colisão Transversal;2;;;;;;;;;;1;4;;;
29/01/2016;16:45:00;370;com vítima;494;BR-153/GO;Sul;Atropelamento - Funcionário;;;;;;1;;;;;1;1;;;
29/01/2016;03:44:00;36;sem vítima;23;BR-153/MG;Sul;Saida de Pista;1;;;;;;;;;;2;;;;
29/01/2016;06:16:00;51;sem vítima;423;BR-262/MG;Oeste;Saida de Pista;1;;;;;;;;;;1;;;;
29/01/2016;11:18:00;195;com vítima;438;BR-262/MG;Leste;Queda de Ciclista;;;;1;;;;;;;0;2;;;
29/01/2016;08:52:00;117;com vítima;506;BR-153/GO;Norte;Colisão Lateral;2;;;;;;;;;;1;3;;;
29/01/2016;06:27:00;55;com vítima;506,5;BR-153/GO;Sul;Engavetamento;4;;1;;;;;;;;3;2;;;
29/01/2016;07:45:00;80;com vítima;507,8;BR-153/GO;Norte;Engavetamento;4;;;;;;;;;;1;4;;;
29/01/2016;06:37:00;56;com vítima;106,5;BR-060/GO;Norte;Saida de Pista;1;;;;;;;;;;0;3;;;
29/01/2016;13:24:00;254;com vítima;587;BR-262/MG;Leste;Capotamento;1;;;;;;;;;;0;3;;;
29/01/2016;16:28:00;359;com vítima;589,7;BR-262/MG;Leste;Colisão Transversal;;;2;;;;;;;;1;2;;;
29/01/2016;17:02:00;380;sem vítima;592,3;BR-262/MG;Leste;Outros - sequências;;;;;;;;;;1;1;;;;
29/01/2016;03:48:00;37;com vítima;594;BR-262/MG;Leste;Saida de Pista;;;1;;;;;;;;0;1;;;
29/01/2016;15:10:00;314;com vítima;607,5;BR-262/MG;Leste;Outros - sequências;1;;1;;;;;;;;0;1;;;1
29/01/2016;18:04:00;412;com vítima;197;BR-153/MG;Norte;Colisão Transversal;1;;1;;;;;;;;1;1;;;
29/01/2016;13:28:00;257;sem vítima;604,5;BR-153/GO;Sul;Saida de Pista;1;;;;;;;;;;1;;;;
29/01/2016;15:53:00;343;sem vítima;127,5;BR-060/GO;Sul;Saida de Pista;;;3;;;;;;;;3;;;;
29/01/2016;21:32:00;511;com vítima;803;BR-262/MG;Leste;Colisão Lateral;2;;;;;;;;;;3;1;;;
30/01/2016;05:19:00;65;com vítima;359;BR-262/MG;Oeste;Queda de Ciclista;;;;1;;;;;;;0;2;;;
30/01/2016;20:32:00;583;sem vítima;19;BR-060/GO;Sul;Saida de Pista;1;;;;;;;;;;1;;;;
30/01/2016;20:59:00;596;sem vítima;498;BR-153/GO;Sul;Colisão Traseira;1;;1;;;;;;;;2;;;;
30/01/2016;05:29:00;67;sem vítima;53,4;BR-060/GO;Norte;Saida de Pista;1;;;;;;;;;;1;;;;
30/01/2016;18:06:00;499;com vítima;504,5;BR-153/GO;Norte;Colisão Traseira;1;;;1;;;;;;;1;;1;;
30/01/2016;20:57:00;595;com vítima;505;BR-153/GO;Norte;Colisão Traseira;1;;;1;;;;;;;1;1;;;
30/01/2016;13:26:00;287;sem vítima;94;BR-060/GO;Sul;Colisão Traseira;2;;;;;;;;;;2;;;;
30/01/2016;02:30:00;40;sem vítima;533;BR-153/GO;Sul;Outros - sequências;1;;;;;;;;;;1;;;;
30/01/2016;12:40:00;266;sem vítima;592;BR-262/MG;Leste;Choque - Talude;1;;;;;;;;;;4;;;;
30/01/2016;20:44:00;589;sem vítima;109;BR-060/GO;Sul;Colisão Traseira;1;;;;;;;;;;1;;;;
30/01/2016;08:38:00;111;com vítima;653;BR-153/GO;Sul;Choque - Defensa, barreira ou "submarino";1;;;;;;;;;;0;2;;;
30/01/2016;17:46:00;491;com vítima;827;BR-262/MG;Leste;Colisão Traseira;2;;;;;;;;;;3;2;;;
31/01/2016;18:37:00;541;com vítima;497,3;BR-153/GO;Norte;Saida de Pista;;;;1;;;;;;;0;;1;;
31/01/2016;09:28:00;234;com vítima;23;BR-153/MG;Norte;Outros - sequências;;;2;;;;;;;;1;;1;;
31/01/2016;19:50:00;584;com vítima;32;BR-060/GO;Sul;Queda de Moto;;;;1;;;;;;;0;1;;;
31/01/2016;14:45:00;423;com vítima;46,3;BR-060/GO;Norte;Colisão Transversal;;;;1;;;;;;1;2;;;1;1
31/01/2016;15:57:00;452;com vítima;502;BR-153/GO;Sul;Queda de Moto;;;;1;;;;;;;0;1;;;
31/01/2016;10:24:00;269;sem vítima;453;BR-262/MG;Oeste;Saida de Pista;1;;;;;;;;;;1;;;;
31/01/2016;03:43:00;101;sem vítima;506;BR-153/GO;Norte;Choque - Defensa, barreira ou "submarino";1;;;;;;;;;;1;;;;
31/01/2016;16:48:00;480;com vítima;467;BR-262/MG;Oeste;Colisão Traseira;1;;1;;;;;;;;2;3;;;
31/01/2016;15:46:00;444;com vítima;96;BR-060/GO;Sul;Colisão Transversal;;;;1;1;;;;;;1;1;;;
31/01/2016;18:21:00;531;sem vítima;131;BR-153/MG;Sul;Saida de Pista;1;;;;;;;;;;1;;;;
31/01/2016;18:09:00;524;sem vítima;575;BR-153/GO;Sul;Saida de Pista;1;;;;;;;;;;1;;;;
31/01/2016;09:11:00;222;sem vítima;716;BR-262/MG;Leste;Saida de Pista;1;;;;;;;;;;1;;;;
31/01/2016;00:00:00;1;com vítima;227;BR-153/MG;Norte;Choque - Defensa, barreira ou "submarino";1;;;;;;;;;;1;1;;;
01/02/2016;07:50:00;73;sem vítima;0;BR-060/DF;Norte;Outros - sequências;1;;;2;;;;;;;4;;;;
01/02/2016;16:20:00;342;sem vítima;14;BR-060/GO;Norte;Choque - Defensa, barreira ou "submarino";;;1;;;;;;;;1;;;;
01/02/2016;07:43:00;67;com vítima;496;BR-153/GO;Sul;Engavetamento;3;;;;;;;;;;1;3;;;
01/02/2016;08:39:00;96;sem vítima;509;BR-153/GO;Norte;Colisão Traseira;1;;;1;;;;;;;2;;;;
01/02/2016;06:38:00;49;com vítima;509,33;BR-153/GO;Norte;Engavetamento;2;;;1;;;;;;;2;;1;;
01/02/2016;10:11:00;149;sem vítima;107;BR-060/GO;Sul;Colisão Traseira;1;;1;;;;;;;;2;;;;
02/02/2016;17:50:00;422;sem vítima;494;BR-153/GO;Norte;Colisão Traseira;1;;1;;;;;;;;2;;;;
02/02/2016;09:41:00;152;com vítima;14;BR-060/GO;Norte;Saida de Pista;1;;;;;;;;;;0;4;;;
02/02/2016;09:42:00;153;sem vítima;364;BR-262/MG;Oeste;Colisão Traseira;2;;;;;;;;;;2;;;;
02/02/2016;08:14:00;88;com vítima;464;BR-262/MG;Leste;Capotamento;1;;;;;;;;;;0;;3;;
02/02/2016;06:56:00;60;sem vítima;507;BR-153/GO;Norte;Engavetamento;3;;;;;1;;;;;4;;;;
02/02/2016;18:24:00;440;com vítima;89;BR-060/GO;Sul;Colisão Traseira;;;2;;;;;;;;1;1;;;
02/02/2016;09:48:00;156;sem vítima;515;BR-153/GO;Norte;Colisão Frontal;;;1;1;;;;;;;2;;;;
02/02/2016;12:36:00;265;com vítima;11;BR-060/DF;Norte;Outros - sequências;1;;;;;1;;;;;1;1;;;
02/02/2016;10:36:00;149;sem vítima;102;BR-060/GO;Norte;Colisão Traseira;2;;;;;;;;;;2;;;;
02/02/2016;04:34:00;43;com vítima;113;BR-060/GO;Sul;Queda de Moto;;;;1;;;;;;;0;1;;;
02/02/2016;21:24:00;524;sem vítima;114;BR-060/GO;Sul;Carreta deu L;;;2;;;;;;;;3;;;;
02/02/2016;06:21:00;54;sem vítima;694;BR-153/GO;Norte;Choque - Veiculo parado na pista;2;;;;;;;;;;2;;;;
02/02/2016;12:32:00;262;com vítima;136,5;BR-060/GO;Sul;Colisão Traseira;1;;;1;;;;;;;1;1;;;
03/02/2016;10:08:00;130;com vítima;7;BR-060/GO;Sul;Queda de Ciclista;;;;1;;;;;;;0;1;;;
03/02/2016;02:20:00;29;com vítima;361,5;BR-262/MG;Leste;Colisão Traseira;1;;;;;;;;;;0;1;;;
03/02/2016;17:03:00;374;sem vítima;364;BR-262/MG;Leste;Saida de Pista;1;;;;;;;;;;1;;;;
03/02/2016;01:38:00;23;sem vítima;382;BR-262/MG;Leste;Colisão Traseira;;;2;;;;;;;;2;;;;
03/02/2016;18:38:00;426;sem vítima;500,5;BR-153/GO;Sul;Engavetamento;3;;;;;;;;;;3;;;;
03/02/2016;13:20:00;221;sem vítima;511;BR-153/GO;Sul;Colisão Traseira;;;2;;;;;;;;2;;;;
03/02/2016;23:01:00;552;com vítima;521;BR-153/GO;Norte;Queda de Moto;;;;1;;;;;;;0;1;;;
03/02/2016;15:37:00;318;sem vítima;564;BR-153/GO;Norte;Saida de Pista;1;;;;;;;;;;1;;;;
03/02/2016;06:23:00;46;com vítima;623;BR-153/GO;Sul;Saida de Pista;1;;;;;;;;;;0;2;;;
03/02/2016;16:15:00;338;sem vítima;127;BR-060/GO;Norte;Saida de Pista;1;;;;;;;;;;1;;;;
04/02/2016;07:02:00;58;sem vítima;491;BR-153/GO;Norte;Outros - sequências;1;;;;;;;;;;1;;;;
04/02/2016;17:04:00;312;sem vítima;6;BR-153/MG;Norte;Colisão Lateral;;;1;;;1;;;;;2;;;;
04/02/2016;18:31:00;370;com vítima;25;BR-060/GO;Sul;Outros - sequências;1;;;;;;;;;;1;1;;;
04/02/2016;20:56:00;440;sem vítima;46;BR-060/GO;Norte;Saida de Pista;;;;;;;;;;1;1;;;;
04/02/2016;23:07:00;491;com vítima;415;BR-262/MG;Oeste;Colisão Traseira;1;;1;;;;;;;;0;1;;;1
04/02/2016;21:52:00;460;com vítima;457;BR-262/MG;Leste;Capotamento;1;;;;;;;;;;0;2;;;
04/02/2016;22:10:00;465;sem vítima;464;BR-262/MG;Oeste;Outros - sequências;;;2;;;1;;;;;3;;;;
04/02/2016;03:25:00;35;com vítima;492;BR-262/MG;Oeste;Saida de Pista;1;;;;;;;;;;0;2;;;
04/02/2016;16:32:00;295;com vítima;509,3;BR-153/GO;Sul;Colisão Traseira;1;;;1;;;;;;;1;1;;;
04/02/2016;11:58:00;178;sem vítima;585;BR-262/MG;Leste;Carreta deu L;;;1;;;;;;;1;2;;;;
04/02/2016;20:02:00;410;sem vítima;801,8;BR-262/MG;Oeste;Colisão Traseira;1;;;;1;;;;;;2;;;;
04/02/2016;06:34:00;53;sem vítima;128,9;BR-060/GO;Sul;Carreta deu L;;;1;;;;;;;;1;;;;
04/02/2016;14:36:00;230;com vítima;826;BR-262/MG;Oeste;Outros - sequências;;;;;;;;;;1;0;1;;;
04/02/2016;16:05:00;283;sem vítima;826;BR-262/MG;Leste;Colisão Traseira;2;;;;;;;;;;2;;;;
05/02/2016;09:17:00;117;com vítima;353;BR-262/MG;Leste;Queda de Ciclista;;;;1;;;;;;;0;1;;;
05/02/2016;14:14:00;266;sem vítima;24,5;BR-060/GO;Sul;Saida de Pista;;;1;;;;;;;;1;;;;
05/02/2016;00:39:00;11;sem vítima;499,5;BR-153/GO;Sul;Saida de Pista;1;;;;;;;;;;2;;;;
05/02/2016;14:20:00;269;com vítima;58,5;BR-060/GO;Norte;Outros - sequências;;;1;;;;;;;;0;;;1;
05/02/2016;15:24:00;340;sem vítima;506,7;BR-153/GO;Sul;Colisão Traseira;1;;;;;1;;;;;2;;;;
05/02/2016;17:36:00;430;sem vítima;77;BR-060/GO;Sul;Saida de Pista;1;;;;;;;;;;1;;;;
05/02/2016;16:37:00;391;com vítima;508,3;BR-153/GO;Sul;Queda de Moto;;;;1;;;;;;;0;1;;;
05/02/2016;13:45:00;251;sem vítima;528;BR-262/MG;Leste;Colisão Traseira;2;;;;;;;;;;2;;;;
05/02/2016;17:01:00;417;sem vítima;96;BR-060/GO;Sul;Colisão Transversal;2;;;;;;;;;;2;;;;
05/02/2016;15:06:00;319;sem vítima;582;BR-262/MG;Leste;Outros - sequências;;;1;;;;;;;;1;;;;
05/02/2016;15:05:00;316;sem vítima;583;BR-262/MG;Leste;Outros - sequências;1;;;;;;;;;1;2;;;;
05/02/2016;15:17:00;334;sem vítima;583;BR-262/MG;Leste;Saida de Pista;1;;;;;;;;;;1;;;;
05/02/2016;16:41:00;401;sem vítima;583;BR-262/MG;Leste;Saida de Pista;1;;;;;;;;;;1;;;;
05/02/2016;15:39:00;349;sem vítima;18;BR-060/DF;Sul;Saida de Pista;1;;;;;;;;;;1;;;;
05/02/2016;16:19:00;380;sem vítima;628,3;BR-153/GO;Norte;Saida de Pista;1;;;;;;;;;;2;;;;
05/02/2016;07:00:00;55;sem vítima;128;BR-060/GO;Sul;Saida de Pista;1;;;;;1;;;;;2;;;;
05/02/2016;22:14:00;589;sem vítima;850;BR-262/MG;Leste;Saida de Pista;1;;;;;;;;;;1;;;;
06/02/2016;11:37:00;244;com vítima;11,5;BR-060/GO;Norte;Saida de Pista;1;;;;;;;;;;0;1;1;;
06/02/2016;09:16:00;166;sem vítima;494;BR-153/GO;Sul;Queda de Ciclista;;;;1;;;;;;;1;;;;
06/02/2016;21:47:00;545;com vítima;2;BR-060/DF;Sul;Colisão Lateral;2;;;;;;;;;;1;1;;;
06/02/2016;16:39:00;416;sem vítima;25;BR-060/GO;Sul;Saida de Pista;1;;;;;;;;;;1;;;;
06/02/2016;13:30:00;311;sem vítima;382;BR-262/MG;Leste;Saida de Pista;1;;;;;;;;;;1;;;;
06/02/2016;05:20:00;44;com vítima;36;BR-153/MG;Sul;Outros - sequências;1;;;;;;;;;;0;1;;;
06/02/2016;19:05:00;483;sem vítima;66;BR-060/GO;Norte;Saida de Pista;1;;;;;;;;;;1;;;;
06/02/2016;20:22:00;512;sem vítima;461;BR-262/MG;Leste;Queda de Moto;;;;1;;;;;;;1;;;;
06/02/2016;02:36:00;21;com vítima;58;BR-153/MG;Sul;Outros - sequências;;;1;;;;;;;1;1;1;;;
06/02/2016;23:20:00;569;com vítima;10;BR-060/DF;Sul;Outros - sequências;;;;1;;1;;;;;1;;;1;
06/02/2016;16:07:00;398;sem vítima;559;BR-262/MG;Oeste;Tombamento;;;1;;;;;;;;1;;;;
06/02/2016;13:43:00;315;com vítima;97;BR-060/GO;Sul;Colisão Traseira;1;;;1;;;;;;;2;1;;;
06/02/2016;07:18:00;94;sem vítima;107;BR-060/GO;Norte;;2;;;;;;;;;;2;;;;
06/02/2016;14:54:00;363;sem vítima;586,2;BR-153/GO;Sul;Capotamento;1;;;;;;;;;;1;;;;
06/02/2016;16:11:00;402;com vítima;652,9;BR-262/MG;Leste;Outros - sequências;;;3;;;;;;;;2;;;;1
06/02/2016;15:45:00;386;sem vítima;698,5;BR-262/MG;Leste;Outros - sequências;1;;;;;;;;;;1;;;;
06/02/2016;21:09:00;535;com vítima;225,5;BR-153/MG;Norte;Capotamento;1;;;;;;;;;;0;1;;;
06/02/2016;14:12:00;333;sem vítima;227;BR-153/MG;Sul;Colisão Traseira;1;;1;;;;;;;;2;;;;
06/02/2016;18:50:00;472;sem vítima;813;BR-262/MG;Oeste;Saida de Pista;1;;;;;;;;;;1;;;;
06/02/2016;23:31:00;571;com vítima;819;BR-262/MG;Oeste;Queda de Moto;;;;1;;;;;;;0;2;;;
07/02/2016;15:47:00;319;sem vítima;354;BR-262/MG;Leste;Outros - sequências;2;;;;;;;;;;2;;;;
07/02/2016;16:32:00;338;com vítima;354;BR-262/MG;Leste;Colisão Traseira;1;;1;;;;;;;;1;;1;;
07/02/2016;18:45:00;389;sem vítima;362;BR-262/MG;Oeste;Saida de Pista;1;;;;;;;;;;3;;;;
07/02/2016;08:20:00;102;sem vítima;381;BR-262/MG;Oeste;Saida de Pista;1;;;;;;;;;;1;;;;
07/02/2016;21:30:00;451;sem vítima;3;BR-060/DF;Norte;Colisão Traseira;1;;;;;;;;;1;2;;;;
07/02/2016;07:13:00;72;com vítima;46,1;BR-060/GO;Sul;Choque - Arvore;1;;;;;;;;;;0;;1;;3
07/02/2016;02:03:00;23;sem vítima;28,5;BR-153/MG;Sul;Tombamento;;;1;;;;;;;;1;;;;
07/02/2016;09:10:00;124;com vítima;450;BR-262/MG;Leste;Colisão Traseira;2;;;;;;;;;;1;4;;;
07/02/2016;16:59:00;346;sem vítima;485;BR-262/MG;Leste;Saida de Pista;1;;;;;1;;;;;2;;;;
07/02/2016;18:22:00;380;com vítima;509;BR-153/GO;Sul;Queda de Moto;;;;1;;;;;;;0;;1;;
07/02/2016;20:51:00;437;com vítima;96;BR-153/MG;Sul;Choque - Arvore;1;;;;;1;;;;;1;5;1;;
07/02/2016;07:54:00;84;com vítima;574;BR-262/MG;Oeste;Capotamento;1;;;;;;;;;;0;1;;;
07/02/2016;07:12:00;71;sem vítima;585;BR-262/MG;Leste;Saida de Pista;1;;;;;;;;;;3;;;;
07/02/2016;11:17:00;197;sem vítima;585;BR-262/MG;Leste;Saida de Pista;;;;;;;;;;1;3;;;;
07/02/2016;09:57:00;148;sem vítima;588;BR-262/MG;Leste;Saida de Pista;;;;;;;;;;1;1;;;;
07/02/2016;06:36:00;67;sem vítima;572;BR-153/GO;Sul;Colisão Traseira;2;;;;;;;;;;2;;;;
07/02/2016;10:22:00;162;sem vítima;593;BR-262/MG;Oeste;Saida de Pista;1;;;;;;;;;;4;;;;
07/02/2016;02:45:00;31;com vítima;582,2;BR-153/GO;Norte;Colisão Traseira;2;;;;;;;;;;1;3;;;
07/02/2016;00:23:00;3;com vítima;610;BR-153/GO;Sul;Colisão Traseira;1;;;1;;;;;;;1;1;;;
07/02/2016;13:36:00;261;sem vítima;623;BR-153/GO;Norte;Saida de Pista;1;;;;;;;;;;4;;;;
07/02/2016;02:14:00;25;sem vítima;660;BR-153/GO;Norte;Saida de Pista;1;;;;;;;;;;1;;;;
07/02/2016;19:33:00;405;com vítima;240;BR-153/MG;Norte;Saida de Pista;1;;;;;;;;;;0;1;;;
07/02/2016;21:04:00;443;sem vítima;240;BR-153/MG;Norte;Colisão Traseira;1;;;;;1;;;;;2;;;;
07/02/2016;22:18:00;468;com vítima;889;BR-262/MG;Oeste;Saida de Pista;1;;;;;;;;;;0;2;;;
08/02/2016;17:36:00;355;sem vítima;492;BR-153/GO;Norte;Colisão Traseira;1;;;;;1;;;;;2;;;;
08/02/2016;19:14:00;407;sem vítima;24;BR-153/MG;Norte;Saida de Pista;1;;;;;;;;;;1;;;;
08/02/2016;06:15:00;32;sem vítima;82;BR-153/MG;Norte;Saida de Pista;1;;;;;1;;;;;2;;;;
08/02/2016;10:23:00;150;sem vítima;524,6;BR-153/GO;Norte;Saida de Pista;1;;;;;;;;;;2;;;;
08/02/2016;06:33:00;33;sem vítima;563;BR-153/GO;Norte;Outros - sequências;;;1;;;;;;;;1;;;;
08/02/2016;10:28:00;155;sem vítima;193;BR-153/MG;Norte;Saida de Pista;;;;;;;;;;1;1;;;;
08/02/2016;10:10:00;142;com vítima;598;BR-153/GO;Sul;Atropelamento - Animal;;;1;;;;;;;;0;1;;;
08/02/2016;17:27:00;344;com vítima;663;BR-153/GO;Norte;Colisão Traseira;1;;1;;;;;;;;2;3;;;
09/02/2016;12:50:00;198;com vítima;18;BR-060/GO;Norte;Colisão Traseira;1;;;1;;;;;;;1;;1;;
09/02/2016;07:29:00;51;sem vítima;424;BR-262/MG;Leste;Saida de Pista;1;;;;;;;;;;1;;;;
09/02/2016;16:52:00;340;com vítima;45,9;BR-153/MG;Norte;Capotamento;;;1;;;;;;;;0;1;;;
09/02/2016;17:45:00;378;sem vítima;50;BR-153/MG;Sul;Saida de Pista;1;;;;;;;;;;1;;;;
09/02/2016;14:52:00;274;sem vítima;506,5;BR-153/GO;Sul;Choque - Defensa, barreira ou "submarino";1;;;;;;;;;;1;;;;
09/02/2016;20:02:00;457;com vítima;89;BR-060/GO;Sul;Colisão Traseira;2;;;;;;;;;;4;1;;;
09/02/2016;08:44:00;87;sem vítima;509;BR-153/GO;Sul;Choque - Defensa, barreira ou "submarino";1;;;;;;;;;;1;;;;
09/02/2016;08:58:00;122;sem vítima;509;BR-153/GO;Norte;Colisão Traseira;2;;;;;;;;;;2;;;;
09/02/2016;13:37:00;223;sem vítima;104;BR-153/MG;Norte;Saida de Pista;1;;;;;;;;;;5;;;;
09/02/2016;18:16:00;400;sem vítima;13;BR-060/DF;Norte;Colisão Traseira;2;;;;;;;;;;2;;;;
09/02/2016;06:37:00;43;sem vítima;625,2;BR-262/MG;Leste;Atropelamento - Animal;1;;;;;;;;;;1;;;;
09/02/2016;14:29:00;262;sem vítima;587;BR-153/GO;Norte;Saida de Pista;1;;;;;;;;;;1;;;;
09/02/2016;05:05:00;30;sem vítima;823;BR-262/MG;Leste;Choque - Defensa, barreira ou "submarino";1;;;;;;;;;;1;;;;
09/02/2016;05:16:00;31;sem vítima;693;BR-153/GO;Sul;Saida de Pista;1;;;;;;;;;;1;;;;
10/02/2016;16:16:00;347;com vítima;357;BR-262/MG;Oeste;Colisão Traseira;1;;;1;;;;;;;1;2;;;
10/02/2016;17:47:00;401;sem vítima;359;BR-262/MG;Leste;Colisão Traseira;1;;;;;1;;;;;2;;;;
10/02/2016;05:21:00;42;com vítima;20,5;BR-060/GO;Norte;Outros - sequências;;;1;;;;;;;;0;2;;;
10/02/2016;12:26:00;231;com vítima;422;BR-262/MG;Oeste;Queda de Moto;;;;1;;;;;;;0;2;;;
10/02/2016;19:40:00;467;sem vítima;72,5;BR-060/GO;Sul;Saida de Pista;;;;;;;;;;1;1;;;;