data;horario;n_da_ocorrencia;tipo_de_ocorrencia;km;trecho;sentido;tipo_de_acidente;automovel;bicicleta;caminhao;moto;onibus;outros;tracao_animal;transporte_de_cargas_especiais;trator_maquinas;utilitarios;ilesos;levemente_feridos;moderadamente_feridos;gravemente_feridos;mortos
29/04/2016;14:03:00;310;sem vítima;512,83;BR-262/MG;Leste;Colisão Traseira;;;2;;;;;;;;2;;;;
29/04/2016;07:32:00;103;sem vítima;547,2;BR-262/MG;Oeste;Saida de Pista;1;;;;;;;;;;1;;;;
29/04/2016;15:54:00;368;com vítima;547,95;BR-262/MG;Leste;Tombamento;;;1;;;;;;;;0;1;;;
29/04/2016;16:53:00;399;com vítima;558;BR-262/MG;Oeste;Saida de Pista;1;;;;;;;;;;0;1;;;
29/04/2016;08:55:00;155;sem vítima;573;BR-262/MG;Oeste;Carreta deu L;1;;1;;;;;;;;2;;;;
29/04/2016;20:18:00;486;com vítima;573;BR-262/MG;Oeste;Outros - sequências;1;;2;;;;;;;;3;1;1;;
29/04/2016;15:37:00;359;sem vítima;574;BR-262/MG;Leste;Saida de Pista;1;;;;;;;;;;1;;;;
29/04/2016;14:44:00;328;sem vítima;575;BR-262/MG;Leste;Saida de Pista;;;;;;;;;;1;1;;;;
29/04/2016;08:17:00;128;sem vítima;575,2;BR-262/MG;Oeste;Saida de Pista;1;;;;;;;;;;1;;;;
29/04/2016;07:08:00;97;sem vítima;582;BR-262/MG;Leste;Saida de Pista;;;1;;;;;;;;1;;;;
29/04/2016;16:17:00;380;com vítima;582;BR-262/MG;Leste;Colisão Transversal;1;;1;;;;;;;;1;;;;1
29/04/2016;21:44:00;513;sem vítima;547;BR-153/GO;Norte;Tombamento;;;1;;;;;;;;1;;;;
29/04/2016;18:54:00;455;sem vítima;583,1;BR-262/MG;Leste;Saida de Pista;1;;;;;;;;;;1;;;;
29/04/2016;05:51:00;78;com vítima;587;BR-262/MG;Leste;Saida de Pista;;;1;;;;;;;;0;1;;;
29/04/2016;06:20:00;84;com vítima;587;BR-262/MG;Oeste;Colisão Frontal;;;2;;;;;;;;0;1;1;;
29/04/2016;16:25:00;384;sem vítima;590;BR-262/MG;Leste;Saida de Pista;;;;;;;;;;1;1;;;;
29/04/2016;17:47:00;420;sem vítima;590;BR-262/MG;Leste;Saida de Pista;;;;;;;;;;1;1;;;;
29/04/2016;14:37:00;325;sem vítima;608;BR-262/MG;Leste;Capotamento;;;;;;;;;;1;1;;;;
29/04/2016;05:22:00;72;com vítima;608,4;BR-262/MG;Leste;Capotamento;1;;;;;;;;;;0;3;;;
29/04/2016;06:04:00;83;sem vítima;583;BR-153/GO;Norte;Atropelamento - Animal;1;;;;;;;;;;1;;;;
29/04/2016;15:17:00;346;sem vítima;610,5;BR-262/MG;Leste;Capotamento;1;;;;;;;;;;2;;;;
29/04/2016;09:21:00;170;sem vítima;641;BR-262/MG;Leste;Saida de Pista;;;1;;;;;;;;1;;;;
30/04/2016;19:00:00;371;sem vítima;1;BR-153/MG;Sul;Colisão Transversal;1;;1;;;;;;;;2;;;;
30/04/2016;19:58:00;393;com vítima;495,4;BR-153/GO;Norte;Outros - sequências;;;;1;;;;;;;0;;1;;
30/04/2016;08:25:00;102;sem vítima;496;BR-153/GO;Sul;Colisão Lateral;1;;;1;;2;;;;;4;;;;
30/04/2016;18:59:00;369;sem vítima;400;BR-262/MG;Oeste;Colisão Transversal;1;;;;;;;;;1;2;;;;
30/04/2016;16:25:00;318;com vítima;94;BR-060/GO;Norte;Outros - sequências;1;;;;;;;;;;0;3;;;
30/04/2016;04:53:00;41;sem vítima;514;BR-153/GO;Norte;Colisão Traseira;2;;;;;;;;;;2;;;;
30/04/2016;19:40:00;380;com vítima;553,3;BR-262/MG;Leste;Saida de Pista;;;;;;;;;;1;0;7;;;
30/04/2016;23:25:00;462;sem vítima;186;BR-153/MG;Sul;Capotamento;1;;;;;;;;;;1;;;;
30/04/2016;06:15:00;55;sem vítima;210;BR-153/MG;Norte;Saida de Pista;1;;;;;;;;;;1;;;;
30/04/2016;06:32:00;58;sem vítima;210;BR-153/MG;Norte;Saida de Pista;1;;;;;;;;;;1;;;;
30/04/2016;17:48:00;350;com vítima;236;BR-153/MG;Norte;Capotamento;;;;;;;;;;1;0;2;;;
30/04/2016;10:50:00;170;com vítima;836;BR-262/MG;Oeste;Saida de Pista;1;;;;;;;;;;1;1;;;
01/05/2016;09:51:00;123;sem vítima;1,8;BR-060/GO;Norte;Colisão Traseira;1;;;1;;;;;;;2;;;;
01/05/2016;18:21:00;341;sem vítima;388;BR-262/MG;Leste;Colisão Traseira;;;1;;;;;;;1;2;;;;
01/05/2016;06:02:00;39;com vítima;415;BR-262/MG;Leste;Saida de Pista;1;;;;;;;;;;1;1;;;
01/05/2016;21:37:00;436;sem vítima;505;BR-153/GO;Sul;Colisão Traseira;2;;;;;;;;;;2;;;;
01/05/2016;23:50:00;473;sem vítima;74;BR-060/GO;Sul;Saida de Pista;1;;;;;;;;;;1;;;;
01/05/2016;17:25:00;318;com vítima;463,1;BR-262/MG;Oeste;Saida de Pista;1;;;;;;;;;;0;2;;1;
01/05/2016;18:01:00;336;sem vítima;464,1;BR-262/MG;Oeste;;;;1;;;;;;;2;3;;;;
01/05/2016;01:40:00;10;sem vítima;7;BR-060/DF;Norte;Colisão Transversal;2;;;;;;;;;;2;;;;
01/05/2016;19:21:00;370;sem vítima;510;BR-153/GO;Norte;Colisão Traseira;2;;;;;;;;;;2;;;;
01/05/2016;15:10:00;262;com vítima;514;BR-153/GO;Sul;Queda de Moto;;;;1;;;;;;;0;1;;;
01/05/2016;06:33:00;45;sem vítima;25;BR-060/DF;Norte;Colisão Lateral;2;;;;;;;;;;2;;;;
01/05/2016;16:46:00;301;com vítima;765;BR-262/MG;Oeste;Colisão Traseira;1;;;;;1;;;;;1;5;;;
01/05/2016;19:15:00;364;com vítima;827;BR-262/MG;Oeste;Colisão Frontal;2;;;;;;;;;;0;2;2;;
01/05/2016;19:04:00;360;sem vítima;136;BR-060/GO;Norte;Colisão Traseira;2;;;;;;;;;;2;;;;
02/05/2016;16:08:00;385;sem vítima;494;BR-153/GO;Norte;Colisão Lateral;1;;;;;;;;;1;2;;;;
02/05/2016;18:23:00;468;com vítima;366;BR-262/MG;Leste;Atropelamento - Morador;;;;;;1;;;;;1;;1;;
02/05/2016;10:14:00;181;com vítima;498;BR-153/GO;Norte;Colisão Traseira;1;;;1;;;;;;;1;1;;;
02/05/2016;11:29:00;225;sem vítima;384,6;BR-262/MG;Oeste;Saida de Pista;1;;;;;;;;;;1;;;;
02/05/2016;08:19:00;94;sem vítima;429;BR-262/MG;Leste;Queda de Ciclista;;;;1;;;;;;;1;;;;
02/05/2016;05:53:00;31;com vítima;441;BR-262/MG;Oeste;Atropelamento - Animal;;;;1;;;;;;;0;1;;;
02/05/2016;16:39:00;409;com vítima;507;BR-153/GO;Norte;Colisão Traseira;1;;;1;;;;;;;0;2;;;
02/05/2016;18:32:00;472;com vítima;11;BR-060/DF;Norte;Saida de Pista;1;;;;;;;;;;0;1;;;
02/05/2016;10:42:00;198;sem vítima;590;BR-262/MG;Oeste;Saida de Pista;1;;;;;;;;;;1;;;;
02/05/2016;01:48:00;19;sem vítima;225,8;BR-153/MG;Sul;Saida de Pista;1;;;;;;;;;;1;;;;
03/05/2016;07:11:00;48;com vítima;490;BR-153/GO;Norte;Queda de Ciclista;;;;1;;;;;;;0;1;;;
03/05/2016;08:11:00;72;com vítima;496;BR-153/GO;Sul;Colisão Transversal;1;;;1;;;;;;;1;1;;;
03/05/2016;10:49:00;173;com vítima;508;BR-153/GO;Sul;Saida de Pista;1;;;;;;;;;;0;1;;;
03/05/2016;18:10:00;404;com vítima;573,1;BR-262/MG;Oeste;Outros - sequências;1;;;;;;;;;;0;3;;;
03/05/2016;06:26:00;36;sem vítima;582,3;BR-153/GO;Sul;Saida de Pista;;;1;;;;;;;;1;;;;
03/05/2016;07:35:00;57;com vítima;633;BR-262/MG;Leste;Colisão Frontal;1;;1;;;;;;;;1;;;;1
03/05/2016;03:28:00;15;sem vítima;677,8;BR-153/GO;Sul;Atropelamento - Animal;;;1;;;;;;;;1;;;;
04/05/2016;05:46:00;23;com vítima;494,3;BR-153/GO;Norte;Queda de Moto;;;;1;;;;;;;0;1;;;
04/05/2016;17:08:00;393;sem vítima;25;BR-060/GO;Sul;Saida de Pista;;1;;;;1;;;;;2;;;;
04/05/2016;12:46:00;230;com vítima;41,4;BR-060/GO;Sul;Colisão Traseira;;;1;;;;;;;1;1;1;;;
04/05/2016;11:52:00;200;com vítima;413;BR-262/MG;Leste;Colisão Traseira;2;;;;;;;;;;0;2;;;
04/05/2016;17:22:00;401;com vítima;501;BR-153/GO;Norte;Colisão Traseira;;;2;;;;;;;;1;1;;;
04/05/2016;05:32:00;20;com vítima;481;BR-262/MG;Oeste;Colisão Traseira;2;;;;;1;;;;;2;;2;;
04/05/2016;19:33:00;478;sem vítima;94;BR-060/GO;Norte;Colisão Traseira;1;;1;;;;;;;;2;;;;
04/05/2016;10:21:00;138;sem vítima;514;BR-153/GO;Sul;Queda de Moto;1;;;1;;;;;;;2;;;;
04/05/2016;18:31:00;435;sem vítima;560;BR-262/MG;Oeste;;1;;;;;;;;;;1;;;;
04/05/2016;14:39:00;287;sem vítima;632;BR-262/MG;Oeste;Saida de Pista;;;;;;;;;;1;1;;;;
04/05/2016;05:15:00;18;com vítima;687,3;BR-262/MG;Leste;Colisão Frontal;;;2;;;;;;;;0;;1;;1
04/05/2016;08:33:00;72;sem vítima;688;BR-262/MG;Leste;Colisão Traseira;;;1;;;;;;;1;2;;;;
04/05/2016;19:31:00;474;com vítima;703;BR-153/GO;Sul;Colisão Traseira;2;;;;;;;;;;0;3;;;
05/05/2016;15:03:00;304;com vítima;1;BR-060/GO;Norte;Saida de Pista;1;;1;;;;;;;;1;2;;;
05/05/2016;22:55:00;543;com vítima;5,9;BR-060/GO;Norte;Queda de Moto;;;;1;;;;;;;0;1;;;
05/05/2016;18:20:00;419;com vítima;359,05;BR-262/MG;Oeste;Outros - sequências;3;;;;;;;;;;0;5;;;
05/05/2016;18:53:00;442;com vítima;496;BR-153/GO;Norte;Queda de Moto;;;;1;;;;;;;0;;;1;
05/05/2016;20:15:00;480;com vítima;496;BR-153/GO;Sul;Outros - sequências;1;;;;;1;;;;;1;2;;;
05/05/2016;08:20:00;102;sem vítima;497;BR-153/GO;Norte;;4;;;;;;;;;;4;;;;
05/05/2016;07:20:00;75;com vítima;498;BR-153/GO;Norte;Colisão Traseira;1;;;1;;;;;;;1;2;;;
05/05/2016;15:19:00;316;com vítima;502;BR-153/GO;Sul;Queda de Moto;;;;1;;;;;;;0;2;;;
05/05/2016;08:16:00;98;sem vítima;41;BR-153/MG;Norte;Soterramento;1;;;;;;;;;;1;;;;
05/05/2016;12:58:00;258;sem vítima;443;BR-262/MG;Leste;Outros - sequências;;;2;;;;;;;;2;;;;
05/05/2016;09:01:00;121;com vítima;86;BR-060/GO;Sul;Atropelamento - Usuário;;;1;;;;;;;;1;;1;;
05/05/2016;17:24:00;389;sem vítima;537;BR-262/MG;Leste;Colisão Traseira;2;;;;;;;;;;2;;;;
05/05/2016;12:01:00;237;com vítima;124,5;BR-153/MG;Sul;Engavetamento;;;4;;;;;;;;0;4;1;;
05/05/2016;12:26:00;247;sem vítima;763;BR-262/MG;Oeste;Saida de Pista;;;1;;;;;;;;1;;;;
05/05/2016;01:38:00;19;com vítima;124;BR-060/GO;Norte;Tombamento;;;1;;;;;;;;0;1;;;
05/05/2016;05:19:00;38;com vítima;695;BR-153/GO;Sul;Saida de Pista;;;1;;;;;;;;0;1;;;
06/05/2016;14:06:00;307;sem vítima;363;BR-262/MG;Oeste;Outros - sequências;1;;;;;;;;;;1;;;;
06/05/2016;21:29:00;519;sem vítima;364,5;BR-262/MG;Leste;Capotamento;1;;;;;;;;;;1;;;;
06/05/2016;21:18:00;516;com vítima;498;BR-153/GO;Norte;Atropelamento - Funcionário;1;;1;;;;;;;;1;;2;;
06/05/2016;20:44:00;509;com vítima;31,8;BR-060/GO;Sul;Atropelamento - Usuário;1;;;;;;;;;;1;;;1;
06/05/2016;13:50:00;298;sem vítima;389,6;BR-262/MG;Oeste;Colisão Traseira;1;;;;;;;;;1;2;;;;
06/05/2016;16:28:00;378;com vítima;399;BR-262/MG;Leste;Outros - sequências;1;;;;;;;;;;0;1;;;
06/05/2016;18:21:00;440;com vítima;400;BR-262/MG;Oeste;Queda de Moto;;;;1;;;;;;;0;1;;;
06/05/2016;17:05:00;394;sem vítima;450;BR-262/MG;Leste;Colisão Traseira;2;;;;;;;;;;2;;;;
06/05/2016;18:06:00;432;sem vítima;450;BR-262/MG;Leste;Colisão Traseira;2;;;;;;;;;;2;;;;
06/05/2016;16:27:00;377;com vítima;85;BR-060/GO;Sul;Colisão Traseira;2;;;;;;;;;;0;6;;;
06/05/2016;17:02:00;393;com vítima;85;BR-060/GO;Sul;Colisão Traseira;1;;;;1;;;;;;0;2;;;
06/05/2016;18:26:00;442;com vítima;91;BR-060/GO;Sul;Queda de Moto;;;;1;;;;;;;0;2;;;
06/05/2016;06:30:00;51;sem vítima;497,3;BR-262/MG;Leste;Colisão Lateral;1;;1;;;;;;;;2;;;;
06/05/2016;06:06:00;43;sem vítima;513;BR-153/GO;Sul;Colisão Lateral;2;;;;;1;;;;;3;;;;
06/05/2016;10:48:00;201;com vítima;514;BR-153/GO;Norte;Colisão Traseira;2;;;;;;;;;;2;1;;;
06/05/2016;21:25:00;518;sem vítima;96;BR-060/GO;Sul;Colisão Traseira;1;;;1;;;;;;;2;;;;
06/05/2016;19:11:00;465;com vítima;528;BR-153/GO;Norte;Capotamento;1;;;;;;;;;;0;;1;;
06/05/2016;19:28:00;472;sem vítima;603;BR-262/MG;Leste;Colisão Lateral;1;;1;;;;;;;;2;;;;
06/05/2016;12:43:00;257;sem vítima;614;BR-153/GO;Sul;Saida de Pista;1;;;;;;;;;;1;;;;
06/05/2016;09:34:00;143;sem vítima;802;BR-262/MG;Leste;Choque - Defensa, barreira ou "submarino";1;;;;;;;;;;1;;;;
07/05/2016;04:37:00;47;com vítima;11;BR-060/GO;Sul;Colisão Traseira;1;;;1;;;;;;;1;1;;;
07/05/2016;15:54:00;369;com vítima;382;BR-262/MG;Leste;Outros - sequências;;;;1;;;;;;;0;1;;;
07/05/2016;02:12:00;36;com vítima;34,5;BR-060/GO;Sul;Outros - sequências;1;;;;;;;;;;0;4;1;;1
07/05/2016;18:59:00;453;com vítima;500;BR-153/GO;Sul;Colisão Traseira;1;;;1;;;;;;;0;2;;;
07/05/2016;05:09:00;50;sem vítima;47;BR-060/GO;Norte;Capotamento;1;;;;;;;;;;1;;;;
07/05/2016;20:13:00;474;sem vítima;437;BR-262/MG;Leste;Capotamento;1;;;;;;;;;;1;;;;
07/05/2016;01:43:00;31;sem vítima;504;BR-153/GO;Sul;Queda de Moto;;;;1;;;;;;;1;;;;
07/05/2016;08:09:00;89;com vítima;504;BR-153/GO;Norte;Queda de Moto;;;;2;;1;;;;;2;1;;;
07/05/2016;08:55:00;122;com vítima;50;BR-153/MG;Norte;Saida de Pista;1;;;;;;;;;;0;3;;;
07/05/2016;09:16:00;138;com vítima;506;BR-153/GO;Norte;Queda de Moto;;;;1;;;;;;;0;2;;;
07/05/2016;05:07:00;49;com vítima;455;BR-262/MG;Leste;Capotamento;;;;;;1;;;;1;1;2;;;
07/05/2016;22:50:00;518;com vítima;8;BR-060/DF;Sul;Outros - sequências;1;;;;;;;;;;0;;;;1
07/05/2016;12:31:00;254;com vítima;10;BR-060/DF;Norte;Capotamento;1;;;;;;;;;;0;1;3;1;
07/05/2016;06:33:00;61;sem vítima;540;BR-153/GO;Sul;Saida de Pista;1;;;;;;;;;;1;;;;
07/05/2016;16:33:00;387;com vítima;107;BR-060/GO;Sul;Outros - sequências;1;;;;;;;;;;0;1;;;
07/05/2016;16:59:00;398;com vítima;607;BR-153/GO;Sul;Queda de Moto;;;;1;;;;;;;0;2;;;
08/05/2016;18:49:00;386;sem vítima;3;BR-060/GO;Norte;Saida de Pista;;;;;;;;;;1;1;;;;
08/05/2016;01:07:00;16;com vítima;72,1;BR-060/GO;Sul;Capotamento;1;;;;;;;;;;0;1;;;
08/05/2016;23:46:00;502;sem vítima;73;BR-060/GO;Norte;Saida de Pista;1;;;;;;;;;;1;;;;
08/05/2016;17:28:00;324;sem vítima;75;BR-060/GO;Sul;Saida de Pista;1;;;;;;;;;;1;;;;
08/05/2016;18:51:00;389;com vítima;5;BR-060/DF;Norte;Colisão Traseira;2;;;;;;;;;;2;1;;;
08/05/2016;05:31:00;35;sem vítima;508,5;BR-153/GO;Norte;Colisão Transversal;2;;;;;;;;;;2;;;;
08/05/2016;23:47:00;504;com vítima;562;BR-262/MG;Leste;Capotamento;;;1;;;;;;;;0;1;;;
08/05/2016;21:28:00;466;sem vítima;96;BR-060/GO;Norte;Colisão Lateral;2;;;;;;;;;;7;;;;
08/05/2016;22:15:00;474;sem vítima;580;BR-262/MG;Oeste;Tombamento;;;1;;;;;;;;1;;;;
08/05/2016;15:13:00;254;com vítima;19,5;BR-060/DF;Norte;Capotamento;1;;;;;;;;;;0;2;1;;
08/05/2016;19:21:00;405;sem vítima;785;BR-262/MG;Oeste;Saida de Pista;1;;;;;;;;;;2;;;;
08/05/2016;17:05:00;308;com vítima;129;BR-060/GO;Sul;Queda de Moto;;;;1;;;;;;;0;2;;;
08/05/2016;15:12:00;252;com vítima;656,5;BR-153/GO;Sul;Saida de Pista;;;1;;;;;;;;0;;1;;
08/05/2016;19:31:00;412;sem vítima;135;BR-060/GO;Norte;Colisão Traseira;1;;;;;1;;;;;2;;;;
08/05/2016;19:27:00;409;sem vítima;135,5;BR-060/GO;Norte;Colisão Traseira;1;;;;;1;;;;;2;;;;
09/05/2016;07:50:00;68;com vítima;495;BR-153/GO;Sul;Engavetamento;5;;;;;;;;;;4;3;1;;
09/05/2016;13:36:00;274;com vítima;43;BR-153/MG;Norte;Outros - sequências;;;1;1;;;;;;;1;;1;;
09/05/2016;08:58:00;111;sem vítima;509;BR-153/GO;Norte;Colisão Traseira;1;;;;;;;;;;1;;;;
09/05/2016;20:42:00;484;sem vítima;491;BR-262/MG;Leste;Saida de Pista;1;;;;;;;;;;1;;;;
09/05/2016;23:45:00;527;sem vítima;519;BR-262/MG;Leste;Colisão Lateral;;;1;;;1;;;;;2;;;;
09/05/2016;17:45:00;410;com vítima;235;BR-153/MG;Sul;Capotamento;1;;;;;;;;;;0;1;;;
09/05/2016;17:35:00;406;sem vítima;813;BR-262/MG;Oeste;Colisão Traseira;1;;;;;1;;;;;2;;;;
10/05/2016;08:43:00;106;sem vítima;14;BR-060/GO;Norte;Saida de Pista;1;;;;;;;;;;3;;;;
10/05/2016;18:45:00;470;com vítima;499;BR-153/GO;Sul;Queda de Moto;;;;1;;;;;;;0;1;;;
10/05/2016;06:57:00;63;com vítima;500;BR-153/GO;Norte;Colisão Traseira;1;;;1;;;;;;;1;1;;;
10/05/2016;18:21:00;452;com vítima;406;BR-262/MG;Leste;Queda de Ciclista;;;;1;;;;;;;0;;2;;
10/05/2016;14:40:00;336;com vítima;28;BR-153/MG;Sul;Saida de Pista;1;;;;;;;;;;0;1;;;
10/05/2016;13:55:00;306;com vítima;502;BR-153/GO;Sul;Colisão Lateral;1;;;1;;;;;;;0;2;;;
10/05/2016;07:52:00;84;sem vítima;502,5;BR-153/GO;Norte;Colisão Traseira;2;;;;;;;;;;2;;;;
10/05/2016;18:32:00;460;com vítima;503;BR-153/GO;Sul;Colisão Traseira;2;;1;;;;;;;;1;3;;;
10/05/2016;06:45:00;60;sem vítima;85,2;BR-060/GO;Sul;Saida de Pista;;;;;;;;;;1;1;;;;
10/05/2016;18:35:00;462;com vítima;99;BR-060/GO;Sul;Colisão Traseira;;;;1;;1;;;;;1;1;;;
10/05/2016;20:18:00;510;com vítima;109;BR-060/GO;Norte;Outros - sequências;2;;;;;;;;;;2;2;;;
11/05/2016;06:33:00;51;sem vítima;362;BR-262/MG;Oeste;Choque - Defensa, barreira ou "submarino";;;1;;;;;;;;1;;;;
11/05/2016;18:21:00;448;com vítima;496;BR-153/GO;Norte;Atropelamento - Andarilho;;;;1;;;;;;;0;1;1;;
11/05/2016;15:27:00;326;com vítima;500;BR-153/GO;Sul;Queda de Moto;;;;1;;;;;;;0;1;;;
11/05/2016;05:51:00;42;sem vítima;501;BR-153/GO;Norte;Choque - Defensa, barreira ou "submarino";1;;;;;;;;;;1;;;;
11/05/2016;08:19:00;78;sem vítima;502;BR-153/GO;Norte;Colisão Traseira;1;;;;;1;;;;;2;;;;
11/05/2016;19:08:00;469;sem vítima;441;BR-262/MG;Oeste;Saida de Pista;1;;;;;;;;;;1;;;;
11/05/2016;07:14:00;57;sem vítima;443,3;BR-262/MG;Leste;Colisão Lateral;1;1;;;;;;;;;2;;;;
11/05/2016;08:56:00;105;sem vítima;511;BR-153/GO;Sul;Saida de Pista;1;;;;;;;;;;1;;;;
11/05/2016;13:47:00;273;sem vítima;515,5;BR-153/GO;Norte;Colisão Traseira;2;;;1;;;;;;;3;;;;
11/05/2016;16:07:00;361;com vítima;137;BR-153/MG;Sul;Outros - sequências;1;;2;;;;;;;;0;1;3;;
11/05/2016;09:45:00;141;com vítima;148;BR-153/MG;Norte;Colisão Traseira;;;3;;;;;;;1;1;3;;;
11/05/2016;12:11:00;224;com vítima;118;BR-060/GO;Norte;Atropelamento - Usuário;;;;1;;;;;;;1;;1;;
12/05/2016;12:54:00;296;com vítima;355;BR-262/MG;Leste;Saida de Pista;1;;;;;;;;;;0;1;;;
12/05/2016;22:29:00;565;sem vítima;5,8;BR-060/GO;Sul;Outros - sequências;;;1;;;1;;;;;2;;;;
12/05/2016;15:34:00;366;sem vítima;388;BR-262/MG;Oeste;Saida de Pista;;;;;;;;;;1;1;;;;
12/05/2016;00:12:00;5;sem vítima;394;BR-262/MG;Oeste;Saida de Pista;1;;;;;;;;;;1;;;;
12/05/2016;18:26:00;470;com vítima;47,2;BR-060/GO;Sul;Capotamento;1;;;;;;;;;;0;2;;;
12/05/2016;07:53:00;71;sem vítima;501;BR-153/GO;Sul;Colisão Lateral;2;;;;;;;;;;2;;;;
12/05/2016;16:30:00;405;com vítima;455;BR-262/MG;Leste;Queda de Moto;;;;1;;;;;;;0;1;;;
12/05/2016;06:00:00;46;sem vítima;109;BR-153/MG;Sul;Colisão Traseira;;;2;;;;;;;;2;;;;
12/05/2016;14:12:00;335;com vítima;582;BR-262/MG;Oeste;Outros - sequências;;;;;;;;;;1;0;1;;;
12/05/2016;14:12:00;334;com vítima;586;BR-262/MG;Leste;Outros - sequências;1;;;;;;;;;;0;2;;;
12/05/2016;13:58:00;325;sem vítima;587;BR-262/MG;Leste;Saida de Pista;;;;;;;;;;1;1;;;;
12/05/2016;11:52:00;261;com vítima;591,3;BR-262/MG;Oeste;Colisão Frontal;1;;;;;;;;;1;1;;;;3
12/05/2016;23:59:00;589;sem vítima;701;BR-262/MG;Leste;Tombamento;;;1;;;;;;;;1;;;;
13/05/2016;20:26:00;467;com vítima;362;BR-262/MG;Leste;Saida de Pista;1;;;;;;;;;;0;3;;;
13/05/2016;17:17:00;366;sem vítima;495,8;BR-153/GO;Sul;Colisão Traseira;1;;;;;1;;;;;2;;;;
13/05/2016;10:08:00;148;sem vítima;496,2;BR-153/GO;Sul;Colisão Lateral;1;;;1;;;;;;;2;;;;
13/05/2016;17:06:00;356;com vítima;497;BR-153/GO;Norte;Carreta deu L;;;1;;;;;;;;0;1;;;
13/05/2016;17:19:00;364;sem vítima;34;BR-153/MG;Sul;Saida de Pista;1;;;;;;;;;;1;;;;
13/05/2016;17:58:00;394;com vítima;502;BR-153/GO;Norte;Colisão Traseira;;;1;1;;;;;;;1;;1;;
13/05/2016;07:33:00;64;sem vítima;67,5;BR-060/GO;Norte;Colisão Transversal;1;;;;;1;;;;;2;;;;
13/05/2016;21:37:00;501;com vítima;522;BR-262/MG;Oeste;Saida de Pista;;;;;;;;;;1;0;1;;;
13/05/2016;21:52:00;508;com vítima;548;BR-262/MG;Leste;Tombamento;;;;;;;;;;1;0;1;;;
13/05/2016;06:04:00;38;sem vítima;516;BR-153/GO;Sul;Colisão Transversal;;;;;;1;;;;1;2;;;;
13/05/2016;14:43:00;269;sem vítima;573;BR-262/MG;Leste;Saida de Pista;;;;;;;;;;1;1;;;;
13/05/2016;14:41:00;268;com vítima;574;BR-262/MG;Oeste;Outros - sequências;;;2;;;;;;;;1;1;;;
13/05/2016;15:32:00;303;sem vítima;576;BR-262/MG;Leste;Saida de Pista;1;;;;;1;;;;;2;;;;
13/05/2016;15:31:00;301;sem vítima;578;BR-262/MG;Oeste;Outros - sequências;;;1;;;1;;;;;2;;;;
13/05/2016;14:33:00;257;sem vítima;582;BR-262/MG;Leste;Saida de Pista;1;;;;;;;;;;1;;;;
13/05/2016;14:38:00;263;com vítima;582;BR-262/MG;Leste;Outros - sequências;1;;;;;;;;;;0;1;;;
13/05/2016;13:54:00;239;sem vítima;586;BR-262/MG;Leste;Saida de Pista;1;;;;;;;;;;1;;;;
13/05/2016;14:01:00;246;com vítima;586;BR-262/MG;Leste;Queda de Moto;;;;1;;;;;;;0;1;;;
13/05/2016;13:38:00;230;com vítima;104;BR-060/GO;Sul;Saida de Pista;;;1;;;;;;;;0;2;;;
13/05/2016;14:38:00;264;com vítima;587;BR-262/MG;Oeste;Outros - sequências;1;;;;;;;;;;0;1;;;
13/05/2016;14:11:00;248;com vítima;592;BR-262/MG;Leste;Capotamento;;;;;;;;;;1;0;1;;;
13/05/2016;19:14:00;429;com vítima;594;BR-262/MG;Oeste;Outros - sequências;;;1;;;;;;;;0;2;;;
13/05/2016;06:52:00;50;sem vítima;640,2;BR-262/MG;Leste;Queda de Ciclista;;;;1;;;;;;;1;;;;
13/05/2016;14:16:00;252;sem vítima;747;BR-262/MG;Oeste;Saida de Pista;;;1;;;;;;;;1;;;;
13/05/2016;14:17:00;253;com vítima;629,15;BR-153/GO;Norte;Outros - sequências;1;;;;;;;;;;0;1;;;
13/05/2016;19:00:00;425;com vítima;124;BR-060/GO;Sul;Colisão Lateral;1;;;1;;;;;;;1;;1;;
13/05/2016;19:52:00;447;com vítima;133;BR-060/GO;Sul;Colisão Traseira;;;1;;;;;;;1;1;1;;;
13/05/2016;16:58:00;352;sem vítima;134;BR-060/GO;Sul;Saida de Pista;1;;;;;;;;;;1;;;;
14/05/2016;03:11:00;28;sem vítima;373;BR-262/MG;Leste;Saida de Pista;1;;;;;;;;;;1;;;;
14/05/2016;09:58:00;163;sem vítima;389;BR-262/MG;Leste;Colisão Traseira;2;;;;;;;;;;2;;;;
14/05/2016;13:37:00;261;com vítima;500;BR-153/GO;Norte;Colisão Traseira;1;;1;;;;;;;;0;2;;;
14/05/2016;19:18:00;407;com vítima;502;BR-153/GO;Sul;Queda de Moto;;;;1;;;;;;;0;1;;;
14/05/2016;16:50:00;350;com vítima;505;BR-153/GO;Sul;Colisão Traseira;1;;;1;;;;;;;0;1;;1;
14/05/2016;14:38:00;283;sem vítima;460;BR-262/MG;Oeste;Saida de Pista;1;;;;;;;;;;1;;;;
14/05/2016;14:22:00;276;com vítima;78;BR-060/GO;Sul;Queda de Moto;;;;1;;;;;;;0;1;;;
14/05/2016;20:32:00;431;sem vítima;492;BR-262/MG;Oeste;Saida de Pista;1;;;;;1;;;;;2;;;;
14/05/2016;18:16:00;385;com vítima;662;BR-262/MG;Oeste;Tombamento;;;1;;;1;;;;;1;1;;;
14/05/2016;07:42:00;74;sem vítima;126;BR-060/GO;Sul;Saida de Pista;1;;;;;;;;;;1;;;;
14/05/2016;05:02:00;36;com vítima;31,3;BR-060/DF;Sul;Capotamento;1;;;;;;;;;;0;;1;;
15/05/2016;11:16:00;181;com vítima;382;BR-262/MG;Oeste;Queda de Moto;;;;1;;;;;;;0;1;;;