data;horario;n_da_ocorrencia;tipo_de_ocorrencia;km;trecho;sentido;tipo_de_acidente;automovel;bicicleta;caminhao;moto;onibus;outros;tracao_animal;transporte_de_cargas_especiais;trator_maquinas;utilitarios;ilesos;levemente_feridos;moderadamente_feridos;gravemente_feridos;mortos
01/06/2016;16:13:00;344;com vítima;369;BR-262/MG;Oeste;Queda de Moto;;;;1;;;;;;;0;1;;;
01/06/2016;16:18:00;346;sem vítima;369;BR-262/MG;Oeste;Queda de Moto;1;;;;;;;;;;1;;;;
01/06/2016;16:32:00;358;sem vítima;369;BR-262/MG;Oeste;Outros - sequências;1;;;;;;;;;;1;;;;
01/06/2016;07:05:00;49;com vítima;497;BR-153/GO;Norte;Choque - Defensa, barreira ou "submarino";1;;;;;;;;;;0;1;;;
01/06/2016;13:31:00;256;com vítima;18;BR-153/MG;Norte;Colisão Traseira;;;;1;1;;;;;;1;;;2;
01/06/2016;08:06:00;80;sem vítima;499,5;BR-153/GO;Norte;Engavetamento;4;;2;;;;;;;;6;;;;
01/06/2016;18:42:00;416;sem vítima;505,8;BR-153/GO;Norte;Engavetamento;3;;;;;;;;;;3;;;;
01/06/2016;07:41:00;64;sem vítima;96;BR-060/GO;Norte;Colisão Traseira;1;;;;;1;;;;;2;;;;
01/06/2016;09:51:00;150;sem vítima;574;BR-262/MG;Leste;Colisão Transversal;1;;;;;;;;;1;6;;;;
01/06/2016;09:37:00;139;com vítima;578;BR-262/MG;Leste;Capotamento;1;;;;;;;;;;2;2;;;
01/06/2016;12:28:00;236;sem vítima;582;BR-262/MG;Leste;Outros - sequências;;;;;;;;;;1;1;;;;
01/06/2016;12:08:00;228;sem vítima;586;BR-262/MG;Oeste;;1;;;;;;;;;;3;;;;
01/06/2016;10:22:00;169;sem vítima;587;BR-262/MG;Oeste;Saida de Pista;1;;;;;;;;;;1;;;;
01/06/2016;10:48:00;180;sem vítima;589;BR-262/MG;Oeste;Saida de Pista;;;;;;;;;;1;1;;;;
01/06/2016;13:56:00;267;com vítima;575,8;BR-153/GO;Sul;Colisão Lateral;2;;;;;;;;;;1;3;;;
01/06/2016;10:31:00;175;sem vítima;593;BR-262/MG;Leste;Saida de Pista;1;;;;;;;;;;1;;;;
01/06/2016;11:43:00;216;sem vítima;594;BR-262/MG;Leste;Outros - sequências;;;1;;;;;;;;1;;;;
01/06/2016;10:38:00;177;com vítima;611;BR-262/MG;Leste;Colisão Transversal;1;;1;;;;;;;;1;;;;1
02/06/2016;01:18:00;11;sem vítima;3;BR-153/MG;Sul;Saida de Pista;1;;;;;;;;;;1;;;;
02/06/2016;15:12:00;331;com vítima;495;BR-153/GO;Norte;Outros - sequências;1;;1;;;;;;;;0;2;;;
02/06/2016;09:25:00;150;com vítima;19;BR-060/GO;Sul;Capotamento;1;;;;;;;;;;0;1;;;
02/06/2016;14:20:00;306;com vítima;368;BR-262/MG;Leste;Outros - sequências;2;;;;;1;;;;;1;2;;;
02/06/2016;21:53:00;477;com vítima;24;BR-060/GO;Norte;Colisão Traseira;1;;1;;;;;;;;1;;1;;
02/06/2016;14:38:00;346;com vítima;380;BR-262/MG;Leste;Outros - sequências;;;;;;;;;;1;0;1;;;
02/06/2016;09:20:00;145;sem vítima;382;BR-262/MG;Oeste;Capotamento;1;;;;;;;;;;1;;;;
02/06/2016;11:21:00;222;sem vítima;382;BR-262/MG;Oeste;Saida de Pista;;;;;;;;;;1;2;;;;
02/06/2016;14:10:00;299;com vítima;382;BR-262/MG;Leste;Tombamento;;;;;;;;;;1;0;2;;;
02/06/2016;10:42:00;195;sem vítima;385;BR-262/MG;Oeste;Saida de Pista;1;;;;;;;;;;1;;;;
02/06/2016;19:40:00;434;com vítima;408;BR-262/MG;Leste;Outros - sequências;1;;1;;;;;;;;1;1;;;
02/06/2016;12:20:00;249;com vítima;465;BR-262/MG;Leste;Colisão Traseira;1;;2;;;;;;;;2;1;;;
02/06/2016;13:15:00;268;com vítima;466,5;BR-262/MG;Leste;Outros - sequências;;;3;;;;;;;;1;2;;;
02/06/2016;18:37:00;419;com vítima;477;BR-262/MG;Oeste;Colisão Lateral;1;;1;;;;;;;;1;1;;;
02/06/2016;08:19:00;106;sem vítima;512;BR-153/GO;Sul;Colisão Traseira;2;;;;;;;;;;2;;;;
02/06/2016;05:26:00;40;com vítima;548;BR-262/MG;Leste;Outros - sequências;1;;1;;;;;;;;1;2;;;
02/06/2016;22:05:00;479;sem vítima;549;BR-262/MG;Oeste;Saida de Pista;;;1;;;;;;;;1;;;;
02/06/2016;07:16:00;66;sem vítima;555;BR-262/MG;Leste;Tombamento;;;1;;;;;;;;1;;;;
02/06/2016;10:13:00;175;sem vítima;564;BR-262/MG;Leste;Saida de Pista;1;;;;;;;;;;1;;;;
02/06/2016;09:45:00;160;sem vítima;565;BR-262/MG;Leste;Saida de Pista;1;;;;;;;;;;1;;;;
02/06/2016;09:05:00;136;sem vítima;569;BR-262/MG;Leste;Saida de Pista;1;;;;;;;;;;1;;;;
02/06/2016;09:20:00;146;sem vítima;576;BR-262/MG;Leste;Saida de Pista;1;;;;;;;;;;1;;;;
02/06/2016;14:09:00;298;com vítima;97;BR-060/GO;Sul;Colisão Lateral;;;2;;;;;;;;0;2;;;
02/06/2016;08:42:00;119;sem vítima;581,7;BR-262/MG;Oeste;Outros - sequências;;;1;;;;;;;1;4;;;;
02/06/2016;08:07:00;98;sem vítima;582;BR-262/MG;Leste;Saida de Pista;1;;;;;;;;;;1;;;;
02/06/2016;10:30:00;193;com vítima;587;BR-262/MG;Oeste;Outros - sequências;1;;;;;;;;;;0;1;;;
02/06/2016;18:06:00;410;sem vítima;589;BR-262/MG;Leste;Carreta deu L;;;1;;;;;;;;1;;;;
02/06/2016;10:55:00;208;com vítima;591;BR-262/MG;Leste;Saida de Pista;1;;;;;;;;;;0;1;;;
02/06/2016;04:42:00;31;sem vítima;592;BR-262/MG;Leste;Saida de Pista;1;;;;;;;;;;1;;;;
02/06/2016;07:37:00;75;com vítima;592;BR-262/MG;Leste;Capotamento;;;;;;;;;;1;1;;1;;
02/06/2016;10:43:00;196;sem vítima;592;BR-262/MG;Leste;Saida de Pista;1;;;;;;;;;;1;;;;
02/06/2016;07:53:00;87;sem vítima;115;BR-060/GO;Sul;Colisão Lateral;;;1;;;;;;;1;2;;;;
02/06/2016;10:10:00;174;com vítima;692;BR-262/MG;Leste;Colisão Lateral;2;;;;;;;;;;0;2;2;;
02/06/2016;15:26:00;337;com vítima;608;BR-153/GO;Sul;Colisão Traseira;;;1;;;;;;;1;1;1;;;
02/06/2016;03:13:00;19;com vítima;648;BR-153/GO;Sul;Outros - sequências;1;;1;;;;;;;;1;3;1;;
03/06/2016;05:55:00;39;sem vítima;491;BR-153/GO;Norte;Colisão Transversal;1;;1;;;;;;;;2;;;;
03/06/2016;13:01:00;290;sem vítima;358;BR-262/MG;Leste;Saida de Pista;1;;;;;;;;;;1;;;;
03/06/2016;18:51:00;485;com vítima;362;BR-262/MG;Oeste;Atropelamento - Sem Informação;1;;;;;;;;;;1;;1;;
03/06/2016;20:01:00;496;sem vítima;363;BR-262/MG;Leste;Saida de Pista;1;;;;;;;;;;1;;;;
03/06/2016;05:00:00;33;sem vítima;364;BR-262/MG;Leste;Saida de Pista;1;;;;;;;;;;1;;;;
03/06/2016;15:52:00;393;com vítima;381;BR-262/MG;Oeste;Capotamento;1;;;;;;;;;;0;1;;;
03/06/2016;07:26:00;57;com vítima;382;BR-262/MG;Leste;Capotamento;1;;;;;;;;;;0;1;;;
03/06/2016;14:11:00;330;sem vítima;393,8;BR-262/MG;Oeste;Outros - sequências;1;;;;;;;;;;1;;;;
03/06/2016;11:12:00;236;sem vítima;408;BR-262/MG;Oeste;Saida de Pista;1;;;;;;;;;;1;;;;
03/06/2016;10:46:00;217;sem vítima;411;BR-262/MG;Leste;Saida de Pista;1;;;;;;;;;;1;;;;
03/06/2016;10:58:00;227;sem vítima;413;BR-262/MG;Leste;Saida de Pista;1;;;;;;;;;;1;;;;
03/06/2016;07:47:00;66;com vítima;501;BR-153/GO;Norte;Colisão Lateral;1;;;1;;;;;;;1;1;;;
03/06/2016;08:07:00;78;sem vítima;501;BR-153/GO;Sul;Colisão Traseira;1;;;;;;;;;;1;;;;
03/06/2016;21:23:00;538;sem vítima;424;BR-262/MG;Oeste;Saida de Pista;1;;;;;;;;;;1;;;;
03/06/2016;17:02:00;435;com vítima;38;BR-153/MG;Norte;Capotamento;1;;;;;;;;;;0;1;;;
03/06/2016;16:26:00;408;com vítima;508;BR-153/GO;Norte;Outros - sequências;1;;;1;;1;;;;;2;1;;;
03/06/2016;03:04:00;15;com vítima;92;BR-060/GO;Norte;Atropelamento - Andarilho;;;;1;;;;;;;0;;2;;
03/06/2016;07:08:00;52;sem vítima;511;BR-153/GO;Sul;Colisão Traseira;1;;1;;;;;;;;2;;;;
03/06/2016;07:58:00;73;sem vítima;94;BR-153/MG;Norte;Outros - sequências;;;2;;;;;;;;2;;;;
03/06/2016;23:02:00;576;sem vítima;548;BR-262/MG;Leste;Carreta deu L;;;1;;;;;;;;1;;;;
03/06/2016;12:21:00;271;sem vítima;97;BR-060/GO;Sul;Colisão Traseira;2;;;;;;;;;;2;;;;
03/06/2016;10:12:00;191;sem vítima;586;BR-262/MG;Leste;Saida de Pista;1;;;;;;;;;;1;;;;
03/06/2016;12:22:00;272;sem vítima;586;BR-262/MG;Leste;Saida de Pista;1;;;;;;;;;;1;;;;
03/06/2016;12:28:00;276;sem vítima;586;BR-262/MG;Leste;Saida de Pista;1;;;;;;;;;;1;;;;
03/06/2016;12:53:00;288;sem vítima;608,7;BR-262/MG;Leste;Outros - sequências;;;1;;;;;;;;1;;;;
03/06/2016;18:55:00;483;com vítima;617;BR-153/GO;Norte;Outros - sequências;1;;;;;;;;;;0;3;;;
04/06/2016;17:04:00;404;com vítima;0,05;BR-153/MG;Norte;Tombamento;;;1;;;;;;;;0;2;1;;
04/06/2016;17:24:00;415;com vítima;493;BR-153/GO;Norte;Queda de Moto;;;;1;;;;;;;0;1;;;
04/06/2016;07:58:00;91;sem vítima;495;BR-153/GO;Sul;Colisão Traseira;2;;1;;;;;;;;3;;;;
04/06/2016;08:23:00;104;sem vítima;495,5;BR-153/GO;Sul;Colisão Traseira;2;;;;;;;;;;2;;;;
04/06/2016;06:43:00;66;sem vítima;382;BR-262/MG;Oeste;Capotamento;1;;;;;;;;;;1;;;;
04/06/2016;06:43:00;92;sem vítima;382;BR-262/MG;Oeste;Choque - Defensa, barreira ou "submarino";;;;;;;;;;1;1;;;;
04/06/2016;08:34:00;110;sem vítima;391;BR-262/MG;Oeste;Saida de Pista;1;;;;;;;;;;1;;;;
04/06/2016;07:21:00;80;sem vítima;430;BR-262/MG;Leste;Capotamento;1;;;;;;;;;;1;;;;
04/06/2016;12:45:00;240;com vítima;504;BR-153/GO;Sul;Queda de Moto;;;;1;;;;;;;0;1;;;
04/06/2016;10:35:00;174;com vítima;507;BR-153/GO;Sul;Colisão Lateral;1;;;1;;;;;;;1;1;;;
04/06/2016;11:41:00;208;com vítima;6,5;BR-060/DF;Sul;Colisão Lateral;;;;2;;;;;;;1;1;;;
04/06/2016;07:01:00;73;sem vítima;516;BR-262/MG;Leste;Saida de Pista;1;;;;;1;;;;;2;;;;
04/06/2016;16:58:00;403;com vítima;93,6;BR-060/GO;Norte;Colisão Lateral;1;;;1;;;;;;;1;1;;;
04/06/2016;00:39:00;10;com vítima;166,5;BR-153/MG;Norte;Capotamento;1;;;;;;;;;;0;3;2;;
04/06/2016;20:22:00;481;sem vítima;111;BR-060/GO;Norte;Saida de Pista;1;;;;;1;;;;;2;;;;
04/06/2016;02:10:00;24;sem vítima;210;BR-153/MG;Sul;Saida de Pista;1;;;;;;;;;;3;;;;
04/06/2016;18:03:00;429;com vítima;779,9;BR-262/MG;Leste;Outros - sequências;3;;;;;;;;;;0;3;1;;1
04/06/2016;04:31:00;37;sem vítima;668;BR-153/GO;Norte;Colisão Traseira;;;1;;;1;;;;;2;;;;
04/06/2016;22:29:00;525;com vítima;860;BR-262/MG;Leste;Queda de Moto;;;;1;;;;;;;0;;1;;
05/06/2016;21:22:00;485;com vítima;358;BR-262/MG;Leste;Saida de Pista;1;;;;;;;;;;0;1;;;
05/06/2016;16:58:00;345;com vítima;16,5;BR-060/GO;Norte;Queda de Moto;1;;;1;;;;;;;1;1;1;;
05/06/2016;18:16:00;399;sem vítima;32;BR-060/GO;Sul;Queda de Moto;;;;1;;1;;;;;2;;;;
05/06/2016;11:54:00;197;com vítima;387,6;BR-262/MG;Oeste;Colisão Transversal;1;;;1;;;;;;;1;;;;2
05/06/2016;08:00:00;68;com vítima;49,4;BR-060/GO;Norte;Queda de Moto;;;;1;;;;;;;0;1;;;
05/06/2016;22:58:00;521;sem vítima;437;BR-262/MG;Leste;Queda de Moto;;;;1;;;;;;;1;;;;
05/06/2016;03:50:00;31;com vítima;505;BR-153/GO;Norte;Colisão Traseira;2;;;;;;;;;;2;2;;;
05/06/2016;13:39:00;240;com vítima;77;BR-060/GO;Norte;Saida de Pista;1;;;;;;;;;;0;1;;;
05/06/2016;04:43:00;36;com vítima;478;BR-262/MG;Oeste;Colisão Transversal;1;;;;1;;;;;;1;1;;1;
05/06/2016;05:56:00;46;sem vítima;90,002;BR-060/GO;Norte;Saida de Pista;1;;;;;;;;;;1;;;;
05/06/2016;05:33:00;43;sem vítima;506,9;BR-262/MG;Leste;Saida de Pista;1;;;;;;;;;;2;;;;
05/06/2016;22:46:00;516;sem vítima;528;BR-153/GO;Sul;Saida de Pista;1;;;;;;;;;;1;;;;
05/06/2016;11:40:00;189;sem vítima;97;BR-060/GO;Norte;Colisão Traseira;2;;;;;;;;;;2;;;;
05/06/2016;12:57:00;224;sem vítima;101;BR-060/GO;Norte;Colisão Lateral;1;;1;;;;;;;;2;;;;
05/06/2016;14:37:00;270;sem vítima;802;BR-262/MG;Oeste;Saida de Pista;1;;;;;;;;;;1;;;;
06/06/2016;08:21:00;82;sem vítima;494,9;BR-153/GO;Norte;Colisão Traseira;2;;;;;;;;;;2;;;;
06/06/2016;12:29:00;242;sem vítima;496;BR-153/GO;Sul;Colisão Traseira;2;;;;;;;;;;2;;;;
06/06/2016;14:40:00;302;com vítima;496;BR-153/GO;Norte;Atropelamento - Outros;;;1;;;;;;;;1;1;;;
06/06/2016;09:51:00;151;com vítima;2,5;BR-060/DF;Norte;Queda de Moto;;;;1;;;;;;;0;1;;;
06/06/2016;20:44:00;454;com vítima;394,8;BR-262/MG;Oeste;Atropelamento - Morador;1;;;;;;;;;;1;;1;;
06/06/2016;17:18:00;375;com vítima;49,6;BR-060/GO;Norte;Saida de Pista;1;;;;;;;;;;0;1;;;
06/06/2016;17:06:00;368;com vítima;506;BR-153/GO;Norte;Colisão Lateral;1;;;1;;;;;;;0;2;;;
06/06/2016;18:56:00;416;com vítima;94;BR-060/GO;Sul;Colisão Lateral;1;;1;;;;;;;;0;2;;;
07/06/2016;17:02:00;390;sem vítima;378,6;BR-262/MG;Leste;Saida de Pista;1;;;;;;;;;;1;;;;
07/06/2016;08:49:00;125;com vítima;408;BR-262/MG;Oeste;Capotamento;1;;;;;;;;;;0;;1;;
07/06/2016;05:59:00;58;sem vítima;59;BR-060/GO;Norte;Atropelamento de Animal;;;1;;;;;;;;2;;;;
07/06/2016;18:05:00;421;com vítima;478;BR-262/MG;Oeste;Colisão Transversal;2;;;;;;;;;;1;1;;;
07/06/2016;06:56:00;73;com vítima;88;BR-153/MG;Sul;Capotamento;;;;;;;;;;1;0;1;;;
07/06/2016;18:47:00;440;com vítima;95,5;BR-060/GO;Norte;Outros - sequências;;;;2;;1;;;;;1;2;;;
07/06/2016;09:34:00;162;com vítima;627;BR-262/MG;Oeste;Capotamento;1;;;;;1;;;;;1;1;;;
08/06/2016;13:43:00;273;com vítima;491;BR-153/GO;Sul;Colisão Traseira;1;;;1;;;;;;;1;1;1;;
08/06/2016;04:42:00;38;com vítima;375;BR-262/MG;Oeste;Atropelamento de Animal;;;;1;;;;;;;0;1;;;
08/06/2016;11:50:00;227;sem vítima;500;BR-153/GO;Sul;Colisão Traseira;1;;;1;;;;;;;2;;;;
08/06/2016;17:16:00;361;com vítima;510;BR-153/GO;Norte;Colisão Transversal;2;;;;;;;;;;2;1;;;
08/06/2016;21:35:00;460;com vítima;104,3;BR-153/MG;Norte;Tombamento;;;1;;;;;;;;0;1;;;
08/06/2016;12:13:00;241;sem vítima;546;BR-262/MG;Oeste;Saida de Pista;;;1;;;;;;;;1;;;;
08/06/2016;15:10:00;309;sem vítima;516;BR-153/GO;Norte;Outros - sequências;1;;1;;;;;;;;2;;;;
08/06/2016;19:05:00;401;com vítima;96;BR-060/GO;Norte;Colisão Traseira;1;;;;;1;;;;;1;2;;;
09/06/2016;06:35:00;35;com vítima;0,4;BR-060/GO;Sul;Capotamento;1;;;1;;;;;;;0;1;;1;
09/06/2016;12:34:00;235;sem vítima;359;BR-262/MG;Oeste;Choque - Defensa, barreira ou "submarino";1;;;;;;;;;;1;;;;
09/06/2016;05:52:00;25;com vítima;495;BR-153/GO;Norte;Atropelamento - Morador;;;;1;;;;;;;1;;;1;
09/06/2016;09:24:00;118;com vítima;27,5;BR-153/MG;Norte;Capotamento;1;;;;;;;;;;0;1;;;
09/06/2016;07:48:00;58;sem vítima;408;BR-262/MG;Leste;Colisão Lateral;1;;;;;1;;;;;3;;;;
09/06/2016;13:47:00;265;sem vítima;463;BR-262/MG;Leste;Engavetamento;4;;;;;;;;;;4;;;;
09/06/2016;13:32:00;257;com vítima;511;BR-153/GO;Sul;Colisão Traseira;;;;1;1;;;;;;0;2;;;
09/06/2016;23:14:00;536;sem vítima;94;BR-060/GO;Norte;Outros - sequências;1;;;;;;;;;;1;;;;
09/06/2016;19:39:00;470;com vítima;827;BR-262/MG;Oeste;Outros - sequências;;;1;1;;1;;;;;2;;;;1
10/06/2016;17:37:00;366;com vítima;26,5;BR-060/GO;Sul;Queda de Ciclista;;;;1;;;;;;;0;;;1;
10/06/2016;08:28:00;81;sem vítima;2,8;BR-060/DF;Norte;Colisão Traseira;1;;;;;1;;;;;2;;;;
10/06/2016;05:21:00;40;com vítima;382;BR-262/MG;Leste;Capotamento;1;;;;;;;;;;0;;1;;
10/06/2016;13:14:00;225;com vítima;500;BR-153/GO;Sul;Colisão Traseira;;;2;;;;;;;;1;1;;;
10/06/2016;20:23:00;451;sem vítima;47;BR-060/GO;Sul;Outros - sequências;1;;;;;;;;;;1;;;;
10/06/2016;20:13:00;439;com vítima;502;BR-153/GO;Sul;Queda de Moto;;;;1;;;;;;;0;1;;;
10/06/2016;00:45:00;16;sem vítima;454;BR-262/MG;Leste;Saida de Pista;1;;;;;;;;;;1;;;;
10/06/2016;07:11:00;53;com vítima;508,5;BR-153/GO;Norte;Engavetamento;4;;;;;;;;;;4;;1;;
10/06/2016;21:00:00;466;sem vítima;479;BR-262/MG;Leste;Engavetamento;1;;;;;;;;;2;3;;;;
10/06/2016;07:31:00;59;sem vítima;509,1;BR-153/GO;Norte;Colisão Traseira;;;;1;;;;;;;1;;;;
10/06/2016;18:56:00;411;com vítima;96;BR-153/MG;Sul;Outros - sequências;1;;1;;;;;;;;0;1;;1;
10/06/2016;14:13:00;248;com vítima;28;BR-060/DF;Sul;Outros - sequências;1;;;;;;;;;;0;1;;;
10/06/2016;19:47:00;428;sem vítima;215;BR-153/MG;Sul;Saida de Pista;;;1;;;;;;;;1;;;;
10/06/2016;22:51:00;515;com vítima;803;BR-262/MG;Leste;Capotamento;1;;;;;;;;;;0;1;;;
11/06/2016;14:29:00;307;com vítima;12;BR-060/GO;Sul;Saida de Pista;1;;;;;;;;;;0;1;;;
11/06/2016;13:04:00;254;com vítima;368;BR-262/MG;Oeste;Colisão Lateral;1;;;1;;;;;;;1;1;;;
11/06/2016;15:56:00;339;com vítima;9;BR-153/MG;Norte;Outros - sequências;1;;1;;;;;;;;0;;2;;
11/06/2016;05:21:00;49;sem vítima;382,5;BR-262/MG;Oeste;Saida de Pista;1;;;;;;;;;;1;;;;
11/06/2016;05:43:00;52;com vítima;65;BR-060/GO;Norte;Colisão Traseira;1;;;;;1;;;;;2;;1;1;
11/06/2016;20:23:00;451;com vítima;462;BR-262/MG;Oeste;Colisão Frontal;1;;;1;;;;;;;1;;;1;1
11/06/2016;00:14:00;6;sem vítima;90;BR-060/GO;Sul;Atropelamento de Animal;1;;;;;;;;;;1;;;;
11/06/2016;23:54:00;508;com vítima;132;BR-153/MG;Sul;Capotamento;1;;;;;;;;;;0;1;;;
11/06/2016;17:39:00;379;sem vítima;560;BR-153/GO;Sul;Saida de Pista;1;;;;;;;;;;1;;;;
11/06/2016;19:27:00;423;com vítima;798,5;BR-262/MG;Leste;Outros - sequências;1;;;;;;;;;;0;;1;;
11/06/2016;19:54:00;439;com vítima;136,6;BR-060/GO;Sul;Outros - sequências;1;;;2;;;;;;;1;;;;3
12/06/2016;17:50:00;391;com vítima;2,5;BR-153/MG;Norte;Colisão Traseira;2;;;;;;;;;;2;1;;;
12/06/2016;12:30:00;238;com vítima;435;BR-262/MG;Leste;Capotamento;1;;;;;;;;;;0;1;2;;
12/06/2016;01:35:00;19;sem vítima;61;BR-060/GO;Norte;Atropelamento de Animal;1;;;;;;;;;;1;;;;
12/06/2016;14:41:00;283;sem vítima;521;BR-262/MG;Leste;Saida de Pista;1;;;;;;;;;;2;;;;
12/06/2016;21:03:00;465;sem vítima;514;BR-153/GO;Norte;Colisão Transversal;2;;;;;;;;;;2;;;;
12/06/2016;04:32:00;35;com vítima;539,1;BR-153/GO;Sul;Capotamento;1;;;;;;;;;;0;1;;;
12/06/2016;06:47:00;56;com vítima;109;BR-060/GO;Norte;Capotamento;1;;;;;;;;;;1;1;;;
12/06/2016;18:32:00;412;sem vítima;698;BR-153/GO;Norte;Outros - sequências;;;2;;;;;;;1;3;;;;
13/06/2016;15:42:00;356;com vítima;490;BR-153/GO;Sul;Queda de Moto;;;;1;;;;;;;0;1;;;
13/06/2016;02:47:00;32;sem vítima;9,5;BR-060/GO;Norte;Saida de Pista;1;;;;;1;;;;;2;;;;
13/06/2016;07:37:00;80;com vítima;495;BR-153/GO;Sul;Colisão Traseira;1;;1;1;;;;;;;2;2;;;
13/06/2016;12:30:00;262;com vítima;503;BR-153/GO;Norte;Colisão Traseira;1;;;1;;;;;;;1;1;;;
13/06/2016;18:28:00;442;sem vítima;503;BR-153/GO;Sul;Engavetamento;3;;;;;1;;;;;4;;;;
13/06/2016;14:30:00;318;sem vítima;580;BR-262/MG;Leste;Saida de Pista;1;;;;;;;;;;1;;;;
13/06/2016;12:23:00;261;sem vítima;676,9;BR-262/MG;Oeste;Saida de Pista;1;;;;;;;;;;1;;;;
13/06/2016;01:25:00;18;sem vítima;695;BR-262/MG;Oeste;Colisão Traseira;1;;;;;1;;;;;7;;;;
13/06/2016;16:14:00;377;com vítima;675;BR-153/GO;Sul;Queda de Ciclista;;;;1;;;;;;;0;;;1;
14/06/2016;19:41:00;438;sem vítima;20,5;BR-060/GO;Norte;Saida de Pista;1;;;;;;;;;;1;;;;
14/06/2016;21:22:00;480;sem vítima;499;BR-153/GO;Norte;Outros - sequências;1;;;;;;;;;;1;;;;
14/06/2016;09:51:00;125;sem vítima;385,5;BR-262/MG;Oeste;Choque - Talude;1;;;;;1;;;;;2;;;;
14/06/2016;08:54:00;92;com vítima;500;BR-153/GO;Sul;Colisão Lateral;1;;1;;;;;;;;0;2;;;
14/06/2016;07:30:00;53;com vítima;503;BR-153/GO;Norte;Queda de Moto;;;;1;;;;;;;1;1;;;
14/06/2016;07:58:00;64;com vítima;58;BR-153/MG;Norte;Colisão Traseira;2;;;;;;;;;;1;1;;;
14/06/2016;23:23:00;511;sem vítima;508;BR-153/GO;Sul;Saida de Pista;1;;;;;;;;;;1;;;;
14/06/2016;19:49:00;444;com vítima;538,9;BR-262/MG;Oeste;Outros - sequências;;;;;;1;;;;1;1;1;2;;
14/06/2016;13:14:00;239;com vítima;107;BR-060/GO;Norte;Colisão Traseira;;;2;;;;;;;;1;1;;;
14/06/2016;12:03:00;211;sem vítima;640;BR-262/MG;Leste;Tombamento;;;1;;;1;;;;;2;;;;
15/06/2016;18:18:00;382;com vítima;496;BR-153/GO;Sul;Queda de Moto;;;;1;;;;;;;0;1;;;
15/06/2016;15:14:00;298;com vítima;414;BR-262/MG;Oeste;Outros - sequências;1;;;;;;;;;;0;1;;;
15/06/2016;19:03:00;403;sem vítima;457,3;BR-262/MG;Oeste;Saida de Pista;;;;;;;;;;1;1;;;;
15/06/2016;14:52:00;290;sem vítima;534,7;BR-153/GO;Sul;Saida de Pista;1;;;;;;;;;;1;;;;
15/06/2016;16:32:00;329;com vítima;105;BR-060/GO;Sul;Outros - sequências;1;;;;;;;;;;0;1;;;
15/06/2016;16:50:00;344;sem vítima;573;BR-153/GO;Sul;Saida de Pista;1;;;;;;;;;;1;;;;
15/06/2016;13:23:00;243;com vítima;109,3;BR-060/GO;Norte;Outros - sequências;7;;;1;;;;;;;7;4;;;1
15/06/2016;16:58:00;347;sem vítima;110;BR-060/GO;Norte;Colisão Traseira;2;;;;;;;;;;2;;;;
15/06/2016;18:45:00;392;com vítima;210;BR-153/MG;Norte;Saida de Pista;1;;;;;;;;;;0;1;;;
15/06/2016;14:38:00;279;sem vítima;620;BR-153/GO;Sul;Colisão Traseira;1;;1;;;;;;;;2;;;;
15/06/2016;00:18:00;1;com vítima;244,1;BR-153/MG;Norte;Colisão Transversal;2;;;;;;;;;;1;1;;;
16/06/2016;18:39:00;462;com vítima;379;BR-262/MG;Oeste;Tombamento;;;1;;;;;;;;0;1;;;
16/06/2016;18:06:00;455;com vítima;498,5;BR-153/GO;Sul;Colisão Traseira;2;;;;;;;;;;1;;1;;
16/06/2016;13:48:00;274;sem vítima;500,3;BR-153/GO;Sul;Engavetamento;1;;;1;;1;;;;;3;;;;
16/06/2016;18:32:00;466;com vítima;438,3;BR-262/MG;Oeste;Outros - sequências;1;;;1;;;;;;;1;1;;;
16/06/2016;10:27:00;162;com vítima;449,5;BR-262/MG;Oeste;Colisão Lateral;;;1;1;;;;;;;1;1;;;
16/06/2016;18:24:00;463;sem vítima;506;BR-153/GO;Norte;Engavetamento;3;;;;;;;;;;3;;;;
16/06/2016;16:09:00;385;com vítima;80;BR-060/GO;Norte;Colisão Lateral;1;;1;;;;;;;;1;;1;;
16/06/2016;18:32:00;467;com vítima;507;BR-153/GO;Norte;Colisão Traseira;2;;;;;;;;;;0;2;;;
16/06/2016;20:34:00;515;sem vítima;90;BR-060/GO;Sul;Outros - sequências;1;;;;;;1;;;;2;;;;
16/06/2016;16:49:00;414;sem vítima;132,5;BR-153/MG;Norte;Colisão Traseira;;;2;;;;;;;;2;;;;
16/06/2016;21:52:00;545;com vítima;594;BR-153/GO;Sul;Colisão Traseira;;;2;;;;;;;;4;;;;1
17/06/2016;20:46:00;592;sem vítima;1;BR-060/DF;Sul;Colisão Traseira;1;;;1;;;;;;;2;;;;
17/06/2016;18:11:00;511;com vítima;501;BR-153/GO;Sul;Queda de Ciclista;;;;1;;;;;;;0;1;;;
17/06/2016;10:11:00;193;com vítima;63;BR-060/GO;Norte;Queda de Moto;;;;1;;;;;;;1;1;;;
17/06/2016;18:36:00;523;com vítima;74;BR-060/GO;Sul;Saida de Pista;1;;;;;1;;;;;1;2;;;
17/06/2016;16:42:00;458;com vítima;507;BR-153/GO;Sul;Outros - sequências;;;;1;;;;;;1;1;1;;;
17/06/2016;16:23:00;448;com vítima;507,8;BR-153/GO;Sul;Queda de Moto;;;;1;;1;;;;;1;2;;;
17/06/2016;22:29:00;638;com vítima;85,5;BR-060/GO;Sul;Queda de Moto;;;;1;;;;;;;0;2;;;
17/06/2016;14:36:00;385;sem vítima;525;BR-262/MG;Leste;Colisão Traseira;;;2;;;;;;;;2;;;;