data;horario;n_da_ocorrencia;tipo_de_ocorrencia;km;trecho;sentido;tipo_de_acidente;automovel;bicicleta;caminhao;moto;onibus;outros;tracao_animal;transporte_de_cargas_especiais;trator_maquinas;utilitarios;ilesos;levemente_feridos;moderadamente_feridos;gravemente_feridos;mortos
17/06/2016;06:12:00;52;com vítima;615,1;BR-262/MG;Oeste;Tombamento;;;1;;;;;;;;0;1;;;
17/06/2016;12:27:00;311;sem vítima;676;BR-262/MG;Leste;Saida de Pista;1;;;;;;;;;;1;;;;
17/06/2016;16:23:00;449;com vítima;694;BR-262/MG;Oeste;Saida de Pista;1;;;;;;;;;;0;1;;;
17/06/2016;16:10:00;439;com vítima;626;BR-153/GO;Norte;Saida de Pista;;;;1;;1;;;;;1;;1;;
17/06/2016;16:18:00;444;sem vítima;626;BR-153/GO;Norte;;;;;1;;;;;;;1;;;;
17/06/2016;16:33:00;453;com vítima;628;BR-153/GO;Norte;Saida de Pista;1;;;;;1;;;;;1;1;;;
17/06/2016;07:42:00;86;sem vítima;800;BR-262/MG;Leste;Capotamento;1;;;;;;;;;;1;;;;
17/06/2016;19:53:00;565;sem vítima;810;BR-262/MG;Oeste;Colisão Traseira;1;;;;;1;;;;;2;;;;
18/06/2016;06:05:00;53;com vítima;10,5;BR-060/GO;Norte;Capotamento;1;;;;;;;;;;0;2;;;
18/06/2016;13:41:00;378;sem vítima;389;BR-262/MG;Leste;Colisão Traseira;2;;;;;;;;;;2;;;;
18/06/2016;13:30:00;373;com vítima;404,7;BR-262/MG;Leste;Saida de Pista;1;;;;;;;;;;0;2;;;
18/06/2016;06:09:00;56;com vítima;83;BR-060/GO;Norte;Colisão Traseira;2;;;;;1;;;;;2;;1;;
18/06/2016;19:51:00;567;sem vítima;530,5;BR-262/MG;Oeste;Saida de Pista;1;;;;;;;;;;2;;;;
18/06/2016;05:35:00;48;com vítima;93;BR-060/GO;Norte;Capotamento;1;;;;;;;;;;1;2;;;
18/06/2016;02:22:00;25;sem vítima;104,3;BR-153/MG;Norte;Atropelamento de Animal;1;;;;;;;;;;1;;;;
18/06/2016;12:22:00;350;sem vítima;96;BR-060/GO;Sul;Colisão Traseira;2;;;;;;;;;;2;;;;
18/06/2016;11:42:00;318;sem vítima;109;BR-060/GO;Sul;Saida de Pista;1;;;;;;;;;;1;;;;
18/06/2016;14:32:00;410;sem vítima;614;BR-262/MG;Oeste;Saida de Pista;;;1;;;;;;;;1;;;;
18/06/2016;21:21:00;613;com vítima;674;BR-262/MG;Leste;Outros - sequências;1;;;;;;;;;;0;1;;;
18/06/2016;18:13:00;539;com vítima;116;BR-060/GO;Norte;Queda de Moto;;;;1;;;;;;;0;2;;;
18/06/2016;07:00:00;72;sem vítima;849;BR-262/MG;Leste;Colisão Traseira;2;;;;;;;;;;3;;;;
19/06/2016;23:40:00;509;sem vítima;366,8;BR-262/MG;Oeste;Capotamento;1;;;;;;;;;;2;;;;
19/06/2016;21:16:00;463;com vítima;25;BR-060/GO;Sul;Queda de Moto;;;;1;;;;;;;1;;1;;
19/06/2016;15:02:00;286;sem vítima;30;BR-060/GO;Norte;Saida de Pista;1;;;;;;;;;;1;;;;
19/06/2016;19:09:00;416;com vítima;388;BR-262/MG;Oeste;Saida de Pista;1;;;;;;;;;;0;3;;;
19/06/2016;18:19:00;381;sem vítima;500;BR-153/GO;Sul;Colisão Lateral;1;;1;;;;;;;;2;;;;
19/06/2016;22:22:00;482;sem vítima;419,8;BR-262/MG;Leste;Saida de Pista;1;;;;;1;;;;;2;;;;
19/06/2016;18:28:00;389;com vítima;430;BR-262/MG;Leste;Queda de Ciclista;;;;1;;;;;;;0;1;;;
19/06/2016;16:35:00;323;sem vítima;448;BR-262/MG;Leste;Colisão Traseira;;;1;;;;;;;1;2;;;;
19/06/2016;16:25:00;314;com vítima;448,3;BR-262/MG;Leste;Outros - sequências;1;;;;;;;;;;0;4;;;
19/06/2016;04:41:00;30;com vítima;457;BR-262/MG;Leste;Saida de Pista;1;;;;;;;;;;0;1;;;
19/06/2016;06:11:00;46;com vítima;7;BR-060/DF;Sul;Atropelamento - Ciclista;1;1;;;;;;;;;1;;;;1
19/06/2016;17:31:00;352;sem vítima;494;BR-262/MG;Leste;Outros - sequências;1;;;;;;;;;;1;;;;
19/06/2016;04:04:00;26;sem vítima;93;BR-060/GO;Norte;Saida de Pista;1;;;;;;;;;;1;;;;
19/06/2016;07:20:00;62;com vítima;10;BR-060/DF;Sul;Queda de Ciclista;;1;;;;;;;;;0;;;1;
19/06/2016;18:10:00;373;com vítima;812;BR-262/MG;Oeste;Colisão Transversal;2;;;;;;;;;;1;2;;;
19/06/2016;00:42:00;8;sem vítima;815,5;BR-262/MG;Oeste;Saida de Pista;;;;;;;;;;1;1;;;;
19/06/2016;00:06:00;1;sem vítima;137,5;BR-060/GO;Sul;Queda de Moto;1;;;;;;;;;;1;;;;
20/06/2016;09:11:00;133;sem vítima;492,4;BR-153/GO;Norte;Colisão Traseira;1;;1;;;;;;;;2;;;;
20/06/2016;19:17:00;531;sem vítima;4;BR-060/DF;Sul;Choque - Outros;;;;1;;;1;;;;2;;;;
20/06/2016;22:51:00;610;com vítima;502,7;BR-153/GO;Sul;Colisão Lateral;1;;;1;;;;;;;1;;1;;
20/06/2016;06:59:00;56;sem vítima;507;BR-153/GO;Norte;Engavetamento;3;;;;;;;;;;3;;;;
20/06/2016;11:59:00;309;sem vítima;531;BR-262/MG;Oeste;Capotamento;1;;;;;;;;;;1;;;;
20/06/2016;13:18:00;346;com vítima;554;BR-262/MG;Oeste;Colisão Transversal;1;;1;;;;;;;;0;4;;;
20/06/2016;08:57:00;114;sem vítima;117;BR-060/GO;Sul;Saida de Pista;1;;;;;;;;;;1;;;;
20/06/2016;15:51:00;432;sem vítima;725;BR-262/MG;Leste;Colisão Traseira;;;2;;;;;;;;2;;;;
20/06/2016;23:46:00;619;com vítima;636;BR-153/GO;Norte;Colisão Traseira;;;2;;;;;;;;1;;1;;
20/06/2016;06:40:00;53;com vítima;659,5;BR-153/GO;Norte;Outros - sequências;1;;;;;;;;;;0;1;;;
21/06/2016;20:29:00;547;sem vítima;496;BR-153/GO;Sul;Colisão Lateral;1;;1;;;;;;;;2;;;;
21/06/2016;21:54:00;591;com vítima;379;BR-262/MG;Leste;Tombamento;;;1;;;;;;;;0;;;;1
21/06/2016;06:11:00;33;com vítima;383;BR-262/MG;Leste;Tombamento;;;1;;;;;;;;0;;1;;
21/06/2016;07:43:00;62;sem vítima;501,7;BR-153/GO;Norte;Colisão Traseira;2;;;;;;;;;;2;;;;
21/06/2016;19:18:00;516;sem vítima;502;BR-153/GO;Sul;Engavetamento;2;;2;;;;;;;;4;;;;
21/06/2016;16:58:00;446;sem vítima;502,9;BR-153/GO;Sul;Engavetamento;;;2;;;;;;;2;4;;;;
21/06/2016;12:53:00;274;com vítima;444,5;BR-262/MG;Oeste;Colisão Lateral;;1;;1;;;;;;;1;2;;;
22/06/2016;18:07:00;373;com vítima;4;BR-153/MG;Sul;Queda de Moto;;;;1;;;;;;;0;1;;;
22/06/2016;08:24:00;67;com vítima;16;BR-060/GO;Norte;Tombamento;;;1;;;;;;;;0;1;;;
22/06/2016;07:13:00;44;sem vítima;4,7;BR-060/DF;Sul;Colisão Lateral;1;;;1;1;1;;;;;4;;;;
22/06/2016;07:29:00;50;com vítima;509;BR-153/GO;Norte;Colisão Traseira;1;;;;1;;;;;;2;1;;;
22/06/2016;20:56:00;423;com vítima;543,2;BR-153/GO;Sul;Outros - sequências;;;1;;;;;;;;0;;;;1
22/06/2016;13:37:00;238;sem vítima;197;BR-153/MG;Norte;Colisão Transversal;2;;;;;;;;;;2;;;;
22/06/2016;10:09:00;130;sem vítima;705;BR-262/MG;Leste;Colisão Lateral;1;;1;;;1;;;;;3;;;;
22/06/2016;13:41:00;243;com vítima;643;BR-153/GO;Norte;Colisão Traseira;;;1;;;1;;;;;1;1;;;
22/06/2016;16:16:00;311;com vítima;127,8;BR-060/GO;Norte;Outros - sequências;1;;;;;;;;;;0;1;;;
23/06/2016;16:40:00;375;sem vítima;494;BR-153/GO;Sul;Colisão Traseira;1;;;;;;;;;1;2;;;;
23/06/2016;08:40:00;99;sem vítima;435;BR-262/MG;Leste;Capotamento;1;;;;;;;;;;1;;;;
23/06/2016;00:06:00;1;com vítima;45;BR-153/MG;Norte;Colisão Traseira;;;2;;;;;;;;1;1;;;
23/06/2016;12:11:00;224;com vítima;512;BR-262/MG;Leste;Colisão Lateral;;;1;;;;;;;1;0;5;;;
23/06/2016;08:07:00;74;com vítima;513;BR-153/GO;Norte;Colisão Traseira;;;1;1;;;;;;;1;1;1;;
23/06/2016;09:00:00;115;com vítima;514;BR-153/GO;Sul;Colisão Traseira;1;;;;;1;;;;;1;3;;;
23/06/2016;17:55:00;424;com vítima;549;BR-262/MG;Leste;Saida de Pista;1;;;;;;;;;;0;1;;;
23/06/2016;17:38:00;410;sem vítima;790;BR-262/MG;Leste;Saida de Pista;;;1;;;;;;;;1;;;;
23/06/2016;13:06:00;248;com vítima;874,5;BR-262/MG;Oeste;Capotamento;1;;;;;;;;;;1;;;1;
24/06/2016;21:39:00;566;com vítima;45;BR-060/GO;Sul;Saida de Pista;1;;;;;;;;;;0;2;;;
24/06/2016;14:52:00;346;sem vítima;4,5;BR-060/DF;Norte;Outros - sequências;2;;;;;;;;;;2;;;;
24/06/2016;15:32:00;372;sem vítima;508,5;BR-153/GO;Sul;Colisão Traseira;2;;;;;;;;;;2;;;;
24/06/2016;02:55:00;29;sem vítima;554;BR-262/MG;Leste;;1;;;;;;;;;;2;;;;
24/06/2016;23:58:00;607;sem vítima;195;BR-153/MG;Sul;Colisão Lateral;;;1;;;1;;;;;2;;;;
25/06/2016;19:33:00;451;sem vítima;2,7;BR-060/DF;Norte;Colisão Traseira;2;;;;;;;;;;2;;;;
25/06/2016;05:35:00;44;com vítima;382;BR-262/MG;Leste;Capotamento;1;;;;;;;;;;2;2;;;
25/06/2016;21:18:00;494;sem vítima;500;BR-153/GO;Sul;Capotamento;1;;;;;;;;;;1;;;;
25/06/2016;17:02:00;378;sem vítima;11,2;BR-060/DF;Sul;Outros - sequências;3;;;;;;;;;;3;;;;
25/06/2016;14:53:00;331;sem vítima;553;BR-153/GO;Norte;Colisão Frontal;2;;;;;;;;;;2;;;;
25/06/2016;19:39:00;453;sem vítima;104;BR-060/GO;Norte;Outros - sequências;2;;;;;;;;;;2;;;;
25/06/2016;11:26:00;225;com vítima;730;BR-262/MG;Leste;Colisão Frontal;1;;;1;;;;;;;1;1;;;
25/06/2016;00:52:00;14;com vítima;870;BR-262/MG;Leste;Capotamento;1;;;;;;;;;;0;;1;;
26/06/2016;19:08:00;407;com vítima;358;BR-262/MG;Leste;Colisão Traseira;1;;;;;;;;;1;0;3;;;
26/06/2016;20:49:00;448;sem vítima;6;BR-060/GO;Norte;Choque - Defensa, barreira ou "submarino";;;;1;;;;;;;1;;;;
26/06/2016;17:18:00;356;sem vítima;43,1;BR-060/GO;Sul;Colisão Traseira;1;;1;;;;;;;;2;;;;
26/06/2016;22:10:00;481;com vítima;29;BR-153/MG;Sul;Colisão Traseira;;;2;;;;;;;;1;;;1;
26/06/2016;19:59:00;428;com vítima;422;BR-262/MG;Oeste;Outros - sequências;1;;;1;;;;;;;1;1;;;
26/06/2016;22:42:00;491;sem vítima;62;BR-060/GO;Norte;Atropelamento de Animal;1;;;;;;;;;;1;;;;
26/06/2016;23:15:00;506;sem vítima;58;BR-153/MG;Norte;Outros - sequências;;;1;;;;;;;;2;;;;
26/06/2016;14:47:00;276;sem vítima;89;BR-060/GO;Norte;;;;;1;;;;;;;1;;;;
26/06/2016;00:02:00;2;com vítima;91;BR-060/GO;Norte;Colisão Traseira;;;;1;;1;;;;;1;2;;;
26/06/2016;15:38:00;304;com vítima;515;BR-153/GO;Sul;Colisão Lateral;1;;;1;;;;;;;1;2;;;
26/06/2016;12:14:00;215;com vítima;112;BR-060/GO;Sul;Outros - sequências;1;;;;;1;;;;;1;3;;;
26/06/2016;16:34:00;332;sem vítima;650;BR-262/MG;Leste;Colisão Lateral;1;;1;;;;;;;;2;;;;
26/06/2016;18:46:00;399;sem vítima;823;BR-262/MG;Oeste;Saida de Pista;1;;;;;;;;;;1;;;;
27/06/2016;08:01:00;91;sem vítima;495;BR-153/GO;Sul;Colisão Traseira;2;;;;;;;;;;2;;;;
27/06/2016;07:35:00;78;com vítima;496;BR-153/GO;Sul;Engavetamento;4;;;;;;;;;;2;3;;;
27/06/2016;09:01:00;130;sem vítima;496;BR-153/GO;Sul;;2;;;;;;;;;;2;;;;
27/06/2016;15:54:00;370;com vítima;499;BR-153/GO;Sul;Outros - sequências;;;;1;;1;;;;1;2;1;;;
27/06/2016;17:28:00;411;com vítima;404;BR-262/MG;Oeste;Choque - Defensa, barreira ou "submarino";1;;;;;;;;;;0;1;;;
27/06/2016;12:33:00;263;sem vítima;416,3;BR-262/MG;Leste;Choque - Defensa, barreira ou "submarino";1;;;;;;;;;;1;;;;
27/06/2016;19:39:00;475;com vítima;67,8;BR-060/GO;Norte;Outros - sequências;1;;;;;;;;;;0;1;;;
27/06/2016;09:57:00;166;sem vítima;50;BR-153/MG;Sul;Saida de Pista;;;;;;;;;;1;1;;;;
27/06/2016;05:22:00;38;com vítima;59;BR-153/MG;Norte;Saida de Pista;1;;;;;;;;;;0;1;;;
27/06/2016;09:13:00;136;com vítima;509;BR-153/GO;Sul;Queda de Moto;;;;1;;;;;;;0;1;;;
27/06/2016;09:19:00;139;com vítima;594,6;BR-262/MG;Leste;Capotamento;;;;;;;;;;1;0;3;;;
27/06/2016;20:44:00;501;sem vítima;599;BR-153/GO;Norte;Saida de Pista;1;;;;;;;;;;1;;;;
27/06/2016;07:06:00;63;sem vítima;813;BR-262/MG;Oeste;Choque - Defensa, barreira ou "submarino";1;;;;;;;;;;1;;;;
27/06/2016;07:42:00;81;sem vítima;664;BR-153/GO;Norte;Saida de Pista;1;;;;;;;;;;1;;;;
27/06/2016;11:35:00;235;com vítima;134,2;BR-060/GO;Norte;Capotamento;1;;;;;;;;;;0;2;;;
27/06/2016;11:47:00;241;com vítima;135;BR-060/GO;Norte;Capotamento;1;;;;;;;;;;0;1;;;
28/06/2016;11:02:00;183;sem vítima;382;BR-262/MG;Oeste;Saida de Pista;1;;;;;;;;;;3;;;;
28/06/2016;16:31:00;339;com vítima;455;BR-262/MG;Leste;Outros - sequências;;;3;;;;;;;;1;;2;;
28/06/2016;18:30:00;398;sem vítima;509;BR-153/GO;Norte;Engavetamento;3;;;;;;;;;;4;;;;
28/06/2016;07:51:00;73;com vítima;510;BR-153/GO;Norte;Colisão Lateral;2;;;;;;;;;;1;1;;;
28/06/2016;07:09:00;60;sem vítima;521;BR-262/MG;Leste;Colisão Lateral;1;;1;;;;;;;;2;;;;
28/06/2016;21:49:00;463;com vítima;95,7;BR-060/GO;Sul;Colisão Traseira;1;;;1;;;;;;;1;1;;;
28/06/2016;12:48:00;216;sem vítima;597;BR-262/MG;Leste;Colisão Transversal;2;;;;;;;;;;3;;;;
28/06/2016;22:46:00;484;com vítima;619,5;BR-262/MG;Leste;Colisão Traseira;;;2;;;;;;;;1;;;1;
28/06/2016;06:50:00;51;sem vítima;595;BR-153/GO;Norte;Saida de Pista;1;;;;;;;;;;1;;;;
28/06/2016;07:31:00;66;com vítima;798;BR-262/MG;Oeste;Saida de Pista;;;;;;;;;;1;0;1;1;;
29/06/2016;14:00:00;304;sem vítima;364;BR-262/MG;Oeste;Outros - sequências;2;;;;;;;;;;2;;;;
29/06/2016;14:37:00;319;com vítima;501;BR-153/GO;Norte;Queda de Moto;;;;1;;;;;;;0;1;;;
29/06/2016;18:46:00;476;com vítima;12,05;BR-060/DF;Sul;Outros - sequências;1;;1;1;;;;;;;2;1;;;
29/06/2016;11:28:00;218;sem vítima;13;BR-060/DF;Norte;Capotamento;1;;;;;;;;;;1;;;;
29/06/2016;07:15:00;53;sem vítima;699;BR-262/MG;Leste;Saida de Pista;1;;;;;;;;;;3;;;;
29/06/2016;16:32:00;390;com vítima;875;BR-262/MG;Leste;Outros - sequências;1;;;;;;;;;;2;1;;;
29/06/2016;19:05:00;487;com vítima;137;BR-060/GO;Sul;Colisão Lateral;;;;1;;1;;;;;1;1;;;
30/06/2016;13:04:00;273;com vítima;491;BR-153/GO;Norte;Colisão Traseira;1;;;;;;;;;1;1;1;;;
30/06/2016;09:25:00;141;sem vítima;369;BR-262/MG;Oeste;Colisão Traseira;1;;1;;;;;;;;2;;;;
30/06/2016;21:20:00;502;sem vítima;499;BR-153/GO;Sul;Saida de Pista;1;;;;;;;;;;1;;;;
30/06/2016;18:17:00;436;com vítima;3;BR-060/DF;Sul;Colisão Lateral;;;;2;;;;;;;1;1;;;
30/06/2016;18:30:00;442;com vítima;500;BR-153/GO;Sul;Colisão Traseira;2;;;;;;;;;;0;2;;;
30/06/2016;20:03:00;471;sem vítima;401,5;BR-262/MG;Leste;Queda de Ciclista;;;;1;;;;;;;1;;;;
30/06/2016;07:27:00;72;com vítima;503;BR-153/GO;Sul;Colisão Traseira;1;;;1;;;;;;;1;1;;;
30/06/2016;08:56:00;121;com vítima;48,5;BR-153/MG;Sul;Colisão Lateral;1;;1;;;;;;;;2;1;;;
30/06/2016;19:14:00;455;com vítima;506;BR-153/GO;Norte;Colisão Traseira;3;;;;;;;;;;0;3;;;
30/06/2016;07:47:00;81;sem vítima;81;BR-060/GO;Norte;Saida de Pista;1;;;;;;;;;;1;;;;
30/06/2016;13:42:00;289;com vítima;509;BR-153/GO;Norte;Colisão Traseira;;;;1;;;;;;1;1;1;;;
30/06/2016;21:10:00;499;com vítima;540;BR-262/MG;Oeste;Tombamento;;;1;;;;;;;;0;;;;1
30/06/2016;10:32:00;189;sem vítima;94;BR-060/GO;Sul;Colisão Lateral;2;;;;;;;;;;2;;;;
30/06/2016;07:25:00;70;com vítima;14;BR-060/DF;Norte;Choque - Poste;1;;;;;;;;;;0;1;;1;
30/06/2016;07:35:00;74;com vítima;101,4;BR-060/GO;Norte;Colisão Lateral;;;;1;;;;;;;0;2;;;
30/06/2016;13:10:00;276;com vítima;687,923;BR-262/MG;Leste;Outros - sequências;;;2;;;;;;;;0;2;;;
30/06/2016;16:47:00;385;com vítima;603;BR-153/GO;Sul;Queda de Moto;;;;1;;;;;;;0;1;;;
30/06/2016;12:46:00;267;sem vítima;118;BR-060/GO;Norte;Colisão Traseira;2;;;;;;;;;;2;;;;
01/07/2016;08:18:00;117;sem vítima;495,5;BR-153/GO;Sul;Colisão Traseira;2;;;;;;;;;;2;;;;
01/07/2016;19:26:00;474;sem vítima;4;BR-060/DF;Sul;Engavetamento;2;;;;;1;;;;;3;;;;
01/07/2016;21:00:00;504;sem vítima;419;BR-262/MG;Leste;Capotamento;1;;;;;;;;;;2;;;;
01/07/2016;17:25:00;413;sem vítima;503;BR-153/GO;Norte;Colisão Traseira;3;;;;;;;;;;3;;;;
01/07/2016;07:00:00;86;sem vítima;444;BR-262/MG;Leste;Colisão Lateral;;1;;1;;;;;;;2;;;;
01/07/2016;00:37:00;8;sem vítima;73;BR-060/GO;Sul;Capotamento;1;;;;;;;;;;1;;;;
01/07/2016;05:54:00;65;com vítima;509;BR-153/GO;Sul;Colisão Frontal;;1;;1;;;;;;;1;1;;;
01/07/2016;12:39:00;251;com vítima;518;BR-153/GO;Sul;Colisão Traseira;2;;;;;;;;;;0;3;;;
01/07/2016;15:13:00;340;com vítima;96;BR-060/GO;Norte;Outros - sequências;3;;;;;;;;;;2;1;;;
01/07/2016;01:01:00;19;sem vítima;627;BR-262/MG;Leste;Saida de Pista;1;;;;;;;;;;1;;;;
01/07/2016;19:55:00;486;com vítima;119,951;BR-060/GO;Sul;Atropelamento - Outros;;;;1;;;;;;;0;4;2;;
01/07/2016;17:29:00;417;sem vítima;120;BR-060/GO;Norte;Queda de Moto;;;;1;;;;;;;1;;;;
01/07/2016;11:12:00;219;sem vítima;764;BR-262/MG;Leste;Colisão Frontal;1;;1;;;;;;;;2;;;;
01/07/2016;09:24:00;156;com vítima;623;BR-153/GO;Sul;Queda de Moto;;;;1;;;;;;;0;1;1;;
01/07/2016;18:49:00;453;com vítima;811;BR-262/MG;Oeste;Outros - sequências;;;;1;;1;;;;;1;2;;;
01/07/2016;21:47:00;528;sem vítima;676;BR-153/GO;Sul;Colisão Lateral;2;;;;;;;;;;3;;;;
02/07/2016;21:44:00;491;com vítima;3,329;BR-060/GO;Norte;Outros - sequências;1;;1;;;;;;;;1;;1;;
02/07/2016;16:50:00;351;com vítima;1,264;BR-060/DF;Sul;Atropelamento - Ciclista;2;1;;;;;;;;;1;2;;;
02/07/2016;09:15:00;123;sem vítima;411;BR-262/MG;Oeste;Saida de Pista;1;;;;;;;;;;1;;;;
02/07/2016;23:26:00;522;com vítima;45;BR-153/MG;Norte;Saida de Pista;;;1;;;;;;;;0;;1;;
02/07/2016;21:31:00;483;sem vítima;439;BR-262/MG;Oeste;Saida de Pista;1;;;;;;;;;;1;;;;
02/07/2016;23:46:00;525;com vítima;441;BR-262/MG;Oeste;Queda de Moto;;;;1;;;;;;;0;1;;;
02/07/2016;09:04:00;114;com vítima;502;BR-262/MG;Leste;Capotamento;;;1;;;1;;;;;1;1;1;;
02/07/2016;14:52:00;301;com vítima;509,5;BR-262/MG;Oeste;Outros - sequências;;;1;;;;;;;;0;1;;;
02/07/2016;14:17:00;281;sem vítima;94;BR-060/GO;Sul;Colisão Lateral;1;;1;;;1;;;;;3;;;;
02/07/2016;14:19:00;282;sem vítima;640;BR-262/MG;Leste;Saida de Pista;1;;;;;;;;;;1;;;;
02/07/2016;18:33:00;411;com vítima;619;BR-153/GO;Sul;Outros - sequências;1;;;;;;;;;;0;;1;;
02/07/2016;22:40:00;509;com vítima;850;BR-262/MG;Leste;Saida de Pista;1;;;;;;;;;;0;4;;;
02/07/2016;18:11:00;395;com vítima;135;BR-060/GO;Norte;Colisão Traseira;2;;;;;1;;;;;2;1;;;
03/07/2016;19:37:00;432;com vítima;362;BR-262/MG;Oeste;Saida de Pista;1;;;;;1;;;;;1;1;;;
03/07/2016;13:53:00;253;com vítima;11,5;BR-060/GO;Sul;Queda de Moto;;;;1;;;;;;;0;1;;;
03/07/2016;10:29:00;166;com vítima;380;BR-262/MG;Oeste;Queda de Moto;;;;1;;;;;;;0;1;;;
03/07/2016;17:46:00;379;sem vítima;430;BR-262/MG;Leste;Saida de Pista;1;;;;;;;;;;1;;;;
03/07/2016;18:17:00;395;sem vítima;507;BR-153/GO;Sul;Saida de Pista;1;;;;;;;;;;1;;;;
03/07/2016;11:23:00;190;com vítima;509;BR-153/GO;Sul;Queda de Moto;;;;1;;;;;;;0;1;;;
03/07/2016;07:58:00;78;sem vítima;510,3;BR-262/MG;Oeste;Saida de Pista;1;;;;;;;;;;1;;;;
03/07/2016;23:47:00;520;com vítima;535,2;BR-153/GO;Norte;Colisão Transversal;;1;;1;;;;;;;0;;1;;1
03/07/2016;21:09:00;462;com vítima;541;BR-153/GO;Norte;Colisão Traseira;1;;;;;1;;;;;1;1;;;
03/07/2016;17:51:00;384;com vítima;101;BR-060/GO;Norte;Queda de Moto;;;;1;;;;;;;0;;1;;
03/07/2016;23:18:00;509;sem vítima;564;BR-153/GO;Norte;Queda de Moto;;;;1;;;;;;;1;;;;
03/07/2016;16:14:00;326;sem vítima;109;BR-060/GO;Norte;Engavetamento;5;;;;;;;;;;5;;;;
03/07/2016;02:36:00;15;sem vítima;576,5;BR-153/GO;Sul;Saida de Pista;1;;;;;;;;;;2;;;;
03/07/2016;21:07:00;460;com vítima;580,5;BR-153/GO;Norte;Capotamento;1;;;;;;;;;;1;2;;;
03/07/2016;15:23:00;306;com vítima;606;BR-153/GO;Norte;Outros - sequências;1;;;;;;;;;;2;2;;;
03/07/2016;20:28:00;453;com vítima;765;BR-262/MG;Leste;Saida de Pista;;;;;;;;;;1;0;7;;;
03/07/2016;19:20:00;421;com vítima;802;BR-262/MG;Leste;Outros - sequências;1;;;;;;;;;;0;1;;;
03/07/2016;23:37:00;516;com vítima;131;BR-060/GO;Norte;Capotamento;1;;;;;;;;;;0;1;;;
04/07/2016;07:59:00;86;sem vítima;495;BR-153/GO;Sul;Colisão Traseira;2;;;;;;;;;;2;;;;
04/07/2016;05:08:00;24;com vítima;498;BR-153/GO;Sul;Outros - sequências;1;;;1;;;;;;;1;1;;;
04/07/2016;08:08:00;91;com vítima;499;BR-153/GO;Sul;Queda de Moto;;;;1;;;;;;;0;1;;;
04/07/2016;12:33:00;253;com vítima;33;BR-060/GO;Sul;Queda de Ciclista;;1;;;;;;;;;0;1;;;
04/07/2016;06:47:00;46;com vítima;501;BR-153/GO;Norte;Queda de Moto;;;;1;;;;;;;0;1;;;
04/07/2016;06:41:00;42;sem vítima;37;BR-153/MG;Norte;Tombamento;;;1;;;;;;;;1;;;;
04/07/2016;18:31:00;495;com vítima;441;BR-262/MG;Leste;Atropelamento - Morador;1;;;;;;;;;;2;;1;;
04/07/2016;19:31:00;514;sem vítima;441;BR-262/MG;Leste;Colisão Traseira;2;;;;;;;;;;2;;;;
04/07/2016;06:43:00;43;sem vítima;454;BR-262/MG;Leste;Outros - sequências;1;;;;;;;;;;1;;;;
04/07/2016;13:46:00;286;com vítima;5;BR-060/DF;Norte;Choque - Poste;1;;;;;;;;;;0;1;;;
04/07/2016;07:42:00;74;com vítima;620;BR-153/GO;Norte;Capotamento;1;;;;;;;;;;0;1;;;
04/07/2016;10:30:00;186;com vítima;135;BR-060/GO;Sul;Saida de Pista;;;1;;;;;;;;0;4;;;
05/07/2016;17:13:00;404;sem vítima;362;BR-262/MG;Oeste;Colisão Traseira;;;2;;;;;;;;2;;;;
05/07/2016;18:23:00;435;com vítima;2,7;BR-060/DF;Sul;Colisão Lateral;;;;1;;;;;;1;1;1;;;
05/07/2016;17:46:00;418;sem vítima;499,6;BR-153/GO;Sul;Colisão Traseira;1;;1;;;;;;;;2;;;;
05/07/2016;18:57:00;454;com vítima;74;BR-060/GO;Sul;Choque - Outros;1;;;;;;;;;;0;2;;;
05/07/2016;17:32:00;415;sem vítima;95,3;BR-060/GO;Sul;Saida de Pista;1;;;;;1;;;;;2;;;;
05/07/2016;18:31:00;436;sem vítima;97;BR-060/GO;Sul;Colisão Lateral;2;;;;;;;;;;2;;;;
05/07/2016;16:51:00;396;com vítima;555,151;BR-153/GO;Norte;Outros - sequências;1;;;;;;;;;;0;;;;1
05/07/2016;16:16:00;375;com vítima;773;BR-262/MG;Leste;Colisão Lateral;2;;;;;;;;;;0;4;;;
06/07/2016;17:31:00;434;com vítima;505;BR-153/GO;Norte;Outros - sequências;;;;1;;1;;;;;1;1;;;
06/07/2016;07:35:00;80;com vítima;506;BR-153/GO;Norte;Engavetamento;4;;;1;;;;;;;0;5;;;
06/07/2016;07:58:00;95;sem vítima;76;BR-060/GO;Sul;Saida de Pista;1;;;;;;;;;;1;;;;
06/07/2016;12:18:00;245;sem vítima;507;BR-153/GO;Sul;Colisão Traseira;2;;;;;;;;;;2;;;;
06/07/2016;13:42:00;300;com vítima;578,5;BR-262/MG;Leste;Queda de Moto;;;;1;;;;;;;0;2;;;
06/07/2016;07:48:00;105;com vítima;116,8;BR-060/GO;Norte;Queda de Moto;;;;1;;;;;;;0;1;;;
07/07/2016;18:01:00;475;com vítima;499,5;BR-153/GO;Sul;Colisão Lateral;;;1;1;;;;;;;1;1;1;;
07/07/2016;09:43:00;157;sem vítima;405;BR-262/MG;Leste;Colisão Transversal;2;;;;;1;;;;;3;;;;
07/07/2016;22:26:00;580;sem vítima;32;BR-153/MG;Norte;Tombamento;;;1;;;;;;;;1;;;;
07/07/2016;13:36:00;321;com vítima;503;BR-153/GO;Sul;Queda de Moto;;;;1;;1;;;;;1;1;;;
07/07/2016;15:35:00;396;sem vítima;551;BR-262/MG;Leste;Outros - sequências;;;2;;;;;;;;2;;;;