data;horario;n_da_ocorrencia;tipo_de_ocorrencia;km;trecho;sentido;tipo_de_acidente;automovel;bicicleta;caminhao;moto;onibus;outros;tracao_animal;transporte_de_cargas_especiais;trator_maquinas;utilitarios;ilesos;levemente_feridos;moderadamente_feridos;gravemente_feridos;mortos
24/07/2016;00:19:00;5;com vítima;4;BR-060/GO;Norte;Outros - sequências;1;;;;;;;;;;0;1;;;
24/07/2016;21:58:00;557;com vítima;380;BR-262/MG;Oeste;Outros - sequências;;;1;;;;;;;;0;1;;;1
24/07/2016;20:01:00;504;sem vítima;3;BR-060/DF;Norte;Engavetamento;2;;;;;;;;;;2;;;;
24/07/2016;06:20:00;49;sem vítima;409;BR-262/MG;Oeste;Capotamento;1;;;;;;;;;;1;;;;
24/07/2016;04:33:00;37;sem vítima;424;BR-262/MG;Oeste;Saida de Pista;;;;;;;;;;1;1;;;;
24/07/2016;09:27:00;125;com vítima;60;BR-060/GO;Norte;Colisão Traseira;2;;;;;;;;;;0;5;;;
24/07/2016;13:59:00;246;com vítima;468;BR-262/MG;Leste;Saida de Pista;1;;;;;;;;;;0;1;;;
24/07/2016;10:39:00;166;com vítima;84;BR-060/GO;Sul;Queda de Moto;;;;1;;;;;;;0;2;;;
24/07/2016;17:50:00;412;com vítima;510,5;BR-153/GO;Norte;Queda de Moto;;;;1;;;;;;;0;2;;;
24/07/2016;20:33:00;520;sem vítima;94;BR-060/GO;Norte;Saida de Pista;1;;;;;;;;;;1;;;;
24/07/2016;05:10:00;41;sem vítima;11,5;BR-060/DF;Norte;Choque - Poste;1;;;;;;;;;;1;;;;
24/07/2016;09:23:00;121;com vítima;532;BR-153/GO;Sul;Queda de Ciclista;;;;1;;;;;;;0;1;;;
24/07/2016;08:18:00;88;sem vítima;834;BR-262/MG;Oeste;;1;;;;;;;;;;1;;;;
24/07/2016;12:29:00;211;sem vítima;871;BR-262/MG;Leste;Saida de Pista;;;;;;;;;;1;1;;;;
25/07/2016;19:39:00;538;sem vítima;1;BR-153/MG;Norte;Outros - sequências;1;;;;;1;;;;;2;;;;
25/07/2016;14:14:00;360;sem vítima;494;BR-153/GO;Sul;Colisão Traseira;2;;;;;;;;;;2;;;;
25/07/2016;23:57:00;613;com vítima;364;BR-262/MG;Leste;Colisão Lateral;1;;;;;1;;;;;1;1;;;
25/07/2016;22:31:00;592;com vítima;408;BR-262/MG;Leste;Colisão Traseira;1;;;;;2;;;;;2;1;;;
25/07/2016;08:22:00;132;com vítima;511;BR-153/GO;Norte;Queda de Moto;;;;1;;;;;;;0;1;;;
25/07/2016;01:53:00;36;com vítima;544,087;BR-262/MG;Leste;Outros - sequências;;;;;1;;;;;;1;6;6;2;
25/07/2016;14:40:00;381;sem vítima;587;BR-262/MG;Leste;Capotamento;;;;;;;;;;1;1;;;;
25/07/2016;08:29:00;138;com vítima;588,3;BR-153/GO;Norte;Saida de Pista;1;;;;;;;;;;0;4;;;
25/07/2016;15:27:00;405;sem vítima;623;BR-153/GO;Norte;Colisão Lateral;1;;1;;;;;;;;2;;;;
25/07/2016;03:44:00;52;sem vítima;797;BR-262/MG;Leste;Atropelamento de Animal;;;1;;;;;;;;1;;;;
25/07/2016;00:51:00;20;com vítima;831;BR-262/MG;Leste;Saida de Pista;1;;;;;;;;;;0;1;;;
25/07/2016;12:43:00;307;com vítima;876;BR-262/MG;Oeste;Colisão Traseira;2;;;;;;;;;;1;1;;;
26/07/2016;18:53:00;496;sem vítima;361,8;BR-262/MG;Oeste;Colisão Traseira;2;;;;;;;;;;2;;;;
26/07/2016;10:17:00;188;sem vítima;494,7;BR-153/GO;Norte;Colisão Traseira;1;;1;;;1;;;;;3;;;;
26/07/2016;19:03:00;502;com vítima;495,1;BR-153/GO;Sul;Colisão Traseira;;;;1;;1;;;;;1;;1;;
26/07/2016;13:54:00;337;com vítima;391;BR-262/MG;Leste;Outros - sequências;1;;;;;;;;;;0;1;1;;
26/07/2016;07:25:00;60;sem vítima;4,119;BR-060/DF;Norte;Colisão Traseira;1;;;1;;;;;;;2;;;;
26/07/2016;10:24:00;196;sem vítima;46,5;BR-153/MG;Sul;Saida de Pista;;;1;;;;;;;;1;;;;
26/07/2016;09:46:00;161;com vítima;551;BR-153/GO;Norte;Outros - sequências;1;;;;;;;;;;1;2;;;
26/07/2016;19:33:00;513;sem vítima;738,2;BR-262/MG;Oeste;Saida de Pista;;;1;;;;;;;;1;;;;
26/07/2016;16:17:00;435;sem vítima;843;BR-262/MG;Oeste;Outros - sequências;1;;;;;;;;;;1;;;;
26/07/2016;13:07:00;305;sem vítima;685,8;BR-153/GO;Norte;Colisão Traseira;2;;;;;;;;;;2;;;;
27/07/2016;01:00:00;13;com vítima;365,4;BR-262/MG;Oeste;Saida de Pista;1;;;;;;;;;;0;1;;;
27/07/2016;08:38:00;127;sem vítima;25;BR-060/GO;Sul;Capotamento;1;;;;;;;;;;1;;;;
27/07/2016;23:24:00;659;sem vítima;14;BR-153/MG;Sul;Saida de Pista;1;;;;;;;;;;1;;;;
27/07/2016;17:49:00;523;sem vítima;499;BR-153/GO;Sul;Colisão Traseira;2;;;;;;;;;;2;;;;
27/07/2016;17:23:00;499;sem vítima;500,3;BR-153/GO;Sul;Engavetamento;2;;;;;2;;;;;4;;;;
27/07/2016;13:45:00;347;sem vítima;74,2;BR-060/GO;Norte;Saida de Pista;1;;;;;1;;;;;2;;;;
27/07/2016;19:25:00;572;sem vítima;10;BR-060/DF;Sul;Colisão Traseira;2;;;;;;;;;;2;;;;
27/07/2016;15:15:00;424;com vítima;127,818;BR-153/MG;Norte;Engavetamento;;;3;;1;1;;;;;17;4;1;;
27/07/2016;06:40:00;71;sem vítima;580;BR-262/MG;Leste;Colisão Lateral;;;2;;;;;;;;2;;;;
27/07/2016;09:48:00;179;sem vítima;181,9;BR-153/MG;Sul;Colisão Lateral;;;2;;;;;;;;2;;;;
27/07/2016;12:56:00;319;com vítima;656,3;BR-153/GO;Sul;Capotamento;1;;;;;1;;;;;1;2;;;
27/07/2016;14:19:00;374;sem vítima;129,974;BR-060/GO;Sul;Colisão Traseira;1;;;;;1;;;;;2;;;;
28/07/2016;20:09:00;546;com vítima;359;BR-262/MG;Leste;Saida de Pista;1;;;;;;;;;;0;2;;;
28/07/2016;08:19:00;99;com vítima;493;BR-153/GO;Sul;Colisão Traseira;1;;;1;;;;;;;1;1;;;
28/07/2016;16:51:00;448;com vítima;19,5;BR-153/MG;Sul;Colisão Transversal;1;;;1;;;;;;;1;1;;;
28/07/2016;17:37:00;465;com vítima;499,2;BR-153/GO;Sul;Colisão Traseira;1;;;1;;;;;;;1;1;;;
28/07/2016;11:35:00;243;com vítima;399,939;BR-262/MG;Leste;Colisão Traseira;;;1;1;;;;;;;1;1;;;
28/07/2016;20:09:00;545;com vítima;409;BR-262/MG;Leste;Saida de Pista;1;;;;;;;;;;0;1;;;
28/07/2016;17:29:00;461;sem vítima;504;BR-153/GO;Norte;Colisão Traseira;2;;;;;;;;;;2;;;;
28/07/2016;19:13:00;519;sem vítima;450;BR-262/MG;Oeste;Outros - sequências;1;;;;;1;;;;;4;;;;
28/07/2016;17:54:00;474;com vítima;193;BR-153/MG;Sul;Colisão Traseira;;;3;;;;;;;;0;3;;;
28/07/2016;11:09:00;227;sem vítima;802;BR-262/MG;Oeste;Saida de Pista;1;;;;;1;;;;;2;;;;
28/07/2016;14:56:00;356;com vítima;669,7;BR-153/GO;Sul;Capotamento;1;;;;;;;;;;0;2;;;
29/07/2016;09:45:00;208;com vítima;356;BR-262/MG;Leste;Capotamento;1;;;;;1;;;;;2;1;2;;
29/07/2016;20:59:00;591;com vítima;7;BR-060/GO;Norte;Outros - sequências;1;;;;;1;;;;;2;2;;;
29/07/2016;21:54:00;613;com vítima;17;BR-060/GO;Norte;Tombamento;;;1;;;;;;;;0;1;1;;
29/07/2016;08:49:00;155;sem vítima;19,9;BR-060/GO;Norte;Saida de Pista;1;;;;;;;;;;1;;;;
29/07/2016;21:05:00;580;com vítima;441;BR-262/MG;Leste;Colisão Traseira;1;;;1;;;;;;;0;2;1;;
29/07/2016;16:08:00;442;sem vítima;57;BR-153/MG;Sul;Colisão Traseira;;;2;;;;;;;;2;;;;
29/07/2016;12:52:00;329;sem vítima;71,5;BR-153/MG;Sul;Saida de Pista;1;;;;;;;;;;1;;;;
29/07/2016;19:55:00;562;com vítima;97,578;BR-060/GO;Sul;Colisão Lateral;;;;1;;;;;;1;1;1;;;
29/07/2016;11:05:00;265;com vítima;157;BR-153/MG;Norte;Colisão Traseira;;;1;;;1;;;;;1;3;;;
29/07/2016;09:52:00;212;com vítima;116;BR-060/GO;Sul;Tombamento;;;1;;;;;;;;0;2;;;
29/07/2016;17:49:00;495;sem vítima;749;BR-262/MG;Oeste;Saida de Pista;;;1;;;;;;;;1;;;;
29/07/2016;23:58:00;649;com vítima;900;BR-262/MG;Leste;Tombamento;;;1;;;;;;;;0;;1;;
30/07/2016;06:18:00;67;com vítima;5,33;BR-060/GO;Sul;Saida de Pista;1;;;;;;;;;;0;;;;1
30/07/2016;23:20:00;553;sem vítima;10;BR-060/GO;Norte;Capotamento;1;;;;;;;;;;1;;;;
30/07/2016;10:01:00;170;sem vítima;11;BR-060/GO;Sul;Colisão Traseira;1;;;1;;;;;;;2;;;;
30/07/2016;19:33:00;472;sem vítima;49;BR-153/MG;Sul;Colisão Lateral;;;1;;;1;;;;;2;;;;
30/07/2016;04:11:00;46;com vítima;462;BR-262/MG;Leste;Colisão Traseira;;;2;;;;;;;;1;1;;;
30/07/2016;00:50:00;11;sem vítima;477,6;BR-262/MG;Leste;Saida de Pista;1;;;;;;;;;;1;;;;
30/07/2016;18:03:00;427;com vítima;540;BR-153/GO;Sul;Queda de Moto;;;;1;;;;;;;0;1;1;;
30/07/2016;19:09:00;459;com vítima;206;BR-153/MG;Sul;Atropelamento de Animal;1;;;;;;;;;;4;1;;;
30/07/2016;23:42:00;559;com vítima;801;BR-262/MG;Oeste;Atropelamento - Usuário;1;;;;;;;;;;1;2;;1;2
30/07/2016;20:53:00;510;com vítima;235;BR-153/MG;Sul;Outros - sequências;;;1;;;;;;;;0;;1;;
31/07/2016;19:38:00;501;sem vítima;8;BR-060/GO;Norte;Saida de Pista;1;;;;;;;;;;1;;;;
31/07/2016;16:23:00;375;sem vítima;387;BR-262/MG;Leste;Outros - sequências;1;;1;;;;;;;;2;;;;
31/07/2016;14:27:00;294;sem vítima;34;BR-153/MG;Sul;Colisão Lateral;1;;1;;;;;;;;2;;;;
31/07/2016;19:39:00;502;sem vítima;54;BR-060/GO;Norte;Saida de Pista;1;;;;;;;;;;1;;;;
31/07/2016;22:19:00;583;com vítima;65;BR-060/GO;Norte;Queda de Moto;;;;1;;;;;;;0;1;;;
31/07/2016;17:35:00;424;sem vítima;508;BR-153/GO;Norte;;5;;;;;;;;;;5;;;;
31/07/2016;21:52:00;568;com vítima;486;BR-262/MG;Leste;Capotamento;1;;;;;1;;;;;1;4;;;
31/07/2016;15:51:00;350;com vítima;509;BR-153/GO;Norte;Colisão Lateral;2;;;;;;;;;;1;1;;;
31/07/2016;03:42:00;28;sem vítima;492;BR-262/MG;Oeste;Saida de Pista;1;;;;;;;;;;2;;;;
31/07/2016;18:38:00;465;com vítima;523;BR-153/GO;Sul;Outros - sequências;1;;;;;;;;;;0;1;;;
31/07/2016;18:27:00;458;com vítima;526;BR-153/GO;Norte;Colisão Traseira;2;;;;;;;;;;0;2;;;
31/07/2016;11:01:00;200;com vítima;578;BR-262/MG;Oeste;Queda de Ciclista;;;;1;;;;;;;0;;;1;
31/07/2016;16:25:00;377;sem vítima;550;BR-153/GO;Norte;Outros - sequências;1;;1;;;;;;;;2;;;;
31/07/2016;18:35:00;464;sem vítima;567;BR-153/GO;Norte;Tombamento;;;1;;;;;;;;1;;;;
31/07/2016;06:34:00;49;com vítima;709,327;BR-262/MG;Oeste;Capotamento;1;;;;;;;;;;1;1;;;
31/07/2016;22:39:00;590;com vítima;118;BR-060/GO;Sul;Queda de Moto;;;;1;;;;;;;0;1;;;
31/07/2016;17:48:00;430;com vítima;811;BR-262/MG;Leste;Outros - sequências;;;;1;;1;;;;;1;1;;;
01/08/2016;00:41:00;7;com vítima;369;BR-262/MG;Oeste;Capotamento;1;;;;;;;;;;0;;;;1
01/08/2016;05:41:00;33;com vítima;118;BR-060/GO;Sul;Atropelamento - Usuário;;;;1;;;;;;;0;;2;;
01/08/2016;07:04:00;53;com vítima;492;BR-153/GO;Norte;Queda de Moto;;;;1;;;;;;;0;1;;;
01/08/2016;07:54:00;76;sem vítima;534;BR-153/GO;Norte;Saida de Pista;1;;;;;;;;;;1;;;;
01/08/2016;11:13:00;230;sem vítima;45,2;BR-153/MG;Sul;Saida de Pista;1;;;;;;;;;;1;;;;
01/08/2016;13:50:00;326;sem vítima;23,5;BR-060/DF;Norte;Capotamento;1;;;;;;;;;;1;;;;
01/08/2016;15:09:00;370;sem vítima;109;BR-060/GO;Norte;Outros - sequências;1;;2;;;;;;;;3;;;;
01/08/2016;16:25:00;419;com vítima;472;BR-262/MG;Oeste;Outros - sequências;2;;1;;;;;;;;1;3;2;;
01/08/2016;19:50:00;537;sem vítima;573;BR-262/MG;Oeste;Colisão Traseira;;;1;;;1;;;;;2;;;;
01/08/2016;23:09:00;607;sem vítima;614;BR-153/GO;Sul;Outros - sequências;1;;1;;;;;;;;3;;;;
02/08/2016;06:30:00;52;sem vítima;512;BR-153/GO;Sul;Colisão Traseira;1;;;1;;;;;;1;3;;;;
02/08/2016;06:39:00;56;sem vítima;510;BR-153/GO;Norte;Colisão Traseira;;;2;;;;;;;;2;;;;
02/08/2016;08:27:00;122;sem vítima;566;BR-153/GO;Sul;Outros - sequências;1;;1;;;;;;;;2;;;;
02/08/2016;08:59:00;148;sem vítima;494,3;BR-153/GO;Norte;Colisão Traseira;1;;;;;;;;;1;2;;;;
02/08/2016;10:09:00;191;com vítima;499;BR-153/GO;Sul;Colisão Traseira;;;;1;;1;;;;;1;1;;;
02/08/2016;10:55:00;224;com vítima;513,5;BR-153/GO;Sul;Colisão Lateral;;;;1;;2;;;;;2;1;;;
02/08/2016;13:17:00;305;com vítima;501;BR-153/GO;Sul;Queda de Moto;;;;1;;;;;;;0;1;;;
02/08/2016;13:27:00;309;sem vítima;128;BR-153/MG;Sul;Colisão Traseira;;;3;;;;;;;;3;;;;
02/08/2016;15:48:00;382;com vítima;501;BR-153/GO;Sul;Colisão Lateral;1;;;2;;;;;;;2;1;;;
02/08/2016;15:52:00;384;com vítima;44;BR-060/GO;Norte;Colisão Lateral;;;;1;;;;;;1;1;1;;;
02/08/2016;15:55:00;388;sem vítima;118;BR-060/GO;Sul;Colisão Transversal;2;;;;;;;;;;2;;;;
02/08/2016;16:16:00;404;com vítima;636;BR-153/GO;Norte;Capotamento;;;;;;;;;;1;0;1;;;
02/08/2016;17:42:00;447;sem vítima;112;BR-060/GO;Norte;Colisão Lateral;1;;1;;;;;;;;2;;;;
02/08/2016;18:16:00;467;com vítima;479;BR-262/MG;Leste;Colisão Transversal;;;2;;;1;;;;;1;1;1;;
02/08/2016;18:57:00;486;com vítima;27,5;BR-060/GO;Sul;Choque - Outros;;;1;;;;;;;;0;1;;;
03/08/2016;03:38:00;32;sem vítima;586,2;BR-153/GO;Norte;Saida de Pista;;;;;;;;;;1;1;;;;
03/08/2016;08:13:00;99;sem vítima;496;BR-153/GO;Norte;Colisão Traseira;1;;1;;;;;;;;2;;;;
03/08/2016;08:13:00;100;sem vítima;496;BR-153/GO;Norte;;1;;;;;;;;;;1;;;;
03/08/2016;08:49:00;132;com vítima;497;BR-153/GO;Norte;Queda de Moto;;;1;1;;;;;;;1;1;;;
03/08/2016;11:20:00;228;sem vítima;404,263;BR-262/MG;Oeste;Saida de Pista;1;;;;;;;;;;1;;;;
03/08/2016;13:10:00;282;sem vítima;589,1;BR-262/MG;Oeste;Outros - sequências;2;;;;;;;;;;2;;;;
03/08/2016;14:28:00;323;sem vítima;559;BR-153/GO;Sul;Saida de Pista;1;;;;;;;;;;1;;;;
03/08/2016;15:45:00;375;sem vítima;118;BR-060/GO;Sul;Colisão Lateral;1;;1;;;;;;;;2;;;;
03/08/2016;16:44:00;417;com vítima;509;BR-153/GO;Sul;Colisão Frontal;1;;;1;;;;;;;1;1;;;
03/08/2016;19:09:00;490;sem vítima;246,322;BR-153/MG;Sul;Outros - sequências;;;1;;;;;;;;1;;;;
03/08/2016;21:07:00;542;com vítima;31,653;BR-060/GO;Sul;Outros - sequências;;;;1;;1;;;;;1;1;;;
04/08/2016;09:29:00;167;com vítima;367;BR-262/MG;Oeste;Colisão Lateral;;;1;;;;;;;1;1;1;;;
04/08/2016;09:30:00;169;sem vítima;134,2;BR-060/GO;Sul;Colisão Traseira;;;2;;;;;;;;2;;;;
04/08/2016;11:31:00;246;com vítima;455;BR-262/MG;Leste;Saida de Pista;1;;;;;;;;;;0;1;;;
04/08/2016;19:04:00;508;com vítima;498;BR-153/GO;Norte;Queda de Moto;;;;2;;;;;;;1;2;;;
04/08/2016;21:13:00;556;com vítima;514;BR-153/GO;Sul;Queda de Ciclista;;1;;;;;;;;;0;1;;;
05/08/2016;07:47:00;66;sem vítima;494,9;BR-153/GO;Norte;Engavetamento;2;;1;;;;;;;;4;;;;
05/08/2016;11:27:00;257;sem vítima;108;BR-060/GO;Sul;Choque - Defensa, barreira ou "submarino";1;;;;;;;;;;1;;;;
05/08/2016;16:38:00;432;sem vítima;43;BR-060/GO;Sul;Colisão Lateral;;;1;;;;;;;1;2;;;;
05/08/2016;19:05:00;517;com vítima;446;BR-262/MG;Leste;Tombamento;;;1;;;;;;;;0;1;;;
05/08/2016;20:33:00;551;com vítima;390;BR-262/MG;Oeste;Colisão Traseira;;;1;;;;;;;1;0;2;;;
05/08/2016;22:46:00;607;com vítima;652;BR-262/MG;Leste;Saida de Pista;;;;;;1;;;;1;1;2;;;
06/08/2016;01:55:00;23;sem vítima;802,5;BR-262/MG;Oeste;Saida de Pista;1;;;;;;;;;;2;;;;
06/08/2016;09:29:00;210;sem vítima;548;BR-262/MG;Oeste;Choque - Elemento de Drenagem;1;;;;;;;;;;1;;;;
06/08/2016;09:41:00;215;com vítima;123,3;BR-153/MG;Norte;Colisão Frontal;2;;;;;;;;;;0;4;1;;
06/08/2016;10:08:00;231;sem vítima;702;BR-153/GO;Norte;Tombamento;;;1;;;;;;;;1;;;;
06/08/2016;13:58:00;341;com vítima;150;BR-153/MG;Norte;Capotamento;1;;;;;;;;;;0;1;;;
06/08/2016;16:46:00;447;sem vítima;503;BR-153/GO;Norte;Colisão Traseira;2;;;;;;;;;;2;;;;
06/08/2016;17:24:00;466;sem vítima;503,376;BR-153/GO;Norte;Colisão Lateral;1;;1;;;;;;;;2;;;;
06/08/2016;19:56:00;520;sem vítima;17;BR-153/MG;Norte;Saida de Pista;1;;;;;;;;;;1;;;;
06/08/2016;20:35:00;540;com vítima;94;BR-060/GO;Norte;Outros - sequências;1;;;;;;;;;;0;2;;;
06/08/2016;20:56:00;547;com vítima;394;BR-262/MG;Oeste;Saida de Pista;1;;;;;;;;;;1;1;;;
06/08/2016;22:02:00;568;com vítima;375;BR-262/MG;Oeste;Atropelamento - Ciclista;;1;;;1;;;;;;1;;;1;
06/08/2016;22:02:00;569;sem vítima;376;BR-262/MG;Leste;;;;;;1;;;;;;1;;;;
06/08/2016;23:17:00;590;com vítima;525;BR-153/GO;Sul;Queda de Moto;;;;1;;;;;;;0;1;;;
07/08/2016;07:39:00;82;com vítima;509;BR-153/GO;Sul;Outros - sequências;2;;;;;;;;;;1;1;;;
07/08/2016;09:07:00;142;sem vítima;397;BR-262/MG;Leste;Saida de Pista;1;;;;;;;;;;1;;;;
07/08/2016;09:16:00;146;com vítima;366,716;BR-262/MG;Oeste;Capotamento;;;;;;;;;;1;0;2;;;
07/08/2016;11:02:00;199;com vítima;357,426;BR-262/MG;Oeste;Queda de Moto;;;;1;;;;;;;0;2;;;
07/08/2016;11:44:00;214;com vítima;439,359;BR-262/MG;Oeste;Colisão Transversal;;;;2;;;;;;;1;;1;;
07/08/2016;12:03:00;224;com vítima;381,725;BR-262/MG;Leste;Capotamento;1;;;;;;;;;;0;2;1;;1
07/08/2016;12:17:00;228;sem vítima;773;BR-262/MG;Leste;Colisão Transversal;1;;1;;;;;;;;2;;;;
07/08/2016;17:48:00;391;com vítima;633,58;BR-153/GO;Sul;Saida de Pista;1;;;;;;;;;;0;1;;;
07/08/2016;19:41:00;448;com vítima;3;BR-060/DF;Norte;Outros - sequências;1;;;1;;1;;;;;2;1;;;
07/08/2016;21:06:00;476;com vítima;234;BR-153/MG;Norte;Saida de Pista;1;;;;;1;;;;;1;5;;;
07/08/2016;22:35:00;518;com vítima;134;BR-060/GO;Sul;Atropelamento de Animal;;;1;;;;;;;;0;1;;;
07/08/2016;23:09:00;528;com vítima;496;BR-153/GO;Norte;Outros - sequências;2;;;;;;;;;;1;2;1;;
08/08/2016;06:31:00;58;com vítima;810,577;BR-262/MG;Oeste;Queda de Moto;;;;1;;;;;;;0;;1;;
08/08/2016;06:31:00;59;com vítima;438,439;BR-262/MG;Leste;Capotamento;1;;;;;;;;;;0;1;;;
08/08/2016;07:51:00;89;sem vítima;96;BR-060/GO;Sul;Colisão Traseira;2;;;;;;;;;;2;;;;
08/08/2016;10:32:00;219;com vítima;144;BR-153/MG;Sul;Colisão Traseira;2;;3;;;;;;;;4;2;;;
08/08/2016;16:20:00;415;com vítima;7;BR-153/MG;Sul;Colisão Traseira;1;;;1;;;;;;;1;1;;;
08/08/2016;17:34:00;476;com vítima;99;BR-060/GO;Norte;Colisão Lateral;1;1;;;;;;;;;0;2;;;
08/08/2016;18:47:00;520;com vítima;504;BR-153/GO;Norte;Colisão Traseira;1;;;1;;;;;;;0;2;;;
08/08/2016;19:20:00;534;com vítima;874;BR-262/MG;Oeste;Atropelamento de Animal;1;;;;;;;;;;0;;;2;
08/08/2016;19:53:00;546;sem vítima;22;BR-060/GO;Sul;Saida de Pista;1;;;;;;;;;;5;;;;
09/08/2016;03:29:00;15;sem vítima;13,2;BR-060/GO;Norte;Saida de Pista;;;1;;;1;;;;;2;;;;
09/08/2016;07:33:00;46;sem vítima;509;BR-153/GO;Norte;Colisão Traseira;2;;;;;;;;;;2;;;;
09/08/2016;08:07:00;65;com vítima;95;BR-060/GO;Norte;Colisão Lateral;;;2;;;;;;;;1;1;;;
09/08/2016;08:53:00;110;sem vítima;656;BR-262/MG;Leste;;1;;;;;;;;;;1;;;;
09/08/2016;09:42:00;149;com vítima;634;BR-153/GO;Norte;Colisão Lateral;1;;1;;;;;;;;1;1;;;
09/08/2016;11:42:00;239;com vítima;606;BR-262/MG;Leste;Outros - sequências;1;;;;;;;;;;0;;;;1
09/08/2016;15:25:00;353;com vítima;95,714;BR-060/GO;Sul;Outros - sequências;2;;;;;;;;;;1;2;;;
09/08/2016;16:30:00;397;sem vítima;94,358;BR-060/GO;Sul;Colisão Traseira;;;1;;;1;;;;;2;;;;
09/08/2016;18:31:00;473;sem vítima;92;BR-060/GO;Sul;Colisão Lateral;;;;;;1;;;;1;2;;;;
09/08/2016;19:24:00;496;sem vítima;580;BR-262/MG;Oeste;Saida de Pista;1;;;;;;;;;;1;;;;
09/08/2016;19:55:00;514;sem vítima;474;BR-262/MG;Oeste;Saida de Pista;1;;;;;;;;;;1;;;;
10/08/2016;05:33:00;48;com vítima;78,2;BR-060/GO;Norte;Colisão Lateral;;;2;;;;;;;;0;2;;;
10/08/2016;05:34:00;49;com vítima;95;BR-060/GO;Norte;Capotamento;1;;;;;;;;;;0;1;;;
10/08/2016;10:19:00;210;sem vítima;11;BR-060/DF;Norte;Colisão Traseira;2;;;;;;;;;;2;;;;
10/08/2016;11:33:00;261;sem vítima;136;BR-060/GO;Sul;Saida de Pista;;;;;;;;;;1;1;;;;
10/08/2016;11:34:00;262;sem vítima;774;BR-262/MG;Leste;Colisão Lateral;1;;;;;;;;;;1;;;;
10/08/2016;13:22:00;307;sem vítima;364,4;BR-262/MG;Oeste;Saida de Pista;1;;;;;;;;;;1;;;;
10/08/2016;13:28:00;313;com vítima;403,886;BR-262/MG;Leste;Capotamento;1;;;;;;;;;;0;;;1;
10/08/2016;17:42:00;468;com vítima;500,812;BR-153/GO;Norte;Queda de Moto;;;;1;;1;;;;;1;1;;;
10/08/2016;17:59:00;481;sem vítima;415;BR-262/MG;Leste;Capotamento;;;;;;1;;;;1;2;;;;
10/08/2016;18:17:00;496;com vítima;499;BR-153/GO;Sul;Engavetamento;3;;;;1;;;;;;0;4;;;
10/08/2016;19:18:00;534;com vítima;7;BR-060/DF;Sul;Atropelamento - Andarilho;1;;;;;;;;;;1;1;;;
11/08/2016;07:31:00;63;sem vítima;553;BR-262/MG;Oeste;;1;;;;;;;;;;1;;;;
11/08/2016;09:02:00;131;com vítima;11,8;BR-153/MG;Norte;Colisão Frontal;;;3;;;;;;;;1;2;;;1
11/08/2016;14:50:00;348;sem vítima;443;BR-262/MG;Oeste;Saida de Pista;;;;;;;;;;1;1;;;;
11/08/2016;14:45:00;350;sem vítima;107;BR-060/GO;Sul;Colisão Traseira;2;;;;;;;;;;2;;;;
11/08/2016;17:19:00;436;sem vítima;438;BR-262/MG;Leste;Colisão Traseira;1;;;;;1;;;;;2;;;;
12/08/2016;05:28:00;40;com vítima;595;BR-153/GO;Norte;Outros - sequências;;;1;;;;;;;;0;1;;;
12/08/2016;07:39:00;84;com vítima;563;BR-153/GO;Norte;Saida de Pista;1;;;;;;;;;;0;1;;;
12/08/2016;08:27:00;108;sem vítima;524;BR-262/MG;Oeste;Colisão Traseira;;;2;;;;;;;;2;;;;
12/08/2016;10:40:00;217;com vítima;433;BR-262/MG;Leste;Colisão Lateral;;;2;;;;;;;;1;1;;1;
12/08/2016;11:31:00;254;sem vítima;500;BR-153/GO;Norte;Colisão Traseira;1;;;;;;;;;1;2;;;;
12/08/2016;15:15:00;392;sem vítima;47;BR-060/GO;Norte;Outros - sequências;1;;;;;;;;;;1;;;;
12/08/2016;18:54:00;569;com vítima;114;BR-153/MG;Norte;Choque - Objeto sobre a pista;1;;;;;;;;;;0;1;;;
12/08/2016;18:59:00;571;sem vítima;499;BR-153/GO;Sul;Colisão Traseira;1;;;;;1;;;;;2;;;;
12/08/2016;19:19:00;579;com vítima;503;BR-153/GO;Sul;Colisão Traseira;;;;1;;1;;;;;1;1;;;
12/08/2016;19:35:00;589;sem vítima;619,9;BR-153/GO;Sul;Atropelamento de Animal;1;;1;;;;;;;;2;;;;
12/08/2016;19:37:00;592;sem vítima;524;BR-153/GO;Norte;Outros - sequências;1;;;;;;;;;;1;;;;
12/08/2016;21:26:00;646;com vítima;0,368;BR-060/GO;Norte;Queda de Moto;;;;1;;;;;;;0;;1;1;
13/08/2016;06:13:00;66;com vítima;587,3;BR-262/MG;Leste;Capotamento;1;;;;;;;;;;0;1;;;
13/08/2016;07:03:00;83;sem vítima;803;BR-262/MG;Leste;Colisão Traseira;2;;;;;;;;;;2;;;;
13/08/2016;07:57:00;108;sem vítima;554;BR-262/MG;Leste;Saida de Pista;;;1;;;;;;;;1;;;;
13/08/2016;08:26:00;125;com vítima;380,7;BR-262/MG;Oeste;Queda de Moto;;;;1;;;;;;;0;1;;;
13/08/2016;09:04:00;148;com vítima;40,5;BR-060/GO;Norte;Queda de Moto;;;;1;;;;;;;0;1;;;
13/08/2016;10:20:00;192;com vítima;491;BR-153/GO;Norte;Queda de Moto;;;;1;;;;;;;0;1;;;
13/08/2016;13:02:00;267;com vítima;632;BR-262/MG;Leste;Saida de Pista;;;;;;;;;;1;0;4;;;
13/08/2016;15:05:00;334;com vítima;498,102;BR-153/GO;Norte;Outros - sequências;1;;1;;;;;;;;2;2;;;
13/08/2016;18:10:00;452;com vítima;617,5;BR-153/GO;Sul;Capotamento;1;;;;;;;;;;1;1;;;