data;horario;n_da_ocorrencia;tipo_de_ocorrencia;km;trecho;sentido;tipo_de_acidente;automovel;bicicleta;caminhao;moto;onibus;outros;tracao_animal;transporte_de_cargas_especiais;trator_maquinas;utilitarios;ilesos;levemente_feridos;moderadamente_feridos;gravemente_feridos;mortos
13/08/2016;18:44:00;466;com vítima;32;BR-060/GO;Norte;Atropelamento - Morador;;;;;;1;;;;;1;;1;;
13/08/2016;19:34:00;483;com vítima;364,787;BR-262/MG;Leste;Atropelamento - Morador;1;;;;;1;;;;;1;1;;;1
13/08/2016;20:13:00;498;com vítima;239;BR-153/MG;Sul;Colisão Lateral;1;;;;;1;;;;;1;1;;;
13/08/2016;21:32:00;534;com vítima;697;BR-153/GO;Norte;Atropelamento - Ciclista;;1;1;;;1;;;;;2;;;;1
13/08/2016;22:28:00;546;com vítima;509;BR-153/GO;Norte;Queda de Moto;;;;1;;;;;;;0;1;;;
13/08/2016;22:46:00;555;com vítima;502;BR-153/GO;Sul;Queda de Ciclista;;;;1;;;;;;;0;1;;;
14/08/2016;01:58:00;18;sem vítima;127;BR-153/MG;Norte;Saida de Pista;1;;;;;;;;;;2;;;;
14/08/2016;06:50:00;62;sem vítima;664,261;BR-262/MG;Leste;Saida de Pista;1;;;;;1;;;;;2;;;;
14/08/2016;12:57:00;238;com vítima;245,8;BR-153/MG;Norte;Colisão Transversal;2;;;;;;;;;;0;3;;;
14/08/2016;14:38:00;302;com vítima;512,8;BR-262/MG;Oeste;Engavetamento;2;;;;;;;;;1;2;2;;;
14/08/2016;15:38:00;338;com vítima;408,1;BR-262/MG;Oeste;Capotamento;1;;;;;1;;;;;1;1;4;;
14/08/2016;16:30:00;372;com vítima;635;BR-153/GO;Norte;Capotamento;1;;;;;;;;;;0;2;;;
14/08/2016;21:26:00;528;sem vítima;435;BR-262/MG;Oeste;Saida de Pista;1;;;;;;;;;;2;;;;
14/08/2016;23:10:00;558;sem vítima;32,5;BR-060/GO;Sul;Outros - sequências;2;;;;;;;;;;2;;;;
14/08/2016;23:18:00;562;sem vítima;409;BR-262/MG;Oeste;Outros - sequências;1;;;;;;;;;;1;;;;
15/08/2016;04:34:00;38;com vítima;850,3;BR-262/MG;Oeste;Outros - sequências;;;;;;;;;;1;0;1;;;
15/08/2016;07:48:00;88;sem vítima;502;BR-153/GO;Norte;Engavetamento;3;;;;;;;;;;3;;;;
15/08/2016;07:53:00;92;com vítima;46;BR-060/GO;Sul;Saida de Pista;1;;;;;;;;;;0;1;;;
15/08/2016;08:01:00;98;sem vítima;498,5;BR-153/GO;Sul;Queda de Moto;;;;1;;;;;;;1;;;;
15/08/2016;09:19:00;158;sem vítima;380;BR-262/MG;Oeste;Saida de Pista;1;;;;;;;;;;1;;;;
15/08/2016;09:32:00;166;sem vítima;522,3;BR-153/GO;Norte;Saida de Pista;;;1;;;;;;;;1;;;;
15/08/2016;11:12:00;217;com vítima;4;BR-060/DF;Sul;Colisão Traseira;2;;1;;;;;;;;2;1;;;
15/08/2016;18:39:00;491;sem vítima;498;BR-153/GO;Sul;Colisão Traseira;2;;;;;;;;;;2;;;;
15/08/2016;19:11:00;509;sem vítima;512;BR-153/GO;Sul;Saida de Pista;1;;;;;;;;;;1;;;;
15/08/2016;20:21:00;541;sem vítima;85;BR-060/GO;Norte;Outros - sequências;1;;1;;;;;;;;2;;;;
15/08/2016;21:40:00;566;com vítima;2;BR-153/MG;Sul;Saida de Pista;1;;;;;;;;;;0;3;;;
15/08/2016;21:45:00;568;com vítima;587;BR-262/MG;Leste;Saida de Pista;1;;;;;;;;;;0;1;;;
15/08/2016;22:01:00;573;com vítima;587;BR-262/MG;Oeste;Saida de Pista;1;;;;;;;;;;0;2;;;
15/08/2016;23:43:00;588;com vítima;547;BR-262/MG;Leste;Outros - sequências;1;;1;;;;;;;;0;3;1;;
16/08/2016;00:47:00;9;sem vítima;509;BR-262/MG;Leste;Tombamento;;;1;;;;;;;;1;;;;
16/08/2016;04:37:00;37;com vítima;188;BR-153/MG;Sul;Outros - sequências;1;;;;;;;;;;0;1;;;
16/08/2016;05:13:00;42;sem vítima;58;BR-153/MG;Norte;Saida de Pista;;;;;;;;;;1;2;;;;
16/08/2016;06:31:00;53;com vítima;501;BR-153/GO;Norte;Engavetamento;4;;;2;;1;;;;;5;1;;1;
16/08/2016;06:46:00;60;sem vítima;423;BR-262/MG;Leste;Saida de Pista;1;;;;;;;;;;1;;;;
16/08/2016;07:30:00;84;sem vítima;508;BR-153/GO;Norte;Engavetamento;3;;;;;;;;;;3;;;;
16/08/2016;07:37:00;89;sem vítima;608,95;BR-262/MG;Oeste;Capotamento;1;;;;;;;;;;1;;;;
16/08/2016;07:48:00;94;sem vítima;385;BR-262/MG;Leste;Saida de Pista;1;;;;;;;;;;1;;;;
16/08/2016;07:54:00;100;sem vítima;563;BR-262/MG;Leste;Capotamento;1;;;;;;;;;;1;;;;
16/08/2016;11:58:00;277;com vítima;47;BR-153/MG;Sul;Capotamento;1;;;;;;;;;;0;2;;;
16/08/2016;13:21:00;317;sem vítima;30;BR-060/GO;Norte;Colisão Traseira;1;;;;;1;;;;;2;;;;
16/08/2016;15:25:00;386;com vítima;92;BR-060/GO;Sul;Colisão Traseira;1;;1;;;;;;;;1;2;;;
16/08/2016;15:32:00;392;sem vítima;553;BR-153/GO;Sul;Colisão Traseira;1;;;;;1;;;;;2;;;;
16/08/2016;15:35:00;396;com vítima;104,7;BR-060/GO;Sul;Saida de Pista;;;1;;;;;;;;0;1;;;
16/08/2016;15:53:00;400;sem vítima;6,8;BR-060/GO;Sul;Outros - sequências;;;1;;;;;;;;1;;;;
16/08/2016;15:59:00;402;sem vítima;552;BR-262/MG;Leste;Outros - sequências;;;1;;;;;;;;1;;;;
16/08/2016;16:26:00;418;sem vítima;553;BR-153/GO;Sul;Colisão Traseira;1;;;;;;;;;1;2;;;;
16/08/2016;16:29:00;420;com vítima;57;BR-060/GO;Sul;Saida de Pista;1;;;;;;;;;;0;1;;;
16/08/2016;16:49:00;432;sem vítima;490;BR-153/GO;Norte;Colisão Traseira;1;;;;;;;;;1;2;;;;
16/08/2016;17:34:00;462;sem vítima;19,8;BR-060/GO;Norte;;;;2;;;;;;;1;3;;;;
16/08/2016;19:09:00;505;com vítima;492;BR-153/GO;Sul;Queda de Ciclista;;;;1;;;;;;;0;1;;;
16/08/2016;20:38:00;550;com vítima;95;BR-060/GO;Sul;Outros - sequências;1;;;;;1;;;;;1;1;;;
16/08/2016;20:52:00;555;com vítima;560;BR-153/GO;Norte;Queda de Moto;;;;1;;;;;;;0;1;;;
17/08/2016;03:21:00;24;sem vítima;416;BR-262/MG;Oeste;Outros - sequências;;;1;;;1;;;;;2;;;;
17/08/2016;08:25:00;108;sem vítima;706;BR-262/MG;Oeste;Colisão Traseira;1;;;;;;;;;;5;;;;
17/08/2016;08:52:00;121;sem vítima;693;BR-262/MG;Oeste;Colisão Traseira;1;;1;;;;;;;;2;;;;
17/08/2016;09:12:00;137;sem vítima;461,985;BR-262/MG;Oeste;Colisão Traseira;2;;;;;;;;;;15;;;;
17/08/2016;09:14:00;140;sem vítima;491,3;BR-153/GO;Norte;Colisão Traseira;;;2;;;;;;;;2;;;;
17/08/2016;10:02:00;165;sem vítima;514;BR-153/GO;Norte;Colisão Lateral;2;;;;;;;;;;2;;;;
17/08/2016;10:22:00;178;com vítima;47;BR-060/GO;Norte;Saida de Pista;;;1;;;;;;;;0;1;;;
17/08/2016;12:30:00;243;sem vítima;64,7;BR-060/GO;Sul;Saida de Pista;1;;;;;;;;;;1;;;;
17/08/2016;12:52:00;255;com vítima;479;BR-262/MG;Oeste;Colisão Frontal;2;;;;;;;;;;0;1;4;;
17/08/2016;13:43:00;284;sem vítima;20;BR-060/GO;Norte;Colisão Traseira;2;;;;;;;;;;2;;;;
17/08/2016;17:57:00;439;sem vítima;743,082;BR-262/MG;Oeste;Saida de Pista;1;;;;;;;;;;1;;;;
17/08/2016;18:46:00;454;com vítima;474,54;BR-262/MG;Oeste;Queda de Moto;;;;1;;;;;;;0;2;;;
17/08/2016;19:43:00;483;sem vítima;579,853;BR-262/MG;Oeste;Saida de Pista;1;;;;;;;;;;1;;;;
18/08/2016;02:11:00;31;sem vítima;673;BR-262/MG;Oeste;Outros - sequências;;;1;;;;;;;;1;;;;
18/08/2016;07:25:00;88;com vítima;137;BR-060/GO;Norte;Atropelamento - Usuário;;;;;;1;;;;;1;1;;;
18/08/2016;08:04:00;117;sem vítima;99;BR-060/GO;Sul;Colisão Traseira;;;2;;;;;;;;2;;;;
18/08/2016;11:57:00;310;sem vítima;101;BR-060/GO;Norte;Colisão Traseira;2;;;;;;;;;;2;;;;
18/08/2016;12:25:00;329;com vítima;529;BR-153/GO;Sul;Colisão Frontal;2;;;;;;;;;;1;;1;;
18/08/2016;13:56:00;385;com vítima;136,537;BR-060/GO;Norte;Saida de Pista;1;;;;;;;;;;2;1;;;
18/08/2016;15:37:00;456;sem vítima;45,8;BR-153/MG;Sul;Saida de Pista;;;;;;;;;;1;1;;;;
18/08/2016;15:52:00;466;sem vítima;35,8;BR-153/MG;Sul;Outros - sequências;;;1;;;;;;;;1;;;;
18/08/2016;19:03:00;590;com vítima;429,654;BR-262/MG;Leste;Queda de Moto;;;;1;;;;;;;0;1;;;
18/08/2016;21:15:00;650;sem vítima;137,298;BR-060/GO;Sul;Colisão Lateral;1;;;1;;;;;;;2;;;;
19/08/2016;08:21:00;132;sem vítima;504;BR-153/GO;Sul;Engavetamento;4;;;;;;;;;;4;;;;
19/08/2016;09:08:00;170;sem vítima;810;BR-262/MG;Oeste;Colisão Traseira;1;;;;;1;;;;;4;;;;
19/08/2016;09:58:00;209;sem vítima;405;BR-262/MG;Leste;Tombamento;;;1;;;;;;;;1;;;;
19/08/2016;11:30:00;275;com vítima;654;BR-153/GO;Sul;Queda de Moto;;;;1;;;;;;;0;;1;;
19/08/2016;16:15:00;472;sem vítima;436,021;BR-262/MG;Oeste;Colisão Transversal;;;1;;;;;;;1;2;;;;
19/08/2016;17:11:00;504;com vítima;506,049;BR-153/GO;Norte;Colisão Lateral;;;;2;;;;;;;1;1;;;
19/08/2016;17:16:00;511;com vítima;442,37;BR-262/MG;Leste;Engavetamento;3;;;;;;;;;;0;6;;;
19/08/2016;18:06:00;539;sem vítima;442;BR-262/MG;Leste;;2;;;;;;;;;;2;;;;
19/08/2016;19:39:00;590;sem vítima;177,5;BR-153/MG;Sul;Colisão Traseira;1;;1;;;;;;;;2;;;;
19/08/2016;19:43:00;597;sem vítima;490,605;BR-153/GO;Norte;Colisão Traseira;1;;;;;1;;;;;2;;;;
20/08/2016;02:34:00;28;com vítima;101;BR-060/GO;Sul;Outros - sequências;1;;;;;;;;;;0;1;;;
20/08/2016;03:25:00;34;com vítima;418;BR-262/MG;Oeste;Outros - sequências;1;;;;;;;;;;0;1;;;
20/08/2016;04:09:00;38;com vítima;35;BR-060/GO;Norte;Colisão Traseira;1;;;;;1;;;;;2;2;;;
20/08/2016;05:51:00;51;com vítima;509;BR-153/GO;Sul;Queda de Moto;;;;1;;;;;;;0;;;;1
20/08/2016;07:32:00;86;com vítima;512;BR-153/GO;Norte;Colisão Traseira;1;;;1;;;;;;;0;2;1;;
20/08/2016;09:05:00;147;com vítima;12;BR-060/GO;Sul;Outros - sequências;1;;;;;;;;;;0;1;;;
20/08/2016;09:33:00;166;com vítima;74;BR-060/GO;Norte;Colisão Traseira;;;1;1;;;;;;;1;1;;;
20/08/2016;13:58:00;322;com vítima;502,311;BR-153/GO;Norte;Colisão Frontal;;;;1;;1;;;;;2;1;;;
20/08/2016;14:18:00;330;com vítima;184,8;BR-153/MG;Norte;Saida de Pista;1;;;;;;;;;1;1;1;;;
20/08/2016;15:10:00;372;com vítima;11,432;BR-060/DF;Norte;Saida de Pista;1;;;;;;;;;;0;;1;;
20/08/2016;19:05:00;524;com vítima;412;BR-262/MG;Leste;Outros - sequências;1;;;;;;;;;1;0;1;1;;
20/08/2016;19:57:00;548;com vítima;4,5;BR-060/DF;Norte;Colisão Traseira;;;;1;;;;;;1;1;1;;;
20/08/2016;21:30:00;588;com vítima;354,6;BR-262/MG;Leste;Colisão Traseira;2;;;;;;;;;;0;4;1;;
21/08/2016;05:17:00;45;sem vítima;421;BR-262/MG;Oeste;Saida de Pista;1;;;;;1;;;;;2;;;;
21/08/2016;06:32:00;66;com vítima;576;BR-262/MG;Leste;Colisão Lateral;1;;1;;;;;;;;1;2;;;
21/08/2016;06:40:00;67;com vítima;595;BR-262/MG;Leste;Saida de Pista;1;;;;;;;;;;0;1;;;
21/08/2016;07:10:00;74;com vítima;587;BR-262/MG;Leste;Saida de Pista;1;;;;;;;;;;0;1;;;
21/08/2016;07:11:00;75;com vítima;358,9;BR-262/MG;Leste;Colisão Traseira;2;;;;;;;;;;1;2;;;
21/08/2016;11:46:00;213;sem vítima;604;BR-153/GO;Sul;Capotamento;1;;;;;;;;;;2;;;;
21/08/2016;12:26:00;233;com vítima;532;BR-153/GO;Norte;Colisão Traseira;1;;;;;;;;;1;0;2;;;
21/08/2016;12:31:00;238;sem vítima;583;BR-153/GO;Sul;;1;;;;;;;;;;1;;;;
21/08/2016;12:47:00;250;com vítima;584;BR-153/GO;Norte;Outros - sequências;1;;;;;;;;;;0;1;;;
21/08/2016;13:55:00;282;com vítima;607,7;BR-153/GO;Sul;Colisão Traseira;;;1;;;;;;;1;1;1;;;
21/08/2016;16:04:00;340;com vítima;385,2;BR-262/MG;Oeste;Outros - sequências;1;;;;;;;;;;0;1;;;
21/08/2016;17:03:00;368;com vítima;496;BR-262/MG;Oeste;Atropelamento - Andarilho;;;;;;1;;;;;1;;;;1
21/08/2016;17:36:00;388;com vítima;117;BR-060/GO;Sul;Queda de Moto;;;;1;;;;;;;0;2;;;
21/08/2016;18:19:00;414;sem vítima;2,6;BR-060/DF;Sul;Outros - sequências;1;;;1;;;;;;;2;;;;
21/08/2016;19:36:00;451;com vítima;3,212;BR-060/DF;Norte;Colisão Traseira;1;;;;;;;;;1;1;3;;;
21/08/2016;20:14:00;461;com vítima;58;BR-153/MG;Norte;Tombamento;;;1;;;;;;;;0;1;;;
21/08/2016;20:45:00;468;com vítima;443;BR-262/MG;Oeste;Saida de Pista;1;;;;;;;;;;0;1;;;
21/08/2016;23:26:00;504;sem vítima;137;BR-060/GO;Sul;Outros - sequências;1;;;;;;;;;;1;;;;
21/08/2016;23:58:00;509;com vítima;567;BR-262/MG;Oeste;Colisão Transversal;;;2;;;;;;;;0;4;;;
22/08/2016;07:36:00;74;sem vítima;495;BR-153/GO;Sul;Engavetamento;3;;;;;;;;;;3;;;;
22/08/2016;07:37:00;75;sem vítima;493,9;BR-153/GO;Sul;Colisão Traseira;1;;1;;;;;;;;2;;;;
22/08/2016;07:42:00;76;sem vítima;95,3;BR-060/GO;Sul;Engavetamento;3;;;;;;;;;;3;;;;
22/08/2016;08:07:00;89;com vítima;514;BR-153/GO;Norte;Colisão Traseira;1;;;1;;;;;;;1;;1;;
22/08/2016;08:40:00;108;com vítima;694,901;BR-262/MG;Oeste;Colisão Frontal;;;;;;;;;;2;1;1;;;
22/08/2016;14:22:00;281;com vítima;100,184;BR-060/GO;Norte;Colisão Traseira;2;;;;;;;;;;1;1;;;
22/08/2016;15:10:00;308;com vítima;430;BR-262/MG;Leste;Outros - sequências;;;1;;;;;;;;0;1;;;
22/08/2016;16:09:00;341;com vítima;7,251;BR-060/DF;Sul;Colisão Traseira;3;;;;;;;;;;2;2;;;
22/08/2016;16:56:00;374;com vítima;547,5;BR-262/MG;Oeste;Tombamento;;;3;;;;;;;;2;;1;;
22/08/2016;19:34:00;461;sem vítima;0,6;BR-060/GO;Sul;Queda de Moto;;;;1;;1;;;;;2;;;;
23/08/2016;00:34:00;9;sem vítima;582,8;BR-153/GO;Sul;Outros - sequências;;;1;;;;;;;;1;;;;
23/08/2016;00:38:00;11;com vítima;583,1;BR-153/GO;Norte;Queda de Ciclista;;;;1;;;;;;;0;2;;;
23/08/2016;06:58:00;78;sem vítima;509,433;BR-262/MG;Leste;Saida de Pista;;;;;;;;;;1;1;;;;
23/08/2016;09:12:00;172;com vítima;122;BR-060/GO;Sul;Saida de Pista;1;;;;;;;;;;0;;1;;
23/08/2016;09:18:00;180;com vítima;369;BR-262/MG;Oeste;Colisão Traseira;1;;;;;;;;;;0;1;;;
23/08/2016;12:01:00;289;com vítima;506;BR-153/GO;Sul;;;;;1;;;;;;;0;2;;;
23/08/2016;14:05:00;351;com vítima;13;BR-153/MG;Norte;Outros - sequências;1;;;;;;;;;;0;;1;;
23/08/2016;15:47:00;426;com vítima;673;BR-153/GO;Sul;Colisão Traseira;;;2;;;;;;;;0;1;1;;
23/08/2016;18:52:00;527;com vítima;801;BR-262/MG;Leste;Outros - sequências;1;;1;;;;;;;;1;2;;;
23/08/2016;19:20:00;542;com vítima;509;BR-153/GO;Sul;Queda de Ciclista;;;;1;;1;;;;;1;1;;;
24/08/2016;01:12:00;18;com vítima;412;BR-262/MG;Oeste;Outros - sequências;1;;;;;;;;;;0;2;;;
24/08/2016;05:47:00;51;com vítima;667;BR-153/GO;Sul;Capotamento;1;;;;;;;;;;0;;1;;1
24/08/2016;05:55:00;57;sem vítima;239,4;BR-153/MG;Sul;Colisão Lateral;;;1;;;1;;;;1;3;;;;
24/08/2016;07:20:00;83;com vítima;443,5;BR-262/MG;Leste;Colisão Frontal;1;;;1;;;;;;;1;1;;;
24/08/2016;07:40:00;88;sem vítima;533,6;BR-153/GO;Sul;Saida de Pista;1;;;;;;;;;;1;;;;
24/08/2016;12:55:00;279;sem vítima;107;BR-060/GO;Norte;Choque - Defensa, barreira ou "submarino";1;;;;;;;;;;1;;;;
24/08/2016;13:09:00;286;sem vítima;98;BR-060/GO;Sul;Colisão Traseira;2;;;;;;;;;;2;;;;
24/08/2016;15:48:00;396;sem vítima;536,3;BR-262/MG;Oeste;Colisão Traseira;;;2;;;;;;;;2;;;;
24/08/2016;19:07:00;538;com vítima;499;BR-153/GO;Norte;Queda de Moto;;;;1;;;;;;;1;1;;;
24/08/2016;19:31:00;552;com vítima;92;BR-060/GO;Norte;Outros - sequências;1;;1;;;;;;;1;2;1;;;
24/08/2016;21:51:00;620;com vítima;540;BR-153/GO;Sul;Saida de Pista;1;;;;;;;;;;0;1;;;
24/08/2016;22:10:00;631;com vítima;511;BR-153/GO;Norte;Queda de Ciclista;;;;1;;;;;;;0;1;;;
25/08/2016;07:42:00;93;sem vítima;494;BR-153/GO;Sul;Engavetamento;3;;;;;;;;;;3;;;;
25/08/2016;07:52:00;97;com vítima;506;BR-153/GO;Sul;Queda de Moto;;;;1;;;;;;;0;1;;;
25/08/2016;08:16:00;110;sem vítima;508;BR-153/GO;Norte;Colisão Traseira;;;2;;;;;;;;2;;;;
25/08/2016;09:03:00;137;sem vítima;510;BR-153/GO;Sul;Colisão Lateral;1;;1;;;;;;;;2;;;;
25/08/2016;09:39:00;161;sem vítima;98;BR-060/GO;Norte;Saida de Pista;1;;;;;;;;;;1;;;;
25/08/2016;10:21:00;196;com vítima;488;BR-262/MG;Leste;Colisão Lateral;;;1;1;;;;;;;1;1;;;
25/08/2016;10:55:00;232;com vítima;81;BR-060/GO;Norte;Outros - sequências;1;;;;;1;;;;;2;1;;;
25/08/2016;12:48:00;309;sem vítima;102,6;BR-060/GO;Sul;Colisão Traseira;1;;1;;;;;;;;2;;;;
25/08/2016;13:06:00;321;com vítima;140;BR-153/MG;Norte;Colisão Transversal;;;3;;;;;;;;1;2;;;
25/08/2016;13:19:00;337;sem vítima;112;BR-060/GO;Sul;Colisão Lateral;2;;;;;;;;;;2;;;;
25/08/2016;16:09:00;453;sem vítima;506;BR-153/GO;Sul;Saida de Pista;1;;;;;;;;;;1;;;;
25/08/2016;17:33:00;510;com vítima;357,9;BR-262/MG;Leste;Colisão Frontal;2;;;;;;;;;;0;1;1;;
25/08/2016;18:33:00;527;com vítima;73,356;BR-060/GO;Sul;Outros - sequências;1;;;;;;;;;;0;;;;1
25/08/2016;19:48:00;563;com vítima;420;BR-262/MG;Leste;Queda de Moto;;;;1;;;;;;;0;2;;;
25/08/2016;21:54:00;621;sem vítima;26;BR-060/GO;Norte;Choque - Outros;1;;;;;;;;;;1;;;;
26/08/2016;00:51:00;10;com vítima;94;BR-060/GO;Norte;Atropelamento - Sem Informação;;;;;;1;;;;;1;;;;1
26/08/2016;03:43:00;37;com vítima;776;BR-262/MG;Oeste;Saida de Pista;1;;;;;;;;;;0;1;;;
26/08/2016;06:39:00;71;com vítima;365;BR-262/MG;Leste;Colisão Traseira;1;;;1;;1;;;;;2;1;;;
26/08/2016;08:08:00;110;sem vítima;4;BR-060/DF;Norte;Colisão Traseira;;;1;1;;;;;;;2;;;;
26/08/2016;08:13:00;117;com vítima;0,3;BR-060/DF;Norte;Colisão Lateral;2;;;1;;;;;;;2;1;;;
26/08/2016;09:37:00;177;com vítima;662;BR-262/MG;Leste;Saida de Pista;1;;;;;;;;;;0;1;;;
26/08/2016;10:55:00;227;sem vítima;493;BR-153/GO;Sul;Engavetamento;;;3;;;;;;;;3;;;;
26/08/2016;12:32:00;287;sem vítima;727;BR-262/MG;Leste;Outros - sequências;1;;;;;;;;;;3;;;;
26/08/2016;14:01:00;329;com vítima;2;BR-153/MG;Sul;Colisão Traseira;1;;;;;;;;;1;0;2;;;
26/08/2016;16:01:00;411;sem vítima;219;BR-153/MG;Sul;Colisão Traseira;;;2;;;;;;;;2;;;;
26/08/2016;16:15:00;419;sem vítima;70;BR-060/GO;Norte;Colisão Traseira;2;;;;;;;;;;2;;;;
26/08/2016;16:54:00;440;sem vítima;565;BR-153/GO;Norte;Colisão Lateral;1;;;;;1;;;;;2;;;;
26/08/2016;17:46:00;480;com vítima;447;BR-262/MG;Oeste;Outros - sequências;1;;;1;;;;;;;1;1;;;
26/08/2016;18:06:00;491;com vítima;8,112;BR-060/GO;Norte;Queda de Moto;;;;1;;;;;;;0;;1;;
26/08/2016;18:18:00;496;sem vítima;495;BR-153/GO;Sul;Colisão Traseira;2;;;;;;;;;;2;;;;
26/08/2016;19:45:00;548;sem vítima;513;BR-262/MG;Oeste;Colisão Traseira;1;;1;;;;;;;;2;;;;
27/08/2016;01:21:00;22;com vítima;490,8;BR-153/GO;Norte;Queda de Moto;;;;1;;;;;;;0;;1;;
27/08/2016;06:15:00;79;com vítima;46;BR-153/MG;Sul;Capotamento;1;;;;;;;;;;0;;1;;
27/08/2016;06:47:00;91;sem vítima;650;BR-262/MG;Oeste;Capotamento;1;;;;;;;;;;3;;;;
27/08/2016;07:31:00;110;sem vítima;28;BR-060/GO;Sul;Saida de Pista;1;;;;;;;;;;1;;;;
27/08/2016;09:27:00;191;com vítima;520;BR-262/MG;Leste;Saida de Pista;1;;;;;;;;;;0;1;;;
27/08/2016;10:14:00;221;com vítima;7;BR-060/DF;Sul;Atropelamento - Sem Informação;;;;;1;;;;;;1;;;1;
27/08/2016;14:40:00;379;com vítima;539,359;BR-153/GO;Sul;Saida de Pista;1;;;;;;;;;;1;1;1;;
27/08/2016;15:34:00;422;com vítima;522,5;BR-262/MG;Leste;Carreta deu L;;;1;;;;;;;;0;1;;;
27/08/2016;16:19:00;452;sem vítima;617,9;BR-153/GO;Sul;Saida de Pista;;;1;;;;;;;;1;;;;
27/08/2016;18:15:00;522;com vítima;244;BR-153/MG;Sul;Atropelamento - Sem Informação;1;;;;;;;;;;1;1;;;
27/08/2016;18:21:00;526;sem vítima;8;BR-060/DF;Norte;Saida de Pista;1;;;;;;;;;;1;;;;
27/08/2016;19:05:00;544;sem vítima;535;BR-153/GO;Sul;Outros - sequências;1;;;;;;;;;;3;;;;
27/08/2016;19:16:00;553;sem vítima;580;BR-262/MG;Oeste;Saida de Pista;1;;;;;;;;;;1;;;;
27/08/2016;19:34:00;555;sem vítima;802,3;BR-262/MG;Leste;Saida de Pista;1;;;;;1;;;;;2;;;;
27/08/2016;19:43:00;567;sem vítima;90;BR-060/GO;Sul;Colisão Traseira;2;;;;;;;;;;2;;;;
27/08/2016;20:40:00;585;com vítima;585,82;BR-262/MG;Oeste;Tombamento;;;1;;;;;;;;0;1;;;
27/08/2016;21:42:00;614;sem vítima;579,189;BR-262/MG;Oeste;Saida de Pista;1;;;;;;;;;;1;;;;
27/08/2016;23:18:00;633;com vítima;634,4;BR-153/GO;Sul;Capotamento;1;;;;;;;;;;0;1;;;
28/08/2016;01:46:00;15;com vítima;826;BR-262/MG;Oeste;Outros - sequências;1;;;;;;;;;;0;;1;;
28/08/2016;03:30:00;25;sem vítima;1;BR-153/MG;Norte;Saida de Pista;1;;;;;;;;;;1;;;;
28/08/2016;05:46:00;51;sem vítima;392;BR-262/MG;Leste;Saida de Pista;1;;;;;;;;;;1;;;;
28/08/2016;07:12:00;78;sem vítima;506;BR-153/GO;Norte;;;;;1;;;;;;;1;;;;
28/08/2016;09:31:00;158;com vítima;384;BR-262/MG;Leste;Queda de Moto;;;;1;;;;;;;0;1;;;
28/08/2016;10:10:00;179;sem vítima;0;BR-060/DF;Sul;Saida de Pista;1;;;;;;;;;1;2;;;;
28/08/2016;12:20:00;243;com vítima;615;BR-262/MG;Leste;Saida de Pista;;;1;;;;;;;;0;1;;;
28/08/2016;14:22:00;306;com vítima;74;BR-153/MG;Sul;Colisão Traseira;;;2;;;;;;;;1;;1;;
28/08/2016;16:08:00;377;com vítima;96;BR-060/GO;Norte;Colisão Traseira;;;;1;;1;;;;;0;;2;;
28/08/2016;16:16:00;383;sem vítima;675;BR-153/GO;Sul;Saida de Pista;1;;;;;;;;;;1;;;;
28/08/2016;19:28:00;490;sem vítima;580;BR-153/GO;Norte;Colisão Lateral;1;;1;;;;;;;;2;;;;
28/08/2016;19:30:00;491;com vítima;453,5;BR-262/MG;Oeste;Outros - sequências;1;;1;;;;;;;;0;1;1;;1
28/08/2016;19:35:00;496;sem vítima;16;BR-060/DF;Norte;Saida de Pista;1;;;;;;;;;;1;;;;
28/08/2016;21:05:00;541;sem vítima;166;BR-153/MG;Sul;Saida de Pista;1;;;;;;;;;;1;;;;
28/08/2016;21:20:00;549;sem vítima;3,5;BR-060/DF;Norte;Queda de Ciclista;;;;1;;;;;;;1;;;;
28/08/2016;22:46:00;579;sem vítima;518;BR-153/GO;Sul;Tombamento;;;1;;;;;;;;1;;;;
28/08/2016;23:22:00;593;sem vítima;0,23;BR-060/GO;Norte;Colisão Traseira;1;;1;;;;;;;;2;;;;
29/08/2016;07:11:00;76;sem vítima;508;BR-153/GO;Norte;Colisão Traseira;2;;;;;;;;;;2;;;;
29/08/2016;07:23:00;81;com vítima;647;BR-153/GO;Norte;Capotamento;1;;;;;;;;;;1;3;;;
29/08/2016;08:01:00;91;sem vítima;506;BR-153/GO;Norte;Engavetamento;4;;;;;;;;;;4;;;;
29/08/2016;12:01:00;301;com vítima;479;BR-262/MG;Oeste;Colisão Lateral;1;;;1;;;;;;;1;1;;;
29/08/2016;12:34:00;312;sem vítima;37;BR-153/MG;Sul;Capotamento;2;;;;;;;;;;3;;;;
29/08/2016;14:42:00;389;sem vítima;1,2;BR-060/GO;Sul;Saida de Pista;1;;;;;;;;;;1;;;;
29/08/2016;17:22:00;486;com vítima;97;BR-060/GO;Sul;Colisão Transversal;1;;1;;;;;;;;1;;;1;
30/08/2016;05:21:00;42;sem vítima;57;BR-060/GO;Norte;Saida de Pista;1;;;;;;;;;;1;;;;
30/08/2016;07:40:00;93;com vítima;507;BR-153/GO;Norte;Colisão Traseira;1;;;1;;;;;;;1;1;;;
30/08/2016;07:47:00;104;com vítima;508;BR-153/GO;Norte;Engavetamento;2;;;1;;;;;;;2;2;;;
30/08/2016;10:01:00;192;sem vítima;41;BR-060/GO;Sul;Colisão Traseira;2;;;;;;;;;;2;;;;
30/08/2016;10:07:00;198;sem vítima;96;BR-060/GO;Norte;Colisão Traseira;;;2;;;;;;;;2;;;;
30/08/2016;15:44:00;395;sem vítima;21;BR-153/MG;Sul;Colisão Traseira;1;;1;;;;;;;;2;;;;