data;horario;n_da_ocorrencia;tipo_de_ocorrencia;km;trecho;sentido;tipo_de_acidente;automovel;bicicleta;caminhao;moto;onibus;outros;tracao_animal;transporte_de_cargas_especiais;trator_maquinas;utilitarios;ilesos;levemente_feridos;moderadamente_feridos;gravemente_feridos;mortos
19/09/2016;08:21:00;132;com vítima;95;BR-060/GO;Sul;Queda de Moto;;;;1;;;;;;;0;1;;;
19/09/2016;11:20:00;250;sem vítima;107;BR-060/GO;Sul;Colisão Traseira;1;;1;;;1;;;;;3;;;;
19/09/2016;12:05:00;270;sem vítima;505,2;BR-153/GO;Sul;Colisão Lateral;1;;1;;;;;;;;2;;;;
19/09/2016;13:09:00;296;sem vítima;800,5;BR-262/MG;Leste;Capotamento;1;;;;;1;;;;;3;;;;
19/09/2016;16:05:00;392;com vítima;810;BR-262/MG;Leste;;;;;1;;;;;;;1;1;;;
19/09/2016;16:13:00;396;sem vítima;459;BR-262/MG;Leste;Atropelamento de Animal;1;;;;;;;;;;1;;;;
19/09/2016;16:17:00;400;sem vítima;97;BR-060/GO;Sul;Colisão Traseira;1;;1;;;;;;;;2;;;;
19/09/2016;17:31:00;435;com vítima;430;BR-262/MG;Leste;Queda de Moto;;;;1;;;;;;;0;2;;;
19/09/2016;17:31:00;437;com vítima;22;BR-153/MG;Norte;Saida de Pista;;;1;;;;;;;;0;1;;;
19/09/2016;18:48:00;481;com vítima;508;BR-153/GO;Sul;Queda de Moto;;;;1;;;;;;;0;1;;;
19/09/2016;22:16:00;560;com vítima;587,5;BR-262/MG;Oeste;Outros - sequências;;;;;;;;;;1;0;5;2;;
20/09/2016;00:41:00;11;sem vítima;491;BR-153/GO;Norte;Saida de Pista;1;;;;;;;;;;1;;;;
20/09/2016;05:22:00;59;com vítima;44;BR-153/MG;Sul;Capotamento;1;;;;;;;;;;0;5;;;
20/09/2016;09:09:00;163;com vítima;435;BR-262/MG;Oeste;Capotamento;1;;;;;;;;;;0;1;;;
20/09/2016;16:12:00;428;sem vítima;25;BR-060/DF;Norte;Outros - sequências;1;;;;;;;;;;1;;;;
20/09/2016;17:25:00;476;sem vítima;100;BR-060/GO;Norte;Colisão Traseira;2;;1;;;;;;;1;4;;;;
20/09/2016;17:31:00;482;sem vítima;76;BR-060/GO;Sul;Saida de Pista;1;;;;;;;;;;1;;;;
20/09/2016;18:42:00;515;com vítima;491;BR-153/GO;Norte;Atropelamento - Ciclista;1;1;;;;;;;;;1;;1;;
20/09/2016;19:18:00;536;sem vítima;389;BR-262/MG;Leste;Outros - sequências;1;;;;;;;;;;1;;;;
21/09/2016;05:35:00;82;com vítima;59,5;BR-060/GO;Sul;Saida de Pista;1;;;;;;;;;;3;1;;;
21/09/2016;17:45:00;531;sem vítima;759;BR-262/MG;Leste;Saida de Pista;1;;;;;;;;;;1;;;;
21/09/2016;18:31:00;560;com vítima;14,3;BR-060/GO;Norte;Outros - sequências;1;;;;;;;;;;0;1;;;
21/09/2016;20:04:00;604;com vítima;132,271;BR-060/GO;Sul;Colisão Traseira;1;;1;;;;;;;;1;1;;;
21/09/2016;20:13:00;608;sem vítima;101;BR-153/MG;Norte;Saida de Pista;1;;;;;;;;;;1;;;;
21/09/2016;22:16:00;657;com vítima;149,6;BR-153/MG;Norte;Outros - sequências;;;2;;1;;;;;;9;2;1;;
22/09/2016;06:56:00;105;sem vítima;504;BR-153/GO;Norte;Colisão Traseira;2;;;;;;;;;;2;;;;
22/09/2016;07:30:00;116;sem vítima;58;BR-060/GO;Norte;Saida de Pista;;;1;;;;;;;;2;;;;
22/09/2016;10:19:00;240;sem vítima;29;BR-060/DF;Norte;Tombamento;;;1;;;;;;;;1;;;;
22/09/2016;11:50:00;288;com vítima;622;BR-262/MG;Leste;Colisão Traseira;1;;1;;;;;;;;1;1;;;
22/09/2016;12:50:00;314;sem vítima;3;BR-060/DF;Sul;Colisão Traseira;1;;;;;;;;;1;2;;;;
22/09/2016;13:47:00;331;sem vítima;493,5;BR-153/GO;Norte;Colisão Lateral;1;;;;;;;;;1;2;;;;
22/09/2016;14:54:00;369;sem vítima;508,572;BR-153/GO;Sul;Colisão Traseira;;;2;1;;;;;;2;5;;;;
22/09/2016;15:51:00;409;com vítima;745,5;BR-262/MG;Oeste;Outros - sequências;;;1;;;;;;;;0;1;;;
22/09/2016;17:51:00;487;com vítima;498;BR-153/GO;Norte;Queda de Ciclista;;1;;;;;;;;;0;1;;;
22/09/2016;18:31:00;526;sem vítima;498,2;BR-153/GO;Sul;Colisão Traseira;2;;;;;;;;;;2;;;;
22/09/2016;18:35:00;530;sem vítima;94;BR-060/GO;Norte;Colisão Traseira;1;;1;;;;;;;;2;;;;
22/09/2016;18:45:00;540;sem vítima;501;BR-153/GO;Norte;Queda de Ciclista;;;;1;;1;;;;;2;;;;
22/09/2016;18:49:00;541;sem vítima;117;BR-060/GO;Norte;Saida de Pista;;;1;;;;;;;;1;;;;
22/09/2016;18:59:00;547;com vítima;829;BR-262/MG;Leste;Atropelamento de Animal;1;;;;;;;;;;0;3;;;
22/09/2016;19:54:00;567;com vítima;359;BR-262/MG;Oeste;Capotamento;1;;;;;1;;;;;1;2;;;
22/09/2016;23:03:00;645;sem vítima;495;BR-153/GO;Sul;Colisão Lateral;;;;2;;;;;;;2;;;;
23/09/2016;00:15:00;4;com vítima;442,5;BR-262/MG;Oeste;Colisão Traseira;;;2;;;;;;;;0;2;;;
23/09/2016;05:11:00;60;sem vítima;782;BR-262/MG;Leste;Saida de Pista;;;1;;;;;;;;1;;;;
23/09/2016;08:13:00;115;sem vítima;628;BR-153/GO;Sul;Capotamento;1;;;;;;;;;;2;;;;
23/09/2016;12:02:00;248;com vítima;107;BR-060/GO;Norte;Colisão Frontal;2;;1;;;;;;;;1;2;1;;
23/09/2016;14:01:00;307;com vítima;522;BR-153/GO;Norte;Outros - sequências;1;;;;;;;;;;0;1;;;
23/09/2016;15:18:00;362;sem vítima;703;BR-153/GO;Norte;Colisão Traseira;1;;;;;;;;;1;2;;;;
23/09/2016;17:12:00;443;sem vítima;494;BR-153/GO;Sul;Colisão Lateral;1;;1;;;;;;;;2;;;;
23/09/2016;19:07:00;515;com vítima;492;BR-262/MG;Leste;Saida de Pista;1;;;;;;;;;;0;1;;;
23/09/2016;19:34:00;538;sem vítima;503,6;BR-153/GO;Norte;Colisão Lateral;1;;;;;1;;;;;2;;;;
23/09/2016;19:51:00;550;sem vítima;245;BR-153/MG;Sul;Colisão Traseira;2;;;;;;;;;;2;;;;
23/09/2016;20:10:00;559;com vítima;15,385;BR-060/GO;Sul;Colisão Traseira;;;2;;;;;;;;0;1;1;;
23/09/2016;21:18:00;595;sem vítima;431;BR-262/MG;Leste;Saida de Pista;1;;;;;;;;;;1;;;;
23/09/2016;22:37:00;636;com vítima;475,5;BR-262/MG;Leste;Capotamento;1;;;;;;;;;;0;5;;;
23/09/2016;22:53:00;647;sem vítima;403;BR-262/MG;Oeste;Colisão Frontal;;;;;1;;;;;;1;;;;
23/09/2016;23:14:00;655;com vítima;1,4;BR-060/DF;Norte;Choque - Poste;;;;1;;;;;;;0;;;;1
24/09/2016;00:19:00;6;sem vítima;17;BR-153/MG;Norte;;1;;;;;;;;;;1;;;;
24/09/2016;00:41:00;12;com vítima;376;BR-262/MG;Oeste;Capotamento;1;;;;;;;;;;0;2;;;
24/09/2016;03:10:00;45;com vítima;47;BR-060/GO;Norte;Capotamento;1;;;;;;;;;;1;;;2;
24/09/2016;03:25:00;52;sem vítima;21;BR-060/GO;Norte;Capotamento;1;;;;;;;;;;1;;;;
24/09/2016;04:03:00;58;sem vítima;442;BR-262/MG;Leste;Atropelamento de Animal;1;;;;;;;;;;2;;;;
24/09/2016;06:22:00;93;com vítima;642;BR-153/GO;Sul;Capotamento;1;;;;;;;;;;0;;;1;
24/09/2016;07:50:00;124;com vítima;458;BR-262/MG;Leste;Saida de Pista;1;;;;;;;;;;0;1;1;;
24/09/2016;07:57:00;126;com vítima;60;BR-060/GO;Sul;Choque - Defensa, barreira ou "submarino";;;;1;;;;;;;0;1;;;
24/09/2016;10:53:00;234;com vítima;4,252;BR-060/DF;Norte;Outros - sequências;1;;;;;;;;;;0;1;;;
24/09/2016;11:12:00;247;com vítima;593;BR-153/GO;Sul;Outros - sequências;;;;;;;;;;1;0;1;;;
24/09/2016;11:18:00;251;com vítima;214,7;BR-153/MG;Norte;Outros - sequências;1;;;;;;;;;;0;;1;;
24/09/2016;13:57:00;339;sem vítima;2;BR-153/MG;Norte;Saida de Pista;1;;;;;;;;;;1;;;;
24/09/2016;15:16:00;391;sem vítima;506;BR-153/GO;Sul;Colisão Lateral;2;;;;;;;;;;2;;;;
24/09/2016;15:16:00;392;com vítima;566;BR-153/GO;Norte;Colisão Traseira;1;;;1;;;;;;;1;;;1;
24/09/2016;16:41:00;441;com vítima;593;BR-153/GO;Sul;Outros - sequências;;;;;;;;;;1;0;1;;;
24/09/2016;16:48:00;448;sem vítima;591,3;BR-262/MG;Oeste;;1;;;;;;;;;;1;;;;
24/09/2016;17:06:00;463;com vítima;59;BR-060/GO;Norte;Capotamento;1;;;;;;;;;;0;1;1;;
24/09/2016;17:09:00;465;com vítima;584;BR-153/GO;Sul;Outros - sequências;1;;;;;;;;;;0;2;;;
24/09/2016;20:39:00;562;sem vítima;382;BR-262/MG;Oeste;Saida de Pista;2;;;;;;;;;;4;;;;
25/09/2016;07:01:00;96;sem vítima;172,5;BR-153/MG;Norte;Saida de Pista;1;;;;;;;;;;2;;;;
25/09/2016;09:54:00;210;com vítima;209;BR-153/MG;Norte;Colisão Lateral;;;1;;;1;;;;;1;1;;;
25/09/2016;11:06:00;256;com vítima;508;BR-153/GO;Norte;Queda de Moto;;;;1;;;;;;;1;1;;;
25/09/2016;13:21:00;335;com vítima;527,512;BR-262/MG;Leste;Choque - Arvore;1;;;;;;;;;;0;;;;1
25/09/2016;15:28:00;411;com vítima;108;BR-060/GO;Sul;Colisão Traseira;2;;;;;;;;;;1;1;;;
25/09/2016;17:57:00;510;com vítima;497,319;BR-153/GO;Norte;Outros - sequências;;;;1;;1;;;;;1;;;;1
25/09/2016;18:54:00;541;com vítima;478;BR-262/MG;Oeste;Outros - sequências;;;;2;;1;;;;;1;1;1;1;
25/09/2016;19:31:00;559;sem vítima;498;BR-153/GO;Norte;Colisão Traseira;1;;;;;1;;;;;2;;;;
25/09/2016;20:31:00;588;sem vítima;773;BR-262/MG;Oeste;Saida de Pista;1;;;;;;;;;;1;;;;
25/09/2016;21:31:00;620;sem vítima;497;BR-153/GO;Norte;Colisão Traseira;2;;;;;;;;;;2;;;;
26/09/2016;01:33:00;24;com vítima;368,3;BR-262/MG;Leste;Saida de Pista;1;;;;;;;;;;0;2;;;
26/09/2016;11:32:00;279;com vítima;18;BR-060/GO;Sul;Capotamento;1;;;;;;;;;;0;2;;;
26/09/2016;13:09:00;336;sem vítima;135;BR-060/GO;Norte;Outros - sequências;1;;1;;;;;;;;2;;;;
26/09/2016;15:54:00;438;sem vítima;50,3;BR-153/MG;Sul;Saida de Pista;;;;;;1;;;;1;2;;;;
26/09/2016;16:06:00;445;com vítima;574;BR-262/MG;Leste;Saida de Pista;1;;;;;;;;;;0;2;;;
26/09/2016;16:22:00;452;sem vítima;80;BR-153/MG;Sul;Saida de Pista;;;1;;;;;;;;1;;;;
26/09/2016;17:35:00;488;sem vítima;546;BR-262/MG;Oeste;Tombamento;;;2;;;;;;;;2;;;;
26/09/2016;19:16:00;531;com vítima;408;BR-262/MG;Oeste;Choque - Outros;;;;;;;;;;1;0;3;;;
27/09/2016;00:02:00;1;com vítima;800;BR-262/MG;Leste;Choque - Arvore;1;;;;;;;;;;0;;1;;
27/09/2016;05:00:00;46;com vítima;422,549;BR-262/MG;Leste;Colisão Traseira;;;2;;;;;;;;0;2;;;
27/09/2016;06:27:00;69;com vítima;508;BR-153/GO;Norte;Engavetamento;3;;;;;;;;;;3;1;;;
27/09/2016;06:59:00;81;sem vítima;509,3;BR-153/GO;Sul;Colisão Traseira;2;;;;;;;;;;2;;;;
27/09/2016;07:09:00;83;sem vítima;510;BR-153/GO;Norte;Colisão Traseira;2;;;;;;;;;;2;;;;
27/09/2016;09:32:00;168;com vítima;23;BR-153/MG;Norte;Colisão Traseira;1;;1;;;;;;;;3;;1;;
27/09/2016;21:15:00;521;sem vítima;94;BR-060/GO;Norte;Saida de Pista;1;;;;;;;;;;4;;;;
27/09/2016;21:41:00;531;com vítima;10;BR-153/MG;Norte;Capotamento;1;;;;;;;;;;0;;1;;
28/09/2016;00:28:00;7;sem vítima;126;BR-060/GO;Norte;Saida de Pista;1;;;;;;;;;;1;;;;
28/09/2016;07:14:00;93;com vítima;2,6;BR-153/MG;Sul;Colisão Traseira;1;;;1;;;;;;;1;2;;;
28/09/2016;07:57:00;110;sem vítima;500,2;BR-153/GO;Norte;Colisão Traseira;1;;1;;;;;;;;2;;;;
28/09/2016;09:06:00;183;sem vítima;501,4;BR-153/GO;Norte;Colisão Traseira;;;1;;;;;;;;1;;;;
28/09/2016;09:19:00;199;com vítima;499;BR-153/GO;Norte;Colisão Traseira;1;;;1;;;;;;;2;1;;;
28/09/2016;11:38:00;306;com vítima;136;BR-060/GO;Sul;Outros - sequências;1;;;;;;;;;;0;1;;;
28/09/2016;16:53:00;489;sem vítima;474;BR-262/MG;Oeste;Colisão Traseira;1;;1;;;;;;;;2;;;;
28/09/2016;17:20:00;506;com vítima;365;BR-262/MG;Oeste;Colisão Traseira;1;;;;;1;;;;;1;1;;;
28/09/2016;18:40:00;549;sem vítima;227,8;BR-153/MG;Norte;Colisão Traseira;;;2;;;1;;;;;3;;;;
28/09/2016;21:47:00;622;sem vítima;197;BR-153/MG;Norte;Capotamento;1;;;;;;;;;;1;;;;
28/09/2016;22:05:00;630;sem vítima;645;BR-153/GO;Norte;Colisão Traseira;1;;;;;1;;;;;2;;;;
28/09/2016;22:10:00;631;com vítima;102;BR-060/GO;Norte;Capotamento;1;;;;;;;;;;0;1;;;
28/09/2016;22:28:00;638;com vítima;137;BR-060/GO;Norte;Queda de Moto;;;;1;;;;;;;0;1;;;
28/09/2016;22:29:00;639;sem vítima;699;BR-153/GO;Norte;Colisão Traseira;2;;;;;;;;;;2;;;;
29/09/2016;00:11:00;2;sem vítima;79;BR-060/GO;Sul;Saida de Pista;1;;;;;;;;;;1;;;;
29/09/2016;04:30:00;43;sem vítima;730;BR-262/MG;Leste;Saida de Pista;1;;;;;1;;;;;2;;;;
29/09/2016;08:53:00;154;sem vítima;518;BR-262/MG;Oeste;Colisão Traseira;2;;;;;1;;;;;3;;;;
29/09/2016;09:16:00;168;sem vítima;460,8;BR-262/MG;Oeste;Engavetamento;1;;3;;;;;;;;4;;;;
29/09/2016;10:08:00;202;sem vítima;536;BR-262/MG;Oeste;Saida de Pista;1;;;;;;;;;;1;;;;
29/09/2016;10:17:00;207;com vítima;112,5;BR-060/GO;Norte;Outros - sequências;;;1;;;;;;;;1;;1;;
29/09/2016;12:17:00;282;sem vítima;400,2;BR-262/MG;Leste;Colisão Lateral;;;2;;;;;;;;2;;;;
29/09/2016;16:04:00;400;com vítima;56,753;BR-060/GO;Sul;Outros - sequências;;;;;;;;;;1;0;2;;;
29/09/2016;16:09:00;403;sem vítima;56,7;BR-060/GO;Sul;Saida de Pista;;;;;;;;;;1;1;;;;
29/09/2016;18:24:00;469;sem vítima;472;BR-262/MG;Leste;Colisão Traseira;2;;;;;;;;;;2;;;;
30/09/2016;07:24:00;80;sem vítima;91;BR-060/GO;Sul;Saida de Pista;1;;;;;;;;;;1;;;;
30/09/2016;08:58:00;140;com vítima;495;BR-153/GO;Norte;Colisão Lateral;1;;1;;;;;;;;1;1;;;
30/09/2016;09:25:00;166;com vítima;503,3;BR-153/GO;Sul;Colisão Lateral;1;;;1;;;;;;;0;2;;;
30/09/2016;10:40:00;222;sem vítima;96;BR-060/GO;Sul;Colisão Traseira;1;;1;;;;;;;;2;;;;
30/09/2016;11:57:00;277;com vítima;432;BR-262/MG;Leste;Queda de Moto;;;;1;;;;;;;0;1;;;
30/09/2016;12:38:00;303;sem vítima;499;BR-153/GO;Norte;Colisão Traseira;2;;;;;;;;;;2;;;;
30/09/2016;15:35:00;410;sem vítima;82;BR-060/GO;Norte;Choque - Outros;1;;;;;;;;;;1;;;;
30/09/2016;17:24:00;487;com vítima;701,6;BR-153/GO;Norte;Colisão Transversal;1;;1;;;;;;;;0;6;;;
30/09/2016;17:33:00;496;com vítima;44,409;BR-060/GO;Norte;Outros - sequências;1;;;;;;;;;;0;1;1;1;
30/09/2016;19:04:00;555;sem vítima;510;BR-153/GO;Sul;Colisão Transversal;2;;;;;;;;;;2;;;;
30/09/2016;21:09:00;626;com vítima;44,8;BR-153/MG;Norte;Saida de Pista;1;;;;;;;;;;1;1;;;
30/09/2016;22:30:00;663;sem vítima;614;BR-153/GO;Norte;Saida de Pista;;;1;;;;;;;;1;;;;
30/09/2016;22:33:00;665;sem vítima;3;BR-060/DF;Sul;Colisão Traseira;2;;;;;;;;;;2;;;;
01/10/2016;06:25:00;99;com vítima;542;BR-262/MG;Leste;Saida de Pista;1;;;;;;;;;;0;1;;;
01/10/2016;06:33:00;106;sem vítima;632,444;BR-262/MG;Leste;Tombamento;;;1;;;;;;;;1;;;;
01/10/2016;06:51:00;117;com vítima;95,9;BR-060/GO;Sul;Colisão Traseira;1;;1;1;;;;;;;2;1;;;
01/10/2016;07:07:00;125;com vítima;669,444;BR-262/MG;Leste;Colisão Frontal;;;1;;;;;;;1;1;1;;;
01/10/2016;07:24:00;128;com vítima;6;BR-153/MG;Sul;Queda de Moto;;;;1;;;;;;;1;1;;;
01/10/2016;11:13:00;236;sem vítima;389,6;BR-262/MG;Oeste;Colisão Traseira;2;;;;;;;;;;2;;;;
01/10/2016;13:13:00;282;com vítima;382;BR-262/MG;Oeste;Queda de Moto;;;;1;;;;;;;0;2;;;
01/10/2016;14:29:00;320;com vítima;548,3;BR-262/MG;Oeste;Saida de Pista;1;;;;;;;;;;0;1;;;
01/10/2016;15:18:00;342;sem vítima;391;BR-262/MG;Oeste;Saida de Pista;1;;;;;;;;;;1;;;;
01/10/2016;15:27:00;350;sem vítima;522;BR-153/GO;Norte;Saida de Pista;1;;;;;;;;;;5;;;;
01/10/2016;15:28:00;351;com vítima;383;BR-262/MG;Oeste;Saida de Pista;1;;;;;;;;;;0;1;;;
01/10/2016;15:29:00;352;sem vítima;381,8;BR-262/MG;Leste;Saida de Pista;;;;;;;;;;1;1;;;;
01/10/2016;16:00:00;379;com vítima;450;BR-262/MG;Leste;Queda de Moto;;;;1;;;;;;;0;1;;;
01/10/2016;16:12:00;388;sem vítima;505;BR-153/GO;Sul;Colisão Traseira;1;;;;;;;;;1;2;;;;
01/10/2016;16:16:00;389;com vítima;385;BR-262/MG;Leste;Capotamento;1;;;;;;;;;;0;3;;;
01/10/2016;16:22:00;393;com vítima;547,4;BR-262/MG;Oeste;Saida de Pista;1;;;;;;;;;;0;1;;;
01/10/2016;16:35:00;400;com vítima;358;BR-262/MG;Oeste;Saida de Pista;1;;;;;;;;;;0;1;;;
01/10/2016;17:15:00;419;sem vítima;381;BR-262/MG;Leste;Saida de Pista;1;;;;;;;;;;1;;;;
01/10/2016;17:32:00;429;com vítima;587;BR-262/MG;Leste;Capotamento;1;;;;;;;;;;0;;;1;1
01/10/2016;18:25:00;454;sem vítima;496,5;BR-153/GO;Norte;Colisão Traseira;1;;;2;;;;;;;4;;;;
01/10/2016;18:50:00;470;com vítima;513;BR-153/GO;Norte;Colisão Traseira;;;;1;1;;;;;;1;;1;;
01/10/2016;22:03:00;551;com vítima;363,52;BR-262/MG;Oeste;Outros - sequências;1;;1;;;;;;;;1;;1;;2
01/10/2016;22:37:00;563;com vítima;357,35;BR-262/MG;Leste;Capotamento;1;;;;;;;;;;0;;1;;
02/10/2016;05:35:00;65;sem vítima;58;BR-153/MG;Norte;Saida de Pista;1;;;;;;;;;;1;;;;
02/10/2016;09:06:00;140;com vítima;40,45;BR-060/GO;Sul;Colisão Lateral;;;;2;;;;;;;0;;1;1;
02/10/2016;11:07:00;211;com vítima;380;BR-262/MG;Oeste;Queda de Moto;;;;1;;;;;;;0;;1;;
02/10/2016;11:51:00;237;com vítima;38;BR-060/GO;Norte;Queda de Moto;;;;1;;;;;;;0;1;;;
02/10/2016;15:07:00;339;sem vítima;366;BR-262/MG;Leste;Colisão Traseira;2;;;;;;;;;;2;;;;
02/10/2016;15:51:00;363;sem vítima;4;BR-060/DF;Norte;Colisão Lateral;1;;;1;;;;;;;2;;;;
02/10/2016;17:15:00;420;sem vítima;16,7;BR-153/MG;Norte;Capotamento;1;;;;;;;;;;1;;;;
02/10/2016;17:33:00;430;sem vítima;93;BR-060/GO;Norte;Colisão Traseira;1;;;1;;;;;;;2;;;;
02/10/2016;20:28:00;502;com vítima;508;BR-153/GO;Sul;Colisão Traseira;2;;;;;;;;;;1;2;;;
02/10/2016;21:12:00;514;sem vítima;508;BR-153/GO;Norte;Saida de Pista;2;;;;;;;;;;2;;;;
02/10/2016;21:55:00;536;com vítima;127;BR-060/GO;Norte;Saida de Pista;1;;;;;;;;;;0;1;;;
02/10/2016;22:08:00;540;sem vítima;506;BR-153/GO;Sul;Saida de Pista;1;;;;;;;;;;4;;;;
02/10/2016;22:48:00;551;sem vítima;506;BR-153/GO;Sul;Saida de Pista;1;;;;;;;;;;1;;;;
03/10/2016;01:38:00;21;com vítima;545;BR-153/GO;Sul;Saida de Pista;1;;;;;;;;;;0;1;;;
03/10/2016;05:19:00;41;sem vítima;394;BR-262/MG;Leste;;1;;;;;;;;;;1;;;;
03/10/2016;06:30:00;53;sem vítima;607;BR-153/GO;Sul;Colisão Lateral;;;2;;;;;;;;2;;;;
03/10/2016;06:52:00;60;com vítima;527,5;BR-262/MG;Leste;Saida de Pista;1;;;;;;;;;;0;2;;;
03/10/2016;07:04:00;64;sem vítima;496,5;BR-153/GO;Sul;Engavetamento;3;;;;;;;;;;6;;;;
03/10/2016;07:07:00;66;sem vítima;496,2;BR-153/GO;Sul;Colisão Traseira;;;;;;1;;;;1;2;;;;
03/10/2016;07:56:00;91;sem vítima;511,8;BR-153/GO;Sul;Colisão Traseira;1;;;;1;;;;;;2;;;;
03/10/2016;14:29:00;346;sem vítima;96,9;BR-060/GO;Norte;Saida de Pista;1;;;;;;;;;;1;;;;
03/10/2016;14:48:00;357;sem vítima;519;BR-153/GO;Norte;Engavetamento;3;;;;;;;;;;3;;;;
03/10/2016;14:59:00;361;sem vítima;92;BR-153/MG;Sul;Saida de Pista;;;1;;;;;;;;1;;;;
03/10/2016;15:53:00;390;sem vítima;630;BR-153/GO;Norte;Saida de Pista;1;;;;;;;;;;2;;;;
03/10/2016;17:35:00;437;com vítima;89;BR-153/MG;Sul;Colisão Traseira;1;;2;;;;;;;;2;5;;;
03/10/2016;17:57:00;454;sem vítima;187;BR-153/MG;Norte;Saida de Pista;;;1;;;1;;;;;2;;;;
03/10/2016;18:15:00;462;sem vítima;504,8;BR-153/GO;Norte;Engavetamento;4;;;;;;;;;;4;;;;
03/10/2016;18:25:00;469;sem vítima;504,9;BR-153/GO;Norte;Colisão Traseira;2;;;;;;;;;;2;;;;
03/10/2016;20:00:00;516;com vítima;382;BR-262/MG;Oeste;Saida de Pista;1;;;;;;;;;;0;1;1;;
03/10/2016;20:04:00;517;com vítima;586,286;BR-262/MG;Oeste;Colisão Lateral;1;;1;;;;;;;;0;1;;;2
03/10/2016;21:38:00;548;sem vítima;57;BR-153/MG;Sul;Saida de Pista;1;;;;;;;;;;1;;;;
03/10/2016;21:54:00;556;sem vítima;94;BR-060/GO;Norte;Saida de Pista;1;;;;;;;;;;1;;;;
03/10/2016;23:38:00;590;sem vítima;522,7;BR-153/GO;Sul;Outros - sequências;1;;;;;;;;;;1;;;;
04/10/2016;01:20:00;31;com vítima;59;BR-153/MG;Sul;Colisão Traseira;;;2;;;;;;;;1;1;;1;
04/10/2016;04:03:00;61;sem vítima;509;BR-262/MG;Oeste;Saida de Pista;;;1;;;;;;;;1;;;;
04/10/2016;05:09:00;67;sem vítima;549;BR-262/MG;Leste;Saida de Pista;1;;;;;;;;;;3;;;;
04/10/2016;07:39:00;114;sem vítima;505,8;BR-153/GO;Norte;Engavetamento;3;;;;;;;;;;3;;;;
04/10/2016;08:27:00;155;sem vítima;499;BR-153/GO;Sul;Colisão Traseira;2;;;;;;;;;;2;;;;
04/10/2016;08:35:00;161;com vítima;128,917;BR-060/GO;Sul;Colisão Transversal;;;2;;;;;;;;0;;;2;
04/10/2016;09:58:00;216;com vítima;48,5;BR-060/GO;Sul;Saida de Pista;1;;;;;;;;;;0;1;;;
04/10/2016;10:54:00;248;sem vítima;385;BR-262/MG;Oeste;Choque - Talude;1;;;;;;;;;;1;;;;
04/10/2016;11:06:00;256;sem vítima;124,9;BR-060/GO;Sul;Colisão Traseira;1;;;;;1;;;;;2;;;;
04/10/2016;11:16:00;262;sem vítima;365;BR-262/MG;Oeste;Engavetamento;2;;;;;1;;;;;3;;;;
04/10/2016;12:10:00;283;sem vítima;29,7;BR-060/DF;Norte;Capotamento;;;;;;;;;;1;1;;;;
04/10/2016;14:28:00;352;sem vítima;514;BR-153/GO;Norte;Colisão Traseira;1;;;;;1;;;;;2;;;;
04/10/2016;14:45:00;361;sem vítima;5,75;BR-153/MG;Norte;Saida de Pista;1;;;;;;;;;;2;;;;
04/10/2016;14:53:00;366;com vítima;575,268;BR-262/MG;Leste;Colisão Frontal;;;1;;;;;;;1;0;1;2;;2
04/10/2016;14:55:00;368;com vítima;577,532;BR-153/GO;Sul;Saida de Pista;1;;;;;;;;;;0;1;;;
04/10/2016;15:06:00;371;sem vítima;575;BR-262/MG;Oeste;Saida de Pista;1;;;;;;;;;;1;;;;
04/10/2016;16:13:00;401;com vítima;501,871;BR-153/GO;Norte;Queda de Moto;;;;1;;;;;;;1;1;;;
04/10/2016;18:33:00;471;com vítima;517,635;BR-262/MG;Oeste;Atropelamento - Andarilho;1;;;;;;;;;;1;;;1;
04/10/2016;19:10:00;480;sem vítima;17,102;BR-153/MG;Sul;Saida de Pista;1;;;;;;;;;;1;;;;
04/10/2016;22:09:00;536;com vítima;505,8;BR-153/GO;Sul;Choque - Poste;;;;1;;1;;;;;1;1;;;
05/10/2016;05:20:00;68;com vítima;494,726;BR-153/GO;Norte;Capotamento;1;;;;;;;;;;0;1;;;
05/10/2016;05:48:00;75;com vítima;393,308;BR-262/MG;Oeste;Capotamento;1;;;;;;;;;;0;;1;;
05/10/2016;06:25:00;86;sem vítima;108,325;BR-060/GO;Sul;Colisão Traseira;1;;1;;;;;;;;2;;;;
05/10/2016;07:09:00;105;com vítima;444;BR-262/MG;Oeste;Colisão Traseira;1;;;;;;;;;1;1;1;;;
05/10/2016;07:29:00;111;sem vítima;496,79;BR-153/GO;Sul;Colisão Traseira;2;;;;;;;;;;2;;;;
05/10/2016;08:07:00;133;com vítima;621;BR-153/GO;Norte;Outros - sequências;1;;;;;;;;;;0;1;;;
05/10/2016;09:08:00;188;com vítima;591;BR-153/GO;Norte;Capotamento;1;;;;;;;;;;0;1;;;
05/10/2016;09:44:00;214;sem vítima;587;BR-153/GO;Sul;Capotamento;1;;;;;;;;;;1;;;;
05/10/2016;11:17:00;269;com vítima;579,189;BR-153/GO;Norte;Saida de Pista;1;;;;;;;;;;0;1;;;
05/10/2016;11:24:00;271;com vítima;549,221;BR-153/GO;Sul;Saida de Pista;;;1;;;;;;;;0;;1;;
05/10/2016;11:38:00;295;com vítima;2,5;BR-153/MG;Sul;Saida de Pista;1;;;;;;;;;;0;1;;;
05/10/2016;13:00:00;326;sem vítima;104,416;BR-060/GO;Sul;Saida de Pista;1;;;;;;;;;;2;;;;
05/10/2016;14:27:00;359;com vítima;363,65;BR-262/MG;Oeste;Capotamento;1;;;;;;;;;;0;1;;;
05/10/2016;14:50:00;364;sem vítima;101,749;BR-060/GO;Norte;Colisão Traseira;1;;1;;;;;;;;2;;;;