data;horario;n_da_ocorrencia;tipo_de_ocorrencia;km;trecho;sentido;tipo_de_acidente;automovel;bicicleta;caminhao;moto;onibus;outros;tracao_animal;transporte_de_cargas_especiais;trator_maquinas;utilitarios;ilesos;levemente_feridos;moderadamente_feridos;gravemente_feridos;mortos
05/10/2016;15:00:00;372;com vítima;639;BR-153/GO;Norte;Colisão Traseira;1;;1;;;;;;;;1;1;;;
05/10/2016;15:21:00;375;com vítima;106;BR-060/GO;Sul;Queda de Moto;;;;1;;;;;;;0;1;;;
05/10/2016;15:31:00;381;sem vítima;11,029;BR-060/DF;Norte;Saida de Pista;1;;;;;;;;;;1;;;;
05/10/2016;16:08:00;401;sem vítima;97;BR-060/GO;Norte;Colisão Traseira;2;;1;;;;;;;;6;;;;
05/10/2016;16:22:00;405;sem vítima;496,703;BR-153/GO;Sul;Outros - sequências;1;;1;;;1;;;;;3;;;;
05/10/2016;17:09:00;421;com vítima;551;BR-262/MG;Oeste;Saida de Pista;;;;;;;;;;1;0;1;;;
05/10/2016;17:24:00;433;com vítima;28,185;BR-060/DF;Norte;Atropelamento - Morador;;;;;;;;;;1;1;;;1;1
05/10/2016;17:29:00;436;sem vítima;496;BR-153/GO;Norte;Colisão Lateral;1;;1;;;;;;;;2;;;;
05/10/2016;17:39:00;443;sem vítima;549;BR-262/MG;Leste;Saida de Pista;1;;;;;;;;;;1;;;;
05/10/2016;18:41:00;470;sem vítima;499;BR-153/GO;Sul;Engavetamento;4;;;;;1;;;;;11;;;;
05/10/2016;19:28:00;484;com vítima;685,048;BR-153/GO;Sul;Tombamento;;;1;;;;;;;;0;1;;;
05/10/2016;19:55:00;499;com vítima;672,937;BR-153/GO;Sul;Tombamento;;;1;;;;;;;;0;1;;;
05/10/2016;20:44:00;519;sem vítima;26,976;BR-153/MG;Norte;Saida de Pista;;;1;;;;;;;;1;;;;
05/10/2016;21:15:00;528;com vítima;648;BR-262/MG;Oeste;Saida de Pista;1;;;;;1;;;;;1;2;1;;
05/10/2016;22:13:00;547;sem vítima;493,296;BR-153/GO;Norte;Colisão Traseira;;;;;;1;;;;1;2;;;;
06/10/2016;03:23:00;37;sem vítima;44;BR-153/MG;Norte;Saida de Pista;;;1;;;;;;;;2;;;;
06/10/2016;07:49:00;93;sem vítima;509,338;BR-153/GO;Norte;Colisão Lateral;;;2;;;;;;;;2;;;;
06/10/2016;08:18:00;122;com vítima;495,582;BR-153/GO;Sul;Colisão Traseira;1;;;1;;;;;;;1;1;;;
06/10/2016;08:37:00;138;sem vítima;504,585;BR-153/GO;Norte;Colisão Traseira;2;;;;;;;;;;2;;;;
06/10/2016;10:00:00;190;sem vítima;30,483;BR-060/DF;Sul;Choque - Veiculo parado no acostamento;;;2;;;;;;;;2;;;;
06/10/2016;12:11:00;255;sem vítima;612;BR-262/MG;Leste;Colisão Transversal;;;2;;;;;;;;2;;;;
06/10/2016;14:51:00;329;com vítima;626,995;BR-262/MG;Oeste;Capotamento;;;1;;;;;;;;0;;1;;
06/10/2016;16:51:00;391;sem vítima;51,648;BR-060/GO;Norte;Choque - Defensa, barreira ou "submarino";1;;;;;;;;;;1;;;;
06/10/2016;21:54:00;508;com vítima;175,773;BR-153/MG;Norte;Saida de Pista;1;;;;;;;;;;0;1;1;;
07/10/2016;00:13:00;2;com vítima;7,834;BR-060/DF;Norte;Atropelamento - Andarilho;;;;;;1;;;;;1;;;;1
07/10/2016;02:56:00;27;sem vítima;528,907;BR-153/GO;Norte;Atropelamento - Outros;1;;;;;;;;;;3;;;;
07/10/2016;05:45:00;56;sem vítima;554,3;BR-153/GO;Norte;Outros - sequências;;;1;;;;;;;;1;;;;
07/10/2016;09:21:00;169;sem vítima;5,529;BR-060/GO;Norte;Colisão Lateral;1;;1;;;;;;;;2;;;;
07/10/2016;10:37:00;224;sem vítima;108,33;BR-060/GO;Norte;Colisão Traseira;;;2;;;;;;;;2;;;;
07/10/2016;11:37:00;265;sem vítima;442;BR-262/MG;Leste;Outros - sequências;1;;;;;;;;;;1;;;;
07/10/2016;12:52:00;301;com vítima;12,39;BR-060/GO;Norte;Atropelamento - Andarilho;1;;;;;;;;;;1;1;;;
07/10/2016;14:04:00;343;sem vítima;60;BR-060/GO;Norte;Colisão Lateral;;;2;;;;;;;;2;;;;
07/10/2016;14:14:00;349;com vítima;800;BR-262/MG;Oeste;Colisão Traseira;;;1;1;;;;;;;2;;;1;
07/10/2016;16:18:00;440;sem vítima;72,311;BR-060/GO;Sul;Tombamento;;;1;;;1;;;;;2;;;;
07/10/2016;18:37:00;528;com vítima;366,361;BR-262/MG;Leste;Colisão Lateral;1;;1;;;;;;;;1;1;;;
07/10/2016;18:57:00;538;sem vítima;580,018;BR-262/MG;Oeste;Saida de Pista;1;;;;;;;;;;1;;;;
07/10/2016;20:09:00;565;com vítima;494,819;BR-153/GO;Sul;Atropelamento - Andarilho;;;;1;;;;;;;0;1;1;;
07/10/2016;20:41:00;583;sem vítima;493;BR-153/GO;Sul;Engavetamento;4;;1;;;1;;;;;6;;;;
07/10/2016;20:42:00;584;sem vítima;493,2;BR-153/GO;Sul;Colisão Lateral;1;;;;;1;;;;;2;;;;
07/10/2016;20:59:00;598;sem vítima;20,313;BR-060/GO;Norte;Saida de Pista;;;;;;;;;;1;1;;;;
07/10/2016;21:07:00;601;sem vítima;91,831;BR-060/GO;Norte;Colisão Traseira;1;;;;;1;;;;;2;;;;
07/10/2016;22:01:00;627;sem vítima;94,18;BR-060/GO;Norte;Saida de Pista;1;;;;;;;;;;1;;;;
07/10/2016;23:22:00;648;sem vítima;442;BR-262/MG;Oeste;Saida de Pista;;;1;;;;;;;;1;;;;
08/10/2016;00:19:00;3;com vítima;713;BR-262/MG;Oeste;Colisão Transversal;1;;1;;;;;;;;1;1;;;
08/10/2016;02:53:00;33;com vítima;374;BR-262/MG;Oeste;Outros - sequências;1;;;;;;;;;;0;1;;;
08/10/2016;05:48:00;58;sem vítima;101;BR-060/GO;Norte;Saida de Pista;1;;;;;;;;;;1;;;;
08/10/2016;06:06:00;68;sem vítima;102;BR-060/GO;Sul;Saida de Pista;;;;;;;;;;1;1;;;;
08/10/2016;06:31:00;76;com vítima;36,783;BR-153/MG;Sul;Colisão Transversal;;;3;;;;;;;;0;2;1;;
08/10/2016;07:12:00;85;sem vítima;580;BR-262/MG;Leste;Colisão Traseira;2;;;;;;;;;;7;;;;
08/10/2016;07:18:00;86;sem vítima;499;BR-153/GO;Norte;Choque - Defensa, barreira ou "submarino";1;;;;;;;;;;1;;;;
08/10/2016;11:40:00;234;com vítima;34,912;BR-060/GO;Sul;Capotamento;;;;;;;;;;1;2;;;;1
08/10/2016;14:24:00;299;sem vítima;495,531;BR-153/GO;Sul;Colisão Traseira;1;;1;;;;;;;;2;;;;
08/10/2016;15:04:00;318;com vítima;52;BR-153/MG;Norte;Colisão Lateral;;;;2;;;;;;;0;2;;;
08/10/2016;15:49:00;338;sem vítima;58;BR-153/MG;Sul;Colisão Lateral;1;;1;;;;;;;;2;;;;
08/10/2016;15:54:00;341;sem vítima;498,855;BR-153/GO;Sul;Choque - Defensa, barreira ou "submarino";1;;;;;;;;;;1;;;;
08/10/2016;16:07:00;346;sem vítima;563;BR-153/GO;Norte;Outros - sequências;1;;;;;;;;;;1;;;;
08/10/2016;16:15:00;348;sem vítima;5,237;BR-060/DF;Norte;Queda de Moto;;;;1;;;;;;;2;;;;
08/10/2016;16:26:00;353;com vítima;77,481;BR-153/MG;Sul;Colisão Frontal;1;;1;;;;;;;;0;1;;;3
08/10/2016;16:59:00;365;com vítima;89,684;BR-060/GO;Norte;Colisão Lateral;1;;;1;;;;;;;1;1;;;
08/10/2016;17:20:00;370;com vítima;418;BR-262/MG;Leste;Queda de Moto;;;;1;;;;;;;0;1;;;
08/10/2016;17:22:00;371;com vítima;498,836;BR-153/GO;Norte;Queda de Moto;;;;1;;;;;;;0;2;;;
08/10/2016;18:39:00;413;com vítima;842;BR-262/MG;Leste;Queda de Moto;;;;1;;;;;;;1;1;;;
08/10/2016;19:26:00;433;sem vítima;646,598;BR-153/GO;Sul;Capotamento;1;;;;;;;;;;2;;;;
08/10/2016;20:46:00;462;sem vítima;782,689;BR-262/MG;Leste;Atropelamento de Animal;1;;;;;;;;;;1;;;;
08/10/2016;21:17:00;473;com vítima;243;BR-153/MG;Sul;Colisão Transversal;1;;;;;1;;;;;1;1;;;
08/10/2016;21:57:00;490;com vítima;597,573;BR-262/MG;Leste;Atropelamento de Animal;1;;;;;1;;;;;2;1;;;
08/10/2016;23:15:00;516;com vítima;492;BR-153/GO;Norte;Queda de Moto;;;;1;;;;;;;0;1;;;
09/10/2016;12:36:00;259;com vítima;31,523;BR-060/GO;Sul;Colisão Transversal;;;;;;1;;;;1;2;1;;;
09/10/2016;12:37:00;260;com vítima;106,383;BR-060/GO;Norte;Colisão Traseira;;;;1;;1;;;;;1;1;;;
09/10/2016;15:47:00;362;com vítima;58,798;BR-153/MG;Sul;Colisão Traseira;;;1;;;;;;;1;1;;;;1
09/10/2016;15:49:00;363;sem vítima;101;BR-060/GO;Norte;Colisão Lateral;1;;;;;1;;;;;5;;;;
09/10/2016;15:54:00;368;sem vítima;102,531;BR-060/GO;Norte;Colisão Traseira;2;;;;;;;;;;2;;;;
09/10/2016;16:08:00;378;sem vítima;443;BR-262/MG;Leste;Saida de Pista;1;;;;;;;;;;1;;;;
09/10/2016;19:25:00;504;sem vítima;210;BR-153/MG;Norte;Saida de Pista;1;;;;;;;;;;3;;;;
09/10/2016;20:15:00;525;com vítima;56,672;BR-060/GO;Norte;Outros - sequências;1;;;;;;;;;;0;1;;;
09/10/2016;22:00:00;568;sem vítima;814;BR-262/MG;Oeste;;1;;;;;;;;;;1;;;;
09/10/2016;23:38:00;600;com vítima;370,187;BR-262/MG;Oeste;Atropelamento de Animal;;;;1;;;;;;;0;;1;;
10/10/2016;03:14:00;38;com vítima;581,3;BR-153/GO;Sul;Atropelamento de Animal;;;;1;;;;;;;0;2;;;
10/10/2016;09:26:00;185;sem vítima;27,861;BR-060/GO;Norte;Saida de Pista;1;;;;;;;;;;1;;;;
10/10/2016;10:43:00;252;com vítima;37,211;BR-060/GO;Sul;Capotamento;1;;;;;;;;;;0;2;;;
10/10/2016;13:35:00;347;sem vítima;89,607;BR-060/GO;Norte;Colisão Traseira;2;;;;;;;;;;2;;;;
10/10/2016;14:25:00;374;com vítima;901;BR-262/MG;Oeste;Choque - Defensa, barreira ou "submarino";1;;;;;;;;;;0;1;;;
10/10/2016;15:41:00;438;com vítima;679,9;BR-153/GO;Norte;Capotamento;1;;;;;;;;;;4;1;;;
10/10/2016;16:03:00;451;sem vítima;575;BR-262/MG;Leste;Saida de Pista;;;1;;;;;;;;1;;;;
10/10/2016;16:06:00;452;sem vítima;13,323;BR-060/DF;Norte;Saida de Pista;1;;;;;;;;;;1;;;;
10/10/2016;19:53:00;578;sem vítima;95,876;BR-060/GO;Norte;Colisão Traseira;2;;;;;;;;;;4;;;;
10/10/2016;20:25:00;598;sem vítima;526;BR-262/MG;Oeste;Colisão Traseira;;;1;;;;;;;1;3;;;;
11/10/2016;00:49:00;11;sem vítima;432,862;BR-262/MG;Leste;Tombamento;;;1;;;;;;;;1;;;;
11/10/2016;01:55:00;32;sem vítima;636,636;BR-153/GO;Norte;Capotamento;1;;;;;;;;;;1;;;;
11/10/2016;02:12:00;35;com vítima;490,1;BR-153/GO;Sul;Saida de Pista;1;;;;;;;;;;0;1;;;
11/10/2016;07:32:00;91;com vítima;497,449;BR-153/GO;Sul;Queda de Moto;;;;1;;;;;;;0;2;;;
11/10/2016;07:34:00;93;com vítima;80,966;BR-060/GO;Sul;Capotamento;1;;;;;;;;;;4;1;;;
11/10/2016;09:11:00;160;com vítima;694,9;BR-153/GO;Norte;Outros - sequências;1;;;;;;;;;;0;2;;;
11/10/2016;09:32:00;172;com vítima;512,103;BR-153/GO;Sul;Colisão Traseira;;;;1;;1;;;;;1;;1;;
11/10/2016;14:39:00;340;sem vítima;41,5;BR-153/MG;Norte;Saida de Pista;1;;;;;;;;;;1;;;;
11/10/2016;16:01:00;397;sem vítima;59,5;BR-153/MG;Norte;Engavetamento;2;;;;;1;;;;;4;;;;
11/10/2016;17:54:00;462;sem vítima;490;BR-153/GO;Sul;Colisão Traseira;2;;;;;;;;;;2;;;;
11/10/2016;18:04:00;467;sem vítima;777,8;BR-262/MG;Oeste;Colisão Lateral;1;;1;;;;;;;;4;;;;
11/10/2016;18:40:00;481;com vítima;505;BR-153/GO;Sul;Engavetamento;5;;;;;;;;;;4;1;;;
11/10/2016;19:20:00;497;sem vítima;121,2;BR-153/MG;Norte;Saida de Pista;1;;;;;;;;;;1;;;;
11/10/2016;20:01:00;513;com vítima;506;BR-153/GO;Norte;Queda de Moto;1;;;1;;;;;;;1;;1;;
11/10/2016;20:12:00;522;sem vítima;504;BR-153/GO;Sul;Colisão Traseira;1;;1;;;;;;;;4;;;;
11/10/2016;20:28:00;529;sem vítima;5;BR-060/DF;Sul;Colisão Traseira;;;;1;;1;;;;;2;;;;
11/10/2016;21:02:00;540;sem vítima;714;BR-262/MG;Leste;Colisão Traseira;;;2;;;;;;;;2;;;;
11/10/2016;23:01:00;589;sem vítima;520,753;BR-262/MG;Oeste;Saida de Pista;;;;;1;;;;;;20;;;;
11/10/2016;23:26:00;598;com vítima;745,238;BR-262/MG;Leste;Outros - sequências;1;;1;;;;;;;;1;;2;;
11/10/2016;23:38:00;601;com vítima;795,365;BR-262/MG;Oeste;Colisão Frontal;1;;1;;;;;;;;1;;1;;
11/10/2016;23:57:00;603;sem vítima;554,526;BR-262/MG;Oeste;Saida de Pista;1;;;;;;;;;;1;;;;
12/10/2016;00:32:00;8;sem vítima;553;BR-262/MG;Leste;Saida de Pista;1;;;;;;;;;;1;;;;
12/10/2016;03:36:00;43;sem vítima;502,5;BR-153/GO;Norte;Colisão Traseira;2;;;;;;;;;;2;;;;
12/10/2016;03:54:00;46;sem vítima;580,136;BR-262/MG;Oeste;Saida de Pista;1;;;;;;;;;;1;;;;
12/10/2016;04:13:00;49;sem vítima;502,8;BR-153/GO;Norte;Colisão Traseira;2;;;;;;;;;;2;;;;
12/10/2016;07:03:00;77;com vítima;583,572;BR-262/MG;Leste;Outros - sequências;;;1;;;;;;;;0;1;;;
12/10/2016;09:57:00;173;com vítima;63,761;BR-060/GO;Norte;Capotamento;1;;;;;;;;;;0;2;;;
12/10/2016;14:11:00;306;com vítima;495,615;BR-153/GO;Sul;Queda de Moto;;;;1;;;;;;;1;;1;;
12/10/2016;15:05:00;334;com vítima;564,389;BR-262/MG;Leste;Colisão Lateral;1;;2;;;;;;;;2;;2;2;
12/10/2016;16:25:00;392;com vítima;96,318;BR-060/GO;Sul;Colisão Lateral;1;;;1;;;;;;;1;;1;;
12/10/2016;17:12:00;418;com vítima;6,154;BR-060/DF;Sul;;1;;;1;;;;;;;5;;1;;
12/10/2016;17:24:00;425;sem vítima;51,187;BR-060/GO;Sul;Capotamento;1;;;;;;;;;;1;;;;
12/10/2016;17:35:00;433;com vítima;178,595;BR-153/MG;Sul;Colisão Frontal;1;;1;;;;;;;;1;;;;1
12/10/2016;19:03:00;498;sem vítima;679;BR-262/MG;Oeste;Colisão Traseira;2;;;;;;;;;;2;;;;
12/10/2016;20:14:00;523;com vítima;637,371;BR-153/GO;Norte;Outros - sequências;1;;;;;;;;;;2;;1;;
12/10/2016;22:11:00;573;sem vítima;515,016;BR-153/GO;Norte;Colisão Traseira;2;;;;;;;;;;2;;;;
13/10/2016;05:12:00;44;com vítima;496;BR-262/MG;Leste;Saida de Pista;1;;1;;;;;;;;1;1;;;
13/10/2016;06:42:00;66;sem vítima;621,926;BR-153/GO;Sul;Colisão Traseira;1;;2;;;;;;;;3;;;;
13/10/2016;10:05:00;190;sem vítima;500,523;BR-153/GO;Sul;Colisão Traseira;1;;1;;;;;;;;2;;;;
13/10/2016;14:26:00;374;sem vítima;94,839;BR-060/GO;Sul;Outros - sequências;2;;;;;1;;;;;3;;;;
13/10/2016;14:32:00;377;sem vítima;504,679;BR-153/GO;Norte;Queda de Moto;;;;1;;;;;;;1;;;;
13/10/2016;15:13:00;397;sem vítima;94,839;BR-060/GO;Sul;Colisão Lateral;1;;1;;;;;;;;2;;;;
13/10/2016;18:25:00;527;com vítima;220,544;BR-153/MG;Sul;Tombamento;;;1;;;;;;;;0;1;;;
13/10/2016;18:40:00;539;com vítima;138;BR-060/GO;Norte;Colisão Frontal;1;;;1;;;;;;;1;1;;;
13/10/2016;19:33:00;558;com vítima;504,03;BR-153/GO;Sul;Queda de Moto;;;;1;;;;;;;0;1;;;
13/10/2016;19:34:00;559;sem vítima;498,99;BR-153/GO;Norte;Engavetamento;7;;;;;1;;;;;8;;;;
13/10/2016;19:54:00;569;com vítima;514,964;BR-153/GO;Sul;Colisão Transversal;;;1;1;;;;;;;1;;;;1
13/10/2016;20:48:00;592;sem vítima;96,99;BR-060/GO;Norte;Colisão Traseira;2;;;;;;;;;;2;;;;
13/10/2016;20:55:00;595;sem vítima;226;BR-153/MG;Sul;Saida de Pista;;;1;;;;;;;;1;;;;
14/10/2016;03:20:00;27;com vítima;44,283;BR-060/GO;Norte;Capotamento;1;;;;;;;;;;1;1;;;
14/10/2016;04:38:00;36;com vítima;749,479;BR-262/MG;Leste;Carreta deu L;;;1;;;;;;;;0;1;;;
14/10/2016;07:28:00;75;sem vítima;553;BR-262/MG;Leste;Outros - sequências;1;;;;;;;;;;1;;;;
14/10/2016;08:38:00;119;com vítima;574;BR-262/MG;Oeste;Outros - sequências;1;;;;;;;;;;0;3;;;
14/10/2016;09:16:00;149;sem vítima;437;BR-262/MG;Leste;;1;;1;;;;;;;;2;;;;
14/10/2016;09:24:00;156;com vítima;529,699;BR-153/GO;Sul;Capotamento;1;;;;;1;;;;;2;1;;;
14/10/2016;10:07:00;182;com vítima;150,1;BR-153/MG;Sul;Capotamento;1;;;;;;;;;;1;1;;;
14/10/2016;10:40:00;207;com vítima;379;BR-262/MG;Oeste;Outros - sequências;1;;;;;;;;;;0;1;;;
14/10/2016;11:01:00;221;com vítima;549;BR-262/MG;Leste;Colisão Lateral;;;1;;;;;;;1;1;2;;;
14/10/2016;11:08:00;224;com vítima;591;BR-262/MG;Oeste;Colisão Lateral;;;1;;;1;;;;;1;1;;;
14/10/2016;11:16:00;229;com vítima;575;BR-262/MG;Oeste;Saida de Pista;1;;;;;;;;;;0;1;;;
14/10/2016;11:21:00;231;sem vítima;368;BR-262/MG;Leste;Atropelamento - Andarilho;1;;;;;;;;;;2;;;;
14/10/2016;11:30:00;248;com vítima;575;BR-262/MG;Oeste;Outros - sequências;1;;;;;;;;;;0;1;;;
14/10/2016;12:26:00;269;sem vítima;104;BR-153/MG;Norte;Saida de Pista;;;1;;;;;;;;1;;;;
14/10/2016;12:57:00;290;sem vítima;70,755;BR-060/GO;Sul;Saida de Pista;1;;;;;;;;;;1;;;;
14/10/2016;11:20:00;313;sem vítima;549;BR-262/MG;Oeste;Saida de Pista;;;;;;;;;;1;1;;;;
14/10/2016;16:00:00;391;sem vítima;59;BR-153/MG;Norte;Colisão Lateral;1;;;;;2;;;;;3;;;;
14/10/2016;17:22:00;433;com vítima;513,235;BR-153/GO;Norte;Colisão Traseira;1;;;1;;;;;;;1;;;1;
14/10/2016;19:00:00;487;sem vítima;134,064;BR-060/GO;Norte;Queda de Ciclista;;;;1;;1;;;;;2;;;;
14/10/2016;19:11:00;493;com vítima;504,546;BR-153/GO;Norte;Queda de Moto;;;;1;;;;;;;0;1;;;
14/10/2016;19:59:00;514;sem vítima;540;BR-153/GO;Sul;Atropelamento de Animal;1;;;;;;;;;;1;;;;
15/10/2016;00:44:00;16;sem vítima;28;BR-153/MG;Sul;Saida de Pista;;;1;;;;;;;;1;;;;
15/10/2016;01:25:00;25;com vítima;644,9;BR-153/GO;Sul;Outros - sequências;;;1;;;;;;;;0;1;;;
15/10/2016;05:30:00;114;com vítima;23,9;BR-060/DF;Norte;Queda de Moto;;;;1;;1;;;;;1;1;;;
15/10/2016;11:02:00;299;sem vítima;108,7;BR-060/GO;Norte;Saida de Pista;1;;;;;1;;;;;2;;;;
15/10/2016;11:15:00;317;sem vítima;35;BR-060/GO;Norte;Capotamento;1;;;;;;;;;;1;;;;
15/10/2016;12:07:00;354;com vítima;108,024;BR-060/GO;Sul;Tombamento;;;1;;;;;;;;0;1;;1;
15/10/2016;12:26:00;362;com vítima;607;BR-262/MG;Leste;Outros - sequências;;;1;;;;;;;;0;1;;;
15/10/2016;12:43:00;370;com vítima;591;BR-262/MG;Oeste;Outros - sequências;2;;1;;;;;;;;0;1;;;2
15/10/2016;13:07:00;379;com vítima;370;BR-262/MG;Leste;Saida de Pista;1;;;;;;;;;;2;1;;;
15/10/2016;13:29:00;395;com vítima;22,5;BR-153/MG;Sul;Tombamento;;;1;;;;;;;;0;1;;;
15/10/2016;13:42:00;399;sem vítima;390;BR-262/MG;Oeste;Saida de Pista;1;;;;;;;;;;1;;;;
15/10/2016;14:22:00;426;sem vítima;388;BR-262/MG;Oeste;Outros - sequências;1;;;;;;;;;;1;;;;
15/10/2016;14:31:00;432;com vítima;408;BR-262/MG;Leste;Outros - sequências;;;;;;;;;;1;0;1;;;
15/10/2016;14:46:00;441;sem vítima;495;BR-153/GO;Norte;Queda de Moto;;;;1;;;;;;;1;;;;
15/10/2016;16:30:00;517;com vítima;234,9;BR-153/MG;Norte;Capotamento;1;;;;;;;;;;0;2;;;
15/10/2016;17:57:00;565;com vítima;811,802;BR-262/MG;Oeste;Engavetamento;3;;;;;;;;;;5;1;;;
15/10/2016;18:05:00;571;com vítima;519;BR-153/GO;Sul;Outros - sequências;1;;;;;;;;;;0;1;;;
15/10/2016;18:16:00;580;com vítima;581;BR-262/MG;Leste;Queda de Moto;;;;1;;;;;;;0;1;;;
15/10/2016;19:44:00;619;sem vítima;31,6;BR-060/GO;Sul;Colisão Traseira;1;;;1;;;;;;;2;;;;
15/10/2016;20:06:00;629;sem vítima;17;BR-153/MG;Sul;Saida de Pista;1;;;;;;;;;;2;;;;
15/10/2016;20:39:00;636;sem vítima;507;BR-153/GO;Norte;Queda de Ciclista;;;;1;;1;;;;;2;;;;
15/10/2016;22:19:00;665;sem vítima;391;BR-262/MG;Oeste;Saida de Pista;1;;;;;;;;;;1;;;;
15/10/2016;23:01:00;684;com vítima;148,371;BR-153/MG;Norte;Colisão Lateral;;;1;;1;;;;;;2;31;;;
16/10/2016;07:39:00;65;sem vítima;44;BR-153/MG;Sul;Saida de Pista;1;;;;;;;;;;1;;;;
16/10/2016;10:49:00;173;com vítima;80;BR-060/GO;Sul;Saida de Pista;1;;;;;;;;;;1;1;;;
16/10/2016;11:37:00;205;sem vítima;383;BR-262/MG;Oeste;Engavetamento;2;;;;;2;;;;;4;;;;
16/10/2016;12:10:00;219;sem vítima;380;BR-262/MG;Leste;Colisão Traseira;2;;;;;;;;;;2;;;;
16/10/2016;12:39:00;227;sem vítima;102;BR-153/MG;Norte;;1;;;;;;;;;;1;;;;
16/10/2016;14:10:00;290;sem vítima;2,895;BR-060/DF;Norte;Saida de Pista;1;;;;;1;;;;;2;;;;
16/10/2016;17:03:00;408;com vítima;376;BR-262/MG;Leste;Saida de Pista;;;1;;;;;;;;0;;1;;
16/10/2016;17:20:00;418;com vítima;612;BR-262/MG;Leste;Tombamento;;;1;;;1;;;;;1;1;;;
16/10/2016;17:31:00;421;sem vítima;504;BR-153/GO;Norte;Colisão Traseira;1;;;;;1;;;;;2;;;;
16/10/2016;17:38:00;426;sem vítima;215;BR-153/MG;Norte;Capotamento;1;;;;;1;;;;;2;;;;
16/10/2016;18:31:00;453;com vítima;523;BR-262/MG;Leste;Choque - Arvore;1;;;;;;;;;;0;1;;;
16/10/2016;18:49:00;466;sem vítima;575;BR-153/GO;Norte;Saida de Pista;1;;;;;;;;;;1;;;;
16/10/2016;18:55:00;472;sem vítima;594,1;BR-262/MG;Oeste;Colisão Lateral;2;;;;;;;;;;7;;;;
16/10/2016;19:14:00;484;com vítima;566;BR-153/GO;Norte;Capotamento;1;;;;;;;;;;0;3;1;;
16/10/2016;21:37:00;591;sem vítima;86;BR-060/GO;Norte;Atropelamento de Animal;1;;;;;;;;;;1;;;;
16/10/2016;22:10:00;608;sem vítima;535;BR-262/MG;Leste;Atropelamento de Animal;1;;;;;;;;;;2;;;;
17/10/2016;00:36:00;14;sem vítima;679,25;BR-153/GO;Norte;Atropelamento de Animal;1;;;;;;;;;;1;;;;
17/10/2016;06:59:00;114;sem vítima;685,3;BR-153/GO;Sul;Capotamento;1;;;;;;;;;;3;;;;
17/10/2016;07:22:00;128;com vítima;507;BR-153/GO;Norte;Engavetamento;2;;1;;;;;;;;2;1;;;
17/10/2016;08:09:00;155;sem vítima;52;BR-060/GO;Norte;Colisão Lateral;1;;;;;;;;;;1;;;;
17/10/2016;08:13:00;160;com vítima;118;BR-060/GO;Norte;Queda de Moto;;;;1;;;;;;;0;1;;;
17/10/2016;12:08:00;313;sem vítima;97;BR-060/GO;Norte;Colisão Traseira;1;;;;;;;;;1;2;;;;
17/10/2016;13:14:00;352;sem vítima;499;BR-153/GO;Norte;Colisão Traseira;1;;1;;;;;;;;2;;;;
17/10/2016;17:21:00;494;com vítima;406,811;BR-262/MG;Oeste;Queda de Moto;;;1;1;;;;;;;1;1;;;
17/10/2016;19:03:00;540;sem vítima;187;BR-153/MG;Norte;Colisão Traseira;;;1;;;;;;;1;2;;;;
17/10/2016;21:35:00;616;com vítima;496;BR-153/GO;Norte;Choque - Veiculo parado na pista;1;;;1;;;;;;;1;1;;;
18/10/2016;00:36:00;11;com vítima;220;BR-153/MG;Sul;Colisão Traseira;;;1;;;;;;;1;1;;1;;
18/10/2016;05:20:00;102;com vítima;359;BR-262/MG;Oeste;Colisão Traseira;;;1;1;;;;;;;1;1;;;
18/10/2016;16:57:00;569;sem vítima;102;BR-060/GO;Norte;Tombamento;;;1;;;;;;;;1;;;;
19/10/2016;00:11:00;3;com vítima;517;BR-262/MG;Oeste;Colisão Frontal;;;2;;;;;;;;1;;1;;
19/10/2016;09:31:00;177;sem vítima;440;BR-262/MG;Leste;Saida de Pista;1;;;;;;;;;;1;;;;
19/10/2016;09:56:00;195;com vítima;101;BR-060/GO;Sul;Colisão Lateral;1;;;1;;;;;;;1;2;;;
19/10/2016;12:21:00;298;sem vítima;554,9;BR-262/MG;Leste;Colisão Traseira;;;;;1;1;;;;;10;;;;
19/10/2016;13:48:00;383;sem vítima;502,4;BR-153/GO;Norte;Queda de Moto;1;;;1;;;;;;;2;;;;
19/10/2016;13:59:00;390;sem vítima;358;BR-262/MG;Oeste;Saida de Pista;1;;;;;;;;;;1;;;;
19/10/2016;15:31:00;478;sem vítima;33,991;BR-153/MG;Norte;Choque - Suporte de Sinalização;1;;;;;;;;;;3;;;;
19/10/2016;17:54:00;615;com vítima;680,221;BR-262/MG;Leste;Colisão Frontal;;;;1;;;;;;;0;1;;;
19/10/2016;19:35:00;680;sem vítima;728,488;BR-262/MG;Oeste;Saida de Pista;1;;1;;;;;;;;2;;;;
19/10/2016;22:01:00;734;com vítima;492;BR-153/GO;Sul;Queda de Moto;;;;1;;;;;;;0;1;;;
20/10/2016;00:01:00;1;sem vítima;129;BR-060/GO;Norte;Saida de Pista;1;;;;;;;;;;1;;;;
20/10/2016;02:00:00;51;com vítima;544,187;BR-262/MG;Oeste;Tombamento;;;1;;;;;;;;0;1;;;
20/10/2016;06:41:00;107;sem vítima;83,129;BR-060/GO;Norte;Saida de Pista;1;;;;;;;;;;1;;;;
20/10/2016;07:21:00;124;sem vítima;83,14;BR-060/GO;Norte;Choque - Outros;1;;;;;;;;;;1;;;;
20/10/2016;07:27:00;128;com vítima;701,849;BR-262/MG;Oeste;Colisão Frontal;1;;1;;;;;;;;0;1;;;1