data;horario;n_da_ocorrencia;tipo_de_ocorrencia;km;trecho;sentido;tipo_de_acidente;automovel;bicicleta;caminhao;moto;onibus;outros;tracao_animal;transporte_de_cargas_especiais;trator_maquinas;utilitarios;ilesos;levemente_feridos;moderadamente_feridos;gravemente_feridos;mortos
05/11/2016;21:28:00;439;sem vítima;506,83;BR-153/GO;Norte;Choque - Defensa, barreira ou "submarino";1;;;;;1;;;;;2;;;;
05/11/2016;21:38:00;444;sem vítima;444;BR-262/MG;Leste;Saida de Pista;1;;;;;;;;;;1;;;;
05/11/2016;22:00:00;448;sem vítima;381;BR-262/MG;Oeste;Saida de Pista;1;;;;;;;;;;1;;;;
06/11/2016;00:55:00;22;sem vítima;32,304;BR-060/GO;Sul;Saida de Pista;1;;;;;;;;;;1;;;;
06/11/2016;01:16:00;27;sem vítima;210;BR-153/MG;Sul;Saida de Pista;1;;;;;;;;;;1;;;;
06/11/2016;02:21:00;41;com vítima;437;BR-262/MG;Leste;Saida de Pista;1;;;;;;;;;;0;;1;;
06/11/2016;05:25:00;66;com vítima;115,4;BR-153/MG;Norte;Capotamento;1;;1;;;;;;;;2;1;;;
06/11/2016;05:25:00;69;com vítima;67,938;BR-060/GO;Sul;Atropelamento - Ciclista;;1;;;;1;;;;;1;1;;;
06/11/2016;07:49:00;107;com vítima;238,5;BR-153/MG;Norte;Choque - Arvore;;;;;;;;;;;0;1;;;
06/11/2016;08:59:00;125;com vítima;466;BR-262/MG;Leste;Capotamento;;;;;;1;;;;1;1;;1;;
06/11/2016;10:29:00;159;sem vítima;659;BR-153/GO;Sul;Colisão Traseira;1;;1;;;;;;;;3;;;;
06/11/2016;13:30:00;250;sem vítima;503,525;BR-153/GO;Norte;Colisão Traseira;3;;;;;1;;;;;4;;;;
06/11/2016;13:50:00;261;sem vítima;506;BR-153/GO;Sul;Colisão Traseira;1;;;;;1;;;;;2;;;;
06/11/2016;16:43:00;336;sem vítima;405;BR-262/MG;Leste;Colisão Transversal;2;;;;;;;;;;3;;;;
06/11/2016;18:13:00;383;com vítima;437;BR-262/MG;Oeste;Capotamento;;;;;;;;;;1;0;1;;;
06/11/2016;19:06:00;400;sem vítima;533,8;BR-262/MG;Oeste;Saida de Pista;1;;;;;;;;;;1;;;;
06/11/2016;19:07:00;402;sem vítima;442;BR-262/MG;Oeste;Capotamento;;;;;;;;;;1;3;;;;
06/11/2016;19:34:00;412;com vítima;509,518;BR-153/GO;Sul;Queda de Moto;;;;1;;;;;;;0;1;;;
06/11/2016;20:16:00;428;com vítima;239,5;BR-153/MG;Norte;Colisão Transversal;2;;;;;;;;;;1;;;;1
06/11/2016;22:36:00;486;sem vítima;694;BR-262/MG;Oeste;Colisão Traseira;;;1;;;1;;;;;2;;;;
06/11/2016;22:47:00;488;com vítima;61,813;BR-060/GO;Norte;Colisão Lateral;1;;;1;;;;;;;1;1;;;
06/11/2016;23:52:00;507;com vítima;525;BR-153/GO;Sul;Queda de Moto;;;;1;;;;;;;0;1;;;
07/11/2016;05:35:00;91;sem vítima;101;BR-060/GO;Sul;Colisão Lateral;2;;;;;;;;;;2;;;;
07/11/2016;06:17:00;103;sem vítima;85,5;BR-153/MG;Sul;Capotamento;1;;;;;1;;;;;2;;;;
07/11/2016;07:17:00;125;sem vítima;494,451;BR-153/GO;Sul;Colisão Lateral;1;;1;;;;;;;;2;;;;
07/11/2016;07:50:00;138;sem vítima;496,157;BR-153/GO;Norte;Colisão Traseira;2;;;;;;;;;;2;;;;
07/11/2016;08:54:00;178;sem vítima;496,512;BR-153/GO;Sul;Colisão Traseira;1;;;;;;;;;1;2;;;;
07/11/2016;10:52:00;278;sem vítima;23;BR-060/GO;Sul;Saida de Pista;1;;;;;;;;;;1;;;;
07/11/2016;12:33:00;334;com vítima;608;BR-262/MG;Oeste;Saida de Pista;;;;;;;;;;1;0;1;;;
07/11/2016;13:30:00;359;com vítima;597;BR-262/MG;Leste;Colisão Frontal;;;1;;;;;;;1;0;1;1;;
07/11/2016;14:28:00;377;sem vítima;107;BR-060/GO;Norte;Colisão Traseira;1;;1;;;;;;;;2;;;;
07/11/2016;15:02:00;406;sem vítima;572;BR-262/MG;Leste;Tombamento;;;1;;;;;;;;1;;;;
07/11/2016;15:15:00;416;com vítima;578;BR-262/MG;Leste;Saida de Pista;1;;;;;;;;;;0;1;;;
07/11/2016;18:09:00;524;com vítima;4,4;BR-060/DF;Norte;Colisão Traseira;1;;;1;;;;;;;1;1;;;
07/11/2016;20:03:00;574;com vítima;54,545;BR-060/GO;Norte;Tombamento;;;1;;;;;;;;0;1;1;;
07/11/2016;20:42:00;583;com vítima;355,8;BR-262/MG;Oeste;Queda de Ciclista;;;;1;;;;;;;0;2;;;
08/11/2016;00:41:00;5;sem vítima;449,967;BR-262/MG;Leste;Colisão Lateral;;;2;;;;;;;;2;;;;
08/11/2016;15:54:00;519;sem vítima;585;BR-262/MG;Leste;Saida de Pista;1;;;;;;;;;;1;;;;
08/11/2016;16:37:00;542;sem vítima;378,4;BR-262/MG;Leste;Outros - sequências;;;1;;;;;;;;1;;;;
08/11/2016;17:08:00;566;com vítima;1,8;BR-060/DF;Norte;Colisão Traseira;1;;;;;;;;;1;1;1;;;
08/11/2016;19:12:00;631;com vítima;108,8;BR-153/MG;Sul;Colisão Traseira;;1;;1;;;;;;;1;1;;;
08/11/2016;21:20:00;693;sem vítima;492;BR-262/MG;Oeste;Outros - sequências;1;;;;;;;;;;1;;;;
09/11/2016;05:39:00;62;sem vítima;505;BR-153/GO;Sul;Choque - Poste;1;;;;;;;;;;1;;;;
09/11/2016;07:50:00;92;com vítima;97;BR-060/GO;Sul;Colisão Traseira;1;;;1;;;;;;;1;1;;;
09/11/2016;07:55:00;96;sem vítima;553,8;BR-262/MG;Leste;Saida de Pista;;;1;;;;;;;;1;;;;
09/11/2016;08:07:00;102;com vítima;509;BR-153/GO;Norte;Colisão Traseira;1;;;1;;;;;;;1;1;;;
09/11/2016;14:06:00;334;sem vítima;3;BR-153/MG;Sul;Saida de Pista;1;;;;;;;;;;1;;;;
09/11/2016;15:29:00;376;sem vítima;4,01;BR-060/DF;Sul;Saida de Pista;1;;;;;;;;;;1;;;;
09/11/2016;15:50:00;388;com vítima;507,673;BR-153/GO;Sul;Colisão Traseira;1;;;1;;;;;;;0;2;;;
09/11/2016;16:32:00;413;com vítima;183;BR-153/MG;Sul;Queda de Ciclista;;;;1;;;;;;;0;2;;;
09/11/2016;17:56:00;458;sem vítima;499,708;BR-153/GO;Sul;Colisão Lateral;1;;;;;1;;;;;2;;;;
09/11/2016;18:34:00;473;sem vítima;500,95;BR-153/GO;Sul;Colisão Traseira;;;1;;;1;;;;;2;;;;
09/11/2016;19:03:00;487;com vítima;137,856;BR-060/GO;Norte;Colisão Frontal;1;;;1;;;;;;;1;1;;;
10/11/2016;01:52:00;28;com vítima;594;BR-262/MG;Leste;Outros - sequências;;;2;;;;;;;;0;2;;;
10/11/2016;06:32:00;71;sem vítima;510;BR-153/GO;Norte;Queda de Moto;;;;1;;;;;;;1;;;;
10/11/2016;15:48:00;357;sem vítima;28,6;BR-060/DF;Sul;Choque - Talude;;;;;;;;;;1;1;;;;
10/11/2016;16:26:00;374;com vítima;101;BR-060/GO;Norte;Outros - sequências;1;;;;;1;;;;;1;1;;;
10/11/2016;17:57:00;410;sem vítima;5;BR-060/DF;Sul;Outros - sequências;1;;;;;1;;;;;2;;;;
10/11/2016;18:35:00;438;sem vítima;503,07;BR-153/GO;Sul;Colisão Traseira;1;;;;;;;;;1;2;;;;
10/11/2016;21:10:00;502;com vítima;530;BR-153/GO;Norte;Queda de Moto;;;;1;;;;;;;0;1;;;
10/11/2016;21:22:00;507;sem vítima;702,4;BR-153/GO;Norte;Saida de Pista;1;;;;;1;;;;;2;;;;
10/11/2016;23:00:00;559;com vítima;32,43;BR-060/GO;Sul;Colisão Traseira;;;;1;;1;;;;;1;;1;;
10/11/2016;23:07:00;562;com vítima;4,52;BR-060/GO;Norte;Colisão Traseira;1;;;;;1;;;;;2;1;;;
11/11/2016;05:37:00;45;sem vítima;18,38;BR-060/DF;Norte;Atropelamento de Animal;;;;1;;;;;;;1;;;;
11/11/2016;06:44:00;69;sem vítima;502;BR-153/GO;Norte;Colisão Traseira;2;;;;;;;;;;2;;;;
11/11/2016;07:33:00;87;sem vítima;490;BR-153/GO;Norte;Colisão Traseira;1;;1;;;;;;;;2;;;;
11/11/2016;07:56:00;98;sem vítima;495,8;BR-153/GO;Norte;Colisão Traseira;2;;;;;;;;;;3;;;;
11/11/2016;08:38:00;169;com vítima;588;BR-153/GO;Norte;Capotamento;1;;;;;;;;;;2;1;;;
11/11/2016;09:43:00;250;com vítima;511;BR-153/GO;Norte;Queda de Moto;;;;1;;;;;;;0;1;;;
11/11/2016;09:59:00;268;sem vítima;580;BR-262/MG;Leste;Tombamento;;;1;;;;;;;;1;;;;
11/11/2016;10:07:00;281;sem vítima;25;BR-153/MG;Sul;;1;;;;;;;;;;1;;;;
11/11/2016;11:22:00;322;sem vítima;529,8;BR-262/MG;Leste;Saida de Pista;1;;;;;1;;;;;2;;;;
11/11/2016;11:39:00;336;sem vítima;722;BR-262/MG;Leste;Saida de Pista;1;;;;;;;;;;1;;;;
11/11/2016;12:44:00;378;com vítima;218,8;BR-153/MG;Sul;Queda de Moto;;;;1;;;;;;;0;1;;;
11/11/2016;12:54:00;383;com vítima;38,547;BR-060/GO;Norte;Capotamento;1;;;;;;;;;;0;1;;;
11/11/2016;14:09:00;448;com vítima;685,5;BR-153/GO;Sul;Outros - sequências;;;1;;;;;;;;0;1;;;
11/11/2016;15:44:00;502;sem vítima;100,99;BR-060/GO;Sul;Saida de Pista;1;;;;;;;;;;1;;;;
11/11/2016;16:32:00;545;sem vítima;390;BR-262/MG;Oeste;Saida de Pista;1;;;;;;;;;;1;;;;
11/11/2016;18:03:00;602;com vítima;188;BR-153/MG;Sul;Outros - sequências;1;;;;;;;;;;0;1;;;
11/11/2016;18:16:00;617;sem vítima;515;BR-153/GO;Norte;Queda de Ciclista;;;;1;;;;;;;1;;;;
11/11/2016;18:17:00;620;com vítima;19,3;BR-060/GO;Norte;Capotamento;1;;;;;;;;;;1;;1;1;
11/11/2016;18:43:00;634;sem vítima;496;BR-153/GO;Sul;Colisão Traseira;;;1;1;;;;;;;2;;;;
11/11/2016;19:00:00;646;sem vítima;497;BR-153/GO;Sul;Engavetamento;3;;;;;2;;;;;5;;;;
11/11/2016;19:08:00;653;com vítima;499;BR-153/GO;Sul;Engavetamento;3;;1;;;;;;;;0;4;;;
11/11/2016;22:25:00;759;com vítima;580;BR-262/MG;Leste;Saida de Pista;1;;;;;;;;;;0;4;;;
11/11/2016;22:32:00;760;sem vítima;423;BR-262/MG;Oeste;Saida de Pista;1;;;;;;;;;;4;;;;
12/11/2016;01:07:00;22;com vítima;442;BR-262/MG;Leste;Outros - sequências;1;;;;;;;;;;0;2;;;
12/11/2016;01:33:00;47;com vítima;608,14;BR-262/MG;Leste;Colisão Lateral;;;2;;;;;;;;0;2;;;
12/11/2016;06:57:00;96;sem vítima;631;BR-262/MG;Oeste;Saida de Pista;1;;;;;;;;;;1;;;;
12/11/2016;08:55:00;195;com vítima;535;BR-153/GO;Norte;Tombamento;;;1;;;;;;;;0;1;;;
12/11/2016;09:15:00;247;sem vítima;472;BR-262/MG;Leste;Engavetamento;2;;;;;;;;;1;5;;;;
12/11/2016;10:14:00;326;com vítima;669;BR-153/GO;Sul;Capotamento;1;;;;;;;;;;0;1;;;
12/11/2016;10:45:00;352;com vítima;426;BR-262/MG;Oeste;Queda de Moto;;;;1;;;;;;;0;1;1;;
12/11/2016;11:13:00;371;com vítima;903;BR-262/MG;Oeste;Saida de Pista;;;1;;;;;;;;1;1;;;
12/11/2016;12:08:00;401;sem vítima;18,501;BR-060/GO;Sul;Capotamento;1;;;;;;;;;;1;;;;
12/11/2016;12:39:00;412;sem vítima;382;BR-262/MG;Oeste;Saida de Pista;1;;;;;;;;;;1;;;;
12/11/2016;15:20:00;506;sem vítima;424;BR-262/MG;Leste;Colisão Traseira;1;;1;;;;;;;;2;;;;
12/11/2016;15:23:00;509;sem vítima;517;BR-262/MG;Oeste;Colisão Traseira;;;2;;;;;;;;2;;;;
12/11/2016;15:39:00;519;com vítima;467;BR-262/MG;Leste;Colisão Frontal;1;;1;;;;;;;;4;;1;2;2
12/11/2016;15:44:00;522;com vítima;903;BR-262/MG;Leste;Saida de Pista;;;1;;;;;;;;0;1;;;
12/11/2016;16:22:00;546;com vítima;580;BR-262/MG;Oeste;Saida de Pista;;;1;;;;;;;;0;1;;;
12/11/2016;16:49:00;556;com vítima;590;BR-262/MG;Leste;Saida de Pista;1;;;;;;;;;;1;1;;;
12/11/2016;18:05:00;600;com vítima;381;BR-262/MG;Oeste;Outros - sequências;1;;;;;;;;;;1;2;;;
12/11/2016;19:06:00;631;com vítima;210;BR-153/MG;Sul;Saida de Pista;1;;;;;;;;;;0;4;;;
12/11/2016;21:56:00;700;com vítima;381,8;BR-262/MG;Oeste;Outros - sequências;1;;;;;;;;;;0;2;;;
12/11/2016;21:59:00;701;com vítima;437;BR-262/MG;Leste;Tombamento;;;1;;;;;;;;0;1;;;
12/11/2016;22:04:00;703;sem vítima;549;BR-262/MG;Leste;Outros - sequências;1;;;;;;;;;;1;;;;
12/11/2016;22:53:00;717;sem vítima;549;BR-262/MG;Leste;Outros - sequências;1;;;;;;;;;;1;;;;
13/11/2016;02:22:00;23;sem vítima;503,5;BR-153/GO;Sul;Choque - Suporte de Sinalização;1;;;;;;;;;;1;;;;
13/11/2016;03:46:00;29;com vítima;1;BR-060/DF;Norte;Choque - Outros;1;;;;;;;;;;0;2;1;;
13/11/2016;05:35:00;42;sem vítima;125;BR-060/GO;Norte;Saida de Pista;1;;;;;;;;;;1;;;;
13/11/2016;06:46:00;54;com vítima;664,75;BR-153/GO;Norte;Saida de Pista;;;;;;;;;;1;0;4;;;
13/11/2016;07:51:00;72;com vítima;2;BR-060/DF;Sul;Colisão Traseira;1;;;1;;;;;;;1;1;;;
13/11/2016;08:06:00;81;sem vítima;100,2;BR-060/GO;Sul;Saida de Pista;1;;;;;;;;;;1;;;;
13/11/2016;09:22:00;118;com vítima;595;BR-262/MG;Leste;Choque - Suporte de Sinalização;1;;;;;;;;;;2;1;;;
13/11/2016;09:57:00;132;com vítima;25,7;BR-153/MG;Norte;Saida de Pista;1;;;;;1;;;;;1;3;1;;
13/11/2016;10:18:00;147;com vítima;97;BR-060/GO;Norte;Colisão Traseira;2;;;;;;;;;;3;2;;;
13/11/2016;10:25:00;153;com vítima;48,2;BR-060/GO;Norte;Capotamento;1;;;;;;;;;;3;1;;;
13/11/2016;10:41:00;160;com vítima;596;BR-262/MG;Leste;Outros - sequências;2;;;;;;;;;;3;1;;;
13/11/2016;13:48:00;241;sem vítima;10;BR-153/MG;Sul;Outros - sequências;;;;;;;;;;1;2;;;;
13/11/2016;14:04:00;250;sem vítima;130;BR-060/GO;Norte;Saida de Pista;1;;;;;;;;;;1;;;;
13/11/2016;14:38:00;265;com vítima;584,3;BR-153/GO;Sul;Outros - sequências;1;;;;;;;;;;0;1;;;
13/11/2016;16:09:00;301;sem vítima;585;BR-262/MG;Leste;Saida de Pista;;;;;;;;;;1;1;;;;
13/11/2016;17:18:00;336;com vítima;72,5;BR-153/MG;Sul;Saida de Pista;1;;;;;1;;;;;1;1;;;
13/11/2016;19:04:00;381;com vítima;8;BR-060/DF;Norte;Choque - Poste;1;;;;;;;;;;0;2;;;
13/11/2016;19:48:00;401;sem vítima;517;BR-262/MG;Leste;Saida de Pista;;;1;;;;;;;;1;;;;
13/11/2016;20:36:00;429;com vítima;359;BR-262/MG;Leste;Capotamento;1;;;;;;;;;;0;2;;;
13/11/2016;21:16:00;447;sem vítima;12,5;BR-060/GO;Norte;Colisão Traseira;1;;;;;1;;;;;2;;;;
13/11/2016;21:20:00;449;com vítima;508;BR-153/GO;Norte;Atropelamento - Andarilho;1;;;;;;;;;;1;;1;;
13/11/2016;21:24:00;452;sem vítima;496;BR-153/GO;Norte;Capotamento;1;;;;;;;;;;1;;;;
13/11/2016;21:25:00;453;com vítima;517;BR-262/MG;Leste;Capotamento;;;1;;;;;;;;0;1;;;
13/11/2016;22:52:00;472;com vítima;580;BR-262/MG;Oeste;Saida de Pista;1;;;;;;;;;;0;1;;;
13/11/2016;23:11:00;474;com vítima;45;BR-153/MG;Norte;Capotamento;1;;;;;;;;;;0;2;;;
14/11/2016;03:22:00;30;sem vítima;429;BR-262/MG;Leste;Saida de Pista;1;;;;;;;;;;1;;;;
14/11/2016;06:07:00;52;com vítima;385;BR-262/MG;Oeste;Queda de Moto;;;;1;;;;;;;0;1;;;
14/11/2016;06:12:00;53;sem vítima;382;BR-262/MG;Oeste;Saida de Pista;1;;;;;;;;;;1;;;;
14/11/2016;06:35:00;60;sem vítima;460;BR-262/MG;Oeste;Colisão Traseira;2;;;;;1;;;;;3;;;;
14/11/2016;07:08:00;67;com vítima;31;BR-060/GO;Norte;Colisão Traseira;1;;1;;;;;;;;4;2;;;
14/11/2016;08:00:00;85;sem vítima;579,5;BR-262/MG;Oeste;Saida de Pista;;;;;;;;;;1;2;;;;
14/11/2016;09:48:00;148;sem vítima;405,5;BR-262/MG;Leste;Saida de Pista;;;;;;;;;;1;1;;;;
14/11/2016;11:05:00;188;sem vítima;382;BR-262/MG;Oeste;Saida de Pista;1;;;;;;;;;;1;;;;
14/11/2016;12:11:00;257;sem vítima;72;BR-060/GO;Sul;Saida de Pista;1;;;;;;;;;;1;;;;
14/11/2016;12:19:00;261;com vítima;546,4;BR-262/MG;Oeste;Colisão Transversal;1;;1;;;;;;;;1;;1;;1
14/11/2016;12:25:00;268;sem vítima;25;BR-060/DF;Norte;Saida de Pista;1;;;;;;;;;;1;;;;
14/11/2016;14:22:00;315;sem vítima;380,8;BR-262/MG;Leste;Capotamento;1;;;;;;;;;;2;;;;
14/11/2016;15:38:00;376;sem vítima;36;BR-060/GO;Sul;Saida de Pista;1;;;;;;;;;;1;;;;
14/11/2016;15:41:00;379;sem vítima;611;BR-262/MG;Leste;Capotamento;1;;;;;;;;;;2;;;;
14/11/2016;15:46:00;384;com vítima;545;BR-262/MG;Oeste;Saida de Pista;;;1;;;;;;;;1;2;;;
14/11/2016;15:51:00;386;sem vítima;503;BR-262/MG;Leste;Capotamento;1;;;;;;;;;;2;;;;
14/11/2016;16:11:00;397;sem vítima;385;BR-262/MG;Leste;Saida de Pista;1;;;;;;;;;;1;;;;
14/11/2016;17:09:00;426;sem vítima;535;BR-153/GO;Norte;Saida de Pista;1;;;;;;;;;;1;;;;
14/11/2016;17:34:00;435;com vítima;517;BR-262/MG;Oeste;Outros - sequências;;;3;;;;;;;;0;2;;1;
14/11/2016;17:50:00;444;sem vítima;512,4;BR-153/GO;Sul;Choque - Defensa, barreira ou "submarino";1;;;;;;;;;;1;;;;
14/11/2016;18:16:00;455;sem vítima;61,5;BR-060/GO;Norte;Saida de Pista;1;;;;;;;;;;1;;;;
14/11/2016;19:26:00;484;sem vítima;354,5;BR-262/MG;Oeste;Saida de Pista;1;;;;;;;;;;1;;;;
15/11/2016;01:18:00;61;com vítima;685;BR-153/GO;Norte;Saida de Pista;1;;;;;;;;;;0;1;;;
15/11/2016;04:51:00;105;sem vítima;696;BR-262/MG;Oeste;Atropelamento de Animal;1;;;;;;;;;;1;;;;
15/11/2016;07:01:00;133;com vítima;58;BR-153/MG;Norte;Tombamento;;;1;;;;;;;;0;;1;;
15/11/2016;13:42:00;489;com vítima;74;BR-060/GO;Sul;Outros - sequências;1;;;;;;;;;;0;2;;;
15/11/2016;13:54:00;504;sem vítima;380;BR-262/MG;Oeste;Saida de Pista;1;;;;;;;;;;1;;;;
15/11/2016;16:49:00;750;sem vítima;362;BR-262/MG;Leste;Saida de Pista;1;;;;;;;;;;1;;;;
15/11/2016;17:21:00;775;sem vítima;6,5;BR-060/GO;Norte;Saida de Pista;1;;;;;;;;;;1;;;;
15/11/2016;18:39:00;854;com vítima;870,9;BR-262/MG;Oeste;Outros - sequências;1;;;;;;;;;;0;1;;;
16/11/2016;01:11:00;16;com vítima;717;BR-262/MG;Oeste;Outros - sequências;1;;;;;;;;;;0;4;1;;
16/11/2016;02:47:00;28;sem vítima;58;BR-060/GO;Sul;Saida de Pista;;;1;;;;;;;;1;;;;
16/11/2016;03:41:00;31;sem vítima;40;BR-060/GO;Norte;Atropelamento de Animal;1;;;;;;;;;;1;;;;
16/11/2016;03:58:00;33;sem vítima;41;BR-060/GO;Norte;Atropelamento de Animal;1;;;;;;;;;;3;;;;
16/11/2016;06:22:00;107;sem vítima;780;BR-262/MG;Leste;Colisão Traseira;;;1;;;;;;;1;2;;;;
16/11/2016;08:43:00;199;com vítima;462;BR-262/MG;Leste;Colisão Lateral;1;;;;;;;;;1;1;3;;;
16/11/2016;09:56:00;273;sem vítima;22;BR-060/GO;Sul;;1;;;;;;;;;;1;;;;
16/11/2016;10:13:00;288;sem vítima;28,3;BR-060/GO;Sul;Saida de Pista;1;;;;;;;;;;1;;;;
16/11/2016;10:14:00;294;sem vítima;127;BR-060/GO;Sul;Saida de Pista;1;;;;;;;;;;1;;;;
16/11/2016;10:17:00;300;sem vítima;25,5;BR-060/GO;Sul;Saida de Pista;1;;;;;;;;;;1;;;;
16/11/2016;10:41:00;330;sem vítima;13;BR-060/GO;Norte;Choque - Defensa, barreira ou "submarino";;;;;;;;;;1;1;;;;
16/11/2016;10:56:00;345;com vítima;29,658;BR-060/DF;Norte;Saida de Pista;1;;;;;;;;;;1;3;;;
16/11/2016;12:40:00;406;com vítima;28,305;BR-060/DF;Sul;Colisão Lateral;;;1;;;;;;;1;1;1;2;;
16/11/2016;13:11:00;425;sem vítima;84;BR-060/GO;Sul;Atropelamento de Animal;1;;;;;;;;;;1;;;;
16/11/2016;14:31:00;470;com vítima;842;BR-262/MG;Oeste;Capotamento;1;;;;;;;;;;2;1;;;
16/11/2016;18:13:00;596;sem vítima;94,8;BR-060/GO;Sul;Outros - sequências;;;;;1;1;;;;;2;;;;
16/11/2016;18:21:00;599;sem vítima;12;BR-060/GO;Norte;Colisão Traseira;1;;1;;;;;;;;7;;;;
16/11/2016;18:41:00;611;sem vítima;95,121;BR-060/GO;Sul;Colisão Traseira;2;;;;;;;;;;2;;;;
16/11/2016;19:43:00;641;sem vítima;120;BR-153/MG;Sul;Colisão Traseira;;;2;;;;;;;;2;;;;
16/11/2016;21:57:00;696;com vítima;586,3;BR-262/MG;Leste;Colisão Traseira;;;2;;;;;;;;0;;2;;
17/11/2016;07:02:00;101;com vítima;436;BR-262/MG;Oeste;Queda de Moto;;;;1;;;;;;;0;2;;;
17/11/2016;07:35:00;115;com vítima;511;BR-153/GO;Norte;Colisão Traseira;;;;1;1;;;;;;1;1;1;;
17/11/2016;09:03:00;173;sem vítima;138;BR-060/GO;Sul;Colisão Lateral;2;;;;;;;;;;2;;;;
17/11/2016;09:43:00;206;sem vítima;75,2;BR-153/MG;Norte;Tombamento;;;1;;;1;;;;;2;;;;
17/11/2016;10:44:00;251;sem vítima;119;BR-060/GO;Norte;Colisão Lateral;2;;;;;;;;;;2;;;;
17/11/2016;11:26:00;280;sem vítima;372,433;BR-262/MG;Leste;Saida de Pista;1;;;;;;;;;;1;;;;
17/11/2016;11:54:00;299;sem vítima;359;BR-262/MG;Oeste;Saida de Pista;1;;;;;;;;;;1;;;;
17/11/2016;13:02:00;339;sem vítima;578;BR-153/GO;Norte;Saida de Pista;1;;;;;;;;;;1;;;;
17/11/2016;13:17:00;354;sem vítima;607;BR-153/GO;Norte;Tombamento;;;1;;;;;;;;1;;;;
17/11/2016;13:21:00;359;sem vítima;3,7;BR-153/MG;Norte;Tombamento;;;1;;;;;;;;1;;;;
17/11/2016;13:24:00;362;com vítima;514;BR-153/GO;Sul;Colisão Transversal;1;;;1;;;;;;;1;1;;;
17/11/2016;17:00:00;485;sem vítima;504;BR-153/GO;Norte;Colisão Traseira;;;1;;;1;;;;;2;;;;
17/11/2016;18:59:00;549;sem vítima;222,8;BR-153/MG;Norte;Saida de Pista;1;;;;;;;;;;1;;;;
17/11/2016;19:20:00;555;sem vítima;188;BR-153/MG;Sul;Saida de Pista;1;;;;;;;;;;1;;;;
18/11/2016;00:02:00;3;com vítima;524,733;BR-262/MG;Oeste;Colisão Frontal;;;2;;;;;;;;0;3;;;
18/11/2016;01:14:00;18;com vítima;391;BR-262/MG;Oeste;Saida de Pista;1;;;;;;;;;;0;5;;;
18/11/2016;01:49:00;22;sem vítima;588;BR-153/GO;Norte;Saida de Pista;;;1;;;;;;;;1;;;;
18/11/2016;02:09:00;29;sem vítima;591;BR-153/GO;Norte;Saida de Pista;;;1;;;;;;;;1;;;;
18/11/2016;02:50:00;34;sem vítima;685,6;BR-153/GO;Sul;Carreta deu L;;;1;;;;;;;;1;;;;
18/11/2016;04:19:00;50;com vítima;487,446;BR-262/MG;Oeste;Engavetamento;1;;2;;;;;;;;0;4;;;
18/11/2016;04:24:00;51;com vítima;73,743;BR-153/MG;Norte;Capotamento;1;;;;;;;;;;0;2;;1;
18/11/2016;04:33:00;52;sem vítima;580;BR-262/MG;Leste;Saida de Pista;1;;;;;;;;;;2;;;;
18/11/2016;06:48:00;97;com vítima;504;BR-153/GO;Norte;Queda de Moto;;;;1;;;;;;;0;1;;;
18/11/2016;11:55:00;432;sem vítima;554,9;BR-262/MG;Leste;Colisão Traseira;1;;1;;;;;;;;2;;;;
18/11/2016;12:28:00;468;com vítima;28,5;BR-060/DF;Norte;Capotamento;1;;;;;;;;;;0;1;;;
18/11/2016;13:39:00;507;sem vítima;409;BR-262/MG;Oeste;Saida de Pista;;;1;;;;;;;;1;;;;
18/11/2016;13:42:00;508;sem vítima;387;BR-262/MG;Oeste;Colisão Traseira;2;;;;;;;;;;2;;;;
18/11/2016;14:19:00;525;com vítima;358;BR-262/MG;Oeste;Capotamento;;;1;;;;;;;;0;1;;;
18/11/2016;15:41:00;589;com vítima;547,6;BR-262/MG;Oeste;Capotamento;;;;;;;;;;1;0;2;;;
18/11/2016;15:49:00;594;sem vítima;540;BR-262/MG;Leste;Saida de Pista;1;;;;;;;;;;3;;;;
18/11/2016;17:39:00;665;sem vítima;498,852;BR-153/GO;Sul;Engavetamento;2;;;;;;;;;;2;;;;
18/11/2016;17:47:00;674;sem vítima;543;BR-153/GO;Norte;Saida de Pista;;;1;;;;;;;;1;;;;
18/11/2016;18:22:00;692;com vítima;419;BR-262/MG;Oeste;Outros - sequências;;;;;;;;;;1;1;1;;;
18/11/2016;18:23:00;694;sem vítima;426,05;BR-262/MG;Leste;Saida de Pista;1;;;;;;;;;;2;;;;
18/11/2016;18:28:00;698;sem vítima;509;BR-153/GO;Norte;Colisão Traseira;1;;;;;;;;;;1;;;;
18/11/2016;18:28:00;699;sem vítima;419;BR-262/MG;Leste;Saida de Pista;1;;;;;;;;;;1;;;;
18/11/2016;18:30:00;701;sem vítima;96;BR-060/GO;Sul;Colisão Lateral;1;;1;;;;;;;;2;;;;
18/11/2016;18:33:00;705;com vítima;495,2;BR-153/GO;Sul;Colisão Traseira;1;;;1;;;;;;;1;1;;;
18/11/2016;18:34:00;706;sem vítima;543;BR-262/MG;Leste;Saida de Pista;1;;;;;;;;;;1;;;;
18/11/2016;18:58:00;712;sem vítima;504;BR-153/GO;Norte;Colisão Traseira;3;;;;;;;;;;3;;;;
18/11/2016;19:44:00;743;sem vítima;547,6;BR-262/MG;Leste;;1;;;;;;;;;;5;;;;
18/11/2016;19:59:00;753;sem vítima;469;BR-262/MG;Oeste;Saida de Pista;;;1;;;;;;;;1;;;;
18/11/2016;20:03:00;757;com vítima;510,895;BR-153/GO;Sul;Atropelamento - Outros;;;1;1;;;;;;;1;;;;1
18/11/2016;20:29:00;767;sem vítima;132;BR-060/GO;Norte;Outros - sequências;2;;;;;;;;;;2;;;;