data;horario;n_da_ocorrencia;tipo_de_ocorrencia;km;trecho;sentido;tipo_de_acidente;automovel;bicicleta;caminhao;moto;onibus;outros;tracao_animal;transporte_de_cargas_especiais;trator_maquinas;utilitarios;ilesos;levemente_feridos;moderadamente_feridos;gravemente_feridos;mortos
28/01/2017;14:47:00;471;sem vítima;811,93;BR-262/MG;Leste;Choque - Poste;1;;;;;1;;;;;2;;;;
28/01/2017;19:42:00;649;sem vítima;514;BR-153/GO;Norte;Colisão Lateral;1;;;1;;;;;;;2;;;;
28/01/2017;20:17:00;669;com vítima;31;BR-060/DF;Sul;Queda de Moto;;;;1;;;;;;;0;;1;;
28/01/2017;20:53:00;679;com vítima;502,5;BR-153/GO;Norte;Queda de Moto;;;;1;;;;;;;0;2;;;
28/01/2017;21:11:00;689;com vítima;519,188;BR-153/GO;Norte;Outros - sequências;1;;;;;1;;;;;1;5;;;
29/01/2017;05:48:00;55;com vítima;803;BR-262/MG;Oeste;Queda de Moto;;;;1;;;;;;;0;;1;;
29/01/2017;10:26:00;206;sem vítima;108;BR-060/GO;Norte;Colisão Traseira;2;;;;;;;;;;2;;;;
29/01/2017;10:48:00;222;com vítima;14,947;BR-060/GO;Sul;Colisão Traseira;1;;;1;;;;;;1;2;;;;1
29/01/2017;13:07:00;264;sem vítima;490;BR-153/GO;Sul;Colisão Frontal;1;;;;;;;;;;1;;;;
29/01/2017;14:46:00;319;com vítima;89;BR-060/GO;Norte;Queda de Moto;;;;1;;;;;;;0;1;;;
29/01/2017;15:51:00;347;com vítima;0,592;BR-060/DF;Norte;Atropelamento - Outros;;;;;;;;;;1;1;;;;1
29/01/2017;16:07:00;357;com vítima;549,066;BR-262/MG;Oeste;Outros - sequências;5;;;;;;;;;;9;1;1;;
29/01/2017;17:49:00;425;sem vítima;1,9;BR-060/DF;Sul;;;;;1;;;;;;;1;;;;
29/01/2017;23:33:00;592;com vítima;228;BR-153/MG;Sul;Saida de Pista;1;;;;;;;;;;0;1;;;
30/01/2017;06:38:00;88;com vítima;751,603;BR-262/MG;Oeste;Capotamento;1;;;;;;;;;;1;3;;;
30/01/2017;07:00:00;104;sem vítima;391;BR-262/MG;Leste;Saida de Pista;1;;;;;;;;;;2;;;;
30/01/2017;12:44:00;395;sem vítima;483,914;BR-262/MG;Leste;Colisão Transversal;;;1;;;;;;;1;2;;;;
30/01/2017;16:26:00;559;com vítima;677;BR-153/GO;Sul;Capotamento;;;;;;;;;;1;1;;1;;
30/01/2017;17:53:00;616;com vítima;483,622;BR-262/MG;Leste;Queda de Moto;;;;1;;1;;;;;1;2;;;
30/01/2017;21:32:00;720;sem vítima;20;BR-060/GO;Norte;Choque - Objeto sobre a pista;1;;;;;;;;;;1;;;;
31/01/2017;07:00:00;79;com vítima;593,8;BR-153/GO;Norte;Colisão Traseira;1;;1;;;;;;;;1;2;1;;
31/01/2017;10:03:00;263;com vítima;107;BR-060/GO;Sul;Choque - Outros;;;1;;;;;;;;1;1;;;
31/01/2017;11:57:00;369;sem vítima;817;BR-262/MG;Leste;Saida de Pista;1;;;;;;;;;;1;;;;
31/01/2017;12:41:00;399;com vítima;368;BR-262/MG;Leste;Queda de Ciclista;;;;1;;;;;;;0;;1;;
31/01/2017;14:31:00;488;sem vítima;748;BR-262/MG;Leste;Colisão Traseira;;;2;;;;;;;;3;;;;
31/01/2017;17:29:00;640;sem vítima;71,896;BR-153/MG;Norte;Queda de Moto;;;;1;;1;;;;;2;;;;
31/01/2017;18:27:00;664;sem vítima;32;BR-060/GO;Sul;Colisão Traseira;2;;;;;;;;;;2;;;;
31/01/2017;18:41:00;668;sem vítima;506;BR-153/GO;Sul;Colisão Lateral;1;;1;;;;;;;;2;;;;
31/01/2017;22:46:00;754;sem vítima;505,3;BR-153/GO;Norte;Colisão Traseira;2;;;;;;;;;;4;;;;
01/02/2017;03:05:00;57;com vítima;549;BR-262/MG;Leste;Saida de Pista;1;;;;;;;;;;0;5;;;
01/02/2017;08:07:00;121;sem vítima;374;BR-262/MG;Leste;Saida de Pista;1;;;;;1;;;;;2;;;;
01/02/2017;10:03:00;209;sem vítima;635;BR-153/GO;Norte;Tombamento;;;1;;;;;;;;1;;;;
01/02/2017;10:55:00;280;com vítima;380;BR-262/MG;Oeste;Queda de Ciclista;;;;1;;;;;;;0;;1;;
01/02/2017;13:22:00;365;sem vítima;469,389;BR-262/MG;Leste;Saida de Pista;1;;;;;;;;;;1;;;;
01/02/2017;14:08:00;383;com vítima;663;BR-153/GO;Norte;Colisão Traseira;;;2;;;;;;;;2;1;;;
01/02/2017;14:09:00;384;sem vítima;27,223;BR-060/GO;Norte;Saida de Pista;;;;;;;;;;1;1;;;;
01/02/2017;15:00:00;419;sem vítima;219;BR-153/MG;Norte;Colisão Traseira;;;2;;;1;;;;;3;;;;
01/02/2017;17:16:00;501;sem vítima;516;BR-153/GO;Sul;Saida de Pista;1;;;;;;;;;;1;;;;
01/02/2017;17:51:00;522;sem vítima;610;BR-262/MG;Leste;Saida de Pista;;;1;;;;;;;;1;;;;
01/02/2017;19:03:00;553;com vítima;828;BR-262/MG;Leste;Colisão Traseira;2;;;;;;;;;;2;1;;;
02/02/2017;03:34:00;42;sem vítima;58;BR-153/MG;Norte;Saida de Pista;1;;;;;;;;;;1;;;;
02/02/2017;05:29:00;57;sem vítima;83,274;BR-060/GO;Norte;Outros - sequências;1;;;;;;;;;;1;;;;
02/02/2017;08:45:00;127;com vítima;493,79;BR-153/GO;Sul;Colisão Traseira;2;;1;;;;;;;;5;1;;;
02/02/2017;11:11:00;231;com vítima;575;BR-262/MG;Oeste;Capotamento;1;;;;;;;;;;0;1;;;
02/02/2017;13:41:00;304;sem vítima;60,131;BR-060/GO;Norte;Saida de Pista;1;;;;;;;;;;1;;;;
02/02/2017;18:00:00;451;sem vítima;499;BR-153/GO;Sul;Engavetamento;3;;;;;;;;;;8;;;;
02/02/2017;18:08:00;456;sem vítima;92;BR-060/GO;Sul;Colisão Traseira;2;;;;;;;;;;2;;;;
02/02/2017;18:09:00;457;sem vítima;97;BR-060/GO;Norte;Outros - sequências;1;;;;;1;;;;;2;;;;
02/02/2017;21:33:00;566;sem vítima;83;BR-060/GO;Sul;Colisão Traseira;1;;;;;1;;;;;2;;;;
02/02/2017;22:18:00;573;com vítima;502;BR-153/GO;Norte;Queda de Moto;;;;1;;;;;;;0;2;;;
02/02/2017;23:26:00;587;com vítima;508;BR-153/GO;Sul;Queda de Moto;;;;1;;;;;;;0;1;;;
02/02/2017;23:28:00;588;com vítima;502;BR-153/GO;Sul;Queda de Moto;;;;1;;;;;;;0;1;;;
03/02/2017;02:33:00;43;com vítima;548;BR-262/MG;Leste;Saida de Pista;;;1;;;;;;;;0;1;;;
03/02/2017;03:17:00;46;com vítima;450;BR-262/MG;Oeste;Saida de Pista;1;;;;;;;;;;0;1;;;
03/02/2017;03:53:00;52;sem vítima;93;BR-060/GO;Sul;Saida de Pista;1;;;;;;;;;;1;;;;
03/02/2017;04:08:00;56;sem vítima;402;BR-262/MG;Leste;Outros - sequências;1;;;;;;;;;;2;;;;
03/02/2017;07:20:00;96;sem vítima;382;BR-262/MG;Leste;Capotamento;;;;;;;;;;1;1;;;;
03/02/2017;08:05:00;127;sem vítima;612;BR-262/MG;Leste;Carreta deu L;;;1;;;1;;;;;2;;;;
03/02/2017;12:44:00;367;sem vítima;380;BR-262/MG;Leste;Outros - sequências;1;;1;;;;;;;;2;;;;
03/02/2017;12:51:00;369;sem vítima;382;BR-262/MG;Leste;Saida de Pista;;;;;;;;;;1;1;;;;
03/02/2017;14:04:00;400;com vítima;129;BR-060/GO;Sul;Colisão Traseira;2;;;;;;;;;;0;3;;;
03/02/2017;14:26:00;412;sem vítima;49,185;BR-060/GO;Sul;Outros - sequências;1;;;;;1;;;;;4;;;;
03/02/2017;14:37:00;417;sem vítima;68,7;BR-153/MG;Sul;Saida de Pista;1;;;;;;;;;;2;;;;
03/02/2017;14:59:00;438;sem vítima;14,754;BR-060/GO;Sul;Colisão Traseira;;;;;;1;;;;2;3;;;;
03/02/2017;15:00:00;439;sem vítima;801,747;BR-262/MG;Oeste;Outros - sequências;;;1;;;;;;;;1;;;;
03/02/2017;15:07:00;444;sem vítima;182,1;BR-153/MG;Norte;Saida de Pista;1;;;;;1;;;;;2;;;;
03/02/2017;15:20:00;452;com vítima;172;BR-153/MG;Norte;Capotamento;1;;;;;;;;;;0;1;;;
03/02/2017;15:22:00;454;sem vítima;9;BR-060/DF;Sul;Tombamento;;;2;;;;;;;;3;;;;
03/02/2017;15:45:00;463;sem vítima;494;BR-153/GO;Norte;Saida de Pista;1;;;;;;;;;;1;;;;
03/02/2017;16:15:00;479;com vítima;650,566;BR-262/MG;Leste;Colisão Transversal;2;;;;;;;;;;0;2;1;;1
03/02/2017;16:33:00;493;com vítima;114;BR-060/GO;Sul;Saida de Pista;;;;;;;;;;1;0;2;;;
03/02/2017;17:08:00;512;sem vítima;597;BR-153/GO;Norte;Saida de Pista;1;;;;;;;;;;1;;;;
03/02/2017;17:32:00;523;sem vítima;552;BR-153/GO;Norte;Saida de Pista;1;;;;;;;;;;1;;;;
03/02/2017;17:47:00;526;sem vítima;590;BR-262/MG;Oeste;Saida de Pista;1;;;;;;;;;;1;;;;
03/02/2017;17:54:00;531;sem vítima;584;BR-262/MG;Leste;Saida de Pista;1;;;;;;;;;;1;;;;
03/02/2017;17:55:00;532;sem vítima;633,8;BR-262/MG;Leste;Saida de Pista;1;;;;;;;;;;1;;;;
03/02/2017;18:30:00;550;com vítima;108;BR-060/GO;Sul;Carreta deu L;;;1;;;;;;;;1;1;;;
03/02/2017;18:45:00;559;com vítima;123;BR-060/GO;Norte;Queda de Moto;;;;1;;;;;;;0;1;;;
03/02/2017;18:54:00;563;sem vítima;502;BR-153/GO;Sul;Colisão Traseira;1;;;;;1;;;;;2;;;;
03/02/2017;20:37:00;603;com vítima;481,769;BR-262/MG;Oeste;Colisão Traseira;;;2;;;;;;;;0;2;1;;
03/02/2017;21:32:00;624;sem vítima;76;BR-153/MG;Norte;Saida de Pista;1;;;;;;;;;;1;;;;
03/02/2017;22:23:00;643;sem vítima;94;BR-060/GO;Sul;Queda de Moto;;;;1;;;;;;;2;;;;
04/02/2017;10:12:00;175;com vítima;380,5;BR-262/MG;Leste;Queda de Moto;;;;1;;;;;;;0;;1;;
04/02/2017;11:47:00;260;com vítima;15,555;BR-060/DF;Sul;Capotamento;;;;;;;;;;1;3;2;;;
04/02/2017;13:27:00;307;sem vítima;378;BR-262/MG;Oeste;Saida de Pista;1;;;;;;;;;;1;;;;
04/02/2017;14:13:00;333;com vítima;548,277;BR-262/MG;Leste;Outros - sequências;1;;;;;;;;;;0;3;;;
04/02/2017;15:10:00;360;com vítima;535,5;BR-153/GO;Sul;Saida de Pista;1;;;;;;;;;;2;1;;;
04/02/2017;16:01:00;387;com vítima;420,546;BR-262/MG;Oeste;Colisão Traseira;1;;;;;;;;;1;0;4;;;
04/02/2017;16:12:00;392;com vítima;722,015;BR-262/MG;Leste;Outros - sequências;1;;;;;;;;;;0;2;;;
04/02/2017;16:24:00;402;sem vítima;413,951;BR-262/MG;Oeste;Outros - sequências;1;;;;;;;;;;2;;;;
04/02/2017;17:01:00;425;sem vítima;70,572;BR-060/GO;Sul;Outros - sequências;;;;;;1;;;;1;3;;;;
04/02/2017;18:11:00;465;sem vítima;54;BR-153/MG;Norte;Outros - sequências;1;;;;;;;;;;1;;;;
04/02/2017;18:11:00;466;com vítima;639,549;BR-262/MG;Leste;Outros - sequências;1;;;;;;;;;;0;1;;;
04/02/2017;19:22:00;491;sem vítima;382,377;BR-262/MG;Oeste;Outros - sequências;1;;;;;;;;;;1;;;;
04/02/2017;20:51:00;538;sem vítima;594;BR-153/GO;Norte;Colisão Traseira;;;2;;;;;;;;3;;;;
05/02/2017;00:51:00;18;com vítima;526,904;BR-262/MG;Leste;Colisão Lateral;1;;1;;;;;;;;0;5;;;
05/02/2017;03:23:00;37;com vítima;100;BR-060/GO;Sul;Colisão Lateral;1;;;;;;;;;;1;2;;;
05/02/2017;03:53:00;56;sem vítima;507;BR-153/GO;Sul;Saida de Pista;1;;;;;;;;;;3;;;;
05/02/2017;05:12:00;67;com vítima;803;BR-262/MG;Leste;Outros - sequências;2;;;;;;;;;;1;1;1;;
05/02/2017;05:20:00;70;sem vítima;2;BR-060/DF;Sul;Colisão Traseira;2;;;;;;;;;;3;;;;
05/02/2017;06:32:00;80;com vítima;555;BR-153/GO;Sul;Capotamento;1;;;;;;;;;;0;1;;;
05/02/2017;07:21:00;90;com vítima;104,8;BR-153/MG;Sul;Saida de Pista;;;;;;;;;;1;0;1;;;
05/02/2017;09:08:00;132;sem vítima;362;BR-262/MG;Oeste;Outros - sequências;1;;;;;;;;;;1;;;;
05/02/2017;11:05:00;214;sem vítima;365;BR-262/MG;Leste;Saida de Pista;1;;;;;;;;;;2;;;;
05/02/2017;11:35:00;225;sem vítima;42,198;BR-060/GO;Norte;Saida de Pista;1;;;;;;;;;;1;;;;
05/02/2017;14:43:00;333;sem vítima;407,8;BR-262/MG;Leste;Saida de Pista;1;;;;;;;;;;1;;;;
05/02/2017;14:56:00;342;sem vítima;607;BR-153/GO;Norte;Saida de Pista;1;;;;;;;;;;1;;;;
05/02/2017;15:09:00;352;sem vítima;378,3;BR-262/MG;Oeste;Saida de Pista;1;;;;;;;;;;1;;;;
05/02/2017;15:48:00;380;sem vítima;383;BR-262/MG;Oeste;Saida de Pista;1;;;;;;;;;;1;;;;
05/02/2017;16:27:00;412;com vítima;88,612;BR-060/GO;Sul;Colisão Traseira;2;;;;;;;;;;0;6;;;
05/02/2017;16:51:00;426;sem vítima;380,309;BR-262/MG;Oeste;Capotamento;;;;;;;;;;1;2;;;;
05/02/2017;17:17:00;437;sem vítima;88,612;BR-060/GO;Sul;Colisão Traseira;1;;;;;;;;;1;2;;;;
05/02/2017;18:44:00;479;sem vítima;9,169;BR-060/DF;Norte;Outros - sequências;1;;;;;;;;;;1;;;;
05/02/2017;20:05:00;520;sem vítima;2,864;BR-060/GO;Sul;Saida de Pista;1;;;;;;;;;;1;;;;
05/02/2017;21:45:00;556;sem vítima;29,461;BR-060/DF;Norte;Outros - sequências;3;;;;;;;;;;3;;;;
06/02/2017;01:15:00;21;com vítima;432,5;BR-262/MG;Leste;Saida de Pista;1;;;;;;;;;;0;4;;;
06/02/2017;06:43:00;56;sem vítima;378,52;BR-262/MG;Leste;Outros - sequências;1;;;;;;;;;;1;;;;
06/02/2017;07:10:00;69;com vítima;508,9;BR-153/GO;Norte;Colisão Traseira;;;1;1;;;;;;;1;1;;;
06/02/2017;07:31:00;75;sem vítima;127;BR-060/GO;Sul;Saida de Pista;1;;;;;;;;;;1;;;;
06/02/2017;07:39:00;77;sem vítima;13,7;BR-060/DF;Norte;Saida de Pista;;;;;;;;;;1;1;;;;
06/02/2017;08:03:00;84;com vítima;508,5;BR-153/GO;Norte;Queda de Moto;;;;1;;;;;;;0;2;;;
06/02/2017;08:12:00;90;com vítima;598;BR-153/GO;Norte;Capotamento;1;;;;;;;;;;0;2;1;;
06/02/2017;09:29:00;170;com vítima;506,939;BR-262/MG;Leste;Outros - sequências;1;;;;;;;;;;0;1;;;
06/02/2017;11:07:00;276;com vítima;107;BR-060/GO;Sul;Engavetamento;2;;1;;;;;;;;0;3;;;
06/02/2017;13:08:00;342;com vítima;529,397;BR-262/MG;Oeste;Outros - sequências;1;;2;;;;;;;;1;2;;;
06/02/2017;14:10:00;376;sem vítima;490;BR-153/GO;Sul;Colisão Lateral;;;3;;;;;;;;3;;;;
06/02/2017;15:56:00;450;sem vítima;574,09;BR-262/MG;Leste;Outros - sequências;1;;;;;;;;;;1;;;;
06/02/2017;16:05:00;457;sem vítima;114;BR-060/GO;Sul;Outros - sequências;;;;;;;;;;1;1;;;;
06/02/2017;16:20:00;461;sem vítima;3;BR-153/MG;Sul;Tombamento;;;1;;;;;;;;1;;;;
06/02/2017;17:23:00;508;sem vítima;501;BR-153/GO;Sul;Engavetamento;2;;;;;;;;;;2;;;;
06/02/2017;17:44:00;517;sem vítima;635;BR-262/MG;Leste;Colisão Lateral;1;;1;;;;;;;;2;;;;
06/02/2017;17:52:00;524;sem vítima;502;BR-153/GO;Sul;Engavetamento;2;;;;;1;;;;;3;;;;
06/02/2017;17:55:00;525;sem vítima;685,8;BR-153/GO;Norte;Queda de Moto;;;;1;;;;;;;1;;;;
06/02/2017;17:56:00;526;sem vítima;498;BR-153/GO;Sul;Engavetamento;1;;1;;;1;;;;1;4;;;;
06/02/2017;18:28:00;549;com vítima;497;BR-153/GO;Sul;Engavetamento;4;;;;;;;;;;4;1;;;
06/02/2017;18:38:00;552;sem vítima;501,5;BR-153/GO;Sul;Colisão Traseira;2;;;;;;;;;;2;;;;
06/02/2017;19:25:00;578;sem vítima;507;BR-153/GO;Sul;Saida de Pista;1;;;;;;;;;;1;;;;
06/02/2017;22:44:00;641;sem vítima;27;BR-060/DF;Norte;Outros - sequências;1;;;;;;;;;;1;;;;
07/02/2017;01:29:00;29;com vítima;504,968;BR-153/GO;Sul;Colisão Traseira;1;;;;;1;;;;;1;1;;;
07/02/2017;07:08:00;68;sem vítima;419,204;BR-262/MG;Oeste;Colisão Traseira;;;2;;;;;;;;2;;;;
07/02/2017;07:40:00;79;sem vítima;156;BR-153/MG;Sul;Colisão Traseira;;;2;;;;;;;;2;;;;
07/02/2017;08:08:00;95;sem vítima;94,283;BR-060/GO;Norte;Saida de Pista;1;;;;;;;;;;1;;;;
07/02/2017;08:26:00;105;com vítima;501,8;BR-153/GO;Norte;Queda de Moto;;;;1;;;;;;;0;2;;;
07/02/2017;08:28:00;108;sem vítima;501,658;BR-153/GO;Norte;Engavetamento;4;;;;;;;;;;4;;;;
07/02/2017;10:29:00;197;com vítima;0,181;BR-060/GO;Norte;Colisão Traseira;;;;1;;1;;;;;1;;;;1
07/02/2017;16:23:00;370;sem vítima;66,373;BR-060/GO;Norte;Outros - sequências;1;;;;;;;;;;2;;;;
07/02/2017;18:06:00;432;sem vítima;389,6;BR-262/MG;Leste;Colisão Traseira;1;;1;;;;;;;;2;;;;
07/02/2017;18:21:00;441;sem vítima;495;BR-153/GO;Sul;Colisão Traseira;2;;;;;;;;;;2;;;;
07/02/2017;19:00:00;456;sem vítima;452;BR-262/MG;Leste;Colisão Transversal;2;;;;;;;;;;2;;;;
07/02/2017;19:06:00;459;com vítima;512;BR-153/GO;Sul;Queda de Moto;;;;1;;;;;;;0;2;;;
07/02/2017;21:54:00;530;sem vítima;522,106;BR-153/GO;Sul;Choque - Objeto sobre a pista;1;;;;;;;;;;1;;;;
08/02/2017;02:10:00;22;sem vítima;702;BR-153/GO;Sul;Saida de Pista;;;1;;;;;;;;2;;;;
08/02/2017;03:11:00;32;com vítima;5,8;BR-153/MG;Sul;Saida de Pista;1;;;;;;;;;;0;1;;;
08/02/2017;06:55:00;72;sem vítima;683;BR-153/GO;Norte;Saida de Pista;1;;;;;;;;;;1;;;;
08/02/2017;07:30:00;83;sem vítima;30;BR-060/DF;Norte;Saida de Pista;1;;;;;;;;;;1;;;;
08/02/2017;14:47:00;376;com vítima;635,626;BR-262/MG;Oeste;Outros - sequências;1;;;;;;;;;;0;2;;;
08/02/2017;16:27:00;446;sem vítima;3;BR-060/DF;Sul;Saida de Pista;1;;;;;;;;;;1;;;;
08/02/2017;16:49:00;457;com vítima;433,416;BR-262/MG;Leste;Outros - sequências;1;;;;;;;;;;0;1;;;
08/02/2017;17:00:00;464;sem vítima;404,5;BR-262/MG;Leste;Saida de Pista;1;;;;;;;;;;1;;;;
08/02/2017;17:54:00;486;sem vítima;99;BR-060/GO;Norte;Queda de Moto;1;;;1;;;;;;;2;;;;
08/02/2017;18:35:00;508;com vítima;514,824;BR-153/GO;Sul;Queda de Moto;;;;1;;;;;;;0;1;;;
08/02/2017;21:01:00;568;sem vítima;49;BR-060/GO;Norte;Choque - Objeto sobre a pista;2;;;;;;;;;;2;;;;
08/02/2017;21:39:00;587;sem vítima;1,3;BR-153/MG;Sul;Colisão Traseira;;;2;;;;;;;;2;;;;
09/02/2017;01:18:00;16;sem vítima;578;BR-153/GO;Norte;Saida de Pista;1;;;;;;;;;;2;;;;
09/02/2017;07:34:00;59;sem vítima;504;BR-153/GO;Norte;Colisão Traseira;1;;;;;1;;;;;2;;;;
09/02/2017;07:53:00;71;sem vítima;509;BR-153/GO;Norte;Colisão Traseira;1;;;1;;;;;;;2;;;;
09/02/2017;08:18:00;79;sem vítima;503;BR-153/GO;Norte;Engavetamento;2;;;;;2;;;;;4;;;;
09/02/2017;09:41:00;136;sem vítima;372;BR-262/MG;Oeste;Colisão Traseira;;;2;;;;;;;;2;;;;
09/02/2017;13:25:00;258;com vítima;574;BR-262/MG;Leste;Saida de Pista;1;;;;;;;;;;0;2;1;;
09/02/2017;15:17:00;310;com vítima;379,9;BR-262/MG;Oeste;Outros - sequências;1;;2;;;;;;;;2;1;;;
09/02/2017;15:33:00;318;com vítima;475;BR-262/MG;Oeste;Colisão Transversal;2;;;;;;;;;;2;2;;;
09/02/2017;16:51:00;351;sem vítima;510,2;BR-153/GO;Sul;Saida de Pista;2;;;;;;;;;;2;;;;
09/02/2017;17:04:00;354;com vítima;35;BR-153/MG;Norte;Colisão Transversal;1;;;1;;;;;;;1;1;;;1
09/02/2017;17:18:00;359;sem vítima;502;BR-153/GO;Norte;Colisão Traseira;;;1;1;;;;;;;2;;;;
09/02/2017;18:07:00;382;sem vítima;496;BR-153/GO;Norte;Colisão Transversal;1;;1;;;;;;;;2;;;;
09/02/2017;18:53:00;453;com vítima;435,238;BR-262/MG;Leste;Outros - sequências;1;;;;;;;;;;0;1;1;;
09/02/2017;20:10:00;503;sem vítima;516;BR-153/GO;Sul;Colisão Traseira;1;;;;;1;;;;;2;;;;
09/02/2017;23:05:00;577;com vítima;46;BR-060/GO;Norte;Saida de Pista;;;1;;;;;;;;0;1;;;
10/02/2017;00:09:00;6;sem vítima;816;BR-262/MG;Leste;Saida de Pista;1;;;;;;;;;;1;;;;
10/02/2017;06:15:00;54;sem vítima;94,555;BR-060/GO;Norte;Colisão Traseira;1;;;;1;;;;;;2;;;;
10/02/2017;07:47:00;83;sem vítima;93;BR-060/GO;Norte;Tombamento;1;;;;;1;;;;;2;;;;
10/02/2017;07:57:00;93;sem vítima;506;BR-153/GO;Norte;Colisão Traseira;2;;;;;;;;;;2;;;;
10/02/2017;09:43:00;177;sem vítima;493;BR-153/GO;Norte;Colisão Traseira;2;;;;;;;;;;2;;;;
10/02/2017;13:30:00;308;com vítima;499,5;BR-153/GO;Sul;Colisão Traseira;;;;1;1;;;;;;1;;1;;
10/02/2017;13:58:00;320;com vítima;584,584;BR-262/MG;Oeste;Capotamento;;;;;;;;;;1;0;2;;;
10/02/2017;14:03:00;325;sem vítima;490,449;BR-153/GO;Sul;Atropelamento - Outros;1;;;;;;;;;;2;;;;
10/02/2017;14:47:00;341;sem vítima;499;BR-153/GO;Sul;Colisão Traseira;1;;1;;;;;;;;2;;;;
10/02/2017;15:02:00;349;sem vítima;502;BR-153/GO;Norte;;2;;;;;;;;;;2;;;;
10/02/2017;16:52:00;401;sem vítima;426,5;BR-262/MG;Oeste;Outros - sequências;1;;1;;;;;;;;2;;;;
10/02/2017;16:58:00;405;sem vítima;31;BR-060/DF;Norte;Colisão Lateral;1;;2;;;;;;;;3;;;;
10/02/2017;19:26:00;537;sem vítima;10,067;BR-153/MG;Norte;Saida de Pista;1;;;;;1;;;;;2;;;;
10/02/2017;19:44:00;546;com vítima;8,6;BR-060/DF;Norte;Atropelamento - Outros;;;;1;;;;;;;0;1;;;
11/02/2017;00:07:00;3;sem vítima;17;BR-153/MG;Sul;Saida de Pista;1;;;;;;;;;;1;;;;
11/02/2017;02:00:00;34;sem vítima;8;BR-060/DF;Norte;Saida de Pista;1;;;;;;;;;;2;;;;
11/02/2017;05:05:00;55;sem vítima;209,5;BR-153/MG;Sul;Saida de Pista;1;;;;;;;;;;1;;;;
11/02/2017;06:23:00;72;com vítima;480,6;BR-262/MG;Oeste;Colisão Frontal;2;;;;;;;;;;0;2;1;;
11/02/2017;06:42:00;81;sem vítima;590;BR-262/MG;Leste;Capotamento;;;;;;;;;;1;1;;;;
11/02/2017;07:23:00;89;sem vítima;5;BR-153/MG;Sul;Saida de Pista;1;;;;;;;;;;3;;;;
11/02/2017;08:57:00;136;com vítima;46;BR-153/MG;Sul;Tombamento;;;1;;;1;;;;;1;1;;;
11/02/2017;12:05:00;245;sem vítima;509;BR-153/GO;Sul;Queda de Moto;;;;1;;;;;;;1;;;;
11/02/2017;13:13:00;296;com vítima;802;BR-262/MG;Leste;Queda de Ciclista;;1;;;;;;;;;0;2;;;
11/02/2017;13:22:00;301;sem vítima;433,5;BR-262/MG;Leste;Saida de Pista;1;;;;;;;;;;2;;;;
11/02/2017;13:24:00;303;sem vítima;577,2;BR-153/GO;Norte;Saida de Pista;1;;;;;;;;;;3;;;;
11/02/2017;13:34:00;306;sem vítima;589;BR-262/MG;Oeste;Saida de Pista;1;;;;;;;;;;1;;;;
11/02/2017;13:44:00;309;sem vítima;580;BR-262/MG;Leste;Saida de Pista;1;;;;;;;;;;1;;;;
11/02/2017;14:25:00;326;sem vítima;81,2;BR-060/GO;Norte;Outros - sequências;1;;;;;;;;;;1;;;;
11/02/2017;14:29:00;331;com vítima;117,892;BR-060/GO;Norte;Queda de Moto;;;;1;;1;;;;;1;1;;;
11/02/2017;14:29:00;333;com vítima;69,961;BR-060/GO;Norte;Outros - sequências;1;;;;;;;;;;0;1;;;
11/02/2017;14:31:00;334;com vítima;126,235;BR-060/GO;Sul;Outros - sequências;1;;;;;;;;;;0;2;;;
11/02/2017;14:59:00;346;com vítima;437;BR-262/MG;Oeste;Colisão Frontal;;;;1;1;;;;;;6;;2;;
11/02/2017;15:12:00;351;sem vítima;815;BR-262/MG;Leste;Colisão Traseira;1;;;;;;;;;1;2;;;;
11/02/2017;15:45:00;369;com vítima;46,472;BR-060/GO;Sul;Outros - sequências;1;;;;;;;;;;0;1;;;
11/02/2017;16:03:00;372;com vítima;46,416;BR-060/GO;Sul;Outros - sequências;2;;;;;;;;;;1;4;;;
11/02/2017;16:20:00;379;com vítima;562,472;BR-262/MG;Oeste;Outros - sequências;1;;;;;;;;;;0;1;;;
11/02/2017;16:57:00;403;sem vítima;540,998;BR-153/GO;Sul;Outros - sequências;1;;;;;;;;;;1;;;;
11/02/2017;16:59:00;404;sem vítima;389;BR-262/MG;Leste;Colisão Traseira;3;;;;;;;;;;3;;;;
11/02/2017;17:31:00;413;sem vítima;495,196;BR-153/GO;Norte;Outros - sequências;1;;;;;;;;;;1;;;;
11/02/2017;18:02:00;426;com vítima;781,141;BR-262/MG;Oeste;Outros - sequências;1;;;;;1;;;;;1;;2;;
11/02/2017;18:35:00;440;com vítima;505,199;BR-153/GO;Sul;Queda de Moto;;;;1;;;;;;;0;1;;;
11/02/2017;18:38:00;441;sem vítima;47,358;BR-060/GO;Norte;Saida de Pista;1;;;;;;;;;;1;;;;
11/02/2017;19:45:00;462;sem vítima;589,978;BR-262/MG;Leste;Saida de Pista;1;;;;;;;;;;5;;;;
11/02/2017;22:25:00;517;sem vítima;46;BR-060/GO;Norte;;1;;;;;;;;;;1;;;;
11/02/2017;22:57:00;525;sem vítima;413;BR-262/MG;Leste;Saida de Pista;1;;;;;;;;;;1;;;;
11/02/2017;23:00:00;527;sem vítima;505,3;BR-153/GO;Norte;Saida de Pista;1;;;;;;;;;;1;;;;
11/02/2017;23:59:00;544;sem vítima;46;BR-153/MG;Norte;Saida de Pista;1;;;;;;;;;;2;;;;
12/02/2017;05:08:00;38;sem vítima;58,5;BR-153/MG;Norte;Colisão Traseira;2;;;;;;;;;;3;;;;