data;horario;n_da_ocorrencia;tipo_de_ocorrencia;km;trecho;sentido;tipo_de_acidente;automovel;bicicleta;caminhao;moto;onibus;outros;tracao_animal;transporte_de_cargas_especiais;trator_maquinas;utilitarios;ilesos;levemente_feridos;moderadamente_feridos;gravemente_feridos;mortos
12/02/2017;06:05:00;47;com vítima;26,02;BR-060/GO;Norte;Capotamento;1;;;;;;;;;;0;1;;;
12/02/2017;06:25:00;49;sem vítima;25,6;BR-060/GO;Sul;Saida de Pista;1;;;;;;;;;;1;;;;
12/02/2017;11:25:00;210;com vítima;535;BR-153/GO;Sul;Queda de Moto;;;;1;;;;;;;0;2;;;
12/02/2017;12:39:00;242;sem vítima;71,992;BR-060/GO;Sul;Saida de Pista;1;;;;;;;;;;1;;;;
12/02/2017;13:12:00;264;sem vítima;82,532;BR-060/GO;Norte;Saida de Pista;1;;;;;;;;;;2;;;;
12/02/2017;13:59:00;299;sem vítima;116,1;BR-060/GO;Norte;Saida de Pista;1;;;;;;;;;;1;;;;
12/02/2017;16:55:00;405;sem vítima;87;BR-153/MG;Sul;Saida de Pista;1;;;;;;;;;;1;;;;
13/02/2017;00:03:00;1;sem vítima;88;BR-060/GO;Sul;Saida de Pista;1;;;;;;;;;;1;;;;
13/02/2017;06:26:00;34;com vítima;500,061;BR-153/GO;Norte;Outros - sequências;;;1;1;;;;;;;1;1;;;
13/02/2017;06:58:00;40;sem vítima;505,572;BR-153/GO;Norte;Engavetamento;4;;;;;;;;;;4;;;;
13/02/2017;07:05:00;43;com vítima;368;BR-262/MG;Leste;Tombamento;;;1;;;;;;;;0;;;;1
13/02/2017;11:15:00;189;sem vítima;25,416;BR-060/GO;Norte;Colisão Traseira;1;;;;;;;;;1;2;;;;
13/02/2017;11:37:00;200;com vítima;445;BR-262/MG;Oeste;Queda de Moto;;;;1;;;;;;;0;1;;;
13/02/2017;13:09:00;243;com vítima;45;BR-153/MG;Norte;Queda de Ciclista;;;;1;;1;;;;;1;1;;;
13/02/2017;13:19:00;249;sem vítima;508;BR-153/GO;Sul;Colisão Traseira;2;;;;;;;;;;2;;;;
13/02/2017;13:36:00;257;sem vítima;508;BR-153/GO;Norte;Colisão Traseira;1;;;1;;;;;;;2;;;;
13/02/2017;14:07:00;271;sem vítima;507,5;BR-153/GO;Sul;Colisão Traseira;;;2;;;;;;;;2;;;;
13/02/2017;15:22:00;311;sem vítima;51,8;BR-060/GO;Norte;Outros - sequências;1;;;;;;;;;;2;;;;
13/02/2017;15:24:00;312;sem vítima;362,773;BR-262/MG;Oeste;Colisão Traseira;2;;;;;;;;;;2;;;;
13/02/2017;16:14:00;333;sem vítima;508,086;BR-153/GO;Sul;Capotamento;1;;;;;;;;;;1;;;;
13/02/2017;16:23:00;336;com vítima;381,646;BR-262/MG;Oeste;Tombamento;;;1;;;;;;;;0;;;;1
13/02/2017;16:44:00;351;sem vítima;64,5;BR-060/GO;Sul;Saida de Pista;1;;;;;;;;;;3;;;;
13/02/2017;17:21:00;365;com vítima;667;BR-153/GO;Sul;Tombamento;;;1;;;;;;;;0;1;;;
13/02/2017;17:41:00;369;sem vítima;84;BR-060/GO;Sul;Capotamento;;;;;;;;;;1;1;;;;
13/02/2017;18:06:00;377;sem vítima;3;BR-060/DF;Norte;Colisão Traseira;2;;;;;1;;;;;3;;;;
13/02/2017;19:21:00;405;sem vítima;502;BR-153/GO;Sul;Colisão Lateral;1;;;;;1;;;;;2;;;;
14/02/2017;05:00:00;36;com vítima;10,885;BR-060/DF;Sul;Queda de Moto;;;;1;;;;;;;0;1;;;
14/02/2017;07:15:00;54;com vítima;477,5;BR-262/MG;Leste;Colisão Transversal;2;;;;;;;;;;0;3;;;
14/02/2017;08:56:00;114;sem vítima;6,194;BR-060/DF;Norte;Colisão Traseira;1;;;;;1;;;;;4;;;;
14/02/2017;13:10:00;266;sem vítima;367;BR-262/MG;Oeste;Outros - sequências;1;;1;;1;;;;;1;4;;;;
14/02/2017;16:27:00;359;com vítima;89;BR-153/MG;Norte;Capotamento;1;;;;;1;;;;;4;1;;;
14/02/2017;16:59:00;380;com vítima;573;BR-262/MG;Leste;Engavetamento;;;3;;;;;;;;2;;;1;
14/02/2017;18:38:00;427;sem vítima;498,082;BR-153/GO;Sul;Colisão Traseira;1;;;;;1;;;;;4;;;;
14/02/2017;19:08:00;438;sem vítima;210;BR-153/MG;Norte;Saida de Pista;1;;;;;;;;;;1;;;;
14/02/2017;19:45:00;454;sem vítima;58;BR-153/MG;Norte;Colisão Traseira;;;3;;;;;;;;4;;;;
15/02/2017;02:02:00;35;com vítima;539;BR-262/MG;Oeste;Capotamento;1;;;;;;;;;;0;5;;;
15/02/2017;07:01:00;106;com vítima;492,035;BR-153/GO;Sul;Capotamento;1;;;;;;;;;;0;1;1;;
15/02/2017;07:12:00;110;sem vítima;508;BR-153/GO;Norte;Colisão Traseira;2;;;;;;;;;;2;;;;
15/02/2017;07:29:00;115;sem vítima;509,53;BR-153/GO;Norte;Engavetamento;3;;;;;;;;;;3;;;;
15/02/2017;09:43:00;193;com vítima;858;BR-262/MG;Leste;Colisão Traseira;1;;1;;;;;;;;1;2;;;
15/02/2017;11:44:00;267;com vítima;93;BR-060/GO;Norte;Queda de Moto;;;;1;;;;;;;0;1;;;
15/02/2017;12:01:00;282;com vítima;368;BR-262/MG;Leste;Atropelamento - Funcionário;;;1;;;;;;;;1;;1;;
15/02/2017;12:25:00;295;sem vítima;19;BR-060/GO;Sul;Saida de Pista;1;;;;;;;;;;1;;;;
15/02/2017;12:27:00;297;sem vítima;13,5;BR-060/GO;Norte;Colisão Traseira;;;2;;;;;;;;3;;;;
15/02/2017;12:43:00;308;com vítima;508;BR-153/GO;Norte;Capotamento;1;;;;;;;;;;0;3;;;
15/02/2017;12:58:00;315;com vítima;532;BR-153/GO;Sul;Atropelamento - Andarilho;;;1;;;;;;;;1;1;;;
15/02/2017;13:58:00;345;sem vítima;371,559;BR-262/MG;Leste;Outros - sequências;;;;;;1;;;;1;4;;;;
15/02/2017;15:03:00;388;com vítima;670;BR-262/MG;Leste;Capotamento;1;;;;;;;;;;1;;1;;
15/02/2017;15:42:00;414;sem vítima;400;BR-262/MG;Oeste;Colisão Lateral;1;;;;;1;;;;;4;;;;
15/02/2017;17:39:00;490;com vítima;497;BR-153/GO;Norte;Queda de Moto;;;;1;;;;;;;1;1;;;
15/02/2017;18:11:00;512;sem vítima;497;BR-153/GO;Sul;Colisão Traseira;2;;;;;;;;;;2;;;;
15/02/2017;19:05:00;543;com vítima;78;BR-153/MG;Sul;Queda de Moto;;;;1;;;;;;;0;1;;;
15/02/2017;20:41:00;581;com vítima;78;BR-153/MG;Norte;Atropelamento - Andarilho;1;;;;;;;;;;1;;;;1
15/02/2017;21:12:00;593;sem vítima;106;BR-060/GO;Sul;Outros - sequências;1;;;;;;;;;;1;;;;
15/02/2017;23:26:00;654;com vítima;15;BR-153/MG;Sul;Colisão Traseira;;;1;;;;;;;;0;1;;;
16/02/2017;05:58:00;69;sem vítima;462;BR-262/MG;Leste;Colisão Traseira;;;2;;;;;;;;2;;;;
16/02/2017;06:29:00;75;com vítima;413;BR-262/MG;Leste;Colisão Lateral;;1;;1;;;;;;;0;2;;;
16/02/2017;08:51:00;162;sem vítima;13,849;BR-060/DF;Norte;Saida de Pista;1;;;;;;;;;;2;;;;
16/02/2017;08:56:00;167;com vítima;358;BR-262/MG;Oeste;Saida de Pista;;;;;;;;;;1;0;2;;;
16/02/2017;11:51:00;360;com vítima;792;BR-262/MG;Oeste;Queda de Ciclista;;1;;;;1;;;;;1;;2;;
16/02/2017;14:36:00;428;sem vítima;437,5;BR-262/MG;Oeste;Colisão Lateral;1;;;;;1;;;;;2;;;;
16/02/2017;17:26:00;529;com vítima;502;BR-153/GO;Sul;Colisão Traseira;1;;1;;;;;;;;5;1;;;
16/02/2017;18:41:00;571;com vítima;16,5;BR-060/DF;Norte;Capotamento;1;;;;;;;;;;2;1;;;
16/02/2017;19:02:00;578;com vítima;96;BR-060/GO;Norte;Colisão Traseira;1;;;1;;;;;;;1;1;1;;
16/02/2017;22:32:00;659;com vítima;438;BR-262/MG;Oeste;Colisão Traseira;2;;;;;;;;;;0;3;;;
16/02/2017;22:51:00;664;sem vítima;96,8;BR-060/GO;Sul;Colisão Traseira;2;;;;;;;;;;2;;;;
17/02/2017;06:05:00;44;com vítima;430,2;BR-262/MG;Oeste;Colisão Traseira;1;;;1;;;;;;;1;;1;;
17/02/2017;09:53:00;189;sem vítima;803;BR-262/MG;Leste;Colisão Traseira;2;;;;;;;;;;2;;;;
17/02/2017;14:11:00;322;sem vítima;70;BR-060/GO;Sul;Saida de Pista;1;;;;;;;;;;1;;;;
17/02/2017;16:36:00;394;com vítima;116;BR-060/GO;Norte;Queda de Ciclista;;;;1;;;;;;;0;1;;;
17/02/2017;17:26:00;414;com vítima;414;BR-262/MG;Leste;Queda de Ciclista;;;;1;;;;;;;0;1;1;;
17/02/2017;18:05:00;434;sem vítima;508;BR-153/GO;Norte;Engavetamento;5;;;;;;;;;;5;;;;
17/02/2017;18:40:00;462;sem vítima;125;BR-060/GO;Norte;Capotamento;1;;;;;;;;;;1;;;;
17/02/2017;19:35:00;500;sem vítima;510;BR-153/GO;Norte;Colisão Traseira;2;;;;;;;;;;2;;;;
17/02/2017;19:47:00;509;sem vítima;1;BR-060/DF;Sul;Engavetamento;4;;;;;1;;;;;5;;;;
17/02/2017;20:47:00;548;sem vítima;749;BR-262/MG;Oeste;Saida de Pista;;;1;;;;;;;;1;;;;
17/02/2017;21:56:00;570;sem vítima;494;BR-262/MG;Leste;Saida de Pista;;;1;;;1;;;;;2;;;;
17/02/2017;22:58:00;589;sem vítima;92,8;BR-060/GO;Norte;Saida de Pista;1;;;;;;;;;;1;;;;
18/02/2017;02:27:00;39;sem vítima;563;BR-153/GO;Sul;Queda de Moto;;;;1;;;;;;;1;;;;
18/02/2017;02:37:00;41;com vítima;502,83;BR-153/GO;Sul;Queda de Moto;;;;1;;;;;;;0;;1;;
18/02/2017;06:54:00;82;com vítima;54,5;BR-060/GO;Norte;Capotamento;1;;;;;;;;;;0;1;;;
18/02/2017;07:14:00;87;com vítima;492,3;BR-153/GO;Sul;Colisão Traseira;;;1;1;;;;;;;1;;1;;
18/02/2017;07:55:00;98;sem vítima;610;BR-153/GO;Sul;Colisão Traseira;1;;1;;;;;;;;2;;;;
18/02/2017;15:18:00;353;sem vítima;368,249;BR-262/MG;Leste;Choque - Defensa, barreira ou "submarino";1;;;;;;;;;;2;;;;
18/02/2017;15:36:00;362;sem vítima;533;BR-153/GO;Norte;Saida de Pista;1;;;;;;;;;;4;;;;
18/02/2017;16:13:00;379;sem vítima;109,4;BR-153/MG;Norte;Saida de Pista;1;;;;;1;;;;;3;;;;
18/02/2017;17:26:00;421;sem vítima;5;BR-060/DF;Sul;Outros - sequências;1;;1;;;;;;;;2;;;;
18/02/2017;17:30:00;422;sem vítima;44,554;BR-060/GO;Norte;Colisão Lateral;;;;1;;1;;;;1;3;;;;
18/02/2017;19:44:00;486;com vítima;542,3;BR-153/GO;Sul;Capotamento;1;;;;;;;;;;0;;1;;
18/02/2017;20:21:00;502;com vítima;92;BR-060/GO;Sul;Colisão Lateral;1;;;;;;;;;1;2;;1;;
18/02/2017;20:22:00;504;com vítima;438,443;BR-262/MG;Oeste;Outros - sequências;1;;;1;;;;;;;2;1;;;
19/02/2017;01:25:00;20;com vítima;15;BR-153/MG;Sul;Capotamento;1;;;;;;;;;;0;1;;;
19/02/2017;09:29:00;146;sem vítima;515,12;BR-153/GO;Sul;Engavetamento;1;;;;;;;;;2;5;;;;
19/02/2017;11:02:00;206;com vítima;497,355;BR-153/GO;Sul;Saida de Pista;;;1;;;;;;;;0;1;;;
19/02/2017;11:57:00;247;com vítima;400;BR-262/MG;Leste;Colisão Frontal;2;;;;;;;;;;0;3;;;
19/02/2017;12:54:00;296;com vítima;121;BR-060/GO;Norte;Queda de Moto;;;;1;;;;;;;0;2;;;
19/02/2017;13:42:00;327;com vítima;133;BR-060/GO;Norte;Saida de Pista;1;;;;;;;;;;1;2;;;
19/02/2017;15:08:00;376;com vítima;505;BR-153/GO;Sul;Colisão Traseira;2;;;;;;;;;;1;3;;;
19/02/2017;15:50:00;407;sem vítima;811,255;BR-262/MG;Leste;Outros - sequências;1;;;;;1;;;;;2;;;;
19/02/2017;16:34:00;437;com vítima;6,7;BR-153/MG;Sul;Queda de Moto;;;;1;;;;;;;0;;1;;
19/02/2017;16:47:00;446;sem vítima;516;BR-153/GO;Sul;Saida de Pista;1;;;;;;;;;;1;;;;
19/02/2017;17:32:00;471;sem vítima;497;BR-153/GO;Sul;Colisão Traseira;2;;;;;;;;;;2;;;;
19/02/2017;18:29:00;519;sem vítima;557;BR-262/MG;Oeste;Outros - sequências;1;;;;;;;;;;1;;;;
19/02/2017;19:35:00;556;com vítima;129;BR-060/GO;Sul;Saida de Pista;1;;;;;;;;;;0;3;;;
19/02/2017;20:45:00;584;sem vítima;28;BR-060/DF;Norte;Saida de Pista;1;;;;;;;;;;1;;;;
19/02/2017;22:00:00;613;sem vítima;881;BR-262/MG;Oeste;Saida de Pista;1;;;;;;;;;;1;;;;
20/02/2017;04:55:00;48;sem vítima;112,2;BR-060/GO;Norte;Saida de Pista;1;;;;;;;;;;1;;;;
20/02/2017;07:00:00;86;com vítima;497;BR-153/GO;Sul;Colisão Traseira;;;1;1;;;;;;;1;1;;;
20/02/2017;07:18:00;89;com vítima;505,849;BR-153/GO;Norte;Queda de Moto;;;;1;;1;;;;;1;1;;;
20/02/2017;07:36:00;101;sem vítima;495;BR-153/GO;Sul;Colisão Traseira;1;;;;;1;;;;;2;;;;
20/02/2017;07:50:00;107;sem vítima;506;BR-153/GO;Norte;Colisão Traseira;2;;;;;;;;;;2;;;;
20/02/2017;08:18:00;125;com vítima;2;BR-060/DF;Norte;Colisão Traseira;1;;;1;;;;;;;1;1;;;
20/02/2017;15:30:00;449;sem vítima;699;BR-153/GO;Sul;Saida de Pista;1;;;;;;;;;;1;;;;
20/02/2017;16:20:00;486;sem vítima;28,5;BR-060/DF;Norte;Outros - sequências;1;;;;;;;;;;3;;;;
20/02/2017;17:39:00;547;sem vítima;399,9;BR-262/MG;Leste;Outros - sequências;;;;1;;1;;;;;2;;;;
20/02/2017;21:59:00;649;com vítima;408;BR-262/MG;Leste;Choque - Objeto não identificado;;;;1;;;;;;;0;1;;;
20/02/2017;22:22:00;659;com vítima;798,591;BR-262/MG;Oeste;Outros - sequências;2;;1;;;;;;;;0;7;;;
21/02/2017;06:32:00;36;com vítima;498,891;BR-153/GO;Sul;Colisão Traseira;1;;;1;;;;;;;1;1;;;
21/02/2017;07:47:00;67;com vítima;94,775;BR-060/GO;Norte;Colisão Lateral;1;;;1;;;;;;;1;1;;;
21/02/2017;07:52:00;69;sem vítima;700;BR-153/GO;Norte;Saida de Pista;1;;;;;1;;;;;2;;;;
21/02/2017;09:40:00;147;sem vítima;504;BR-153/GO;Sul;Outros - sequências;1;;;;;1;;;;;2;;;;
21/02/2017;11:29:00;207;com vítima;354,679;BR-262/MG;Leste;Outros - sequências;;;1;;;;;;;;1;;1;;
21/02/2017;12:45:00;244;sem vítima;355;BR-262/MG;Leste;Saida de Pista;1;;;;;;;;;;1;;;;
21/02/2017;13:11:00;256;sem vítima;99,283;BR-060/GO;Norte;Colisão Traseira;1;;;;;1;;;;;2;;;;
21/02/2017;14:46:00;315;com vítima;404,8;BR-262/MG;Oeste;Capotamento;1;;;;;;;;;;0;;1;;
21/02/2017;15:34:00;334;sem vítima;21,02;BR-060/DF;Sul;Outros - sequências;1;;;;;;;;;;1;;;;
21/02/2017;16:00:00;346;com vítima;439;BR-262/MG;Oeste;Outros - sequências;1;;;;;1;;;;;1;2;;;
21/02/2017;19:18:00;460;sem vítima;501,5;BR-153/GO;Sul;Engavetamento;3;;;;;;;;;;3;;;;
21/02/2017;19:31:00;466;com vítima;243,2;BR-153/MG;Norte;Colisão Frontal;;;1;;;;;;;1;0;1;;;1
22/02/2017;11:21:00;215;sem vítima;98,063;BR-060/GO;Norte;Colisão Traseira;2;;;;;;;;;;2;;;;
22/02/2017;13:24:00;264;com vítima;64,55;BR-060/GO;Norte;Queda de Moto;;;;1;;;;;;;0;1;;1;
22/02/2017;16:45:00;369;sem vítima;95,26;BR-060/GO;Norte;Colisão Traseira;1;;1;;;;;;;;4;;;;
22/02/2017;17:40:00;394;sem vítima;97;BR-060/GO;Norte;Outros - sequências;1;;;;;;;;;;1;;;;
22/02/2017;17:40:00;395;com vítima;246;BR-153/MG;Sul;Colisão Transversal;2;;;;;;;;;;2;1;;;
22/02/2017;17:42:00;396;sem vítima;96,5;BR-060/GO;Norte;;1;;;;;;;;;;1;;;;
22/02/2017;18:30:00;406;sem vítima;507,109;BR-153/GO;Norte;Colisão Lateral;;;;1;;1;;;;;3;;;;
22/02/2017;19:21:00;419;com vítima;96;BR-060/GO;Norte;Colisão Lateral;1;;;;;;;;;1;1;2;;;
22/02/2017;19:26:00;421;com vítima;468,5;BR-262/MG;Leste;Queda de Ciclista;;;;1;;;;;;;0;1;;;
22/02/2017;19:47:00;431;sem vítima;499;BR-153/GO;Sul;Colisão Lateral;1;;1;;;;;;;;2;;;;
22/02/2017;21:34:00;474;com vítima;515;BR-153/GO;Sul;Colisão Lateral;1;;;;;1;;;;;1;1;;;
23/02/2017;00:43:00;15;sem vítima;22;BR-153/MG;Sul;Colisão Traseira;;;2;;;;;;;;2;;;;
23/02/2017;02:34:00;30;com vítima;693,515;BR-153/GO;Norte;Saida de Pista;1;;;;;;;;;;0;3;;;
23/02/2017;06:57:00;88;sem vítima;501,612;BR-153/GO;Norte;Engavetamento;2;;;;;1;;;;;7;;;;
23/02/2017;07:44:00;108;sem vítima;505,792;BR-153/GO;Norte;Colisão Traseira;1;;;;;;;;;1;3;;;;
23/02/2017;08:36:00;134;sem vítima;505,522;BR-153/GO;Norte;Engavetamento;2;;;;;1;;;;1;6;;;;
23/02/2017;10:24:00;216;sem vítima;510;BR-153/GO;Sul;Colisão Traseira;1;;1;;;;;;;;2;;;;
23/02/2017;14:20:00;324;com vítima;23,962;BR-153/MG;Sul;Saida de Pista;1;;2;;;1;;;;;6;1;;;
23/02/2017;14:40:00;343;sem vítima;112,017;BR-060/GO;Sul;Outros - sequências;1;;;;;;;;;;1;;;;
23/02/2017;15:04:00;354;sem vítima;27;BR-060/DF;Sul;Outros - sequências;1;;;;;;;;;;1;;;;
23/02/2017;15:38:00;379;com vítima;440,5;BR-262/MG;Oeste;Saida de Pista;1;;;;;;;;;;0;1;;;
23/02/2017;16:23:00;399;sem vítima;94;BR-060/GO;Norte;Saida de Pista;;;;;;;;;;1;1;;;;
23/02/2017;16:55:00;425;sem vítima;530;BR-153/GO;Sul;Saida de Pista;1;;;;;;;;;;1;;;;
23/02/2017;17:22:00;447;sem vítima;101;BR-060/GO;Sul;Colisão Traseira;1;;;;;1;;;;;2;;;;
23/02/2017;17:37:00;454;com vítima;100;BR-060/GO;Sul;Queda de Moto;;;;1;;;;;;;0;2;;;
23/02/2017;17:50:00;458;sem vítima;94;BR-060/GO;Sul;Engavetamento;2;;;;;;;;;1;3;;;;
23/02/2017;18:04:00;465;com vítima;96,5;BR-060/GO;Norte;Colisão Lateral;;;;1;;;;;;;2;1;;;
23/02/2017;18:11:00;470;com vítima;498,61;BR-153/GO;Sul;Queda de Moto;;;;1;;1;;;;;1;1;;;
23/02/2017;18:59:00;492;com vítima;498;BR-262/MG;Leste;Saida de Pista;1;;;;;;;;;;0;1;1;;
23/02/2017;19:39:00;514;com vítima;399;BR-262/MG;Leste;Queda de Moto;;;;1;;;;;;;0;1;;;
23/02/2017;19:51:00;517;com vítima;47;BR-060/GO;Norte;Saida de Pista;;;1;;;;;;;;1;1;;;
23/02/2017;20:19:00;529;sem vítima;113;BR-060/GO;Norte;Colisão Traseira;2;;;;;;;;;;2;;;;
23/02/2017;20:44:00;538;sem vítima;546;BR-262/MG;Oeste;Colisão Traseira;;;1;;;1;;;;;3;;;;
23/02/2017;22:13:00;563;com vítima;511;BR-153/GO;Sul;Outros - sequências;1;;1;;;;;;;;1;1;;;
23/02/2017;22:30:00;571;com vítima;479;BR-262/MG;Oeste;Colisão Traseira;1;;1;;;;;;;;2;3;;;
23/02/2017;23:40:00;585;com vítima;692;BR-153/GO;Sul;Saida de Pista;1;;;;;;;;;;0;3;;;
24/02/2017;06:09:00;68;com vítima;431;BR-262/MG;Leste;Tombamento;;;1;;;;;;;;0;;;;1
24/02/2017;07:49:00;104;com vítima;521;BR-153/GO;Norte;Queda de Moto;1;;;1;;;;;;;1;1;;;
24/02/2017;07:51:00;105;com vítima;625,76;BR-153/GO;Sul;Capotamento;1;;;;;;;;;;1;2;;1;
24/02/2017;08:03:00;113;sem vítima;553;BR-153/GO;Norte;Colisão Traseira;1;;1;;;;;;;;6;;;;
24/02/2017;09:21:00;168;sem vítima;92,7;BR-060/GO;Norte;Colisão Lateral;2;;;;;;;;;;2;;;;
24/02/2017;11:55:00;317;com vítima;574;BR-262/MG;Leste;Saida de Pista;1;;;;;;;;;;0;4;;;
24/02/2017;13:52:00;376;sem vítima;111,658;BR-060/GO;Sul;Carreta deu L;;;1;;;;;;;;1;;;;
24/02/2017;13:52:00;384;sem vítima;111,424;BR-060/GO;Norte;Saida de Pista;1;;;;;;;;;;1;;;;
24/02/2017;14:08:00;395;sem vítima;589,3;BR-262/MG;Oeste;Saida de Pista;1;;;;;;;;;;1;;;;
24/02/2017;14:41:00;418;sem vítima;373,8;BR-262/MG;Leste;Colisão Traseira;2;;;;;;;;;;2;;;;
24/02/2017;15:10:00;443;sem vítima;628,5;BR-262/MG;Leste;Saida de Pista;1;;;;;;;;;;4;;;;
24/02/2017;15:36:00;466;com vítima;27,827;BR-060/GO;Sul;Capotamento;1;;;;;;;;;;0;1;;;
24/02/2017;15:57:00;487;sem vítima;840;BR-262/MG;Oeste;Choque - Defensa, barreira ou "submarino";1;;;;;;;;;;1;;;;
24/02/2017;16:03:00;492;sem vítima;507,5;BR-153/GO;Sul;Colisão Traseira;1;;;1;;;;;;;2;;;;
24/02/2017;16:18:00;506;com vítima;537;BR-153/GO;Norte;Queda de Ciclista;;;;1;;;;;;;1;1;;;
24/02/2017;16:39:00;524;sem vítima;468;BR-262/MG;Oeste;Colisão Traseira;1;;;;;1;;;;;2;;;;
24/02/2017;16:47:00;528;sem vítima;758,199;BR-262/MG;Oeste;Outros - sequências;1;;;;;;;;;;1;;;;
24/02/2017;17:04:00;538;sem vítima;557;BR-153/GO;Sul;Saida de Pista;;;1;;;;;;;;1;;;;
24/02/2017;17:14:00;546;sem vítima;512;BR-153/GO;Norte;Colisão Lateral;1;;1;;;;;;;;2;;;;
24/02/2017;17:29:00;556;com vítima;662,164;BR-262/MG;Leste;Outros - sequências;1;;;;;;;;;;0;1;;;
24/02/2017;17:40:00;564;com vítima;2,6;BR-060/DF;Sul;Colisão Lateral;1;;;1;;;;;;;1;;1;;
24/02/2017;19:23:00;617;com vítima;497;BR-153/GO;Norte;Queda de Moto;;;;1;;;;;;;0;2;;;
24/02/2017;19:42:00;626;com vítima;579;BR-153/GO;Sul;Saida de Pista;1;;;;;;;;;;0;2;;;
24/02/2017;20:02:00;639;sem vítima;78;BR-153/MG;Norte;Saida de Pista;1;;;;;;;;;;3;;;;
24/02/2017;20:36:00;655;sem vítima;506;BR-153/GO;Sul;Saida de Pista;1;;;;;;;;;;1;;;;
24/02/2017;21:00:00;674;com vítima;25;BR-153/MG;Norte;Outros - sequências;1;;1;;1;;;;;;2;;;1;
24/02/2017;21:51:00;702;sem vítima;56;BR-153/MG;Sul;Saida de Pista;1;;;;;;;;;;1;;;;
25/02/2017;02:18:00;40;com vítima;722;BR-262/MG;Oeste;Saida de Pista;;;1;;;;;;;;0;1;;;
25/02/2017;02:46:00;43;sem vítima;100;BR-060/GO;Norte;Saida de Pista;2;;;;;;;;;;2;;;;
25/02/2017;04:03:00;54;sem vítima;95;BR-060/GO;Sul;Saida de Pista;1;;;;;;;;;;1;;;;
25/02/2017;04:17:00;58;sem vítima;663,125;BR-153/GO;Norte;Colisão Traseira;1;;1;;;;;;;;2;;;;
25/02/2017;04:22:00;59;sem vítima;558;BR-262/MG;Leste;Colisão Traseira;2;;;;;;;;;;2;;;;
25/02/2017;04:27:00;61;sem vítima;590;BR-262/MG;Leste;Saida de Pista;1;;;;;;;;;;3;;;;
25/02/2017;04:51:00;65;com vítima;37;BR-153/MG;Sul;Outros - sequências;;;1;;;;;;;;0;1;1;;
25/02/2017;05:17:00;70;sem vítima;855;BR-262/MG;Leste;Saida de Pista;1;;;;;;;;;;2;;;;
25/02/2017;07:45:00;135;com vítima;68,338;BR-060/GO;Norte;Outros - sequências;1;;;1;;;;;;;1;;;1;
25/02/2017;08:20:00;152;com vítima;870;BR-262/MG;Oeste;Outros - sequências;1;;;;;;;;;;0;2;;;
25/02/2017;08:32:00;168;sem vítima;530;BR-153/GO;Norte;;1;;;;;;;;;;1;;;;
25/02/2017;08:47:00;176;sem vítima;75,014;BR-060/GO;Norte;Saida de Pista;1;;;;;;;;;;1;;;;
25/02/2017;08:51:00;179;sem vítima;365;BR-262/MG;Oeste;Colisão Traseira;1;;1;;;;;;;;2;;;;
25/02/2017;09:26:00;199;com vítima;96,155;BR-060/GO;Sul;Outros - sequências;1;;1;;;;;;;;1;1;;;
25/02/2017;11:12:00;274;sem vítima;548,9;BR-262/MG;Oeste;Saida de Pista;1;;;;;;;;;;1;;;;
25/02/2017;11:19:00;282;sem vítima;490;BR-262/MG;Leste;Colisão Traseira;2;;;;;;;;;;10;;;;
25/02/2017;11:53:00;300;sem vítima;568;BR-153/GO;Norte;Saida de Pista;1;;;;;;;;;;1;;;;
25/02/2017;13:02:00;351;com vítima;108;BR-153/MG;Sul;Colisão Transversal;1;;1;;;;;;;;0;2;;;
25/02/2017;14:09:00;386;sem vítima;106;BR-060/GO;Sul;Saida de Pista;1;;;;;;;;;;1;;;;
25/02/2017;15:14:00;421;sem vítima;97;BR-060/GO;Norte;Colisão Traseira;3;;;;;;;;;;3;;;;
25/02/2017;15:56:00;445;com vítima;382;BR-262/MG;Oeste;Capotamento;1;;;;;;;;;;0;1;;;
25/02/2017;16:16:00;454;com vítima;355;BR-262/MG;Leste;Saida de Pista;1;;;;;;;;;;0;1;;;
25/02/2017;16:25:00;460;com vítima;358;BR-262/MG;Leste;Saida de Pista;1;;;;;;;;;;0;1;;;
25/02/2017;16:31:00;465;com vítima;394;BR-262/MG;Oeste;Saida de Pista;1;;;;;;;;;;0;2;;;
25/02/2017;16:47:00;475;com vítima;372;BR-262/MG;Oeste;Saida de Pista;1;;;;;;;;;;0;2;;;
25/02/2017;17:25:00;487;com vítima;379;BR-262/MG;Leste;Capotamento;1;;;;;;;;;;0;2;1;;
25/02/2017;17:36:00;494;com vítima;101;BR-060/GO;Norte;Colisão Traseira;2;;;;;;;;;;1;2;;;
25/02/2017;19:22:00;550;com vítima;814;BR-262/MG;Oeste;Colisão Lateral;;;;1;;1;;;;;1;1;1;;
25/02/2017;19:41:00;562;sem vítima;437;BR-262/MG;Leste;Saida de Pista;1;;;;;;;;;;1;;;;
25/02/2017;20:09:00;576;com vítima;101;BR-060/GO;Norte;Queda de Moto;;;;1;;;;;;;0;1;;;
25/02/2017;20:26:00;583;com vítima;480,916;BR-262/MG;Leste;Colisão Frontal;1;;1;;;;;;;;0;1;;;1
25/02/2017;20:36:00;587;sem vítima;580;BR-262/MG;Leste;Saida de Pista;1;;;;;;;;;;1;;;;
25/02/2017;23:29:00;640;sem vítima;34;BR-153/MG;Norte;Saida de Pista;1;;;;;;;;;;1;;;;
26/02/2017;00:13:00;3;com vítima;653,3;BR-153/GO;Sul;Saida de Pista;1;;;;;;;;;;0;;1;;
26/02/2017;00:29:00;7;com vítima;590;BR-262/MG;Oeste;Saida de Pista;1;;;;;;;;;;0;2;;;