data;horario;n_da_ocorrencia;tipo_de_ocorrencia;km;trecho;sentido;tipo_de_acidente;automovel;bicicleta;caminhao;moto;onibus;outros;tracao_animal;transporte_de_cargas_especiais;trator_maquinas;utilitarios;ilesos;levemente_feridos;moderadamente_feridos;gravemente_feridos;mortos
26/02/2017;02:27:00;25;com vítima;527;BR-153/GO;Sul;Saida de Pista;1;;;;;;;;;;0;1;;;
26/02/2017;04:15:00;75;sem vítima;407;BR-262/MG;Leste;Saida de Pista;1;;;;;;;;;;2;;;;
26/02/2017;05:05:00;101;sem vítima;492;BR-262/MG;Leste;Saida de Pista;1;;;;;;;;;;2;;;;
26/02/2017;06:14:00;116;com vítima;17,453;BR-060/GO;Norte;Outros - sequências;1;;;;;;;;;;0;1;;;1
26/02/2017;08:37:00;176;com vítima;534,5;BR-153/GO;Sul;Queda de Moto;;;;1;;;;;;;1;1;;;
26/02/2017;08:49:00;183;sem vítima;612;BR-262/MG;Leste;Saida de Pista;1;;;;;1;;;;;2;;;;
26/02/2017;08:53:00;187;com vítima;536,4;BR-153/GO;Sul;Tombamento;;;1;;;;;;;;0;1;;;
26/02/2017;11:13:00;256;com vítima;383;BR-262/MG;Leste;Colisão Transversal;;;1;;;;;;;1;1;1;;;
26/02/2017;12:29:00;299;sem vítima;395;BR-262/MG;Oeste;Choque - Suporte de Sinalização;1;;;;;;;;;;3;;;;
26/02/2017;13:46:00;316;sem vítima;576,9;BR-153/GO;Norte;Saida de Pista;;;;;;;;;;1;1;;;;
26/02/2017;14:57:00;345;sem vítima;20,42;BR-060/GO;Sul;Saida de Pista;1;;;;;;;;;;1;;;;
26/02/2017;16:29:00;387;sem vítima;26;BR-060/GO;Sul;Capotamento;1;;;;;;;;;;1;;;;
26/02/2017;16:45:00;400;com vítima;381,267;BR-262/MG;Oeste;Capotamento;1;;;;;;;;;;0;3;;;
26/02/2017;17:48:00;429;com vítima;79,2;BR-060/GO;Norte;Saida de Pista;1;;;;;;;;;;0;1;;;
26/02/2017;18:00:00;433;com vítima;390;BR-262/MG;Oeste;Outros - sequências;1;;;;;;;;;;0;3;;;
26/02/2017;18:05:00;434;sem vítima;384;BR-262/MG;Oeste;Saida de Pista;;;;;;;;;;1;1;;;;
26/02/2017;18:17:00;443;com vítima;382;BR-262/MG;Oeste;Saida de Pista;1;;;;;;;;;;0;3;;;
26/02/2017;18:47:00;452;sem vítima;78,2;BR-060/GO;Sul;Saida de Pista;2;;;;;;;;;;2;;;;
26/02/2017;19:18:00;464;sem vítima;405;BR-262/MG;Leste;Outros - sequências;1;;;;;;;;;;2;;;;
26/02/2017;19:53:00;475;com vítima;359;BR-262/MG;Leste;Colisão Frontal;2;;;;;;;;;;0;;4;;
26/02/2017;21:06:00;510;com vítima;776,6;BR-262/MG;Leste;Saida de Pista;1;;;;;;;;;;0;5;;;
26/02/2017;22:26:00;536;sem vítima;493;BR-153/GO;Sul;Saida de Pista;1;;;;;;;;;;2;;;;
27/02/2017;00:01:00;1;com vítima;122,2;BR-153/MG;Sul;Colisão Traseira;;;2;;;;;;;;1;;1;;
27/02/2017;01:42:00;30;com vítima;506;BR-153/GO;Norte;Queda de Moto;;;;1;;;;;;;0;;;1;
27/02/2017;03:23:00;50;sem vítima;828,826;BR-262/MG;Leste;Saida de Pista;1;;;;;;;;;;3;;;;
27/02/2017;06:46:00;87;sem vítima;484;BR-262/MG;Oeste;Colisão Traseira;1;;1;;;;;;;;6;;;;
27/02/2017;11:29:00;259;com vítima;125,305;BR-060/GO;Norte;Choque - Defensa, barreira ou "submarino";;;;;1;;;;;;3;3;;;
27/02/2017;12:34:00;308;sem vítima;529;BR-153/GO;Sul;Saida de Pista;1;;;;;;;;;;1;;;;
27/02/2017;13:40:00;346;sem vítima;508,2;BR-153/GO;Norte;Carreta deu L;;;1;;;;;;;;1;;;;
27/02/2017;14:36:00;376;sem vítima;91;BR-153/MG;Sul;Capotamento;;;;;;;;;;1;4;;;;
27/02/2017;14:36:00;378;com vítima;713;BR-262/MG;Oeste;Outros - sequências;;;1;;;;;;;;0;1;;;
27/02/2017;15:07:00;395;com vítima;114,6;BR-153/MG;Sul;Outros - sequências;1;;;;;;;;;;0;2;;;
27/02/2017;15:44:00;418;sem vítima;73;BR-060/GO;Sul;Saida de Pista;1;;;;;;;;;;1;;;;
27/02/2017;15:59:00;424;com vítima;568;BR-262/MG;Leste;Saida de Pista;;;1;;;;;;;;0;1;;;
27/02/2017;16:40:00;450;com vítima;550;BR-262/MG;Leste;Colisão Frontal;1;;1;;;;;;;;1;;1;;
27/02/2017;16:55:00;459;sem vítima;549;BR-262/MG;Leste;Saida de Pista;1;;;;;;;;;;1;;;;
27/02/2017;17:08:00;462;sem vítima;92,597;BR-060/GO;Sul;Choque - Defensa, barreira ou "submarino";1;;;;;;;;;;1;;;;
27/02/2017;17:14:00;467;com vítima;693;BR-153/GO;Sul;Saida de Pista;1;;;;;;;;;;1;1;;;
27/02/2017;18:13:00;496;com vítima;401,24;BR-262/MG;Oeste;Atropelamento - Morador;1;1;;;;;;;;;0;1;;;1
27/02/2017;19:22:00;522;com vítima;590,5;BR-262/MG;Oeste;Colisão Transversal;1;;1;;;;;;;;1;2;;;1
27/02/2017;19:30:00;524;sem vítima;549;BR-262/MG;Oeste;Saida de Pista;1;;;;;;;;;;1;;;;
28/02/2017;01:05:00;10;sem vítima;92;BR-060/GO;Norte;Saida de Pista;1;;;;;;;;;;1;;;;
28/02/2017;01:28:00;12;sem vítima;16,5;BR-060/GO;Norte;Saida de Pista;1;;;;;;;;;;4;;;;
28/02/2017;08:47:00;88;com vítima;42,3;BR-153/MG;Sul;Capotamento;;;;;;;;;;1;0;1;;;
28/02/2017;09:06:00;114;sem vítima;80,418;BR-060/GO;Sul;Tombamento;;;1;;;;;;;;1;;;;
28/02/2017;10:30:00;188;com vítima;497,324;BR-153/GO;Norte;Queda de Moto;;;;1;;1;;;;;1;2;;;
28/02/2017;10:41:00;193;com vítima;520,6;BR-153/GO;Norte;Queda de Moto;;;;1;;;;;;;0;2;;;
28/02/2017;11:17:00;212;com vítima;113,868;BR-060/GO;Sul;Capotamento;1;;;;;;;;;;0;1;;;
28/02/2017;12:01:00;233;sem vítima;172;BR-153/MG;Sul;Saida de Pista;1;;;;;;;;;;4;;;;
28/02/2017;14:58:00;341;com vítima;221,5;BR-153/MG;Sul;Queda de Moto;;;;1;;;;;;;0;1;;;
28/02/2017;16:58:00;419;sem vítima;667;BR-153/GO;Norte;Saida de Pista;1;;;;;;;;;;1;;;;
28/02/2017;18:56:00;479;com vítima;549;BR-262/MG;Leste;Saida de Pista;1;;;;;;;;;;0;5;;;
28/02/2017;21:47:00;569;com vítima;768;BR-262/MG;Oeste;Outros - sequências;1;;;;;;;;;;0;2;;;
01/03/2017;06:09:00;37;sem vítima;544;BR-153/GO;Sul;Saida de Pista;1;;;;;;;;;;2;;;;
01/03/2017;07:46:00;61;sem vítima;27,291;BR-060/DF;Norte;Capotamento;;;;;;;;;;1;2;;;;
01/03/2017;07:48:00;63;sem vítima;15;BR-153/MG;Norte;Choque - Defensa, barreira ou "submarino";1;;;;;;;;;;1;;;;
01/03/2017;09:07:00;103;sem vítima;799;BR-262/MG;Oeste;Saida de Pista;;;;;;;;;;1;1;;;;
01/03/2017;09:29:00;114;sem vítima;702;BR-153/GO;Sul;Saida de Pista;1;;;;;;;;;;2;;;;
01/03/2017;10:08:00;144;sem vítima;25;BR-153/MG;Sul;Capotamento;;;;;;;;;;1;1;;;;
01/03/2017;10:12:00;145;sem vítima;508;BR-153/GO;Sul;Choque - Defensa, barreira ou "submarino";;;1;;;;;;;;1;;;;
01/03/2017;11:29:00;185;sem vítima;842,5;BR-262/MG;Leste;Choque - Defensa, barreira ou "submarino";1;;;;;;;;;;3;;;;
01/03/2017;12:34:00;211;sem vítima;401;BR-262/MG;Oeste;Saida de Pista;1;;;;;;;;;;1;;;;
01/03/2017;12:40:00;214;com vítima;589;BR-262/MG;Leste;Choque - Defensa, barreira ou "submarino";1;;;;;;;;;;0;4;;;
01/03/2017;12:50:00;218;com vítima;401,8;BR-262/MG;Oeste;Capotamento;1;;;;;;;;;;0;1;;;
01/03/2017;13:08:00;225;sem vítima;171;BR-153/MG;Sul;Saida de Pista;;;;;;;;;;1;1;;;;
01/03/2017;13:39:00;232;com vítima;646;BR-153/GO;Norte;Outros - sequências;1;;;;;;;;;;0;3;;;
01/03/2017;14:11:00;245;com vítima;381;BR-262/MG;Oeste;Capotamento;1;;;;;;;;;;0;1;;;
01/03/2017;15:06:00;279;sem vítima;574;BR-262/MG;Leste;Saida de Pista;1;;;;;;;;;;1;;;;
01/03/2017;15:37:00;303;sem vítima;471;BR-262/MG;Oeste;Outros - sequências;;;1;;;;;;;;2;;;;
01/03/2017;16:04:00;313;com vítima;589,57;BR-262/MG;Leste;Outros - sequências;3;;;;;;;;;;1;1;1;1;
01/03/2017;16:07:00;314;com vítima;479,5;BR-262/MG;Oeste;Tombamento;;;1;;;;;;;;0;1;;;
01/03/2017;16:27:00;329;sem vítima;479;BR-262/MG;Oeste;Colisão Traseira;1;;1;;;;;;;;2;;;;
01/03/2017;17:05:00;343;sem vítima;405;BR-262/MG;Oeste;Saida de Pista;1;;;;;;;;;;1;;;;
01/03/2017;18:07:00;365;com vítima;382;BR-262/MG;Leste;Capotamento;;;;;;;;;;1;0;1;1;;
01/03/2017;18:32:00;373;sem vítima;480,8;BR-262/MG;Leste;Colisão Traseira;1;;;;;;;;;1;2;;;;
02/03/2017;00:33:00;25;sem vítima;572,8;BR-153/GO;Norte;Saida de Pista;;;1;;;;;;;;1;;;;
02/03/2017;01:09:00;46;sem vítima;443;BR-262/MG;Oeste;Colisão Lateral;1;;;;;;;;;;1;;;;
02/03/2017;07:47:00;168;sem vítima;172,4;BR-153/MG;Norte;Saida de Pista;;;;;;;;;;1;1;;;;
02/03/2017;07:54:00;172;com vítima;3,575;BR-060/DF;Sul;Queda de Moto;;;;1;;;;;;;0;1;;;
02/03/2017;10:50:00;261;sem vítima;58;BR-153/MG;Sul;Choque - Defensa, barreira ou "submarino";;;1;;;;;;;;2;;;;
02/03/2017;11:01:00;266;com vítima;93,321;BR-060/GO;Norte;Queda de Moto;;;;1;;;;;;;0;2;;;
02/03/2017;11:33:00;277;com vítima;834,456;BR-262/MG;Oeste;Outros - sequências;1;;1;;;;;;;;2;1;;;
02/03/2017;12:09:00;290;sem vítima;522;BR-262/MG;Oeste;Outros - sequências;;;;;;;;;;1;1;;;;
02/03/2017;12:11:00;291;sem vítima;490,199;BR-153/GO;Sul;Colisão Traseira;2;;;;;1;;;;;3;;;;
02/03/2017;12:20:00;296;com vítima;49,977;BR-060/GO;Sul;Saida de Pista;1;;;;;;;;;;0;2;;;
02/03/2017;12:51:00;305;sem vítima;624,832;BR-262/MG;Oeste;Outros - sequências;1;;;;;;;;;;1;;;;
02/03/2017;13:21:00;315;sem vítima;39;BR-153/MG;Norte;Saida de Pista;;;1;;;;;;;;1;;;;
02/03/2017;14:18:00;333;sem vítima;584,641;BR-262/MG;Leste;Objeto lançado contra veículo;;;1;;;1;;;;;2;;;;
02/03/2017;16:35:00;398;sem vítima;586,933;BR-262/MG;Oeste;Outros - sequências;;;1;;;;;;;1;4;;;;
02/03/2017;18:05:00;454;sem vítima;556,054;BR-262/MG;Leste;Saida de Pista;1;;;;;1;;;;;2;;;;
02/03/2017;19:34:00;491;sem vítima;668;BR-153/GO;Norte;Atropelamento de Animal;1;;;;;;;;;;1;;;;
02/03/2017;19:51:00;495;sem vítima;2;BR-060/DF;Norte;Colisão Lateral;1;;;;1;;;;;;2;;;;
02/03/2017;20:19:00;506;sem vítima;113;BR-060/GO;Norte;Queda de Ciclista;;;;1;;;;;;;2;;;;
02/03/2017;21:51:00;566;sem vítima;601;BR-262/MG;Leste;Colisão Traseira;1;;1;;;;;;;;2;;;;
03/03/2017;06:43:00;112;sem vítima;107,8;BR-060/GO;Sul;Colisão Traseira;1;;;;;;;;;1;2;;;;
03/03/2017;07:46:00;137;sem vítima;496,743;BR-153/GO;Norte;Colisão Traseira;1;;;1;;;;;;;2;;;;
03/03/2017;09:43:00;214;com vítima;536;BR-262/MG;Leste;Colisão Transversal;;;;;1;;;;;1;2;;;1;
03/03/2017;11:45:00;278;com vítima;388;BR-262/MG;Oeste;Atropelamento - Usuário;;;1;;;;;;;;1;;1;;
03/03/2017;14:22:00;369;com vítima;548;BR-262/MG;Leste;Saida de Pista;1;;;;;;;;;;0;1;;;
03/03/2017;15:00:00;392;sem vítima;116;BR-060/GO;Sul;Outros - sequências;1;;1;;;;;;;;2;;;;
03/03/2017;15:01:00;393;sem vítima;19,2;BR-060/GO;Norte;Saida de Pista;1;;;;;1;;;;;2;;;;
03/03/2017;16:30:00;428;sem vítima;21,421;BR-153/MG;Norte;Outros - sequências;1;;;;;;;;;;3;;;;
03/03/2017;17:43:00;464;com vítima;27;BR-060/DF;Norte;Saida de Pista;1;;;;;;;;;;0;1;;;
03/03/2017;17:48:00;466;sem vítima;28,549;BR-060/DF;Norte;Outros - sequências;;;;;;;;;;1;1;;;;
03/03/2017;17:52:00;467;sem vítima;12,526;BR-060/GO;Norte;Saida de Pista;1;;;;;;;;;;1;;;;
03/03/2017;20:04:00;518;sem vítima;96;BR-060/GO;Norte;Outros - sequências;2;;;;;;;;;;5;;;;
03/03/2017;20:59:00;540;sem vítima;485;BR-262/MG;Oeste;Atropelamento - Outros;1;;;;;;;;;;1;;;;
03/03/2017;22:07:00;556;com vítima;97;BR-060/GO;Norte;Outros - sequências;1;;;1;;;;;;;1;1;;;
04/03/2017;07:01:00;81;com vítima;501,542;BR-153/GO;Sul;Queda de Moto;;;;1;;;;;;;0;2;;;
04/03/2017;09:45:00;170;sem vítima;502,969;BR-153/GO;Norte;Outros - sequências;3;;;;;;;;;;3;;;;
04/03/2017;11:39:00;235;sem vítima;24;BR-153/MG;Sul;Colisão Traseira;;;1;;;;;;;1;2;;;;
04/03/2017;12:57:00;272;com vítima;575;BR-262/MG;Oeste;Outros - sequências;;;2;;;;;;;;1;1;;;
04/03/2017;16:12:00;387;sem vítima;181;BR-153/MG;Sul;Colisão Traseira;1;;1;;;;;;;;2;;;;
04/03/2017;16:41:00;405;com vítima;503,3;BR-153/GO;Sul;Queda de Moto;;;;1;;;;;;;0;1;;;
04/03/2017;19:09:00;484;sem vítima;166;BR-153/MG;Norte;Outros - sequências;1;;1;;;;;;;;5;;;;
04/03/2017;19:17:00;487;sem vítima;107;BR-060/GO;Sul;Engavetamento;1;;;;;;;;;1;2;;;;
04/03/2017;20:26:00;518;com vítima;744,199;BR-262/MG;Leste;Outros - sequências;1;;;;;;;;;;0;2;;;
04/03/2017;20:27:00;519;sem vítima;580;BR-262/MG;Oeste;Saida de Pista;1;;;;;;;;;;2;;;;
04/03/2017;21:32:00;539;sem vítima;816,612;BR-262/MG;Leste;Saida de Pista;1;;;;;;;;;;5;;;;
04/03/2017;21:54:00;545;sem vítima;12,7;BR-153/MG;Norte;Saida de Pista;;;1;;;;;;;;1;;;;
04/03/2017;23:00:00;551;sem vítima;505;BR-153/GO;Sul;Capotamento;1;;;;;;;;;;2;;;;
05/03/2017;00:29:00;5;sem vítima;699;BR-153/GO;Sul;Saida de Pista;1;;;;;;;;;;1;;;;
05/03/2017;01:00:00;13;com vítima;365;BR-262/MG;Leste;Outros - sequências;1;;;;;;;;;;0;3;;;
05/03/2017;02:50:00;28;sem vítima;859;BR-262/MG;Oeste;Saida de Pista;1;;;;;;;;;;3;;;;
05/03/2017;06:18:00;63;com vítima;76;BR-153/MG;Sul;Carreta deu L;;;1;;;;;;;;0;2;;;
05/03/2017;08:18:00;91;com vítima;574;BR-262/MG;Leste;Outros - sequências;;;1;;;1;;;;;1;2;;;
05/03/2017;09:53:00;137;com vítima;384;BR-262/MG;Oeste;Colisão Traseira;1;;;1;;;;;;;1;1;;;
05/03/2017;11:04:00;162;sem vítima;437;BR-262/MG;Oeste;Colisão Lateral;2;;;;;;;;;;2;;;;
05/03/2017;11:54:00;181;com vítima;515,1;BR-262/MG;Leste;Colisão Traseira;1;;;;;;;;;1;0;3;;;
05/03/2017;12:36:00;200;com vítima;496;BR-153/GO;Sul;Colisão Traseira;;;;1;;1;;;;;1;2;;;
05/03/2017;13:16:00;213;sem vítima;91,882;BR-060/GO;Norte;Capotamento;1;;;;;;;;;;1;;;;
05/03/2017;13:45:00;229;sem vítima;381;BR-262/MG;Oeste;Saida de Pista;1;;;;;;;;;;1;;;;
05/03/2017;14:32:00;249;com vítima;466;BR-262/MG;Leste;Queda de Moto;;;;1;;;;;;;1;1;;;
05/03/2017;14:49:00;255;sem vítima;553;BR-153/GO;Norte;Colisão Traseira;;;2;;;;;;;;2;;;;
05/03/2017;14:59:00;262;com vítima;367,2;BR-262/MG;Oeste;Outros - sequências;1;;;;;;;;;;0;1;;;
05/03/2017;17:47:00;342;com vítima;187;BR-153/MG;Sul;Outros - sequências;;;1;;;;;;;1;1;2;;;
05/03/2017;17:51:00;345;sem vítima;697;BR-153/GO;Norte;Outros - sequências;1;;;;;;;;;;1;;;;
05/03/2017;20:30:00;415;com vítima;440;BR-262/MG;Oeste;Saida de Pista;1;;;;;;;;;;0;;1;;
05/03/2017;21:23:00;436;sem vítima;798;BR-262/MG;Oeste;Colisão Traseira;1;;1;;;;;;;;2;;;;
05/03/2017;21:50:00;446;sem vítima;534,3;BR-153/GO;Sul;Saida de Pista;1;;;;;;;;;;1;;;;
06/03/2017;02:59:00;36;com vítima;114;BR-153/MG;Sul;Outros - sequências;;;1;;;;;;;;1;;1;;
06/03/2017;05:47:00;72;sem vítima;91,754;BR-060/GO;Norte;Saida de Pista;1;;;;;;;;;;1;;;;
06/03/2017;06:08:00;74;sem vítima;703,5;BR-153/GO;Norte;Colisão Lateral;;;1;;1;;;;;;2;;;;
06/03/2017;06:56:00;86;sem vítima;99;BR-060/GO;Norte;;2;;;;;;;;;;2;;;;
06/03/2017;08:17:00;125;sem vítima;500,765;BR-153/GO;Sul;Engavetamento;4;;;;;;;;;;4;;;;
06/03/2017;14:43:00;312;sem vítima;44,6;BR-060/GO;Sul;Saida de Pista;1;;;;;;;;;;5;;;;
06/03/2017;15:51:00;352;sem vítima;74;BR-060/GO;Norte;Saida de Pista;1;;;;;;;;;;1;;;;
06/03/2017;18:24:00;426;sem vítima;77;BR-153/MG;Norte;Outros - sequências;;;1;;;;;;;;1;;;;
07/03/2017;07:58:00;90;sem vítima;502,263;BR-153/GO;Norte;Queda de Moto;;;;1;;1;;;;;2;;;;
07/03/2017;08:19:00;108;sem vítima;658,272;BR-262/MG;Leste;Saida de Pista;;;1;;;;;;;;1;;;;
07/03/2017;10:07:00;197;sem vítima;2,8;BR-060/DF;Sul;Colisão Traseira;1;;;;;1;;;;1;3;;;;
07/03/2017;13:06:00;304;com vítima;94,837;BR-060/GO;Norte;Outros - sequências;1;;1;;;;;;;;1;;1;2;
07/03/2017;14:36:00;351;sem vítima;95;BR-060/GO;Norte;Colisão Traseira;1;;;;;;;;;1;2;;;;
07/03/2017;14:42:00;355;sem vítima;514;BR-153/GO;Norte;Colisão Transversal;2;;;;;;;;;;2;;;;
07/03/2017;15:14:00;374;sem vítima;100;BR-153/MG;Sul;Saida de Pista;;;1;;;;;;;;1;;;;
07/03/2017;19:52:00;549;sem vítima;762,088;BR-262/MG;Leste;Outros - sequências;1;;;;;;;;;;1;;;;
08/03/2017;07:21:00;116;sem vítima;501;BR-153/GO;Norte;Engavetamento;3;;;;;1;;;;;4;;;;
08/03/2017;07:38:00;127;sem vítima;12,783;BR-060/GO;Norte;Colisão Traseira;1;;;;;1;;;;;2;;;;
08/03/2017;10:41:00;267;sem vítima;589,3;BR-262/MG;Leste;Saida de Pista;1;;;;;;;;;;1;;;;
08/03/2017;10:55:00;278;com vítima;519;BR-262/MG;Leste;Saida de Pista;;;1;;;;;;;;0;1;;;
08/03/2017;11:18:00;294;sem vítima;596;BR-262/MG;Leste;Capotamento;1;;;;;;;;;;1;;;;
08/03/2017;11:59:00;323;sem vítima;594;BR-262/MG;Leste;Queda de Ciclista;;;;1;;;;;;;2;;;;
08/03/2017;12:39:00;342;sem vítima;574,3;BR-262/MG;Oeste;Outros - sequências;1;;;;;;;;;;1;;;;
08/03/2017;13:29:00;364;com vítima;464,708;BR-262/MG;Oeste;Outros - sequências;1;;;;;;;;;;2;1;;;
08/03/2017;15:09:00;418;sem vítima;121,1;BR-153/MG;Sul;Saida de Pista;;;1;;;1;;;;;2;;;;
08/03/2017;15:24:00;427;sem vítima;400,604;BR-262/MG;Leste;Outros - sequências;1;;;;;;;;;;2;;;;
08/03/2017;16:02:00;452;sem vítima;126;BR-060/GO;Norte;Saida de Pista;1;;;;;;;;;;1;;;;
08/03/2017;16:28:00;467;sem vítima;380,503;BR-262/MG;Leste;Outros - sequências;1;;;;;;;;;;2;;;;
08/03/2017;16:36:00;472;sem vítima;645;BR-153/GO;Norte;Saida de Pista;;;1;;;1;;;;;2;;;;
08/03/2017;17:29:00;501;sem vítima;358;BR-262/MG;Leste;Outros - sequências;1;;;;;;;;;;1;;;;
08/03/2017;19:54:00;567;com vítima;98;BR-153/MG;Norte;Outros - sequências;1;;1;;;;;;;;1;;;;1
08/03/2017;21:55:00;606;com vítima;103;BR-060/GO;Sul;Capotamento;1;;;;;;;;;;0;;1;;
08/03/2017;23:32:00;634;sem vítima;77;BR-153/MG;Sul;Colisão Traseira;;;2;;;;;;;;2;;;;
09/03/2017;08:04:00;98;com vítima;496,033;BR-153/GO;Norte;Outros - sequências;1;;;1;;1;;;;;1;2;;;
09/03/2017;10:04:00;187;sem vítima;494,5;BR-153/GO;Sul;Engavetamento;2;;;;;1;;;;;3;;;;
09/03/2017;10:46:00;219;sem vítima;361;BR-262/MG;Oeste;Choque - Defensa, barreira ou "submarino";;;1;;;1;;;;;2;;;;
09/03/2017;10:48:00;221;sem vítima;36;BR-060/GO;Norte;Colisão Traseira;1;;1;;;;;;;;2;;;;
09/03/2017;11:09:00;237;sem vítima;593;BR-153/GO;Norte;Saida de Pista;1;;;;;;;;;;1;;;;
09/03/2017;17:39:00;469;sem vítima;667,6;BR-262/MG;Leste;Saida de Pista;1;;;;;;;;;;5;;;;
09/03/2017;17:50:00;472;sem vítima;557,3;BR-153/GO;Sul;Outros - sequências;1;;;;;;;;;;1;;;;
09/03/2017;18:13:00;482;sem vítima;2;BR-060/GO;Norte;Outros - sequências;1;;;;;;;;;;1;;;;
09/03/2017;18:27:00;492;sem vítima;49,5;BR-060/GO;Sul;Colisão Lateral;;;2;;;;;;;;2;;;;
09/03/2017;18:32:00;495;sem vítima;503;BR-153/GO;Norte;Colisão Traseira;1;;;;;1;;;;;2;;;;
09/03/2017;19:13:00;511;sem vítima;501,355;BR-153/GO;Sul;Colisão Traseira;2;;;;;;;;;;2;;;;
09/03/2017;19:30:00;519;com vítima;493,5;BR-153/GO;Norte;Queda de Moto;;;;1;;;;;;;0;1;;;
09/03/2017;21:56:00;570;sem vítima;134;BR-060/GO;Sul;Saida de Pista;;;1;;;;;;;;1;;;;
09/03/2017;23:05:00;591;com vítima;106;BR-060/GO;Sul;Queda de Moto;;;;1;;;;;;;0;1;;;
10/03/2017;06:27:00;62;com vítima;356;BR-262/MG;Leste;Outros - sequências;1;;;;;;;;;;0;1;;;
10/03/2017;06:38:00;65;sem vítima;482;BR-262/MG;Leste;Colisão Traseira;;;2;;;;;;;;2;;;;
10/03/2017;10:09:00;168;sem vítima;827;BR-262/MG;Leste;Tombamento;;;1;;;;;;;;1;;;;
10/03/2017;11:37:00;213;com vítima;555,699;BR-262/MG;Oeste;Colisão Transversal;;;2;;;;;;;;1;;;;1
10/03/2017;12:08:00;228;com vítima;18,156;BR-060/GO;Sul;Outros - sequências;2;;;;;;;;;;2;1;;;
10/03/2017;12:09:00;229;sem vítima;106;BR-153/MG;Norte;Colisão Transversal;1;;1;;;;;;;;2;;;;
10/03/2017;12:59:00;256;sem vítima;96,166;BR-060/GO;Sul;Colisão Lateral;2;;;;;;;;;;2;;;;
10/03/2017;16:01:00;347;sem vítima;27;BR-060/GO;Sul;Outros - sequências;1;;;;;;;;;;1;;;;
10/03/2017;17:56:00;428;sem vítima;97,139;BR-060/GO;Norte;Engavetamento;2;;;1;;1;;;;;4;;;;
10/03/2017;17:56:00;429;com vítima;24,43;BR-060/GO;Sul;Outros - sequências;;;1;;;;;;;;0;1;1;;
10/03/2017;18:04:00;432;sem vítima;18,462;BR-060/GO;Norte;Outros - sequências;1;;;;;;;;;;1;;;;
10/03/2017;18:15:00;444;sem vítima;3;BR-060/DF;Sul;Saida de Pista;1;;;;;;;;;;1;;;;
10/03/2017;20:40:00;507;sem vítima;96,5;BR-060/GO;Norte;Outros - sequências;1;;;;;;;;;;1;;;;
10/03/2017;20:56:00;516;com vítima;150;BR-153/MG;Norte;Saida de Pista;1;;;;;;;;;;0;1;;;
10/03/2017;21:10:00;521;com vítima;502,952;BR-153/GO;Sul;Colisão Traseira;1;;;1;;;;;;;1;1;;;
10/03/2017;23:24:00;578;com vítima;815;BR-262/MG;Oeste;Capotamento;1;;;;;;;;;;0;2;;;
11/03/2017;04:15:00;49;sem vítima;442;BR-262/MG;Oeste;Saida de Pista;1;;;;;;;;;;1;;;;
11/03/2017;06:34:00;73;sem vítima;554,642;BR-262/MG;Leste;Capotamento;;;1;;;;;;;;1;;;;
11/03/2017;08:25:00;126;com vítima;482;BR-262/MG;Oeste;Capotamento;1;;;;;;;;;;0;1;1;;
11/03/2017;09:13:00;160;sem vítima;530;BR-153/GO;Norte;Colisão Lateral;2;;;;;;;;;;7;;;;
11/03/2017;10:08:00;209;com vítima;803;BR-262/MG;Leste;Queda de Moto;;;;1;;;;;;;0;1;;;
11/03/2017;10:12:00;215;com vítima;376,8;BR-262/MG;Leste;Queda de Ciclista;;2;;;;;;;;;0;1;1;;
11/03/2017;11:43:00;269;com vítima;137,077;BR-060/GO;Sul;Colisão Frontal;2;;;;;;;;;;1;;1;1;
11/03/2017;12:35:00;292;com vítima;496,865;BR-153/GO;Sul;Queda de Moto;;;;1;;;;;;;0;1;1;;
11/03/2017;14:21:00;349;sem vítima;360,378;BR-262/MG;Leste;Choque - Defensa, barreira ou "submarino";1;;;;;;;;;;2;;;;
11/03/2017;14:28:00;355;sem vítima;96,853;BR-060/GO;Norte;Outros - sequências;3;;;;;;;;;;7;;;;
11/03/2017;15:07:00;372;sem vítima;541;BR-153/GO;Sul;Saida de Pista;;;;;1;;;;;;1;;;;
11/03/2017;23:31:00;582;com vítima;57;BR-060/GO;Norte;Queda de Moto;;;;1;;;;;;;0;1;;;
12/03/2017;03:48:00;35;sem vítima;380,207;BR-262/MG;Leste;Capotamento;1;;;;;;;;;;2;;;;
12/03/2017;05:24:00;50;sem vítima;800,457;BR-262/MG;Leste;Saida de Pista;1;;;;;;;;;;5;;;;
12/03/2017;05:58:00;53;com vítima;507;BR-153/GO;Sul;Queda de Moto;;;;1;;;;;;;0;1;;;
12/03/2017;07:59:00;140;com vítima;43,162;BR-060/GO;Norte;Queda de Moto;;;;1;;;;;;;0;;1;;
12/03/2017;09:41:00;211;sem vítima;44,34;BR-153/MG;Sul;Queda de Moto;;;;1;;;;;;;1;;;;
12/03/2017;10:09:00;250;com vítima;614;BR-153/GO;Sul;Saida de Pista;1;;;;;;;;;;0;1;;;
12/03/2017;12:49:00;346;com vítima;96,114;BR-060/GO;Sul;Colisão Transversal;1;;;;;;;;;1;1;;;1;
12/03/2017;13:59:00;374;sem vítima;11;BR-060/DF;Sul;Saida de Pista;1;;;;;;;;;;3;;;;