data;horario;n_da_ocorrencia;tipo_de_ocorrencia;km;trecho;sentido;tipo_de_acidente;automovel;bicicleta;caminhao;moto;onibus;outros;tracao_animal;transporte_de_cargas_especiais;trator_maquinas;utilitarios;ilesos;levemente_feridos;moderadamente_feridos;gravemente_feridos;mortos
12/03/2017;15:32:00;425;com vítima;592;BR-153/GO;Sul;Queda de Ciclista;;;;1;;;;;;;1;1;;;
12/03/2017;16:16:00;455;sem vítima;90;BR-060/GO;Sul;Colisão Traseira;2;;;;;;;;;;2;;;;
12/03/2017;16:38:00;467;sem vítima;667,5;BR-153/GO;Sul;Saida de Pista;;;;;;1;;;;1;2;;;;
12/03/2017;16:46:00;471;com vítima;496;BR-153/GO;Sul;Colisão Lateral;1;;;1;;;;;;;1;1;;;
12/03/2017;18:06:00;540;sem vítima;52;BR-153/MG;Sul;Saida de Pista;1;;;;;;;;;;1;;;;
12/03/2017;19:27:00;589;sem vítima;106;BR-060/GO;Norte;Saida de Pista;;;;;;;;;;1;1;;;;
12/03/2017;19:50:00;600;com vítima;60,1;BR-153/MG;Sul;Outros - sequências;1;;;;;1;;;;1;1;4;;;
12/03/2017;20:21:00;621;com vítima;447,091;BR-262/MG;Leste;Outros - sequências;1;;;;;;;;;;0;2;;;
12/03/2017;22:24:00;668;com vítima;506;BR-153/GO;Sul;Queda de Moto;;;;1;;;;;;;0;2;;;
12/03/2017;23:57:00;688;com vítima;44,7;BR-153/MG;Sul;Outros - sequências;1;;;;;;;;;;0;;;1;
13/03/2017;02:07:00;26;com vítima;14,6;BR-060/GO;Sul;Outros - sequências;;;;1;;;;;;;0;1;;;
13/03/2017;02:48:00;28;sem vítima;639,9;BR-153/GO;Norte;Choque - Outros;1;;;;;;;;;;4;;;;
13/03/2017;06:44:00;53;sem vítima;67,779;BR-060/GO;Norte;Colisão Traseira;;;1;;;1;;;;;2;;;;
13/03/2017;11:08:00;224;com vítima;408;BR-262/MG;Leste;Capotamento;1;;;;;;;;;;0;1;;;
13/03/2017;11:35:00;240;com vítima;631,323;BR-153/GO;Sul;Outros - sequências;1;;1;;;;;;;1;2;3;;;
13/03/2017;12:01:00;253;sem vítima;500,1;BR-153/GO;Sul;Colisão Traseira;2;;;;;;;;;;2;;;;
13/03/2017;11:40:00;265;sem vítima;631;BR-153/GO;Sul;Colisão Traseira;2;;;;;;;;;;3;;;;
13/03/2017;13:57:00;299;com vítima;28;BR-060/DF;Sul;Capotamento;1;;;;;;;;;;0;1;2;;
13/03/2017;18:33:00;478;sem vítima;372;BR-262/MG;Oeste;Choque - Suporte de Sinalização;1;;1;;;;;;;;2;;;;
13/03/2017;18:49:00;494;sem vítima;97;BR-060/GO;Norte;Saida de Pista;1;;;;;;;;;;1;;;;
13/03/2017;18:54:00;503;sem vítima;490;BR-153/GO;Sul;Colisão Traseira;2;;;;;;;;;;2;;;;
13/03/2017;19:47:00;524;com vítima;28,8;BR-060/GO;Sul;Colisão Traseira;;;1;;;;;;;1;2;1;;;
14/03/2017;09:01:00;169;com vítima;506;BR-153/GO;Sul;Outros - sequências;2;;;;;;;;;;0;1;1;;
14/03/2017;09:14:00;181;sem vítima;2,6;BR-060/DF;Sul;Outros - sequências;2;;;;;;;;;;2;;;;
14/03/2017;10:04:00;219;sem vítima;77;BR-153/MG;Norte;Outros - sequências;;;2;;;;;;;;2;;;;
14/03/2017;11:11:00;258;sem vítima;585;BR-153/GO;Sul;Saida de Pista;1;;;;;;;;;;1;;;;
14/03/2017;14:15:00;344;com vítima;12,969;BR-153/MG;Sul;Choque - Veiculo parado na pista;1;;1;;;;;;;;1;;1;;
14/03/2017;14:52:00;367;sem vítima;113;BR-060/GO;Sul;Colisão Lateral;;;2;;;;;;;;2;;;;
14/03/2017;17:49:00;471;sem vítima;539;BR-262/MG;Oeste;Colisão Traseira;1;;1;;;;;;;;2;;;;
14/03/2017;18:45:00;507;sem vítima;508;BR-153/GO;Norte;Colisão Traseira;2;;;;;;;;;;2;;;;
14/03/2017;21:07:00;555;sem vítima;22;BR-060/DF;Norte;Saida de Pista;1;;;;;;;;;;2;;;;
14/03/2017;23:48:00;584;com vítima;624;BR-153/GO;Sul;Colisão Traseira;;;1;;;;;;;1;1;;1;;
15/03/2017;09:50:00;226;sem vítima;110,974;BR-060/GO;Sul;Atropelamento de Animal;1;;;;;;;;;;5;;;;
15/03/2017;12:29:00;344;sem vítima;4,5;BR-060/DF;Sul;Colisão Traseira;1;;;;1;;;;;;2;;;;
15/03/2017;13:35:00;367;com vítima;713,859;BR-262/MG;Oeste;Colisão Traseira;2;;;;;;;;;;1;1;;;
15/03/2017;14:23:00;396;sem vítima;67,241;BR-060/GO;Sul;Outros - sequências;1;;;;;;;;;;1;;;;
15/03/2017;14:37:00;401;sem vítima;100,256;BR-060/GO;Norte;Saida de Pista;1;;;;;;;;;;1;;;;
15/03/2017;14:39:00;402;com vítima;240;BR-153/MG;Sul;Outros - sequências;1;;1;;;;;;;;1;1;;;
15/03/2017;14:42:00;404;sem vítima;82,156;BR-060/GO;Norte;Saida de Pista;1;;;;;;;;;;1;;;;
15/03/2017;15:09:00;419;sem vítima;65;BR-153/MG;Norte;Colisão Lateral;1;;1;;;;;;;;2;;;;
15/03/2017;15:18:00;427;sem vítima;100,412;BR-060/GO;Norte;Saida de Pista;;;1;;;;;;;;1;;;;
15/03/2017;16:00:00;451;sem vítima;527;BR-153/GO;Sul;Saida de Pista;1;;;;;;;;;;1;;;;
15/03/2017;18:29:00;538;sem vítima;93;BR-153/MG;Sul;Outros - sequências;;;1;;;;;;;;1;;;;
15/03/2017;18:31:00;539;sem vítima;658;BR-153/GO;Sul;Outros - sequências;1;;;;;;;;;;1;;;;
15/03/2017;19:14:00;558;com vítima;442,955;BR-262/MG;Leste;Atropelamento - Morador;;;;1;;;;;;;0;1;1;;1
15/03/2017;21:55:00;620;com vítima;370,826;BR-262/MG;Leste;Outros - sequências;;;;1;;1;;;;;1;;;1;
15/03/2017;22:03:00;621;com vítima;148;BR-153/MG;Sul;Colisão Transversal;2;;;;;;;;;;1;1;;;1
15/03/2017;22:55:00;637;com vítima;548;BR-153/GO;Norte;Colisão Traseira;;;2;;;;;;;;1;1;;;
16/03/2017;08:09:00;132;sem vítima;502,027;BR-153/GO;Sul;Queda de Moto;;;;1;;;;;;;1;;;;
16/03/2017;08:27:00;143;sem vítima;615;BR-262/MG;Leste;Colisão Traseira;;;2;;;;;;;;2;;;;
16/03/2017;14:48:00;378;sem vítima;23,05;BR-060/DF;Sul;Outros - sequências;1;;;;;;;;;;2;;;;
16/03/2017;14:58:00;387;sem vítima;23,71;BR-060/DF;Sul;Saida de Pista;1;;;;;;;;;;1;;;;
16/03/2017;15:41:00;417;com vítima;55,691;BR-060/GO;Sul;Outros - sequências;1;;;;;;;;;;0;1;;;
16/03/2017;16:34:00;457;sem vítima;510;BR-153/GO;Sul;Colisão Lateral;;;;1;;1;;;;;2;;;;
16/03/2017;16:55:00;467;com vítima;677,962;BR-262/MG;Oeste;Colisão Lateral;1;;;;;;;;;1;4;1;;;
16/03/2017;18:00:00;500;com vítima;751,652;BR-262/MG;Oeste;Outros - sequências;;;4;;;;;;;;0;3;;;1
17/03/2017;00:55:00;7;sem vítima;756;BR-262/MG;Leste;Colisão Traseira;;;2;;;;;;;;2;;;;
17/03/2017;01:53:00;22;sem vítima;623;BR-153/GO;Norte;Colisão Lateral;;;1;;1;;;;;;2;;;;
17/03/2017;08:04:00;106;sem vítima;33;BR-153/MG;Norte;Saida de Pista;1;;;;;;;;;1;2;;;;
17/03/2017;09:31:00;168;sem vítima;183,05;BR-153/MG;Sul;Saida de Pista;;;1;;;;;;;;1;;;;
17/03/2017;12:46:00;276;com vítima;28;BR-060/DF;Sul;Saida de Pista;1;;;;;;;;;;0;1;;;
17/03/2017;13:30:00;289;sem vítima;508,811;BR-262/MG;Leste;Queda de Moto;;;;1;;;;;;;1;;;;
17/03/2017;15:31:00;346;com vítima;590,095;BR-262/MG;Oeste;Outros - sequências;1;;;;;;;;;;0;2;1;;
17/03/2017;15:43:00;354;com vítima;99,638;BR-060/GO;Sul;Queda de Moto;;;;1;;;;;;;0;1;;;
17/03/2017;17:29:00;418;sem vítima;66;BR-060/GO;Norte;Outros - sequências;1;;;;;;;;;;1;;;;
17/03/2017;17:35:00;421;sem vítima;507;BR-153/GO;Norte;Choque - Veiculo parado na pista;1;;1;;;;;;;;2;;;;
17/03/2017;18:13:00;441;sem vítima;496,1;BR-153/GO;Sul;Outros - sequências;1;;1;;;;;;;;2;;;;
17/03/2017;20:10:00;492;com vítima;67,664;BR-060/GO;Norte;Outros - sequências;;;;;;1;;;;1;1;1;;;
17/03/2017;20:24:00;501;sem vítima;446;BR-262/MG;Oeste;Colisão Traseira;1;;1;;;;;;;;2;;;;
17/03/2017;23:04:00;558;sem vítima;501;BR-153/GO;Sul;Saida de Pista;1;;;;;;;;;;1;;;;
17/03/2017;23:46:00;564;com vítima;520,5;BR-153/GO;Norte;Saida de Pista;1;;;;;;;;;;1;3;;;
18/03/2017;06:19:00;66;com vítima;440;BR-262/MG;Leste;Queda de Ciclista;;1;;;;;;;;;0;1;;;
18/03/2017;06:48:00;81;com vítima;804;BR-262/MG;Leste;Colisão Traseira;2;;;;;1;;;;;2;1;;;
18/03/2017;07:28:00;96;com vítima;504,128;BR-153/GO;Sul;Outros - sequências;1;;1;1;;;;;;;2;1;;;
18/03/2017;07:55:00;109;com vítima;508,05;BR-153/GO;Sul;Capotamento;1;;;;;;;;;;0;1;;;
18/03/2017;09:18:00;162;sem vítima;125;BR-060/GO;Norte;Choque - Defensa, barreira ou "submarino";1;;;;;;;;;;1;;;;
18/03/2017;09:40:00;175;sem vítima;628;BR-153/GO;Norte;Saida de Pista;1;;;;;;;;;;1;;;;
18/03/2017;13:12:00;268;sem vítima;93,5;BR-153/MG;Sul;Saida de Pista;;;;;;;;;;1;3;;;;
18/03/2017;13:43:00;283;sem vítima;451;BR-262/MG;Leste;Colisão Traseira;1;;;;;1;;;;;5;;;;
18/03/2017;16:03:00;344;com vítima;377,2;BR-262/MG;Oeste;Queda de Ciclista;;1;;;;1;;;;;1;1;;;
18/03/2017;18:11:00;403;sem vítima;695;BR-153/GO;Sul;Outros - sequências;1;;1;;;;;;;;2;;;;
18/03/2017;18:21:00;409;com vítima;96,846;BR-060/GO;Norte;Colisão Traseira;2;;;;;;;;;;1;1;;;
18/03/2017;20:46:00;450;sem vítima;58;BR-153/MG;Sul;Carreta deu L;;;1;;;;;;;;2;;;;
18/03/2017;22:36:00;494;sem vítima;112;BR-060/GO;Sul;Saida de Pista;1;;;;;;;;;;1;;;;
18/03/2017;22:41:00;495;sem vítima;101;BR-060/GO;Sul;Colisão Traseira;2;;;;;;;;;;2;;;;
18/03/2017;23:29:00;506;sem vítima;425;BR-262/MG;Leste;Saida de Pista;1;;;;;;;;;;1;;;;
19/03/2017;01:36:00;26;com vítima;368;BR-262/MG;Leste;Saida de Pista;1;;;;;;;;;;0;1;;;
19/03/2017;06:34:00;62;sem vítima;382;BR-262/MG;Oeste;Saida de Pista;;;;;;;;;;1;2;;;;
19/03/2017;08:37:00;104;sem vítima;382;BR-262/MG;Oeste;Saida de Pista;1;;;;;;;;;;3;;;;
19/03/2017;09:25:00;130;com vítima;101,401;BR-060/GO;Sul;Colisão Lateral;1;;;1;;;;;;;1;1;;;
19/03/2017;10:31:00;175;com vítima;0,5;BR-060/GO;Sul;Outros - sequências;2;;;1;;;;;;;3;1;;;
19/03/2017;11:35:00;208;com vítima;575;BR-153/GO;Norte;Capotamento;;;;;;;;;;1;0;;;1;
19/03/2017;12:32:00;241;com vítima;100,13;BR-060/GO;Norte;Capotamento;;;;;;;;;;1;0;1;;;
19/03/2017;12:38:00;246;com vítima;503,347;BR-262/MG;Leste;Colisão Frontal;1;;;;;1;;;;;1;1;;;
19/03/2017;14:36:00;311;sem vítima;382;BR-262/MG;Oeste;Saida de Pista;1;;;;;;;;;;1;;;;
19/03/2017;14:50:00;320;sem vítima;82;BR-060/GO;Norte;Saida de Pista;1;;;;;;;;;;3;;;;
19/03/2017;15:33:00;348;sem vítima;592;BR-153/GO;Sul;Outros - sequências;1;;;;;;;;;;3;;;;
19/03/2017;15:44:00;354;sem vítima;580,5;BR-153/GO;Norte;Outros - sequências;1;;;;;;;;;;1;;;;
19/03/2017;15:47:00;357;sem vítima;592,9;BR-153/GO;Norte;Outros - sequências;1;;;;;;;;;;5;;;;
19/03/2017;16:23:00;380;sem vítima;76;BR-153/MG;Sul;Queda de Ciclista;;;;1;;;;;;;1;;;;
19/03/2017;17:56:00;452;sem vítima;608;BR-262/MG;Leste;Saida de Pista;1;;;;;;;;;;1;;;;
19/03/2017;19:17:00;492;com vítima;39;BR-060/GO;Norte;Saida de Pista;1;;;;;;;;;;5;1;;;
19/03/2017;19:41:00;504;com vítima;605;BR-153/GO;Norte;Outros - sequências;;;1;;;;;;;;0;1;;;
19/03/2017;20:42:00;526;sem vítima;93;BR-060/GO;Norte;Colisão Traseira;2;;;;;;;;;;2;;;;
19/03/2017;20:51:00;532;com vítima;195;BR-153/MG;Sul;Colisão Frontal;1;;1;;;;;;;;0;1;;;3
19/03/2017;20:55:00;533;com vítima;639,8;BR-153/GO;Sul;Saida de Pista;1;;;;;;;;;;1;1;1;;
19/03/2017;22:42:00;563;sem vítima;446,5;BR-262/MG;Oeste;Atropelamento de Animal;1;;;;;;;;;;1;;;;
20/03/2017;00:21:00;3;com vítima;584,5;BR-153/GO;Sul;Choque - Talude;1;;;;;;;;;;1;1;;;
20/03/2017;01:01:00;16;sem vítima;106;BR-060/GO;Sul;Saida de Pista;1;;;;;;;;;;1;;;;
20/03/2017;02:16:00;37;sem vítima;39;BR-153/MG;Sul;Saida de Pista;1;;;;;;;;;;2;;;;
20/03/2017;06:28:00;73;sem vítima;385;BR-262/MG;Leste;Saida de Pista;1;;;;;;;;;;1;;;;
20/03/2017;07:31:00;93;sem vítima;512,78;BR-153/GO;Norte;Choque - Defensa, barreira ou "submarino";1;;;;;;;;;;1;;;;
20/03/2017;08:01:00;108;sem vítima;736;BR-262/MG;Leste;Colisão Lateral;2;;;;;;;;;;2;;;;
20/03/2017;08:58:00;148;sem vítima;629,913;BR-262/MG;Oeste;Capotamento;;;1;;;;;;;;1;;;;
20/03/2017;13:27:00;302;com vítima;422,1;BR-262/MG;Oeste;Queda de Moto;;;;1;;;;;;;0;1;;;
20/03/2017;13:27:00;303;com vítima;502;BR-153/GO;Norte;Colisão Traseira;;;;1;;;;;;1;1;;1;;
20/03/2017;16:17:00;387;sem vítima;726;BR-262/MG;Oeste;Saida de Pista;1;;;;;;;;;;2;;;;
20/03/2017;17:30:00;433;com vítima;548;BR-262/MG;Oeste;Outros - sequências;;;2;;;;;;;;0;3;;;
20/03/2017;19:40:00;501;sem vítima;475;BR-262/MG;Leste;Colisão Lateral;;;;;;1;;;;1;2;;;;
20/03/2017;21:59:00;543;sem vítima;501;BR-153/GO;Norte;Queda de Moto;;;;1;;;;;;;1;;;;
21/03/2017;00:12:00;3;com vítima;580;BR-262/MG;Oeste;Outros - sequências;;;1;;;;;;;;0;1;;;
21/03/2017;00:14:00;4;sem vítima;77;BR-153/MG;Sul;Colisão Traseira;1;;1;;;;;;;;2;;;;
21/03/2017;06:01:00;42;sem vítima;10;BR-060/GO;Norte;Tombamento;;;1;;;;;;;;1;;;;
21/03/2017;06:27:00;52;sem vítima;506;BR-153/GO;Sul;Colisão Traseira;1;;1;;;;;;;;2;;;;
21/03/2017;07:07:00;57;sem vítima;506;BR-153/GO;Norte;Colisão Traseira;2;;;;;;;;;;2;;;;
21/03/2017;08:31:00;110;com vítima;505;BR-153/GO;Sul;Colisão Lateral;1;;;1;;;;;;;1;1;;;
21/03/2017;08:47:00;125;sem vítima;689,949;BR-262/MG;Oeste;Colisão Lateral;;;2;;;;;;;;2;;;;
21/03/2017;08:48:00;126;com vítima;6;BR-060/DF;Sul;Capotamento;1;;;;;;;;;;0;1;;;
21/03/2017;11:09:00;224;com vítima;511,2;BR-153/GO;Norte;Queda de Moto;;;;1;;;;;;;0;1;;;
21/03/2017;12:23:00;267;com vítima;553;BR-262/MG;Leste;Saida de Pista;;;1;;;;;;;;0;1;;;
21/03/2017;12:46:00;279;com vítima;703;BR-153/GO;Norte;Colisão Traseira;1;;1;;;;;;;;1;1;;;
21/03/2017;14:37:00;332;sem vítima;82,5;BR-060/GO;Norte;Saida de Pista;1;;;;;;;;;;1;;;;
21/03/2017;15:45:00;387;com vítima;91,5;BR-153/MG;Sul;Outros - sequências;;;1;;;;;;;;0;3;;;
21/03/2017;17:00:00;424;sem vítima;413;BR-262/MG;Leste;Colisão Traseira;2;;;;;;;;;;2;;;;
21/03/2017;17:33:00;435;sem vítima;21;BR-153/MG;Sul;Outros - sequências;;;2;;;;;;;;2;;;;
21/03/2017;20:20:00;510;com vítima;98;BR-060/GO;Sul;Colisão Traseira;1;;1;;;;;;;;1;;;1;
21/03/2017;20:47:00;521;sem vítima;78;BR-060/GO;Norte;Capotamento;1;;;;;;;;;;1;;;;
21/03/2017;21:38:00;527;sem vítima;5;BR-060/DF;Norte;Outros - sequências;1;;;;;;;;;;1;;;;
21/03/2017;21:44:00;534;com vítima;5,2;BR-060/DF;Norte;Outros - sequências;2;;;;;;;;;;0;2;;;
22/03/2017;00:37:00;13;com vítima;57;BR-153/MG;Norte;Colisão Traseira;;;2;;;;;;;;0;1;;1;
22/03/2017;11:20:00;207;com vítima;132;BR-153/MG;Sul;Colisão Frontal;;;1;;;;;;;1;1;;1;;
22/03/2017;16:57:00;392;com vítima;773,5;BR-262/MG;Oeste;Queda de Ciclista;;;;1;;;;;;;0;1;;;
22/03/2017;18:09:00;433;com vítima;475;BR-262/MG;Oeste;Engavetamento;2;;2;;;;;;;;2;2;;;
22/03/2017;18:30:00;443;sem vítima;531;BR-153/GO;Norte;Colisão Traseira;1;;;1;;;;;;;2;;;;
22/03/2017;21:51:00;524;com vítima;903;BR-262/MG;Oeste;Queda de Moto;;;;1;;;;;;;0;1;;;
22/03/2017;22:34:00;535;sem vítima;525;BR-153/GO;Norte;Saida de Pista;1;;;;;;;;;;1;;;;
23/03/2017;05:23:00;48;com vítima;603,7;BR-153/GO;Norte;Colisão Traseira;;;1;;1;;;;;;0;6;1;1;2
23/03/2017;09:04:00;146;com vítima;15,606;BR-060/GO;Norte;Saida de Pista;1;;;;;1;;;;;1;1;;;
23/03/2017;11:48:00;249;com vítima;498,68;BR-153/GO;Sul;Colisão Traseira;1;;;1;;1;;;;;1;1;;;1
23/03/2017;12:28:00;262;com vítima;621;BR-153/GO;Sul;Outros - sequências;1;;1;;;;;;;;1;2;;;
23/03/2017;12:39:00;273;com vítima;96,2;BR-060/GO;Sul;Queda de Moto;;;;1;;;;;;;1;1;;;
23/03/2017;17:29:00;422;sem vítima;5;BR-060/DF;Sul;Colisão Traseira;2;;;;;;;;;;2;;;;
23/03/2017;17:36:00;428;com vítima;94;BR-060/GO;Norte;Colisão Traseira;3;;;;;;;;;;3;1;;;
23/03/2017;19:00:00;466;sem vítima;100;BR-060/GO;Norte;Colisão Lateral;1;;1;;;;;;;;2;;;;
23/03/2017;19:01:00;467;sem vítima;600,8;BR-262/MG;Oeste;Choque - Veiculo parado na pista;1;;1;;;;;;;;2;;;;
24/03/2017;04:36:00;49;com vítima;114;BR-060/GO;Sul;Tombamento;;;2;;;;;;;;1;1;;;
24/03/2017;04:59:00;56;com vítima;632;BR-262/MG;Oeste;Tombamento;;;1;;;;;;;;0;1;;;
24/03/2017;05:42:00;62;com vítima;504;BR-153/GO;Norte;Queda de Moto;;;;1;;;;;;;0;1;;;
24/03/2017;08:43:00;142;sem vítima;839;BR-262/MG;Leste;Colisão Traseira;1;;;;;;;;;1;2;;;;
24/03/2017;10:57:00;237;com vítima;93,725;BR-060/GO;Norte;Queda de Moto;;;;1;;;;;;;0;1;;;
24/03/2017;11:09:00;252;com vítima;107,811;BR-060/GO;Sul;Engavetamento;3;;;;;;;;;;3;1;;;
24/03/2017;11:18:00;255;com vítima;4,693;BR-060/DF;Sul;Colisão Traseira;1;;;1;;;;;;;0;2;;;
24/03/2017;11:42:00;271;sem vítima;515,077;BR-153/GO;Norte;Choque - Defensa, barreira ou "submarino";1;;;;;;;;;;1;;;;
24/03/2017;12:23:00;292;com vítima;61,5;BR-060/GO;Sul;Colisão Traseira;2;;;;;;;;;;2;1;;;
24/03/2017;13:01:00;313;com vítima;10;BR-060/DF;Norte;Outros - sequências;2;;;;;;;;;;1;4;;;
24/03/2017;14:38:00;357;sem vítima;114;BR-060/GO;Norte;Saida de Pista;;;1;;;;;;;;1;;;;
24/03/2017;17:21:00;461;sem vítima;508;BR-153/GO;Norte;Colisão Traseira;2;;;;;;;;;;2;;;;
24/03/2017;18:16:00;497;sem vítima;404,694;BR-262/MG;Oeste;Outros - sequências;1;;;;;1;;;;;2;;;;
24/03/2017;19:11:00;522;com vítima;93;BR-060/GO;Norte;Colisão Frontal;2;;;;;;;;;;1;2;;;
24/03/2017;19:20:00;525;sem vítima;612,2;BR-153/GO;Norte;Colisão Traseira;1;;1;;;;;;;;2;;;;
24/03/2017;19:31:00;530;sem vítima;5;BR-060/DF;Sul;Colisão Lateral;;;;1;;1;;;;;2;;;;
24/03/2017;20:16:00;550;sem vítima;694,761;BR-153/GO;Norte;Choque - Objeto sobre a pista;;;2;;;;;;;;2;;;;
24/03/2017;22:29:00;610;sem vítima;134;BR-060/GO;Sul;Atropelamento de Animal;1;;;;;;;;;;4;;;;
24/03/2017;22:46:00;615;com vítima;2;BR-060/DF;Sul;Colisão Lateral;1;;;1;;;;;;;2;1;;;
25/03/2017;04:02:00;33;sem vítima;89;BR-060/GO;Sul;Capotamento;1;;;;;;;;;;1;;;;
25/03/2017;06:08:00;67;sem vítima;507,023;BR-153/GO;Sul;Outros - sequências;2;;;;;;;;;;2;;;;
25/03/2017;08:40:00;130;sem vítima;638,5;BR-153/GO;Norte;Tombamento;;;1;;;1;;;;;2;;;;
25/03/2017;09:29:00;149;com vítima;49,777;BR-060/GO;Sul;Queda de Moto;;;;1;;1;;;;;1;1;;;
25/03/2017;14:13:00;308;com vítima;639;BR-153/GO;Norte;Capotamento;1;;;;;;;;;;0;1;;;
25/03/2017;14:48:00;323;sem vítima;693;BR-153/GO;Sul;Saida de Pista;1;;;;;;;;;;1;;;;
25/03/2017;15:33:00;344;com vítima;474,292;BR-262/MG;Oeste;Queda de Moto;;;;1;;1;;;;;1;1;1;;
25/03/2017;15:57:00;354;sem vítima;26,356;BR-060/GO;Sul;Saida de Pista;1;;;;;;;;;;1;;;;
25/03/2017;17:56:00;403;sem vítima;353;BR-262/MG;Leste;;;;;1;;;;;;;1;;;;
25/03/2017;18:29:00;423;com vítima;507,014;BR-153/GO;Sul;Colisão Traseira;2;;;;;;;;;;2;1;;;
25/03/2017;18:56:00;435;com vítima;0;BR-153/MG;Sul;Colisão Lateral;;;;1;;1;;;;;1;1;;;
25/03/2017;19:02:00;439;com vítima;503,572;BR-153/GO;Norte;Queda de Moto;;;;1;;;;;;;0;1;;;
25/03/2017;19:22:00;451;sem vítima;34,44;BR-060/GO;Sul;Outros - sequências;1;;;;;;;;;;1;;;;
25/03/2017;19:36:00;459;com vítima;507,014;BR-153/GO;Sul;Outros - sequências;1;;;2;;1;;;;;3;1;;;1
25/03/2017;20:03:00;474;sem vítima;500;BR-153/GO;Sul;Colisão Traseira;;;;1;;1;;;;;2;;;;
25/03/2017;20:35:00;488;com vítima;422,281;BR-262/MG;Leste;Outros - sequências;1;;;;;;;;;;0;4;;;
25/03/2017;20:58:00;498;sem vítima;519,979;BR-262/MG;Leste;Outros - sequências;;;1;;;;;;;;1;;;;
25/03/2017;22:31:00;522;sem vítima;381;BR-262/MG;Oeste;Saida de Pista;1;;;;;;;;;;1;;;;
25/03/2017;23:44:00;542;com vítima;171;BR-153/MG;Sul;Saida de Pista;1;;;;;;;;;;0;4;;;
26/03/2017;03:27:00;35;sem vítima;494;BR-153/GO;Norte;Queda de Moto;;;;1;;;;;;;1;;;;
26/03/2017;03:59:00;38;sem vítima;470;BR-262/MG;Oeste;Saida de Pista;1;;;;;;;;;;2;;;;
26/03/2017;07:40:00;82;com vítima;54,507;BR-153/MG;Norte;Saida de Pista;1;;;;;;;;;;1;2;;;
26/03/2017;12:45:00;218;com vítima;95,034;BR-060/GO;Norte;Queda de Moto;;;;1;;;;;;;0;1;;;
26/03/2017;12:57:00;227;com vítima;93;BR-153/MG;Norte;Colisão Frontal;;;1;;;;;;;1;1;;1;;1
26/03/2017;13:02:00;230;sem vítima;24,7;BR-153/MG;Norte;Capotamento;1;;;;;;;;;;1;;;;
26/03/2017;13:46:00;242;com vítima;490,498;BR-153/GO;Norte;Queda de Moto;;;;1;;;;;;;0;1;;;
26/03/2017;14:28:00;260;sem vítima;417,56;BR-262/MG;Oeste;Outros - sequências;1;;;;;;;;;;1;;;;
26/03/2017;14:35:00;264;sem vítima;358;BR-262/MG;Leste;Colisão Traseira;2;;;;;;;;;;2;;;;
26/03/2017;16:21:00;314;sem vítima;47,303;BR-060/GO;Norte;Outros - sequências;1;;;;;;;;;;4;;;;
26/03/2017;16:34:00;320;com vítima;744,498;BR-262/MG;Oeste;Outros - sequências;1;;;;;;;;;;0;1;;;
26/03/2017;16:44:00;321;sem vítima;401;BR-262/MG;Oeste;Queda de Moto;;;;1;;;;;;;2;;;;
26/03/2017;18:44:00;393;com vítima;500,175;BR-153/GO;Sul;Outros - sequências;;;;1;;1;;;;;1;1;;;
26/03/2017;18:49:00;396;com vítima;4,462;BR-060/DF;Sul;Engavetamento;4;;;;;;;;;;3;1;;;
26/03/2017;19:00:00;405;sem vítima;17;BR-153/MG;Sul;Saida de Pista;1;;;;;;;;;;1;;;;
26/03/2017;19:02:00;406;sem vítima;590;BR-262/MG;Oeste;Outros - sequências;1;;;;;;;;;;3;;;;
26/03/2017;19:34:00;420;sem vítima;3,5;BR-060/DF;Norte;Colisão Traseira;2;;;;;;;;;;2;;;;
26/03/2017;19:35:00;422;sem vítima;514,194;BR-153/GO;Sul;Outros - sequências;2;;;;;;;;;;2;;;;
26/03/2017;18:46:00;424;sem vítima;500,175;BR-153/GO;Sul;Outros - sequências;1;;;;;;;;;1;2;;;;
26/03/2017;21:36:00;470;com vítima;447;BR-262/MG;Leste;Colisão Frontal;1;;1;;;;;;;;1;1;;;
26/03/2017;21:59:00;479;sem vítima;608;BR-153/GO;Sul;Saida de Pista;1;;;;;;;;;;1;;;;
27/03/2017;07:09:00;70;com vítima;210;BR-153/MG;Norte;Colisão Transversal;1;;;1;;;;;;;1;1;;;
27/03/2017;08:23:00;116;sem vítima;693,767;BR-262/MG;Oeste;Colisão Lateral;2;;;;;;;;;;2;;;;
27/03/2017;08:30:00;124;com vítima;607,57;BR-262/MG;Leste;Outros - sequências;1;;;;;;;;;;0;1;;;
27/03/2017;10:50:00;219;sem vítima;47,114;BR-060/GO;Norte;Outros - sequências;;;;;;1;;;;1;2;;;;
27/03/2017;12:14:00;270;com vítima;703,3;BR-262/MG;Oeste;Colisão Frontal;;;;1;;;;;;1;1;;;1;
27/03/2017;12:56:00;287;com vítima;354;BR-262/MG;Leste;Queda de Moto;;;;1;;;;;;;0;1;;;
27/03/2017;15:15:00;375;sem vítima;534,3;BR-153/GO;Norte;Capotamento;1;;;;;;;;;;2;;;;
27/03/2017;15:17:00;378;sem vítima;506,942;BR-153/GO;Norte;Colisão Traseira;2;;;;;;;;;;2;;;;
27/03/2017;17:02:00;446;sem vítima;503,568;BR-153/GO;Sul;Colisão Transversal;1;;1;;;;;;;;2;;;;
27/03/2017;19:12:00;490;com vítima;500;BR-153/GO;Norte;Colisão Traseira;1;;;1;;;;;;;0;1;1;;