data;horario;n_da_ocorrencia;tipo_de_ocorrencia;km;trecho;sentido;tipo_de_acidente;automovel;bicicleta;caminhao;moto;onibus;outros;tracao_animal;transporte_de_cargas_especiais;trator_maquinas;utilitarios;ilesos;levemente_feridos;moderadamente_feridos;gravemente_feridos;mortos
28/03/2017;06:15:00;50;sem vítima;415;BR-262/MG;Oeste;Saida de Pista;;;1;;;;;;;;1;;;;
28/03/2017;07:22:00;71;sem vítima;494,905;BR-153/GO;Sul;Engavetamento;3;;;;;;;;;;3;;;;
28/03/2017;07:31:00;76;sem vítima;773;BR-262/MG;Leste;Colisão Traseira;2;;;;;1;;;;;3;;;;
28/03/2017;07:35:00;79;sem vítima;549;BR-262/MG;Leste;Choque - Defensa, barreira ou "submarino";1;;;;;;;;;;1;;;;
28/03/2017;07:49:00;88;sem vítima;502,591;BR-153/GO;Norte;Colisão Traseira;2;;;;;;;;;;2;;;;
28/03/2017;10:54:00;221;com vítima;230;BR-153/MG;Sul;Colisão Frontal;1;;;;;;;;;1;1;1;1;;
28/03/2017;12:53:00;288;com vítima;426,5;BR-262/MG;Oeste;Queda de Moto;;;;1;;;;;;;0;2;;;
28/03/2017;15:08:00;362;sem vítima;27,562;BR-060/DF;Sul;Outros - sequências;1;;;;;1;;;;;3;;;;
28/03/2017;15:33:00;383;sem vítima;28,488;BR-060/DF;Norte;Outros - sequências;;;;;;;;;;1;2;;;;
28/03/2017;16:16:00;402;sem vítima;19,9;BR-060/GO;Norte;Colisão Lateral;2;;;;;;;;;;2;;;;
28/03/2017;16:18:00;405;com vítima;376;BR-262/MG;Oeste;Atropelamento de Animal;;;;1;;;;;;;0;;1;;
28/03/2017;17:26:00;443;com vítima;475;BR-262/MG;Oeste;Queda de Ciclista;;;;1;;;;;;;0;1;;;
28/03/2017;19:07:00;488;sem vítima;477,5;BR-262/MG;Oeste;Colisão Lateral;2;;;;;;;;;;2;;;;
28/03/2017;23:50:00;579;sem vítima;45;BR-153/MG;Norte;Atropelamento de Animal;1;;;;;;;;;;1;;;;
28/03/2017;23:59:00;597;com vítima;614,6;BR-153/GO;Sul;Tombamento;;;1;;;;;;;;0;1;;;
29/03/2017;05:54:00;47;sem vítima;120,358;BR-060/GO;Norte;Colisão Traseira;;;2;;;;;;;;2;;;;
29/03/2017;05:58:00;50;sem vítima;573,1;BR-153/GO;Norte;Saida de Pista;;;1;;;;;;;;1;;;;
29/03/2017;07:39:00;85;sem vítima;494,2;BR-153/GO;Sul;Colisão Traseira;1;;1;;;;;;;;2;;;;
29/03/2017;07:49:00;93;sem vítima;495;BR-153/GO;Sul;Engavetamento;3;;;;;;;;;;3;;;;
29/03/2017;07:49:00;94;sem vítima;649;BR-262/MG;Leste;Saida de Pista;1;;;;;;;;;;3;;;;
29/03/2017;09:26:00;152;com vítima;699;BR-153/GO;Sul;Queda de Moto;;;;1;;;;;;;0;1;;;
29/03/2017;10:39:00;197;com vítima;506,5;BR-153/GO;Norte;Queda de Moto;;;;1;;;;;;;0;1;;;
29/03/2017;10:48:00;200;sem vítima;796,188;BR-262/MG;Leste;Saida de Pista;;;1;;;;;;;;1;;;;
29/03/2017;11:42:00;232;sem vítima;506,7;BR-153/GO;Sul;Objeto lançado contra veículo;1;;1;1;;;;;;;3;;;;
29/03/2017;13:02:00;269;sem vítima;506,5;BR-153/GO;Norte;;;;1;;;;;;;1;2;;;;
29/03/2017;14:47:00;319;sem vítima;685;BR-153/GO;Sul;Colisão Lateral;;;2;;;;;;;;2;;;;
29/03/2017;14:51:00;322;sem vítima;114;BR-060/GO;Norte;Outros - sequências;;;1;;;;;;;;1;;;;
29/03/2017;16:00:00;353;com vítima;26,967;BR-060/DF;Sul;Saida de Pista;1;;;;;;;;;;0;1;;;
29/03/2017;17:46:00;401;sem vítima;634;BR-262/MG;Oeste;Outros - sequências;1;;1;;;;;;;;3;;;;
29/03/2017;18:00:00;409;sem vítima;115;BR-060/GO;Norte;Capotamento;1;;;;;;;;;;1;;;;
29/03/2017;18:57:00;439;sem vítima;126;BR-060/GO;Norte;Saida de Pista;;;;;1;;;;;;1;;;;
29/03/2017;19:14:00;448;com vítima;590;BR-153/GO;Sul;Colisão Traseira;;;2;;;;;;;;1;1;;;
30/03/2017;00:11:00;1;sem vítima;801;BR-262/MG;Leste;Saida de Pista;1;;;;;;;;;;1;;;;
30/03/2017;06:01:00;60;sem vítima;542,6;BR-153/GO;Norte;Colisão Traseira;;;2;;;;;;;;2;;;;
30/03/2017;07:21:00;79;com vítima;2;BR-060/GO;Norte;Queda de Moto;;;;1;;;;;;;0;1;;;
30/03/2017;08:02:00;100;com vítima;502;BR-153/GO;Sul;Engavetamento;2;;;;;1;;;;;3;1;;;
30/03/2017;08:13:00;107;sem vítima;501;BR-153/GO;Norte;Colisão Traseira;2;;;;;1;;;;;3;;;;
30/03/2017;12:45:00;266;sem vítima;496;BR-153/GO;Sul;Colisão Traseira;1;;;1;;;;;;;2;;;;
30/03/2017;13:03:00;280;sem vítima;56;BR-060/GO;Sul;Saida de Pista;1;;;;;;;;;;1;;;;
30/03/2017;14:29:00;329;com vítima;18,645;BR-060/DF;Norte;Outros - sequências;1;;;;;;;;;;0;1;;;
30/03/2017;17:48:00;437;sem vítima;537,5;BR-262/MG;Leste;Colisão Traseira;;;1;;;1;;;;;2;;;;
30/03/2017;18:43:00;464;sem vítima;32;BR-153/MG;Sul;Choque - Objeto sobre a pista;3;;;;;;;;;;3;;;;
31/03/2017;02:43:00;62;com vítima;548;BR-262/MG;Leste;Saida de Pista;;;1;;;;;;;;0;;;1;
31/03/2017;02:52:00;63;sem vítima;433;BR-262/MG;Oeste;Saida de Pista;;;1;;;;;;;;1;;;;
31/03/2017;07:59:00;156;com vítima;500,8;BR-153/GO;Sul;Engavetamento;2;;1;;;;;;;;0;3;;;
31/03/2017;08:40:00;184;sem vítima;498,549;BR-153/GO;Sul;Colisão Traseira;;;1;;;;;;;1;2;;;;
31/03/2017;12:44:00;375;com vítima;2,382;BR-060/DF;Norte;Colisão Traseira;1;;;1;;;;;;;1;1;;;
31/03/2017;13:39:00;407;sem vítima;41;BR-060/GO;Sul;Colisão Lateral;2;;;;;;;;;;2;;;;
31/03/2017;14:53:00;449;sem vítima;107,457;BR-060/GO;Norte;Outros - sequências;1;;;;;1;;;;;2;;;;
31/03/2017;15:19:00;465;sem vítima;575,145;BR-262/MG;Oeste;Colisão Lateral;1;;1;;;;;;;;2;;;;
31/03/2017;15:21:00;469;sem vítima;508;BR-153/GO;Sul;Colisão Traseira;2;;;;;;;;;;2;;;;
31/03/2017;16:46:00;523;sem vítima;507,9;BR-153/GO;Sul;Colisão Traseira;1;;;1;;;;;;;2;;;;
31/03/2017;16:49:00;525;sem vítima;508;BR-153/GO;Sul;Engavetamento;3;;;;;;;;;;3;;;;
31/03/2017;16:50:00;528;com vítima;504,068;BR-262/MG;Oeste;Colisão Traseira;;;2;;;;;;;;1;1;;;
31/03/2017;19:24:00;615;sem vítima;136;BR-060/GO;Norte;Outros - sequências;2;;;;;;;;;;6;;;;
31/03/2017;20:26:00;648;com vítima;505;BR-153/GO;Sul;Queda de Ciclista;;;;1;;;;;;;0;;1;;
31/03/2017;20:57:00;668;sem vítima;32,112;BR-060/GO;Norte;Colisão Transversal;1;;;1;;;;;;;2;;;;
31/03/2017;21:54:00;693;sem vítima;835,5;BR-262/MG;Leste;Outros - sequências;1;;;;;;;;;;1;;;;
31/03/2017;22:43:00;705;sem vítima;544;BR-262/MG;Leste;;1;;;;;;;;;;1;;;;
01/05/2017;02:55:00;51;com vítima;695,631;BR-262/MG;Leste;Tombamento;;;;;1;;;;;;19;2;2;;
01/05/2017;03:09:00;54;com vítima;430,455;BR-262/MG;Oeste;Capotamento;1;;;;;;;;;;0;2;;;
01/05/2017;03:54:00;63;com vítima;108,65;BR-060/GO;Sul;Saida de Pista;1;;;;;;;;;;1;1;;;
01/05/2017;08:52:00;130;com vítima;440;BR-262/MG;Oeste;Queda de Moto;;;;1;;;;;;;0;1;;;
01/05/2017;09:34:00;164;sem vítima;30;BR-060/DF;Sul;Saida de Pista;;;;;;1;;;;1;2;;;;
01/05/2017;11:33:00;216;sem vítima;521;BR-153/GO;Norte;Colisão Lateral;1;;;1;;;;;;;2;;;;
01/05/2017;14:11:00;287;sem vítima;430;BR-262/MG;Leste;Colisão Traseira;1;;1;;;;;;;;2;;;;
01/05/2017;15:43:00;335;sem vítima;490,5;BR-262/MG;Oeste;Saida de Pista;1;;;;;;;;;;1;;;;
01/05/2017;17:40:00;388;com vítima;20,8;BR-060/GO;Sul;Queda de Moto;;;;1;;;;;;;0;;1;;
01/05/2017;18:56:00;432;sem vítima;2;BR-060/GO;Norte;Engavetamento;2;;;;;1;;;;;3;;;;
01/05/2017;19:48:00;451;com vítima;507;BR-153/GO;Norte;Queda de Moto;;;;1;;;;;;;0;;1;;
01/05/2017;20:07:00;458;sem vítima;552;BR-153/GO;Sul;Capotamento;1;;;;;;;;;;1;;;;
01/05/2017;20:13:00;464;sem vítima;697;BR-153/GO;Sul;Colisão Lateral;1;;;;;1;;;;;2;;;;
01/05/2017;22:35:00;520;com vítima;1;BR-060/DF;Sul;Colisão Traseira;2;;;;;;;;;;1;1;;;
01/05/2017;22:56:00;531;com vítima;123;BR-060/GO;Sul;Capotamento;1;;;;;;;;;;0;1;;;
02/05/2017;03:49:00;48;sem vítima;1,47;BR-060/GO;Norte;Saida de Pista;1;;;;;;;;;;1;;;;
02/05/2017;04:46:00;56;sem vítima;15,263;BR-153/MG;Norte;Tombamento;;;1;;;;;;;;1;;;;
02/05/2017;07:29:00;95;sem vítima;633,5;BR-153/GO;Norte;Saida de Pista;1;;;;;;;;;;1;;;;
02/05/2017;09:53:00;179;sem vítima;155;BR-153/MG;Norte;Colisão Traseira;;;2;;;;;;;;2;;;;
02/05/2017;10:17:00;191;sem vítima;819;BR-262/MG;Oeste;Saida de Pista;;;;;;;;;;1;1;;;;
02/05/2017;10:51:00;218;sem vítima;691;BR-153/GO;Sul;Queda de Moto;;;;1;;;;;;;1;;;;
02/05/2017;13:08:00;297;sem vítima;10,779;BR-060/DF;Sul;Capotamento;1;;;;;;;;;;2;;;;
02/05/2017;13:15:00;302;sem vítima;357,52;BR-262/MG;Oeste;Saida de Pista;1;;;;;1;;;;;2;;;;
02/05/2017;13:40:00;309;com vítima;507,183;BR-153/GO;Sul;Colisão Transversal;1;;;2;;;;;;1;3;;1;;
02/05/2017;14:12:00;315;com vítima;508;BR-153/GO;Sul;Colisão Traseira;;;;1;;1;;;;;1;1;;;
02/05/2017;14:52:00;335;sem vítima;663,736;BR-262/MG;Leste;Choque - Elemento de Drenagem;;;3;;;1;;;;;4;;;;
02/05/2017;18:24:00;439;sem vítima;54;BR-060/GO;Norte;Colisão Lateral;;1;1;;;;;;;;2;;;;
02/05/2017;19:03:00;454;sem vítima;499;BR-153/GO;Sul;Colisão Traseira;1;;;;;;;;;1;3;;;;
03/05/2017;00:57:00;27;sem vítima;1;BR-060/DF;Norte;Capotamento;1;;;;;;;;;;1;;;;
03/05/2017;02:16:00;39;com vítima;3,158;BR-153/MG;Sul;Capotamento;;;;;;;;;;1;1;1;1;;
03/05/2017;07:27:00;95;sem vítima;495,583;BR-153/GO;Sul;Engavetamento;3;;;;;;;;;1;4;;;;
03/05/2017;07:43:00;100;com vítima;482,3;BR-262/MG;Leste;Colisão Lateral;;;1;1;;;;;;;1;1;;;
03/05/2017;13:28:00;299;com vítima;508,834;BR-153/GO;Sul;Queda de Moto;;;;1;;;;;;;0;1;;;
03/05/2017;13:59:00;311;com vítima;156,8;BR-153/MG;Norte;Saida de Pista;;;1;;;;;;;;0;1;;;
03/05/2017;15:33:00;356;sem vítima;703;BR-262/MG;Oeste;Tombamento;;;1;;;;;;;;1;;;;
03/05/2017;19:05:00;433;sem vítima;494,3;BR-153/GO;Sul;Queda de Ciclista;;;;1;;;;;;;1;;;;
03/05/2017;20:16:00;459;com vítima;522;BR-262/MG;Leste;Colisão Traseira;1;;;;;1;;;;;1;4;;;
03/05/2017;20:52:00;473;sem vítima;529,4;BR-262/MG;Leste;Tombamento;;;1;;;1;;;;;5;;;;
04/05/2017;03:47:00;29;com vítima;2,795;BR-060/GO;Norte;Colisão Traseira;;;1;;1;;;;;;0;;1;1;
04/05/2017;05:22:00;42;com vítima;134;BR-153/MG;Norte;Colisão Frontal;;;1;;;;;;;1;0;2;1;;1
04/05/2017;05:42:00;45;com vítima;354;BR-262/MG;Leste;Queda de Ciclista;;;;1;;;;;;;0;2;;;
04/05/2017;06:17:00;52;sem vítima;563,5;BR-153/GO;Norte;Saida de Pista;1;;;;;;;;;;1;;;;
04/05/2017;06:43:00;60;com vítima;576;BR-153/GO;Norte;Colisão Traseira;;;2;;;;;;;;1;2;;;
04/05/2017;07:14:00;66;sem vítima;501,824;BR-153/GO;Norte;Engavetamento;3;;;2;;;;;;;5;;;;
04/05/2017;07:18:00;68;sem vítima;4,904;BR-060/GO;Norte;Colisão Lateral;1;;1;;;;;;;;2;;;;
04/05/2017;11:00:00;192;sem vítima;16,194;BR-153/MG;Sul;Colisão Traseira;;;1;;1;2;;;;;4;;;;
04/05/2017;12:59:00;238;sem vítima;99,413;BR-060/GO;Sul;Tombamento;1;;1;;;;;;;;2;;;;
04/05/2017;15:59:00;301;sem vítima;495,724;BR-153/GO;Sul;Colisão Traseira;1;;1;;;;;;;;3;;;;
04/05/2017;17:40:00;350;com vítima;83,8;BR-060/GO;Sul;Capotamento;1;;;;;;;;;;0;1;;;
04/05/2017;18:11:00;365;sem vítima;357,6;BR-262/MG;Oeste;Queda de Moto;;;;1;;;;;;;1;;;;
04/05/2017;18:22:00;371;com vítima;508,934;BR-153/GO;Sul;Engavetamento;2;;;1;;;;;;;2;1;;;
04/05/2017;18:26:00;373;sem vítima;400;BR-262/MG;Oeste;Colisão Traseira;2;;;;;;;;;;2;;;;
04/05/2017;19:00:00;389;sem vítima;504;BR-153/GO;Sul;Colisão Traseira;2;;;;;1;;;;;3;;;;
04/05/2017;22:19:00;464;com vítima;7,61;BR-153/MG;Sul;Saida de Pista;;;1;;;;;;;;0;;1;;
04/05/2017;23:46:00;480;sem vítima;440;BR-262/MG;Oeste;Saida de Pista;;;1;;;;;;;;1;;;;
05/05/2017;08:14:00;99;sem vítima;498,891;BR-153/GO;Sul;Colisão Traseira;2;;;;;;;;;;2;;;;
05/05/2017;08:54:00;114;sem vítima;692;BR-153/GO;Norte;Saida de Pista;1;;;;;1;;;;;2;;;;
05/05/2017;12:36:00;226;com vítima;610;BR-262/MG;Oeste;Colisão Frontal;1;;;;;;;;;1;3;;;1;1
05/05/2017;14:40:00;284;sem vítima;11;BR-153/MG;Sul;Choque - Outros;1;;;;;;;;;;1;;;;
05/05/2017;15:49:00;317;sem vítima;23,267;BR-153/MG;Sul;Colisão Traseira;;;2;;;;;;;;2;;;;
05/05/2017;17:51:00;373;sem vítima;508,246;BR-153/GO;Norte;Engavetamento;2;;;;;;;;;1;7;;;;
05/05/2017;19:34:00;419;sem vítima;473,8;BR-262/MG;Oeste;Saida de Pista;;;1;;;;;;;;1;;;;
06/05/2017;02:09:00;27;sem vítima;107;BR-153/MG;Sul;Saida de Pista;1;;;;;;;;;;1;;;;
06/05/2017;03:07:00;34;com vítima;502;BR-153/GO;Norte;Queda de Moto;;;;1;;;;;;;0;2;;;
06/05/2017;04:45:00;45;sem vítima;549;BR-262/MG;Leste;Saida de Pista;1;;;;;;;;;;1;;;;
06/05/2017;06:28:00;66;sem vítima;694;BR-262/MG;Leste;Saida de Pista;1;;;;;;;;;;1;;;;
06/05/2017;06:51:00;78;com vítima;493;BR-153/GO;Norte;Queda de Moto;;;;1;;;;;;;0;1;;;
06/05/2017;06:53:00;81;sem vítima;590;BR-262/MG;Leste;Saida de Pista;1;;;;;;;;;;4;;;;
06/05/2017;07:26:00;88;sem vítima;444;BR-262/MG;Oeste;Saida de Pista;1;;;;;;;;;;1;;;;
06/05/2017;07:44:00;95;com vítima;512,329;BR-153/GO;Norte;Queda de Moto;;;;1;;1;;;;;1;1;;;
06/05/2017;08:09:00;104;sem vítima;608;BR-262/MG;Leste;Saida de Pista;1;;;;;;;;;;1;;;;
06/05/2017;08:48:00;138;com vítima;584;BR-262/MG;Leste;Capotamento;;;;;;;;;;1;0;2;;;
06/05/2017;09:10:00;149;com vítima;584;BR-262/MG;Leste;Colisão Lateral;1;;;;;;;;;1;0;4;1;;
06/05/2017;09:34:00;170;sem vítima;436;BR-262/MG;Oeste;Colisão Traseira;2;;;;;;;;;;2;;;;
06/05/2017;09:36:00;173;sem vítima;607;BR-262/MG;Leste;Capotamento;1;;;;;;;;;;1;;;;
06/05/2017;11:47:00;232;sem vítima;109;BR-060/GO;Sul;Saida de Pista;1;;;;;;;;;;1;;;;
06/05/2017;11:59:00;238;com vítima;590;BR-262/MG;Leste;Capotamento;1;;;;;;;;;;0;2;;;
06/05/2017;12:33:00;253;sem vítima;431;BR-262/MG;Leste;Saida de Pista;1;;;;;1;;;;;2;;;;
06/05/2017;14:39:00;311;sem vítima;814;BR-262/MG;Oeste;Saida de Pista;1;;;;;;;;;;1;;;;
06/05/2017;14:50:00;322;sem vítima;628,3;BR-153/GO;Norte;Capotamento;1;;;;;;;;;;2;;;;
06/05/2017;14:51:00;324;sem vítima;380;BR-262/MG;Oeste;Saida de Pista;1;;;;;;;;;;1;;;;
06/05/2017;15:05:00;334;com vítima;392;BR-262/MG;Leste;Capotamento;1;;;;;;;;;;0;1;1;1;
06/05/2017;15:23:00;344;sem vítima;87,4;BR-060/GO;Norte;Colisão Lateral;2;;;;;;;;;;2;;;;
06/05/2017;16:11:00;364;sem vítima;408;BR-262/MG;Oeste;Saida de Pista;1;;;;;;;;;;1;;;;
06/05/2017;19:06:00;435;com vítima;117,753;BR-060/GO;Norte;Colisão Transversal;1;;;1;;;;;;;1;1;1;;
06/05/2017;19:08:00;439;sem vítima;94,794;BR-060/GO;Norte;Colisão Traseira;1;;;1;;1;;;;;3;;;;
06/05/2017;21:36:00;499;com vítima;503;BR-153/GO;Norte;Colisão Traseira;2;;;;;;;;;;3;1;1;;
06/05/2017;21:56:00;510;com vítima;523,692;BR-153/GO;Sul;Capotamento;1;;;;;;;;;;0;;1;;
06/05/2017;22:05:00;514;com vítima;505,469;BR-153/GO;Sul;Queda de Moto;;;;1;;;;;;;0;2;;;
07/05/2017;00:11:00;1;sem vítima;430;BR-262/MG;Leste;Saida de Pista;1;;;;;;;;;;1;;;;
07/05/2017;02:21:00;20;com vítima;499;BR-153/GO;Sul;Queda de Moto;;;;1;;1;;;;;2;1;;;
07/05/2017;03:00:00;24;sem vítima;77,362;BR-060/GO;Sul;Colisão Traseira;2;;;;;;;;;;2;;;;
07/05/2017;04:44:00;31;com vítima;443,834;BR-262/MG;Oeste;Choque - Defensa, barreira ou "submarino";1;;;;;;;;;;0;1;;;
07/05/2017;05:31:00;40;sem vítima;210;BR-153/MG;Norte;Capotamento;1;;;;;;;;;;1;;;;
07/05/2017;06:17:00;45;sem vítima;42;BR-153/MG;Norte;Tombamento;;;1;;;;;;;;1;;;;
07/05/2017;06:36:00;50;com vítima;433;BR-262/MG;Oeste;Saida de Pista;1;;;;;;;;;;0;1;;;
07/05/2017;11:45:00;187;sem vítima;28,3;BR-153/MG;Sul;Colisão Traseira;1;;1;;;;;;;;2;;;;
07/05/2017;14:39:00;292;sem vítima;515,49;BR-153/GO;Norte;Saida de Pista;1;;;;;;;;;;1;;;;
07/05/2017;17:23:00;397;sem vítima;59;BR-153/MG;Sul;Carreta deu L;;;1;;;;;;;;1;;;;
07/05/2017;19:03:00;442;com vítima;432;BR-262/MG;Leste;Queda de Moto;;;;1;;;;;;;0;1;;;
07/05/2017;21:37:00;495;com vítima;58;BR-060/GO;Sul;;1;;;1;;;;;;;3;;;1;
08/05/2017;03:38:00;34;com vítima;634;BR-153/GO;Norte;Atropelamento de Animal;1;;;;;;;;;;2;1;;;
08/05/2017;05:04:00;44;sem vítima;119,042;BR-060/GO;Sul;Atropelamento de Animal;;;1;;;;;;;;1;;;;
08/05/2017;06:16:00;54;sem vítima;591,8;BR-153/GO;Norte;Saida de Pista;1;;;;;;;;;;1;;;;
08/05/2017;07:14:00;69;sem vítima;365;BR-262/MG;Leste;Colisão Lateral;2;;;;;;;;;;2;;;;
08/05/2017;07:44:00;90;sem vítima;501;BR-153/GO;Sul;Colisão Traseira;2;;;;;1;;;;;3;;;;
08/05/2017;08:00:00;102;sem vítima;506;BR-153/GO;Norte;Colisão Lateral;;;;;1;1;;;;;2;;;;
08/05/2017;08:10:00;107;sem vítima;502,9;BR-153/GO;Norte;Colisão Traseira;2;;;;;;;;;;2;;;;
08/05/2017;08:44:00;123;com vítima;10;BR-060/DF;Norte;Queda de Moto;;;;1;;;;;;;0;;1;;
08/05/2017;10:15:00;176;com vítima;7,961;BR-153/MG;Norte;;1;;1;;;;;;;;1;1;;;
08/05/2017;10:23:00;183;sem vítima;21,7;BR-153/MG;Sul;Capotamento;;;1;;;;;;;;1;;;;
08/05/2017;10:46:00;194;com vítima;572,95;BR-153/GO;Sul;Saida de Pista;1;;;;;;;;;;2;;1;;
08/05/2017;13:36:00;242;sem vítima;729,4;BR-262/MG;Leste;Colisão Traseira;;;1;;;1;;;;;8;;;;
08/05/2017;17:41:00;355;sem vítima;500,125;BR-153/GO;Sul;Colisão Traseira;2;;;;;;;;;;2;;;;
08/05/2017;17:53:00;363;sem vítima;78,9;BR-153/MG;Norte;Colisão Traseira;1;;1;;;;;;;;2;;;;
08/05/2017;17:53:00;364;sem vítima;496,413;BR-153/GO;Norte;Engavetamento;2;;1;;;;;;;;3;;;;
08/05/2017;17:53:00;365;com vítima;812;BR-262/MG;Leste;Choque - Poste;2;;;;;;;;;;2;3;;;
08/05/2017;19:10:00;392;sem vítima;499,236;BR-153/GO;Norte;Engavetamento;1;;1;;;;;;;2;4;;;;
08/05/2017;19:21:00;396;sem vítima;498,423;BR-153/GO;Norte;Engavetamento;3;;;;;;;;;;3;;;;
08/05/2017;20:16:00;423;sem vítima;92,6;BR-060/GO;Norte;Choque - Outros;;;;;;;;;;1;1;;;;
09/05/2017;07:40:00;79;com vítima;495,462;BR-153/GO;Norte;Engavetamento;2;;;2;;;;;;;3;1;;;
09/05/2017;11:27:00;213;com vítima;506,223;BR-153/GO;Sul;Colisão Traseira;1;;;1;;;;;;;0;2;;;
09/05/2017;14:51:00;305;sem vítima;111,062;BR-060/GO;Norte;Saida de Pista;1;;;;;;;;;;2;;;;
09/05/2017;23:12:00;526;com vítima;96,631;BR-060/GO;Sul;Queda de Moto;;;;1;;;;;;;0;1;;;
10/05/2017;02:02:00;26;com vítima;563,019;BR-262/MG;Leste;Capotamento;;;1;;;;;;;;0;1;;;
10/05/2017;06:50:00;74;sem vítima;97;BR-060/GO;Norte;Colisão Traseira;1;;1;;;1;;;;;3;;;;
10/05/2017;07:05:00;78;sem vítima;121,485;BR-060/GO;Sul;Colisão Traseira;1;;1;;;;;;;;2;;;;
10/05/2017;07:06:00;79;sem vítima;553;BR-153/GO;Norte;Colisão Traseira;;;2;;;;;;;;2;;;;
10/05/2017;07:12:00;84;sem vítima;467;BR-262/MG;Leste;Saida de Pista;1;;;;;;;;;;1;;;;
10/05/2017;07:57:00;105;com vítima;509,529;BR-153/GO;Norte;Colisão Traseira;;;;1;1;;;;;;1;1;;;
10/05/2017;07:16:00;121;sem vítima;547,518;BR-262/MG;Oeste;;;;1;;;;;;;1;3;;;;
10/05/2017;12:25:00;288;sem vítima;462;BR-262/MG;Oeste;Saida de Pista;;;1;;;;;;;;1;;;;
10/05/2017;14:25:00;354;sem vítima;394;BR-262/MG;Oeste;Queda de Ciclista;;;;1;;;;;;;1;;;;
10/05/2017;14:31:00;358;sem vítima;109,078;BR-060/GO;Sul;Tombamento;;;1;;;;;;;;1;;;;
10/05/2017;14:59:00;375;sem vítima;496;BR-153/GO;Sul;Colisão Traseira;;;2;;;;;;;;2;;;;
10/05/2017;16:40:00;442;com vítima;671,5;BR-153/GO;Norte;Carreta deu L;;;1;;;;;;;;0;;1;;
10/05/2017;17:59:00;473;sem vítima;26,605;BR-060/DF;Norte;Queda de Moto;;;;1;;;;;;;1;;;;
10/05/2017;19:45:00;516;com vítima;109;BR-060/GO;Norte;Queda de Moto;;;;1;;;;;;;1;1;;;
11/05/2017;03:19:00;37;com vítima;448,19;BR-262/MG;Leste;Saida de Pista;;;1;;;;;;;;0;1;;;
11/05/2017;06:25:00;69;com vítima;649,9;BR-262/MG;Leste;Colisão Lateral;;;2;;;;;;;;0;;1;;1
11/05/2017;06:45:00;74;com vítima;430;BR-262/MG;Leste;Queda de Moto;;;;1;;;;;;;1;1;;;
11/05/2017;12:12:00;298;com vítima;378,673;BR-262/MG;Leste;Capotamento;;;1;;;;;;;;0;;;;2
11/05/2017;16:22:00;438;com vítima;431;BR-262/MG;Leste;;;;1;;;;;;;;0;;;1;
11/05/2017;16:27:00;442;com vítima;694;BR-262/MG;Oeste;Atropelamento - Funcionário;;;;;;1;;;;;1;1;;;
11/05/2017;17:22:00;469;com vítima;417;BR-262/MG;Oeste;Queda de Moto;;;;1;;;;;;;0;2;;;
11/05/2017;18:04:00;487;com vítima;499;BR-153/GO;Sul;Colisão Traseira;1;;;1;;;;;;;1;2;;;
11/05/2017;22:13:00;581;sem vítima;515;BR-153/GO;Norte;Colisão Lateral;2;;;;;;;;;;2;;;;
11/05/2017;22:47:00;592;sem vítima;670;BR-153/GO;Norte;Colisão Lateral;;;1;;;;;;;;1;;;;
11/05/2017;23:37:00;611;com vítima;505;BR-153/GO;Norte;Queda de Ciclista;;;;1;;;;;;;0;1;;;
12/05/2017;01:26:00;12;com vítima;11,5;BR-060/GO;Norte;Colisão Traseira;1;;1;;;;;;;;1;1;;;
12/05/2017;05:19:00;40;com vítima;524,6;BR-153/GO;Sul;Saida de Pista;1;;;;;;;;;;0;1;;;
12/05/2017;07:46:00;81;sem vítima;496;BR-153/GO;Sul;Colisão Traseira;2;;;;;;;;;;2;;;;
12/05/2017;07:56:00;82;sem vítima;494;BR-153/GO;Sul;Colisão Traseira;;;;;;;;;;2;2;;;;
12/05/2017;08:15:00;92;sem vítima;494;BR-153/GO;Norte;Engavetamento;2;;;;;;;;;1;3;;;;
12/05/2017;08:57:00;112;sem vítima;501;BR-153/GO;Norte;Colisão Traseira;1;;1;;;;;;;;2;;;;
12/05/2017;14:27:00;271;sem vítima;14,4;BR-060/GO;Sul;Choque - Outros;1;;1;;;;;;;;2;;;;
12/05/2017;14:59:00;281;sem vítima;477,685;BR-262/MG;Oeste;Colisão Transversal;2;;;;;;;;;;2;;;;
12/05/2017;17:31:00;358;sem vítima;409;BR-262/MG;Oeste;Capotamento;1;;;;;;;;;;1;;;;
12/05/2017;18:43:00;402;sem vítima;423,282;BR-262/MG;Oeste;Colisão Lateral;1;;;1;;;;;;;2;;;;
12/05/2017;19:08:00;413;sem vítima;9,5;BR-153/MG;Norte;Colisão Traseira;;;1;;;1;;;;;2;;;;
12/05/2017;20:23:00;434;com vítima;425,652;BR-262/MG;Leste;Capotamento;1;;1;;;;;;;;2;1;;;
12/05/2017;20:24:00;435;sem vítima;523,01;BR-262/MG;Leste;Atropelamento de Animal;;;1;;;;1;;;;2;;;;
12/05/2017;20:37:00;440;sem vítima;89;BR-060/GO;Sul;Colisão Traseira;1;;;;1;;;;;;2;;;;
12/05/2017;22:32:00;492;com vítima;369;BR-262/MG;Leste;Saida de Pista;1;;;;;;;;;;0;1;;;
12/05/2017;22:56:00;505;sem vítima;137,061;BR-060/GO;Sul;Capotamento;1;;;;;;;;;;1;;;;
13/05/2017;00:36:00;15;sem vítima;58,5;BR-153/MG;Norte;Colisão Traseira;;;1;;;1;;;;;2;;;;
13/05/2017;03:14:00;41;sem vítima;492,237;BR-262/MG;Leste;Saida de Pista;1;;;;;;;;;;1;;;;
13/05/2017;05:02:00;54;com vítima;112,466;BR-060/GO;Sul;Colisão Traseira;1;;1;;;;;;;;1;1;;;