data;horario;n_da_ocorrencia;tipo_de_ocorrencia;km;trecho;sentido;tipo_de_acidente;automovel;bicicleta;caminhao;moto;onibus;outros;tracao_animal;transporte_de_cargas_especiais;trator_maquinas;utilitarios;ilesos;levemente_feridos;moderadamente_feridos;gravemente_feridos;mortos
13/05/2017;09:16:00;125;sem vítima;506,176;BR-153/GO;Norte;Choque - Defensa, barreira ou "submarino";1;;;;;1;;;;;2;;;;
13/05/2017;09:54:00;145;sem vítima;101,105;BR-060/GO;Sul;Saida de Pista;1;;;;;1;;;;;2;;;;
13/05/2017;10:19:00;150;com vítima;552,312;BR-262/MG;Oeste;Tombamento;;;1;;;;;;;;0;;;;1
13/05/2017;10:27:00;154;com vítima;495,33;BR-262/MG;Leste;Capotamento;1;;;;;;;;;;0;1;;;
13/05/2017;12:14:00;238;com vítima;368,4;BR-262/MG;Leste;Atropelamento - Ciclista;1;1;;;;;;;;;1;1;;;
13/05/2017;15:28:00;334;com vítima;502;BR-153/GO;Norte;Colisão Traseira;1;;;1;;;;;;;1;;1;;
13/05/2017;16:28:00;367;com vítima;575;BR-262/MG;Oeste;Queda de Ciclista;;1;;;;;;;;;0;1;;;
13/05/2017;16:54:00;377;sem vítima;38,835;BR-060/GO;Sul;Colisão Traseira;;;2;;;;;;;;2;;;;
13/05/2017;17:53:00;399;com vítima;493;BR-153/GO;Norte;Colisão Traseira;1;;;1;;;;;;;1;1;;;
13/05/2017;18:02:00;406;sem vítima;545;BR-153/GO;Sul;;2;;;;;1;;;;;4;;;;
13/05/2017;19:18:00;431;sem vítima;89,988;BR-060/GO;Sul;Colisão Traseira;2;;;;;;;;;;2;;;;
13/05/2017;19:36:00;440;com vítima;39;BR-153/MG;Norte;Colisão Lateral;2;;;;;;;;;;1;4;;;
13/05/2017;21:43:00;485;sem vítima;547;BR-262/MG;Leste;Capotamento;1;;;;;;;;;;1;;;;
14/05/2017;00:45:00;14;sem vítima;800,542;BR-262/MG;Leste;Atropelamento de Animal;1;;;;;;;;;;3;;;;
14/05/2017;00:59:00;18;sem vítima;89,122;BR-060/GO;Sul;Colisão Traseira;2;;;;;;;;;;5;;;;
14/05/2017;01:16:00;20;com vítima;504,929;BR-153/GO;Norte;Queda de Moto;;;;1;;;;;;;0;1;;;
14/05/2017;01:26:00;23;com vítima;357,709;BR-262/MG;Leste;Capotamento;1;;;;;;;;;;0;2;;;
14/05/2017;04:15:00;70;com vítima;492,245;BR-262/MG;Leste;Queda de Moto;;;;1;;;;;;;0;1;;;1
14/05/2017;06:35:00;89;com vítima;138;BR-060/GO;Sul;Colisão Lateral;1;;;;1;;;;;;1;1;;;
14/05/2017;07:24:00;96;sem vítima;563;BR-153/GO;Norte;Choque - Outros;;;1;;;;;;;;1;;;;
14/05/2017;07:37:00;103;sem vítima;6,916;BR-060/DF;Norte;Atropelamento de Animal;1;;;;;;;;;;1;;;;
14/05/2017;09:49:00;180;com vítima;14,69;BR-060/GO;Norte;Queda de Moto;;;;1;;;;;;;0;1;1;;
14/05/2017;11:40:00;235;sem vítima;380;BR-262/MG;Oeste;Saida de Pista;1;;;;;;;;;;1;;;;
14/05/2017;16:35:00;366;sem vítima;393;BR-262/MG;Oeste;Colisão Lateral;2;;;;;;;;;;2;;;;
14/05/2017;16:36:00;367;com vítima;159,83;BR-153/MG;Sul;Tombamento;;;1;;;;;;;;0;1;;;
14/05/2017;18:32:00;425;sem vítima;17,028;BR-060/DF;Norte;Saida de Pista;;;;;;1;;;;1;2;;;;
14/05/2017;18:38:00;427;sem vítima;472;BR-262/MG;Oeste;Colisão Traseira;2;;;;;;;;;;8;;;;
14/05/2017;18:40:00;429;sem vítima;72,002;BR-060/GO;Sul;Capotamento;1;;;;;;;;;;1;;;;
14/05/2017;18:56:00;441;com vítima;5,904;BR-060/GO;Norte;Colisão Traseira;2;;;;;;;;;;6;1;;;
14/05/2017;19:02:00;445;sem vítima;517;BR-153/GO;Sul;Colisão Traseira;3;;;;;;;;;;7;;;;
14/05/2017;19:10:00;452;com vítima;537;BR-153/GO;Norte;Capotamento;2;;;;;;;;;;1;1;;;
14/05/2017;19:58:00;470;sem vítima;6,4;BR-060/DF;Norte;Engavetamento;3;;;;;;;;;;3;;;;
14/05/2017;19:59:00;471;sem vítima;4,137;BR-060/DF;Sul;Colisão Traseira;1;;;1;;;;;;;2;;;;
14/05/2017;23:51:00;541;sem vítima;12,74;BR-153/MG;Sul;Colisão Traseira;2;;;;;;;;;;2;;;;
15/05/2017;05:08:00;38;sem vítima;382;BR-262/MG;Leste;Saida de Pista;1;;;;;;;;;;1;;;;
15/05/2017;06:02:00;51;sem vítima;814,638;BR-262/MG;Leste;Saida de Pista;1;;;;;;;;;;1;;;;
15/05/2017;06:23:00;56;sem vítima;677,608;BR-262/MG;Oeste;Saida de Pista;1;;;;;;;;;;1;;;;
15/05/2017;07:09:00;72;sem vítima;589,2;BR-262/MG;Oeste;Saida de Pista;1;;;;;;;;;;1;;;;
15/05/2017;07:28:00;79;com vítima;590,8;BR-262/MG;Oeste;Saida de Pista;;;1;;;;;;;;0;;1;;
15/05/2017;07:30:00;86;sem vítima;590,8;BR-262/MG;Oeste;Saida de Pista;1;;;;;;;;;;1;;;;
15/05/2017;07:40:00;87;com vítima;654,12;BR-153/GO;Sul;Capotamento;1;;;;;;;;;;0;;1;;
15/05/2017;08:16:00;104;sem vítima;42,705;BR-060/GO;Sul;Choque - Defensa, barreira ou "submarino";;;1;;;;;;;;1;;;;
15/05/2017;08:22:00;116;sem vítima;595;BR-262/MG;Leste;Colisão Lateral;;;2;;;;;;;;2;;;;
15/05/2017;08:27:00;120;com vítima;503,863;BR-153/GO;Sul;Choque - Defensa, barreira ou "submarino";;;1;;;;;;;;1;1;;;
15/05/2017;08:35:00;124;sem vítima;547;BR-262/MG;Leste;Saida de Pista;1;;;;;;;;;;1;;;;
15/05/2017;11:25:00;207;sem vítima;446,9;BR-262/MG;Oeste;Colisão Transversal;1;;;1;;;;;;;2;;;;
15/05/2017;12:05:00;241;com vítima;610;BR-153/GO;Norte;Colisão Lateral;1;;;1;;;;;;;1;1;;;
15/05/2017;12:31:00;256;sem vítima;8,079;BR-060/GO;Norte;Saida de Pista;1;;;;;;;;;;1;;;;
15/05/2017;12:53:00;267;sem vítima;593;BR-153/GO;Sul;Saida de Pista;1;;;;;1;;;;;2;;;;
15/05/2017;13:07:00;275;sem vítima;18,446;BR-060/DF;Sul;Colisão Traseira;;;2;;;;;;;;3;;;;
15/05/2017;14:24:00;311;com vítima;583,999;BR-262/MG;Leste;Colisão Lateral;1;;2;;;;;;;;1;2;;;
15/05/2017;15:30:00;340;sem vítima;514;BR-153/GO;Norte;Colisão Lateral;2;;;;;;;;;;2;;;;
15/05/2017;16:28:00;371;sem vítima;585;BR-262/MG;Leste;Colisão Traseira;;;1;;;;;;;1;3;;;;
15/05/2017;17:57:00;411;com vítima;106;BR-060/GO;Norte;Queda de Moto;;;;1;;;;;;;0;1;;;
15/05/2017;18:11:00;418;com vítima;17,535;BR-060/DF;Norte;Atropelamento de Animal;3;;;;;;;;;;2;4;;;
15/05/2017;18:22:00;426;com vítima;510,5;BR-153/GO;Norte;Colisão Traseira;2;;;;;;;;;;1;1;;;
16/05/2017;05:54:00;63;sem vítima;32;BR-153/MG;Norte;;1;;;;;;;;;;2;;;;
16/05/2017;06:05:00;65;sem vítima;552,996;BR-262/MG;Oeste;Choque - Talude;;;;;;;;;;1;1;;;;
16/05/2017;07:42:00;92;sem vítima;598;BR-153/GO;Norte;Tombamento;;;1;;;;;;;;1;;;;
16/05/2017;07:47:00;96;sem vítima;499,773;BR-153/GO;Sul;Engavetamento;1;;1;;;1;;;;;3;;;;
16/05/2017;09:08:00;145;sem vítima;685;BR-153/GO;Norte;Colisão Traseira;;;2;;;;;;;;2;;;;
16/05/2017;11:38:00;232;sem vítima;380,8;BR-262/MG;Oeste;Saida de Pista;1;;;;;;;;;;1;;;;
16/05/2017;11:44:00;234;sem vítima;439;BR-262/MG;Leste;Saida de Pista;1;;;;;;;;;;1;;;;
16/05/2017;11:46:00;237;com vítima;442;BR-262/MG;Leste;Saida de Pista;1;;;;;;;;;;0;;1;;
16/05/2017;14:27:00;292;sem vítima;360,429;BR-262/MG;Oeste;Colisão Transversal;1;;1;;;1;;;;;3;;;;
16/05/2017;14:30:00;294;sem vítima;607,879;BR-262/MG;Oeste;Saida de Pista;1;;;;;;;;;;1;;;;
16/05/2017;15:21:00;317;sem vítima;89,173;BR-060/GO;Sul;Saida de Pista;1;;;;;;;;;;1;;;;
16/05/2017;15:22:00;320;com vítima;210,001;BR-153/MG;Sul;Tombamento;;;1;;;;;;;;0;;;;1
16/05/2017;15:35:00;325;sem vítima;112,251;BR-060/GO;Norte;;;;;;;;;;;1;1;;;;
16/05/2017;16:40:00;369;com vítima;810,422;BR-262/MG;Leste;Queda de Moto;;;;1;;;;;;;0;1;1;;
16/05/2017;17:14:00;383;com vítima;56;BR-153/MG;Norte;Capotamento;1;;;;;;;;;;0;1;;;
16/05/2017;17:26:00;393;com vítima;508,407;BR-153/GO;Sul;Queda de Moto;;;;1;;;;;;;0;3;;;
16/05/2017;17:42:00;402;sem vítima;500,848;BR-153/GO;Norte;Tombamento;;;1;;;;;;;;1;;;;
16/05/2017;18:34:00;416;com vítima;442,885;BR-262/MG;Leste;Atropelamento - Usuário;1;;;;;;;;;;1;1;;;
16/05/2017;19:46:00;441;com vítima;422,724;BR-262/MG;Leste;Colisão Traseira;1;;1;1;;;;;;;1;5;;;
16/05/2017;20:03:00;449;com vítima;210,001;BR-153/MG;Sul;Tombamento;;;1;;;;;;;;0;1;;;
17/05/2017;01:04:00;18;com vítima;9,001;BR-060/DF;Norte;Queda de Moto;;;;1;;;;;;;0;;1;;
17/05/2017;07:38:00;99;sem vítima;553,257;BR-262/MG;Oeste;Tombamento;;;1;;;;;;;;1;;;;
17/05/2017;07:42:00;105;sem vítima;127,642;BR-060/GO;Norte;Saida de Pista;1;;;;;;;;;;1;;;;
17/05/2017;08:35:00;140;sem vítima;26,19;BR-060/DF;Norte;Saida de Pista;1;;;;;;;;;;1;;;;
17/05/2017;13:03:00;290;sem vítima;596,1;BR-153/GO;Sul;Capotamento;1;;;;;;;;;;1;;;;
17/05/2017;14:13:00;315;sem vítima;60;BR-060/GO;Norte;Colisão Traseira;1;;1;;;;;;;;2;;;;
17/05/2017;17:07:00;403;sem vítima;121,912;BR-060/GO;Sul;Saida de Pista;;;1;;;;;;;;1;;;;
17/05/2017;17:33:00;419;sem vítima;514,214;BR-153/GO;Norte;Colisão Lateral;1;;;;;;;;;1;2;;;;
17/05/2017;19:31:00;474;com vítima;494,595;BR-153/GO;Sul;Colisão Traseira;1;;;;;;;;;1;0;5;;;
17/05/2017;23:40:00;539;sem vítima;210,1;BR-153/MG;Norte;Saida de Pista;1;;;;;;;;;;1;;;;
18/05/2017;07:25:00;104;com vítima;99,798;BR-060/GO;Norte;Queda de Moto;;;;1;;;;;;;0;1;;;
18/05/2017;07:32:00;109;sem vítima;136,235;BR-060/GO;Sul;Capotamento;1;;;;;;;;;;1;;;;
18/05/2017;09:51:00;199;sem vítima;555,401;BR-153/GO;Norte;Tombamento;1;;;;;;;;;;1;;;;
18/05/2017;10:10:00;214;com vítima;83,92;BR-060/GO;Sul;Saida de Pista;1;;;;;;;;;;0;1;;;
18/05/2017;13:14:00;310;sem vítima;550;BR-262/MG;Oeste;Saida de Pista;;;1;;;;;;;;1;;;;
18/05/2017;14:21:00;335;sem vítima;507,8;BR-153/GO;Sul;Colisão Traseira;1;;1;;;;;;;;2;;;;
18/05/2017;14:28:00;342;sem vítima;119,6;BR-060/GO;Sul;Saida de Pista;1;;;;;;;;;;1;;;;
18/05/2017;14:30:00;347;sem vítima;635,7;BR-153/GO;Sul;Tombamento;;;1;;;;;;;;2;;;;
18/05/2017;14:45:00;355;sem vítima;47,147;BR-060/GO;Norte;Saida de Pista;1;;;;;;;;;;1;;;;
18/05/2017;15:01:00;372;com vítima;499,49;BR-153/GO;Sul;Colisão Traseira;1;;1;;;;;;;;2;1;;;
18/05/2017;16:41:00;440;com vítima;526,315;BR-153/GO;Norte;Saida de Pista;1;;1;;;;;;;;1;2;;;
18/05/2017;16:51:00;446;sem vítima;776,2;BR-262/MG;Leste;Colisão Lateral;;;3;;;;;;;;3;;;;
18/05/2017;17:43:00;473;sem vítima;99;BR-060/GO;Norte;Saida de Pista;1;;;;;;;;;;1;;;;
18/05/2017;18:17:00;490;com vítima;29,904;BR-060/GO;Sul;Colisão Traseira;1;;1;;;;;;;;1;1;;;
18/05/2017;19:13:00;515;sem vítima;417;BR-262/MG;Leste;Colisão Transversal;1;;1;;;;;;;;2;;;;
18/05/2017;19:16:00;516;sem vítima;565;BR-153/GO;Sul;Atropelamento - Outros;1;;;;;;;;;;1;;;;
18/05/2017;19:20:00;517;com vítima;75,423;BR-060/GO;Sul;Colisão Lateral;;;;1;;;;;;1;0;3;;;
18/05/2017;20:24:00;542;sem vítima;245,001;BR-153/MG;Sul;Colisão Lateral;2;;;;;;;;;;2;;;;
19/05/2017;02:10:00;31;com vítima;801;BR-262/MG;Leste;Tombamento;1;;;;;;;;;;0;1;;;
19/05/2017;05:58:00;72;com vítima;77,774;BR-060/GO;Norte;Saida de Pista;;;1;;;;;;;;0;1;;;
19/05/2017;06:10:00;74;com vítima;703,146;BR-153/GO;Sul;Saida de Pista;;;2;;;;;;;;2;1;;;
19/05/2017;06:13:00;75;com vítima;81,293;BR-060/GO;Norte;Colisão Traseira;;;;;2;;;;;;3;5;2;;
19/05/2017;07:26:00;101;com vítima;378,49;BR-262/MG;Leste;Capotamento;;;1;;;;;;;;0;;;1;
19/05/2017;07:56:00;123;sem vítima;746;BR-262/MG;Leste;Saida de Pista;1;;;;;;;;;;1;;;;
19/05/2017;08:06:00;128;com vítima;91,897;BR-060/GO;Sul;Colisão Traseira;2;;;;;;;;;1;3;1;;;
19/05/2017;08:21:00;138;sem vítima;595,1;BR-262/MG;Oeste;Saida de Pista;;;;;;;;;;1;1;;;;
19/05/2017;10:04:00;207;com vítima;479,771;BR-262/MG;Leste;Colisão Traseira;;;;;1;;;;;1;2;2;;;
19/05/2017;10:36:00;228;sem vítima;471,2;BR-262/MG;Oeste;Saida de Pista;;;;;;;;;;1;1;;;;
19/05/2017;11:29:00;260;com vítima;381,401;BR-262/MG;Leste;Capotamento;;;;;;;;;;1;0;;2;;
19/05/2017;12:56:00;304;com vítima;71,994;BR-060/GO;Norte;Capotamento;1;;;;;;;;;;0;1;;;
19/05/2017;13:16:00;318;sem vítima;495,629;BR-153/GO;Sul;Colisão Traseira;2;;;;;;;;;;2;;;;
19/05/2017;14:51:00;373;sem vítima;381,756;BR-262/MG;Oeste;Saida de Pista;;;1;;;;;;;;1;;;;
19/05/2017;14:55:00;374;sem vítima;586;BR-262/MG;Leste;Saida de Pista;1;;;;;;;;;;1;;;;
19/05/2017;14:58:00;376;sem vítima;114;BR-153/MG;Sul;Saida de Pista;1;;;;;;;;;;1;;;;
19/05/2017;18:02:00;481;sem vítima;442,5;BR-262/MG;Oeste;Colisão Traseira;1;;;;;;;;;1;2;;;;
19/05/2017;18:07:00;483;sem vítima;478,856;BR-262/MG;Oeste;Colisão Traseira;;;1;1;;;;;;;2;;;;
19/05/2017;20:02:00;548;sem vítima;580;BR-262/MG;Oeste;Saida de Pista;1;;;;;;;;;;1;;;;
19/05/2017;20:35:00;560;com vítima;611,656;BR-262/MG;Oeste;Carreta deu L;;;1;;;;;;;;0;1;;;
19/05/2017;21:09:00;573;com vítima;442,512;BR-262/MG;Oeste;Capotamento;;;;;;;;;;1;0;1;;;
19/05/2017;22:29:00;595;com vítima;481,512;BR-262/MG;Leste;Tombamento;;;1;;;;;;;;0;1;;;
19/05/2017;22:31:00;596;com vítima;510,28;BR-153/GO;Sul;Colisão Traseira;;;;1;;1;;;;;2;1;;;
19/05/2017;23:00:00;604;sem vítima;101;BR-153/MG;Norte;;;;1;;;;;;;;1;;;;
19/05/2017;23:54:00;619;com vítima;513,104;BR-153/GO;Norte;;1;;;;;;;;;;0;1;;;
20/05/2017;04:56:00;44;sem vítima;364,415;BR-262/MG;Oeste;Choque - Suporte de Sinalização;1;;;;;;;;;;1;;;;
20/05/2017;05:03:00;45;sem vítima;625,505;BR-153/GO;Sul;Saida de Pista;1;;;;;;;;;;2;;;;
20/05/2017;05:34:00;49;com vítima;710;BR-262/MG;Oeste;Saida de Pista;;;;;;;;;;1;0;1;;;
20/05/2017;06:14:00;59;sem vítima;381,642;BR-262/MG;Oeste;Capotamento;1;;;;;;;;;;1;;;;
20/05/2017;06:56:00;64;com vítima;90,086;BR-060/GO;Sul;Capotamento;2;;;;;;;;;;2;;;1;
20/05/2017;07:15:00;72;sem vítima;379,052;BR-262/MG;Oeste;Capotamento;;;;;;;;;;1;1;;;;
20/05/2017;08:25:00;106;sem vítima;549;BR-262/MG;Oeste;Saida de Pista;;;;;;;;;;1;5;;;;
20/05/2017;08:39:00;114;sem vítima;381,677;BR-262/MG;Oeste;Saida de Pista;1;;;;;;;;;;1;;;;
20/05/2017;09:10:00;127;sem vítima;709,511;BR-262/MG;Leste;Capotamento;1;;;;;;;;;;1;;;;
20/05/2017;09:15:00;129;sem vítima;558;BR-153/GO;Norte;Saida de Pista;1;;;;;;;;;;3;;;;
20/05/2017;09:41:00;143;sem vítima;663;BR-153/GO;Sul;Saida de Pista;;;;;;;;;;1;1;;;;
20/05/2017;10:05:00;154;sem vítima;460,5;BR-262/MG;Oeste;Colisão Traseira;3;;;;;;;;;1;4;;;;
20/05/2017;10:39:00;168;sem vítima;516,678;BR-153/GO;Sul;Saida de Pista;1;;;;;;;;;;1;;;;
20/05/2017;11:00:00;176;sem vítima;891;BR-262/MG;Leste;Saida de Pista;;;;;;;;;;1;1;;;;
20/05/2017;11:11:00;182;sem vítima;517,021;BR-153/GO;Norte;Queda de Moto;;;;1;;;;;;;1;;;;
20/05/2017;11:39:00;195;com vítima;130,201;BR-060/GO;Sul;Colisão Traseira;1;;1;;;;;;;;1;1;1;;
20/05/2017;12:17:00;214;sem vítima;43,7;BR-153/MG;Sul;Saida de Pista;1;;;;;;;;;;1;;;;
20/05/2017;12:23:00;216;com vítima;803,461;BR-262/MG;Leste;Queda de Moto;;;;2;;;;;;;1;;1;;
20/05/2017;13:04:00;232;sem vítima;362,109;BR-262/MG;Oeste;Saida de Pista;1;;;;;;;;;;1;;;;
20/05/2017;13:21:00;238;sem vítima;1,908;BR-060/DF;Sul;;2;;;;;;;;;1;3;;;;
20/05/2017;13:32:00;243;sem vítima;28,315;BR-060/GO;Norte;Saida de Pista;1;;;;;;;;;;2;;;;
20/05/2017;13:43:00;249;sem vítima;580;BR-153/GO;Sul;;1;;;;;;;;;;1;;;;
20/05/2017;14:24:00;268;sem vítima;591,95;BR-153/GO;Norte;;1;;;;;;;;;;1;;;;
20/05/2017;15:31:00;295;sem vítima;91,124;BR-060/GO;Norte;Saida de Pista;1;;;;;;;;;;1;;;;
20/05/2017;15:51:00;313;sem vítima;507,102;BR-153/GO;Norte;Colisão Transversal;1;;1;;;;;;;;2;;;;
20/05/2017;16:19:00;326;sem vítima;96,783;BR-060/GO;Norte;Choque - Defensa, barreira ou "submarino";1;;;;;;;;;;1;;;;
20/05/2017;16:22:00;327;sem vítima;503,389;BR-153/GO;Sul;Queda de Moto;;;;1;;;;;;;1;;;;
20/05/2017;16:24:00;329;sem vítima;789;BR-262/MG;Oeste;Saida de Pista;;;;1;;;;;;;1;;;;
20/05/2017;18:06:00;367;sem vítima;499,105;BR-153/GO;Sul;Choque - Defensa, barreira ou "submarino";1;;;;;;;;;;1;;;;
20/05/2017;20:14:00;418;com vítima;442;BR-262/MG;Oeste;Atropelamento - Usuário;;;;1;;;;;;;1;1;;;
20/05/2017;20:27:00;427;com vítima;801,558;BR-262/MG;Oeste;Atropelamento - Ciclista;1;1;;;;;;;;;1;;1;;
20/05/2017;21:19:00;444;com vítima;441,382;BR-262/MG;Leste;Colisão Traseira;1;;;1;;;;;;;1;;1;;
20/05/2017;21:53:00;449;sem vítima;94,115;BR-060/GO;Sul;Capotamento;1;;;;;;;;;;1;;;;
20/05/2017;21:59:00;459;com vítima;94,654;BR-060/GO;Sul;Colisão Traseira;2;;;;;;;;;;2;;1;;
20/05/2017;22:53:00;462;com vítima;181,087;BR-153/MG;Norte;;1;;;2;;;;;;;2;;;1;
21/05/2017;03:56:00;31;com vítima;122,094;BR-060/GO;Norte;Colisão Frontal;1;;;1;;;;;;;2;1;;;
21/05/2017;06:07:00;48;com vítima;800,931;BR-262/MG;Oeste;Queda de Moto;;;;1;;;;;;;0;;1;;
21/05/2017;06:10:00;49;com vítima;48,186;BR-060/GO;Sul;Capotamento;1;;;;;;;;;;0;1;;;
21/05/2017;06:51:00;56;sem vítima;126,49;BR-060/GO;Norte;Saida de Pista;1;;;;;;;;;;2;;;;
21/05/2017;08:15:00;77;com vítima;2,968;BR-060/DF;Sul;Colisão Lateral;1;;;1;;;;;;;1;1;;;
21/05/2017;09:48:00;132;sem vítima;610,801;BR-262/MG;Leste;Saida de Pista;;;1;;;;;;;;1;;;;
21/05/2017;11:40:00;199;com vítima;432;BR-262/MG;Oeste;Saida de Pista;1;;;;;;;;;;0;4;;;
21/05/2017;14:00:00;273;com vítima;801;BR-262/MG;Oeste;Capotamento;1;;;;;;;;;;0;;3;;
21/05/2017;14:38:00;301;com vítima;462;BR-262/MG;Oeste;Colisão Lateral;2;;;;;;;;;;0;2;;;
21/05/2017;15:34:00;330;sem vítima;103,647;BR-060/GO;Sul;Saida de Pista;1;;;;;;;;;;1;;;;
21/05/2017;16:22:00;353;com vítima;838,95;BR-262/MG;Leste;Colisão Lateral;1;;1;;;;;;;;0;;1;1;
21/05/2017;16:34:00;361;sem vítima;359;BR-262/MG;Leste;Saida de Pista;1;;;;;;;;;;1;;;;
21/05/2017;17:23:00;386;sem vítima;29,689;BR-060/DF;Sul;Saida de Pista;;;;;;;;;;1;1;;;;
21/05/2017;17:42:00;396;sem vítima;10,906;BR-060/GO;Norte;;1;;;;;;;;;;1;;;;
21/05/2017;17:58:00;411;sem vítima;105,91;BR-060/GO;Norte;Saida de Pista;1;;;;;;;;;;1;;;;
21/05/2017;17:59:00;412;sem vítima;105,802;BR-060/GO;Norte;;1;;;;;;;;;;2;;;;
21/05/2017;18:36:00;439;sem vítima;490,915;BR-153/GO;Norte;Saida de Pista;2;;;;;;;;;;2;;;;
21/05/2017;18:58:00;446;sem vítima;101;BR-060/GO;Norte;Colisão Traseira;1;;;;;;;;;1;2;;;;
21/05/2017;19:24:00;453;sem vítima;717;BR-262/MG;Oeste;Saida de Pista;1;;;;;;;;;;1;;;;
21/05/2017;20:12:00;472;com vítima;365;BR-262/MG;Leste;Colisão Traseira;1;;;;;1;;;;;1;1;;;
22/05/2017;00:00:00;1;sem vítima;580;BR-262/MG;Oeste;Saida de Pista;1;;;;;;;;;;1;;;;
22/05/2017;02:04:00;23;sem vítima;70,733;BR-060/GO;Norte;Saida de Pista;1;;;;;;;;;;1;;;;
22/05/2017;03:50:00;41;sem vítima;210;BR-153/MG;Norte;Saida de Pista;;;1;;;;;;;;1;;;;
22/05/2017;04:56:00;50;sem vítima;595;BR-153/GO;Sul;Saida de Pista;1;;;;;;;;;;1;;;;
22/05/2017;05:04:00;55;sem vítima;619,874;BR-262/MG;Leste;Colisão Traseira;;;2;;;;;;;;2;;;;
22/05/2017;07:00:00;87;com vítima;98,716;BR-060/GO;Sul;Colisão Traseira;3;;;1;;;;;;;3;1;;;
22/05/2017;07:09:00;91;com vítima;48,177;BR-060/GO;Norte;Saida de Pista;1;;;;;;;;;;0;1;;;
22/05/2017;07:43:00;104;sem vítima;494,856;BR-153/GO;Sul;Colisão Traseira;1;;;;;;;;;1;2;;;;
22/05/2017;10:40:00;258;sem vítima;500,765;BR-153/GO;Norte;Colisão Traseira;;;1;;;;;;;1;2;;;;
22/05/2017;12:58:00;359;com vítima;96,845;BR-060/GO;Sul;Colisão Traseira;1;;;1;;;;;;;1;1;;;
22/05/2017;15:01:00;422;sem vítima;96,143;BR-060/GO;Sul;Saida de Pista;1;;;;;;;;;;1;;;;
22/05/2017;15:41:00;451;sem vítima;43;BR-060/GO;Sul;Colisão Lateral;1;;1;;;;;;;;2;;;;
22/05/2017;16:28:00;475;sem vítima;497,844;BR-153/GO;Norte;Colisão Traseira;;;;1;;;;;;1;2;;;;
22/05/2017;18:19:00;536;sem vítima;503;BR-153/GO;Norte;Engavetamento;2;;;;;;;;;;2;;;;
22/05/2017;18:30:00;542;com vítima;93;BR-060/GO;Sul;Queda de Moto;;;;1;;;;;;;0;1;;;
22/05/2017;18:58:00;564;com vítima;528;BR-153/GO;Sul;Atropelamento - Ciclista;;1;1;;;;;;;;1;;1;;
22/05/2017;19:23:00;582;sem vítima;382,407;BR-262/MG;Oeste;Choque - Suporte de Sinalização;1;;;;;;;;;;2;;;;
22/05/2017;19:27:00;584;sem vítima;607,9;BR-262/MG;Oeste;Capotamento;1;;;;;;;;;;3;;;;
22/05/2017;22:04:00;646;sem vítima;114,914;BR-060/GO;Sul;Saida de Pista;;;1;;;;;;;;1;;;;
22/05/2017;22:23:00;675;sem vítima;549;BR-262/MG;Leste;Objeto lançado contra veículo;;;2;;;;;;;;2;;;;
23/05/2017;02:48:00;20;sem vítima;488,38;BR-262/MG;Oeste;Saida de Pista;;;1;;;;;;;;1;;;;
23/05/2017;03:09:00;24;sem vítima;580;BR-262/MG;Leste;Saida de Pista;1;;;;;;;;;;1;;;;
23/05/2017;06:40:00;84;sem vítima;112,708;BR-060/GO;Norte;;;;1;;;;;;;;1;;;;
23/05/2017;07:52:00;116;sem vítima;12;BR-060/DF;Norte;Colisão Transversal;;;1;1;;;;;;;2;;;;
23/05/2017;08:22:00;139;sem vítima;738,02;BR-262/MG;Leste;Saida de Pista;1;;;;;;;;;;1;;;;
23/05/2017;09:52:00;214;sem vítima;814,649;BR-262/MG;Oeste;Saida de Pista;1;;;;;;;;;;1;;;;
23/05/2017;10:09:00;237;sem vítima;499,766;BR-153/GO;Sul;Colisão Lateral;1;;1;;;;;;;;3;;;;
23/05/2017;11:03:00;261;com vítima;380,401;BR-262/MG;Oeste;Saida de Pista;;;1;;;;;;;;0;1;;;
23/05/2017;13:03:00;308;sem vítima;24,5;BR-153/MG;Sul;Tombamento;;;1;;;;;;;;1;;;;
23/05/2017;15:19:00;380;com vítima;67,358;BR-153/MG;Sul;Tombamento;;;;;;1;;;1;;1;1;;;
23/05/2017;15:58:00;399;com vítima;546,611;BR-262/MG;Oeste;Tombamento;;;1;;;;;;;;0;1;;;
23/05/2017;16:44:00;420;sem vítima;689,08;BR-262/MG;Oeste;Saida de Pista;;;1;;;;;;;;2;;;;
23/05/2017;16:47:00;421;sem vítima;522,7;BR-153/GO;Sul;;;;1;;;;;;;;2;;;;
23/05/2017;17:26:00;432;sem vítima;749,234;BR-262/MG;Leste;Carreta deu L;;;1;;;;;;;;1;;;;
23/05/2017;18:00:00;444;com vítima;415,787;BR-262/MG;Oeste;Colisão Traseira;;;;1;;;;;;1;0;1;;1;
23/05/2017;21:13:00;512;sem vítima;502;BR-153/GO;Norte;Queda de Ciclista;;;;1;;;;;;;1;;;;
24/05/2017;10:02:00;184;sem vítima;93,956;BR-060/GO;Sul;Colisão Traseira;2;;;;;;;;;;4;;;;
24/05/2017;11:51:00;238;sem vítima;96,564;BR-060/GO;Sul;Colisão Lateral;1;;1;;;;;;;;2;;;;
24/05/2017;12:06:00;249;com vítima;546,8;BR-153/GO;Sul;Queda de Moto;;;;1;;;;;;;0;2;;;
24/05/2017;14:12:00;314;com vítima;147,999;BR-153/MG;Sul;Colisão Lateral;;;1;;;;;;;1;1;2;;1;
24/05/2017;17:06:00;403;sem vítima;19,063;BR-060/DF;Sul;Saida de Pista;1;;;;;;;;;;1;;;;
24/05/2017;17:48:00;425;sem vítima;129,226;BR-060/GO;Norte;Choque - Suporte de Sinalização;1;;;;;;;;;;1;;;;