data;horario;n_da_ocorrencia;tipo_de_ocorrencia;km;trecho;sentido;tipo_de_acidente;automovel;bicicleta;caminhao;moto;onibus;outros;tracao_animal;transporte_de_cargas_especiais;trator_maquinas;utilitarios;ilesos;levemente_feridos;moderadamente_feridos;gravemente_feridos;mortos
24/05/2017;18:09:00;440;sem vítima;11,104;BR-060/GO;Sul;Choque - Defensa, barreira ou "submarino";1;;1;;;;;;;;2;;;;
24/05/2017;18:56:00;465;com vítima;111,5;BR-153/MG;Norte;Colisão Lateral;1;;1;;;;;;;;1;1;;;
24/05/2017;21:18:00;527;com vítima;423;BR-262/MG;Oeste;Colisão Traseira;;;2;;;;;;;;0;2;;;
25/05/2017;00:03:00;2;com vítima;712;BR-262/MG;Leste;Colisão Traseira;;;2;;;;;;;;0;2;;;
25/05/2017;00:38:00;14;sem vítima;131,662;BR-153/MG;Sul;Colisão Lateral;;;2;;;;;;;;2;;;;
25/05/2017;07:47:00;83;com vítima;699,679;BR-153/GO;Norte;Tombamento;;;1;;;;;;;;0;1;;;
25/05/2017;08:08:00;94;sem vítima;500;BR-153/GO;Sul;Colisão Traseira;2;;;;;;;;;;2;;;;
25/05/2017;08:13:00;99;sem vítima;509;BR-153/GO;Norte;Colisão Traseira;1;;1;;;;;;;;2;;;;
25/05/2017;09:03:00;128;com vítima;20;BR-060/GO;Norte;Colisão Traseira;1;;1;;;;;;;;1;2;;;
25/05/2017;13:47:00;266;sem vítima;501,277;BR-153/GO;Sul;Engavetamento;3;;;;;;;;;;3;;;;
25/05/2017;14:49:00;317;com vítima;363,875;BR-262/MG;Oeste;Capotamento;;;1;;;;;;;;0;;;;1
25/05/2017;15:21:00;336;sem vítima;53,259;BR-060/GO;Norte;Choque - Defensa, barreira ou "submarino";1;;;;;;;;;;1;;;;
25/05/2017;16:22:00;376;com vítima;14,88;BR-153/MG;Norte;Tombamento;;;1;;;;;;;;1;1;;;
25/05/2017;17:33:00;410;sem vítima;449,47;BR-262/MG;Leste;Colisão Traseira;2;;;;;;;;;;2;;;;
25/05/2017;18:27:00;435;com vítima;42,8;BR-153/MG;Norte;Capotamento;1;;1;;;;;;;;1;1;;;
25/05/2017;18:39:00;441;sem vítima;93,601;BR-060/GO;Norte;Colisão Lateral;1;;1;;;;;;;;2;;;;
25/05/2017;19:30:00;463;sem vítima;2,609;BR-060/DF;Sul;Queda de Moto;;;;1;;1;;;;;2;;;;
25/05/2017;20:06:00;474;com vítima;364,8;BR-262/MG;Oeste;Colisão Traseira;;;;2;;;;;;;1;1;;;
25/05/2017;21:03:00;493;sem vítima;692,9;BR-153/GO;Sul;Colisão Lateral;;;2;;;;;;;;2;;;;
25/05/2017;21:28:00;500;sem vítima;480;BR-262/MG;Leste;Colisão Traseira;1;;1;;;;;;;;2;;;;
26/05/2017;06:59:00;89;sem vítima;479,001;BR-262/MG;Leste;Colisão Traseira;2;;;;;;;;;;2;;;;
26/05/2017;08:05:00;116;com vítima;96,079;BR-060/GO;Sul;Colisão Lateral;2;;;2;;;;;;;3;1;;;
26/05/2017;08:27:00;133;sem vítima;95,762;BR-060/GO;Sul;Colisão Traseira;3;;;;;1;;;;;4;;;;
26/05/2017;08:44:00;148;sem vítima;502;BR-153/GO;Sul;Colisão Traseira;2;;;;;;;;;;2;;;;
26/05/2017;10:11:00;218;com vítima;11,298;BR-060/DF;Sul;Capotamento;1;;;;;;;;;;0;1;;;
26/05/2017;11:24:00;275;sem vítima;803,001;BR-262/MG;Leste;Colisão Traseira;1;;1;;;;;;;;2;;;;
26/05/2017;11:26:00;277;com vítima;96,113;BR-060/GO;Norte;Colisão Lateral;;;;2;;;;;;;0;2;;;
26/05/2017;15:43:00;410;com vítima;513,819;BR-153/GO;Norte;Atropelamento - Ciclista;1;1;;;;;;;;;1;;1;;
26/05/2017;17:25:00;473;sem vítima;24,5;BR-153/MG;Sul;Capotamento;1;;;;;;;;;;1;;;;
26/05/2017;17:56:00;490;sem vítima;374;BR-262/MG;Leste;Capotamento;1;;;;;;;;;;2;;;;
26/05/2017;19:13:00;512;sem vítima;498,71;BR-153/GO;Sul;Colisão Traseira;2;;;;;;;;;;2;;;;
26/05/2017;19:37:00;527;sem vítima;14,403;BR-060/GO;Norte;Saida de Pista;;;;;;;;;;1;1;;;;
26/05/2017;20:18:00;548;sem vítima;96,46;BR-060/GO;Sul;Colisão Lateral;1;;;1;;;;;;;2;;;;
27/05/2017;00:10:00;7;com vítima;568;BR-262/MG;Leste;Saida de Pista;;;1;;;;;;;;0;;1;;
27/05/2017;04:30:00;71;com vítima;354,609;BR-262/MG;Leste;Queda de Moto;;;;1;;;;;;;0;2;;;
27/05/2017;05:22:00;84;sem vítima;27;BR-060/DF;Norte;Saida de Pista;1;;;;;;;;;;1;;;;
27/05/2017;08:46:00;154;sem vítima;774;BR-262/MG;Oeste;Colisão Traseira;1;;;;;;;;;1;2;;;;
27/05/2017;08:46:00;156;com vítima;28,734;BR-060/GO;Sul;Colisão Traseira;1;;;;1;;;;;;0;2;;;
27/05/2017;09:07:00;169;sem vítima;358;BR-262/MG;Leste;Saida de Pista;1;;;;;;;;;;1;;;;
27/05/2017;09:36:00;184;com vítima;401,001;BR-262/MG;Leste;Colisão Traseira;1;;1;;;;;;;;1;1;;;
27/05/2017;12:26:00;265;com vítima;128,325;BR-060/GO;Norte;Colisão Traseira;1;;1;;;;;;;1;2;1;;;
27/05/2017;14:45:00;327;com vítima;444,763;BR-262/MG;Oeste;Colisão Traseira;2;;;;;;;;;;0;6;;1;
27/05/2017;16:36:00;377;sem vítima;394,9;BR-262/MG;Leste;Colisão Traseira;3;;;;;;;;;;3;;;;
27/05/2017;18:25:00;430;com vítima;492;BR-262/MG;Oeste;Queda de Moto;;;;1;;;;;;;0;1;1;;
27/05/2017;18:32:00;433;sem vítima;714;BR-262/MG;Leste;Saida de Pista;1;;;;;;;;;;1;;;;
27/05/2017;18:35:00;435;com vítima;94,38;BR-060/GO;Sul;Choque - Suporte de Sinalização;1;;;;;;;;;;0;;1;;
27/05/2017;19:47:00;472;sem vítima;119;BR-153/MG;Sul;Atropelamento de Animal;1;;;;;;;;;;1;;;;
28/05/2017;03:34:00;35;com vítima;188,2;BR-153/MG;Sul;Tombamento;1;;1;;;;;;;;0;2;;;
28/05/2017;03:45:00;40;sem vítima;245,001;BR-153/MG;Sul;Saida de Pista;1;;;;;;;;;;1;;;;
28/05/2017;03:56:00;42;sem vítima;505,821;BR-153/GO;Norte;Colisão Traseira;2;;;;;;;;;;2;;;;
28/05/2017;06:08:00;62;com vítima;138;BR-060/GO;Sul;Queda de Moto;;;;1;;;;;;;0;1;;;
28/05/2017;10:56:00;146;com vítima;379,815;BR-262/MG;Leste;Queda de Moto;;;;1;;;;;;;0;1;;;
28/05/2017;11:50:00;159;com vítima;79,8;BR-153/MG;Sul;Tombamento;;;1;;;;;;;;0;1;;;
28/05/2017;14:11:00;207;sem vítima;565,327;BR-262/MG;Oeste;Saida de Pista;1;;;;;;;;;;1;;;;
28/05/2017;16:04:00;260;sem vítima;144,1;BR-153/MG;Sul;Colisão Traseira;;;2;;;;;;;;2;;;;
28/05/2017;16:31:00;266;sem vítima;101,123;BR-060/GO;Norte;Colisão Traseira;1;;1;;;;;;;;2;;;;
28/05/2017;19:11:00;326;sem vítima;818;BR-262/MG;Leste;;;;;1;;;;;;;1;;;;
28/05/2017;20:51:00;373;com vítima;529,855;BR-262/MG;Oeste;Colisão Frontal;1;;4;;;;;;;;3;3;;;4
28/05/2017;21:14:00;385;com vítima;24;BR-060/GO;Sul;Queda de Moto;;;;1;;;;;;;0;2;;;
28/05/2017;22:06:00;409;sem vítima;520,803;BR-153/GO;Sul;Saida de Pista;1;;;;;;;;;;1;;;;
29/05/2017;03:44:00;41;com vítima;83,8;BR-153/MG;Sul;Tombamento;;;1;;;1;;;;;1;1;;;
29/05/2017;05:42:00;65;com vítima;96,52;BR-060/GO;Sul;Colisão Lateral;;1;;1;;;;;;;1;1;;;
29/05/2017;07:58:00;111;sem vítima;620,075;BR-153/GO;Sul;Capotamento;1;;;;;;;;;;1;;;;
29/05/2017;08:54:00;142;sem vítima;423,5;BR-262/MG;Oeste;Saida de Pista;1;;;;;;;;;;1;;;;
29/05/2017;14:26:00;279;sem vítima;644;BR-153/GO;Norte;Colisão Traseira;1;;1;;;;;;;;2;;;;
29/05/2017;15:30:00;302;com vítima;497,204;BR-262/MG;Leste;Colisão Lateral;1;;;;;1;;;;1;2;4;;;
29/05/2017;18:02:00;368;com vítima;94,626;BR-060/GO;Sul;Queda de Moto;;;;1;;;;;;;0;2;;;
29/05/2017;18:05:00;370;sem vítima;814,415;BR-262/MG;Oeste;Saida de Pista;1;;;;;;;;;;1;;;;
29/05/2017;19:31:00;409;sem vítima;126,758;BR-060/GO;Sul;Saida de Pista;1;;;;;1;;;;;2;;;;
29/05/2017;20:47:00;442;com vítima;407,103;BR-262/MG;Leste;Colisão Traseira;;;2;;;;;;;;1;;;;1
29/05/2017;21:18:00;449;sem vítima;389,359;BR-262/MG;Oeste;Colisão Traseira;;;2;;;;;;;;2;;;;
29/05/2017;21:47:00;458;sem vítima;608,46;BR-153/GO;Sul;Colisão Traseira;;;2;;;;;;;;2;;;;
29/05/2017;22:07:00;464;sem vítima;126,386;BR-060/GO;Norte;Saida de Pista;1;;;;;;;;;;1;;;;
30/05/2017;02:42:00;43;com vítima;519,8;BR-262/MG;Oeste;Saida de Pista;;;1;;;;;;;;0;1;;;
30/05/2017;04:49:00;65;com vítima;45,5;BR-153/MG;Norte;Tombamento;;;1;;;;;;;;0;1;;;
30/05/2017;05:22:00;69;sem vítima;15,78;BR-060/GO;Norte;Saida de Pista;;;1;;;;;;;;1;;;;
30/05/2017;06:28:00;87;com vítima;512,665;BR-153/GO;Norte;Queda de Moto;1;;;1;;;;;;;1;1;;;
30/05/2017;12:09:00;287;com vítima;513,268;BR-153/GO;Sul;Colisão Lateral;;;;1;1;;;;;;1;;1;;
30/05/2017;12:16:00;291;com vítima;501,059;BR-153/GO;Sul;Queda de Moto;;;1;1;;;;;;;1;1;;;
30/05/2017;14:01:00;332;com vítima;514;BR-153/GO;Sul;Colisão Lateral;1;;1;;;;;;;;0;2;;;
30/05/2017;14:59:00;365;sem vítima;506;BR-153/GO;Norte;Colisão Lateral;;;;2;;;;;;;2;;;;
30/05/2017;15:49:00;402;com vítima;365;BR-262/MG;Leste;Colisão Traseira;;;2;;;;;;;;0;2;;;
30/05/2017;16:38:00;420;sem vítima;107;BR-060/GO;Sul;Colisão Traseira;1;;1;;;;;;;;2;;;;
30/05/2017;17:20:00;437;sem vítima;98,7;BR-060/GO;Norte;Colisão Traseira;1;;1;;;1;;;;;3;;;;
31/05/2017;02:55:00;42;sem vítima;125,4;BR-060/GO;Sul;Saida de Pista;1;;;;;;;;;;2;;;;
31/05/2017;03:47:00;47;sem vítima;490,001;BR-153/GO;Norte;Choque - Defensa, barreira ou "submarino";;;1;;;;;;;;1;;;;
31/05/2017;04:06:00;48;com vítima;650,205;BR-262/MG;Oeste;Saida de Pista;1;;;;;;;;;;0;1;;;
31/05/2017;06:35:00;65;com vítima;617,2;BR-153/GO;Norte;Colisão Traseira;1;;;;;;;;;1;1;1;;;
31/05/2017;08:16:00;99;sem vítima;490;BR-153/GO;Norte;Colisão Traseira;2;;;;;;;;;;2;;;;
31/05/2017;09:18:00;144;com vítima;94,211;BR-060/GO;Sul;Colisão Lateral;;;1;1;;;;;;;1;;1;1;
31/05/2017;10:10:00;180;sem vítima;365;BR-262/MG;Oeste;Saida de Pista;1;;;;;;;;;;1;;;;
01/04/2017;00:15:00;3;sem vítima;227;BR-153/MG;Norte;Saida de Pista;;;;;;;;;;1;1;;;;
01/04/2017;07:55:00;107;com vítima;709,529;BR-262/MG;Leste;Capotamento;1;;;;;;;;;;0;1;;;
01/04/2017;09:05:00;159;sem vítima;113,798;BR-060/GO;Sul;Choque - Defensa, barreira ou "submarino";1;;;;;;;;;;2;;;;
01/04/2017;12:43:00;276;com vítima;2,368;BR-060/GO;Norte;Saida de Pista;1;;;;;;;;;;0;3;;;
01/04/2017;14:48:00;327;sem vítima;72,643;BR-060/GO;Norte;Colisão Traseira;1;;1;;;;;;;;3;;;;
01/04/2017;15:16:00;341;sem vítima;510;BR-153/GO;Norte;Colisão Traseira;2;;;;;;;;;;3;;;;
01/04/2017;15:23:00;345;sem vítima;643;BR-153/GO;Norte;Capotamento;1;;;;;;;;;;1;;;;
01/04/2017;15:29:00;348;sem vítima;381;BR-262/MG;Leste;Outros - sequências;1;;;;;;;;;;1;;;;
01/04/2017;17:22:00;404;sem vítima;23,5;BR-153/MG;Norte;Capotamento;1;;;;;;;;;;1;;;;
01/04/2017;18:20:00;423;sem vítima;500,3;BR-153/GO;Sul;Queda de Ciclista;;;;1;;;;;;;1;;;;
01/04/2017;19:04:00;439;sem vítima;3;BR-060/DF;Sul;Colisão Traseira;2;;;;;;;;;;2;;;;
01/04/2017;20:10:00;457;sem vítima;99,254;BR-060/GO;Sul;Colisão Lateral;2;;;;;;;;;;2;;;;
01/04/2017;21:17:00;488;sem vítima;101;BR-060/GO;Sul;Saida de Pista;1;;;;;1;;;;;2;;;;
01/04/2017;22:16:00;504;sem vítima;100;BR-060/GO;Sul;Capotamento;1;;;;;;;;;;1;;;;
01/04/2017;23:02:00;521;com vítima;119;BR-060/GO;Sul;Atropelamento de Animal;1;;;;;;;;;;0;1;;;
02/04/2017;02:00:00;19;com vítima;92;BR-060/GO;Norte;Colisão Traseira;2;;;;;;;;;;1;1;2;;
02/04/2017;03:46:00;34;com vítima;495,02;BR-153/GO;Sul;Choque - Arvore;1;;;;;;;;;;0;;;1;1
02/04/2017;06:35:00;50;sem vítima;2;BR-153/MG;Sul;Saida de Pista;1;;;;;;;;;;1;;;;
02/04/2017;06:50:00;54;com vítima;650,12;BR-262/MG;Leste;Capotamento;1;;;;;;;;;;1;1;;;
02/04/2017;07:45:00;72;com vítima;111,136;BR-060/GO;Norte;Queda de Moto;;;;1;;;;;;;0;1;;;
02/04/2017;10:49:00;170;com vítima;451;BR-262/MG;Leste;Colisão Traseira;2;;;;;1;;;;1;4;1;;;
02/04/2017;14:06:00;246;sem vítima;452,5;BR-262/MG;Leste;Colisão Lateral;2;;;;;1;;;;;5;;;;
02/04/2017;16:48:00;343;com vítima;546,697;BR-262/MG;Oeste;Tombamento;;;1;;;;;;;;0;1;;;
02/04/2017;19:30:00;407;com vítima;462;BR-262/MG;Leste;Colisão Traseira;;;1;1;;;;;;;1;;;1;
02/04/2017;19:42:00;415;sem vítima;4,985;BR-060/DF;Sul;Outros - sequências;2;;;;;;;;;;4;;;;
02/04/2017;19:44:00;416;sem vítima;504,574;BR-153/GO;Sul;Colisão Traseira;1;;1;;;;;;;;2;;;;
02/04/2017;22:23:00;461;sem vítima;546,697;BR-262/MG;Oeste;Saida de Pista;;;1;;;;;;;;1;;;;
02/04/2017;22:37:00;465;sem vítima;540,5;BR-153/GO;Norte;Colisão Traseira;;;;;;1;;;;1;2;;;;
02/04/2017;23:52:00;477;sem vítima;580;BR-262/MG;Oeste;Saida de Pista;1;;;;;;;;;;1;;;;
03/04/2017;00:57:00;14;com vítima;103;BR-060/GO;Norte;Carreta deu L;;;1;1;;;;;;;1;1;;;
03/04/2017;02:29:00;25;com vítima;666,2;BR-153/GO;Norte;Colisão Traseira;;;2;;;;;;;;0;2;;;
03/04/2017;07:06:00;72;com vítima;28,594;BR-060/DF;Sul;Outros - sequências;1;;1;;;;;;;;1;1;;;
03/04/2017;07:34:00;90;sem vítima;494,5;BR-153/GO;Sul;Engavetamento;3;;;;;;;;;;3;;;;
03/04/2017;08:29:00;120;sem vítima;137,569;BR-060/GO;Sul;Colisão Traseira;2;;;;;;;;;;2;;;;
03/04/2017;09:12:00;151;com vítima;698,679;BR-262/MG;Oeste;Choque - Arvore;1;;;;;1;;;;;1;3;;1;
03/04/2017;10:49:00;215;sem vítima;96,238;BR-060/GO;Sul;Capotamento;1;;;;;;;;;;1;;;;
03/04/2017;11:27:00;235;sem vítima;671;BR-153/GO;Sul;Saida de Pista;1;;;;;;;;;;1;;;;
03/04/2017;16:41:00;370;sem vítima;210;BR-153/MG;Sul;Tombamento;;;1;;;;;;;;1;;;;
03/04/2017;18:15:00;409;com vítima;100;BR-060/GO;Sul;Queda de Moto;;;;1;;;;;;;1;1;;;
03/04/2017;18:27:00;418;sem vítima;478;BR-262/MG;Oeste;Colisão Traseira;2;;;;;;;;;;2;;;;
03/04/2017;19:13:00;431;sem vítima;666,839;BR-262/MG;Oeste;Outros - sequências;;;1;;;;;;;;1;;;;
03/04/2017;22:26:00;496;com vítima;509,3;BR-153/GO;Sul;Colisão Traseira;;;2;;;;;;;;1;1;;;
03/04/2017;23:44:00;512;com vítima;113,973;BR-060/GO;Sul;Carreta deu L;;;1;;;;;;;;0;1;;;
04/04/2017;06:43:00;51;com vítima;501,761;BR-153/GO;Norte;Queda de Moto;;;;1;;;;;;;0;1;;;
04/04/2017;09:39:00;151;sem vítima;96;BR-060/GO;Norte;Outros - sequências;1;;1;;;;;;;;3;;;;
04/04/2017;09:57:00;166;com vítima;610;BR-262/MG;Leste;Colisão Frontal;;;1;;;;;;;1;0;1;;;1
04/04/2017;13:38:00;289;sem vítima;97,221;BR-060/GO;Sul;Choque - Defensa, barreira ou "submarino";1;;;;;1;;;;;2;;;;
04/04/2017;17:50:00;408;sem vítima;499;BR-153/GO;Sul;Colisão Traseira;1;;;;;1;;;;;2;;;;
04/04/2017;19:23:00;435;sem vítima;516,621;BR-153/GO;Sul;Saida de Pista;1;;;;;;;;;;1;;;;
04/04/2017;21:37:00;492;sem vítima;432;BR-262/MG;Oeste;Choque - Objeto sobre a pista;;;;1;;;;;;;1;;;;
05/04/2017;00:11:00;6;com vítima;362;BR-262/MG;Oeste;Capotamento;1;;;;;;;;;;0;1;;;
05/04/2017;00:38:00;14;com vítima;133,268;BR-060/GO;Sul;Saida de Pista;1;;;;;;;;;;0;1;;;
05/04/2017;03:02:00;32;sem vítima;18,94;BR-060/GO;Sul;Tombamento;;;1;;;;;;;;1;;;;
05/04/2017;03:57:00;40;com vítima;45,215;BR-060/GO;Norte;Outros - sequências;1;;;;;;;;;;3;1;;;
05/04/2017;05:02:00;47;sem vítima;55,428;BR-060/GO;Sul;Outros - sequências;;;1;;;;;;;;1;;;;
05/04/2017;07:06:00;66;com vítima;18,4;BR-060/DF;Sul;Capotamento;;;;;;;;;;1;0;1;;;
05/04/2017;08:56:00;127;sem vítima;492,42;BR-153/GO;Norte;Colisão Lateral;1;;1;;;;;;;;4;;;;
05/04/2017;15:59:00;357;sem vítima;14,15;BR-153/MG;Norte;Saida de Pista;;;;;;;;;;1;1;;;;
05/04/2017;16:21:00;364;sem vítima;437;BR-262/MG;Oeste;Choque - Defensa, barreira ou "submarino";1;;;;;;;;;;1;;;;
05/04/2017;22:15:00;484;com vítima;137,063;BR-060/GO;Sul;Outros - sequências;2;;;;;1;;;;;4;2;;;
05/04/2017;23:14:00;500;com vítima;104;BR-153/MG;Sul;Saida de Pista;;;1;;;;;;;;0;1;;;
06/04/2017;06:43:00;62;com vítima;172;BR-153/MG;Norte;Saida de Pista;1;;;;;;;;;;0;2;;;
06/04/2017;07:29:00;75;sem vítima;490;BR-153/GO;Norte;Colisão Traseira;2;;;;;1;;;;;3;;;;
06/04/2017;07:59:00;88;com vítima;498;BR-153/GO;Sul;Queda de Ciclista;;;;;;1;;;;;0;1;;;
06/04/2017;08:10:00;98;sem vítima;501;BR-153/GO;Sul;Colisão Traseira;2;;;;;;;;;1;3;;;;
06/04/2017;08:14:00;100;com vítima;503,31;BR-153/GO;Sul;Colisão Traseira;2;;;1;;;;;;;2;1;;;
06/04/2017;10:05:00;165;com vítima;82,518;BR-060/GO;Sul;Saida de Pista;1;;;;;;;;;;0;1;;;
06/04/2017;10:26:00;173;com vítima;490,5;BR-262/MG;Oeste;Saida de Pista;;;1;;;;;;;;0;1;;;
06/04/2017;12:07:00;227;com vítima;568,8;BR-153/GO;Sul;Capotamento;1;;;;;;;;;;0;1;;;
06/04/2017;13:45:00;267;sem vítima;206;BR-153/MG;Norte;Saida de Pista;1;;;;;1;;;;;2;;;;
06/04/2017;13:50:00;269;sem vítima;30;BR-060/DF;Norte;Colisão Lateral;1;;;1;;;;;;;2;;;;
06/04/2017;15:42:00;325;com vítima;446;BR-262/MG;Oeste;Outros - sequências;1;;;;;;;;;;0;1;;;
06/04/2017;15:59:00;340;sem vítima;374,1;BR-262/MG;Oeste;Outros - sequências;;;;;1;;;;;;1;;;;
06/04/2017;16:18:00;356;sem vítima;37;BR-060/GO;Norte;Saida de Pista;;;1;;;;;;;;1;;;;
06/04/2017;17:45:00;402;com vítima;571;BR-262/MG;Leste;Outros - sequências;1;;;;;;;;;;0;2;;;
06/04/2017;18:11:00;421;com vítima;558;BR-153/GO;Norte;Saida de Pista;1;;;;;;;;;;0;1;;;
06/04/2017;18:14:00;424;com vítima;438,128;BR-262/MG;Oeste;Colisão Lateral;1;;;1;;;;;;;0;2;1;;
06/04/2017;19:49:00;459;com vítima;95;BR-060/GO;Norte;Colisão Frontal;2;;;;;;;;;;1;1;;;
06/04/2017;20:36:00;479;sem vítima;504,5;BR-153/GO;Sul;Capotamento;1;;;;;;;;;;1;;;;
06/04/2017;22:24:00;515;com vítima;451,077;BR-262/MG;Oeste;Colisão Lateral;;;1;1;;;;;;;3;;;1;
07/04/2017;03:02:00;40;sem vítima;492;BR-153/GO;Norte;Saida de Pista;;;1;;;;;;;;1;;;;
07/04/2017;07:47:00;113;com vítima;501,51;BR-153/GO;Norte;Colisão Traseira;;;;2;;;;;;;0;2;;;
07/04/2017;08:17:00;133;sem vítima;454;BR-262/MG;Leste;Colisão Traseira;;;2;;;;;;;;2;;;;
07/04/2017;10:44:00;230;com vítima;563;BR-153/GO;Norte;Outros - sequências;;;2;;;;;;;;0;2;;;
07/04/2017;11:29:00;249;com vítima;505,6;BR-153/GO;Norte;Colisão Traseira;;;;2;;;;;;;1;1;;;
07/04/2017;12:37:00;280;com vítima;587;BR-262/MG;Leste;Outros - sequências;2;;2;;1;;;;;;14;4;;;
07/04/2017;12:46:00;283;sem vítima;502;BR-153/GO;Norte;Colisão Traseira;1;;;1;;;;;;;2;;;;
07/04/2017;12:49:00;286;com vítima;735;BR-262/MG;Leste;Colisão Traseira;2;;;;;;;;;;0;3;;;
07/04/2017;13:06:00;292;com vítima;531;BR-262/MG;Oeste;Colisão Frontal;2;;;;;;;;;;0;2;4;;
07/04/2017;14:24:00;328;com vítima;563;BR-153/GO;Sul;Colisão Lateral;;;2;;;;;;;;0;2;;;
07/04/2017;15:13:00;348;sem vítima;588;BR-262/MG;Leste;Choque - Defensa, barreira ou "submarino";1;;;;;;;;;;1;;;;
07/04/2017;15:56:00;375;sem vítima;72;BR-060/GO;Sul;Queda de Ciclista;;;;1;;;;;;;2;;;;
07/04/2017;16:27:00;387;sem vítima;366,244;BR-262/MG;Oeste;Colisão Traseira;;;2;;;;;;;;2;;;;
07/04/2017;16:29:00;388;sem vítima;588;BR-262/MG;Leste;Carreta deu L;;;1;;;;;;;;1;;;;
07/04/2017;16:32:00;390;sem vítima;508,9;BR-153/GO;Sul;Colisão Lateral;1;;;;;1;;;;;2;;;;
07/04/2017;16:46:00;395;sem vítima;508;BR-153/GO;Sul;Colisão Traseira;2;;;;;;;;;;2;;;;
07/04/2017;17:22:00;417;com vítima;88;BR-060/GO;Norte;Capotamento;1;;;;;;;;;;0;2;;;
07/04/2017;17:25:00;420;sem vítima;507,9;BR-153/GO;Sul;Colisão Traseira;2;;;;;;;;;;2;;;;
07/04/2017;18:05:00;439;com vítima;57,86;BR-060/GO;Sul;Colisão Traseira;2;;;;;;;;;;2;1;;;
07/04/2017;19:05:00;468;com vítima;515;BR-153/GO;Sul;Queda de Ciclista;;;;1;;;;;;;0;2;;;
07/04/2017;19:20:00;474;sem vítima;10;BR-060/GO;Norte;Capotamento;1;;;;;;;;;;1;;;;
07/04/2017;21:06:00;517;sem vítima;760;BR-262/MG;Oeste;Saida de Pista;1;;;;;;;;;;1;;;;
08/04/2017;02:35:00;28;com vítima;467,8;BR-262/MG;Oeste;Saida de Pista;1;;;;;;;;;;0;1;;;
08/04/2017;03:43:00;39;com vítima;100;BR-060/GO;Norte;Atropelamento de Animal;1;;;;;;;;;;0;1;;;
08/04/2017;06:48:00;67;com vítima;495;BR-153/GO;Sul;Queda de Moto;;;;1;;;;;;;0;2;;;
08/04/2017;11:12:00;241;sem vítima;685;BR-153/GO;Sul;Saida de Pista;1;;;;;;;;;;2;;;;
08/04/2017;13:44:00;315;sem vítima;94,608;BR-060/GO;Norte;Saida de Pista;1;;;;;;;;;;1;;;;
09/04/2017;00:38:00;19;sem vítima;24;BR-153/MG;Norte;Capotamento;1;;;;;;;;;;1;;;;
09/04/2017;00:57:00;26;sem vítima;501;BR-153/GO;Norte;Queda de Moto;;;;1;;;;;;;1;;;;
09/04/2017;01:30:00;34;sem vítima;105;BR-060/GO;Sul;Colisão Traseira;1;;;;;;;;;;1;;;;
09/04/2017;04:02:00;52;sem vítima;717;BR-262/MG;Leste;Saida de Pista;1;;;;;;;;;;1;;;;
09/04/2017;07:40:00;84;com vítima;70,856;BR-060/GO;Sul;Outros - sequências;1;;;;;1;;;;;3;;2;;
09/04/2017;11:07:00;215;com vítima;88;BR-060/GO;Sul;Queda de Ciclista;;1;;;;;;;;;0;1;;;
09/04/2017;15:20:00;343;sem vítima;526,7;BR-153/GO;Norte;;;;2;;;;;;;;2;;;;
09/04/2017;17:54:00;435;sem vítima;12;BR-060/GO;Norte;Capotamento;1;;;;;;;;;;3;;;;
09/04/2017;21:18:00;518;sem vítima;714;BR-262/MG;Oeste;Saida de Pista;1;;;;;;;;;;1;;;;
09/04/2017;22:12:00;536;com vítima;532;BR-153/GO;Norte;Queda de Ciclista;;;;1;;;;;;;0;1;;;
09/04/2017;23:05:00;546;sem vítima;568;BR-153/GO;Norte;Capotamento;1;;;;;;;;;;1;;;;
10/04/2017;05:23:00;43;sem vítima;477,76;BR-262/MG;Oeste;Colisão Lateral;1;;1;;;;;;;;2;;;;
10/04/2017;05:26:00;44;sem vítima;29,785;BR-060/GO;Sul;Colisão Lateral;;;1;;;;;;;1;3;;;;
10/04/2017;07:21:00;69;com vítima;8,694;BR-060/DF;Norte;Colisão Lateral;1;;1;;;;;;;;1;1;;;
10/04/2017;08:08:00;91;sem vítima;495,045;BR-153/GO;Sul;Engavetamento;4;;;;;;;;;;4;;;;
10/04/2017;10:25:00;219;sem vítima;494,764;BR-153/GO;Sul;Colisão Traseira;;;2;;;;;;;;2;;;;
10/04/2017;10:53:00;239;sem vítima;2,314;BR-060/DF;Norte;Choque - Poste;1;;1;;;;;;;;2;;;;
10/04/2017;11:22:00;251;sem vítima;93,76;BR-060/GO;Norte;Colisão Lateral;;;1;;;;;;;1;2;;;;
10/04/2017;12:42:00;288;com vítima;133;BR-060/GO;Sul;Queda de Moto;;;;1;;;;;;;0;1;1;;
10/04/2017;18:04:00;451;com vítima;490;BR-153/GO;Norte;Tombamento;;;1;;;;;;;;0;1;;;
10/04/2017;18:29:00;465;sem vítima;3;BR-060/DF;Sul;Queda de Moto;;;;1;;;;;;;1;;;;
10/04/2017;23:19:00;559;sem vítima;632;BR-262/MG;Oeste;Saida de Pista;1;;;;;;;;;;1;;;;
11/04/2017;05:43:00;55;sem vítima;646,244;BR-262/MG;Oeste;Saida de Pista;;;1;;;;;;;;1;;;;
11/04/2017;07:24:00;81;com vítima;643;BR-262/MG;Leste;Outros - sequências;2;;;;;;;;;;1;1;1;1;
11/04/2017;08:33:00;123;sem vítima;51;BR-153/MG;Sul;;;;1;;;;;;;;1;;;;
11/04/2017;08:45:00;131;sem vítima;51;BR-153/MG;Sul;Saida de Pista;;;1;;;1;;;;;2;;;;
11/04/2017;09:35:00;155;com vítima;22,314;BR-060/DF;Sul;Saida de Pista;;;1;;;;;;;;0;;1;;