data;horario;n_da_ocorrencia;tipo_de_ocorrencia;km;trecho;sentido;tipo_de_acidente;automovel;bicicleta;caminhao;moto;onibus;outros;tracao_animal;transporte_de_cargas_especiais;trator_maquinas;utilitarios;ilesos;levemente_feridos;moderadamente_feridos;gravemente_feridos;mortos
27/04/2017;07:25:00;67;sem vítima;382;BR-262/MG;Leste;Choque - Defensa, barreira ou "submarino";1;;;;;;;;;;1;;;;
27/04/2017;13:33:00;278;sem vítima;102,589;BR-060/GO;Sul;Colisão Lateral;1;;;;1;;;;;;2;;;;
27/04/2017;13:51:00;289;sem vítima;514,12;BR-153/GO;Norte;Tombamento;;;1;;;;;;;;1;;;;
27/04/2017;13:58:00;293;sem vítima;496;BR-153/GO;Norte;Colisão Traseira;2;;;;;;;;;;2;;;;
27/04/2017;14:06:00;300;sem vítima;585;BR-262/MG;Leste;Capotamento;1;;;;;;;;;;1;;;;
27/04/2017;14:32:00;313;com vítima;574;BR-262/MG;Leste;Queda de Ciclista;;;;1;;;;;;;1;1;;;
27/04/2017;14:32:00;314;sem vítima;516;BR-153/GO;Sul;Saida de Pista;1;;;;;1;;;;;3;;;;
27/04/2017;14:47:00;326;com vítima;96;BR-060/GO;Sul;Colisão Traseira;2;;;;;;;;;;2;1;;;
27/04/2017;14:51:00;331;sem vítima;587;BR-262/MG;Oeste;Carreta deu L;;;1;;;;;;;;1;;;;
27/04/2017;15:05:00;340;sem vítima;112;BR-060/GO;Norte;Saida de Pista;1;;;;;;;;;;1;;;;
27/04/2017;17:53:00;429;sem vítima;4;BR-060/DF;Sul;Outros - sequências;3;;;;;;;;;;5;;;;
27/04/2017;19:09:00;459;sem vítima;17;BR-153/MG;Sul;Saida de Pista;1;;;;;;;;;;1;;;;
27/04/2017;19:36:00;471;sem vítima;501;BR-153/GO;Sul;Outros - sequências;2;;;;;1;;;;;3;;;;
27/04/2017;20:26:00;498;sem vítima;446;BR-262/MG;Oeste;Capotamento;1;;;;;;;;;;1;;;;
27/04/2017;21:30:00;531;com vítima;24,001;BR-060/DF;Sul;Tombamento;;;1;;;;;;;;0;;;1;
28/04/2017;03:48:00;37;sem vítima;30;BR-060/DF;Sul;Capotamento;1;;;;;;;;;;1;;;;
28/04/2017;06:31:00;72;com vítima;480;BR-262/MG;Leste;Choque - Defensa, barreira ou "submarino";1;;;;;;;;;;0;2;;;
28/04/2017;10:32:00;223;sem vítima;59;BR-153/MG;Norte;Colisão Traseira;2;;;;;;;;;;2;;;;
28/04/2017;12:12:00;304;sem vítima;594;BR-262/MG;Oeste;Saida de Pista;;;1;;;;;;;;1;;;;
28/04/2017;12:21:00;309;sem vítima;590;BR-262/MG;Leste;Capotamento;1;;;;;;;;;;1;;;;
28/04/2017;13:18:00;338;sem vítima;611;BR-262/MG;Leste;Saida de Pista;;;;;;;;;;1;1;;;;
28/04/2017;14:21:00;358;sem vítima;477;BR-262/MG;Oeste;Colisão Lateral;2;;;;;;;;;;2;;;;
28/04/2017;14:33:00;366;sem vítima;751;BR-262/MG;Leste;;1;;;;;;;;;;1;;;;
28/04/2017;14:42:00;371;sem vítima;486,8;BR-262/MG;Leste;Engavetamento;3;;;;;1;;;;;4;;;;
28/04/2017;14:43:00;372;sem vítima;597;BR-262/MG;Leste;Saida de Pista;;;;;;;;;;1;1;;;;
28/04/2017;14:55:00;377;sem vítima;512;BR-262/MG;Oeste;Saida de Pista;;;1;;;;;;;;1;;;;
28/04/2017;16:45:00;442;sem vítima;466,1;BR-262/MG;Leste;Outros - sequências;;;;;;;;;;1;1;;;;
28/04/2017;17:05:00;453;sem vítima;431,5;BR-262/MG;Leste;Saida de Pista;1;;;;;;;;;;1;;;;
28/04/2017;17:23:00;462;sem vítima;589;BR-262/MG;Leste;Colisão Traseira;2;;;;;;;;;;2;;;;
28/04/2017;17:38:00;476;com vítima;494,9;BR-153/GO;Sul;Colisão Traseira;1;;1;;;;;;;;0;3;;;
28/04/2017;18:15:00;508;sem vítima;8,8;BR-060/GO;Sul;Queda de Moto;;;;1;;;;;;;1;;;;
28/04/2017;18:21:00;515;sem vítima;359;BR-262/MG;Leste;Saida de Pista;1;;;;;;;;;;1;;;;
28/04/2017;18:37:00;525;sem vítima;810;BR-262/MG;Oeste;Atropelamento - Ciclista;1;1;;;;;;;;;2;;;;
28/04/2017;18:48:00;533;com vítima;496;BR-153/GO;Norte;Colisão Traseira;2;;;;;;;;;;0;5;;;
28/04/2017;19:29:00;546;sem vítima;445;BR-262/MG;Oeste;Saida de Pista;1;;;;;;;;;;1;;;;
28/04/2017;19:49:00;555;sem vítima;580;BR-262/MG;Leste;Saida de Pista;1;;;;;;;;;;1;;;;
28/04/2017;19:59:00;559;com vítima;366,02;BR-262/MG;Leste;Colisão Traseira;1;;1;;;;;;;;1;1;;;
28/04/2017;21:22:00;595;sem vítima;107;BR-060/GO;Sul;Colisão Traseira;2;;;;;1;;;;;3;;;;
28/04/2017;22:34:00;615;com vítima;426;BR-262/MG;Oeste;Saida de Pista;1;;;;;;;;;;0;;1;;
28/04/2017;23:18:00;627;sem vítima;445;BR-262/MG;Oeste;Saida de Pista;1;;;;;;;;;;1;;;;
29/04/2017;03:22:00;42;sem vítima;825;BR-262/MG;Oeste;Capotamento;1;;;;;;;;;;1;;;;
29/04/2017;04:17:00;50;com vítima;34,249;BR-060/GO;Sul;Atropelamento - Ciclista;;1;;;;;;;;;0;1;;;
29/04/2017;06:17:00;72;sem vítima;440;BR-262/MG;Leste;Atropelamento de Animal;;;;;;;;;;1;2;;;;
29/04/2017;06:55:00;81;sem vítima;3;BR-060/DF;Norte;Choque - Suporte de Sinalização;1;;;;;;;;;;1;;;;
29/04/2017;07:09:00;88;com vítima;369;BR-262/MG;Leste;Colisão Lateral;;;1;1;;;;;;;1;1;;;
29/04/2017;07:31:00;97;sem vítima;91;BR-153/MG;Sul;Saida de Pista;;;1;;;;;;;;1;;;;
29/04/2017;08:04:00;114;com vítima;96,171;BR-060/GO;Sul;Outros - sequências;2;;;;;;;;;;4;1;1;;
29/04/2017;08:40:00;145;sem vítima;34;BR-153/MG;Norte;Saida de Pista;1;;;;;;;;;;2;;;;
29/04/2017;09:20:00;182;sem vítima;574;BR-262/MG;Oeste;Saida de Pista;1;;;;;;;;;;4;;;;
29/04/2017;09:23:00;184;com vítima;98,2;BR-060/GO;Norte;Queda de Ciclista;;;;1;;;;;;;0;;1;;
29/04/2017;11:41:00;277;sem vítima;787;BR-262/MG;Leste;Saida de Pista;1;;;;;;;;;;1;;;;
29/04/2017;15:11:00;393;com vítima;716;BR-262/MG;Oeste;Queda de Moto;;;;1;;;;;;;0;1;1;;
29/04/2017;16:34:00;444;com vítima;101;BR-060/GO;Norte;Colisão Traseira;1;;1;;;;;;;;5;;2;;
29/04/2017;17:17:00;472;com vítima;677,82;BR-153/GO;Norte;Tombamento;;;1;;;;;;;;1;1;;;
29/04/2017;19:29:00;537;com vítima;112;BR-060/GO;Sul;Outros - sequências;1;;;1;;;;;;;1;2;;;
29/04/2017;19:56:00;546;sem vítima;8,7;BR-060/GO;Sul;Outros - sequências;1;;;;;;;;;;1;;;;
29/04/2017;20:16:00;555;com vítima;509;BR-153/GO;Sul;Colisão Traseira;2;;;;;;;;;;1;1;;;
29/04/2017;23:11:00;602;com vítima;98,9;BR-060/GO;Norte;Queda de Moto;;;;1;;;;;;;0;;1;;
29/04/2017;23:46:00;612;com vítima;210;BR-153/MG;Norte;Saida de Pista;1;;;;;;;;;;0;1;;;
30/04/2017;01:59:00;21;com vítima;82;BR-153/MG;Norte;Saida de Pista;1;;;;;;;;;;0;3;;;
30/04/2017;02:03:00;23;sem vítima;16;BR-153/MG;Sul;Saida de Pista;1;;;;;1;;;;;3;;;;
30/04/2017;06:58:00;61;com vítima;51;BR-153/MG;Sul;Outros - sequências;;;1;;;;;;;1;1;1;;;
30/04/2017;08:42:00;94;com vítima;23;BR-153/MG;Norte;Saida de Pista;1;;;;;1;;;;;1;1;;;
30/04/2017;09:04:00;109;com vítima;492,545;BR-153/GO;Sul;Colisão Traseira;1;;;1;;;;;;;1;1;;;
30/04/2017;09:45:00;133;sem vítima;28,7;BR-153/MG;Sul;Colisão Traseira;1;;1;;;;;;;;2;;;;
30/04/2017;10:39:00;159;sem vítima;4,3;BR-060/DF;Norte;Saida de Pista;1;;;;;1;;;;;2;;;;
30/04/2017;12:04:00;189;com vítima;135,672;BR-060/GO;Sul;Capotamento;1;;;;;;;;;;0;1;;;
30/04/2017;12:18:00;193;sem vítima;520,145;BR-153/GO;Norte;Capotamento;1;;;;;;;;;;1;;;;
30/04/2017;15:46:00;283;com vítima;485;BR-262/MG;Oeste;Choque - Outros;1;;;;;;;;;;0;;1;;
30/04/2017;18:45:00;352;com vítima;697;BR-262/MG;Leste;Atropelamento de Animal;;;;1;;;;;;;0;1;;;
30/04/2017;18:49:00;353;sem vítima;448;BR-262/MG;Leste;Queda de Ciclista;;;;1;;;;;;;1;;;;
30/04/2017;19:30:00;365;sem vítima;857;BR-262/MG;Leste;Tombamento;;;1;;;1;;;;;2;;;;
30/04/2017;19:47:00;374;com vítima;243;BR-153/MG;Sul;Colisão Traseira;1;;;1;;1;;;;;3;;;1;1
30/04/2017;20:09:00;381;sem vítima;41;BR-060/GO;Norte;Outros - sequências;;;;;;1;;;;1;2;;;;
01/06/2017;05:25:00;41;sem vítima;731,224;BR-262/MG;Leste;Capotamento;1;;;;;;;;;;1;;;;
01/06/2017;09:27:00;142;com vítima;506,249;BR-153/GO;Sul;Colisão Traseira;1;;;1;;;;;;;1;1;;;
01/06/2017;09:56:00;154;sem vítima;480,7;BR-262/MG;Oeste;Saida de Pista;;;2;;;;;;;;2;;;;
01/06/2017;15:04:00;298;sem vítima;43,007;BR-060/GO;Norte;Colisão Traseira;;;2;;;;;;;;5;;;;
01/06/2017;15:28:00;313;sem vítima;449,177;BR-262/MG;Oeste;Colisão Lateral;1;;1;;;1;;;;;3;;;;
01/06/2017;16:07:00;334;com vítima;57,341;BR-153/MG;Norte;Saida de Pista;;;1;;;;;;;;0;1;;;
01/06/2017;18:32:00;395;sem vítima;501,241;BR-153/GO;Norte;Colisão Traseira;1;;1;;;;;;;;2;;;;
01/06/2017;19:49:00;424;com vítima;496,481;BR-153/GO;Norte;Atropelamento - Ambulante;1;;;;;;;;;;1;;1;;
01/06/2017;20:18:00;435;com vítima;442,361;BR-262/MG;Oeste;Colisão Traseira;2;;;;;;;;;;0;4;;;
01/06/2017;20:51:00;450;com vítima;634,7;BR-153/GO;Sul;Capotamento;1;;;;;;;;;;0;3;;;
02/06/2017;03:45:00;27;sem vítima;118,118;BR-060/GO;Sul;Saida de Pista;1;;;;;;;;;;1;;;;
02/06/2017;06:57:00;56;sem vítima;505,739;BR-153/GO;Norte;Engavetamento;3;;;;;;;;;;3;;;;
02/06/2017;07:37:00;73;sem vítima;506;BR-153/GO;Sul;Colisão Traseira;2;;;;;;;;;;2;;;;
02/06/2017;08:14:00;97;com vítima;24,066;BR-060/DF;Norte;Queda de Ciclista;;1;;;;;;;;;0;;1;;
02/06/2017;08:55:00;126;com vítima;525,1;BR-262/MG;Leste;Colisão Traseira;1;;1;;;;;;;;1;2;;;
02/06/2017;09:35:00;153;com vítima;115,5;BR-153/MG;Sul;Colisão Traseira;1;;;;;;;;;1;3;3;1;;
02/06/2017;09:43:00;158;sem vítima;358;BR-262/MG;Leste;Choque - Talude;1;;;;;;;;;;1;;;;
02/06/2017;10:24:00;182;com vítima;118;BR-060/GO;Sul;Colisão Lateral;2;;;;;;;;;;3;1;;;
02/06/2017;10:44:00;196;sem vítima;3;BR-060/DF;Norte;Colisão Traseira;1;;;1;;;;;;;2;;;;
02/06/2017;13:26:00;266;com vítima;521,28;BR-153/GO;Norte;Colisão Lateral;1;;1;;;;;;;;2;2;1;;
02/06/2017;14:36:00;307;sem vítima;359,135;BR-262/MG;Oeste;Colisão Traseira;2;;;;;1;;;;;4;;;;
02/06/2017;16:31:00;376;sem vítima;405,18;BR-262/MG;Leste;Capotamento;1;;;;;1;;;;;2;;;;
02/06/2017;17:24:00;407;com vítima;94,027;BR-060/GO;Norte;Colisão Traseira;1;;;1;;;;;;;1;1;;;
02/06/2017;17:33:00;416;com vítima;499,121;BR-153/GO;Sul;Engavetamento;3;;;;;;;;;;4;1;;;
02/06/2017;17:37:00;421;sem vítima;792;BR-262/MG;Leste;Choque - Outros;1;;1;;;;;;;;2;;;;
02/06/2017;18:36:00;470;com vítima;8;BR-153/MG;Norte;Capotamento;2;;;;;;;;;;1;2;2;;
02/06/2017;18:38:00;471;sem vítima;705,5;BR-262/MG;Leste;Colisão Traseira;2;;;;;;;;;;2;;;;
02/06/2017;18:46:00;476;com vítima;474,576;BR-262/MG;Leste;Colisão Frontal;1;;1;;;;;;;;0;1;;;1
02/06/2017;19:36:00;497;sem vítima;501,266;BR-153/GO;Sul;Engavetamento;3;;;;;;;;;;3;;;;
02/06/2017;20:42:00;522;sem vítima;360;BR-262/MG;Leste;Saida de Pista;1;;;;;;;;;;1;;;;
02/06/2017;23:42:00;578;com vítima;506,238;BR-153/GO;Sul;Capotamento;1;;;;;;;;;;0;;1;1;
03/06/2017;06:25:00;106;com vítima;2,307;BR-060/DF;Norte;Colisão Traseira;;;1;1;;;;;;;1;1;;;
03/06/2017;06:37:00;108;com vítima;105,86;BR-060/GO;Norte;Queda de Moto;;;;1;;;;;;;0;1;;;
03/06/2017;06:11:00;111;sem vítima;101,448;BR-060/GO;Sul;Colisão Lateral;2;;;;;;;;;;2;;;;
03/06/2017;10:38:00;224;sem vítima;493,769;BR-153/GO;Norte;Colisão Traseira;1;;1;;;;;;;;2;;;;
03/06/2017;12:32:00;298;com vítima;497,884;BR-153/GO;Sul;Queda de Moto;;;;1;;;;;;;0;1;;;
03/06/2017;15:49:00;398;com vítima;5,126;BR-060/DF;Norte;Choque - Poste;1;;;;;;;;;;0;;1;;
03/06/2017;18:50:00;481;sem vítima;500,218;BR-153/GO;Sul;Engavetamento;3;;;;;;;;;;4;;;;
03/06/2017;19:34:00;506;sem vítima;478;BR-262/MG;Leste;Colisão Transversal;2;;;;;;;;;;6;;;;
03/06/2017;20:04:00;514;com vítima;19,379;BR-060/DF;Norte;Atropelamento - Andarilho;2;;;;;;;;;;3;;;;1
03/06/2017;20:33:00;527;sem vítima;82,708;BR-060/GO;Sul;Saida de Pista;1;;;;;;;;;;4;;;;
03/06/2017;20:37:00;528;sem vítima;494,096;BR-153/GO;Norte;Engavetamento;2;;;;;1;;;;1;6;;;;
03/06/2017;21:50:00;546;sem vítima;4;BR-153/MG;Sul;Choque - Objeto sobre a pista;1;;;;;;;;;;1;;;;
03/06/2017;23:44:00;587;com vítima;509,037;BR-262/MG;Leste;Saida de Pista;1;;;;;1;;;;;1;;;1;
04/06/2017;04:45:00;55;com vítima;439,636;BR-262/MG;Oeste;Engavetamento;2;;;;;1;;;;;1;4;;;
04/06/2017;06:30:00;76;com vítima;511,896;BR-153/GO;Sul;Colisão Traseira;;;;2;;;;;;;0;3;;;
04/06/2017;07:55:00;101;com vítima;361;BR-262/MG;Leste;Colisão Traseira;1;;;1;;;;;;;0;1;1;;
04/06/2017;11:16:00;213;com vítima;128,828;BR-060/GO;Norte;Capotamento;1;;;;;;;;;;0;2;;;
04/06/2017;11:17:00;214;sem vítima;409,5;BR-262/MG;Oeste;Colisão Traseira;1;;;1;;;;;;;2;;;;
04/06/2017;15:10:00;326;com vítima;645;BR-153/GO;Sul;Saida de Pista;1;;;;;1;;;;;1;5;;;
04/06/2017;17:11:00;378;com vítima;634;BR-153/GO;Sul;Saida de Pista;1;;;;;;;;;;1;3;;;
04/06/2017;18:12:00;412;com vítima;30,169;BR-060/DF;Norte;Engavetamento;4;;;;;;;;;;7;1;1;;
04/06/2017;18:43:00;427;com vítima;539,3;BR-262/MG;Leste;Capotamento;1;;;;;;;;;;0;1;;;
04/06/2017;20:11:00;452;com vítima;505,139;BR-153/GO;Sul;Colisão Traseira;;;;2;;;;;;;1;1;;;
04/06/2017;23:43:00;535;sem vítima;107,006;BR-060/GO;Sul;Colisão Traseira;2;;;;;;;;;;2;;;;
05/06/2017;00:59:00;14;com vítima;8,255;BR-060/DF;Norte;Queda de Moto;;;;1;;;;;;;0;1;;;
05/06/2017;02:04:00;25;sem vítima;197,2;BR-153/MG;Norte;Saida de Pista;;;;;;;;;;1;1;;;;
05/06/2017;04:22:00;53;com vítima;652;BR-262/MG;Leste;Saida de Pista;;;;;;;;;;1;0;;2;;
05/06/2017;07:34:00;104;sem vítima;804;BR-262/MG;Leste;Choque - Defensa, barreira ou "submarino";1;;;;;;;;;;1;;;;
05/06/2017;09:39:00;166;sem vítima;702,1;BR-262/MG;Leste;Colisão Traseira;2;;;;;;;;;;2;;;;
05/06/2017;10:47:00;204;sem vítima;662,521;BR-153/GO;Sul;Capotamento;;;;;;;;;;1;1;;;;
05/06/2017;10:58:00;213;sem vítima;694;BR-262/MG;Leste;Colisão Traseira;1;;1;;;;;;;;2;;;;
05/06/2017;11:31:00;228;com vítima;495;BR-262/MG;Oeste;Tombamento;;;1;;;;;;;;0;1;;;
05/06/2017;11:36:00;230;com vítima;398;BR-262/MG;Leste;Colisão Lateral;1;;;1;;;;;;;1;1;;;
05/06/2017;11:53:00;237;com vítima;473,553;BR-262/MG;Leste;Colisão Lateral;2;;;;;;;;;;0;2;;;
05/06/2017;12:10:00;250;sem vítima;112,024;BR-153/MG;Sul;Saida de Pista;;;1;;;;;;;;1;;;;
05/06/2017;13:13:00;275;sem vítima;398;BR-262/MG;Leste;Colisão Lateral;;;1;;;;;;;1;2;;;;
05/06/2017;14:47:00;316;sem vítima;116,802;BR-060/GO;Sul;Saida de Pista;1;;;;;1;;;;;2;;;;
05/06/2017;16:49:00;377;com vítima;521;BR-153/GO;Norte;Colisão Lateral;1;;;1;;;;;;;1;1;;;
05/06/2017;19:30:00;461;com vítima;693;BR-153/GO;Norte;Colisão Traseira;1;;;;;;;;;;0;1;;;
05/06/2017;21:02:00;501;sem vítima;381,466;BR-262/MG;Oeste;Capotamento;1;;;;;;;;;;1;;;;
05/06/2017;21:38:00;522;sem vítima;20;BR-060/GO;Norte;Saida de Pista;1;;;;;;;;;;2;;;;
05/06/2017;23:07:00;551;com vítima;597,761;BR-262/MG;Leste;Capotamento;1;;;;;;;;;;0;4;;;
06/06/2017;00:53:00;7;sem vítima;13,8;BR-060/GO;Norte;Choque - Objeto sobre a pista;1;;;;;;;;;;1;;;;
06/06/2017;05:47:00;61;com vítima;371,5;BR-262/MG;Leste;Colisão Traseira;1;;1;;;;;;;;2;;1;;
06/06/2017;07:49:00;103;com vítima;443,374;BR-262/MG;Leste;Atropelamento - Usuário;1;;;;;;;;;;1;;1;;
06/06/2017;13:44:00;304;sem vítima;107,401;BR-060/GO;Norte;Colisão Lateral;1;;1;;;;;;;;2;;;;
06/06/2017;16:19:00;426;sem vítima;73,4;BR-153/MG;Norte;Tombamento;;;1;;;;;;;;1;;;;
06/06/2017;16:19:00;428;sem vítima;38,06;BR-060/GO;Sul;Choque - Defensa, barreira ou "submarino";1;;;;;;;;;;1;;;;
06/06/2017;16:35:00;439;sem vítima;373,6;BR-262/MG;Oeste;Colisão Traseira;;;1;;;1;;;;;2;;;;
06/06/2017;18:41:00;522;sem vítima;690;BR-153/GO;Norte;Saida de Pista;1;;;;;;;;;;1;;;;
06/06/2017;19:27:00;545;sem vítima;632,156;BR-262/MG;Oeste;Colisão Traseira;1;;1;;;;;;;;2;;;;
06/06/2017;20:58:00;585;sem vítima;481,256;BR-262/MG;Oeste;Colisão Lateral;1;;;;;1;;;;;2;;;;
06/06/2017;21:01:00;587;com vítima;393,883;BR-262/MG;Oeste;Colisão Lateral;1;;1;;;;;;;;1;1;;;
06/06/2017;22:21:00;617;sem vítima;417,117;BR-262/MG;Leste;Atropelamento de Animal;1;;;;;;;;;;1;;;;
06/06/2017;22:21:00;640;sem vítima;417,117;BR-262/MG;Leste;Atropelamento de Animal;1;;;;;;;;;;1;;;;
07/06/2017;06:19:00;61;sem vítima;563,001;BR-262/MG;Oeste;Colisão Traseira;;;2;;;;;;;;2;;;;
07/06/2017;06:41:00;69;com vítima;586,95;BR-153/GO;Sul;Capotamento;1;;;;;;;;;;0;1;;;
07/06/2017;07:04:00;73;com vítima;532,984;BR-153/GO;Norte;Queda de Ciclista;;1;;;;;;;;;0;1;;;
07/06/2017;07:50:00;92;com vítima;509,767;BR-153/GO;Norte;Queda de Moto;;;;1;;;;;;;0;1;;;
07/06/2017;08:05:00;103;sem vítima;506,223;BR-153/GO;Norte;Colisão Traseira;2;;;;;1;;;;;3;;;;
07/06/2017;08:07:00;106;com vítima;508,068;BR-153/GO;Sul;Queda de Moto;1;;;1;;;;;;;1;1;;;
07/06/2017;08:59:00;129;com vítima;548,001;BR-153/GO;Sul;Queda de Moto;;;;1;;;;;;;1;;1;;
07/06/2017;10:56:00;211;com vítima;507,745;BR-153/GO;Sul;Queda de Moto;;;;1;;;;;;;0;1;;;
07/06/2017;12:20:00;257;sem vítima;529,975;BR-153/GO;Norte;Colisão Frontal;2;;;;;;;;;;2;;;;
07/06/2017;15:05:00;362;com vítima;499,814;BR-262/MG;Leste;Engavetamento;;;2;;;;;;;1;2;1;;;
07/06/2017;15:54:00;389;com vítima;491,15;BR-153/GO;Norte;Queda de Moto;1;;;1;;;;;;;1;;;1;
07/06/2017;18:31:00;461;sem vítima;500,373;BR-153/GO;Sul;Colisão Traseira;1;;;;;;;;;1;2;;;;
07/06/2017;19:02:00;479;sem vítima;79,789;BR-153/MG;Sul;Saida de Pista;;;1;;;;;;;;1;;;;
07/06/2017;22:40:00;584;sem vítima;702;BR-153/GO;Sul;Objeto lançado contra veículo;1;;1;;;;;;;;2;;;;
08/06/2017;03:09:00;53;sem vítima;117;BR-060/GO;Sul;Atropelamento de Animal;;;1;;;;;;;;1;;;;
08/06/2017;07:41:00;124;sem vítima;494;BR-153/GO;Sul;Colisão Traseira;2;;;;;;;;;;2;;;;
08/06/2017;08:14:00;142;com vítima;581,902;BR-262/MG;Oeste;Saida de Pista;;;1;;;;;;;;0;1;;;
08/06/2017;11:47:00;305;sem vítima;58,5;BR-153/MG;Sul;Carreta deu L;;;1;;;;;;;1;2;;;;
08/06/2017;12:37:00;327;sem vítima;119;BR-060/GO;Norte;Saida de Pista;1;;;;;;;;;;1;;;;
08/06/2017;14:55:00;414;com vítima;512;BR-153/GO;Sul;Colisão Traseira;1;;;1;;;;;;;1;;1;;
08/06/2017;15:57:00;462;com vítima;552,1;BR-153/GO;Sul;Choque - Talude;1;;;;;;;;;;0;1;;;
08/06/2017;16:22:00;478;com vítima;73,3;BR-060/GO;Sul;Choque - Defensa, barreira ou "submarino";1;;;;;;;;;;0;1;;;
08/06/2017;16:58:00;498;sem vítima;30,5;BR-153/MG;Sul;Colisão Traseira;1;;;;;1;;;;;2;;;;
08/06/2017;17:42:00;517;sem vítima;505,286;BR-153/GO;Sul;Engavetamento;4;;;;;;;;;;4;;;;
08/06/2017;18:16:00;527;com vítima;45,7;BR-060/GO;Sul;Saida de Pista;1;;;;;;;;;;0;;1;;
08/06/2017;18:47:00;540;sem vítima;501,15;BR-153/GO;Sul;Colisão Traseira;2;;;;;;;;;;2;;;;
08/06/2017;19:29:00;554;sem vítima;785,2;BR-262/MG;Leste;Colisão Lateral;1;;1;;;;;;;;2;;;;
08/06/2017;20:11:00;576;sem vítima;17,233;BR-153/MG;Norte;Saida de Pista;1;;;;;;;;;;4;;;;
08/06/2017;22:02:00;632;com vítima;514,231;BR-153/GO;Norte;Colisão Traseira;2;;;;;;;;;;2;1;;;
08/06/2017;22:05:00;635;com vítima;5,859;BR-060/DF;Norte;Colisão Traseira;1;;;;;;1;;;;1;1;;;
09/06/2017;06:00:00;75;sem vítima;580,138;BR-262/MG;Oeste;Saida de Pista;1;;;;;;;;;;3;;;;
09/06/2017;06:27:00;82;com vítima;501,815;BR-153/GO;Norte;Colisão Traseira;1;;;1;;;;;;;1;2;;;
09/06/2017;08:11:00;128;com vítima;810,855;BR-262/MG;Oeste;Queda de Moto;;;;1;;;;;;;0;2;;;
09/06/2017;12:17:00;287;com vítima;15,486;BR-153/MG;Sul;Capotamento;1;;1;;;;;;;;3;;1;;
09/06/2017;12:41:00;295;com vítima;31,713;BR-060/GO;Sul;Colisão Lateral;1;;;1;;;;;;;1;1;;;
09/06/2017;14:11:00;335;sem vítima;107,887;BR-060/GO;Norte;Colisão Traseira;1;;1;;;;;;;;2;;;;
09/06/2017;14:24:00;341;com vítima;57,218;BR-060/GO;Norte;Capotamento;2;;;;;;;;;;1;1;;;
09/06/2017;14:40:00;347;sem vítima;23,272;BR-060/GO;Sul;Saida de Pista;1;;;;;;;;;;2;;;;
09/06/2017;15:04:00;360;sem vítima;88,88;BR-060/GO;Sul;Colisão Traseira;1;;1;;;;;;;;2;;;;
09/06/2017;15:20:00;367;sem vítima;88,79;BR-060/GO;Sul;Colisão Traseira;1;;1;;;;;;;;2;;;;
09/06/2017;16:34:00;414;com vítima;97;BR-060/GO;Norte;Colisão Traseira;;;;1;;;;;;1;1;1;;;
09/06/2017;17:14:00;440;sem vítima;98,818;BR-060/GO;Norte;Colisão Traseira;1;;1;;;;;;;;2;;;;
09/06/2017;17:27:00;446;sem vítima;25,478;BR-060/GO;Norte;Colisão Traseira;2;;;;;;;;;;6;;;;
09/06/2017;17:56:00;462;sem vítima;94,089;BR-060/GO;Norte;Engavetamento;2;;;;1;;;;;;6;;;;
09/06/2017;18:38:00;478;com vítima;25,304;BR-060/DF;Norte;Queda de Moto;;;;1;;;;;;;0;;1;;
09/06/2017;19:37:00;508;sem vítima;587,32;BR-262/MG;Leste;Capotamento;1;;;;;;;;;;1;;;;
09/06/2017;20:01:00;520;sem vítima;548,369;BR-262/MG;Oeste;Saida de Pista;1;;;;;;;;;;2;;;;
09/06/2017;20:31:00;538;sem vítima;548,7;BR-262/MG;Leste;Colisão Lateral;;;1;;;1;;;;;2;;;;
09/06/2017;22:47:00;616;sem vítima;514,23;BR-153/GO;Sul;Colisão Lateral;2;;;;;;;;;;2;;;;
10/06/2017;00:27:00;8;com vítima;11,15;BR-153/MG;Norte;Colisão Traseira;1;;;;;;;;;;0;1;;;
10/06/2017;00:32:00;10;sem vítima;163;BR-153/MG;Norte;Atropelamento de Animal;1;;;;;;;;;;1;;;;
10/06/2017;03:00:00;44;sem vítima;902,231;BR-262/MG;Oeste;Saida de Pista;1;;;;;;;;;;1;;;;
10/06/2017;03:14:00;46;com vítima;492,23;BR-262/MG;Leste;Saida de Pista;1;;;;;;;;;;0;2;;;
10/06/2017;03:16:00;47;sem vítima;506,777;BR-153/GO;Sul;Colisão Traseira;2;;;;;;;;;;2;;;;
10/06/2017;06:14:00;79;sem vítima;2,393;BR-153/MG;Sul;Tombamento;;;1;;;;;;;;1;;;;
10/06/2017;06:50:00;95;sem vítima;2;BR-153/MG;Sul;Saida de Pista;1;;;;;;;;;;1;;;;
10/06/2017;09:05:00;142;sem vítima;604,826;BR-262/MG;Leste;Capotamento;1;;;;;;;;;;2;;;;
10/06/2017;11:54:00;215;com vítima;565,888;BR-153/GO;Sul;Saida de Pista;1;;;;;;;;;1;1;3;;;
10/06/2017;14:32:00;278;sem vítima;584,462;BR-262/MG;Leste;Colisão Traseira;2;;;;;;;;;;2;;;;
10/06/2017;14:39:00;282;com vítima;675,779;BR-153/GO;Sul;Queda de Moto;;;;1;;;;;;;0;1;;;
10/06/2017;15:00:00;298;com vítima;0,7;BR-153/MG;Norte;Tombamento;;;1;;;;;;;;0;1;;;
10/06/2017;16:41:00;351;com vítima;400,576;BR-262/MG;Oeste;Colisão Traseira;2;;1;;;;;;;;2;3;2;;
10/06/2017;17:30:00;367;com vítima;618;BR-153/GO;Norte;Queda de Moto;;;;1;;;;;;;0;1;;;