data;horario;n_da_ocorrencia;tipo_de_ocorrencia;km;trecho;sentido;tipo_de_acidente;automovel;bicicleta;caminhao;moto;onibus;outros;tracao_animal;transporte_de_cargas_especiais;trator_maquinas;utilitarios;ilesos;levemente_feridos;moderadamente_feridos;gravemente_feridos;mortos
10/06/2017;20:07:00;437;sem vítima;811;BR-262/MG;Oeste;Choque - Defensa, barreira ou "submarino";1;;;;;;;;;;1;;;;
10/06/2017;20:25:00;444;sem vítima;620,8;BR-262/MG;Oeste;Atropelamento de Animal;;;1;;;;;;;;1;;;;
10/06/2017;21:16:00;467;sem vítima;512;BR-153/GO;Norte;Colisão Traseira;2;;;;;;;;;;4;;;;
11/06/2017;02:59:00;37;com vítima;801,842;BR-262/MG;Oeste;Colisão Traseira;2;;;;;;;;;;0;2;;;
11/06/2017;03:35:00;40;com vítima;418,124;BR-262/MG;Oeste;Saida de Pista;1;;;;;;;;;;0;3;;;
11/06/2017;08:28:00;120;com vítima;667;BR-262/MG;Oeste;Colisão Lateral;2;;;;;;;;;1;5;4;;;
11/06/2017;11:05:00;201;com vítima;686,5;BR-153/GO;Sul;Queda de Ciclista;;1;;;;;;;;;0;1;;;
11/06/2017;11:24:00;214;sem vítima;245;BR-153/MG;Sul;Colisão Lateral;2;;;;;;;;;;4;;;;
11/06/2017;14:13:00;278;sem vítima;399,862;BR-262/MG;Leste;Saida de Pista;1;;;;;1;;;;;2;;;;
11/06/2017;14:50:00;299;sem vítima;168,5;BR-153/MG;Norte;Capotamento;1;;;;;;;;;;4;;;;
11/06/2017;15:20:00;323;com vítima;361,2;BR-262/MG;Leste;Queda de Ciclista;1;;;1;;;;;;;2;1;;;
11/06/2017;16:26:00;369;com vítima;0,624;BR-060/DF;Norte;Atropelamento - Sem Informação;1;;;;;;;;;;0;1;1;;
11/06/2017;17:21:00;393;sem vítima;367,5;BR-262/MG;Leste;Colisão Traseira;1;;;;;1;;;;;2;;;;
11/06/2017;17:29:00;407;sem vítima;132,848;BR-060/GO;Sul;Capotamento;1;;;;;;;;;;1;;;;
11/06/2017;19:02:00;459;com vítima;877;BR-262/MG;Leste;Colisão Frontal;1;;;1;;;;;;;2;1;1;;
12/06/2017;00:23:00;8;com vítima;435,262;BR-262/MG;Oeste;Colisão Lateral;2;;;;;1;;;;;1;5;;;
12/06/2017;06:08:00;75;com vítima;523,351;BR-262/MG;Oeste;Colisão Transversal;1;;1;;;;;;;;1;;;1;
12/06/2017;06:17:00;82;com vítima;509,971;BR-153/GO;Norte;Colisão Lateral;1;;;1;;;;;;;1;1;;;
12/06/2017;06:31:00;85;sem vítima;95,9;BR-060/GO;Sul;Colisão Lateral;1;;1;;;;;;;;2;;;;
12/06/2017;07:04:00;92;sem vítima;95,6;BR-060/GO;Sul;Colisão Traseira;2;;;;;;;;;;2;;;;
12/06/2017;08:15:00;121;com vítima;2,959;BR-060/GO;Norte;Saida de Pista;1;;1;;;;;;;;1;1;;;
12/06/2017;11:24:00;272;com vítima;605;BR-153/GO;Norte;Queda de Moto;;;;1;;;;;;;0;1;;;
12/06/2017;11:32:00;280;sem vítima;881;BR-262/MG;Leste;Saida de Pista;;;1;;;;;;;;1;;;;
12/06/2017;14:19:00;366;com vítima;179,57;BR-153/MG;Norte;Engavetamento;5;;1;;;;;;;;0;10;;;2
12/06/2017;14:20:00;367;sem vítima;475,9;BR-262/MG;Leste;Colisão Traseira;2;;;;;;;;;;2;;;;
12/06/2017;14:29:00;373;sem vítima;699;BR-153/GO;Sul;Choque - Defensa, barreira ou "submarino";;;1;;;;;;;;1;;;;
12/06/2017;15:04:00;401;sem vítima;13;BR-153/MG;Norte;Saida de Pista;1;;;;;;;;;;1;;;;
12/06/2017;16:44:00;456;sem vítima;590,25;BR-262/MG;Oeste;Saida de Pista;1;;;;;;;;;;1;;;;
12/06/2017;17:54:00;493;sem vítima;501,931;BR-153/GO;Sul;Colisão Traseira;1;;;;;1;;;;;2;;;;
12/06/2017;18:04:00;500;sem vítima;21,157;BR-060/GO;Sul;Colisão Traseira;2;;;;;;;;;;2;;;;
12/06/2017;18:35:00;515;sem vítima;525,5;BR-262/MG;Leste;Saida de Pista;;;1;;;;;;;;1;;;;
12/06/2017;19:08:00;527;sem vítima;593;BR-262/MG;Leste;;;;1;;;;;;;;1;;;;
12/06/2017;19:13:00;533;sem vítima;595,23;BR-262/MG;Leste;Saida de Pista;;;1;;;;;;;;2;;;;
12/06/2017;19:36:00;545;sem vítima;548;BR-262/MG;Leste;;1;;;;;;;;;;1;;;;
12/06/2017;19:37:00;546;com vítima;190;BR-153/MG;Norte;Saida de Pista;;;1;;;;;;;;0;1;;;
12/06/2017;19:39:00;548;com vítima;47;BR-153/MG;Sul;Tombamento;;;1;;;;;;;;0;;1;;
12/06/2017;19:49:00;551;com vítima;104,619;BR-060/GO;Sul;Choque - Poste;1;;;1;;;;;;;1;1;;;
12/06/2017;19:57:00;556;sem vítima;548,8;BR-262/MG;Leste;Choque - Outros;1;;;;;;;;;;1;;;;
12/06/2017;20:16:00;563;com vítima;377;BR-262/MG;Oeste;Saida de Pista;1;;;;;;;;;;0;4;;;
12/06/2017;20:39:00;569;com vítima;366;BR-262/MG;Oeste;Saida de Pista;1;;;;;;;;;;0;1;;;
12/06/2017;21:25:00;579;com vítima;568,374;BR-262/MG;Leste;Colisão Transversal;;;2;;;;;;;;2;;1;;
12/06/2017;21:45:00;583;com vítima;358,1;BR-262/MG;Oeste;Saida de Pista;1;;;;;;;;;;0;2;;;
13/06/2017;00:49:00;5;com vítima;72,009;BR-060/GO;Norte;Colisão Traseira;1;;1;;;;;;;;1;;1;;
13/06/2017;02:08:00;19;com vítima;651,462;BR-262/MG;Leste;Tombamento;;;;;1;;;;;;5;9;7;1;2
13/06/2017;04:24:00;43;com vítima;658,251;BR-262/MG;Oeste;;1;;;;;;;;;;0;1;;;
13/06/2017;05:06:00;48;sem vítima;389,2;BR-262/MG;Oeste;Choque - Defensa, barreira ou "submarino";;;1;;;;;;;;1;;;;
13/06/2017;06:56:00;66;com vítima;508,059;BR-153/GO;Norte;Colisão Traseira;;;1;1;;;;;;;1;1;;;
13/06/2017;08:01:00;93;sem vítima;507,049;BR-153/GO;Sul;Colisão Traseira;2;;;;;;;;;;2;;;;
13/06/2017;09:15:00;138;sem vítima;137,912;BR-060/GO;Sul;Explosão;1;;1;;;;;;;;2;;;;
13/06/2017;09:25:00;146;com vítima;49,184;BR-153/MG;Sul;Saida de Pista;1;;;;;;;;;;0;1;;;
13/06/2017;09:36:00;152;sem vítima;107,945;BR-060/GO;Norte;Colisão Traseira;1;;;;;;;;;1;2;;;;
13/06/2017;15:01:00;314;com vítima;781;BR-262/MG;Oeste;Colisão Traseira;;;2;;;;;;;;2;1;;;
13/06/2017;16:57:00;369;com vítima;762,5;BR-262/MG;Oeste;Colisão Frontal;1;;;;;;;;;1;5;;2;;
13/06/2017;19:09:00;428;sem vítima;598,127;BR-153/GO;Sul;Choque - Talude;;;1;;;;;;;;1;;;;
13/06/2017;20:11:00;452;sem vítima;124,2;BR-153/MG;Norte;Colisão Frontal;1;;;;;1;;;;;5;;;;
14/06/2017;05:44:00;55;com vítima;508,747;BR-262/MG;Leste;Engavetamento;;;3;;;;;;;;2;;;1;
14/06/2017;05:46:00;56;com vítima;581,062;BR-262/MG;Oeste;Saida de Pista;1;;;;;;;;;;0;2;;;
14/06/2017;06:22:00;63;sem vítima;758,46;BR-262/MG;Oeste;Colisão Lateral;1;;1;;;;;;;;2;;;;
14/06/2017;06:31:00;68;com vítima;55;BR-153/MG;Norte;Capotamento;1;;;;;;;;;;2;1;1;;
14/06/2017;07:12:00;80;com vítima;121;BR-153/MG;Norte;Colisão Lateral;;;2;;;;;;;;1;1;;;
14/06/2017;07:29:00;87;com vítima;52,055;BR-060/GO;Sul;Saida de Pista;1;;;;;;;;;;0;1;;;
14/06/2017;08:45:00;129;sem vítima;381,8;BR-262/MG;Oeste;Saida de Pista;1;;;;;;;;;;2;;;;
14/06/2017;09:27:00;158;com vítima;382,2;BR-262/MG;Oeste;Saida de Pista;;;;;;;;;;1;0;1;;;
14/06/2017;10:39:00;201;sem vítima;91,963;BR-060/GO;Norte;Colisão Lateral;1;;1;;;;;;;;2;;;;
14/06/2017;11:01:00;212;com vítima;491,802;BR-153/GO;Sul;Choque - Veiculo parado na pista;1;;;1;;;;;;;1;;;1;
14/06/2017;11:30:00;232;com vítima;10,01;BR-060/GO;Norte;Capotamento;;;;;;;;;;1;0;1;;;
14/06/2017;08:45:00;253;sem vítima;381,8;BR-262/MG;Oeste;Saida de Pista;1;;;;;;;;;;2;;;;
14/06/2017;08:45:00;254;com vítima;381;BR-262/MG;Oeste;Saida de Pista;1;;;;;;;;;;0;;2;;
14/06/2017;14:26:00;328;sem vítima;556,061;BR-153/GO;Norte;Saida de Pista;1;;;;;;;;;;1;;;;
14/06/2017;16:01:00;371;com vítima;91,97;BR-060/GO;Sul;Colisão Traseira;1;;;1;;;;;;;1;2;;;
14/06/2017;16:18:00;382;sem vítima;587,3;BR-153/GO;Sul;Saida de Pista;;;1;;;;;;;;1;;;;
14/06/2017;16:21:00;384;com vítima;492,484;BR-153/GO;Norte;Colisão Traseira;1;;;1;;;;;;;1;1;;;
14/06/2017;17:53:00;438;sem vítima;362,5;BR-262/MG;Oeste;Saida de Pista;1;;;;;;;;;;1;;;;
14/06/2017;18:00:00;443;sem vítima;498,155;BR-153/GO;Sul;Engavetamento;3;;;;;;;;;;4;;;;
14/06/2017;18:36:00;454;sem vítima;505,938;BR-153/GO;Norte;Colisão Traseira;1;;;;;1;;;;1;3;;;;
14/06/2017;18:38:00;455;sem vítima;494,49;BR-153/GO;Sul;Colisão Traseira;2;;;;;1;;;;;5;;;;
14/06/2017;18:48:00;461;sem vítima;502,881;BR-153/GO;Sul;Engavetamento;4;;;1;;;;;;;7;;;;
14/06/2017;18:58:00;469;com vítima;10,707;BR-153/MG;Norte;Capotamento;1;;;;;;;;;;1;1;;;
14/06/2017;19:19:00;479;sem vítima;28,854;BR-060/GO;Sul;Choque - Defensa, barreira ou "submarino";1;;;;;;;;;;2;;;;
14/06/2017;21:39:00;542;com vítima;522,5;BR-262/MG;Oeste;Atropelamento - Morador;1;;;;;;;;;;1;;1;;
14/06/2017;22:12:00;557;sem vítima;580,15;BR-262/MG;Leste;Colisão Lateral;1;;;;1;;;;;;18;;;;
15/06/2017;03:03:00;39;sem vítima;394,319;BR-262/MG;Oeste;Saida de Pista;1;;;;;;;;;;1;;;;
15/06/2017;03:37:00;44;sem vítima;364,286;BR-262/MG;Leste;Atropelamento de Animal;1;;;;;;;;;;1;;;;
15/06/2017;03:56:00;48;sem vítima;91,15;BR-060/GO;Sul;Saida de Pista;1;;;;;;;;;;1;;;;
15/06/2017;05:07:00;62;sem vítima;210;BR-153/MG;Sul;Saida de Pista;;;1;;;;;;;;1;;;;
15/06/2017;05:37:00;69;sem vítima;364;BR-262/MG;Oeste;Atropelamento de Animal;;;;;;;;;;1;1;;;;
15/06/2017;06:13:00;79;sem vítima;492,31;BR-262/MG;Oeste;Saida de Pista;1;;;;;;;;;;3;;;;
15/06/2017;07:02:00;113;sem vítima;20,05;BR-153/MG;Norte;Colisão Traseira;1;;1;;;;;;;;5;;;;
15/06/2017;07:56:00;133;sem vítima;146,5;BR-153/MG;Sul;Colisão Lateral;1;;1;;;;;;;;4;;;;
15/06/2017;12:14:00;287;sem vítima;136;BR-060/GO;Norte;Colisão Lateral;2;;;;;;;;;;2;;;;
15/06/2017;16:10:00;410;sem vítima;580,75;BR-153/GO;Norte;Saida de Pista;1;;;;;;;;;;3;;;;
15/06/2017;16:43:00;421;com vítima;26,297;BR-060/DF;Sul;Tombamento;;;1;;;;;;;;0;1;;;
15/06/2017;18:29:00;455;sem vítima;526,766;BR-153/GO;Norte;Saida de Pista;1;;;;;;;;;;1;;;;
15/06/2017;18:42:00;460;com vítima;510,199;BR-153/GO;Sul;Colisão Frontal;2;;;;;;;;;;2;2;;;
15/06/2017;18:55:00;465;sem vítima;9,313;BR-153/MG;Sul;Colisão Transversal;1;;;;;;;;;1;5;;;;
15/06/2017;18:56:00;466;sem vítima;811,541;BR-262/MG;Leste;Capotamento;1;;;;;;;;;;1;;;;
15/06/2017;20:58:00;533;com vítima;502;BR-153/GO;Sul;Capotamento;1;;;;;;;;;;0;1;;;
16/06/2017;02:49:00;40;sem vítima;506,218;BR-153/GO;Sul;Colisão Lateral;1;;;;;;;;;;2;;;;
16/06/2017;06:14:00;86;sem vítima;1,114;BR-060/GO;Sul;Tombamento;;;1;;;;;;;;1;;;;
16/06/2017;06:21:00;88;com vítima;512,566;BR-153/GO;Norte;Colisão Transversal;1;;;1;;;;;;;1;;;;1
16/06/2017;09:19:00;155;sem vítima;607,4;BR-153/GO;Norte;Capotamento;1;;;;;;;;;;1;;;;
16/06/2017;11:52:00;239;com vítima;543,5;BR-153/GO;Norte;Capotamento;1;;;;;;;;;;0;1;;;
16/06/2017;15:13:00;338;com vítima;32,601;BR-060/GO;Sul;Colisão Traseira;;;1;1;;;;;;;1;1;;;
16/06/2017;15:26:00;347;sem vítima;28,585;BR-153/MG;Sul;Saida de Pista;;;1;;;;;;;;1;;;;
16/06/2017;15:32:00;351;sem vítima;125,031;BR-060/GO;Norte;Colisão Lateral;1;;1;;;;;;;;5;;;;
16/06/2017;15:42:00;355;com vítima;510,583;BR-262/MG;Leste;Colisão Frontal;2;;;;;;;;;;1;1;1;2;
16/06/2017;19:14:00;452;com vítima;170,996;BR-153/MG;Sul;Colisão Traseira;1;;1;;;;;;;;3;1;;;
17/06/2017;01:52:00;24;sem vítima;24;BR-153/MG;Norte;Saida de Pista;1;;;;;1;;;;;2;;;;
17/06/2017;03:44:00;40;com vítima;443,077;BR-262/MG;Oeste;Capotamento;1;;;;;;;;;;0;2;;;
17/06/2017;05:36:00;53;com vítima;515,1;BR-153/GO;Norte;Queda de Moto;1;;;1;;;;;;;1;1;;;
17/06/2017;06:40:00;66;sem vítima;511,454;BR-153/GO;Sul;Colisão Traseira;1;;1;;;;;;;;2;;;;
17/06/2017;07:20:00;72;sem vítima;503,3;BR-262/MG;Oeste;Saida de Pista;;;;;;;;;;1;2;;;;
17/06/2017;09:36:00;134;sem vítima;517,153;BR-153/GO;Sul;Capotamento;1;;;;;;;;;;1;;;;
17/06/2017;10:06:00;156;com vítima;244,507;BR-153/MG;Sul;Colisão Transversal;2;;;;;;;;;;0;3;;;
17/06/2017;11:16:00;183;com vítima;6,37;BR-060/GO;Sul;Queda de Moto;1;;;1;;;;;;;1;1;;;
17/06/2017;15:56:00;311;com vítima;684,894;BR-153/GO;Norte;Colisão Lateral;;;1;;;;;;;1;3;1;1;;
17/06/2017;16:01:00;313;sem vítima;457,402;BR-262/MG;Leste;Saida de Pista;1;;;;;;;;;;2;;;;
17/06/2017;17:03:00;346;com vítima;15,061;BR-060/DF;Norte;Saida de Pista;1;;;;;;;;;;0;4;;;
17/06/2017;17:49:00;377;sem vítima;443,033;BR-262/MG;Oeste;Choque - Defensa, barreira ou "submarino";1;;;;;;;;;;1;;;;
17/06/2017;17:52:00;378;com vítima;832,3;BR-262/MG;Oeste;Capotamento;1;;;;;;;;;;0;;1;;
17/06/2017;19:10:00;407;sem vítima;565,532;BR-153/GO;Sul;Saida de Pista;1;;;;;;;;;;1;;;;
17/06/2017;19:13:00;409;sem vítima;505,015;BR-153/GO;Sul;Engavetamento;1;;;;1;;;;;1;3;;;;
17/06/2017;20:33:00;435;sem vítima;354,921;BR-262/MG;Leste;Atropelamento de Animal;;;1;;;;;;;;1;;;;
17/06/2017;20:57:00;452;sem vítima;566,5;BR-153/GO;Norte;Colisão Lateral;2;;;;;;;;;;2;;;;
18/06/2017;00:11:00;5;sem vítima;800;BR-262/MG;Oeste;Saida de Pista;1;;;;;;;;;;1;;;;
18/06/2017;02:05:00;23;com vítima;644,769;BR-153/GO;Norte;Colisão Transversal;;;2;;;;;;;;1;1;;;
18/06/2017;03:52:00;44;sem vítima;492;BR-262/MG;Leste;Saida de Pista;1;;;;;;;;;;1;;;;
18/06/2017;06:15:00;76;sem vítima;674;BR-262/MG;Oeste;Saida de Pista;1;;;;;;;;;;2;;;;
18/06/2017;08:39:00;100;com vítima;4,068;BR-060/DF;Sul;Capotamento;1;;;;;;;;;;0;1;;;
18/06/2017;11:19:00;168;sem vítima;850;BR-262/MG;Leste;Colisão Traseira;;;1;;;;;;;1;2;;;;
18/06/2017;12:46:00;215;com vítima;523,15;BR-153/GO;Norte;Queda de Ciclista;;2;;;;;;;;;1;1;;;
18/06/2017;15:18:00;295;com vítima;439,177;BR-262/MG;Leste;Colisão Traseira;1;;1;;;;;;;;1;1;;;
18/06/2017;15:45:00;305;sem vítima;377,477;BR-262/MG;Leste;Queda de Ciclista;;;;2;;;;;;;4;;;;
18/06/2017;16:38:00;333;sem vítima;439;BR-262/MG;Oeste;Colisão Traseira;2;;;;;;;;;;2;;;;
18/06/2017;17:05:00;351;sem vítima;442;BR-262/MG;Leste;Queda de Ciclista;;;;1;;;;;;;1;;;;
18/06/2017;17:46:00;382;com vítima;28,302;BR-060/GO;Norte;Capotamento;2;;;;;;;;;;1;1;;;
18/06/2017;18:06:00;391;sem vítima;389;BR-262/MG;Leste;Colisão Traseira;2;;;;;;;;;;2;;;;
18/06/2017;18:20:00;399;sem vítima;43;BR-060/GO;Norte;Engavetamento;3;;;;;;;;;;3;;;;
18/06/2017;21:32:00;492;com vítima;89;BR-060/GO;Norte;Queda de Moto;;;;1;;;;;;;0;1;;;
18/06/2017;22:22:00;505;com vítima;91,85;BR-060/GO;Norte;Atropelamento - Outros;1;;;;;;;;;;0;2;;;
18/06/2017;22:58:00;519;sem vítima;578,215;BR-262/MG;Oeste;Atropelamento de Animal;1;;;;;;;;;;4;;;;
19/06/2017;02:51:00;34;com vítima;1,136;BR-060/DF;Sul;Colisão Traseira;1;;1;;;;;;;;1;;1;;
19/06/2017;05:30:00;58;sem vítima;524,333;BR-262/MG;Leste;Atropelamento de Animal;;;1;;;;;;;;1;;;;
19/06/2017;05:50:00;64;sem vítima;542,35;BR-153/GO;Norte;Saida de Pista;1;;;;;;;;;;1;;;;
19/06/2017;06:14:00;68;com vítima;507,08;BR-153/GO;Norte;Colisão Traseira;1;;;1;;;;;;;1;;2;;
19/06/2017;08:06:00;113;com vítima;494,009;BR-153/GO;Norte;Queda de Moto;;;;1;;;;;;;0;;1;;
19/06/2017;08:09:00;114;sem vítima;590,16;BR-262/MG;Oeste;Tombamento;;;2;;;;;;;;2;;;;
19/06/2017;10:04:00;192;sem vítima;561,2;BR-153/GO;Norte;Saida de Pista;;;1;;;;;;;;1;;;;
19/06/2017;11:07:00;232;com vítima;8,05;BR-060/DF;Norte;Saida de Pista;1;;;;;;;;;;0;1;;;
19/06/2017;15:30:00;372;sem vítima;575,578;BR-153/GO;Norte;Saida de Pista;1;;;;;;;;;;3;;;;
19/06/2017;15:37:00;373;sem vítima;503,15;BR-153/GO;Sul;Colisão Traseira;1;;1;;;;;;;;2;;;;
19/06/2017;17:07:00;421;sem vítima;103,015;BR-060/GO;Norte;Colisão Traseira;2;;;;;;;;;;4;;;;
19/06/2017;17:37:00;435;com vítima;438;BR-262/MG;Leste;Atropelamento - Andarilho;1;;;;;;;;;;4;;;1;
19/06/2017;18:34:00;461;sem vítima;219,233;BR-153/MG;Norte;Saida de Pista;1;;;;;;;;;1;2;;;;
19/06/2017;22:26:00;550;com vítima;58,031;BR-060/GO;Norte;Colisão Traseira;2;;;;;;;;;1;5;1;;;
20/06/2017;06:08:00;62;sem vítima;22,5;BR-153/MG;Sul;Colisão Traseira;;;2;;;;;;;;2;;;;
20/06/2017;07:00:00;75;sem vítima;101,9;BR-153/MG;Sul;Colisão Lateral;;;2;;;;;;;;2;;;;
20/06/2017;08:15:00;107;sem vítima;494,717;BR-153/GO;Sul;Colisão Traseira;;;;;;;;;;2;3;;;;
20/06/2017;08:28:00;110;com vítima;426;BR-262/MG;Leste;Colisão Traseira;;;1;;;;;;;1;1;;1;;
20/06/2017;12:54:00;262;com vítima;490,464;BR-153/GO;Norte;Atropelamento - Outros;;;;1;;;;;;;0;1;1;;
20/06/2017;13:07:00;266;sem vítima;493,989;BR-153/GO;Norte;Engavetamento;2;;1;;;;;;;;3;;;;
20/06/2017;17:31:00;414;sem vítima;813;BR-262/MG;Leste;Atropelamento de Animal;;;;;;;;;;1;3;;;;
20/06/2017;18:25:00;445;sem vítima;542,788;BR-262/MG;Oeste;Colisão Frontal;;;3;;;;;;;;3;;;;
20/06/2017;19:38:00;493;sem vítima;499;BR-153/GO;Sul;Colisão Traseira;1;;1;;;;;;;;2;;;;
21/06/2017;06:06:00;47;sem vítima;740;BR-262/MG;Oeste;Saida de Pista;;;;;;;;;;1;1;;;;
21/06/2017;06:58:00;60;com vítima;32,124;BR-060/GO;Norte;Atropelamento - Usuário;;;;1;;;;;;;1;1;;;
21/06/2017;07:34:00;67;com vítima;505,87;BR-153/GO;Norte;Colisão Traseira;1;;;1;;;;;;;1;2;;;
21/06/2017;08:10:00;85;sem vítima;137,345;BR-060/GO;Sul;Colisão Lateral;;;2;;;;;;;;2;;;;
21/06/2017;13:13:00;234;com vítima;137,375;BR-060/GO;Sul;Choque - Suporte de Sinalização;;1;;;;;;;;;0;1;;;
21/06/2017;14:40:00;272;sem vítima;789,54;BR-262/MG;Leste;Colisão Traseira;;;;;;;;;;2;2;;;;
21/06/2017;14:49:00;276;sem vítima;99,901;BR-060/GO;Sul;Colisão Lateral;;;1;;;;;;;1;2;;;;
21/06/2017;16:45:00;338;sem vítima;96,108;BR-060/GO;Norte;Colisão Traseira;2;;;;;;;;;;2;;;;
21/06/2017;18:58:00;385;sem vítima;500,432;BR-153/GO;Sul;Colisão Lateral;1;;1;;;;;;;;2;;;;
21/06/2017;19:31:00;402;sem vítima;538,719;BR-262/MG;Leste;Tombamento;;;1;;;;;;;;1;;;;
21/06/2017;20:03:00;415;sem vítima;76,705;BR-060/GO;Norte;Saida de Pista;;;1;;;;;;;;1;;;;
22/06/2017;07:15:00;86;com vítima;528,4;BR-262/MG;Oeste;Engavetamento;1;;3;;1;;;;;;2;4;;;
22/06/2017;07:42:00;97;sem vítima;186,2;BR-153/MG;Norte;Saida de Pista;1;;1;;;;;;;;5;;;;
22/06/2017;10:33:00;184;com vítima;495,484;BR-153/GO;Norte;Colisão Traseira;1;;1;1;;;;;;;3;1;;;
22/06/2017;11:13:00;200;sem vítima;78,562;BR-060/GO;Sul;Saida de Pista;;;;;;;;;;1;1;;;;
22/06/2017;13:03:00;254;com vítima;364,408;BR-262/MG;Oeste;Colisão Traseira;;;1;1;;;;;;;1;;;;1
22/06/2017;15:09:00;321;com vítima;615,14;BR-153/GO;Norte;Capotamento;1;;;;;;;;;;0;;;2;1
22/06/2017;16:35:00;358;sem vítima;35,22;BR-153/MG;Sul;Tombamento;;;;;;;;;;1;1;;;;
22/06/2017;17:39:00;389;com vítima;516,124;BR-153/GO;Sul;Colisão Frontal;1;;;1;;;;;;;1;1;;;
22/06/2017;18:20:00;408;sem vítima;794,435;BR-262/MG;Oeste;Saida de Pista;1;;;;;;;;;;6;;;;
22/06/2017;18:40:00;420;sem vítima;4,478;BR-060/DF;Sul;Saida de Pista;1;;;;;;;;;;1;;;;
22/06/2017;20:16:00;454;com vítima;801,697;BR-262/MG;Leste;Colisão Lateral;;2;;;;;;;;;0;1;;1;
22/06/2017;21:21:00;476;sem vítima;96;BR-060/GO;Norte;Saida de Pista;1;;;;;;;;;;1;;;;
22/06/2017;22:10:00;496;com vítima;31,696;BR-060/GO;Sul;Queda de Moto;;;;1;;;;;;;1;1;;;
23/06/2017;02:20:00;27;sem vítima;73,025;BR-060/GO;Sul;Colisão Traseira;2;;;;;1;;;;;3;;;;
23/06/2017;04:44:00;58;sem vítima;58,208;BR-153/MG;Norte;Saida de Pista;1;;;;;;;;;;1;;;;
23/06/2017;05:34:00;67;sem vítima;2,481;BR-060/DF;Norte;Colisão Traseira;1;;;;;1;;;;;2;;;;
23/06/2017;05:41:00;74;com vítima;39,707;BR-060/GO;Norte;Colisão Traseira;;;4;;;;;;;;3;1;2;;
23/06/2017;07:04:00;97;sem vítima;101,001;BR-060/GO;Norte;Colisão Traseira;1;;;1;;;;;;;2;;;;
23/06/2017;08:01:00;118;sem vítima;39,707;BR-060/GO;Norte;Colisão Transversal;1;;1;;;;;;;;2;;;;
23/06/2017;08:14:00;127;sem vítima;495,412;BR-153/GO;Sul;Engavetamento;2;;1;;;;;;;;3;;;;
23/06/2017;08:21:00;133;sem vítima;497,352;BR-153/GO;Sul;Colisão Traseira;2;;;;;;;;;;2;;;;
23/06/2017;08:24:00;134;sem vítima;513;BR-262/MG;Oeste;Colisão Traseira;2;;;;;;;;;;2;;;;
23/06/2017;09:41:00;186;sem vítima;537;BR-153/GO;Sul;Colisão Traseira;1;;1;;;;;;;;2;;;;
23/06/2017;13:30:00;348;sem vítima;392,937;BR-262/MG;Leste;Saida de Pista;;;2;;;;;;;;2;;;;
23/06/2017;13:49:00;358;sem vítima;98,2;BR-060/GO;Norte;Colisão Transversal;2;;1;;;;;;;;3;;;;
23/06/2017;14:27:00;376;com vítima;802,54;BR-262/MG;Oeste;Atropelamento - Ciclista;;1;1;;;;;;;;1;;;;1
23/06/2017;15:27:00;408;com vítima;101;BR-060/GO;Norte;Queda de Moto;1;;;1;;;;;;;0;2;;;
23/06/2017;16:49:00;468;sem vítima;382,561;BR-262/MG;Leste;Carreta deu L;;;1;;;;;;;;1;;;;
23/06/2017;16:49:00;469;sem vítima;500,128;BR-153/GO;Sul;Engavetamento;1;;2;;;;;;;;6;;;;
23/06/2017;17:59:00;514;com vítima;106,5;BR-060/GO;Sul;Queda de Moto;;;;1;;;;;;;0;1;;;
23/06/2017;18:50:00;547;sem vítima;520,219;BR-262/MG;Leste;Colisão Transversal;1;;1;;;;;;;;2;;;;
23/06/2017;19:01:00;553;sem vítima;501;BR-153/GO;Sul;Colisão Traseira;1;;;;;1;;;;;2;;;;
23/06/2017;19:33:00;573;sem vítima;130;BR-060/GO;Norte;Saida de Pista;1;;;;;;;;;;1;;;;
23/06/2017;19:54:00;583;sem vítima;580,15;BR-262/MG;Oeste;Saida de Pista;1;;;;;;;;;;1;;;;
23/06/2017;20:25:00;595;sem vítima;91,402;BR-060/GO;Sul;Colisão Traseira;2;;;;;;;;;;5;;;;
23/06/2017;21:24:00;615;sem vítima;550,907;BR-262/MG;Leste;Tombamento;;;1;;;1;;;;;2;;;;
23/06/2017;21:55:00;631;sem vítima;580;BR-262/MG;Leste;Saida de Pista;1;;;;;;;;;;1;;;;
23/06/2017;23:45:00;655;sem vítima;118;BR-060/GO;Sul;Colisão Frontal;1;;;1;;;;;;;3;;;;
23/06/2017;23:48:00;656;com vítima;669,4;BR-262/MG;Leste;Capotamento;;;1;;;;;;;;0;1;;;
24/06/2017;01:20:00;20;com vítima;610,067;BR-153/GO;Norte;Saida de Pista;;;1;;;;;;;;0;1;;;
24/06/2017;02:17:00;33;sem vítima;10,854;BR-060/DF;Norte;Saida de Pista;1;;;;;;;;;;1;;;;
24/06/2017;02:37:00;36;com vítima;35;BR-060/GO;Sul;Saida de Pista;1;;;;;;;;;;1;1;;;
24/06/2017;02:53:00;38;sem vítima;580;BR-262/MG;Leste;Colisão Traseira;1;;;;;;;;;1;2;;;;
24/06/2017;06:40:00;82;sem vítima;577;BR-153/GO;Sul;Saida de Pista;1;;;;;;;;;;3;;;;
24/06/2017;08:21:00;128;sem vítima;563;BR-153/GO;Sul;Colisão Lateral;1;;2;;;;;;;;3;;;;
24/06/2017;09:30:00;172;sem vítima;813;BR-262/MG;Leste;Atropelamento de Animal;;;;;;;;;;;1;;;;
24/06/2017;11:08:00;226;com vítima;500,2;BR-153/GO;Sul;Colisão Lateral;1;;;1;;;;;;;1;1;;;