data;horario;n_da_ocorrencia;tipo_de_ocorrencia;km;trecho;sentido;tipo_de_acidente;automovel;bicicleta;caminhao;moto;onibus;outros;tracao_animal;transporte_de_cargas_especiais;trator_maquinas;utilitarios;ilesos;levemente_feridos;moderadamente_feridos;gravemente_feridos;mortos
26/07/2017;14:22:00;363;com vítima;501,431;BR-153/GO;Sul;Queda de Moto;;;;1;;;;;;;0;2;;;
26/07/2017;17:55:00;509;sem vítima;500,489;BR-153/GO;Norte;Colisão Traseira;1;;;;;1;;;;1;3;;;;
26/07/2017;21:50:00;612;sem vítima;504,139;BR-153/GO;Norte;Colisão Traseira;1;;1;;;;;;;;2;;;;
26/07/2017;21:56:00;614;sem vítima;186,816;BR-153/MG;Sul;Saida de Pista;;;;;;;;;;1;1;;;;
26/07/2017;22:00:00;615;com vítima;31,71;BR-060/GO;Sul;Colisão Transversal;1;;;1;;;;;;;3;1;;;
26/07/2017;23:24:00;634;sem vítima;107,913;BR-060/GO;Sul;Colisão Traseira;;;1;;1;;;;;;2;;;;
27/07/2017;00:28:00;6;sem vítima;6,602;BR-060/DF;Sul;Queda de Moto;;;;1;;;;;;1;2;;;;
27/07/2017;03:27:00;32;sem vítima;34,241;BR-153/MG;Norte;Colisão Traseira;;;2;;;;;;;;2;;;;
27/07/2017;04:09:00;36;sem vítima;441,4;BR-262/MG;Leste;Choque - Defensa, barreira ou "submarino";1;;;;;;;;;;2;;;;
27/07/2017;06:12:00;51;sem vítima;5,649;BR-060/DF;Norte;Colisão Traseira;;;1;;;1;;;;;2;;;;
27/07/2017;07:04:00;69;sem vítima;2,888;BR-060/DF;Norte;Engavetamento;3;;;;;;;;;;6;;;;
27/07/2017;08:05:00;82;sem vítima;218;BR-153/MG;Norte;Colisão Traseira;;;2;;;;;;;;2;;;;
27/07/2017;08:09:00;89;com vítima;134;BR-153/MG;Norte;Colisão Traseira;;;;2;;;;;;;1;1;;;
27/07/2017;08:13:00;92;com vítima;180,7;BR-153/MG;Sul;Colisão Traseira;1;;1;;;;;;;1;6;1;;;
27/07/2017;09:14:00;116;sem vítima;535;BR-153/GO;Norte;Saida de Pista;1;;;;;;;;;;1;;;;
27/07/2017;10:03:00;143;sem vítima;550,8;BR-153/GO;Norte;Tombamento;;;2;;;;;;;;2;;;;
27/07/2017;10:21:00;156;com vítima;562,511;BR-153/GO;Sul;Tombamento;;;1;;;;;;;;0;2;;;
27/07/2017;13:10:00;250;com vítima;21,983;BR-060/GO;Sul;Saida de Pista;1;;;;;;;;;;0;2;;;
27/07/2017;14:25:00;272;com vítima;101;BR-060/GO;Sul;Queda de Ciclista;;;;1;;;;;;;0;1;1;;
27/07/2017;14:37:00;275;com vítima;51,07;BR-153/MG;Norte;Capotamento;1;;;;;;;;;;0;1;;;
27/07/2017;16:11:00;327;sem vítima;486,9;BR-262/MG;Oeste;Colisão Traseira;;;;;;;;;;2;2;;;;
27/07/2017;19:31:00;419;sem vítima;95,101;BR-060/GO;Norte;Colisão Traseira;;;;1;;1;;;;;2;;;;
27/07/2017;19:44:00;423;sem vítima;508,879;BR-153/GO;Sul;Engavetamento;5;;;;;;;;;;5;;;;
27/07/2017;19:51:00;429;com vítima;507,12;BR-153/GO;Sul;Colisão Traseira;1;;;;;1;;;;;1;3;;;
27/07/2017;20:57:00;449;com vítima;134,18;BR-060/GO;Sul;Colisão Lateral;1;;1;;;;;;;;0;4;;;
28/07/2017;01:47:00;17;com vítima;382,8;BR-262/MG;Oeste;Queda de Moto;;;;1;;;;;;;0;1;;;
28/07/2017;07:01:00;106;sem vítima;478;BR-262/MG;Leste;Colisão Lateral;;;1;;;;;;;1;2;;;;
28/07/2017;10:36:00;215;sem vítima;389;BR-262/MG;Leste;Colisão Traseira;2;;;;;;;;;1;3;;;;
28/07/2017;16:17:00;379;com vítima;70,784;BR-060/GO;Sul;Capotamento;1;;;;;;;;;;1;2;;;
28/07/2017;16:24:00;383;com vítima;95,889;BR-060/GO;Norte;Queda de Moto;;;;1;;;;;;;0;1;;;
28/07/2017;16:53:00;396;com vítima;44,147;BR-153/MG;Norte;Queda de Ciclista;;;;1;;;;;;;0;;1;;
28/07/2017;17:09:00;402;sem vítima;563,58;BR-153/GO;Sul;Colisão Traseira;1;;1;;;;;;;;2;;;;
28/07/2017;17:26:00;412;sem vítima;497;BR-153/GO;Sul;Colisão Traseira;1;;;;;1;;;;;2;;;;
28/07/2017;18:41:00;448;com vítima;244,147;BR-153/MG;Sul;Colisão Lateral;;1;;;;1;;;;;1;;;;1
28/07/2017;19:17:00;464;com vítima;503,999;BR-153/GO;Norte;Engavetamento;2;;;1;;;;;;;4;1;;;
28/07/2017;19:35:00;472;sem vítima;500,845;BR-153/GO;Norte;Colisão Traseira;1;;1;;;;;;;;2;;;;
28/07/2017;19:58:00;484;com vítima;2,8;BR-153/MG;Norte;Saida de Pista;1;;;;;;;;;;0;2;;;
28/07/2017;22:28:00;557;sem vítima;77,213;BR-060/GO;Sul;Carreta deu L;;;1;;;;;;;;1;;;;
28/07/2017;22:49:00;567;com vítima;412,2;BR-262/MG;Oeste;Colisão Lateral;;;1;1;;;;;;;1;;1;1;
29/07/2017;00:29:00;6;sem vítima;542;BR-153/GO;Norte;Colisão Traseira;;;1;;;;;;;;1;;;;
29/07/2017;05:13:00;73;sem vítima;675,663;BR-262/MG;Oeste;Choque - Defensa, barreira ou "submarino";1;;;;;;;;;;1;;;;
29/07/2017;05:26:00;76;sem vítima;843,433;BR-262/MG;Leste;Tombamento;;;1;;;;;;;;1;;;;
29/07/2017;05:39:00;79;sem vítima;520,65;BR-153/GO;Sul;Saida de Pista;1;;;;;;;;;;1;;;;
29/07/2017;05:54:00;84;com vítima;442,992;BR-262/MG;Leste;Choque - Defensa, barreira ou "submarino";;;;1;;;;;;;0;1;;;
29/07/2017;07:45:00;125;com vítima;76,74;BR-060/GO;Norte;Colisão Traseira;;;1;1;;;;;;;1;;1;;
29/07/2017;11:51:00;246;sem vítima;802,14;BR-262/MG;Leste;Colisão Traseira;1;;;;;;;;;1;5;;;;
29/07/2017;12:54:00;271;com vítima;118,445;BR-153/MG;Norte;Colisão Traseira;;;2;;;;;;;;2;1;;;
29/07/2017;17:10:00;403;sem vítima;507,316;BR-153/GO;Norte;Engavetamento;3;;;;;;;;;;3;;;;
29/07/2017;17:56:00;432;com vítima;1,829;BR-060/DF;Sul;Tombamento;;;1;;;;;;;;0;1;;;
29/07/2017;19:39:00;483;sem vítima;676,003;BR-153/GO;Norte;Saida de Pista;1;;;;;;;;;;3;;;;
29/07/2017;19:51:00;490;com vítima;520,202;BR-153/GO;Norte;Colisão Traseira;2;;;;;;;;;;6;1;;;
29/07/2017;21:13:00;518;com vítima;8,159;BR-060/DF;Norte;Saida de Pista;1;;;;;;;;;;1;1;;;
29/07/2017;21:34:00;526;com vítima;31,705;BR-060/GO;Norte;Colisão Transversal;2;;;;;;;;;;2;1;;;
30/07/2017;01:01:00;13;sem vítima;374,82;BR-262/MG;Leste;Capotamento;1;;;;;;;;;;1;;;;
30/07/2017;03:15:00;35;com vítima;137,112;BR-060/GO;Sul;Saida de Pista;1;;;;;;;;;;0;1;;;
30/07/2017;03:43:00;38;com vítima;189,057;BR-153/MG;Sul;Queda de Moto;;;;1;;;;;;;0;;;1;
30/07/2017;07:25:00;85;com vítima;38,559;BR-060/GO;Sul;Queda de Moto;;;;1;;;;;;;0;;;;1
30/07/2017;09:11:00;140;sem vítima;11,147;BR-153/MG;Sul;Colisão Traseira;;;2;;;;;;;;2;;;;
30/07/2017;09:46:00;156;sem vítima;30,383;BR-060/DF;Sul;Colisão Lateral;1;;1;;;;;;;;2;;;;
30/07/2017;10:02:00;162;sem vítima;98,096;BR-060/GO;Sul;Colisão Traseira;2;;;;;;;;;;2;;;;
30/07/2017;10:14:00;169;com vítima;716,444;BR-262/MG;Oeste;Colisão Traseira;1;;1;;;;;;;;1;;;2;
30/07/2017;10:31:00;183;com vítima;542,566;BR-153/GO;Sul;Capotamento;1;;;;;;;;;;4;;1;;
30/07/2017;11:35:00;234;com vítima;437,51;BR-262/MG;Leste;Saida de Pista;1;;;;;;;;;;1;1;;;
30/07/2017;14:47:00;337;sem vítima;654,985;BR-153/GO;Sul;Capotamento;1;;;;;;;;;;7;;;;
30/07/2017;16:43:00;408;sem vítima;365,05;BR-262/MG;Leste;Colisão Traseira;2;;;;;;;;;;2;;;;
30/07/2017;18:12:00;463;com vítima;536,613;BR-262/MG;Oeste;Colisão Frontal;2;;;;;;;;;;4;3;;;
30/07/2017;19:18:00;492;sem vítima;1,5;BR-153/MG;Norte;Colisão Traseira;1;;;;;1;;;;;3;;;;
30/07/2017;22:49:00;584;com vítima;6,729;BR-060/DF;Sul;Capotamento;1;;;;;;;;;;1;1;;;
30/07/2017;22:53:00;586;sem vítima;511,012;BR-153/GO;Norte;Choque - Poste;1;;;;;;;;;;1;;;;
30/07/2017;22:55:00;587;com vítima;713,013;BR-262/MG;Oeste;Capotamento;1;;1;;;;;;;;1;2;1;;1
30/07/2017;23:01:00;589;com vítima;356;BR-262/MG;Leste;Colisão Frontal;1;;;;;;;;;;2;1;;;
30/07/2017;23:36:00;603;com vítima;37,5;BR-153/MG;Sul;Queda de Moto;;;;1;;;;;;;0;1;;;
31/07/2017;02:13:00;25;com vítima;6,575;BR-153/MG;Norte;Tombamento;;;1;;;;;;;;0;1;;;
31/07/2017;03:36:00;44;sem vítima;117,265;BR-060/GO;Norte;Saida de Pista;1;;;;;;;;;;1;;;;
31/07/2017;06:38:00;73;com vítima;634,88;BR-153/GO;Sul;Capotamento;;;;;;;;;;1;0;;2;;
31/07/2017;08:07:00;103;sem vítima;498;BR-153/GO;Sul;Colisão Traseira;2;;;;;;;;;;2;;;;
31/07/2017;08:07:00;104;sem vítima;510,001;BR-153/GO;Norte;Colisão Lateral;1;;1;;;;;;;;2;;;;
31/07/2017;08:39:00;123;sem vítima;580;BR-262/MG;Oeste;Saida de Pista;;;;;;;;;;1;1;;;;
31/07/2017;09:29:00;156;sem vítima;511,054;BR-153/GO;Sul;Colisão Traseira;2;;;;;;;;;;2;;;;
31/07/2017;10:10:00;176;com vítima;535,314;BR-262/MG;Leste;Engavetamento;2;;1;;;;;;;;3;2;;;1
31/07/2017;10:12:00;177;sem vítima;586,87;BR-262/MG;Oeste;Saida de Pista;;;;;;;;;;1;1;;;;
31/07/2017;11:01:00;203;sem vítima;58,989;BR-153/MG;Norte;Colisão Traseira;2;;;;;;;;;;2;;;;
31/07/2017;11:05:00;206;sem vítima;40;BR-153/MG;Norte;Colisão Traseira;1;;;;;;;;;1;8;;;;
31/07/2017;11:21:00;214;com vítima;508,8;BR-262/MG;Leste;Choque - Talude;1;;;;;;;;;;0;1;;;
31/07/2017;12:01:00;233;com vítima;500,001;BR-153/GO;Norte;Queda de Moto;;;;1;;;;;;;1;1;;;
31/07/2017;14:03:00;286;com vítima;91,947;BR-060/GO;Norte;Colisão Lateral;1;1;;;;;;;;;1;1;;;
31/07/2017;17:54:00;399;sem vítima;499,5;BR-153/GO;Sul;Colisão Traseira;1;;;;;1;;;;;2;;;;
31/07/2017;18:31:00;421;com vítima;660,055;BR-262/MG;Leste;Colisão Traseira;;;3;;;;;;;;2;;;;1
31/07/2017;18:32:00;422;com vítima;817,411;BR-262/MG;Leste;Saida de Pista;1;;;;;;;;;;0;1;;;
31/07/2017;19:08:00;447;com vítima;17,253;BR-060/GO;Sul;Colisão Traseira;1;;1;;;;;;;;1;;;1;
01/08/2017;00:08:00;3;sem vítima;86;BR-060/GO;Sul;Saida de Pista;1;;;;;;;;;;1;;;;
01/08/2017;02:07:00;31;com vítima;6,956;BR-153/MG;Norte;Saida de Pista;;;1;;;;;;;;0;1;;;
01/08/2017;02:51:00;37;sem vítima;703;BR-153/GO;Norte;Choque - Defensa, barreira ou "submarino";;;1;;;;;;;;1;;;;
01/08/2017;06:29:00;77;com vítima;28,3;BR-060/GO;Norte;Saida de Pista;1;;;;;;;;;;0;1;;;
01/08/2017;08:05:00;107;sem vítima;502;BR-153/GO;Norte;Colisão Traseira;2;;;;;;;;;;2;;;;
01/08/2017;13:53:00;291;com vítima;53,36;BR-153/MG;Sul;Capotamento;1;;;;;;;;;;0;1;;;
01/08/2017;14:09:00;300;sem vítima;11,15;BR-060/DF;Norte;Colisão Lateral;1;;1;;;;;;;;2;;;;
01/08/2017;15:21:00;344;com vítima;117;BR-060/GO;Sul;Colisão Lateral;1;;1;;;;;;;;0;3;;;
01/08/2017;15:29:00;350;sem vítima;116;BR-060/GO;Norte;Colisão Lateral;1;;1;;;;;;;;2;;;;
01/08/2017;17:39:00;414;sem vítima;499;BR-153/GO;Sul;;2;;;;;;;;;;2;;;;
01/08/2017;17:57:00;425;sem vítima;499,5;BR-153/GO;Sul;Colisão Traseira;2;;;;;;;;;;2;;;;
02/08/2017;02:33:00;36;sem vítima;61,15;BR-153/MG;Sul;Objeto lançado contra veículo;1;;;;;;;;;;1;;;;
02/08/2017;06:41:00;93;com vítima;900,5;BR-262/MG;Leste;Tombamento;;;1;;;;;;;;1;1;;;
02/08/2017;08:04:00;118;sem vítima;500,163;BR-153/GO;Sul;Engavetamento;4;;;;;;;;;;4;;;;
02/08/2017;08:29:00;129;sem vítima;799,846;BR-262/MG;Leste;Tombamento;;;1;;;;;;;;1;;;;
02/08/2017;13:21:00;289;com vítima;48,478;BR-060/GO;Norte;Saida de Pista;1;;;;;;;;;;0;1;1;;
02/08/2017;13:56:00;308;com vítima;360,363;BR-262/MG;Leste;Colisão Traseira;1;;1;;;;;;;;1;1;;;
02/08/2017;16:26:00;414;com vítima;632,407;BR-262/MG;Leste;Queda de Ciclista;;;;1;;;;;;;0;;1;;
02/08/2017;17:10:00;443;com vítima;444;BR-262/MG;Oeste;Atropelamento - Usuário;;;;;;1;;;;;1;1;;;
02/08/2017;18:09:00;465;com vítima;70,001;BR-153/MG;Sul;Saida de Pista;;;1;;;;;;;;0;;1;;
02/08/2017;19:16:00;499;sem vítima;410,555;BR-262/MG;Oeste;Saida de Pista;;;1;;;;;;;;2;;;;
02/08/2017;19:17:00;501;com vítima;100,521;BR-060/GO;Sul;Atropelamento - Andarilho;1;;;;;;;;;;1;;;;1
02/08/2017;21:39:00;549;com vítima;507,184;BR-153/GO;Sul;Queda de Moto;;;;1;;;;;;;0;1;1;;
02/08/2017;21:59:00;554;com vítima;62,697;BR-060/GO;Norte;Atropelamento - Andarilho;1;;;;;;;;;;2;;;;1
02/08/2017;23:10:00;574;sem vítima;36,621;BR-060/GO;Norte;Colisão Lateral;1;;;;2;;;;;;39;;;;
03/08/2017;07:14:00;73;sem vítima;4,296;BR-060/DF;Norte;Colisão Traseira;2;;;;;;;;;;2;;;;
03/08/2017;08:35:00;124;com vítima;9,771;BR-060/GO;Norte;Capotamento;1;;;;;;;;;;0;;1;;
03/08/2017;09:31:00;169;com vítima;3,052;BR-060/DF;Sul;Colisão Lateral;2;;;;;;;;;;1;1;;;
03/08/2017;09:33:00;172;com vítima;599,2;BR-153/GO;Sul;Colisão Traseira;1;;2;;;;;;;;3;1;;;
03/08/2017;09:59:00;193;sem vítima;129,904;BR-153/MG;Norte;Saida de Pista;1;;;;;;;;;;1;;;;
03/08/2017;11:31:00;248;sem vítima;514,205;BR-153/GO;Norte;Colisão Traseira;2;;;;;;;;;;2;;;;
03/08/2017;18:15:00;475;sem vítima;58,05;BR-153/MG;Sul;Colisão Lateral;1;;;;;1;;;;;2;;;;
03/08/2017;18:26:00;483;sem vítima;108,98;BR-153/MG;Sul;Colisão Frontal;2;;;;;;;;;;6;;;;
03/08/2017;20:51:00;561;sem vítima;172,5;BR-153/MG;Norte;Saida de Pista;;;1;;;;;;;;1;;;;
04/08/2017;08:03:00;121;sem vítima;574,001;BR-153/GO;Norte;Saida de Pista;1;;;;;;;;;;4;;;;
04/08/2017;09:52:00;223;com vítima;41;BR-060/GO;Sul;Colisão Lateral;;;1;1;;;;;;;1;1;;;
04/08/2017;11:37:00;289;com vítima;104,705;BR-060/GO;Sul;Capotamento;1;;;;;;;;;;0;1;;;
04/08/2017;12:36:00;325;com vítima;637,144;BR-153/GO;Sul;Capotamento;1;;;;;;;;;;0;2;;;
04/08/2017;12:50:00;326;com vítima;477,658;BR-262/MG;Oeste;Colisão Lateral;1;;;1;;;;;;;1;;1;;
04/08/2017;13:36:00;348;com vítima;99;BR-060/GO;Sul;Colisão Traseira;1;;;1;;;;;;;1;1;;;
04/08/2017;13:43:00;355;sem vítima;99;BR-060/GO;Sul;Colisão Traseira;2;;;;;;;;;;2;;;;
04/08/2017;14:47:00;389;sem vítima;640;BR-262/MG;Leste;Colisão Traseira;;;2;;;;;;;;2;;;;
04/08/2017;18:36:00;522;sem vítima;497,034;BR-153/GO;Norte;Colisão Lateral;1;;1;;;;;;;;2;;;;
04/08/2017;19:23:00;552;com vítima;464,151;BR-262/MG;Oeste;Colisão Transversal;1;;1;;;;;;;;1;1;1;;1
05/08/2017;01:42:00;23;sem vítima;798,131;BR-262/MG;Oeste;Atropelamento de Animal;1;;;;;;;;;;1;;;;
05/08/2017;03:45:00;55;com vítima;401,653;BR-262/MG;Leste;Capotamento;1;;;;;;;;;;0;1;;;
05/08/2017;03:48:00;58;sem vítima;383;BR-262/MG;Leste;Saida de Pista;;;;;;;;;;1;1;;;;
05/08/2017;06:21:00;99;com vítima;513,488;BR-153/GO;Norte;Queda de Moto;1;;;1;;;;;;;1;1;;;
05/08/2017;09:57:00;204;com vítima;460,2;BR-262/MG;Oeste;Colisão Lateral;1;;;1;;;;;;;0;1;;1;
05/08/2017;10:47:00;233;com vítima;82,466;BR-060/GO;Norte;Capotamento;1;;;;;;;;;;0;4;;;
05/08/2017;11:10:00;246;sem vítima;3,548;BR-060/DF;Norte;Capotamento;2;;;;;;;;;;2;;;;
05/08/2017;13:36:00;324;com vítima;86;BR-060/GO;Norte;Queda de Moto;;;;1;;;;;;;0;;2;;
05/08/2017;14:17:00;344;com vítima;138;BR-060/GO;Sul;Queda de Moto;;;;1;;;;;;;0;1;;;
05/08/2017;16:02:00;395;sem vítima;502,895;BR-153/GO;Norte;Choque - Outros;;;2;;;;;;;;2;;;;
05/08/2017;17:50:00;457;com vítima;811,6;BR-262/MG;Oeste;Colisão Traseira;1;;;1;;;;;;;1;1;;;
05/08/2017;18:29:00;479;com vítima;359,5;BR-262/MG;Oeste;Atropelamento - Andarilho;1;;;;;;;;;;1;;;;1
05/08/2017;18:50:00;486;sem vítima;589;BR-153/GO;Norte;Atropelamento de Animal;1;;;;;;;;;;1;;;;
05/08/2017;19:25:00;499;com vítima;368,747;BR-262/MG;Oeste;Atropelamento - Usuário;1;;;;;;;;;;1;;1;;
05/08/2017;20:19:00;520;com vítima;58,193;BR-153/MG;Sul;Colisão Lateral;2;;2;;;;;;;;3;1;2;;
05/08/2017;21:56:00;565;sem vítima;27;BR-060/GO;Sul;Colisão Traseira;2;;;;;;;;;;2;;;;
05/08/2017;23:48:00;597;com vítima;23;BR-060/GO;Norte;Saida de Pista;1;;;;;;;;;;1;2;;;
06/08/2017;00:48:00;10;com vítima;509,833;BR-153/GO;Norte;Colisão Traseira;1;;;1;;;;;;;1;;1;;
06/08/2017;03:11:00;36;sem vítima;47;BR-060/GO;Sul;Saida de Pista;1;;;;;;;;;;1;;;;
06/08/2017;03:51:00;56;com vítima;578,46;BR-262/MG;Oeste;Colisão Frontal;2;;;;;;;;;;3;1;;;
06/08/2017;16:28:00;369;sem vítima;383,962;BR-262/MG;Oeste;Colisão Lateral;2;;;;;;;;;;3;;;;
06/08/2017;17:08:00;394;sem vítima;0,975;BR-060/GO;Norte;Colisão Frontal;1;;;;;;;;;;1;;;;
06/08/2017;18:15:00;437;com vítima;361,04;BR-262/MG;Leste;Choque - Defensa, barreira ou "submarino";1;;;;;;;;;;0;1;;;
06/08/2017;19:00:00;465;sem vítima;552,7;BR-153/GO;Sul;Objeto lançado contra veículo;2;;;;;1;;;;;4;;;;
06/08/2017;19:22:00;474;sem vítima;803,7;BR-262/MG;Oeste;Engavetamento;3;;;;;;;;;;3;;;;
06/08/2017;21:02:00;525;sem vítima;23,216;BR-060/GO;Norte;Colisão Lateral;1;;;1;;;;;;;5;;;;
06/08/2017;21:03:00;527;sem vítima;505,602;BR-153/GO;Sul;Choque - Defensa, barreira ou "submarino";1;;;;;;;;;;1;;;;
06/08/2017;22:54:00;561;com vítima;95,023;BR-060/GO;Sul;Choque - Defensa, barreira ou "submarino";1;;;;;;;;;;0;2;;;
06/08/2017;23:23:00;569;com vítima;101,096;BR-060/GO;Sul;Capotamento;;;;;;;;;;1;0;4;;;1
07/08/2017;00:46:00;11;sem vítima;553,873;BR-262/MG;Oeste;Tombamento;;;1;;;;;;;;2;;;;
07/08/2017;06:47:00;81;com vítima;9,635;BR-060/DF;Sul;Choque - Defensa, barreira ou "submarino";1;;;;;;;;;;1;;;1;
07/08/2017;07:46:00;107;sem vítima;495,285;BR-153/GO;Sul;Colisão Traseira;3;;;;;;;;;;3;;;;
07/08/2017;08:28:00;133;sem vítima;767,794;BR-262/MG;Leste;Tombamento;;;1;;;;;;;;1;;;;
07/08/2017;08:44:00;143;sem vítima;17,54;BR-153/MG;Norte;Capotamento;1;;;;;;;;;;4;;;;
07/08/2017;10:04:00;204;sem vítima;125,481;BR-060/GO;Norte;Colisão Traseira;1;;;;;;;;;2;3;;;;
07/08/2017;11:29:00;260;com vítima;35,831;BR-060/GO;Norte;Capotamento;1;;;;;;;;;;1;2;;;
07/08/2017;18:05:00;476;com vítima;446,25;BR-262/MG;Leste;Colisão Frontal;1;;;1;;;;;;;1;;;1;
07/08/2017;18:34:00;489;com vítima;509,172;BR-153/GO;Norte;Colisão Traseira;1;;;1;;;;;;;2;1;;;
07/08/2017;18:47:00;496;sem vítima;514,236;BR-153/GO;Norte;Colisão Transversal;2;;;;;;;;;;7;;;;
07/08/2017;19:11:00;506;com vítima;672,472;BR-262/MG;Oeste;Colisão Frontal;1;;1;;;;;;;;0;1;;;1
07/08/2017;19:14:00;508;sem vítima;493,435;BR-153/GO;Sul;Queda de Moto;;;;1;;;;;;;1;;;;
07/08/2017;19:17:00;511;sem vítima;4,11;BR-060/DF;Sul;Colisão Traseira;1;;;;;1;;;;;2;;;;
07/08/2017;23:15:00;583;com vítima;492,89;BR-153/GO;Sul;Queda de Moto;;;;1;;;;;;;0;1;;;
08/08/2017;05:17:00;56;sem vítima;579,9;BR-153/GO;Norte;Colisão Lateral;1;;;;;1;;;;;2;;;;
08/08/2017;08:06:00;114;sem vítima;505,5;BR-153/GO;Norte;Engavetamento;2;;;;;;;;;1;3;;;;
08/08/2017;10:27:00;217;sem vítima;514;BR-153/GO;Norte;Colisão Lateral;1;;;;1;;;;;;2;;;;
08/08/2017;15:00:00;346;sem vítima;98;BR-060/GO;Norte;Objeto lançado contra veículo;;;2;;;;;;;;2;;;;
08/08/2017;16:12:00;390;sem vítima;532,427;BR-262/MG;Leste;Colisão Traseira;2;;;;;;;;;;2;;;;
08/08/2017;17:26:00;430;com vítima;13,423;BR-060/GO;Norte;Colisão Traseira;1;;1;;;;;;;;1;;1;;
08/08/2017;18:40:00;495;sem vítima;97;BR-060/GO;Sul;Colisão Lateral;;;1;1;;;;;;;2;;;;
08/08/2017;19:35:00;520;sem vítima;443;BR-262/MG;Leste;Saida de Pista;1;;;;;;;;;;1;;;;
08/08/2017;23:12:00;613;sem vítima;574;BR-153/GO;Norte;Capotamento;1;;;;;;;;;;1;;;;
08/08/2017;23:54:00;629;com vítima;508,01;BR-153/GO;Norte;Queda de Moto;;;;1;;;;;;;0;;1;;
09/08/2017;05:02:00;73;sem vítima;13,95;BR-060/GO;Sul;Atropelamento de Animal;;;1;;;;;;;;1;;;;
09/08/2017;05:21:00;76;com vítima;652,1;BR-153/GO;Norte;Capotamento;;;;;;;;;;1;0;3;;;
09/08/2017;08:00:00;127;sem vítima;32,5;BR-153/MG;Norte;Saida de Pista;1;;1;;;;;;;;2;;;;
09/08/2017;10:36:00;248;sem vítima;106;BR-060/GO;Norte;Colisão Lateral;3;;;;;;;;;;6;;;;
09/08/2017;13:10:00;323;com vítima;84;BR-060/GO;Norte;Queda de Moto;;;;1;;;;;;;0;1;1;;
09/08/2017;14:18:00;354;sem vítima;98;BR-060/GO;Norte;Colisão Traseira;1;;;;;;;;;1;2;;;;
09/08/2017;16:49:00;449;com vítima;453;BR-262/MG;Leste;Colisão Traseira;1;;;1;;;;;;;3;1;;;
09/08/2017;16:58:00;452;sem vítima;496,18;BR-153/GO;Sul;Colisão Lateral;;;2;;;;;;;;2;;;;
09/08/2017;19:23:00;527;sem vítima;115;BR-060/GO;Norte;Saida de Pista;1;;;;;;;;;;1;;;;
09/08/2017;19:34:00;533;sem vítima;599;BR-153/GO;Sul;Saida de Pista;1;;;;;;;;;;1;;;;
09/08/2017;20:00:00;553;com vítima;1;BR-153/MG;Sul;Colisão Traseira;2;;;;;;;;;;1;4;;;
09/08/2017;21:06:00;584;sem vítima;366;BR-262/MG;Oeste;Colisão Traseira;;;1;;;1;;;;;2;;;;
09/08/2017;21:34:00;598;sem vítima;366;BR-262/MG;Leste;Atropelamento de Animal;1;;;;;;;;;;1;;;;
09/08/2017;21:36:00;600;sem vítima;2,6;BR-060/DF;Norte;Colisão Lateral;;;;1;;1;;;;;2;;;;
09/08/2017;22:01:00;608;com vítima;611;BR-262/MG;Leste;Colisão Lateral;;;1;;;1;;;;;1;1;;;
09/08/2017;22:08:00;611;com vítima;509,5;BR-153/GO;Sul;Queda de Moto;;;;1;;;;;;;0;1;;;
09/08/2017;22:34:00;625;sem vítima;838;BR-262/MG;Oeste;Saida de Pista;1;;;;;;;;;;1;;;;
09/08/2017;23:03:00;640;sem vítima;389;BR-262/MG;Leste;Choque - Defensa, barreira ou "submarino";1;;;;;1;;;;;2;;;;
10/08/2017;05:25:00;79;com vítima;509,163;BR-153/GO;Norte;Colisão Traseira;1;;1;;;;;;;;1;2;;;
10/08/2017;10:08:00;239;sem vítima;549,25;BR-262/MG;Oeste;Choque - Defensa, barreira ou "submarino";1;;;;;;;;;;1;;;;
10/08/2017;10:51:00;268;sem vítima;361,1;BR-262/MG;Oeste;Choque - Elemento de Drenagem;2;;;;;;;;;;4;;;;
10/08/2017;13:14:00;356;sem vítima;78,6;BR-060/GO;Norte;Capotamento;1;;;;;;;;;;1;;;;
10/08/2017;15:04:00;428;com vítima;512,969;BR-153/GO;Sul;Queda de Moto;;;;1;;;;;;;1;1;;;
10/08/2017;15:59:00;460;com vítima;523;BR-262/MG;Leste;Colisão Transversal;;;2;;;;;;;;1;1;;;
10/08/2017;16:40:00;493;com vítima;781;BR-262/MG;Leste;Colisão Traseira;1;;1;;;;;;;;1;1;;;
10/08/2017;16:50:00;498;sem vítima;742,406;BR-262/MG;Leste;Choque - Elemento de Drenagem;;;1;;;;;;;;3;;;;
10/08/2017;18:18:00;556;com vítima;99,389;BR-060/GO;Sul;Tombamento;;;1;;;;;;;;0;1;;;
10/08/2017;18:28:00;561;com vítima;91,771;BR-060/GO;Norte;Atropelamento - Andarilho;;;;1;;;;;;;1;1;;;
10/08/2017;18:29:00;563;sem vítima;507,894;BR-153/GO;Norte;Engavetamento;2;;;;;;;;;1;3;;;;
10/08/2017;18:51:00;572;sem vítima;508,8;BR-153/GO;Norte;Engavetamento;3;;;;;;;;;;4;;;;
10/08/2017;20:57:00;625;com vítima;451,969;BR-262/MG;Oeste;Engavetamento;1;;;;;2;;;;;3;1;;;
10/08/2017;23:29:00;671;com vítima;358,789;BR-262/MG;Oeste;Saida de Pista;1;;;;;;;;;;0;1;;;
11/08/2017;00:57:00;10;sem vítima;674,5;BR-153/GO;Sul;Capotamento;1;;;;;;;;;;2;;;;
11/08/2017;05:46:00;69;com vítima;93,282;BR-060/GO;Sul;Queda de Moto;;;;1;;;;;;;0;1;;;