data;horario;n_da_ocorrencia;tipo_de_ocorrencia;km;trecho;sentido;tipo_de_acidente;automovel;bicicleta;caminhao;moto;onibus;outros;tracao_animal;transporte_de_cargas_especiais;trator_maquinas;utilitarios;ilesos;levemente_feridos;moderadamente_feridos;gravemente_feridos;mortos
29/08/2017;08:03:00;129;sem vítima;354,3;BR-262/MG;Leste;Colisão Traseira;1;;;;;;;;;1;2;;;;
29/08/2017;08:28:00;150;sem vítima;502,486;BR-153/GO;Sul;Colisão Traseira;1;;1;;;;;;;;2;;;;
29/08/2017;09:55:00;222;com vítima;391;BR-262/MG;Oeste;Queda de Ciclista;;;;1;;;;;;;0;1;;;
29/08/2017;11:26:00;306;com vítima;500,951;BR-153/GO;Sul;Queda de Moto;;;;1;;;;;;;0;2;;;
29/08/2017;12:14:00;328;com vítima;662,347;BR-153/GO;Sul;Capotamento;1;;1;;;;;;;;1;1;1;1;1
29/08/2017;17:26:00;510;com vítima;118,568;BR-060/GO;Norte;Colisão Transversal;2;;;;;;;;;;1;3;;;
29/08/2017;17:26:00;512;sem vítima;519,2;BR-262/MG;Oeste;Colisão Traseira;1;;;;;1;;;;1;5;;;;
29/08/2017;19:11:00;575;com vítima;673,399;BR-153/GO;Sul;Colisão Traseira;;;3;;;;;;;;2;1;;;
30/08/2017;00:35:00;10;com vítima;94,25;BR-060/GO;Norte;Choque - Suporte de Sinalização;1;;;;;;;;;;0;1;;;
30/08/2017;07:55:00;130;com vítima;0,1;BR-060/DF;Norte;Colisão Traseira;1;;;1;;;;;;;1;1;1;;
30/08/2017;09:17:00;202;com vítima;775,5;BR-262/MG;Oeste;Colisão Traseira;2;;;;;;;;;;1;1;;;
30/08/2017;10:36:00;257;com vítima;644,6;BR-153/GO;Sul;Capotamento;1;;;;;;;;;;0;2;;;
30/08/2017;16:07:00;547;sem vítima;802,501;BR-262/MG;Oeste;Colisão Traseira;1;;1;;;;;;;;2;;;;
30/08/2017;18:03:00;645;com vítima;814,3;BR-262/MG;Oeste;Choque - Defensa, barreira ou "submarino";1;;;;;;;;;;0;;1;;
30/08/2017;18:50:00;672;com vítima;507,001;BR-153/GO;Sul;Colisão Traseira;1;;;1;;;;;;;5;1;;;
30/08/2017;19:49:00;703;sem vítima;913;BR-262/MG;Leste;Tombamento;;;1;;;;;;;;1;;;;
31/08/2017;00:05:00;1;com vítima;64,001;BR-060/GO;Sul;Capotamento;;;;;;;;;;1;0;;;1;
31/08/2017;06:04:00;75;sem vítima;485,5;BR-262/MG;Oeste;Choque - Defensa, barreira ou "submarino";1;;1;;;;;;;;2;;;;
31/08/2017;06:08:00;77;sem vítima;147,9;BR-153/MG;Sul;Colisão Transversal;;;2;;;;;;;;2;;;;
31/08/2017;06:43:00;99;com vítima;816;BR-262/MG;Oeste;Queda de Ciclista;;2;;;;;;;;;0;2;;;
31/08/2017;07:35:00;121;com vítima;638,5;BR-153/GO;Norte;Tombamento;;;1;;;;;;;;1;1;;;
31/08/2017;08:06:00;137;sem vítima;503,3;BR-153/GO;Norte;Colisão Traseira;2;;;;;;;;;;4;;;;
31/08/2017;09:46:00;221;com vítima;79,2;BR-060/GO;Sul;Colisão Traseira;1;;1;;;;;;;;1;3;1;;
31/08/2017;13:16:00;351;sem vítima;28,53;BR-060/GO;Norte;Capotamento;1;;;;;;;;;;1;;;;
31/08/2017;15:34:00;442;sem vítima;143,9;BR-153/MG;Sul;Engavetamento;1;;5;;;;;;;;6;;;;
31/08/2017;19:45:00;640;sem vítima;491,2;BR-153/GO;Norte;Queda de Moto;;;;1;;;;;;;1;;;;
31/08/2017;20:07:00;659;sem vítima;818,001;BR-262/MG;Oeste;Atropelamento de Animal;;;1;;;;;;;;1;;;;
31/08/2017;20:28:00;667;sem vítima;439,1;BR-262/MG;Leste;Atropelamento de Animal;;;1;;;;;;;;1;;;;
31/08/2017;22:14:00;710;sem vítima;412,2;BR-262/MG;Oeste;Atropelamento de Animal;;;;;1;;;;;;20;;;;
31/08/2017;22:30:00;716;com vítima;83,001;BR-060/GO;Sul;Capotamento;1;;;;;;;;;;1;1;;;
01/09/2017;11:54:00;280;com vítima;89,9;BR-153/MG;Sul;Capotamento;1;;;;;;;;;;1;1;;;
01/09/2017;16:10:00;404;com vítima;368,5;BR-262/MG;Oeste;Atropelamento - Usuário;1;;;;;;;;;;1;;;1;
01/09/2017;05:28:00;75;sem vítima;490,001;BR-153/GO;Sul;Saida de Pista;1;;;;;;;;;;1;;;;
01/09/2017;07:18:00;111;com vítima;514,224;BR-153/GO;Norte;Colisão Transversal;;;;2;;;;;;;1;2;;;
01/09/2017;10:22:00;239;sem vítima;573;BR-262/MG;Leste;Saida de Pista;;;;;;;;;;1;1;;;;
01/09/2017;13:30:00;323;com vítima;627,339;BR-262/MG;Oeste;Colisão Frontal;2;;;;;;;;;;0;1;1;2;2
02/09/2017;06:41:00;94;com vítima;2;BR-060/DF;Sul;Colisão Transversal;2;;;;;;;;;;0;2;;;
02/09/2017;16:27:00;345;com vítima;4,5;BR-060/GO;Norte;Atropelamento - Andarilho;1;;;;;;;;;;1;1;;;
02/09/2017;22:43:00;512;com vítima;34,3;BR-153/MG;Sul;Capotamento;1;;;;;;;;;;0;;;1;
02/09/2017;06:56:00;100;sem vítima;41,5;BR-060/GO;Norte;Choque - Elemento de Drenagem;1;;;;;;;;;;1;;;;
02/09/2017;07:50:00;121;sem vítima;93;BR-060/GO;Sul;Choque - Poste;1;;;;;;;;;;1;;;;
02/09/2017;14:42:00;297;com vítima;100;BR-060/GO;Sul;Colisão Traseira;;;1;1;;;;;;;1;1;;;
02/09/2017;10:22:00;178;com vítima;101;BR-060/GO;Norte;Colisão Frontal;1;;;1;;;;;;;1;1;;;
02/09/2017;18:23:00;416;sem vítima;361;BR-262/MG;Oeste;Atropelamento de Animal;;;1;;;;;;;;1;;;;
02/09/2017;18:23:00;417;sem vítima;361;BR-262/MG;Oeste;Atropelamento de Animal;1;;;;;;;;;;1;;;;
02/09/2017;18:21:00;394;sem vítima;361,001;BR-262/MG;Leste;Atropelamento de Animal;1;;;;;;;;;;1;;;;
02/09/2017;17:38:00;379;com vítima;362,2;BR-262/MG;Oeste;Queda de Moto;;;;1;;;;;;;0;1;;;
02/09/2017;00:33:00;13;com vítima;386,4;BR-262/MG;Oeste;Tombamento;;;1;;;;;;;;0;;1;;
02/09/2017;02:29:00;38;sem vítima;391,98;BR-262/MG;Leste;Colisão Traseira;;;2;;;;;;;;2;;;;
02/09/2017;20:32:00;468;sem vítima;509,175;BR-153/GO;Sul;Colisão Traseira;1;;1;;;;;;;;2;;;;
02/09/2017;11:19:00;199;com vítima;511,097;BR-153/GO;Sul;Atropelamento - Usuário;1;;;;;;;;;;1;;;1;
02/09/2017;06:30:00;89;com vítima;512;BR-153/GO;Norte;Choque - Suporte de Sinalização;;;;1;;;;;;;0;1;;;
02/09/2017;19:39:00;439;sem vítima;520,75;BR-153/GO;Norte;Tombamento;1;;1;;;;;;;;3;;;;
02/09/2017;14:18:00;284;com vítima;542;BR-262/MG;Leste;Capotamento;1;;;;;;;;;;0;1;;;
02/09/2017;06:02:00;82;com vítima;559,2;BR-153/GO;Sul;Capotamento;1;;;;;;;;;;1;1;;;
02/09/2017;11:40:00;206;com vítima;579,1;BR-153/GO;Norte;Queda de Moto;;;;1;;;;;;;0;2;;;
02/09/2017;01:40:00;27;sem vítima;595;BR-153/GO;Sul;Colisão Lateral;1;;1;;;;;;;;4;;;;
02/09/2017;07:02:00;103;com vítima;810;BR-262/MG;Oeste;Atropelamento - Andarilho;;1;;1;;;;;;;0;;2;;
03/09/2017;20:49:00;525;com vítima;0,2;BR-060/DF;Sul;Colisão Lateral;2;;;;;;;;;;1;1;;;
03/09/2017;20:52:00;527;com vítima;4,001;BR-060/DF;Norte;Colisão Traseira;1;1;;;;;;;;;1;1;;;
03/09/2017;12:23:00;234;com vítima;34,45;BR-153/MG;Sul;Queda de Ciclista;;;;1;;;;;;;0;1;;;
03/09/2017;10:48:00;196;sem vítima;64,2;BR-060/GO;Sul;Tombamento;1;;;;;;;;;;1;;;;
03/09/2017;11:26:00;213;sem vítima;94,2;BR-153/MG;Sul;Colisão Lateral;;;2;;;;;;;;2;;;;
03/09/2017;02:50:00;37;com vítima;100;BR-060/GO;Sul;Colisão Traseira;2;;;;;;;;;;0;2;;;
03/09/2017;20:16:00;513;sem vítima;117,89;BR-060/GO;Norte;Colisão Transversal;1;;;;;;;;;1;2;;;;
03/09/2017;09:12:00;145;com vítima;430,15;BR-262/MG;Leste;Capotamento;2;;;;;;;;;;2;1;;;
03/09/2017;20:00:00;507;com vítima;442,267;BR-262/MG;Leste;Queda de Moto;;;;1;;;;;;;0;1;;;
03/09/2017;21:28:00;538;sem vítima;448,513;BR-262/MG;Leste;Atropelamento de Animal;1;;1;;;;;;;;2;;;;
03/09/2017;16:45:00;382;com vítima;494,565;BR-153/GO;Norte;Queda de Moto;;;;1;;;;;;;0;2;;;
03/09/2017;17:01:00;394;com vítima;498,1;BR-153/GO;Sul;Queda de Moto;1;;1;1;;;;;;;2;;;1;
03/09/2017;16:11:00;361;sem vítima;498,862;BR-153/GO;Sul;Colisão Traseira;2;;;;;;;;;;2;;;;
03/09/2017;16:59:00;393;com vítima;517;BR-153/GO;Norte;Queda de Moto;;;;2;;;;;;;2;1;;;
03/09/2017;02:30:00;33;sem vítima;523,901;BR-153/GO;Norte;Colisão Traseira;2;;;;;;;;;;2;;;;
03/09/2017;14:29:00;297;com vítima;833;BR-262/MG;Oeste;Colisão Transversal;1;;;1;;;;;;;1;;;1;
04/09/2017;04:25:00;41;sem vítima;20,5;BR-060/GO;Norte;Saida de Pista;1;;;;;;;;;;2;;;;
04/09/2017;10:13:00;213;sem vítima;23,107;BR-060/GO;Sul;Colisão Traseira;2;;;;;;;;;;2;;;;
04/09/2017;00:06:00;3;sem vítima;43,8;BR-060/GO;Sul;Saida de Pista;1;;;;;;;;;;2;;;;
04/09/2017;15:35:00;392;com vítima;48,1;BR-060/GO;Norte;Capotamento;1;;;;;;;;;;1;1;;;
04/09/2017;11:55:00;278;sem vítima;72,227;BR-060/GO;Norte;Choque - Suporte de Sinalização;1;;;;;;;;;;1;;;;
04/09/2017;07:38:00;102;sem vítima;73,7;BR-060/GO;Sul;Capotamento;1;;;;;;;;;;1;;;;
04/09/2017;19:05:00;518;sem vítima;119;BR-153/MG;Sul;Colisão Traseira;1;;;;;;;;;;1;;;;
04/09/2017;17:35:00;468;sem vítima;359,9;BR-262/MG;Leste;Saida de Pista;1;;;;;;;;;;1;;;;
04/09/2017;12:37:00;288;com vítima;447;BR-262/MG;Leste;Colisão Traseira;2;;;;;;;;;;2;2;;;
04/09/2017;10:41:00;237;sem vítima;500,5;BR-153/GO;Sul;Colisão Traseira;1;;1;;;;;;;;3;;;;
04/09/2017;09:13:00;163;sem vítima;505,368;BR-153/GO;Norte;Engavetamento;2;;1;;;;;;;;3;;;;
04/09/2017;11:22:00;263;sem vítima;516,336;BR-153/GO;Sul;Colisão Transversal;1;;1;;;;;;;;2;;;;
04/09/2017;01:58:00;19;sem vítima;532,186;BR-153/GO;Norte;Saida de Pista;1;;;;;;;;;;1;;;;
04/09/2017;22:50:00;601;sem vítima;594,5;BR-153/GO;Sul;Atropelamento de Animal;;;1;;;;;;;;1;;;;
05/09/2017;07:59:00;125;sem vítima;4,775;BR-060/DF;Sul;Colisão Lateral;1;;;1;;;;;;;2;;;;
05/09/2017;23:25:00;598;com vítima;28,3;BR-060/GO;Norte;Atropelamento de Animal;;;;1;;;;;;;0;1;;;
05/09/2017;21:24:00;544;sem vítima;58,799;BR-153/MG;Norte;Colisão Traseira;;;2;;;;;;;;2;;;;
05/09/2017;18:48:00;481;sem vítima;138;BR-060/GO;Sul;Colisão Lateral;1;;;1;;;;;;;2;;;;
05/09/2017;02:45:00;37;sem vítima;364,5;BR-262/MG;Leste;Atropelamento de Animal;;;1;;;;;;;;1;;;;
05/09/2017;07:27:00;114;com vítima;368;BR-262/MG;Leste;Colisão Traseira;1;;;;1;;;;;;1;1;;;
05/09/2017;22:45:00;580;sem vítima;411,18;BR-262/MG;Leste;Capotamento;1;;;;;;;;;;2;;;;
05/09/2017;23:34:00;601;sem vítima;465,38;BR-262/MG;Leste;Atropelamento de Animal;1;;;;;;;;;;1;;;;
05/09/2017;02:49:00;39;com vítima;466,055;BR-262/MG;Leste;Colisão Traseira;1;;1;;;;;;;;0;2;;;
05/09/2017;07:59:00;126;sem vítima;509,5;BR-153/GO;Sul;Colisão Lateral;1;;1;;;;;;;;2;;;;
05/09/2017;21:31:00;547;sem vítima;519;BR-153/GO;Sul;Colisão Lateral;2;;;;;;;;;;3;;;;
05/09/2017;04:06:00;54;sem vítima;635,685;BR-153/GO;Norte;Saida de Pista;;;1;;;;;;;;1;;;;
05/09/2017;04:53:00;64;sem vítima;668,299;BR-153/GO;Sul;Capotamento;1;;;;;;;;;;1;;;;
05/09/2017;15:07:00;350;com vítima;694,035;BR-262/MG;Oeste;Engavetamento;1;;2;;;;;;;;2;1;;;
06/09/2017;14:46:00;369;sem vítima;234;BR-153/MG;Sul;Colisão Traseira;;;3;;;;;;;;3;;;;
06/09/2017;11:12:00;262;sem vítima;244;BR-153/MG;Norte;Colisão Transversal;1;;;;;;;;;1;2;;;;
06/09/2017;11:07:00;260;com vítima;483;BR-262/MG;Oeste;Colisão Frontal;1;;1;;;;;;;;1;;1;;
06/09/2017;14:12:00;345;com vítima;493;BR-153/GO;Sul;Colisão Traseira;2;;;;;;;;;;1;1;;;
06/09/2017;07:46:00;129;sem vítima;495,95;BR-153/GO;Sul;Colisão Traseira;2;;;;;;;;;;2;;;;
06/09/2017;12:20:00;290;sem vítima;498,5;BR-153/GO;Norte;Colisão Traseira;;;2;;;;;;;;2;;;;
06/09/2017;08:20:00;154;com vítima;519,504;BR-262/MG;Leste;Capotamento;;;;;;1;;;;1;1;;2;;
06/09/2017;12:54:00;302;com vítima;646;BR-153/GO;Norte;Capotamento;1;;;;;;;;;;0;;;1;
06/09/2017;21:37:00;623;com vítima;774;BR-262/MG;Oeste;Capotamento;1;;;;;;;;;;0;1;;1;
06/09/2017;21:16:00;608;com vítima;818;BR-262/MG;Leste;Colisão Traseira;1;;1;;;;;;;;1;3;;1;
07/09/2017;17:15:00;587;sem vítima;31,5;BR-060/GO;Sul;Colisão Traseira;2;;;;;;;;;;7;;;;
07/09/2017;18:59:00;637;sem vítima;32,2;BR-060/GO;Norte;Colisão Transversal;1;;;1;;;;;;;2;;;;
07/09/2017;15:00:00;509;com vítima;84;BR-060/GO;Sul;Capotamento;1;;;;;;;;;;4;1;;;
07/09/2017;03:38:00;62;com vítima;135,37;BR-060/GO;Norte;Queda de Moto;;;;1;;;;;;;0;;1;;
07/09/2017;01:07:00;23;com vítima;508;BR-153/GO;Sul;Queda de Ciclista;;;;1;;;;;;;0;2;;;
07/09/2017;21:15:00;699;sem vítima;511,009;BR-262/MG;Oeste;Tombamento;;;1;;;1;;;;;2;;;;
07/09/2017;05:22:00;86;sem vítima;553;BR-262/MG;Oeste;Atropelamento de Animal;1;;;;;;;;;;4;;;;
07/09/2017;20:04:00;670;sem vítima;557,399;BR-153/GO;Norte;Colisão Traseira;;;2;;;;;;;;2;;;;
07/09/2017;03:02:00;53;sem vítima;652;BR-153/GO;Sul;Capotamento;1;;;;;;;;;;2;;;;
08/09/2017;07:21:00;126;sem vítima;6,8;BR-153/MG;Sul;Tombamento;;;1;;;;;;;;1;;;;
08/09/2017;17:57:00;549;com vítima;31,5;BR-060/GO;Sul;Colisão Traseira;1;;1;;;;;;;;1;;1;;
08/09/2017;18:26:00;572;com vítima;89,799;BR-060/GO;Sul;Colisão Traseira;1;;1;;;;;;;;4;1;;;
08/09/2017;18:59:00;586;com vítima;89,899;BR-060/GO;Sul;Colisão Traseira;1;;;1;;;;;;;1;1;;;
08/09/2017;19:22:00;599;sem vítima;92,7;BR-060/GO;Sul;Saida de Pista;1;;;;;;;;;;1;;;;
08/09/2017;10:06:00;237;sem vítima;132,199;BR-060/GO;Norte;Colisão Traseira;1;;1;;;;;;;;3;;;;
08/09/2017;09:00:00;194;com vítima;239,9;BR-153/MG;Norte;Colisão Frontal;1;;1;;;;;;;;1;;1;;
08/09/2017;22:07:00;675;com vítima;454,1;BR-262/MG;Leste;Saida de Pista;1;;1;;;;;;;;3;2;;;
08/09/2017;15:48:00;451;com vítima;501,9;BR-153/GO;Norte;Colisão Transversal;1;1;;;;;;;;;1;1;;;
08/09/2017;08:23:00;163;com vítima;502,9;BR-153/GO;Sul;Colisão Lateral;;;;2;;;;;;;1;1;;;
08/09/2017;01:46:00;28;sem vítima;504,001;BR-153/GO;Norte;Choque - Defensa, barreira ou "submarino";1;;;;;;;;;;1;;;;
08/09/2017;14:22:00;404;com vítima;514,3;BR-153/GO;Norte;Colisão Transversal;1;;;1;;;;;;;1;2;;;
08/09/2017;03:10:00;48;sem vítima;685,001;BR-262/MG;Leste;Tombamento;;;;;;;;;;;1;;;;
08/09/2017;07:58:00;149;com vítima;883,9;BR-262/MG;Oeste;Queda de Ciclista;;;;1;;;;;;;0;1;;;
09/09/2017;03:07:00;38;sem vítima;18,399;BR-060/GO;Norte;Queda de Moto;;;;1;;;;;;;1;;;;
09/09/2017;11:33:00;214;sem vítima;94,255;BR-060/GO;Sul;Capotamento;1;;;;;;;;;;1;;;;
09/09/2017;22:17:00;517;sem vítima;364;BR-262/MG;Leste;Atropelamento de Animal;1;;;;;;;;;;1;;;;
09/09/2017;09:17:00;158;com vítima;422,8;BR-262/MG;Oeste;Capotamento;1;;;;;;;;;;0;1;;;
09/09/2017;10:36:00;190;com vítima;501,8;BR-153/GO;Sul;Queda de Moto;;;;1;;;;;;;0;1;;;
09/09/2017;13:04:00;258;com vítima;509,5;BR-153/GO;Norte;Queda de Moto;;;;1;;;;;;;0;1;;;
10/09/2017;12:53:00;226;sem vítima;0,9;BR-060/DF;Norte;Colisão Lateral;2;;;;;;;;;;5;;;;
10/09/2017;02:16:00;36;com vítima;54;BR-153/MG;Sul;Saida de Pista;1;;;;;;;;;;0;1;;;
10/09/2017;01:27:00;20;com vítima;357;BR-262/MG;Leste;Atropelamento de Animal;1;;;;;;;;;;0;2;;;
10/09/2017;10:15:00;164;com vítima;368,7;BR-262/MG;Oeste;Atropelamento - Andarilho;;;;;1;;;;;;1;;;;1
10/09/2017;16:00:00;324;com vítima;429;BR-262/MG;Leste;Engavetamento;3;;;;;;;;;;13;1;;;
10/09/2017;15:27:00;300;sem vítima;451;BR-262/MG;Leste;Colisão Traseira;2;;;;;;;;;;2;;;;
10/09/2017;16:25:00;337;com vítima;455,1;BR-262/MG;Leste;Queda de Moto;;;;1;;;;;;;0;1;;;
10/09/2017;19:46:00;481;sem vítima;506;BR-153/GO;Norte;Saida de Pista;1;;;;;;;;;;1;;;;
10/09/2017;21:45:00;549;com vítima;539,38;BR-262/MG;Leste;Queda de Moto;;;;1;;;;;;;0;1;;;
10/09/2017;19:33:00;471;sem vítima;865,1;BR-262/MG;Leste;Colisão Frontal;2;;;;;;;;;;4;;;;
10/09/2017;05:08:00;59;com vítima;888,5;BR-262/MG;Oeste;Capotamento;1;;;;;;;;;;1;1;;;
11/09/2017;15:38:00;507;sem vítima;405,15;BR-262/MG;Leste;Choque - Elemento de Drenagem;1;;;;;;;;;;1;;;;
11/09/2017;05:30:00;80;sem vítima;423,5;BR-262/MG;Leste;Atropelamento de Animal;1;;;;;;;;;;2;;;;
11/09/2017;01:48:00;24;sem vítima;440,767;BR-262/MG;Oeste;Colisão Frontal;1;;;;;;;;;;1;;;;
11/09/2017;12:55:00;398;sem vítima;442,735;BR-262/MG;Leste;Choque - Suporte de Sinalização;2;;;;;;;;;;2;;;;
11/09/2017;18:31:00;607;com vítima;490,001;BR-153/GO;Norte;Queda de Moto;;;;1;;;;;;;0;1;;;
11/09/2017;08:01:00;172;sem vítima;496,7;BR-153/GO;Sul;Engavetamento;3;;;;;;;;;;3;;;;
11/09/2017;18:27:00;605;sem vítima;498,288;BR-153/GO;Sul;Colisão Traseira;1;;;;;;;;;1;2;;;;
11/09/2017;07:52:00;165;com vítima;498,5;BR-153/GO;Sul;Queda de Moto;;;;1;;;;;;;0;1;;;
11/09/2017;20:58:00;654;com vítima;515,9;BR-262/MG;Leste;Colisão Transversal;2;;;;;;;;;;2;1;;;
11/09/2017;14:32:00;463;com vítima;606,2;BR-153/GO;Norte;Capotamento;1;;;;;;;;;;0;1;;;
11/09/2017;09:18:00;254;com vítima;703,5;BR-153/GO;Sul;Colisão Transversal;;;1;;;;;;;1;0;2;1;;
11/09/2017;00:52:00;15;sem vítima;812,15;BR-262/MG;Oeste;Saida de Pista;1;;;;;;;;;;2;;;;
12/09/2017;21:20:00;638;com vítima;11,662;BR-060/GO;Norte;Atropelamento de Animal;;;;1;;;;;;;0;;1;;
12/09/2017;02:15:00;24;sem vítima;107,8;BR-060/GO;Sul;Atropelamento de Animal;1;;;;;;;;;;1;;;;
12/09/2017;07:22:00;108;com vítima;113,822;BR-060/GO;Sul;Queda de Moto;;;;1;;;;;;;0;;1;;
12/09/2017;23:54:00;694;sem vítima;365,15;BR-262/MG;Oeste;Saida de Pista;1;;;;;;;;;;1;;;;
12/09/2017;09:29:00;195;sem vítima;425,125;BR-262/MG;Leste;Capotamento;1;;;;;;;;;;1;;;;
12/09/2017;07:57:00;125;sem vítima;494,645;BR-153/GO;Sul;Colisão Lateral;1;;1;;;;;;;;2;;;;
12/09/2017;07:57:00;155;sem vítima;494,645;BR-153/GO;Sul;Colisão Lateral;;;;1;;;;;;;1;;;;
13/09/2017;10:24:00;211;sem vítima;9,253;BR-060/DF;Norte;Colisão Lateral;1;;1;;;;;;;;2;;;;
13/09/2017;11:35:00;267;com vítima;32;BR-060/GO;Norte;Atropelamento - Usuário;;;;1;;;;;;;1;1;;;
13/09/2017;07:43:00;113;sem vítima;128,4;BR-060/GO;Sul;Colisão Traseira;3;;;;;;;;;;3;;;;
13/09/2017;07:08:00;99;sem vítima;129,3;BR-060/GO;Sul;Colisão Lateral;1;;1;;;;;;;;2;;;;
13/09/2017;13:27:00;320;sem vítima;412,6;BR-262/MG;Leste;Choque - Veiculo parado no acostamento;2;;;;;;;;;;2;;;;
13/09/2017;04:56:00;76;sem vítima;494,329;BR-153/GO;Norte;Queda de Moto;;;;1;;;;;;;1;;;;
13/09/2017;19:26:00;520;sem vítima;499,155;BR-153/GO;Sul;Engavetamento;4;;;;;;;;;;6;;;;
13/09/2017;07:50:00;116;com vítima;506,441;BR-153/GO;Norte;Colisão Traseira;1;;;1;;;;;;;1;1;;;
13/09/2017;12:56:00;311;com vítima;529,961;BR-153/GO;Norte;Colisão Lateral;1;;;1;;;;;;;1;1;;;
13/09/2017;16:13:00;421;com vítima;620,413;BR-262/MG;Leste;Capotamento;1;;1;;;;;;;;1;4;;;
13/09/2017;14:27:00;347;sem vítima;648;BR-153/GO;Sul;Saida de Pista;1;;;;;;;;;;1;;;;
14/09/2017;05:33:00;71;sem vítima;21,123;BR-153/MG;Sul;Colisão Traseira;;;2;;;;;;;;2;;;;
14/09/2017;07:43:00;120;sem vítima;93,8;BR-060/GO;Sul;Colisão Traseira;2;;;;;;;;;;2;;;;
14/09/2017;07:53:00;125;com vítima;94,801;BR-060/GO;Sul;Colisão Transversal;3;;;;;;;;;;2;1;;;
14/09/2017;18:55:00;504;sem vítima;136,45;BR-060/GO;Sul;Colisão Traseira;1;;;;;;;;;1;2;;;;
14/09/2017;10:31:00;206;sem vítima;400;BR-262/MG;Oeste;Queda de Moto;;;;1;;;;;;;1;;;;
14/09/2017;20:33:00;558;com vítima;412,688;BR-262/MG;Leste;Atropelamento de Animal;1;;;;;;;;;;0;2;;;
14/09/2017;22:53:00;610;sem vítima;476;BR-262/MG;Leste;Colisão Lateral;;;1;;;1;;;;;2;;;;
14/09/2017;10:05:00;192;com vítima;476,2;BR-262/MG;Oeste;Queda de Moto;;;;1;;;;;;;0;1;;;
14/09/2017;07:32:00;111;sem vítima;496,559;BR-153/GO;Sul;Colisão Traseira;;;;;;;;;;2;3;;;;
14/09/2017;12:09:00;287;sem vítima;504;BR-153/GO;Norte;Colisão Traseira;3;;;;;;;;;;4;;;;
14/09/2017;04:05:00;54;com vítima;545,5;BR-262/MG;Leste;Tombamento;;;1;;;;;;;;0;1;;;
14/09/2017;16:21:00;417;sem vítima;642,7;BR-262/MG;Leste;Colisão Traseira;;;1;;1;;;;;;2;;;;
14/09/2017;13:59:00;337;com vítima;784,155;BR-262/MG;Leste;Queda de Moto;;;;1;;;;;;;0;1;;;
15/09/2017;17:08:00;514;sem vítima;6,776;BR-060/GO;Sul;Saida de Pista;1;;;;;;;;;;1;;;;
15/09/2017;08:04:00;145;sem vítima;13,599;BR-060/GO;Sul;Colisão Traseira;1;;1;;;;;;;;2;;;;
15/09/2017;00:01:00;1;sem vítima;30;BR-060/GO;Sul;Choque - Suporte de Sinalização;1;;;;;;;;;;4;;;;
15/09/2017;07:02:00;101;sem vítima;42,922;BR-060/GO;Norte;Choque - Veiculo parado na pista;;;1;;;;;;;;1;;;;
15/09/2017;15:39:00;455;sem vítima;89,096;BR-060/GO;Norte;Colisão Traseira;2;;;;;;;;;;2;;;;
15/09/2017;21:04:00;665;com vítima;92,5;BR-060/GO;Sul;Colisão Traseira;;;;2;;;;;;;1;1;;;
15/09/2017;07:56:00;138;com vítima;151,2;BR-153/MG;Sul;Colisão Transversal;;;1;;1;;;;;;33;3;;;
15/09/2017;13:25:00;346;sem vítima;361,2;BR-262/MG;Leste;Colisão Transversal;1;;1;;;;;;;;2;;;;
15/09/2017;17:44:00;541;com vítima;371,6;BR-262/MG;Oeste;Queda de Moto;;;;1;;;;;;;0;1;;;
15/09/2017;16:16:00;481;sem vítima;514;BR-153/GO;Norte;Colisão Transversal;1;;;;;;;;;1;2;;;;
15/09/2017;16:55:00;504;com vítima;529,41;BR-153/GO;Norte;Saida de Pista;1;;;;;;;;;;1;1;;;
15/09/2017;11:42:00;306;sem vítima;623,8;BR-153/GO;Norte;Choque - Veiculo parado na pista;1;;1;;;;;;;;2;;;;
15/09/2017;19:20:00;603;com vítima;634;BR-153/GO;Sul;Queda de Moto;;;;1;;;;;;;0;1;;;
15/09/2017;17:40:00;539;sem vítima;685;BR-153/GO;Norte;Colisão Traseira;;;2;;;;;;;;2;;;;
15/09/2017;23:59:00;755;com vítima;798,8;BR-262/MG;Leste;Queda de Ciclista;;;;1;;;;;;;1;1;;;
15/09/2017;22:23:00;705;sem vítima;863,1;BR-262/MG;Oeste;Atropelamento de Animal;1;;;;;;;;;;2;;;;
15/09/2017;12:03:00;314;com vítima;883,5;BR-262/MG;Oeste;Choque - Suporte de Sinalização;;;;1;;;;;;;0;1;;;
16/09/2017;22:52:00;689;sem vítima;3,5;BR-153/MG;Norte;Colisão Traseira;;;2;;;;;;;;2;;;;
16/09/2017;12:47:00;371;com vítima;33,531;BR-060/GO;Norte;Colisão Traseira;1;;1;;;;;;;;1;1;;;
16/09/2017;12:05:00;344;sem vítima;96,167;BR-060/GO;Sul;Queda de Moto;;;1;1;;;;;;;2;;;;
16/09/2017;20:32:00;649;sem vítima;109,191;BR-060/GO;Sul;Saida de Pista;1;;;;;;;;;;1;;;;
16/09/2017;20:54:00;654;sem vítima;110,505;BR-060/GO;Sul;Colisão Traseira;2;;;;;;;;;;5;;;;
16/09/2017;12:32:00;356;sem vítima;120,7;BR-060/GO;Sul;Choque - Suporte de Sinalização;1;;;;;;;;;;2;;;;
16/09/2017;10:34:00;289;sem vítima;126,023;BR-060/GO;Sul;Queda de Moto;;;;1;;;;;;;1;;;;
16/09/2017;21:51:00;672;sem vítima;136,329;BR-060/GO;Norte;Queda de Moto;;;;1;;;;;;;2;;;;