data;horario;n_da_ocorrencia;tipo_de_ocorrencia;km;trecho;sentido;tipo_de_acidente;automovel;bicicleta;caminhao;moto;onibus;outros;tracao_animal;transporte_de_cargas_especiais;trator_maquinas;utilitarios;ilesos;levemente_feridos;moderadamente_feridos;gravemente_feridos;mortos
16/09/2017;07:00:00;138;sem vítima;147,3;BR-153/MG;Norte;Colisão Frontal;;;2;;;;;;;;2;;;;
16/09/2017;17:55:00;584;com vítima;398;BR-262/MG;Oeste;Colisão Transversal;1;;1;;;;;;;;3;1;1;;
16/09/2017;00:37:00;20;com vítima;408,2;BR-262/MG;Leste;Capotamento;1;;1;;;;;;;;2;;1;;
16/09/2017;23:46:00;704;com vítima;418;BR-262/MG;Leste;Colisão Traseira;1;;;;;1;;;;;1;3;;;
16/09/2017;08:52:00;210;com vítima;484,4;BR-262/MG;Leste;Colisão Transversal;1;;1;;;;;;;;1;1;;;
16/09/2017;17:23:00;554;sem vítima;505,849;BR-153/GO;Norte;Colisão Traseira;3;;;;;;;;;;4;;;;
16/09/2017;17:34:00;564;sem vítima;505,9;BR-153/GO;Norte;Colisão Traseira;1;;;1;;;;;;;2;;;;
17/09/2017;08:16:00;117;com vítima;47,61;BR-060/GO;Sul;Queda de Moto;;;;1;;;;;;;0;;1;;
17/09/2017;00:54:00;17;sem vítima;229;BR-153/MG;Sul;Atropelamento de Animal;;;1;;;;;;;;1;;;;
17/09/2017;13:01:00;282;com vítima;356,3;BR-262/MG;Leste;Queda de Moto;;;;1;;;;;;;0;2;;;
17/09/2017;06:31:00;80;com vítima;367,5;BR-262/MG;Oeste;Capotamento;1;;;;;;;;;;1;2;;;
17/09/2017;11:48:00;253;sem vítima;380;BR-262/MG;Leste;Queda de Moto;;;;1;;;;;;;1;;;;
17/09/2017;04:38:00;57;sem vítima;415;BR-262/MG;Oeste;Capotamento;1;;;;;;;;;;1;;;;
17/09/2017;22:05:00;571;sem vítima;431,1;BR-262/MG;Leste;Capotamento;1;;;;;;;;;;2;;;;
17/09/2017;11:26:00;237;com vítima;437,15;BR-262/MG;Oeste;Colisão Traseira;;;1;;;;;;;1;1;1;;;
17/09/2017;20:57:00;535;sem vítima;493,123;BR-153/GO;Sul;Saida de Pista;1;;;;;1;;;;;2;;;;
17/09/2017;05:59:00;71;com vítima;498,599;BR-262/MG;Oeste;Choque - Arvore;1;;;;;;;;;;0;;;3;
17/09/2017;00:46:00;15;com vítima;504,855;BR-153/GO;Sul;Colisão Traseira;1;;1;;;;;;;;1;;1;1;
17/09/2017;02:23:00;36;com vítima;509,2;BR-153/GO;Norte;Queda de Moto;;;;1;;;;;;;0;1;;;
17/09/2017;05:25:00;65;com vítima;512,354;BR-153/GO;Sul;Queda de Moto;;;;1;;;;;;;0;1;;;
17/09/2017;22:22:00;580;sem vítima;521;BR-153/GO;Norte;Colisão Lateral;1;;1;;;;;;;;6;;;;
17/09/2017;04:35:00;56;com vítima;530,315;BR-153/GO;Sul;Atropelamento - Andarilho;1;;;;;;;;;;1;;;;1
17/09/2017;09:39:00;175;com vítima;554,05;BR-153/GO;Norte;Colisão Lateral;2;;;;;;;;;;1;3;1;;
17/09/2017;00:13:00;6;sem vítima;557,12;BR-153/GO;Norte;Colisão Traseira;1;;1;;;;;;;;2;;;;
17/09/2017;06:34:00;84;sem vítima;657;BR-153/GO;Norte;Saida de Pista;1;;;;;;;;;;1;;;;
17/09/2017;10:52:00;219;sem vítima;792,5;BR-262/MG;Leste;Saida de Pista;1;;;;;;;;;;1;;;;
17/09/2017;21:30:00;558;sem vítima;802;BR-262/MG;Leste;Colisão Traseira;2;;;;;;;;;;5;;;;
18/09/2017;01:12:00;13;sem vítima;12,975;BR-060/GO;Norte;Colisão Traseira;1;;;;;1;;;;;2;;;;
18/09/2017;06:01:00;89;sem vítima;23,989;BR-060/DF;Norte;Capotamento;1;;;;;;;;;;2;;;;
18/09/2017;19:15:00;552;sem vítima;93;BR-060/GO;Norte;Colisão Traseira;1;;;;;1;;;;;2;;;;
18/09/2017;18:43:00;534;sem vítima;96,031;BR-060/GO;Norte;Engavetamento;4;;;;;;;;;;4;;;;
18/09/2017;12:21:00;312;com vítima;107;BR-060/GO;Norte;Colisão Lateral;;;2;;;;;;;;2;1;;;
18/09/2017;18:38:00;531;sem vítima;132,1;BR-060/GO;Norte;Queda de Ciclista;;;;1;;;;;;;2;;;;
18/09/2017;19:24:00;553;com vítima;500;BR-153/GO;Sul;Colisão Traseira;1;;;;;1;;;;;1;1;;;
18/09/2017;00:47:00;10;sem vítima;506,112;BR-153/GO;Norte;Saida de Pista;1;;;;;;;;;;1;;;;
18/09/2017;16:15:00;447;com vítima;616,5;BR-153/GO;Sul;Tombamento;;;1;;;;;;;;0;;;;1
18/09/2017;13:35:00;349;sem vítima;620,001;BR-153/GO;Sul;Colisão Traseira;;;2;;;;;;;;2;;;;
19/09/2017;23:34:00;693;sem vítima;6,799;BR-060/DF;Norte;Saida de Pista;1;;;;;;;;;;1;;;;
19/09/2017;21:05:00;655;sem vítima;26;BR-060/GO;Sul;Tombamento;;;;;;;;;;1;1;;;;
19/09/2017;07:16:00;125;com vítima;78,8;BR-153/MG;Sul;Tombamento;;;1;;;;;;;;0;1;;;
19/09/2017;16:37:00;497;sem vítima;96,799;BR-060/GO;Norte;Capotamento;2;;;;;;;;;;2;;;;
19/09/2017;14:12:00;400;com vítima;105,2;BR-060/GO;Sul;Queda de Moto;;;;1;;;;;;;0;2;;;
19/09/2017;12:46:00;361;com vítima;373,8;BR-262/MG;Oeste;Colisão Traseira;1;1;;;;;;;;;1;;1;;
19/09/2017;18:06:00;564;com vítima;503,1;BR-153/GO;Norte;Queda de Moto;;;;1;;;;;;;0;2;;;
19/09/2017;07:56:00;156;com vítima;508,001;BR-153/GO;Norte;Colisão Traseira;1;;;1;;;;;;;0;3;;;
19/09/2017;06:08:00;91;sem vítima;525,955;BR-153/GO;Sul;Capotamento;1;;;;;;;;;;1;;;;
19/09/2017;05:53:00;83;com vítima;597;BR-153/GO;Norte;Saida de Pista;1;;;;;;;;;;0;4;;;
19/09/2017;22:54:00;686;sem vítima;627,512;BR-153/GO;Norte;Tombamento;;;1;;;;;;;;1;;;;
20/09/2017;18:57:00;605;sem vítima;0,1;BR-060/DF;Norte;Colisão Traseira;2;;;;;;;;;;2;;;;
20/09/2017;10:28:00;261;sem vítima;97,074;BR-060/GO;Norte;Choque - Defensa, barreira ou "submarino";1;;;;;;;;;;1;;;;
20/09/2017;07:02:00;104;com vítima;132,6;BR-060/GO;Sul;Colisão Traseira;3;;;;;;;;;;4;1;;;
20/09/2017;07:32:00;109;sem vítima;132,6;BR-060/GO;Sul;Colisão Traseira;3;;;;;;;;;;3;;;;
20/09/2017;03:48:00;58;sem vítima;135,492;BR-060/GO;Sul;Colisão Lateral;;;2;;;;;;;;2;;;;
20/09/2017;19:24:00;617;sem vítima;442;BR-262/MG;Oeste;Colisão Lateral;2;;;;;;;;;;2;;;;
20/09/2017;16:51:00;524;com vítima;457;BR-262/MG;Oeste;Capotamento;;;;;;;;;;1;2;1;;;
20/09/2017;08:29:00;157;sem vítima;476,222;BR-262/MG;Leste;Colisão Transversal;2;;;;;;;;;;2;;;;
20/09/2017;08:00:00;136;com vítima;495,066;BR-153/GO;Sul;Colisão Traseira;1;;;1;;;;;;;1;1;;;
20/09/2017;14:17:00;411;com vítima;505,055;BR-153/GO;Sul;Colisão Transversal;;;;2;;;;;;;1;2;;;
20/09/2017;16:25:00;511;com vítima;511;BR-153/GO;Norte;Choque - Veiculo parado na pista;;;1;1;;;;;;;1;1;;;
20/09/2017;01:56:00;28;sem vítima;519,28;BR-153/GO;Norte;Tombamento;;;1;;;;;;;;1;;;;
20/09/2017;15:01:00;445;com vítima;678,4;BR-153/GO;Sul;Capotamento;1;;;;;;;;;;0;1;;;
20/09/2017;11:40:00;327;com vítima;716,841;BR-262/MG;Oeste;Colisão Transversal;;;2;;;;;;;;0;2;;;
20/09/2017;10:57:00;290;com vítima;802;BR-262/MG;Oeste;Tombamento;;;1;;;;;;;;1;;1;;
20/09/2017;23:34:00;719;com vítima;912,3;BR-262/MG;Oeste;Colisão Lateral;;;2;;;;;;;;0;2;1;;
21/09/2017;05:39:00;69;sem vítima;3,8;BR-153/MG;Sul;Carreta deu L;;;1;;;;;;;;1;;;;
21/09/2017;11:48:00;260;sem vítima;21,8;BR-153/MG;Norte;Colisão Lateral;1;;1;;;;;;;;2;;;;
21/09/2017;16:53:00;440;sem vítima;128,199;BR-153/MG;Sul;Colisão Traseira;;;2;;;;;;;;2;;;;
21/09/2017;07:41:00;110;sem vítima;154,998;BR-153/MG;Norte;Colisão Traseira;;;2;;;;;;;;2;;;;
21/09/2017;04:01:00;52;sem vítima;386,946;BR-262/MG;Leste;Tombamento;;;1;;;;;;;;1;;;;
21/09/2017;06:19:00;85;com vítima;419;BR-262/MG;Leste;Colisão Traseira;;;1;1;;;;;;;1;;1;;
21/09/2017;16:30:00;426;sem vítima;490,5;BR-262/MG;Oeste;Colisão Lateral;2;;1;;;;;;;;4;;;;
21/09/2017;14:09:00;341;com vítima;491;BR-153/GO;Norte;Colisão Lateral;1;;;1;;;;;;;1;;1;;
21/09/2017;20:18:00;540;com vítima;504;BR-153/GO;Sul;Queda de Moto;;;;1;;;;;;;0;;1;;
21/09/2017;22:45:00;611;sem vítima;506,5;BR-153/GO;Norte;Colisão Lateral;1;;;1;;;;;;;3;;;;
21/09/2017;17:15:00;454;com vítima;514;BR-153/GO;Norte;Colisão Lateral;1;;;;;;;;;1;1;1;;;
21/09/2017;06:15:00;83;sem vítima;562,7;BR-153/GO;Norte;Colisão Traseira;;;1;;;;;;;1;2;;;;
21/09/2017;00:15:00;3;sem vítima;592,1;BR-153/GO;Sul;Tombamento;;;1;;;;;;;;1;;;;
22/09/2017;07:09:00;114;com vítima;80,75;BR-153/MG;Sul;Saida de Pista;;;1;;;;;;;;0;1;;;
22/09/2017;19:21:00;473;sem vítima;94,78;BR-060/GO;Norte;Colisão Traseira;2;;;;;;;;;;2;;;;
22/09/2017;20:41:00;517;sem vítima;110,599;BR-153/MG;Norte;Colisão Traseira;;;;;;1;;;;1;2;;;;
22/09/2017;08:31:00;149;com vítima;364,3;BR-262/MG;Leste;Queda de Moto;1;;;1;;;;;;;1;;1;;
22/09/2017;13:19:00;282;com vítima;439;BR-262/MG;Oeste;Colisão Traseira;1;;;1;;;;;;;3;1;;;
22/09/2017;08:27:00;147;com vítima;481;BR-262/MG;Leste;Colisão Traseira;1;;1;;;;;;;;1;1;;;
22/09/2017;05:19:00;78;sem vítima;510,087;BR-153/GO;Sul;Choque - Defensa, barreira ou "submarino";;;;;;;;;;1;1;;;;
22/09/2017;05:04:00;73;sem vítima;553;BR-153/GO;Norte;Colisão Traseira;;;2;;;;;;;;2;;;;
22/09/2017;02:24:00;37;com vítima;659;BR-153/GO;Sul;Saida de Pista;1;;;;;;;;;;0;1;;;
22/09/2017;23:15:00;576;sem vítima;802;BR-262/MG;Leste;Choque - Outros;;;;;1;;;;;;1;;;;
23/09/2017;07:47:00;163;sem vítima;4,282;BR-060/DF;Sul;Colisão Traseira;2;;;;;1;;;;;6;;;;
23/09/2017;23:48:00;691;sem vítima;94,043;BR-060/GO;Norte;Capotamento;1;;;;;;;;;;1;;;;
23/09/2017;21:05:00;642;com vítima;440,114;BR-262/MG;Leste;Queda de Moto;;;;1;;;;;;;0;2;;;
23/09/2017;08:43:00;204;com vítima;462;BR-262/MG;Leste;Colisão Lateral;2;;;;;;;;;;0;2;;;
23/09/2017;03:32:00;54;com vítima;498,271;BR-153/GO;Sul;Colisão Frontal;1;;;1;;;;;;;1;;1;;
23/09/2017;07:09:00;143;com vítima;502,626;BR-153/GO;Norte;Colisão Traseira;1;;;1;;;;;;;2;1;;;
23/09/2017;16:28:00;513;sem vítima;513,553;BR-153/GO;Norte;Colisão Traseira;1;;;;;;;;;;1;;;;
23/09/2017;02:31:00;33;sem vítima;544,5;BR-262/MG;Oeste;Saida de Pista;;;;;;;;;;1;1;;;;
23/09/2017;22:30:00;669;com vítima;561,805;BR-262/MG;Oeste;Colisão Lateral;2;;;;;;;;;;1;6;;;
23/09/2017;06:08:00;108;com vítima;638,5;BR-262/MG;Leste;Choque - Suporte de Sinalização;1;;;;;;;;;;0;1;;;
24/09/2017;10:25:00;228;com vítima;4;BR-060/DF;Sul;Queda de Moto;;;;1;;;;;;;0;1;;;
24/09/2017;18:52:00;570;sem vítima;4,1;BR-060/DF;Sul;Colisão Traseira;3;;;;;;;;;;7;;;;
24/09/2017;19:41:00;610;sem vítima;29,5;BR-060/DF;Norte;Colisão Lateral;1;;;;;1;;;;;2;;;;
24/09/2017;17:39:00;521;com vítima;44,29;BR-153/MG;Sul;Engavetamento;3;;;;;;;;;;1;2;;;
24/09/2017;10:50:00;252;com vítima;46,475;BR-060/GO;Norte;Saida de Pista;;;;1;;;;;;;0;;;;1
24/09/2017;09:57:00;205;com vítima;446;BR-262/MG;Leste;Queda de Ciclista;;;;1;;;;;;;0;;1;;
24/09/2017;19:26:00;592;com vítima;506,4;BR-153/GO;Sul;Colisão Lateral;1;;;1;;;;;;;1;1;;;
25/09/2017;02:52:00;29;sem vítima;27,703;BR-060/GO;Sul;Saida de Pista;;;;;;;;;;1;3;;;;
25/09/2017;15:55:00;343;com vítima;43;BR-060/GO;Norte;Choque - Outros;1;;;;;;;;;;0;;1;;
25/09/2017;09:52:00;161;sem vítima;110,045;BR-060/GO;Norte;Saida de Pista;1;;;;;;;;;;1;;;;
25/09/2017;18:58:00;441;sem vítima;111,932;BR-060/GO;Sul;Choque - Objeto sobre a pista;1;;;;;;;;;;1;;;;
25/09/2017;19:25:00;479;sem vítima;111,932;BR-060/GO;Sul;Choque - Objeto sobre a pista;1;;;;;;;;;;1;;;;
25/09/2017;11:53:00;224;sem vítima;113,054;BR-060/GO;Norte;Colisão Traseira;2;;1;;;;;;;;3;;;;
25/09/2017;19:24:00;450;sem vítima;495;BR-153/GO;Sul;Colisão Lateral;1;;1;;;;;;;;2;;;;
25/09/2017;07:40:00;83;com vítima;495,1;BR-153/GO;Sul;Engavetamento;5;;;;;;;;;;5;2;;;
25/09/2017;17:50:00;409;com vítima;501;BR-153/GO;Sul;Colisão Traseira;1;;;1;;;;;;;1;1;;;
25/09/2017;05:35:00;53;com vítima;503,589;BR-153/GO;Norte;Colisão Traseira;;;1;;1;;;;;;9;1;1;;
25/09/2017;00:40:00;8;com vítima;567,392;BR-262/MG;Oeste;Tombamento;;;1;;;;;;;;0;1;;;
26/09/2017;09:33:00;187;com vítima;5,093;BR-060/GO;Norte;Capotamento;1;;;;;;;;;;0;1;;;
26/09/2017;09:05:00;170;sem vítima;21,07;BR-153/MG;Sul;Choque - Suporte de Sinalização;1;;;;;;;;;;2;;;;
26/09/2017;21:16:00;544;com vítima;26;BR-060/DF;Sul;Choque - Objeto não identificado;;1;;;;;;;;;0;1;;;
26/09/2017;23:23:00;569;com vítima;44,899;BR-153/MG;Sul;Colisão Traseira;;;2;;;;;;;;2;1;;;
26/09/2017;11:12:00;238;com vítima;59,7;BR-153/MG;Norte;Colisão Traseira;3;;1;;;;;;;;8;1;;;
26/09/2017;17:44:00;432;sem vítima;118;BR-060/GO;Sul;Colisão Lateral;1;;;1;;;;;;;2;;;;
26/09/2017;17:36:00;428;sem vítima;217,9;BR-153/MG;Sul;Choque - Arvore;1;;;;;;;;;;1;;;;
26/09/2017;13:25:00;299;com vítima;235,8;BR-153/MG;Sul;Capotamento;1;;;;;;;;;;0;;1;;1
26/09/2017;19:02:00;478;sem vítima;382;BR-262/MG;Oeste;Capotamento;;;;;;;;;;1;1;;;;
26/09/2017;13:30:00;302;com vítima;479;BR-262/MG;Leste;Colisão Traseira;1;;;1;;;;;;;1;1;;;
26/09/2017;14:34:00;334;sem vítima;544,5;BR-262/MG;Leste;Tombamento;;;1;;;;;;;;1;;;;
26/09/2017;12:57:00;287;com vítima;637,001;BR-153/GO;Norte;Capotamento;1;;;;;;;;;;1;1;;;
27/09/2017;17:42:00;539;sem vítima;89,6;BR-060/GO;Norte;Colisão Lateral;2;;;;;;;;;;2;;;;
27/09/2017;11:34:00;341;com vítima;107,85;BR-153/MG;Norte;Capotamento;1;;1;;;;;;;;1;1;;;
27/09/2017;08:25:00;166;sem vítima;111,316;BR-060/GO;Norte;Choque - Elemento de Drenagem;;;1;;;;;;;;1;;;;
27/09/2017;13:57:00;417;sem vítima;115,539;BR-060/GO;Norte;Choque - Defensa, barreira ou "submarino";;;1;;;;;;;;1;;;;
27/09/2017;11:36:00;344;com vítima;459,4;BR-262/MG;Leste;Engavetamento;1;;4;;1;;;;;;9;1;;1;
27/09/2017;13:18:00;392;sem vítima;497,437;BR-153/GO;Norte;Choque - Outros;1;;;;;;;;;;3;;;;
27/09/2017;18:28:00;563;com vítima;498,1;BR-153/GO;Sul;Queda de Moto;1;;;1;;;;;;;1;1;;;
27/09/2017;15:55:00;490;sem vítima;500,876;BR-153/GO;Norte;Choque - Defensa, barreira ou "submarino";1;;;;;;;;;;1;;;;
27/09/2017;19:45:00;606;com vítima;507,001;BR-153/GO;Norte;Queda de Ciclista;1;;;;;;;;;;0;1;;;
27/09/2017;15:48:00;483;com vítima;511,2;BR-262/MG;Leste;Queda de Ciclista;;;;1;;;;;;;0;1;;;
27/09/2017;20:04:00;610;sem vítima;546,686;BR-153/GO;Sul;Saida de Pista;1;;;;;;;;;;1;;;;
27/09/2017;10:58:00;314;com vítima;568,4;BR-262/MG;Leste;Colisão Transversal;1;;;;;;;;;2;2;;;1;
27/09/2017;08:10:00;155;sem vítima;579,3;BR-153/GO;Sul;Tombamento;;;;;;1;;;;1;2;;;;
27/09/2017;05:46:00;86;sem vítima;596;BR-153/GO;Sul;Choque - Talude;1;;;;;;;;;;1;;;;
27/09/2017;16:22:00;499;com vítima;736,9;BR-262/MG;Leste;Colisão Transversal;1;;1;;;;;;;;1;;1;1;
27/09/2017;13:45:00;410;com vítima;845,5;BR-262/MG;Oeste;Choque - Talude;;;1;;;;;;;;0;1;;;
28/09/2017;10:54:00;298;sem vítima;2,529;BR-060/DF;Norte;Choque - Poste;1;;;;;;;;;;1;;;;
28/09/2017;20:09:00;627;com vítima;92,772;BR-060/GO;Sul;Colisão Lateral;1;;1;;;;;;;;1;2;;;
28/09/2017;17:14:00;533;sem vítima;96,936;BR-060/GO;Norte;Engavetamento;3;;;;;;;;;1;4;;;;
28/09/2017;22:46:00;675;com vítima;374,15;BR-262/MG;Oeste;Queda de Ciclista;;;;1;;;;;;;0;1;;;
28/09/2017;03:46:00;44;sem vítima;386,5;BR-262/MG;Oeste;Capotamento;1;;;;;;;;;;4;;;;
28/09/2017;06:47:00;106;sem vítima;422;BR-262/MG;Leste;Choque - Defensa, barreira ou "submarino";1;;;;;;;;;;1;;;;
28/09/2017;10:46:00;291;sem vítima;446,1;BR-262/MG;Oeste;Capotamento;1;;;;;;;;;;2;;;;
28/09/2017;23:04:00;681;com vítima;485,32;BR-262/MG;Leste;Tombamento;;;1;;;;;;;;0;1;;;
28/09/2017;18:41:00;548;sem vítima;506,2;BR-153/GO;Sul;Colisão Traseira;2;;;;;;;;;;7;;;;
28/09/2017;14:31:00;431;sem vítima;520,945;BR-153/GO;Norte;Choque - Defensa, barreira ou "submarino";1;;;;;;;;;;1;;;;
28/09/2017;07:52:00;142;com vítima;697,1;BR-262/MG;Oeste;Capotamento;1;;;;;;;;;;0;2;;;
28/09/2017;06:37:00;99;com vítima;790;BR-262/MG;Leste;Colisão Traseira;2;;;;;;;;;;6;1;;;
29/09/2017;20:56:00;562;sem vítima;1;BR-153/MG;Sul;Saida de Pista;1;;;;;;;;;;1;;;;
29/09/2017;09:59:00;192;com vítima;4,3;BR-060/DF;Sul;Colisão Traseira;1;;;1;;;;;;;1;1;;;
29/09/2017;01:31:00;20;com vítima;5;BR-060/DF;Sul;Saida de Pista;;;1;;;;;;;;0;1;;;
29/09/2017;20:52:00;558;com vítima;11,4;BR-060/DF;Sul;Colisão Traseira;1;;;1;;;;;;;1;;1;;
29/09/2017;19:34:00;525;sem vítima;35;BR-060/GO;Sul;Saida de Pista;1;;;;;;;;;;1;;;;
29/09/2017;18:49:00;508;com vítima;58;BR-153/MG;Sul;Saida de Pista;;;;;;;;;;1;0;2;;;
29/09/2017;19:49:00;533;sem vítima;58;BR-153/MG;Sul;Saida de Pista;;;1;;;;;;;;1;;;;
29/09/2017;20:29:00;547;sem vítima;81;BR-153/MG;Sul;Saida de Pista;1;;;;;;;;;;2;;;;
29/09/2017;14:28:00;370;sem vítima;102,5;BR-153/MG;Sul;Saida de Pista;1;;;;;;;;;;2;;;;
29/09/2017;17:50:00;467;sem vítima;243,001;BR-153/MG;Sul;Queda de Moto;;;;1;;;;;;;1;;;;
29/09/2017;23:01:00;623;sem vítima;366;BR-262/MG;Oeste;Atropelamento de Animal;1;;;;;;;;;;1;;;;
29/09/2017;12:13:00;281;sem vítima;369;BR-262/MG;Leste;Choque - Defensa, barreira ou "submarino";1;;;;;;;;;;1;;;;
29/09/2017;13:48:00;345;com vítima;433,5;BR-262/MG;Oeste;Queda de Ciclista;;;;1;;;;;;;0;2;;;
29/09/2017;02:47:00;35;sem vítima;485,9;BR-262/MG;Oeste;Tombamento;;;1;;;;;;;;1;;;;
29/09/2017;18:40:00;503;sem vítima;491;BR-153/GO;Norte;Colisão Traseira;2;;;;;;;;;;2;;;;
29/09/2017;17:00:00;445;sem vítima;493;BR-153/GO;Norte;Queda de Moto;;;;1;;;;;;;1;;;;
29/09/2017;18:32:00;499;sem vítima;495,5;BR-153/GO;Sul;Colisão Frontal;2;;;;;;;;;;2;;;;
29/09/2017;08:34:00;130;com vítima;500,048;BR-153/GO;Sul;Queda de Moto;;;;1;;;;;;;0;1;;;
29/09/2017;19:36:00;526;com vítima;514;BR-153/GO;Sul;Queda de Moto;;;;1;;;;;;;1;1;;;
29/09/2017;23:09:00;628;com vítima;514,1;BR-153/GO;Norte;Queda de Moto;;;;1;;;;;;;0;1;;;
29/09/2017;12:48:00;299;com vítima;514,3;BR-153/GO;Sul;Queda de Moto;;;1;1;;;;;;;1;1;;;
29/09/2017;22:25:00;605;sem vítima;598;BR-153/GO;Sul;Choque - Talude;1;;;;;;;;;;1;;;;
29/09/2017;10:07:00;197;com vítima;620,799;BR-153/GO;Sul;Choque - Suporte de Sinalização;1;;;;;;;;;;0;1;;;
29/09/2017;23:39:00;638;sem vítima;632;BR-262/MG;Leste;Saida de Pista;1;;;;;;;;;;1;;;;
30/09/2017;04:20:00;72;com vítima;2,7;BR-060/DF;Sul;Capotamento;1;;;;;;;;;;1;1;;;
30/09/2017;23:29:00;548;com vítima;74,1;BR-060/GO;Norte;Capotamento;1;;;;;;;;;;1;1;;;
30/09/2017;10:33:00;222;sem vítima;75,599;BR-153/MG;Norte;Choque - Suporte de Sinalização;1;;;;;;;;;;1;;;;
30/09/2017;00:15:00;8;com vítima;76,5;BR-153/MG;Sul;Saida de Pista;1;;;;;;;;;;1;1;;;
30/09/2017;21:56:00;518;sem vítima;93;BR-060/GO;Norte;Saida de Pista;1;;;;;;;;;;1;;;;
30/09/2017;10:11:00;216;com vítima;94;BR-060/GO;Sul;Colisão Traseira;;1;;;;;;;;1;1;1;;;
30/09/2017;22:21:00;530;com vítima;97,25;BR-060/GO;Sul;Queda de Moto;;;;1;;;;;;;1;1;;;
30/09/2017;20:47:00;496;com vítima;118,081;BR-060/GO;Sul;Atropelamento - Sem Informação;;;;;;1;;;;;1;;;;1
30/09/2017;12:09:00;267;com vítima;128,3;BR-060/GO;Norte;Saida de Pista;1;;;;;;;;;;0;2;;;
30/09/2017;11:42:00;256;sem vítima;365,4;BR-262/MG;Oeste;Choque - Defensa, barreira ou "submarino";1;;;;;;;;;;1;;;;
30/09/2017;12:51:00;291;sem vítima;382;BR-262/MG;Oeste;Saida de Pista;1;;;;;;;;;;1;;;;
30/09/2017;18:59:00;449;sem vítima;382,468;BR-262/MG;Oeste;Saida de Pista;1;;;;;;;;;;1;;;;
30/09/2017;13:40:00;315;com vítima;425;BR-262/MG;Leste;Saida de Pista;1;;;;;;;;;;2;2;;;
30/09/2017;11:47:00;259;sem vítima;426,5;BR-262/MG;Leste;Tombamento;1;;;;;;;;;;1;;;;
30/09/2017;03:26:00;56;sem vítima;435;BR-262/MG;Oeste;Saida de Pista;1;;;;;;;;;;2;;;;
30/09/2017;16:19:00;387;sem vítima;436;BR-262/MG;Oeste;Colisão Lateral;;;;;1;;;;;1;2;;;;
30/09/2017;11:21:00;248;com vítima;437,5;BR-262/MG;Leste;Tombamento;;;1;;;;;;;;1;2;;;
30/09/2017;15:49:00;377;sem vítima;438;BR-262/MG;Leste;Colisão Traseira;1;;;;;;;;;1;2;;;;
30/09/2017;10:35:00;224;sem vítima;443;BR-262/MG;Oeste;Saida de Pista;1;;;;;;;;;;1;;;;
30/09/2017;11:35:00;253;sem vítima;448,5;BR-262/MG;Leste;Colisão Traseira;3;;;;;;;;;;3;;;;
30/09/2017;12:30:00;281;sem vítima;500,5;BR-153/GO;Sul;Colisão Lateral;1;;;;1;;;;;;2;;;;
30/09/2017;13:19:00;307;sem vítima;501;BR-153/GO;Norte;Saida de Pista;;;;;;;;;;1;4;;;;
30/09/2017;19:36:00;467;sem vítima;512,8;BR-153/GO;Norte;Colisão Traseira;1;;;;;1;;;;;2;;;;
30/09/2017;08:48:00;181;sem vítima;525,2;BR-262/MG;Oeste;Saida de Pista;1;;;;;;;;;;2;;;;
30/09/2017;15:10:00;357;sem vítima;534;BR-262/MG;Oeste;Saida de Pista;1;;;;;;;;;;1;;;;
30/09/2017;09:19:00;198;sem vítima;537,9;BR-262/MG;Oeste;Capotamento;1;;;;;;;;;;1;;;;
30/09/2017;14:24:00;336;sem vítima;548;BR-262/MG;Leste;Choque - Suporte de Sinalização;1;;;;;;;;;;3;;;;
30/09/2017;18:08:00;436;com vítima;549,6;BR-262/MG;Leste;Saida de Pista;1;;1;;;;;;;;3;;1;;
30/09/2017;06:17:00;111;com vítima;587,1;BR-262/MG;Leste;Capotamento;1;;;;;;;;;;0;2;1;;
30/09/2017;12:56:00;294;sem vítima;591;BR-262/MG;Leste;Saida de Pista;1;;;;;;;;;;1;;;;
30/09/2017;04:35:00;77;sem vítima;593;BR-153/GO;Sul;Capotamento;1;;;;;;;;;;1;;;;
30/09/2017;12:48:00;289;sem vítima;594,48;BR-262/MG;Leste;Choque - Defensa, barreira ou "submarino";;;1;;;;;;;;1;;;;
30/09/2017;15:05:00;356;sem vítima;595,6;BR-262/MG;Oeste;Tombamento;;;1;;;;;;;;1;;;;
30/09/2017;02:50:00;41;sem vítima;611;BR-262/MG;Oeste;Saida de Pista;;;1;;;;;;;;1;;;;
30/09/2017;01:42:00;30;com vítima;611,5;BR-262/MG;Oeste;Tombamento;;;1;;;;;;;;0;1;;;
30/09/2017;10:18:00;219;sem vítima;643,2;BR-262/MG;Oeste;Tombamento;;;1;;;;;;;;1;;;;
30/09/2017;07:55:00;143;com vítima;675;BR-262/MG;Leste;Capotamento;1;;;;;;;;;;0;1;;;
30/09/2017;14:25:00;337;sem vítima;748,1;BR-262/MG;Leste;Colisão Traseira;;;2;;;;;;;;2;;;;
30/09/2017;19:22:00;459;sem vítima;802;BR-262/MG;Oeste;Atropelamento de Animal;1;;;;;;;;;;4;;;;
01/10/2017;00:35:00;7;com vítima;558,059;BR-153/GO;Norte;Colisão Traseira;;;2;;;;;;;1;2;1;;;
01/10/2017;00:50:00;9;com vítima;382;BR-262/MG;Oeste;Capotamento;1;;;;;;;;;;0;;1;;
01/10/2017;02:14:00;18;com vítima;432,468;BR-262/MG;Oeste;Capotamento;1;;;;;;;;;;0;1;;;
01/10/2017;04:38:00;45;sem vítima;444,767;BR-262/MG;Oeste;Colisão Traseira;2;;;;;;;;;;2;;;;
01/10/2017;06:13:00;73;sem vítima;376,155;BR-262/MG;Oeste;Choque - Elemento de Drenagem;1;;;;;;;;;;1;;;;