data;horario;n_da_ocorrencia;tipo_de_ocorrencia;km;trecho;sentido;tipo_de_acidente;automovel;bicicleta;caminhao;moto;onibus;outros;tracao_animal;transporte_de_cargas_especiais;trator_maquinas;utilitarios;ilesos;levemente_feridos;moderadamente_feridos;gravemente_feridos;mortos
01/10/2017;06:41:00;88;com vítima;408,668;BR-262/MG;Leste;Colisão Traseira;1;1;;;;;;;;;2;;1;;
01/10/2017;07:48:00;121;com vítima;237,5;BR-153/MG;Norte;Capotamento;1;;;;;;;;;;1;4;;;
01/10/2017;16:25:00;465;sem vítima;368,141;BR-262/MG;Leste;Choque - Suporte de Sinalização;1;;;;;;;;;;1;;;;
01/10/2017;17:43:00;516;sem vítima;237,5;BR-153/MG;Sul;Colisão Lateral;2;;;;;;;;;;3;;;;
01/10/2017;17:50:00;523;com vítima;439,1;BR-262/MG;Leste;Colisão Traseira;;;1;1;;;;;;;1;;1;;
01/10/2017;19:39:00;575;sem vítima;17;BR-060/GO;Sul;Saida de Pista;1;;;;;;;;;;1;;;;
01/10/2017;20:04:00;586;sem vítima;553;BR-153/GO;Norte;Colisão Traseira;1;;;;;;;;;1;2;;;;
01/10/2017;21:40:00;622;sem vítima;53;BR-060/GO;Norte;Choque - Defensa, barreira ou "submarino";1;;;;;;;;;;2;;;;
01/10/2017;21:56:00;627;sem vítima;675;BR-153/GO;Norte;Choque - Elemento de Drenagem;;;;;;;;;;1;2;;;;
02/10/2017;00:07:00;2;com vítima;793,765;BR-262/MG;Oeste;Atropelamento de Animal;1;;;;;;;;;;2;2;;;
02/10/2017;06:53:00;96;sem vítima;505,373;BR-153/GO;Norte;Colisão Traseira;1;;1;;;;;;;;2;;;;
02/10/2017;07:06:00;106;com vítima;506,403;BR-153/GO;Sul;Colisão Traseira;1;;;1;;;;;;;1;;;2;
02/10/2017;07:37:00;120;sem vítima;496,618;BR-153/GO;Norte;Colisão Traseira;2;;;;;;;;;;2;;;;
02/10/2017;07:52:00;127;sem vítima;792,763;BR-262/MG;Leste;Capotamento;1;;1;;;;;;;;2;;;;
02/10/2017;07:56:00;129;com vítima;451,527;BR-262/MG;Oeste;Queda de Ciclista;;;;1;;;;;;;0;2;;;
02/10/2017;07:58:00;131;sem vítima;575;BR-262/MG;Leste;Colisão Lateral;;;1;;;;;;;1;2;;;;
02/10/2017;09:17:00;194;sem vítima;368,352;BR-262/MG;Leste;Choque - Suporte de Sinalização;1;;;;;;;;;;1;;;;
02/10/2017;11:23:00;270;com vítima;188;BR-153/MG;Sul;Choque - Talude;;;1;;;;;;;;0;;;;1
02/10/2017;12:06:00;296;sem vítima;501;BR-153/GO;Sul;Colisão Lateral;1;;;1;;;;;;;2;;;;
02/10/2017;12:34:00;310;sem vítima;42,212;BR-153/MG;Norte;Choque - Elemento de Drenagem;1;;;;;;;;;;1;;;;
02/10/2017;13:33:00;349;com vítima;508,614;BR-153/GO;Sul;Colisão Traseira;;;1;1;;;;;;;0;2;;;
02/10/2017;13:48:00;357;sem vítima;580;BR-153/GO;Sul;Colisão Traseira;1;;;;;;;;;;1;;;;
02/10/2017;14:01:00;362;sem vítima;387,7;BR-262/MG;Oeste;Colisão Traseira;2;;;;;;;;;;5;;;;
02/10/2017;14:23:00;375;sem vítima;507,925;BR-153/GO;Norte;Engavetamento;3;;;;;;;;;;3;;;;
02/10/2017;14:35:00;383;sem vítima;517;BR-153/GO;Norte;Choque - Elemento de Drenagem;;;1;;;;;;;;1;;;;
02/10/2017;14:43:00;389;sem vítima;116,149;BR-060/GO;Norte;Tombamento;;;1;;;;;;;;1;;;;
02/10/2017;15:26:00;408;sem vítima;23;BR-060/GO;Norte;Colisão Traseira;2;;;;;;;;;;2;;;;
02/10/2017;15:59:00;428;com vítima;801,9;BR-262/MG;Leste;Colisão Traseira;1;;;;;;;;;1;6;1;;;
02/10/2017;14:43:00;429;sem vítima;116,149;BR-060/GO;Norte;Saida de Pista;;;1;;;;;;;;1;;;;
02/10/2017;16:13:00;437;sem vítima;558;BR-153/GO;Norte;Choque - Elemento de Drenagem;1;;;;;;;;;;1;;;;
02/10/2017;17:00:00;462;sem vítima;575;BR-262/MG;Leste;Tombamento;;;1;;;;;;;;1;;;;
02/10/2017;17:04:00;466;com vítima;399,468;BR-262/MG;Oeste;Queda de Moto;;;;1;;;;;;;0;1;;;
02/10/2017;17:33:00;485;sem vítima;134,457;BR-060/GO;Sul;Capotamento;1;;;;;;;;;;1;;;;
02/10/2017;17:37:00;488;sem vítima;511;BR-153/GO;Sul;Choque - Defensa, barreira ou "submarino";;;1;;;1;;;;;2;;;;
02/10/2017;17:39:00;489;sem vítima;543,5;BR-262/MG;Leste;Choque - Arvore;1;;;;;;;;;;1;;;;
02/10/2017;18:51:00;533;com vítima;430,79;BR-262/MG;Oeste;Choque - Outros;1;;;;;;;;;;0;;1;;1
02/10/2017;19:18:00;552;sem vítima;96;BR-060/GO;Norte;Colisão Lateral;1;;1;;;;;;;;2;;;;
02/10/2017;20:06:00;578;sem vítima;444,1;BR-262/MG;Oeste;Saida de Pista;1;;;;;;;;;;1;;;;
02/10/2017;21:46:00;612;sem vítima;127,851;BR-060/GO;Sul;Colisão Traseira;1;;;;;1;;;;;2;;;;
02/10/2017;22:42:00;635;sem vítima;89,1;BR-153/MG;Sul;Colisão Traseira;;;2;;;;;;;;2;;;;
03/10/2017;01:29:00;17;sem vítima;90,9;BR-153/MG;Sul;Saida de Pista;;;1;;;;;;;;1;;;;
03/10/2017;01:55:00;22;sem vítima;503,011;BR-153/GO;Sul;Saida de Pista;1;;;;;;;;;;1;;;;
03/10/2017;06:24:00;69;com vítima;866;BR-262/MG;Oeste;Tombamento;;;1;;;;;;;;1;1;;;
03/10/2017;06:28:00;76;sem vítima;443;BR-262/MG;Oeste;Colisão Traseira;1;;;;;;;;;1;2;;;;
03/10/2017;07:43:00;98;sem vítima;594,2;BR-262/MG;Leste;Colisão Traseira;1;;1;;;;;;;;2;;;;
03/10/2017;07:45:00;100;sem vítima;4,3;BR-060/DF;Norte;Colisão Lateral;2;;;;;;;;;;2;;;;
03/10/2017;07:58:00;111;sem vítima;553,5;BR-153/GO;Norte;Saida de Pista;1;;;;;;;;;;1;;;;
03/10/2017;07:59:00;112;com vítima;810;BR-262/MG;Leste;Atropelamento de Animal;;;;1;;;;;;;0;1;;;
03/10/2017;08:02:00;113;sem vítima;589,472;BR-262/MG;Leste;Choque - Talude;;;;;;;;;;1;1;;;;
03/10/2017;08:03:00;116;sem vítima;499,001;BR-153/GO;Sul;Engavetamento;4;;;;;;;;;;4;;;;
03/10/2017;08:06:00;117;sem vítima;498,578;BR-153/GO;Sul;Colisão Traseira;2;;;;;;;;;;2;;;;
03/10/2017;08:34:00;131;sem vítima;574,002;BR-262/MG;Leste;Colisão Lateral;1;;1;;;;;;;;2;;;;
03/10/2017;09:23:00;161;sem vítima;574;BR-262/MG;Leste;Saida de Pista;1;;;;;;;;;;1;;;;
03/10/2017;09:49:00;182;com vítima;530,904;BR-262/MG;Oeste;Choque - Arvore;;;1;;;;;;;;0;2;;;
03/10/2017;10:17:00;196;com vítima;96,7;BR-060/GO;Sul;Colisão Lateral;1;;;1;;;;;;;1;1;;;
03/10/2017;10:38:00;209;sem vítima;548,5;BR-262/MG;Leste;Choque - Defensa, barreira ou "submarino";1;;;;;;;;;;1;;;;
03/10/2017;10:59:00;219;sem vítima;549,001;BR-262/MG;Leste;Tombamento;;;1;;;;;;;;1;;;;
03/10/2017;14:03:00;305;sem vítima;370,031;BR-262/MG;Oeste;Saida de Pista;;;;;;;;;;1;1;;;;
03/10/2017;15:14:00;337;sem vítima;244,956;BR-153/MG;Sul;Colisão Transversal;2;;;;;;;;;;2;;;;
03/10/2017;15:14:00;338;com vítima;514,224;BR-153/GO;Norte;Colisão Traseira;1;;;1;;;;;;;2;1;;;
03/10/2017;17:27:00;398;com vítima;372,076;BR-262/MG;Leste;Colisão Transversal;;;1;1;;;;;;;1;;2;;
03/10/2017;19:12:00;453;com vítima;1,385;BR-153/MG;Sul;Choque - Suporte de Sinalização;;;;1;;;;;;;0;;1;;
03/10/2017;19:21:00;460;sem vítima;97;BR-060/GO;Sul;Saida de Pista;1;;;;;;;;;;1;;;;
03/10/2017;19:36:00;462;sem vítima;40;BR-060/GO;Norte;Choque - Outros;1;;;;;;;;;;4;;;;
03/10/2017;19:36:00;463;sem vítima;607,572;BR-262/MG;Oeste;Choque - Outros;1;;;;;;;;;;2;;;;
03/10/2017;22:27:00;531;sem vítima;497;BR-153/GO;Sul;Queda de Moto;;;;1;;;;;;;1;;;;
03/10/2017;22:49:00;535;sem vítima;631,1;BR-153/GO;Sul;Tombamento;;;1;;;;;;;;1;;;;
04/10/2017;06:00:00;112;sem vítima;97,001;BR-060/GO;Sul;Choque - Defensa, barreira ou "submarino";1;;;;;;;;;;1;;;;
04/10/2017;06:42:00;135;sem vítima;492,001;BR-153/GO;Norte;Queda de Moto;;;;1;;;;;;;2;;;;
04/10/2017;07:11:00;149;com vítima;77,95;BR-060/GO;Sul;Capotamento;1;;;;;;;;;;0;;;1;2
04/10/2017;08:33:00;193;sem vítima;357,6;BR-262/MG;Leste;Choque - Elemento de Drenagem;1;;;;;1;;;;;2;;;;
04/10/2017;14:44:00;422;sem vítima;368;BR-262/MG;Oeste;Queda de Ciclista;;;;1;;;;;;;1;;;;
04/10/2017;15:27:00;443;sem vítima;21,3;BR-060/GO;Sul;Choque - Defensa, barreira ou "submarino";1;;1;;;;;;;;2;;;;
04/10/2017;15:31:00;446;sem vítima;15;BR-060/GO;Sul;Queda de Moto;;;1;1;;;;;;;2;;;;
04/10/2017;17:04:00;500;sem vítima;74,3;BR-060/GO;Norte;Tombamento;;;1;;;;;;;;1;;;;
04/10/2017;17:10:00;504;sem vítima;502;BR-153/GO;Norte;Queda de Moto;1;;;1;;;;;;;2;;;;
04/10/2017;18:07:00;527;sem vítima;502,5;BR-153/GO;Norte;Colisão Traseira;2;;;;;;;;;;2;;;;
04/10/2017;19:12:00;560;com vítima;117,1;BR-060/GO;Sul;Capotamento;1;;;;;;;;;;0;;;;1
05/10/2017;01:34:00;25;sem vítima;17,399;BR-153/MG;Sul;Saida de Pista;;;1;;;;;;;;1;;;;
05/10/2017;06:55:00;125;com vítima;362,001;BR-262/MG;Oeste;Capotamento;;;;;;;;;;1;0;1;;;
05/10/2017;08:33:00;182;sem vítima;2,321;BR-060/DF;Sul;Colisão Transversal;2;;;;;;;;;;3;;;;
05/10/2017;09:16:00;218;com vítima;665;BR-262/MG;Leste;Tombamento;;;1;;;;;;;;0;1;;;
05/10/2017;09:25:00;228;sem vítima;476,2;BR-262/MG;Leste;Colisão Transversal;2;;;;;;;;;;5;;;;
05/10/2017;10:18:00;287;com vítima;499,342;BR-153/GO;Sul;Colisão Lateral;1;;;1;;;;;;;1;2;;;
05/10/2017;11:32:00;366;sem vítima;4,7;BR-060/DF;Sul;Colisão Traseira;1;;1;;;;;;;;4;;;;
05/10/2017;12:23:00;397;sem vítima;5,05;BR-060/DF;Sul;Colisão Lateral;1;;1;;;;;;;;2;;;;
05/10/2017;16:26:00;605;sem vítima;610;BR-262/MG;Leste;Engavetamento;2;;1;;;;;;;;3;;;;
05/10/2017;19:00:00;692;sem vítima;129;BR-060/GO;Norte;Saida de Pista;1;;;;;;;;;;1;;;;
05/10/2017;20:36:00;752;com vítima;4,529;BR-060/DF;Norte;Colisão Lateral;1;;;1;;;;;;;1;;1;;
06/10/2017;01:55:00;25;com vítima;30;BR-060/DF;Sul;Atropelamento - Ciclista;;1;;1;;;;;;;0;;2;;
06/10/2017;03:27:00;53;com vítima;584,8;BR-153/GO;Sul;Saida de Pista;1;;;;;;;;;;0;1;;;
06/10/2017;04:34:00;74;sem vítima;749,1;BR-262/MG;Leste;Choque - Objeto sobre a pista;;;;;;;;;;1;2;;;;
06/10/2017;06:44:00;121;com vítima;505,699;BR-153/GO;Norte;Choque - Suporte de Sinalização;;;;1;;;;;;;0;1;;;
06/10/2017;07:54:00;163;com vítima;509,204;BR-153/GO;Norte;Colisão Traseira;1;;;1;;;;;;;1;1;;;
06/10/2017;07:55:00;165;com vítima;507,745;BR-153/GO;Sul;Colisão Traseira;1;;;1;;;;;;;1;1;1;;
06/10/2017;08:02:00;172;sem vítima;506,3;BR-153/GO;Norte;Engavetamento;2;;;;;;;;;;2;;;;
06/10/2017;09:27:00;237;sem vítima;616,7;BR-262/MG;Leste;Colisão Traseira;1;;1;;;;;;;;2;;;;
06/10/2017;09:53:00;247;com vítima;407;BR-262/MG;Leste;Colisão Traseira;1;;1;;;;;;;;1;1;;;
06/10/2017;13:02:00;374;sem vítima;801,7;BR-262/MG;Oeste;Choque - Elemento de Drenagem;;;;;;;;;;1;1;;;;
06/10/2017;14:59:00;463;com vítima;31;BR-060/GO;Sul;Colisão Lateral;1;;;1;;;;;;;1;1;;;
06/10/2017;15:00:00;464;sem vítima;450,1;BR-262/MG;Leste;Colisão Traseira;1;;;;;;;;;1;2;;;;
06/10/2017;16:25:00;526;com vítima;421;BR-262/MG;Leste;Queda de Moto;;;;1;;;;;;;0;1;;;
06/10/2017;16:50:00;542;sem vítima;130,607;BR-060/GO;Sul;Colisão Traseira;;;;;;;;;;2;3;;;;
06/10/2017;17:33:00;580;sem vítima;506,1;BR-153/GO;Norte;Colisão Traseira;1;;;1;;;;;;;2;;;;
06/10/2017;18:02:00;599;com vítima;37,799;BR-060/GO;Norte;Colisão Traseira;1;;;1;;;;;;;1;1;;;
06/10/2017;20:27:00;698;sem vítima;532;BR-262/MG;Leste;Saida de Pista;1;;;;;;;;;;1;;;;
06/10/2017;20:48:00;710;sem vítima;697;BR-153/GO;Sul;Colisão Lateral;1;;1;;;;;;;;2;;;;
06/10/2017;21:15:00;729;com vítima;430;BR-262/MG;Oeste;Choque - Talude;1;;;;;;;;;;0;;2;;
06/10/2017;21:27:00;735;sem vítima;506,228;BR-153/GO;Sul;Choque - Defensa, barreira ou "submarino";2;;;;;;;;;;2;;;;
06/10/2017;23:45:00;791;sem vítima;500,699;BR-153/GO;Sul;Saida de Pista;1;;;;;;;;;;1;;;;
07/10/2017;02:50:00;53;sem vítima;9,281;BR-060/DF;Sul;Choque - Outros;1;;;;;;;;;;1;;;;
07/10/2017;03:36:00;67;sem vítima;0,8;BR-153/MG;Norte;Colisão Traseira;1;;;;;1;;;;;2;;;;
07/10/2017;03:44:00;69;com vítima;195,001;BR-153/MG;Sul;Tombamento;;;1;;;;;;;;0;1;;;
07/10/2017;08:11:00;130;sem vítima;42,929;BR-060/GO;Sul;Colisão Traseira;2;;;;;;;;;;2;;;;
07/10/2017;08:50:00;155;sem vítima;438;BR-262/MG;Leste;Choque - Talude;1;;;;;;;;;;4;;;;
07/10/2017;09:57:00;191;sem vítima;553;BR-262/MG;Leste;Tombamento;;;1;;;;;;;;1;;;;
07/10/2017;10:43:00;221;sem vítima;4,4;BR-060/DF;Sul;Colisão Transversal;2;;;;;;;;;;2;;;;
07/10/2017;11:16:00;234;com vítima;635,2;BR-262/MG;Oeste;Colisão Lateral;1;;1;;;;;;;;1;1;;;
07/10/2017;11:46:00;256;com vítima;501,53;BR-153/GO;Norte;Colisão Lateral;1;;;;;1;;;;;2;1;;;
07/10/2017;12:59:00;292;com vítima;118;BR-060/GO;Norte;Capotamento;2;;;;;;;;;;2;;;1;
07/10/2017;13:05:00;298;com vítima;57,899;BR-153/MG;Norte;Tombamento;;;1;;;;;;;;0;1;;;
07/10/2017;13:53:00;319;sem vítima;39;BR-153/MG;Sul;Choque - Elemento de Drenagem;1;;;;;;;;;;2;;;;
07/10/2017;15:02:00;349;com vítima;196,699;BR-153/MG;Sul;Queda de Moto;;;;1;;;;;;;0;1;;;
07/10/2017;16:27:00;392;com vítima;17,684;BR-060/GO;Norte;Atropelamento - Ciclista;;1;1;;;;;;;;1;1;;;
07/10/2017;17:57:00;440;com vítima;568,5;BR-262/MG;Leste;Tombamento;;;1;;;;;;;;0;1;;;
07/10/2017;18:59:00;474;sem vítima;46;BR-060/GO;Norte;Saida de Pista;1;;;;;;;;;;1;;;;
07/10/2017;19:14:00;480;sem vítima;0,538;BR-060/GO;Norte;Saida de Pista;1;;;;;1;;;;;2;;;;
07/10/2017;19:55:00;503;sem vítima;512;BR-262/MG;Leste;Atropelamento de Animal;;;;;;;;;;1;1;;;;
07/10/2017;20:10:00;514;sem vítima;32;BR-060/GO;Norte;Capotamento;1;;;;;;;;;;1;;;;
07/10/2017;20:40:00;530;sem vítima;368;BR-262/MG;Oeste;Colisão Traseira;2;;;;;;;;;;2;;;;
07/10/2017;18:59:00;543;sem vítima;46;BR-060/GO;Norte;Choque - Objeto sobre a pista;1;;;;;;;;;;1;;;;
07/10/2017;18:59:00;553;sem vítima;46;BR-060/GO;Norte;Objeto lançado contra veículo;1;;;;;;;;;;1;;;;
07/10/2017;18:59:00;556;sem vítima;46;BR-060/GO;Norte;Saida de Pista;1;;;;;;;;;;1;;;;
07/10/2017;21:40:00;560;com vítima;517,25;BR-153/GO;Sul;Capotamento;;;;;;;;;;1;1;3;;;
07/10/2017;22:06:00;574;sem vítima;356;BR-262/MG;Oeste;Atropelamento de Animal;1;;;;;;;;;;1;;;;
07/10/2017;22:15:00;576;com vítima;504;BR-153/GO;Sul;Queda de Moto;;;;1;;;;;;;0;1;;;
07/10/2017;23:35:00;605;sem vítima;124;BR-060/GO;Sul;Saida de Pista;1;;;;;;;;;;1;;;;
07/10/2017;23:55:00;613;com vítima;129;BR-060/GO;Sul;Capotamento;1;;;;;;;;;;0;1;;;
08/10/2017;00:05:00;5;sem vítima;97,017;BR-060/GO;Sul;Colisão Lateral;2;;;;;;;;;;2;;;;
08/10/2017;03:08:00;54;com vítima;418;BR-262/MG;Oeste;Capotamento;1;;;;;;;;;;0;1;;;
08/10/2017;04:33:00;82;com vítima;39,13;BR-060/GO;Norte;Choque - Talude;1;;;;;;;;;;0;1;;;
08/10/2017;05:45:00;104;com vítima;797,25;BR-262/MG;Leste;Capotamento;1;;;;;;;;;;2;3;;;
08/10/2017;05:45:00;105;com vítima;507,76;BR-153/GO;Norte;Colisão Frontal;1;;;1;;;;;;;1;1;;;
08/10/2017;12:36:00;298;sem vítima;553;BR-153/GO;Norte;Colisão Traseira;1;;1;;;1;;;;;5;;;;
08/10/2017;13:46:00;332;com vítima;533,9;BR-262/MG;Leste;Colisão Frontal;;;1;1;;;;;;;1;;;;1
08/10/2017;16:20:00;413;com vítima;524;BR-262/MG;Oeste;Colisão Transversal;1;;;1;;;;;;;2;1;;;
08/10/2017;16:22:00;416;com vítima;38,7;BR-060/GO;Norte;Choque - Defensa, barreira ou "submarino";1;;;;;;;;;;0;1;;;
08/10/2017;16:52:00;436;sem vítima;883;BR-262/MG;Oeste;Choque - Defensa, barreira ou "submarino";1;;;;;;;;;;1;;;;
08/10/2017;17:18:00;446;sem vítima;24,858;BR-060/GO;Norte;Saida de Pista;1;;;;;;;;;;3;;;;
08/10/2017;18:34:00;496;com vítima;382;BR-262/MG;Oeste;Choque - Defensa, barreira ou "submarino";;;1;;;;;;;;0;;;1;
08/10/2017;19:19:00;514;com vítima;372;BR-262/MG;Oeste;Queda de Moto;;;;1;;;;;;;0;;1;;
08/10/2017;19:50:00;532;com vítima;452,001;BR-262/MG;Oeste;Tombamento;;;;;;;;;;1;0;1;;;
08/10/2017;22:59:00;606;com vítima;356,208;BR-262/MG;Leste;Atropelamento de Animal;1;;;;;;;;;;0;3;2;;
08/10/2017;23:21:00;614;com vítima;364,347;BR-262/MG;Oeste;Tombamento;;;1;;;;;;;;0;1;;;
09/10/2017;07:25:00;152;sem vítima;58,4;BR-153/MG;Norte;Colisão Lateral;1;;1;;;;;;;;3;;;;
09/10/2017;10:43:00;292;com vítima;491,442;BR-153/GO;Norte;Atropelamento - Outros;;;1;;;;;;;;1;1;;;
09/10/2017;10:48:00;298;sem vítima;4,658;BR-060/DF;Norte;Colisão Traseira;2;;;;;;;;;;2;;;;
09/10/2017;15:14:00;492;sem vítima;674;BR-153/GO;Norte;Choque - Objeto sobre a pista;1;;1;;;;;;;;2;;;;
09/10/2017;17:59:00;601;sem vítima;474;BR-262/MG;Oeste;Engavetamento;3;;;;;;;;;;6;;;;
09/10/2017;19:41:00;663;com vítima;210;BR-153/MG;Norte;Queda de Moto;;;;1;;;;;;;0;1;;;
10/10/2017;07:45:00;153;com vítima;138;BR-060/GO;Norte;Queda de Moto;;;;3;;;;;;;3;1;;;
10/10/2017;08:07:00;165;com vítima;501,301;BR-262/MG;Oeste;Colisão Traseira;1;;1;;;;;;;;1;1;;;
10/10/2017;13:00:00;366;sem vítima;46,5;BR-153/MG;Norte;Colisão Lateral;1;;1;;;;;;;;2;;;;
10/10/2017;14:39:00;421;com vítima;696;BR-153/GO;Sul;Colisão Traseira;;;1;1;;;;;;;1;;1;;
10/10/2017;21:59:00;673;sem vítima;68,4;BR-060/GO;Sul;Atropelamento de Animal;1;;;;;;;;;;1;;;;
11/10/2017;05:27:00;92;sem vítima;527,222;BR-153/GO;Norte;Colisão Traseira;;;2;;;;;;;;2;;;;
11/10/2017;09:04:00;210;sem vítima;365;BR-262/MG;Oeste;Tombamento;1;;1;;;;;;;;2;;;;
11/10/2017;10:32:00;272;com vítima;4,478;BR-060/DF;Sul;Colisão Traseira;;;;1;1;;;;;;1;1;;;
11/10/2017;14:14:00;395;com vítima;662,7;BR-153/GO;Sul;Choque - Elemento de Drenagem;1;;;;;;;;;;0;1;;;
11/10/2017;15:01:00;428;sem vítima;96;BR-060/GO;Sul;Colisão Traseira;1;;1;;;;;;;;2;;;;
11/10/2017;16:31:00;494;sem vítima;471;BR-262/MG;Leste;Colisão Traseira;1;;1;;;;;;;;3;;;;
11/10/2017;16:46:00;501;sem vítima;358;BR-262/MG;Oeste;Choque - Talude;1;;;;;;;;;;1;;;;
11/10/2017;17:40:00;548;com vítima;29;BR-060/GO;Norte;Queda de Moto;;;;1;;;;;;;1;;1;;
11/10/2017;18:13:00;572;com vítima;118;BR-060/GO;Norte;Colisão Lateral;1;;;1;;;;;;;1;1;;;
11/10/2017;18:19:00;575;com vítima;682,299;BR-153/GO;Sul;Colisão Lateral;3;;;;;;;;;;1;2;;;
11/10/2017;22:05:00;700;com vítima;94;BR-060/GO;Norte;Capotamento;1;;;;;;;;;;0;1;;;
11/10/2017;22:16:00;705;sem vítima;505,019;BR-153/GO;Norte;Choque - Defensa, barreira ou "submarino";1;;;;;;;;;;2;;;;
11/10/2017;23:33:00;740;com vítima;49,5;BR-153/MG;Norte;Colisão Lateral;1;;;;;;;;;1;1;2;;;
11/10/2017;23:34:00;741;sem vítima;443,5;BR-262/MG;Leste;Saida de Pista;1;;;;;;;;;;1;;;;
12/10/2017;00:30:00;7;com vítima;103;BR-060/GO;Norte;Queda de Moto;;;;1;;;;;;;0;1;;;
12/10/2017;01:38:00;28;com vítima;89;BR-153/MG;Sul;Capotamento;1;;;;;;;;;;0;3;;;
12/10/2017;06:18:00;120;sem vítima;586;BR-262/MG;Leste;Choque - Suporte de Sinalização;;;;;;;;;;1;1;;;;
12/10/2017;08:05:00;205;sem vítima;663,7;BR-153/GO;Sul;Colisão Traseira;1;;1;;;;;;;;3;;;;
12/10/2017;08:09:00;208;sem vítima;92;BR-060/GO;Norte;Colisão Traseira;2;;;;;;;;;;2;;;;
12/10/2017;08:13:00;211;sem vítima;15,026;BR-153/MG;Norte;Saida de Pista;1;;;;;;;;;;1;;;;
12/10/2017;08:29:00;222;sem vítima;472;BR-262/MG;Oeste;Colisão Traseira;1;;;;;;;;;2;3;;;;
12/10/2017;08:39:00;230;com vítima;47,5;BR-060/GO;Sul;Queda de Moto;;;;1;;;;;;;0;1;;;
12/10/2017;08:52:00;241;com vítima;554,5;BR-262/MG;Leste;Engavetamento;3;;;;;;;;;;8;2;;;
12/10/2017;09:51:00;277;com vítima;107;BR-060/GO;Sul;Engavetamento;1;;2;;;;;;;;5;;1;1;
12/10/2017;11:25:00;330;sem vítima;117,8;BR-060/GO;Sul;Colisão Lateral;2;;;;;;;;;;2;;;;
12/10/2017;11:33:00;332;sem vítima;657;BR-262/MG;Oeste;Capotamento;1;;;;;;;;;;1;;;;
12/10/2017;12:44:00;362;sem vítima;818;BR-262/MG;Leste;Queda de Moto;;;;1;;;;;;;1;;;;
12/10/2017;14:10:00;407;sem vítima;701;BR-262/MG;Oeste;Colisão Traseira;1;;1;;;;;;;;3;;;;
12/10/2017;16:28:00;499;sem vítima;605;BR-262/MG;Leste;Colisão Traseira;;;1;;;;;;;1;5;;;;
12/10/2017;17:35:00;543;com vítima;222,1;BR-153/MG;Sul;Saida de Pista;;;1;;;;;;;;0;1;;;
12/10/2017;21:31:00;675;com vítima;91,8;BR-060/GO;Sul;Queda de Moto;;;;1;;;;;;;0;1;;;
12/10/2017;23:32:00;725;com vítima;237,193;BR-153/MG;Norte;Saida de Pista;;;;;;;;;;1;0;;2;;
13/10/2017;02:35:00;4;com vítima;109,995;BR-153/MG;Norte;Capotamento;2;;;;;;;;;;1;3;;;
13/10/2017;01:06:00;31;sem vítima;362,1;BR-262/MG;Leste;Choque - Defensa, barreira ou "submarino";1;;;;;;;;;;1;;;;
13/10/2017;04:15:00;37;sem vítima;59,629;BR-060/GO;Norte;Atropelamento de Animal;1;;;;;;;;;;1;;;;
13/10/2017;06:39:00;97;sem vítima;92,045;BR-060/GO;Sul;Colisão Traseira;2;;;;;;;;;;2;;;;
13/10/2017;08:58:00;193;sem vítima;59,032;BR-060/GO;Norte;Colisão Lateral;1;;1;;;;;;;;6;;;;
13/10/2017;09:12:00;208;sem vítima;598;BR-153/GO;Norte;Colisão Lateral;2;;;;;;;;;;2;;;;
13/10/2017;10:27:00;275;com vítima;494,28;BR-153/GO;Sul;Queda de Moto;;;;1;;;;;;;1;1;;;
13/10/2017;13:35:00;408;sem vítima;91,259;BR-060/GO;Norte;Choque - Elemento de Drenagem;1;;;;;;;;;;1;;;;
13/10/2017;13:51:00;414;sem vítima;492,311;BR-153/GO;Sul;Colisão Traseira;2;;;;;;;;;;5;;;;
13/10/2017;16:56:00;548;sem vítima;379;BR-262/MG;Oeste;Choque - Elemento de Drenagem;1;;;;;;;;;;1;;;;
13/10/2017;17:06:00;560;com vítima;642,252;BR-153/GO;Norte;Capotamento;;;1;;;;;;;;0;1;;;
13/10/2017;19:15:00;635;sem vítima;73,3;BR-060/GO;Norte;Saida de Pista;;;1;;;;;;;;1;;;;
13/10/2017;19:34:00;646;sem vítima;881,976;BR-262/MG;Leste;Atropelamento de Animal;;;1;;;;;;;;1;;;;
14/10/2017;01:22:00;20;com vítima;490,001;BR-153/GO;Sul;Colisão Traseira;1;;1;;;;;;;;2;1;;;
14/10/2017;09:51:00;207;com vítima;34,711;BR-153/MG;Sul;Capotamento;1;;;;;;;;;;0;3;;;
14/10/2017;15:10:00;423;sem vítima;4,328;BR-060/DF;Norte;Colisão Traseira;2;;;;;;;;;;2;;;;
14/10/2017;16:05:00;461;sem vítima;130,577;BR-060/GO;Sul;Colisão Lateral;1;;1;;;;;;;;5;;;;
14/10/2017;16:56:00;493;com vítima;504,693;BR-153/GO;Norte;Queda de Moto;;;;1;;;;;;;0;1;;;
14/10/2017;18:43:00;571;sem vítima;755;BR-262/MG;Leste;Saida de Pista;1;;;;;;;;;;1;;;;
14/10/2017;21:30:00;646;com vítima;457,001;BR-262/MG;Leste;Colisão Frontal;1;;;1;;;;;;;1;2;;;
14/10/2017;22:47:00;673;sem vítima;93,625;BR-060/GO;Norte;Capotamento;1;;;;;;;;;;2;;;;
14/10/2017;23:09:00;689;com vítima;782,87;BR-262/MG;Leste;Colisão Transversal;1;;1;;;;;;;;0;1;;;1