data;horario;n_da_ocorrencia;tipo_de_ocorrencia;km;trecho;sentido;tipo_de_acidente;automovel;bicicleta;caminhao;moto;onibus;outros;tracao_animal;transporte_de_cargas_especiais;trator_maquinas;utilitarios;ilesos;levemente_feridos;moderadamente_feridos;gravemente_feridos;mortos
15/10/2017;03:03:00;33;com vítima;457,048;BR-262/MG;Leste;Colisão Frontal;2;;;;;;;;;;2;1;;;
15/10/2017;04:56:00;66;sem vítima;226,3;BR-153/MG;Sul;Choque - Suporte de Sinalização;1;;;;;;;;;;5;;;;
15/10/2017;06:13:00;86;sem vítima;693;BR-262/MG;Leste;Saida de Pista;1;;;;;;;;;;1;;;;
15/10/2017;08:25:00;133;com vítima;488;BR-262/MG;Leste;Queda de Moto;;;;1;;;;;;;0;1;;;
15/10/2017;08:33:00;135;sem vítima;658;BR-262/MG;Leste;Saida de Pista;1;;;;;;;;;;4;;;;
15/10/2017;14:30:00;321;sem vítima;3,5;BR-060/GO;Norte;Capotamento;1;;1;;;;;;;;3;;;;
15/10/2017;15:15:00;354;sem vítima;606;BR-153/GO;Norte;Colisão Traseira;2;;;;;;;;;;5;;;;
15/10/2017;16:17:00;418;sem vítima;31;BR-060/DF;Norte;Engavetamento;4;;;;;;;;;;4;;;;
15/10/2017;17:10:00;475;com vítima;4;BR-060/GO;Sul;Queda de Moto;;;;1;;;;;;;0;1;;;
15/10/2017;17:23:00;483;sem vítima;460;BR-262/MG;Leste;Engavetamento;3;;;;;;;;;;12;;;;
15/10/2017;17:51:00;516;com vítima;498;BR-153/GO;Norte;Colisão Lateral;1;;;1;;;;;;;1;1;;;
15/10/2017;19:02:00;569;com vítima;530;BR-153/GO;Sul;Capotamento;1;;;;;;;;;;2;2;;;
15/10/2017;19:40:00;596;com vítima;6,9;BR-060/DF;Norte;Queda de Moto;1;;;1;;;;;;;1;1;;;
15/10/2017;20:06:00;616;com vítima;2,7;BR-153/MG;Norte;Atropelamento - Andarilho;1;;;;;;;;;;1;1;;;
15/10/2017;20:23:00;630;com vítima;98;BR-060/GO;Sul;Capotamento;1;;;;;;;;;;0;1;;;
15/10/2017;21:14:00;657;sem vítima;366;BR-262/MG;Leste;Colisão Traseira;2;;;;;;;;;;5;;;;
15/10/2017;21:56:00;680;sem vítima;623;BR-153/GO;Norte;Colisão Traseira;;;1;;;1;;;;;4;;;;
15/10/2017;22:44:00;699;com vítima;547,9;BR-153/GO;Norte;Choque - Arvore;1;;;;;;;;;;0;2;;;
16/10/2017;05:30:00;87;sem vítima;498;BR-153/GO;Norte;Atropelamento de Animal;1;;;;;;;;;;1;;;;
16/10/2017;07:52:00;137;sem vítima;504;BR-153/GO;Norte;Colisão Traseira;2;;;;;;;;;;2;;;;
16/10/2017;07:56:00;139;com vítima;8,416;BR-060/DF;Norte;Queda de Moto;;;;1;;;;;;;0;1;;;
16/10/2017;13:55:00;348;com vítima;128;BR-060/GO;Sul;Capotamento;1;;1;;;;;;;;1;1;;;
16/10/2017;14:12:00;355;com vítima;695,7;BR-153/GO;Sul;Capotamento;1;;;;;;;;;;0;2;;;
16/10/2017;14:15:00;357;sem vítima;514,193;BR-153/GO;Sul;Colisão Lateral;;;2;;;;;;;;2;;;;
16/10/2017;14:45:00;374;com vítima;632,2;BR-153/GO;Norte;Tombamento;;;;;;;;;;1;0;;;2;
16/10/2017;15:51:00;405;com vítima;244,104;BR-153/MG;Norte;Colisão Transversal;2;;;;;;;;;;1;1;;;
16/10/2017;17:54:00;490;com vítima;11;BR-060/GO;Sul;Atropelamento - Usuário;;;;;;1;;;;;1;1;;;
16/10/2017;19:37:00;572;com vítima;3;BR-153/MG;Sul;Queda de Ciclista;;1;;;;;;;;;0;1;;;
16/10/2017;19:40:00;575;com vítima;75;BR-153/MG;Norte;Saida de Pista;;;1;;;;;;;;0;1;;;
16/10/2017;20:43:00;607;sem vítima;663;BR-153/GO;Norte;Atropelamento de Animal;1;;;;;;;;;;1;;;;
16/10/2017;20:43:00;609;sem vítima;399;BR-262/MG;Leste;Atropelamento de Animal;1;;;;;;;;;;1;;;;
16/10/2017;21:23:00;636;com vítima;405,205;BR-262/MG;Oeste;Choque - Objeto sobre a pista;;;;1;;;;;;;0;1;;;
17/10/2017;02:18:00;40;sem vítima;517;BR-153/GO;Norte;Capotamento;1;;;;;;;;;;1;;;;
17/10/2017;02:49:00;48;com vítima;492;BR-153/GO;Norte;Colisão Traseira;2;;;;;;;;;;0;2;;;
17/10/2017;09:29:00;230;com vítima;119;BR-060/GO;Norte;Colisão Traseira;;;1;;;;;;;1;2;;;1;
17/10/2017;09:30:00;232;sem vítima;514;BR-153/GO;Norte;Colisão Transversal;2;;;;;;;;;;2;;;;
17/10/2017;10:25:00;283;sem vítima;494;BR-153/GO;Sul;Colisão Traseira;1;;;;;;;;;1;2;;;;
17/10/2017;12:08:00;357;sem vítima;119,4;BR-060/GO;Norte;Colisão Traseira;1;;;;;;;;;;1;;;;
17/10/2017;13:27:00;397;com vítima;96,583;BR-060/GO;Sul;Colisão Traseira;;;;1;;1;;;;;1;1;;;
17/10/2017;20:47:00;674;com vítima;567,407;BR-262/MG;Leste;Colisão Transversal;1;;1;;;;;;;;1;2;;;
17/10/2017;23:31:00;752;sem vítima;557,554;BR-153/GO;Norte;Tombamento;;;1;;;;;;;;1;;;;
18/10/2017;05:22:00;81;sem vítima;565,561;BR-262/MG;Oeste;Colisão Frontal;1;;;;;;;;;;1;;;;
18/10/2017;05:53:00;103;sem vítima;388,141;BR-262/MG;Oeste;Choque - Suporte de Sinalização;1;;;;;;;;;;1;;;;
18/10/2017;06:17:00;114;com vítima;514,062;BR-153/GO;Norte;Queda de Moto;;;;1;;;;;;;1;;1;;
18/10/2017;09:55:00;277;com vítima;533,471;BR-262/MG;Leste;Choque - Suporte de Sinalização;;;1;;;;;;;;2;;1;;
18/10/2017;11:38:00;356;sem vítima;512,7;BR-153/GO;Norte;Colisão Traseira;1;;;1;;;;;;;3;;;;
18/10/2017;14:05:00;449;com vítima;363;BR-262/MG;Oeste;Choque - Elemento de Drenagem;1;;;;;;;;;;2;1;;;
18/10/2017;14:24:00;457;com vítima;502,287;BR-153/GO;Norte;Queda de Moto;;;;1;;;;;;;0;1;;;
18/10/2017;17:41:00;598;sem vítima;31,001;BR-060/GO;Norte;Colisão Traseira;1;;;;1;;;;;;3;;;;
18/10/2017;20:27:00;698;com vítima;17;BR-153/MG;Norte;Atropelamento - Ciclista;1;1;;;;;;;;;1;;1;;
18/10/2017;21:21:00;726;sem vítima;613;BR-153/GO;Norte;Colisão Traseira;;;1;1;;;;;;;2;;;;
18/10/2017;22:20:00;751;com vítima;4,683;BR-060/GO;Norte;Capotamento;;;1;;;;;;;;0;;;;1
19/10/2017;00:24:00;6;sem vítima;506,457;BR-153/GO;Norte;Saida de Pista;1;;;;;;;;;;1;;;;
19/10/2017;05:47:00;81;com vítima;683,8;BR-153/GO;Sul;Atropelamento - Usuário;1;;1;;;;;;;;4;;;;1
19/10/2017;07:13:00;104;sem vítima;98,3;BR-153/MG;Sul;Colisão Lateral;1;;;1;;;;;;;2;;;;
19/10/2017;07:34:00;111;sem vítima;552,25;BR-262/MG;Leste;Tombamento;;;1;;;;;;;;1;;;;
19/10/2017;09:52:00;201;sem vítima;501,842;BR-153/GO;Sul;Colisão Lateral;1;;1;;;;;;;;3;;;;
19/10/2017;10:32:00;243;com vítima;591,4;BR-153/GO;Sul;Capotamento;1;;1;;;;;;;;1;1;;;
19/10/2017;12:18:00;302;com vítima;354,776;BR-262/MG;Leste;Colisão Traseira;;;2;;;;;;;1;2;1;;;
19/10/2017;13:47:00;334;sem vítima;76;BR-060/GO;Norte;Tombamento;1;;;;;;;;;1;2;;;;
19/10/2017;16:15:00;425;com vítima;817;BR-262/MG;Oeste;Capotamento;1;;;;;;;;;;0;1;;;
19/10/2017;17:43:00;475;sem vítima;503,5;BR-153/GO;Sul;Colisão Lateral;1;;;1;;;;;;;2;;;;
19/10/2017;18:37:00;511;com vítima;359,403;BR-262/MG;Leste;Colisão Lateral;2;;;;;;;;;;1;1;;;
19/10/2017;21:04:00;586;sem vítima;369,197;BR-262/MG;Leste;Colisão Traseira;1;;1;;;;;;;;2;;;;
19/10/2017;21:18:00;593;com vítima;60,1;BR-060/GO;Sul;Queda de Moto;;;;1;;;;;;;0;2;;;
19/10/2017;23:00:00;641;com vítima;99,777;BR-060/GO;Norte;Colisão Traseira;1;;;1;;;;;;;1;;1;;
20/10/2017;06:15:00;109;sem vítima;424;BR-262/MG;Leste;Capotamento;1;;;;;;;;;;4;;;;
20/10/2017;07:01:00;128;sem vítima;508,05;BR-153/GO;Norte;Colisão Traseira;2;;;;;;;;;;2;;;;
20/10/2017;10:40:00;268;sem vítima;527;BR-153/GO;Sul;Queda de Moto;1;;;1;;;;;;;2;;;;
20/10/2017;11:44:00;296;com vítima;640;BR-262/MG;Leste;Colisão Traseira;2;;;;;;;;;;0;3;;;
20/10/2017;13:03:00;336;com vítima;95;BR-060/GO;Norte;Colisão Traseira;1;;;1;;;;;;;1;1;;;
20/10/2017;14:09:00;377;sem vítima;8,691;BR-060/DF;Sul;Capotamento;1;;;;;;;;;;1;;;;
20/10/2017;16:06:00;451;sem vítima;79;BR-060/GO;Norte;Saida de Pista;1;;;;;;;;;;2;;;;
20/10/2017;16:18:00;466;sem vítima;3;BR-060/GO;Sul;Saida de Pista;1;;;;;;;;;;1;;;;
20/10/2017;17:06:00;491;com vítima;98;BR-060/GO;Sul;Queda de Moto;;;;1;;;;;;;0;1;;;
20/10/2017;17:29:00;511;com vítima;121,5;BR-153/MG;Sul;Tombamento;;;1;;;;;;;;0;;;1;
20/10/2017;19:00:00;577;com vítima;506,12;BR-153/GO;Norte;Colisão Traseira;;;1;1;;;;;;;1;;1;;
20/10/2017;19:46:00;615;com vítima;68;BR-153/MG;Norte;Saida de Pista;1;;;;;;;;;;0;1;;;
20/10/2017;20:18:00;633;com vítima;188;BR-153/MG;Norte;Colisão Traseira;1;;;;1;1;;;;;1;5;;;
20/10/2017;22:01:00;683;sem vítima;506;BR-153/GO;Norte;Colisão Lateral;2;;;;;;;;;;2;;;;
20/10/2017;22:34:00;710;sem vítima;505,046;BR-153/GO;Sul;Colisão Traseira;1;;1;;;;;;;;2;;;;
20/10/2017;23:45:00;734;sem vítima;28;BR-060/GO;Sul;Colisão Traseira;1;;1;;;;;;;;3;;;;
21/10/2017;04:11:00;65;sem vítima;374,4;BR-262/MG;Oeste;Saida de Pista;1;;;;;;;;;;1;;;;
21/10/2017;04:13:00;66;sem vítima;124;BR-060/GO;Sul;Atropelamento de Animal;1;;;;;;;;;;1;;;;
21/10/2017;09:37:00;254;sem vítima;661,2;BR-153/GO;Norte;Colisão Transversal;;;2;;;;;;;;2;;;;
21/10/2017;10:00:00;276;sem vítima;667;BR-262/MG;Oeste;Capotamento;1;;;;;;;;;;1;;;;
21/10/2017;10:03:00;277;sem vítima;357,371;BR-262/MG;Oeste;Choque - Talude;1;;;;;;;;;;1;;;;
21/10/2017;11:40:00;348;sem vítima;3;BR-060/DF;Sul;Capotamento;1;;;;;;;;;;1;;;;
21/10/2017;14:59:00;470;com vítima;103,454;BR-060/GO;Sul;Colisão Lateral;2;;1;;;;;;;;5;;1;;
21/10/2017;16:10:00;520;sem vítima;506,661;BR-153/GO;Sul;Colisão Traseira;2;;;;;;;;;;2;;;;
21/10/2017;17:01:00;549;sem vítima;767,001;BR-262/MG;Oeste;Saida de Pista;1;;;;;;;;;;1;;;;
21/10/2017;17:26:00;579;sem vítima;12,489;BR-060/DF;Sul;Capotamento;1;;;;;;;;;;1;;;;
21/10/2017;19:56:00;658;com vítima;5,5;BR-060/GO;Norte;Choque - Suporte de Sinalização;1;;;;;;;;;;0;1;;;
21/10/2017;21:17:00;692;sem vítima;71,611;BR-060/GO;Sul;Atropelamento de Animal;1;;;;;;;;;;4;;;;
21/10/2017;21:55:00;719;sem vítima;210,1;BR-153/MG;Sul;Choque - Suporte de Sinalização;1;;;;;;;;;;1;;;;
21/10/2017;22:36:00;730;com vítima;443;BR-262/MG;Oeste;Queda de Moto;;;;1;;;;;;;0;1;;;
21/10/2017;23:12:00;742;com vítima;398,564;BR-262/MG;Leste;Queda de Moto;;;;1;;;;;;;1;1;;;
22/10/2017;01:44:00;37;sem vítima;490,001;BR-153/GO;Norte;Choque - Outros;1;;;;;;;;;;2;;;;
22/10/2017;03:13:00;53;com vítima;510,518;BR-153/GO;Sul;Queda de Moto;;;;1;;;;;;;0;1;;;
22/10/2017;05:18:00;84;sem vítima;108,052;BR-153/MG;Sul;Choque - Talude;1;;;;;;;;;;3;;;;
22/10/2017;05:36:00;86;com vítima;372,165;BR-262/MG;Leste;Colisão Transversal;1;;1;;;;;;;;1;2;;;
22/10/2017;07:27:00;119;com vítima;18,517;BR-060/GO;Sul;Queda de Moto;;;;1;;;;;;;0;;1;;
22/10/2017;12:21:00;277;sem vítima;513;BR-153/GO;Sul;Choque - Elemento de Drenagem;1;;;;;;;;;;1;;;;
22/10/2017;14:10:00;323;com vítima;372;BR-262/MG;Leste;Queda de Moto;;;;1;;;;;;;0;1;1;;
22/10/2017;14:34:00;336;sem vítima;521,564;BR-153/GO;Sul;Capotamento;1;;;;;;;;;;4;;;;
22/10/2017;14:40:00;340;sem vítima;383;BR-262/MG;Oeste;Choque - Elemento de Drenagem;;;1;;;;;;;;1;;;;
22/10/2017;15:07:00;359;sem vítima;4,232;BR-060/DF;Norte;Colisão Lateral;1;;;;;;;;;1;5;;;;
22/10/2017;16:35:00;412;sem vítima;591;BR-262/MG;Leste;Capotamento;1;;;;;;;;;;2;;;;
22/10/2017;16:46:00;424;sem vítima;368;BR-262/MG;Leste;Choque - Suporte de Sinalização;1;;;;;;;;;;2;;;;
22/10/2017;16:55:00;434;sem vítima;107,9;BR-060/GO;Norte;Colisão Transversal;1;;1;;;;;;;;4;;;;
22/10/2017;17:22:00;450;com vítima;608;BR-262/MG;Leste;Capotamento;1;;;;;;;;;;2;2;;;
22/10/2017;17:22:00;451;com vítima;132,965;BR-060/GO;Sul;Queda de Moto;;;;1;;;;;;;0;2;;;
22/10/2017;18:13:00;494;sem vítima;553,613;BR-153/GO;Sul;Engavetamento;2;;1;;;;;;;;4;;;;
22/10/2017;20:13:00;552;sem vítima;604,001;BR-262/MG;Oeste;Capotamento;1;;;;;1;;;;;3;;;;
22/10/2017;20:14:00;553;com vítima;109,709;BR-060/GO;Norte;Queda de Moto;;;;1;;;;;;;0;1;;;
22/10/2017;20:42:00;567;com vítima;12,215;BR-153/MG;Norte;Colisão Traseira;;;2;;;;;;;;1;;1;;
22/10/2017;22:12:00;611;sem vítima;68,596;BR-060/GO;Norte;Colisão Traseira;2;;;;;;;;;;4;;;;
22/10/2017;22:44:00;626;com vítima;519;BR-262/MG;Leste;Capotamento;1;;;;;;;;;;0;1;;;
23/10/2017;06:15:00;78;com vítima;58,296;BR-153/MG;Norte;Colisão Lateral;1;;1;;;;;;;;2;1;;;
23/10/2017;07:54:00;118;sem vítima;121,607;BR-060/GO;Norte;Saida de Pista;2;;;;;;;;;;2;;;;
23/10/2017;08:24:00;131;sem vítima;3,002;BR-060/GO;Sul;Queda de Moto;;;;1;;;;;;;1;;;;
23/10/2017;08:57:00;146;sem vítima;509;BR-153/GO;Norte;Colisão Traseira;1;;1;;;;;;;;2;;;;
23/10/2017;09:57:00;184;com vítima;896,5;BR-262/MG;Leste;Colisão Traseira;;;1;;;;;;1;;0;;1;;1
23/10/2017;14:55:00;328;sem vítima;575,541;BR-262/MG;Leste;Tombamento;;;1;;;;;;;;1;;;;
23/10/2017;15:50:00;359;sem vítima;36,178;BR-060/GO;Sul;Capotamento;1;;;;;;;;;;1;;;;
23/10/2017;18:56:00;444;sem vítima;4,309;BR-060/DF;Sul;Colisão Traseira;2;;;;;;;;;;2;;;;
23/10/2017;20:47:00;499;sem vítima;439,35;BR-262/MG;Oeste;Atropelamento de Animal;1;;;;;;;;;;1;;;;
23/10/2017;22:24:00;533;sem vítima;802,3;BR-262/MG;Leste;Capotamento;1;;;;;;;;;;1;;;;
23/10/2017;23:56:00;580;com vítima;12;BR-153/MG;Norte;Choque - Elemento de Drenagem;1;;;;;;;;;;1;;1;;
24/10/2017;02:47:00;39;sem vítima;738,65;BR-262/MG;Oeste;Choque - Arvore;;;1;;;;;;;;1;;;;
24/10/2017;05:40:00;96;com vítima;439;BR-262/MG;Oeste;Atropelamento de Animal;;;;1;;;;;;;0;1;;;
24/10/2017;10:29:00;252;sem vítima;658,963;BR-153/GO;Sul;Colisão Traseira;;;2;;;;;;;;2;;;;
24/10/2017;12:37:00;319;com vítima;627,5;BR-262/MG;Oeste;Tombamento;;;1;;;;;;;;0;;1;;
24/10/2017;13:18:00;338;com vítima;596;BR-262/MG;Oeste;Colisão Lateral;1;;1;;;;;;;;1;1;;;
24/10/2017;15:06:00;391;com vítima;121,4;BR-153/MG;Sul;Colisão Traseira;;;2;;;;;;;;1;2;;;
24/10/2017;16:43:00;431;sem vítima;236;BR-153/MG;Norte;Colisão Traseira;2;;;;;;;;;;4;;;;
24/10/2017;17:09:00;449;com vítima;27;BR-060/GO;Sul;Queda de Moto;;;;1;;;;;;;0;1;;;
24/10/2017;17:16:00;458;sem vítima;46,8;BR-153/MG;Norte;Choque - Objeto sobre a pista;;;1;;;;;;1;;3;;;;
24/10/2017;18:38:00;503;com vítima;104,299;BR-153/MG;Norte;Colisão Traseira;2;;;;;;;;;;0;;3;1;
24/10/2017;20:42:00;562;sem vítima;382,3;BR-262/MG;Oeste;Choque - Elemento de Drenagem;1;;;;;;;;;;1;;;;
24/10/2017;20:42:00;563;com vítima;78,5;BR-153/MG;Sul;Colisão Lateral;;;1;;;;;;;1;0;2;;;
24/10/2017;23:20:00;624;sem vítima;627;BR-153/GO;Norte;Choque - Elemento de Drenagem;1;;;;;;;;;;1;;;;
25/10/2017;01:55:00;23;com vítima;432,125;BR-262/MG;Oeste;Capotamento;1;;;;;;;;;;0;1;;;
25/10/2017;09:12:00;242;sem vítima;562,6;BR-153/GO;Sul;Choque - Veiculo parado no acostamento;1;;1;;;;;;;;2;;;;
25/10/2017;09:25:00;259;com vítima;23,51;BR-060/DF;Norte;Capotamento;2;;;;;;;;;;2;2;;;
25/10/2017;09:31:00;264;sem vítima;578,5;BR-153/GO;Sul;Choque - Outros;;;1;;;;;;;;1;;;;
25/10/2017;10:32:00;323;com vítima;509,761;BR-153/GO;Norte;Queda de Moto;;;;1;;;;;;;0;;1;;
25/10/2017;18:26:00;663;sem vítima;95,289;BR-060/GO;Norte;Colisão Lateral;1;;1;;;;;;;;2;;;;
25/10/2017;19:57:00;722;sem vítima;372,968;BR-262/MG;Leste;Atropelamento de Animal;;;1;;;;;;;;1;;;;
25/10/2017;20:37:00;745;sem vítima;86,98;BR-060/GO;Sul;Atropelamento de Animal;1;;;;;;;;;;1;;;;
26/10/2017;00:53:00;16;com vítima;803,868;BR-262/MG;Leste;Queda de Moto;;;;1;;;;;;;0;1;;;
26/10/2017;07:21:00;139;com vítima;28,281;BR-060/GO;Norte;Choque - Elemento de Drenagem;1;;;;;;;;;;1;;1;;
26/10/2017;11:44:00;390;sem vítima;101,414;BR-060/GO;Sul;Colisão Lateral;1;;;;;;;;;;1;;;;
26/10/2017;14:20:00;521;sem vítima;569,25;BR-262/MG;Oeste;Saida de Pista;1;;;;;;;;;;1;;;;
26/10/2017;16:50:00;638;sem vítima;365,45;BR-262/MG;Leste;Colisão Transversal;1;;1;;;;;;;;2;;;;
26/10/2017;17:19:00;658;sem vítima;514,23;BR-153/GO;Sul;Colisão Transversal;1;;;1;;;;;;;2;;;;
26/10/2017;17:55:00;696;sem vítima;101,149;BR-060/GO;Norte;Colisão Traseira;2;;;;;;;;;;4;;;;
26/10/2017;18:06:00;710;sem vítima;31,7;BR-153/MG;Sul;Choque - Elemento de Drenagem;1;;1;;;;;;;;2;;;;
26/10/2017;18:24:00;726;com vítima;92,005;BR-060/GO;Norte;Engavetamento;4;;;;;;;;;;5;1;;;
27/10/2017;01:54:00;30;com vítima;245,374;BR-153/MG;Norte;Capotamento;1;;;;;;;;;;0;;1;;
27/10/2017;04:51:00;79;sem vítima;112,909;BR-060/GO;Norte;Colisão Traseira;1;;1;;;;;;;;2;;;;
27/10/2017;05:57:00;95;com vítima;555;BR-262/MG;Oeste;Choque - Arvore;;;1;;;;;;;;0;1;;;
27/10/2017;06:27:00;100;com vítima;133,052;BR-153/MG;Sul;Colisão Frontal;;;1;;;;;;;1;0;;1;;1
27/10/2017;07:38:00;125;sem vítima;505;BR-153/GO;Norte;Engavetamento;3;;;;;;;;;;3;;;;
27/10/2017;07:23:00;131;com vítima;504,169;BR-153/GO;Norte;Engavetamento;3;;;;;;;;;;3;1;;;
27/10/2017;08:08:00;150;com vítima;457;BR-262/MG;Leste;Queda de Moto;;;;1;;;;;;;0;1;;;
27/10/2017;09:21:00;199;com vítima;590,342;BR-262/MG;Leste;Engavetamento;2;;;;;;;;;1;2;2;;;
27/10/2017;09:38:00;209;sem vítima;458;BR-262/MG;Leste;Colisão Lateral;2;;;;;;;;;;4;;;;
27/10/2017;10:00:00;225;com vítima;574;BR-262/MG;Leste;Capotamento;;;;;;;;;;1;0;2;;;
27/10/2017;10:53:00;256;com vítima;584;BR-262/MG;Leste;Saida de Pista;1;;;;;;;;;;0;4;;;
27/10/2017;12:44:00;341;sem vítima;539,262;BR-262/MG;Leste;Saida de Pista;1;;;;;;;;;;1;;;;
27/10/2017;13:45:00;368;sem vítima;547;BR-262/MG;Oeste;Choque - Talude;1;;;;;;;;;;1;;;;
27/10/2017;13:46:00;369;sem vítima;388;BR-262/MG;Oeste;Saida de Pista;;;1;;;;;;;;1;;;;
27/10/2017;14:10:00;380;sem vítima;475;BR-262/MG;Oeste;Choque - Objeto sobre a pista;;;1;;;;;;;;1;;;;
27/10/2017;15:09:00;414;sem vítima;8,1;BR-153/MG;Norte;Capotamento;1;;;;;;;;;;2;;;;
27/10/2017;16:04:00;453;sem vítima;45;BR-060/GO;Norte;Choque - Defensa, barreira ou "submarino";1;;;;;;;;;;1;;;;
27/10/2017;16:16:00;456;com vítima;692,6;BR-153/GO;Sul;Queda de Ciclista;;;;1;;;;;;;0;;;1;
27/10/2017;16:26:00;462;com vítima;92,5;BR-060/GO;Norte;Choque - Elemento de Drenagem;1;;;;;;;;;;0;1;;;
27/10/2017;16:36:00;469;sem vítima;498,455;BR-153/GO;Sul;Colisão Traseira;2;;;;;;;;;;2;;;;
27/10/2017;16:48:00;473;sem vítima;423,1;BR-262/MG;Oeste;Capotamento;1;;;;;;;;;;1;;;;
27/10/2017;16:58:00;481;sem vítima;590,177;BR-262/MG;Leste;Colisão Lateral;1;;1;;;;;;;;3;;;;
27/10/2017;17:01:00;483;com vítima;549,45;BR-262/MG;Leste;Colisão Lateral;1;;1;;;;;;;;1;1;;;
27/10/2017;17:02:00;488;com vítima;131;BR-153/MG;Sul;Colisão Traseira;;;3;;;;;;;;2;;1;;
27/10/2017;17:54:00;516;sem vítima;97;BR-060/GO;Norte;Choque - Elemento de Drenagem;1;;;;;;;;;;2;;;;
27/10/2017;18:01:00;519;sem vítima;499,5;BR-153/GO;Sul;Colisão Lateral;1;;1;;;;;;;;2;;;;
27/10/2017;18:36:00;544;sem vítima;504,5;BR-153/GO;Norte;Engavetamento;3;;;;;;;;;;3;;;;
27/10/2017;19:01:00;562;sem vítima;574;BR-262/MG;Leste;Saida de Pista;1;;;;;;;;;;1;;;;
27/10/2017;19:15:00;570;com vítima;505;BR-153/GO;Norte;Colisão Lateral;1;;;1;;;;;;;1;2;;;
27/10/2017;20:12:00;607;sem vítima;212;BR-153/MG;Sul;Choque - Objeto sobre a pista;1;;;;;;;;;;1;;;;
27/10/2017;20:15:00;612;sem vítima;422,8;BR-262/MG;Leste;Colisão Traseira;2;;;;;;;;;;2;;;;
27/10/2017;21:51:00;655;sem vítima;506;BR-153/GO;Sul;Choque - Defensa, barreira ou "submarino";1;;;;;;;;;;1;;;;
27/10/2017;23:08:00;683;com vítima;587,25;BR-262/MG;Leste;Choque - Arvore;;;1;;;;;;;;0;;1;;
28/10/2017;00:34:00;11;sem vítima;507,5;BR-153/GO;Norte;Saida de Pista;1;;;;;;;;;;1;;;;
28/10/2017;02:52:00;54;com vítima;693,399;BR-153/GO;Sul;Capotamento;1;;;;;;;;;;0;;1;;
28/10/2017;04:37:00;90;sem vítima;383;BR-262/MG;Oeste;Choque - Defensa, barreira ou "submarino";;;;;;;;;;1;1;;;;
28/10/2017;07:00:00;134;com vítima;358;BR-262/MG;Leste;Colisão Transversal;1;;;;;;;;;1;0;6;;;
28/10/2017;09:53:00;247;com vítima;382;BR-262/MG;Oeste;Choque - Defensa, barreira ou "submarino";1;;;;;;;;;;0;1;;;
28/10/2017;10:22:00;260;sem vítima;378,6;BR-262/MG;Leste;Choque - Elemento de Drenagem;1;;;;;;;;;;1;;;;
28/10/2017;11:27:00;295;com vítima;421;BR-262/MG;Oeste;Capotamento;1;;;;;;;;;;0;2;;2;
28/10/2017;11:35:00;298;sem vítima;501;BR-153/GO;Norte;Colisão Traseira;2;;;;;;;;;;2;;;;
28/10/2017;14:03:00;370;sem vítima;136;BR-060/GO;Sul;Saida de Pista;1;;;;;;;;;;1;;;;
28/10/2017;14:14:00;377;com vítima;90,5;BR-060/GO;Sul;Atropelamento - Usuário;1;;;;;;;;;;1;1;;;
28/10/2017;15:08:00;402;sem vítima;568,4;BR-262/MG;Leste;Capotamento;;;1;;;;;;;;1;;;;
28/10/2017;15:43:00;430;sem vítima;213,2;BR-153/MG;Norte;Colisão Traseira;;;2;;;;;;;;2;;;;
28/10/2017;19:04:00;538;sem vítima;23,3;BR-153/MG;Sul;Saida de Pista;1;;;;;;;;;;1;;;;
28/10/2017;19:38:00;555;com vítima;537;BR-262/MG;Oeste;Colisão Lateral;1;;1;;;;;;;;1;2;;;
28/10/2017;20:07:00;573;sem vítima;79;BR-060/GO;Norte;Saida de Pista;1;;;;;;;;;;2;;;;
28/10/2017;20:14:00;575;com vítima;92,799;BR-060/GO;Sul;Colisão Lateral;1;;;1;;;;;;;1;1;;;
28/10/2017;22:45:00;635;sem vítima;717,971;BR-262/MG;Oeste;Colisão Traseira;;;2;;;;;;;;2;;;;
28/10/2017;22:51:00;637;com vítima;417,45;BR-262/MG;Oeste;Atropelamento - Andarilho;;;;;1;;;;;;0;12;1;;
29/10/2017;05:19:00;71;sem vítima;630,899;BR-153/GO;Sul;Tombamento;;;1;;;;;;;;1;;;;
29/10/2017;05:26:00;75;sem vítima;1;BR-060/DF;Sul;Choque - Arvore;1;;;;;;;;;;1;;;;
29/10/2017;05:51:00;84;sem vítima;645;BR-262/MG;Leste;Saida de Pista;1;;;;;;;;;;3;;;;
29/10/2017;06:36:00;105;sem vítima;435;BR-262/MG;Oeste;Choque - Arvore;1;;;;;;;;;;1;;;;
29/10/2017;07:22:00;121;sem vítima;30;BR-060/DF;Sul;Choque - Suporte de Sinalização;1;;;;;;;;;;2;;;;
29/10/2017;10:28:00;263;sem vítima;534,4;BR-153/GO;Norte;Capotamento;1;;;;;;;;;;1;;;;
29/10/2017;18:21:00;554;com vítima;3,8;BR-060/GO;Norte;Engavetamento;3;;;;;;;;;;3;1;;;
29/10/2017;20:05:00;605;sem vítima;129,001;BR-060/GO;Sul;Colisão Traseira;1;;;;;1;;;;;4;;;;
29/10/2017;20:46:00;628;com vítima;699,5;BR-262/MG;Oeste;Choque - Arvore;;;;;;;;;;1;0;1;;;
29/10/2017;21:45:00;664;sem vítima;366,001;BR-262/MG;Leste;Choque - Elemento de Drenagem;1;;;;;;;;;;1;;;;
29/10/2017;23:14:00;703;sem vítima;20,1;BR-060/DF;Norte;Capotamento;1;;1;;;;;;;;2;;;;