data;horario;n_da_ocorrencia;tipo_de_ocorrencia;km;trecho;sentido;tipo_de_acidente;automovel;bicicleta;caminhao;moto;onibus;outros;tracao_animal;transporte_de_cargas_especiais;trator_maquinas;utilitarios;ilesos;levemente_feridos;moderadamente_feridos;gravemente_feridos;mortos
30/10/2017;06:12:00;84;sem vítima;3,4;BR-060/DF;Norte;Queda de Moto;;;;1;;;;;;;1;;;;
30/10/2017;07:48:00;128;sem vítima;368;BR-262/MG;Oeste;Capotamento;1;;;;;;;;;;1;;;;
30/10/2017;08:49:00;181;sem vítima;560,7;BR-153/GO;Norte;Tombamento;;;1;;;;;;;;3;;;;
30/10/2017;09:15:00;210;sem vítima;500,5;BR-153/GO;Norte;Colisão Traseira;1;;1;;;;;;;;2;;;;
30/10/2017;09:58:00;248;sem vítima;100,9;BR-060/GO;Norte;Colisão Traseira;2;;;;;;;;;;2;;;;
30/10/2017;10:15:00;265;com vítima;559,3;BR-262/MG;Oeste;Colisão Frontal;;;2;;;;;;;;0;2;;;1
30/10/2017;10:59:00;302;sem vítima;126,3;BR-060/GO;Sul;Choque - Defensa, barreira ou "submarino";1;;;;;;;;;;1;;;;
30/10/2017;14:27:00;454;sem vítima;703,016;BR-153/GO;Sul;Carreta deu L;;;1;;;;;;;;1;;;;
30/10/2017;14:37:00;464;sem vítima;133;BR-060/GO;Sul;Colisão Lateral;;;2;;;;;;;;3;;;;
30/10/2017;15:31:00;501;sem vítima;669,3;BR-153/GO;Sul;Choque - Elemento de Drenagem;;;1;;;;;;;;1;;;;
30/10/2017;16:03:00;528;sem vítima;547,6;BR-262/MG;Oeste;Choque - Elemento de Drenagem;1;;;;;;;;;;1;;;;
30/10/2017;16:34:00;547;com vítima;480,1;BR-262/MG;Leste;Colisão Lateral;1;;1;;;;;;;;2;1;;;
30/10/2017;16:43:00;555;com vítima;589,504;BR-262/MG;Oeste;Capotamento;1;;;;;;;;;;2;3;;;
30/10/2017;16:45:00;559;sem vítima;574,001;BR-262/MG;Leste;Choque - Talude;1;;;;;;;;;;4;;;;
30/10/2017;18:07:00;629;sem vítima;882,473;BR-262/MG;Oeste;Capotamento;1;;;;;;;;;;1;;;;
30/10/2017;18:30:00;649;sem vítima;136;BR-153/MG;Sul;Saida de Pista;;;1;;;;;;;1;3;;;;
30/10/2017;18:51:00;660;sem vítima;15,5;BR-153/MG;Sul;Carreta deu L;;;2;;;;;;;;3;;;;
30/10/2017;19:47:00;692;com vítima;498,17;BR-153/GO;Sul;Atropelamento - Usuário;;;;;;1;;;;;1;1;;;
30/10/2017;21:10:00;730;sem vítima;579,12;BR-153/GO;Sul;Saida de Pista;1;;;;;;;;;;3;;;;
30/10/2017;22:08:00;757;com vítima;506,6;BR-153/GO;Sul;Queda de Moto;;;;1;;;;;;;0;1;;;
30/10/2017;22:08:00;758;sem vítima;455,9;BR-262/MG;Oeste;Capotamento;1;;;;;;;;;;1;;;;
30/10/2017;22:19:00;766;sem vítima;7,675;BR-060/DF;Sul;Saida de Pista;1;;;;;;;;;;1;;;;
31/10/2017;03:48:00;41;sem vítima;465,8;BR-262/MG;Oeste;Capotamento;1;;;;;;;;;;1;;;;
31/10/2017;07:50:00;125;com vítima;548,8;BR-262/MG;Oeste;Tombamento;;;1;;;;;;;;0;1;;;
31/10/2017;08:14:00;151;com vítima;497;BR-153/GO;Sul;Colisão Lateral;;1;1;;;;;;;;1;1;;;
31/10/2017;08:58:00;174;sem vítima;99,448;BR-060/GO;Sul;Tombamento;1;;1;;;;;;;;2;;;;
31/10/2017;11:41:00;276;sem vítima;670;BR-153/GO;Norte;Choque - Elemento de Drenagem;1;;;;;;;;;;2;;;;
31/10/2017;14:01:00;331;sem vítima;688,112;BR-262/MG;Oeste;Capotamento;1;;;;;;;;;;1;;;;
31/10/2017;14:34:00;349;com vítima;800,1;BR-262/MG;Leste;Queda de Moto;;;;1;;;;;;;0;1;;;
31/10/2017;14:35:00;350;sem vítima;97,1;BR-060/GO;Norte;Colisão Traseira;1;;;;;;;;;1;2;;;;
31/10/2017;14:42:00;353;sem vítima;774,2;BR-262/MG;Leste;Colisão Traseira;;;;;1;;;;;1;3;;;;
31/10/2017;16:07:00;404;sem vítima;461;BR-262/MG;Leste;Colisão Traseira;;;2;;;;;;;;2;;;;
31/10/2017;16:45:00;425;sem vítima;702,6;BR-153/GO;Sul;Tombamento;;;1;;;;;;;;1;;;;
31/10/2017;16:58:00;430;sem vítima;24,001;BR-153/MG;Sul;Choque - Suporte de Sinalização;1;;;;;;;;;;5;;;;
31/10/2017;17:07:00;435;sem vítima;219;BR-153/MG;Norte;Saida de Pista;;;1;;;;;;;;1;;;;
31/10/2017;17:32:00;451;sem vítima;525;BR-153/GO;Norte;Choque - Outros;1;;;;;;;;;;1;;;;
31/10/2017;17:40:00;453;com vítima;532,631;BR-153/GO;Norte;Capotamento;1;;;;;;;;;;0;1;;;
31/10/2017;18:44:00;490;sem vítima;538,9;BR-153/GO;Norte;Saida de Pista;1;;;;;1;;;;;2;;;;
31/10/2017;20:03:00;530;sem vítima;115,4;BR-060/GO;Sul;Tombamento;;;;;;;;;;1;1;;;;
31/10/2017;20:21:00;541;sem vítima;69,99;BR-060/GO;Sul;Atropelamento de Animal;;;;;;;;;;1;1;;;;
31/10/2017;23:26:00;630;com vítima;360,777;BR-262/MG;Leste;Choque - Veiculo parado na pista;;;1;;;;;;;1;1;1;;;1
01/11/2017;01:33:00;24;sem vítima;15;BR-060/GO;Sul;Atropelamento de Animal;1;;;;;;;;;;1;;;;
01/11/2017;06:31:00;87;com vítima;0,8;BR-153/MG;Norte;Tombamento;;;1;;;;;;;;0;1;;;
01/11/2017;07:04:00;98;sem vítima;458;BR-262/MG;Oeste;Saida de Pista;1;;;;;;;;;;3;;;;
01/11/2017;07:11:00;100;com vítima;494,43;BR-153/GO;Norte;Engavetamento;4;;;;;;;;;;3;3;;;
01/11/2017;07:30:00;107;com vítima;506;BR-153/GO;Norte;Queda de Moto;;;;1;;;;;;;0;1;;;
01/11/2017;11:44:00;263;sem vítima;389;BR-262/MG;Leste;Colisão Lateral;;;1;;;;;;;2;3;;;;
01/11/2017;12:20:00;290;com vítima;590;BR-262/MG;Leste;Capotamento;1;;;;;;;;;;0;1;;;
01/11/2017;13:45:00;332;sem vítima;547,7;BR-262/MG;Oeste;Choque - Elemento de Drenagem;1;;;;;;;;;;2;;;;
01/11/2017;13:47:00;333;com vítima;381;BR-262/MG;Oeste;Capotamento;1;;;;;;;;;;0;1;;;
01/11/2017;14:01:00;343;com vítima;385;BR-262/MG;Oeste;Capotamento;1;;;;;;;;;;0;1;;;
01/11/2017;14:06:00;346;sem vítima;381,8;BR-262/MG;Oeste;Saida de Pista;1;;;;;;;;;;1;;;;
01/11/2017;14:19:00;353;com vítima;381,8;BR-262/MG;Oeste;Saida de Pista;1;;;;;;;;;;1;1;;;
01/11/2017;14:20:00;356;com vítima;104,2;BR-153/MG;Norte;Capotamento;1;;;;;;;;;;1;1;;;
01/11/2017;17:27:00;473;com vítima;503,699;BR-153/GO;Sul;Engavetamento;;;2;1;;;;;;;2;;;;1
01/11/2017;18:13:00;499;sem vítima;179,3;BR-153/MG;Sul;Choque - Arvore;;;1;;;;;;;;1;;;;
01/11/2017;18:44:00;518;com vítima;48;BR-060/GO;Norte;Tombamento;1;;;;;;;;;;0;1;;;
01/11/2017;21:01:00;597;sem vítima;803;BR-262/MG;Oeste;Colisão Traseira;1;;1;;;;;;;;2;;;;
01/11/2017;23:23:00;660;sem vítima;687,017;BR-262/MG;Oeste;Saida de Pista;;;1;;;;;;;;1;;;;
02/11/2017;01:44:00;42;com vítima;50,8;BR-060/GO;Norte;Choque - Talude;1;;;;;;;;;;0;4;;;
02/11/2017;06:33:00;122;com vítima;662,592;BR-262/MG;Leste;Capotamento;2;;2;;;;;;;;3;;1;;1
02/11/2017;10:01:00;302;com vítima;26,834;BR-060/DF;Sul;Capotamento;1;;;;;;;;;;1;2;;;
02/11/2017;10:30:00;311;sem vítima;554;BR-262/MG;Leste;Colisão Traseira;2;;;;;;;;;;9;;;;
02/11/2017;11:45:00;372;sem vítima;385,468;BR-262/MG;Oeste;Queda de Ciclista;;;;1;;;;;;;1;;;;
02/11/2017;14:33:00;465;sem vítima;483,5;BR-262/MG;Leste;Colisão Traseira;;;2;;;;;;;;2;;;;
02/11/2017;14:36:00;468;sem vítima;29,147;BR-060/DF;Norte;Choque - Elemento de Drenagem;1;;;;;;;;;;3;;;;
02/11/2017;14:54:00;477;sem vítima;99,772;BR-060/GO;Norte;Colisão Traseira;3;;;;;;;;;;6;;;;
02/11/2017;15:25:00;497;sem vítima;507,86;BR-153/GO;Sul;Capotamento;1;;;;;;;;;;1;;;;
02/11/2017;18:10:00;601;sem vítima;75,1;BR-153/MG;Sul;Choque - Defensa, barreira ou "submarino";1;;1;;;;;;;;2;;;;
02/11/2017;18:11:00;603;sem vítima;14,557;BR-060/DF;Norte;Capotamento;1;;;;;;;;;;1;;;;
02/11/2017;18:34:00;614;sem vítima;59,1;BR-153/MG;Norte;Colisão Traseira;;;2;;;;;;;;2;;;;
02/11/2017;18:40:00;616;sem vítima;108,001;BR-153/MG;Norte;Colisão Lateral;1;;;;1;;;;;;2;;;;
02/11/2017;19:35:00;641;com vítima;91,956;BR-060/GO;Norte;Atropelamento - Usuário;1;;;;;;;;;;1;1;;;
02/11/2017;20:52:00;672;sem vítima;374,367;BR-262/MG;Leste;Colisão Lateral;2;;;;;;;;;;3;;;;
02/11/2017;21:34:00;687;com vítima;137,96;BR-060/GO;Norte;Queda de Ciclista;;1;;;;;;;;;0;1;;;
03/11/2017;00:40:00;15;sem vítima;532,039;BR-153/GO;Norte;Choque - Defensa, barreira ou "submarino";1;;;;;;;;;;2;;;;
03/11/2017;07:53:00;137;sem vítima;15,418;BR-060/GO;Sul;Saida de Pista;1;;;;;;;;;;5;;;;
03/11/2017;08:14:00;160;com vítima;501,322;BR-153/GO;Sul;Colisão Lateral;1;;;1;;;;;;;2;;1;;
03/11/2017;08:44:00;180;sem vítima;502;BR-153/GO;Sul;Engavetamento;3;;;;;;;;;;3;;;;
03/11/2017;09:44:00;227;com vítima;494;BR-153/GO;Norte;Queda de Moto;;;;1;;;;;;;0;1;;;
03/11/2017;11:31:00;308;sem vítima;4,35;BR-060/DF;Norte;Capotamento;1;;;;;;;;;;2;;;;
03/11/2017;13:12:00;364;sem vítima;849;BR-262/MG;Leste;Choque - Arvore;1;;;;;;;;;;3;;;;
03/11/2017;14:35:00;420;sem vítima;13,808;BR-060/GO;Norte;Choque - Elemento de Drenagem;1;;;;;;;;;;2;;;;
03/11/2017;15:00:00;439;com vítima;368,9;BR-262/MG;Oeste;Atropelamento - Morador;1;;;;;;;;;;1;;;;1
03/11/2017;15:36:00;465;sem vítima;364;BR-262/MG;Leste;Choque - Elemento de Drenagem;1;;;;;;;;;;1;;;;
03/11/2017;17:30:00;539;sem vítima;107,8;BR-060/GO;Norte;Colisão Lateral;1;;1;;;;;;;;2;;;;
04/11/2017;01:15:00;27;sem vítima;88,446;BR-060/GO;Norte;Choque - Suporte de Sinalização;1;;;;;;;;;;1;;;;
04/11/2017;02:32:00;61;com vítima;188,001;BR-153/MG;Sul;Choque - Suporte de Sinalização;;;1;;;;;;;;0;1;;;
04/11/2017;03:27:00;76;com vítima;426,767;BR-262/MG;Leste;Capotamento;1;;;;;;;;;;0;1;;;
04/11/2017;05:25:00;97;sem vítima;13;BR-060/DF;Sul;Choque - Poste;1;;;;;;;;;;3;;;;
04/11/2017;05:32:00;99;sem vítima;144,699;BR-153/MG;Norte;Saida de Pista;1;;;;;;;;;;1;;;;
04/11/2017;07:42:00;125;com vítima;607,53;BR-262/MG;Leste;Capotamento;;;;;;;;;;1;1;7;2;1;1
04/11/2017;07:42:00;126;sem vítima;664,2;BR-262/MG;Leste;Saida de Pista;;;;;;;;;;1;2;;;;
04/11/2017;08:13:00;140;sem vítima;628,995;BR-153/GO;Norte;Capotamento;;;;;;;;;;1;1;;;;
04/11/2017;08:14:00;141;sem vítima;512,5;BR-153/GO;Norte;Colisão Traseira;1;;1;;;;;;;;3;;;;
04/11/2017;08:51:00;159;com vítima;590;BR-262/MG;Leste;Colisão Frontal;1;;1;;;;;;;;1;2;;;
04/11/2017;09:12:00;168;com vítima;587;BR-262/MG;Oeste;Choque - Arvore;1;;;;;;;;;;1;1;;;
04/11/2017;09:27:00;175;sem vítima;703,2;BR-153/GO;Norte;Colisão Lateral;1;;1;;;;;;;;2;;;;
04/11/2017;11:11:00;226;sem vítima;184,7;BR-153/MG;Sul;Saida de Pista;1;;;;;;;;;;3;;;;
04/11/2017;12:01:00;254;com vítima;543;BR-153/GO;Sul;Queda de Moto;;;;1;;;;;;;1;;1;;
04/11/2017;13:09:00;287;com vítima;477;BR-262/MG;Leste;Choque - Talude;1;;;;;;;;;;1;1;;;
04/11/2017;13:49:00;302;com vítima;557;BR-153/GO;Norte;Tombamento;;;2;;;;;;;;1;1;;;
04/11/2017;15:03:00;341;com vítima;172,35;BR-153/MG;Sul;Colisão Traseira;1;;1;;;;;;;;5;;1;;
04/11/2017;16:10:00;369;com vítima;195,93;BR-153/MG;Sul;Colisão Transversal;1;;;1;;;;;;;1;1;;;
04/11/2017;18:43:00;457;sem vítima;245,001;BR-153/MG;Sul;Colisão Frontal;2;;;;;;;;;;5;;;;
04/11/2017;20:03:00;504;sem vítima;501,101;BR-153/GO;Norte;Colisão Traseira;;;2;;;;;;;;2;;;;
04/11/2017;20:10:00;508;sem vítima;29,055;BR-060/DF;Norte;Choque - Poste;1;;;;;;;;;;1;;;;
04/11/2017;20:54:00;528;sem vítima;693,25;BR-262/MG;Leste;Colisão Traseira;1;;;;;;;;;1;2;;;;
05/11/2017;00:54:00;14;sem vítima;19,8;BR-060/GO;Sul;Choque - Elemento de Drenagem;1;;;;;;;;;;1;;;;
05/11/2017;01:00:00;17;sem vítima;13,599;BR-060/GO;Sul;Choque - Outros;1;;;;;;;;;;2;;;;
05/11/2017;01:41:00;23;sem vítima;598;BR-153/GO;Norte;Choque - Talude;1;;;;;;;;;;1;;;;
05/11/2017;04:29:00;53;com vítima;203,599;BR-153/MG;Norte;Choque - Outros;1;;;;;;;;;;3;1;;;
05/11/2017;05:15:00;56;sem vítima;538;BR-262/MG;Oeste;Queda de Ciclista;;;;1;;;;;;;1;;;;
05/11/2017;06:43:00;72;com vítima;29,103;BR-060/GO;Sul;Choque - Outros;1;;;;;;;;;;0;1;;;
05/11/2017;07:31:00;85;sem vítima;418;BR-262/MG;Oeste;Queda de Moto;;;;1;;;;;;;2;;;;
05/11/2017;07:40:00;89;sem vítima;526,019;BR-153/GO;Norte;Choque - Elemento de Drenagem;;;1;;;;;;;;1;;;;
05/11/2017;11:37:00;225;sem vítima;97;BR-060/GO;Norte;Colisão Traseira;1;;;;;1;;;;;2;;;;
05/11/2017;11:50:00;232;com vítima;130;BR-060/GO;Sul;Choque - Elemento de Drenagem;1;;;;;;;;;;1;2;;;
05/11/2017;13:13:00;262;com vítima;509;BR-262/MG;Oeste;Choque - Talude;1;;;;;;;;;;1;;1;;
05/11/2017;14:20:00;297;com vítima;8,535;BR-060/GO;Norte;Choque - Elemento de Drenagem;1;;;;;;;;;;0;1;;;
05/11/2017;15:10:00;338;com vítima;4;BR-060/DF;Norte;Colisão Transversal;2;;;;;;;;;;2;2;;;
05/11/2017;16:14:00;380;com vítima;424,415;BR-262/MG;Leste;Capotamento;1;;;;;;;;;;0;1;2;;
05/11/2017;19:27:00;491;sem vítima;495,1;BR-153/GO;Sul;Colisão Traseira;1;;;1;;;;;;;6;;;;
05/11/2017;20:20:00;527;com vítima;732,2;BR-262/MG;Leste;Atropelamento de Animal;1;;;;;;;;;;0;3;;;
05/11/2017;20:23:00;531;com vítima;495;BR-153/GO;Norte;Queda de Moto;;;;1;;;;;;;0;1;;;
05/11/2017;21:50:00;561;com vítima;228;BR-153/MG;Sul;Capotamento;1;;;;;;;;;;0;1;;;
05/11/2017;22:17:00;569;sem vítima;439;BR-262/MG;Leste;Capotamento;1;;;;;;;;;;1;;;;
06/11/2017;05:22:00;80;sem vítima;583,2;BR-153/GO;Norte;Atropelamento de Animal;;;1;;;;;;;;1;;;;
06/11/2017;06:23:00;92;sem vítima;60;BR-060/GO;Sul;Colisão Transversal;2;;;;;;;;;;2;;;;
06/11/2017;06:41:00;103;sem vítima;108,981;BR-153/MG;Norte;Colisão Transversal;;;2;;;;;;;;2;;;;
06/11/2017;07:59:00;146;sem vítima;495;BR-153/GO;Sul;Colisão Traseira;2;;;;;;;;;;2;;;;
06/11/2017;10:36:00;286;com vítima;83,5;BR-153/MG;Sul;Tombamento;;;1;;;;;;;;0;;;1;
06/11/2017;14:05:00;439;sem vítima;364,4;BR-262/MG;Oeste;Choque - Suporte de Sinalização;1;;;;;;;;;;1;;;;
06/11/2017;14:44:00;467;com vítima;356,7;BR-262/MG;Oeste;Capotamento;1;;;;;;;;;;0;2;;;
06/11/2017;16:21:00;532;sem vítima;673;BR-262/MG;Leste;Choque - Suporte de Sinalização;1;;;;;;;;;;3;;;;
06/11/2017;22:43:00;739;sem vítima;95,025;BR-060/GO;Norte;Colisão Traseira;1;;1;;;;;;;;2;;;;
07/11/2017;02:13:00;99;sem vítima;496,025;BR-153/GO;Sul;Colisão Traseira;;;2;;;;;;;;2;;;;
07/11/2017;04:31:00;176;sem vítima;656;BR-262/MG;Leste;Saida de Pista;1;;;;;;;;;;1;;;;
07/11/2017;06:55:00;229;sem vítima;509,921;BR-153/GO;Norte;Choque - Outros;1;;;;;;;;;;1;;;;
07/11/2017;06:56:00;231;sem vítima;459,9;BR-262/MG;Leste;Colisão Traseira;1;;1;;;;;;;;2;;;;
07/11/2017;07:51:00;267;sem vítima;501;BR-153/GO;Sul;Engavetamento;4;;;;;;;;;;4;;;;
07/11/2017;08:05:00;284;sem vítima;2,929;BR-060/DF;Norte;Choque - Veiculo parado no acostamento;1;;1;;;;;;;;2;;;;
07/11/2017;09:46:00;391;sem vítima;0,313;BR-060/DF;Norte;Colisão Traseira;;1;;1;;;;;;;2;;;;
07/11/2017;12:27:00;527;sem vítima;705,4;BR-262/MG;Leste;Colisão Traseira;;;2;;;;;;;;2;;;;
07/11/2017;14:28:00;606;sem vítima;490,285;BR-153/GO;Sul;Choque - Arvore;1;;;;;;;;;;1;;;;
07/11/2017;15:26:00;661;sem vítima;46,5;BR-153/MG;Sul;Colisão Traseira;1;;1;;;;;;;;2;;;;
07/11/2017;17:11:00;736;sem vítima;24,8;BR-153/MG;Norte;Capotamento;1;;;;;;;;;;1;;;;
07/11/2017;17:44:00;765;com vítima;59,1;BR-153/MG;Norte;Queda de Moto;;;;1;;;;;;;0;;;1;
07/11/2017;18:01:00;782;com vítima;107,8;BR-060/GO;Sul;Colisão Traseira;;;1;;1;;;;;;2;5;;;
07/11/2017;18:46:00;807;sem vítima;520,001;BR-153/GO;Sul;Saida de Pista;1;;;;;;;;;;1;;;;
07/11/2017;19:09:00;821;sem vítima;46,533;BR-060/GO;Norte;Tombamento;;;1;;1;;;;;;2;;;;
07/11/2017;23:57:00;939;com vítima;13,649;BR-060/GO;Sul;Capotamento;1;;;;;;;;;;1;1;;;
08/11/2017;02:36:00;45;sem vítima;434,767;BR-262/MG;Leste;Atropelamento de Animal;1;;;;;;;;;;2;;;;
08/11/2017;14:55:00;435;com vítima;441,6;BR-262/MG;Oeste;Choque - Defensa, barreira ou "submarino";;;;;;;;;;1;0;1;;;
08/11/2017;18:45:00;577;sem vítima;23,199;BR-060/GO;Norte;Tombamento;;;;;;1;;;;1;2;;;;
08/11/2017;22:49:00;703;com vítima;400;BR-262/MG;Oeste;Colisão Traseira;2;;;;;;;;;;1;1;;;
08/11/2017;23:11:00;712;com vítima;577,35;BR-262/MG;Oeste;Colisão Transversal;;;2;;;;;;;;0;2;;;
09/11/2017;08:28:00;166;sem vítima;495;BR-153/GO;Sul;Colisão Traseira;2;;;;;;;;;;2;;;;
09/11/2017;09:23:00;188;sem vítima;225,3;BR-153/MG;Norte;Colisão Traseira;;;1;;1;;;;;;39;;;;
09/11/2017;15:15:00;380;sem vítima;595;BR-262/MG;Oeste;Saida de Pista;;;1;;;;;;;;1;;;;
09/11/2017;16:21:00;413;sem vítima;541,9;BR-153/GO;Sul;Choque - Elemento de Drenagem;2;;;;;;;;;;2;;;;
09/11/2017;16:42:00;428;sem vítima;607,2;BR-262/MG;Leste;Saida de Pista;1;;;;;;;;;;2;;;;
09/11/2017;18:10:00;471;sem vítima;35;BR-060/GO;Sul;Choque - Talude;1;;;;;;;;;;1;;;;
09/11/2017;18:14:00;475;sem vítima;97,799;BR-060/GO;Norte;Colisão Traseira;1;;;;;1;;;;;2;;;;
09/11/2017;18:28:00;482;sem vítima;548;BR-262/MG;Leste;Choque - Defensa, barreira ou "submarino";;;1;;;;;;;;2;;;;
09/11/2017;20:23:00;553;sem vítima;496;BR-153/GO;Sul;Colisão Lateral;1;;1;;;;;;;;2;;;;
09/11/2017;21:27:00;588;sem vítima;119,98;BR-060/GO;Sul;Saida de Pista;;;1;;;;;;;;1;;;;
09/11/2017;21:55:00;600;com vítima;446;BR-262/MG;Oeste;Colisão Frontal;2;;;;;;;;;;1;;;1;
09/11/2017;23:38:00;638;sem vítima;28,1;BR-060/GO;Norte;Saida de Pista;1;;;;;;;;;;4;;;;
10/11/2017;03:43:00;34;sem vítima;27,6;BR-060/GO;Sul;Colisão Traseira;1;;;;;1;;;;;2;;;;
10/11/2017;08:37:00;156;com vítima;547,152;BR-262/MG;Oeste;Capotamento;1;;;;;;;;;;0;1;;;
10/11/2017;09:34:00;208;sem vítima;545,5;BR-262/MG;Oeste;Capotamento;;;;;;;;;;1;2;;;;
10/11/2017;13:16:00;356;sem vítima;590;BR-262/MG;Oeste;Choque - Suporte de Sinalização;;;;;;;;;;1;1;;;;
10/11/2017;13:38:00;372;sem vítima;590,111;BR-262/MG;Oeste;Choque - Elemento de Drenagem;1;;;;;;;;;;2;;;;
10/11/2017;13:56:00;380;sem vítima;533,518;BR-153/GO;Norte;Colisão Lateral;2;;;;;;;;;;4;;;;
10/11/2017;13:59:00;382;sem vítima;595,344;BR-262/MG;Leste;Tombamento;;;1;;;;;;;;1;;;;
10/11/2017;14:11:00;387;sem vítima;380,5;BR-262/MG;Leste;Choque - Elemento de Drenagem;;;;;;;;;;1;2;;;;
10/11/2017;14:22:00;392;sem vítima;381,8;BR-262/MG;Leste;Choque - Suporte de Sinalização;1;;;;;;;;;;1;;;;
10/11/2017;14:59:00;417;sem vítima;656;BR-262/MG;Leste;Colisão Lateral;1;;1;;;;;;;;2;;;;
10/11/2017;15:02:00;420;com vítima;33,869;BR-060/GO;Norte;Capotamento;1;;;;;;;;;;0;1;;;
10/11/2017;15:13:00;429;sem vítima;481;BR-262/MG;Oeste;Colisão Traseira;;;1;;1;;;;;;2;;;;
10/11/2017;15:19:00;433;com vítima;502,679;BR-153/GO;Norte;Colisão Traseira;1;;1;;;;;;;;1;2;;;
10/11/2017;16:49:00;493;sem vítima;502;BR-153/GO;Sul;Colisão Traseira;2;;;;;;;;;;2;;;;
10/11/2017;16:50:00;495;sem vítima;417,5;BR-262/MG;Leste;Tombamento;;;1;;;;;;;;1;;;;
10/11/2017;16:55:00;498;sem vítima;400;BR-262/MG;Leste;Choque - Talude;1;;;;;;;;;;1;;;;
10/11/2017;18:51:00;567;com vítima;501,41;BR-153/GO;Sul;Engavetamento;2;;;;;1;;;;1;1;4;;;
10/11/2017;19:17:00;584;com vítima;710,082;BR-262/MG;Leste;Colisão Frontal;2;;;;;;;;;;0;;;;3
10/11/2017;19:20:00;587;com vítima;590,37;BR-262/MG;Leste;Saida de Pista;;;;;;;;;;1;1;1;;;
10/11/2017;19:34:00;595;sem vítima;587,061;BR-262/MG;Leste;Colisão Lateral;2;;;;;;;;;;2;;;;
10/11/2017;19:42:00;602;sem vítima;811,127;BR-262/MG;Oeste;Choque - Defensa, barreira ou "submarino";1;;;;;;;;;;1;;;;
10/11/2017;20:16:00;622;sem vítima;18,836;BR-060/GO;Sul;Atropelamento de Animal;1;;;;;;;;;;1;;;;
10/11/2017;20:41:00;629;com vítima;104,1;BR-153/MG;Sul;Capotamento;;;;;;;;;;1;0;1;;;
10/11/2017;21:32:00;646;com vítima;358,092;BR-262/MG;Leste;Colisão Frontal;1;;1;;;;;;;;1;2;;;3
10/11/2017;21:33:00;647;com vítima;441,001;BR-262/MG;Oeste;Colisão Traseira;1;;;1;;;;;;;1;;1;;
10/11/2017;22:27:00;677;com vítima;517,5;BR-153/GO;Norte;Saida de Pista;1;;;;;;;;;;0;1;;;
10/11/2017;19:40:00;681;sem vítima;587,21;BR-262/MG;Leste;Saida de Pista;;;1;;;;;;;;1;;;;
10/11/2017;23:50:00;712;sem vítima;9,352;BR-060/DF;Norte;Saida de Pista;;;1;;;;;;;;1;;;;
10/11/2017;23:57:00;716;com vítima;97,4;BR-060/GO;Norte;Queda de Moto;;;;1;;;;;;;0;1;;;
11/11/2017;02:34:00;49;sem vítima;547;BR-262/MG;Leste;Choque - Talude;1;;;;;;;;;;5;;;;
11/11/2017;02:58:00;53;com vítima;417,414;BR-262/MG;Oeste;Colisão Transversal;2;;;;;;;;;;1;;1;;
11/11/2017;03:30:00;57;sem vítima;89,539;BR-060/GO;Norte;Saida de Pista;1;;;;;;;;;;1;;;;
11/11/2017;05:45:00;76;sem vítima;587;BR-262/MG;Leste;Tombamento;;;;;;;;;;1;1;;;;
11/11/2017;06:15:00;83;sem vítima;100,125;BR-060/GO;Sul;Choque - Veiculo parado no acostamento;2;;;;;;;;;;6;;;;
11/11/2017;06:35:00;92;sem vítima;498,078;BR-153/GO;Norte;Choque - Defensa, barreira ou "submarino";;;1;;;;;;;;1;;;;
11/11/2017;06:36:00;93;com vítima;498,078;BR-153/GO;Norte;Colisão Traseira;1;;;1;;;;;;;2;;1;;
11/11/2017;06:38:00;94;sem vítima;27,593;BR-060/DF;Norte;Capotamento;1;;;;;;;;;;3;;;;
11/11/2017;07:07:00;115;sem vítima;508,704;BR-262/MG;Leste;Choque - Talude;1;;;;;;;;;;1;;;;
11/11/2017;07:51:00;127;com vítima;381,642;BR-262/MG;Oeste;Choque - Suporte de Sinalização;1;;;;;;;;;;0;1;;;
11/11/2017;08:28:00;145;com vítima;89,126;BR-060/GO;Sul;Colisão Traseira;2;;;;;;;;;;5;1;;;
11/11/2017;09:10:00;166;sem vítima;382;BR-262/MG;Oeste;Saida de Pista;1;;;;;;;;;;1;;;;
11/11/2017;10:42:00;219;sem vítima;385,547;BR-262/MG;Leste;Choque - Elemento de Drenagem;1;;;;;;;;;;1;;;;
11/11/2017;11:24:00;253;sem vítima;380,7;BR-262/MG;Leste;Choque - Talude;1;;;;;;;;;;1;;;;
11/11/2017;11:57:00;279;com vítima;385;BR-262/MG;Oeste;Capotamento;1;;;;;;;;;;0;;2;;
11/11/2017;12:30:00;296;sem vítima;442;BR-262/MG;Oeste;Colisão Traseira;2;;;;;;;;;;2;;;;
11/11/2017;13:37:00;343;sem vítima;506,6;BR-153/GO;Sul;Choque - Veiculo parado na pista;1;;;1;;;;;;;2;;;;
11/11/2017;15:02:00;387;sem vítima;802;BR-262/MG;Leste;Engavetamento;2;;;;;1;;;;;3;;;;
11/11/2017;15:10:00;392;com vítima;792,861;BR-262/MG;Leste;Colisão Traseira;2;;;;;;;;;;2;1;;;
11/11/2017;16:56:00;461;com vítima;26,739;BR-060/DF;Norte;Choque - Arvore;;;;;1;;;;;;1;1;;;
11/11/2017;18:17:00;515;sem vítima;59,1;BR-153/MG;Sul;Carreta deu L;;;1;;;;;;;;1;;;;