data;horario;n_da_ocorrencia;tipo_de_ocorrencia;km;trecho;sentido;tipo_de_acidente;automovel;bicicleta;caminhao;moto;onibus;outros;tracao_animal;transporte_de_cargas_especiais;trator_maquinas;utilitarios;ilesos;levemente_feridos;moderadamente_feridos;gravemente_feridos;mortos
11/11/2017;18:19:00;517;sem vítima;507,041;BR-153/GO;Sul;Choque - Defensa, barreira ou "submarino";1;;;;;;;;;;1;;;;
11/11/2017;19:28:00;558;sem vítima;210,1;BR-153/MG;Sul;Saida de Pista;;;2;;;;;;;;2;;;;
11/11/2017;22:28:00;633;sem vítima;718,868;BR-262/MG;Oeste;Saida de Pista;1;;;;;;;;;;1;;;;
11/11/2017;22:29:00;634;com vítima;15,662;BR-060/GO;Norte;Atropelamento - Usuário;;;;;;1;;;;;1;;1;;
11/11/2017;23:34:00;659;sem vítima;85,31;BR-060/GO;Sul;Colisão Traseira;2;;;;;;;;;;6;;;;
12/11/2017;00:17:00;6;com vítima;117,925;BR-060/GO;Sul;Atropelamento - Usuário;1;;;;;1;;;;;2;;;1;
12/11/2017;01:03:00;23;com vítima;108,666;BR-060/GO;Norte;Choque - Defensa, barreira ou "submarino";1;;;;;;;;;;0;2;;;
12/11/2017;01:09:00;24;sem vítima;473,014;BR-262/MG;Oeste;Saida de Pista;1;;;;;;;;;;2;;;;
12/11/2017;06:32:00;103;sem vítima;17,2;BR-153/MG;Sul;Carreta deu L;;;1;;;;;;;;1;;;;
12/11/2017;06:47:00;109;com vítima;354;BR-262/MG;Oeste;Choque - Defensa, barreira ou "submarino";1;;;;;;;;;;0;;;1;
12/11/2017;07:38:00;122;com vítima;507,838;BR-153/GO;Sul;Capotamento;1;;;;;;;;;;0;2;;1;
12/11/2017;10:42:00;214;com vítima;381,8;BR-262/MG;Leste;Queda de Moto;;;;1;;;;;;;0;;;1;
12/11/2017;10:53:00;223;sem vítima;402;BR-262/MG;Oeste;Queda de Moto;;;;1;;;;;;;1;;;;
12/11/2017;15:42:00;350;sem vítima;17,2;BR-153/MG;Norte;Choque - Elemento de Drenagem;1;;;;;;;;;;2;;;;
12/11/2017;18:01:00;421;com vítima;101;BR-060/GO;Norte;Queda de Moto;;;;1;;;;;;;1;1;;;
12/11/2017;19:27:00;480;com vítima;207,138;BR-153/MG;Sul;Queda de Moto;;;;1;;;;;;;0;1;;;
12/11/2017;21:13:00;537;sem vítima;246;BR-153/MG;Sul;Saida de Pista;1;;;;;;;;;;1;;;;
13/11/2017;04:55:00;68;com vítima;490;BR-153/GO;Norte;Colisão Traseira;;1;1;;;;;;;;1;1;;;
13/11/2017;08:44:00;148;com vítima;244,52;BR-153/MG;Sul;Colisão Transversal;;;;1;;;;;;1;0;2;1;;
13/11/2017;09:23:00;181;com vítima;89,7;BR-060/GO;Norte;Queda de Moto;;;;1;;;;;;;0;1;;;
13/11/2017;09:31:00;186;com vítima;692,372;BR-153/GO;Sul;Capotamento;1;;;;;;;;;;0;;;4;1
13/11/2017;12:47:00;313;com vítima;20,8;BR-060/GO;Sul;Choque - Suporte de Sinalização;1;;;;;;;;;;0;1;;;
13/11/2017;15:31:00;418;sem vítima;874,34;BR-262/MG;Leste;Saida de Pista;;;1;;;;;;;;1;;;;
13/11/2017;16:22:00;462;com vítima;13,9;BR-153/MG;Sul;Tombamento;;;;;1;;;;;;1;;3;;
13/11/2017;16:27:00;465;sem vítima;374,5;BR-262/MG;Oeste;Queda de Moto;;;;1;;;;;;;1;;;;
13/11/2017;19:23:00;574;sem vítima;510;BR-153/GO;Norte;Colisão Traseira;1;;1;;;;;;;;3;;;;
13/11/2017;19:56:00;598;sem vítima;496,6;BR-153/GO;Norte;Colisão Transversal;1;;1;;;;;;;;2;;;;
13/11/2017;22:22:00;672;com vítima;700,134;BR-153/GO;Sul;Colisão Traseira;;;2;;;;;;;;1;2;;;
14/11/2017;03:29:00;56;com vítima;540,9;BR-262/MG;Oeste;Capotamento;1;;;;;;;;;;0;2;;;
14/11/2017;06:16:00;99;com vítima;356,1;BR-262/MG;Oeste;Choque - Suporte de Sinalização;1;;;;;;;;;;0;1;;;
14/11/2017;06:24:00;105;com vítima;65,666;BR-060/GO;Sul;Capotamento;1;;;;;;;;;;0;1;;;
14/11/2017;07:08:00;131;com vítima;121,439;BR-060/GO;Norte;Colisão Traseira;1;;;1;;;;;;;0;2;1;;
14/11/2017;08:20:00;179;com vítima;360;BR-262/MG;Oeste;Queda de Moto;;;;1;;;;;;;0;;1;;
14/11/2017;15:29:00;507;com vítima;510,357;BR-153/GO;Sul;Atropelamento - Usuário;;;1;1;;;;;;;2;;;;1
14/11/2017;15:39:00;511;com vítima;112,06;BR-060/GO;Norte;Colisão Traseira;;;2;;;;;;;;2;;;1;
14/11/2017;15:53:00;522;sem vítima;536;BR-262/MG;Leste;Choque - Veiculo parado no acostamento;1;;;;;1;;;;;2;;;;
14/11/2017;16:45:00;560;com vítima;491,09;BR-153/GO;Norte;Colisão Lateral;1;;;1;;;;;;;1;;1;;
14/11/2017;18:40:00;638;com vítima;470,567;BR-262/MG;Leste;Colisão Traseira;2;;;;;;;;;;3;1;;;
14/11/2017;19:02:00;656;sem vítima;2,4;BR-060/DF;Sul;Colisão Lateral;;;1;1;;;;;;;2;;;;
14/11/2017;20:18:00;693;sem vítima;518,173;BR-262/MG;Oeste;Saida de Pista;1;;;;;;;;;;1;;;;
15/11/2017;02:45:00;58;com vítima;28,1;BR-153/MG;Norte;Capotamento;1;;;;;;;;;;0;1;;;
15/11/2017;06:04:00;105;sem vítima;495;BR-153/GO;Sul;Choque - Suporte de Sinalização;1;;;;;;;;;;4;;;;
15/11/2017;06:36:00;128;sem vítima;434;BR-262/MG;Oeste;Choque - Defensa, barreira ou "submarino";1;;;;;;;;;;1;;;;
15/11/2017;14:12:00;399;sem vítima;3;BR-060/GO;Norte;Saida de Pista;1;;;;;;;;;;1;;;;
15/11/2017;16:23:00;487;sem vítima;804;BR-262/MG;Leste;Queda de Moto;1;;;1;;;;;;;2;;;;
15/11/2017;17:13:00;521;sem vítima;76,001;BR-153/MG;Norte;Tombamento;;;1;;;;;;;;1;;;;
15/11/2017;18:20:00;577;sem vítima;16,337;BR-060/GO;Sul;Choque - Elemento de Drenagem;1;;;;;;;;;;1;;;;
16/11/2017;07:15:00;92;sem vítima;513,5;BR-153/GO;Sul;Colisão Traseira;1;;1;;;;;;;;2;;;;
16/11/2017;07:17:00;94;com vítima;432,3;BR-262/MG;Oeste;Capotamento;;;;;;;;;;1;0;3;;;
16/11/2017;07:32:00;101;sem vítima;92,8;BR-060/GO;Sul;Colisão Lateral;2;;;;;;;;;;2;;;;
16/11/2017;08:04:00;112;com vítima;786,5;BR-262/MG;Oeste;Capotamento;1;;;;;;;;;;0;1;;;
16/11/2017;08:40:00;137;com vítima;506,9;BR-153/GO;Sul;Colisão Traseira;1;;;1;;;;;;;2;;1;;
16/11/2017;09:18:00;165;com vítima;94,099;BR-060/GO;Norte;Colisão Traseira;1;;;1;;;;;;;1;1;;;
16/11/2017;09:51:00;191;com vítima;651,4;BR-153/GO;Sul;Capotamento;1;;;;;;;;;;1;2;2;;
16/11/2017;10:05:00;203;com vítima;222;BR-153/MG;Sul;Choque - Arvore;;;1;;;;;;;;0;1;;;
16/11/2017;10:35:00;218;sem vítima;42,539;BR-060/GO;Sul;Choque - Elemento de Drenagem;1;;;;;;;;;;1;;;;
16/11/2017;14:45:00;351;sem vítima;500,8;BR-153/GO;Sul;Engavetamento;3;;;;;;;;;;3;;;;
16/11/2017;18:33:00;473;com vítima;495;BR-153/GO;Norte;Queda de Moto;;;;1;;;;;;;0;1;;;
16/11/2017;23:05:00;631;sem vítima;148,4;BR-153/MG;Norte;Atropelamento de Animal;;;1;;;;;;;;1;;;;
17/11/2017;02:50:00;47;sem vítima;490,5;BR-262/MG;Oeste;Choque - Elemento de Drenagem;1;;;;;;;;;;1;;;;
17/11/2017;07:36:00;126;sem vítima;502,5;BR-153/GO;Norte;Colisão Traseira;2;;;;;;;;;;2;;;;
17/11/2017;08:16:00;149;sem vítima;502,1;BR-153/GO;Norte;Colisão Traseira;2;;;;;;;;;;2;;;;
17/11/2017;08:24:00;156;com vítima;502,1;BR-153/GO;Norte;Colisão Traseira;1;;;1;;;;;;;2;1;;;
17/11/2017;10:03:00;214;com vítima;494;BR-153/GO;Sul;Queda de Moto;;;;1;;;;;;;0;2;;;
17/11/2017;12:44:00;302;sem vítima;100,5;BR-060/GO;Sul;Colisão Traseira;;;2;;;;;;;;2;;;;
17/11/2017;15:28:00;387;com vítima;24,3;BR-060/DF;Norte;Saida de Pista;1;;;;;;;;;;0;1;;;
17/11/2017;15:40:00;396;sem vítima;18,699;BR-060/DF;Norte;Choque - Outros;;;;;;1;;;;;1;;;;
17/11/2017;16:12:00;413;com vítima;24,2;BR-060/GO;Norte;Tombamento;;;;;;;;;;1;0;1;;;
17/11/2017;16:32:00;427;sem vítima;849,1;BR-262/MG;Leste;Tombamento;;;1;;;;;;;;1;;;;
17/11/2017;16:46:00;434;sem vítima;19,9;BR-060/GO;Sul;Colisão Traseira;;;;;;1;;;;1;4;;;;
17/11/2017;17:04:00;442;com vítima;583,3;BR-153/GO;Sul;Queda de Moto;;;;1;;;;;;;0;1;;;
17/11/2017;19:20:00;533;com vítima;595;BR-262/MG;Leste;Capotamento;1;;;;;;;;;;0;1;;;
17/11/2017;19:40:00;547;com vítima;388;BR-262/MG;Oeste;Capotamento;1;;;;;;;;;;0;1;;;
17/11/2017;22:11:00;619;sem vítima;437;BR-262/MG;Leste;Choque - Outros;1;;1;;;;;;;;2;;;;
17/11/2017;22:49:00;638;com vítima;58;BR-153/MG;Norte;Tombamento;;;1;;;;;;;;0;2;;;
17/11/2017;22:51:00;639;com vítima;520,178;BR-262/MG;Leste;Engavetamento;;;4;;;;;;;;3;;1;;
18/11/2017;00:58:00;13;sem vítima;495;BR-153/GO;Sul;Choque - Defensa, barreira ou "submarino";1;;;;;;;;;;1;;;;
18/11/2017;01:27:00;18;com vítima;124,4;BR-153/MG;Sul;Saida de Pista;;;1;;;;;;;;1;;1;;
18/11/2017;02:01:00;26;com vítima;361;BR-262/MG;Leste;Colisão Traseira;1;;1;;;;;;;;1;5;;;
18/11/2017;05:55:00;90;com vítima;499;BR-153/GO;Sul;Queda de Moto;;;;1;;;;;;;0;1;1;;
18/11/2017;06:52:00;118;sem vítima;401,831;BR-262/MG;Oeste;Choque - Talude;1;;;;;;;;;;1;;;;
18/11/2017;06:59:00;125;sem vítima;384;BR-262/MG;Oeste;Choque - Elemento de Drenagem;1;;;;;;;;;;1;;;;
18/11/2017;07:35:00;141;sem vítima;382;BR-262/MG;Oeste;Capotamento;1;;;;;;;;;;1;;;;
18/11/2017;08:06:00;154;sem vítima;380,1;BR-262/MG;Oeste;Choque - Defensa, barreira ou "submarino";1;;;;;;;;;;2;;;;
18/11/2017;08:32:00;169;sem vítima;465;BR-262/MG;Leste;Carreta deu L;;;1;;;;;;;;1;;;;
18/11/2017;14:41:00;379;sem vítima;590;BR-262/MG;Leste;Choque - Defensa, barreira ou "submarino";1;;;;;;;;;;1;;;;
18/11/2017;16:48:00;477;sem vítima;817,5;BR-262/MG;Leste;Choque - Elemento de Drenagem;1;;;;;;;;;;1;;;;
18/11/2017;17:07:00;488;com vítima;700;BR-153/GO;Norte;Queda de Ciclista;;;;1;;;;;;;0;1;;;
18/11/2017;18:42:00;551;com vítima;595,671;BR-262/MG;Oeste;Capotamento;1;;;;;;;;;;0;;1;;
18/11/2017;18:58:00;561;com vítima;93,643;BR-060/GO;Sul;Queda de Moto;;;;1;;;;;;;1;1;;;
18/11/2017;19:13:00;567;sem vítima;382,668;BR-262/MG;Oeste;Choque - Defensa, barreira ou "submarino";1;;;;;;;;;;2;;;;
18/11/2017;21:31:00;616;sem vítima;701;BR-153/GO;Norte;Saida de Pista;1;;;;;;;;;;1;;;;
18/11/2017;22:36:00;640;sem vítima;137,676;BR-060/GO;Sul;Choque - Defensa, barreira ou "submarino";1;;;;;;;;;;3;;;;
19/11/2017;03:41:00;50;sem vítima;549;BR-262/MG;Leste;Choque - Defensa, barreira ou "submarino";1;;;;;;;;;;3;;;;
19/11/2017;04:57:00;71;com vítima;505,322;BR-153/GO;Norte;Colisão Traseira;1;;;1;;;;;;;1;2;;;
19/11/2017;06:00:00;90;com vítima;495;BR-153/GO;Norte;Queda de Moto;;;;1;;;;;;;0;;1;;
19/11/2017;06:18:00;96;sem vítima;495;BR-153/GO;Norte;Colisão Traseira;2;;;;;;;;;;2;;;;
19/11/2017;08:23:00;165;sem vítima;508;BR-153/GO;Sul;Saida de Pista;1;;;;;;;;;;1;;;;
19/11/2017;10:06:00;246;sem vítima;490,826;BR-153/GO;Norte;Colisão Traseira;;;;1;;;;;;;1;;;;
19/11/2017;10:08:00;248;sem vítima;578,95;BR-153/GO;Norte;Choque - Talude;1;;;;;;;;;;2;;;;
19/11/2017;10:43:00;262;com vítima;47,589;BR-060/GO;Sul;Colisão Traseira;;;;1;1;;;;;;1;1;;;
19/11/2017;10:54:00;270;com vítima;592;BR-153/GO;Norte;Colisão Traseira;;;2;;;;;;;;1;1;;;
19/11/2017;11:30:00;289;com vítima;358;BR-262/MG;Leste;Choque - Talude;1;;;;;;;;;;0;2;;;
19/11/2017;11:45:00;295;sem vítima;590;BR-262/MG;Oeste;Choque - Defensa, barreira ou "submarino";;;;;;;;;;1;2;;;;
19/11/2017;12:48:00;332;com vítima;538,8;BR-262/MG;Leste;Colisão Traseira;1;;;;;1;;;;;2;1;;;
19/11/2017;12:52:00;336;sem vítima;632,9;BR-262/MG;Oeste;Tombamento;1;;1;;;;;;;;2;;;;
19/11/2017;13:06:00;347;sem vítima;438;BR-262/MG;Oeste;Colisão Lateral;2;;;;;;;;;;2;;;;
19/11/2017;15:45:00;428;com vítima;534;BR-262/MG;Leste;Capotamento;1;;;;;;;;;;0;2;;;
19/11/2017;16:23:00;452;com vítima;575,001;BR-262/MG;Leste;Capotamento;1;;;;;;;;;;2;2;;;
19/11/2017;16:27:00;455;sem vítima;44,7;BR-153/MG;Norte;Colisão Lateral;1;;1;;;;;;;;3;;;;
19/11/2017;17:06:00;477;com vítima;8,641;BR-060/DF;Norte;Capotamento;1;;;;;;;;;;0;;;;1
19/11/2017;17:28:00;486;sem vítima;11,1;BR-060/DF;Norte;Capotamento;;;;;;;;;;1;1;;;;
19/11/2017;17:53:00;499;sem vítima;360,9;BR-262/MG;Oeste;Capotamento;1;;;;;;;;;;1;;;;
19/11/2017;17:55:00;500;sem vítima;608,001;BR-262/MG;Leste;Choque - Talude;;;1;;;;;;;;2;;;;
19/11/2017;18:29:00;515;sem vítima;384,76;BR-262/MG;Oeste;Capotamento;1;;;;;;;;;;2;;;;
19/11/2017;18:52:00;528;sem vítima;405,1;BR-262/MG;Leste;Saida de Pista;1;;;;;;;;;;2;;;;
19/11/2017;19:04:00;530;sem vítima;61,05;BR-153/MG;Sul;Saida de Pista;;;1;;;;;;;;1;;;;
19/11/2017;20:09:00;569;com vítima;207,1;BR-153/MG;Sul;Capotamento;;;;;;;;;;1;0;3;;;
19/11/2017;20:56:00;588;sem vítima;549,034;BR-262/MG;Leste;Saida de Pista;1;;;;;1;;;;;2;;;;
19/11/2017;21:33:00;600;sem vítima;503,641;BR-262/MG;Leste;Saida de Pista;;;;;1;;;;;;2;;;;
19/11/2017;22:32:00;613;sem vítima;410,314;BR-262/MG;Oeste;Saida de Pista;1;;;;;;;;;;1;;;;
20/11/2017;00:28:00;10;sem vítima;415,24;BR-262/MG;Leste;Choque - Talude;1;;;;;;;;;;3;;;;
20/11/2017;00:37:00;13;com vítima;78,661;BR-060/GO;Norte;Queda de Moto;;;;1;;;;;;;0;;2;;
20/11/2017;01:39:00;27;sem vítima;72,911;BR-060/GO;Norte;Choque - Defensa, barreira ou "submarino";1;;;;;;;;;;1;;;;
20/11/2017;06:43:00;94;sem vítima;547,044;BR-262/MG;Leste;Saida de Pista;1;;;;;;;;;;1;;;;
20/11/2017;07:25:00;111;sem vítima;76,5;BR-153/MG;Norte;Choque - Defensa, barreira ou "submarino";;;1;;;;;;;;1;;;;
20/11/2017;07:28:00;113;sem vítima;393,8;BR-262/MG;Oeste;Saida de Pista;1;;;;;;;;;;1;;;;
20/11/2017;07:39:00;123;sem vítima;372;BR-262/MG;Oeste;Choque - Elemento de Drenagem;1;;;;;;;;;;1;;;;
20/11/2017;13:28:00;290;sem vítima;501,3;BR-153/GO;Sul;Colisão Traseira;2;;;;;;;;;;3;;;;
20/11/2017;15:03:00;338;com vítima;36,9;BR-153/MG;Sul;Capotamento;1;;;;;;;;;;0;1;;;
20/11/2017;16:04:00;377;com vítima;16,3;BR-153/MG;Norte;Saida de Pista;1;;;;;;;;;;0;3;;;
20/11/2017;20:02:00;514;sem vítima;364;BR-262/MG;Leste;Colisão Lateral;1;;1;;;;;;;;2;;;;
20/11/2017;20:15:00;525;sem vítima;364;BR-262/MG;Leste;Colisão Traseira;;;2;;;;;;;;2;;;;
20/11/2017;20:37:00;532;com vítima;9,99;BR-060/DF;Sul;Choque - Objeto sobre a pista;;;;1;;;;;;;1;1;;;
20/11/2017;22:31:00;569;sem vítima;1,873;BR-153/MG;Sul;Tombamento;;;1;;;;;;;;1;;;;
21/11/2017;01:15:00;20;com vítima;483,4;BR-262/MG;Leste;Colisão Traseira;;;2;;;;;;;;1;1;;;
21/11/2017;05:27:00;68;com vítima;427,3;BR-262/MG;Leste;Colisão Traseira;;;2;;;;;;;;1;;1;;
21/11/2017;05:39:00;71;sem vítima;431;BR-262/MG;Leste;Choque - Suporte de Sinalização;1;;;;;;;;;;1;;;;
21/11/2017;07:43:00;118;sem vítima;549;BR-262/MG;Oeste;Choque - Defensa, barreira ou "submarino";1;;;;;;;;;;1;;;;
21/11/2017;08:08:00;128;sem vítima;58;BR-153/MG;Norte;Tombamento;;;1;;;;;;;;1;;;;
21/11/2017;08:23:00;138;com vítima;500,012;BR-153/GO;Sul;Colisão Traseira;1;;;1;;;;;;;1;1;;;
21/11/2017;08:30:00;140;sem vítima;400;BR-262/MG;Leste;Colisão Traseira;1;;1;;;;;;;;2;;;;
21/11/2017;09:21:00;163;sem vítima;388;BR-262/MG;Leste;Choque - Suporte de Sinalização;1;;;;;;;;;;1;;;;
21/11/2017;09:24:00;168;com vítima;382;BR-262/MG;Leste;Capotamento;1;;;;;;;;;;2;1;;;
21/11/2017;11:14:00;216;com vítima;585,002;BR-153/GO;Sul;Queda de Moto;;;;1;;;;;;;0;1;;;
21/11/2017;11:47:00;234;sem vítima;403;BR-262/MG;Leste;Choque - Talude;1;;;;;;;;;;1;;;;
21/11/2017;11:58:00;239;com vítima;499;BR-153/GO;Norte;Queda de Moto;;;;1;;;;;;;0;1;;;
21/11/2017;12:21:00;249;com vítima;574;BR-262/MG;Leste;Capotamento;1;;;;;;;;;;0;2;;;
21/11/2017;12:47:00;256;sem vítima;101,212;BR-060/GO;Norte;Colisão Traseira;1;;1;;;;;;;;2;;;;
21/11/2017;14:26:00;303;sem vítima;380;BR-262/MG;Oeste;Choque - Outros;1;;;;;;;;;;1;;;;
21/11/2017;14:30:00;306;sem vítima;549;BR-262/MG;Leste;Choque - Defensa, barreira ou "submarino";1;;;;;;;;;;1;;;;
21/11/2017;15:04:00;324;com vítima;4,3;BR-060/DF;Norte;Atropelamento de Animal;;;;1;;;;;;;0;1;;;
21/11/2017;16:02:00;353;com vítima;47;BR-060/GO;Norte;Saida de Pista;1;;;;;;;;;;0;1;;;
21/11/2017;17:28:00;390;sem vítima;24;BR-153/MG;Sul;Saida de Pista;1;;;;;;;;;;1;;;;
21/11/2017;17:29:00;391;com vítima;75;BR-060/GO;Norte;Capotamento;1;;;;;;;;;;0;1;;;
21/11/2017;17:51:00;406;com vítima;594,25;BR-262/MG;Leste;Colisão Transversal;;;1;;;;;;;1;0;1;;;1
21/11/2017;17:59:00;412;sem vítima;48;BR-060/GO;Sul;Choque - Defensa, barreira ou "submarino";1;;;;;;;;;;2;;;;
21/11/2017;18:13:00;417;sem vítima;594,1;BR-262/MG;Leste;Capotamento;1;;;;;;;;;;1;;;;
21/11/2017;19:15:00;441;sem vítima;56,5;BR-060/GO;Sul;Choque - Defensa, barreira ou "submarino";1;;;;;;;;;;1;;;;
21/11/2017;20:19:00;468;sem vítima;2;BR-153/MG;Sul;Colisão Lateral;1;;1;;;;;;;;2;;;;
21/11/2017;20:34:00;477;sem vítima;96,5;BR-060/GO;Sul;Saida de Pista;1;;;;;;;;;;1;;;;
21/11/2017;21:47:00;500;sem vítima;630,3;BR-153/GO;Sul;Colisão Traseira;;;2;;;;;;;;2;;;;
22/11/2017;00:26:00;7;sem vítima;509;BR-153/GO;Sul;Choque - Outros;1;;;;;;;;;;2;;;;
22/11/2017;02:38:00;29;com vítima;497,501;BR-153/GO;Norte;Choque - Poste;;;1;;;;;;;;0;1;;;
22/11/2017;02:58:00;32;sem vítima;497;BR-153/GO;Norte;Choque - Poste;1;;;;;;;;;;1;;;;
22/11/2017;03:14:00;35;com vítima;497;BR-153/GO;Sul;Queda de Moto;;;;1;;;;;;;0;1;;;
22/11/2017;03:32:00;42;sem vítima;497,2;BR-153/GO;Norte;Choque - Poste;1;;;;;;;;;;1;;;;
22/11/2017;03:34:00;44;sem vítima;605;BR-262/MG;Leste;Saida de Pista;;;1;;;;;;;;1;;;;
22/11/2017;03:08:00;55;sem vítima;497,501;BR-153/GO;Norte;Carreta deu L;;;1;;;;;;;;1;;;;
22/11/2017;05:22:00;67;sem vítima;882;BR-262/MG;Oeste;Saida de Pista;;;;;;;;;;1;1;;;;
22/11/2017;05:32:00;70;sem vítima;497;BR-153/GO;Sul;Colisão Traseira;1;;1;;;;;;;;2;;;;
22/11/2017;05:36:00;73;com vítima;8;BR-153/MG;Sul;Capotamento;;;;;;;;;;1;0;2;;;
22/11/2017;05:37:00;75;sem vítima;497;BR-153/GO;Sul;Colisão Traseira;1;;;;;1;;;;;2;;;;
22/11/2017;08:00:00;125;com vítima;79,5;BR-060/GO;Sul;Queda de Moto;;;;1;;;;;;;0;1;;;
22/11/2017;08:08:00;136;sem vítima;108;BR-153/MG;Norte;Saida de Pista;1;;;;;;;;;;1;;;;
22/11/2017;11:20:00;285;sem vítima;553;BR-262/MG;Leste;Colisão Lateral;;;2;;;;;;;;2;;;;
22/11/2017;12:23:00;326;sem vítima;57,4;BR-153/MG;Sul;Colisão Traseira;2;;1;;;;;;;;6;;;;
22/11/2017;13:54:00;367;sem vítima;503,405;BR-153/GO;Sul;Colisão Traseira;2;;1;;;;;;;;3;;;;
22/11/2017;15:06:00;406;sem vítima;622;BR-262/MG;Leste;Capotamento;1;;;;;;;;;;1;;;;
22/11/2017;15:22:00;424;sem vítima;607;BR-262/MG;Leste;Saida de Pista;;;;;;;;;;2;2;;;;
22/11/2017;16:28:00;461;com vítima;385;BR-262/MG;Oeste;Capotamento;1;;;;;;;;;;0;1;;;
22/11/2017;16:36:00;466;sem vítima;664;BR-153/GO;Sul;Choque - Elemento de Drenagem;1;;;;;;;;;;2;;;;
22/11/2017;17:43:00;501;com vítima;442;BR-262/MG;Leste;Capotamento;1;;;;;;;;;;0;1;;;
22/11/2017;17:46:00;503;sem vítima;501,427;BR-153/GO;Sul;Engavetamento;4;;;;;;;;;;5;;;;
22/11/2017;18:11:00;520;sem vítima;617,9;BR-153/GO;Norte;Saida de Pista;;;;;;;;;;1;1;;;;
22/11/2017;18:14:00;521;com vítima;531;BR-262/MG;Leste;Colisão Traseira;1;;1;;;;;;;;1;1;;;
22/11/2017;20:41:00;581;sem vítima;359,269;BR-262/MG;Oeste;Queda de Moto;;;;1;;;;;;;1;;;;
23/11/2017;00:21:00;12;com vítima;23,948;BR-060/GO;Norte;Colisão Frontal;1;;;1;;;;;;;2;;;;1
23/11/2017;01:56:00;43;sem vítima;57,346;BR-060/GO;Sul;Capotamento;1;;;;;;;;;;2;;;;
23/11/2017;04:56:00;88;com vítima;23,5;BR-153/MG;Norte;Capotamento;1;;;;;;;;;;2;;1;;
23/11/2017;08:17:00;163;sem vítima;442;BR-262/MG;Oeste;Choque - Arvore;1;;;;;;;;;;1;;;;
23/11/2017;08:42:00;191;sem vítima;382;BR-262/MG;Leste;Choque - Defensa, barreira ou "submarino";1;;;;;;;;;;1;;;;
23/11/2017;08:44:00;193;sem vítima;28,947;BR-060/DF;Norte;Choque - Talude;1;;;;;;;;;;1;;;;
23/11/2017;08:56:00;202;com vítima;388;BR-262/MG;Oeste;Choque - Elemento de Drenagem;1;;;;;;;;;;0;;1;;
23/11/2017;09:48:00;263;sem vítima;369;BR-262/MG;Leste;Choque - Defensa, barreira ou "submarino";1;;;;;;;;;;1;;;;
23/11/2017;10:32:00;293;com vítima;14,577;BR-060/DF;Sul;Capotamento;1;;;;;;;;;;0;1;;;
23/11/2017;11:20:00;322;com vítima;593;BR-153/GO;Norte;Capotamento;1;;;;;;;;;;0;3;;;
23/11/2017;13:55:00;436;com vítima;97,125;BR-060/GO;Norte;Capotamento;1;;;;;;;;;;0;1;;;
23/11/2017;14:03:00;443;sem vítima;0,8;BR-153/MG;Sul;Colisão Transversal;;;1;;;;;;;1;5;;;;
23/11/2017;14:17:00;450;sem vítima;783,8;BR-262/MG;Leste;Choque - Outros;1;;;;;;;;;;1;;;;
23/11/2017;18:54:00;618;sem vítima;759,272;BR-262/MG;Oeste;Colisão Traseira;;;2;;;;;;;;2;;;;
23/11/2017;21:14:00;687;sem vítima;506,021;BR-153/GO;Norte;Colisão Traseira;2;;;;;;;;;;2;;;;
23/11/2017;21:36:00;698;sem vítima;71;BR-153/MG;Norte;Saida de Pista;1;;;;;;;;;;1;;;;
23/11/2017;23:14:00;737;sem vítima;738,162;BR-262/MG;Leste;Saida de Pista;;;1;;;;;;;;1;;;;
24/11/2017;07:48:00;155;com vítima;500,014;BR-153/GO;Sul;Colisão Traseira;1;;;1;;;;;;;1;1;;;
24/11/2017;13:20:00;374;sem vítima;497,5;BR-153/GO;Norte;Engavetamento;3;;;;;;;;;;3;;;;
24/11/2017;14:24:00;411;com vítima;617,8;BR-262/MG;Leste;Tombamento;;;1;;;;;;;;0;1;;;
24/11/2017;16:38:00;479;sem vítima;498,2;BR-153/GO;Sul;Colisão Traseira;2;;;;;;;;;;2;;;;
24/11/2017;16:49:00;485;sem vítima;491;BR-153/GO;Sul;Colisão Traseira;2;;;;;;;;;;2;;;;
24/11/2017;17:20:00;506;sem vítima;30;BR-060/DF;Norte;Tombamento;;;1;;;;;;;;1;;;;
24/11/2017;17:23:00;508;sem vítima;676,5;BR-262/MG;Oeste;Choque - Talude;1;;;;;;;;;;1;;;;
24/11/2017;17:37:00;514;sem vítima;505;BR-153/GO;Sul;Colisão Lateral;1;;1;;;;;;;;2;;;;
24/11/2017;18:18:00;541;com vítima;32;BR-060/GO;Norte;Queda de Ciclista;;1;;;;;;;;;0;1;;;
25/11/2017;00:19:00;12;com vítima;519,3;BR-153/GO;Sul;Capotamento;1;;;;;;;;;;0;1;;1;
25/11/2017;03:35:00;63;com vítima;505,1;BR-153/GO;Norte;Queda de Moto;;;;1;;;;;;;0;1;;;
25/11/2017;06:56:00;178;com vítima;129,3;BR-060/GO;Sul;Colisão Traseira;1;;;1;;;;;;;0;1;;1;
25/11/2017;07:38:00;198;com vítima;508;BR-153/GO;Norte;Colisão Traseira;1;;;1;;;;;;;1;;1;;
25/11/2017;11:09:00;356;sem vítima;135,153;BR-060/GO;Norte;Colisão Traseira;1;;1;;;;;;;;2;;;;
25/11/2017;11:18:00;363;sem vítima;502,949;BR-153/GO;Sul;Choque - Defensa, barreira ou "submarino";1;;;;;;;;;;1;;;;
25/11/2017;13:39:00;442;com vítima;495,59;BR-153/GO;Norte;Queda de Moto;;;;1;;;;;;;0;1;;;