data;horario;n_da_ocorrencia;tipo_de_ocorrencia;km;trecho;sentido;tipo_de_acidente;automovel;bicicleta;caminhao;moto;onibus;outros;tracao_animal;transporte_de_cargas_especiais;trator_maquinas;utilitarios;ilesos;levemente_feridos;moderadamente_feridos;gravemente_feridos;mortos
25/11/2017;14:06:00;451;sem vítima;496;BR-153/GO;Sul;Colisão Traseira;1;;1;;;;;;;;2;;;;
25/11/2017;17:36:00;571;sem vítima;583,7;BR-153/GO;Norte;Saida de Pista;;;1;;;;;;;;1;;;;
25/11/2017;18:13:00;589;sem vítima;804,3;BR-262/MG;Leste;Colisão Traseira;3;;;;;;;;;;3;;;;
25/11/2017;19:25:00;625;sem vítima;120,2;BR-060/GO;Sul;Saida de Pista;1;;;;;;;;;;1;;;;
25/11/2017;20:01:00;644;com vítima;101,2;BR-060/GO;Sul;Colisão Traseira;1;;;1;;;;;;;1;1;;;
25/11/2017;20:11:00;646;com vítima;630;BR-153/GO;Norte;Queda de Moto;;;;1;;;;;;;0;1;;;
25/11/2017;20:38:00;661;sem vítima;503,199;BR-153/GO;Sul;Saida de Pista;1;;;;;;;;;;1;;;;
25/11/2017;20:49:00;665;com vítima;509,8;BR-153/GO;Sul;Colisão Lateral;1;;1;;;;;;;;2;1;;;
26/11/2017;05:56:00;100;com vítima;511,122;BR-153/GO;Sul;Queda de Moto;;;;1;;;;;;;0;;1;;
26/11/2017;06:30:00;110;sem vítima;10,164;BR-060/GO;Norte;Choque - Elemento de Drenagem;1;;;;;;;;;;1;;;;
26/11/2017;07:11:00;123;sem vítima;380;BR-262/MG;Leste;Capotamento;1;;;;;;;;;;1;;;;
26/11/2017;07:16:00;125;com vítima;27,311;BR-060/DF;Norte;Capotamento;;;;;;;;;;1;0;;2;;
26/11/2017;07:29:00;131;sem vítima;675;BR-262/MG;Oeste;Capotamento;1;;;;;;;;;;1;;;;
26/11/2017;10:44:00;256;sem vítima;546,2;BR-153/GO;Sul;Saida de Pista;1;;;;;;;;;;1;;;;
26/11/2017;11:03:00;271;com vítima;42,287;BR-153/MG;Sul;Tombamento;;;1;;;;;;;;2;1;;;
26/11/2017;11:22:00;277;sem vítima;9,698;BR-060/DF;Norte;Choque - Suporte de Sinalização;1;;;;;;;;;;1;;;;
26/11/2017;11:39:00;284;sem vítima;57,001;BR-153/MG;Sul;Carreta deu L;;;1;;;;;;;;1;;;;
26/11/2017;11:46:00;289;sem vítima;150;BR-153/MG;Norte;Saida de Pista;1;;;;;;;;;;4;;;;
26/11/2017;14:29:00;349;com vítima;532;BR-153/GO;Sul;Choque - Suporte de Sinalização;1;;;;;;;;;;1;1;;;
26/11/2017;16:27:00;425;sem vítima;358;BR-262/MG;Leste;Choque - Talude;1;;;;;;;;;;1;;;;
26/11/2017;16:56:00;445;com vítima;561,5;BR-153/GO;Norte;Queda de Moto;;;;1;;;;;;;0;1;;;
26/11/2017;17:07:00;451;sem vítima;165,5;BR-153/MG;Norte;Choque - Outros;1;;;;;;;;;;2;;;;
26/11/2017;17:58:00;487;sem vítima;355,567;BR-262/MG;Leste;Queda de Moto;;;;1;;;;;;;2;;;;
26/11/2017;18:45:00;514;com vítima;546,788;BR-262/MG;Leste;Tombamento;;;1;;;;;;;;0;1;;;
26/11/2017;19:57:00;552;sem vítima;115,778;BR-060/GO;Sul;Saida de Pista;1;;;;;;;;;;1;;;;
26/11/2017;20:03:00;557;sem vítima;429;BR-262/MG;Leste;Saida de Pista;1;;;;;;;;;;3;;;;
26/11/2017;20:06:00;559;sem vítima;16,906;BR-060/GO;Sul;Colisão Traseira;1;;;;;1;;;;;2;;;;
26/11/2017;21:28:00;588;sem vítima;536,01;BR-153/GO;Sul;Colisão Lateral;2;;;;;;;;;;2;;;;
26/11/2017;21:44:00;591;sem vítima;508,9;BR-153/GO;Sul;Colisão Traseira;1;;;1;;;;;;;2;;;;
26/11/2017;23:17:00;630;com vítima;547,298;BR-262/MG;Leste;Tombamento;;;2;;;;;;;;1;1;;;
27/11/2017;01:09:00;20;sem vítima;238,8;BR-153/MG;Sul;Capotamento;1;;;;;;;;;;1;;;;
27/11/2017;02:01:00;34;com vítima;698,8;BR-153/GO;Sul;Choque - Defensa, barreira ou "submarino";;;;1;;;;;;;0;1;;;
27/11/2017;02:46:00;45;sem vítima;702;BR-153/GO;Sul;Saida de Pista;1;;;;;;;;;;1;;;;
27/11/2017;06:51:00;99;sem vítima;382;BR-262/MG;Oeste;Choque - Defensa, barreira ou "submarino";1;;;;;;;;;;3;;;;
27/11/2017;07:10:00;108;com vítima;508,428;BR-153/GO;Norte;Colisão Traseira;;;;1;;;;;;;2;;1;;
27/11/2017;07:35:00;122;com vítima;494;BR-153/GO;Sul;Colisão Traseira;1;;;1;;;;;;;1;1;;;
27/11/2017;09:03:00;200;sem vítima;502;BR-153/GO;Norte;Colisão Traseira;2;;;;;;;;;;2;;;;
27/11/2017;09:03:00;201;sem vítima;514;BR-153/GO;Norte;Colisão Traseira;1;;;;;;;;;1;2;;;;
27/11/2017;11:22:00;361;com vítima;693,001;BR-153/GO;Sul;Colisão Traseira;1;;;1;;;;;;;2;;1;;
27/11/2017;12:14:00;397;com vítima;519,6;BR-153/GO;Norte;Tombamento;;;1;;;;;;;;0;1;;;
27/11/2017;13:35:00;446;sem vítima;20,3;BR-060/GO;Norte;Colisão Lateral;1;;;;;;;;;1;3;;;;
27/11/2017;13:45:00;455;sem vítima;102;BR-060/GO;Sul;Choque - Suporte de Sinalização;1;;;;;;;;;;1;;;;
27/11/2017;14:07:00;472;sem vítima;508;BR-153/GO;Norte;Colisão Traseira;2;;;;;;;;;;2;;;;
27/11/2017;14:07:00;473;sem vítima;508;BR-153/GO;Norte;Colisão Traseira;2;;;;;;;;;;2;;;;
27/11/2017;17:19:00;629;com vítima;513,001;BR-153/GO;Sul;Colisão Lateral;1;;;1;;;;;;;2;1;;;
27/11/2017;17:22:00;631;sem vítima;503,8;BR-153/GO;Sul;Colisão Traseira;;;1;;;;;;;;1;;;;
27/11/2017;20:40:00;735;com vítima;818;BR-262/MG;Oeste;Choque - Defensa, barreira ou "submarino";1;;;;;;;;;;0;;1;;
27/11/2017;22:09:00;770;sem vítima;801,266;BR-262/MG;Oeste;Saida de Pista;1;;;;;;;;;;2;;;;
27/11/2017;23:24:00;792;com vítima;502,199;BR-153/GO;Sul;Queda de Moto;;;;1;;;;;;;1;1;;;
28/11/2017;08:01:00;106;com vítima;496;BR-153/GO;Sul;Queda de Moto;;;1;1;;;;;;;1;;;1;
28/11/2017;09:40:00;189;sem vítima;493,001;BR-153/GO;Norte;Choque - Defensa, barreira ou "submarino";1;;;;;;;;;;2;;;;
28/11/2017;13:44:00;368;sem vítima;83;BR-060/GO;Norte;Choque - Suporte de Sinalização;1;;;;;;;;;;2;;;;
28/11/2017;13:53:00;377;com vítima;381,867;BR-262/MG;Oeste;Colisão Traseira;1;;;;;;;;;;0;1;;;
28/11/2017;14:31:00;407;sem vítima;516;BR-153/GO;Sul;Saida de Pista;1;;;;;;;;;;1;;;;
28/11/2017;15:32:00;444;sem vítima;126;BR-060/GO;Norte;Choque - Veiculo parado no acostamento;;;2;;;;;;;;2;;;;
28/11/2017;15:32:00;445;sem vítima;589,445;BR-262/MG;Oeste;Capotamento;1;;;;;;;;;;2;;;;
28/11/2017;15:40:00;449;com vítima;62;BR-060/GO;Norte;Capotamento;1;;;;;;;;;;0;1;;;
28/11/2017;15:41:00;451;sem vítima;107;BR-060/GO;Norte;Colisão Traseira;1;;1;;;;;;;;2;;;;
28/11/2017;17:45:00;558;sem vítima;502,8;BR-153/GO;Sul;Colisão Traseira;2;;;;;;;;;;2;;;;
28/11/2017;18:47:00;597;com vítima;429,85;BR-262/MG;Leste;Queda de Ciclista;;;;1;;;;;;;0;2;;;
28/11/2017;21:11:00;673;com vítima;58,235;BR-153/MG;Sul;Tombamento;;;1;;;;;;;1;5;1;;;
29/11/2017;01:31:00;32;sem vítima;382,3;BR-262/MG;Oeste;Capotamento;1;;;;;;;;;;1;;;;
29/11/2017;04:18:00;69;com vítima;569,8;BR-262/MG;Leste;Tombamento;1;;1;;;;;;;;1;;1;;
29/11/2017;06:40:00;118;com vítima;94,8;BR-060/GO;Norte;Queda de Moto;;;;1;;;;;;;0;1;;;
29/11/2017;07:10:00;128;sem vítima;28,848;BR-060/DF;Norte;Saida de Pista;1;;;;;;;;;;1;;;;
29/11/2017;07:28:00;134;sem vítima;463;BR-262/MG;Leste;Colisão Traseira;1;;;;;;;;;;1;;;;
29/11/2017;09:22:00;226;com vítima;42,2;BR-153/MG;Norte;Tombamento;;;1;;;;;;;;0;;1;;
29/11/2017;11:45:00;330;com vítima;510,5;BR-153/GO;Norte;Queda de Moto;;;;1;;;;;;;0;2;;;
29/11/2017;12:32:00;358;sem vítima;108,33;BR-153/MG;Norte;Colisão Traseira;1;;;;;;;;;1;2;;;;
29/11/2017;12:56:00;368;com vítima;506,3;BR-153/GO;Sul;Queda de Moto;;;;1;;;;;;;0;2;;;
29/11/2017;14:22:00;436;com vítima;520,6;BR-153/GO;Sul;Queda de Moto;;;;1;;;;;;;0;1;;;
29/11/2017;14:50:00;455;com vítima;674,875;BR-262/MG;Leste;Capotamento;;;1;;;;;;;;0;;;;1
29/11/2017;15:16:00;471;sem vítima;627,7;BR-153/GO;Norte;Saida de Pista;1;;;;;;;;;;2;;;;
29/11/2017;15:36:00;482;sem vítima;609;BR-153/GO;Norte;Carreta deu L;;;1;;;;;;;;1;;;;
29/11/2017;15:59:00;494;sem vítima;27;BR-060/GO;Norte;Choque - Talude;1;;;;;;;;;;1;;;;
29/11/2017;16:09:00;497;sem vítima;22;BR-060/GO;Norte;Tombamento;;;1;;;;;;;;1;;;;
29/11/2017;16:36:00;519;com vítima;127,642;BR-060/GO;Norte;Choque - Talude;1;;;;;;;;;;0;1;;;
29/11/2017;16:47:00;524;sem vítima;122;BR-060/GO;Norte;Capotamento;1;;;;;;;;;;1;;;;
29/11/2017;17:07:00;533;sem vítima;24;BR-060/GO;Sul;Choque - Talude;1;;;;;;;;;;3;;;;
29/11/2017;17:08:00;534;sem vítima;516,6;BR-153/GO;Sul;Carreta deu L;;;1;;;;;;;;1;;;;
29/11/2017;17:14:00;535;sem vítima;517,4;BR-153/GO;Sul;Tombamento;;;1;;;;;;;;1;;;;
29/11/2017;18:16:00;576;sem vítima;509;BR-153/GO;Sul;Colisão Traseira;2;;;;;;;;;;2;;;;
29/11/2017;18:20:00;578;com vítima;3;BR-153/MG;Norte;Colisão Lateral;;;1;1;;;;;;;1;1;;;
29/11/2017;19:41:00;630;sem vítima;663;BR-262/MG;Leste;Colisão Traseira;1;;1;;;;;;;;2;;;;
29/11/2017;21:01:00;674;sem vítima;57,7;BR-060/GO;Sul;Colisão Traseira;2;;;;;;;;;;3;;;;
29/11/2017;21:12:00;676;com vítima;598,399;BR-153/GO;Sul;Choque - Talude;;;1;;;;;;;;0;1;;;
29/11/2017;23:16:00;727;sem vítima;524,7;BR-153/GO;Norte;Colisão Traseira;;;2;;;;;;;;2;;;;
29/11/2017;23:32:00;734;com vítima;74;BR-060/GO;Sul;Choque - Elemento de Drenagem;;;1;;;;;;;;0;1;;;
30/11/2017;01:23:00;23;com vítima;99,5;BR-060/GO;Sul;Choque - Defensa, barreira ou "submarino";1;;;;;;;;;;1;1;;;
30/11/2017;07:13:00;100;sem vítima;99;BR-060/GO;Sul;Choque - Talude;;;1;;;;;;;;1;;;;
30/11/2017;07:35:00;117;sem vítima;494,3;BR-153/GO;Sul;Colisão Traseira;1;;;;;;;;;1;2;;;;
30/11/2017;08:01:00;137;sem vítima;56,922;BR-060/GO;Sul;Capotamento;2;;;;;;;;;;5;;;;
30/11/2017;08:08:00;144;sem vítima;509,041;BR-153/GO;Norte;Engavetamento;3;;;;;;;;;;3;;;;
30/11/2017;08:15:00;152;sem vítima;98;BR-060/GO;Sul;Colisão Traseira;2;;;;;;;;;;2;;;;
30/11/2017;08:40:00;195;sem vítima;56,922;BR-060/GO;Sul;Choque - Veiculo parado no acostamento;1;;2;;;;;;;;7;;;;
30/11/2017;10:30:00;309;sem vítima;617,4;BR-153/GO;Norte;Colisão Lateral;1;;1;;;;;;;;4;;;;
30/11/2017;14:06:00;520;sem vítima;16,2;BR-153/MG;Sul;Colisão Lateral;;;2;;;;;;;;2;;;;
30/11/2017;15:25:00;588;sem vítima;500,1;BR-153/GO;Sul;Colisão Traseira;1;;1;;;;;;;;2;;;;
30/11/2017;18:33:00;707;com vítima;414,67;BR-262/MG;Oeste;Colisão Traseira;1;;1;;;;;;;;0;1;1;;
30/11/2017;18:40:00;709;sem vítima;195,6;BR-153/MG;Sul;Colisão Traseira;;;2;;;;;;;;2;;;;
30/11/2017;19:19:00;727;com vítima;494,065;BR-153/GO;Norte;Queda de Ciclista;;;;1;;;;;;;0;1;;;
30/11/2017;20:26:00;766;sem vítima;509,172;BR-262/MG;Oeste;Choque - Suporte de Sinalização;1;;;;;;;;;;2;;;;
30/11/2017;22:31:00;812;sem vítima;406,668;BR-262/MG;Oeste;Colisão Traseira;;;2;;;;;;;;3;;;;
01/12/2017;01:12:00;16;sem vítima;51,799;BR-153/MG;Norte;Tombamento;;;1;;;;;;;;2;;;;
01/12/2017;01:38:00;23;com vítima;63,861;BR-060/GO;Sul;Capotamento;1;;;;;;;;;;1;;;1;
01/12/2017;05:48:00;56;sem vítima;782,671;BR-262/MG;Leste;Saida de Pista;1;;;;;;;;;;1;;;;
01/12/2017;06:53:00;70;sem vítima;468;BR-262/MG;Oeste;Tombamento;;;1;;;;;;;;1;;;;
01/12/2017;07:07:00;77;sem vítima;659;BR-262/MG;Oeste;Saida de Pista;1;;;;;;;;;;1;;;;
01/12/2017;07:29:00;81;sem vítima;28,383;BR-060/DF;Sul;Capotamento;;;;;;;;;;1;1;;;;
01/12/2017;07:46:00;86;sem vítima;402,3;BR-262/MG;Oeste;Choque - Talude;1;;;;;;;;;;1;;;;
01/12/2017;07:54:00;91;sem vítima;590;BR-262/MG;Leste;Colisão Traseira;1;;;;;;;;;;1;;;;
01/12/2017;08:44:00;116;sem vítima;713;BR-262/MG;Oeste;Choque - Talude;;;1;;;;;;;;1;;;;
01/12/2017;09:02:00;135;sem vítima;380;BR-262/MG;Leste;Capotamento;1;;;;;;;;;;1;;;;
01/12/2017;09:25:00;151;com vítima;101;BR-060/GO;Sul;Queda de Moto;;;;1;;;;;;;0;1;;;
01/12/2017;09:31:00;158;com vítima;510;BR-153/GO;Norte;Queda de Moto;;;;1;;;;;;;0;1;;;
01/12/2017;09:39:00;163;com vítima;114;BR-153/MG;Sul;Carreta deu L;;;1;;;;;;;1;1;1;;;
01/12/2017;09:43:00;166;sem vítima;581;BR-262/MG;Oeste;Saida de Pista;1;;;;;;;;;;1;;;;
01/12/2017;09:52:00;170;com vítima;233,3;BR-153/MG;Sul;Colisão Traseira;1;;1;;;;;;;;1;1;1;;
01/12/2017;10:12:00;184;com vítima;494,2;BR-153/GO;Sul;Queda de Moto;;;;1;;;;;;;0;2;;;
01/12/2017;10:54:00;209;sem vítima;486;BR-262/MG;Leste;Choque - Elemento de Drenagem;1;;;;;;;;;;1;;;;
01/12/2017;11:08:00;219;sem vítima;108;BR-153/MG;Norte;Choque - Outros;1;;1;;;;;;;;2;;;;
01/12/2017;11:11:00;221;sem vítima;640,9;BR-153/GO;Norte;Choque - Talude;1;;;;;;;;;;5;;;;
01/12/2017;11:47:00;240;sem vítima;24,001;BR-153/MG;Norte;Choque - Talude;;;1;;;;;;;;1;;;;
01/12/2017;11:55:00;244;sem vítima;512,026;BR-153/GO;Norte;Colisão Traseira;1;;1;;;;;;;;2;;;;
01/12/2017;12:15:00;250;sem vítima;574;BR-262/MG;Leste;Capotamento;1;;;;;;;;;;1;;;;
01/12/2017;12:28:00;259;sem vítima;150;BR-153/MG;Sul;Choque - Talude;1;;;;;;;;;;1;;;;
01/12/2017;12:36:00;261;sem vítima;382;BR-262/MG;Oeste;Capotamento;1;;;;;;;;;;1;;;;
01/12/2017;12:43:00;266;sem vítima;497;BR-153/GO;Sul;Engavetamento;1;;;;;;;;;2;3;;;;
01/12/2017;12:44:00;267;sem vítima;497;BR-153/GO;Norte;Choque - Defensa, barreira ou "submarino";1;;;;;;;;;;2;;;;
01/12/2017;13:05:00;274;sem vítima;659;BR-153/GO;Norte;Tombamento;;;1;;;;;;;;1;;;;
01/12/2017;13:27:00;284;sem vítima;497;BR-262/MG;Leste;Choque - Suporte de Sinalização;1;;;;;;;;;;1;;;;
01/12/2017;13:56:00;299;com vítima;31,5;BR-060/GO;Norte;Colisão Lateral;1;;;1;;;;;;;2;;;1;
01/12/2017;13:56:00;300;sem vítima;547;BR-262/MG;Leste;Colisão Traseira;;;2;;;;;;;;3;;;;
01/12/2017;14:54:00;328;com vítima;662,5;BR-262/MG;Leste;Capotamento;1;;;;;;;;;;0;1;;;
01/12/2017;15:01:00;334;sem vítima;437;BR-262/MG;Oeste;Choque - Outros;1;;;;;;;;;;1;;;;
01/12/2017;16:07:00;378;sem vítima;387;BR-262/MG;Leste;Choque - Suporte de Sinalização;1;;;;;;;;;;1;;;;
01/12/2017;16:11:00;381;sem vítima;609;BR-262/MG;Oeste;Saida de Pista;1;;;;;;;;;;1;;;;
01/12/2017;16:40:00;401;sem vítima;605;BR-262/MG;Leste;Tombamento;;;;;;;;;;1;1;;;;
01/12/2017;16:41:00;403;sem vítima;122,1;BR-060/GO;Norte;Choque - Elemento de Drenagem;1;;;;;;;;;;1;;;;
01/12/2017;17:18:00;428;com vítima;646;BR-262/MG;Oeste;Saida de Pista;1;;;;;;;;;;0;1;;;
01/12/2017;18:05:00;454;sem vítima;387,468;BR-262/MG;Leste;Capotamento;1;;;;;;;;;;5;;;;
01/12/2017;21:37:00;567;com vítima;504,377;BR-153/GO;Sul;Queda de Moto;;;;1;;;;;;;1;1;;;
01/12/2017;22:42:00;594;com vítima;591,299;BR-153/GO;Norte;Atropelamento - Andarilho;;;;;;;;;;;0;;;;1
01/12/2017;23:32:00;608;com vítima;132,131;BR-060/GO;Norte;Queda de Moto;;;;1;;;;;;;0;;;1;
02/12/2017;07:03:00;91;sem vítima;10,884;BR-060/GO;Norte;Saida de Pista;1;;;;;;;;;;1;;;;
02/12/2017;07:39:00;107;com vítima;592,318;BR-262/MG;Oeste;Colisão Transversal;2;;;;;;;;;;2;1;1;;
02/12/2017;09:56:00;174;com vítima;381,7;BR-262/MG;Oeste;Capotamento;1;;;;;;;;;;0;1;;;
02/12/2017;10:22:00;188;sem vítima;142;BR-153/MG;Sul;Saida de Pista;1;;;;;;;;;;1;;;;
02/12/2017;10:28:00;191;sem vítima;172,05;BR-153/MG;Norte;Choque - Suporte de Sinalização;1;;;;;;;;;;1;;;;
02/12/2017;10:46:00;201;sem vítima;378;BR-262/MG;Leste;Saida de Pista;1;;;;;;;;;;6;;;;
02/12/2017;11:33:00;223;sem vítima;11;BR-153/MG;Sul;Capotamento;1;;1;;;;;;;;3;;;;
02/12/2017;13:15:00;278;sem vítima;383;BR-262/MG;Leste;Saida de Pista;1;;;;;;;;;;2;;;;
02/12/2017;13:52:00;288;com vítima;359,15;BR-262/MG;Oeste;Queda de Moto;;;;1;;;;;;;1;;1;;
02/12/2017;14:07:00;295;sem vítima;801;BR-262/MG;Oeste;Choque - Defensa, barreira ou "submarino";1;;;;;;;;;;1;;;;
02/12/2017;14:41:00;317;sem vítima;13;BR-060/DF;Norte;Colisão Traseira;;;1;;;;;;;1;2;;;;
02/12/2017;14:45:00;320;com vítima;40,815;BR-060/GO;Norte;Capotamento;1;;;;;;;;;;1;1;;;
02/12/2017;15:04:00;327;sem vítima;31,8;BR-153/MG;Norte;Choque - Elemento de Drenagem;1;;;;;;;;;;2;;;;
02/12/2017;15:09:00;329;com vítima;99,167;BR-060/GO;Sul;Colisão Traseira;2;;;;;;;;;;3;3;1;;
02/12/2017;15:16:00;335;sem vítima;368,6;BR-262/MG;Oeste;Choque - Defensa, barreira ou "submarino";1;;;;;;;;;;1;;;;
02/12/2017;16:16:00;371;sem vítima;435;BR-262/MG;Leste;Choque - Defensa, barreira ou "submarino";1;;;;;;;;;;1;;;;
02/12/2017;16:59:00;391;sem vítima;420,01;BR-262/MG;Oeste;Choque - Elemento de Drenagem;1;;;;;;;;;;1;;;;
02/12/2017;17:13:00;398;com vítima;420,001;BR-262/MG;Leste;Capotamento;;;;;;;;;;1;0;1;;;
02/12/2017;19:25:00;462;sem vítima;102,299;BR-060/GO;Norte;Choque - Suporte de Sinalização;1;;;;;;;;;;1;;;;
02/12/2017;19:35:00;465;sem vítima;239,5;BR-153/MG;Norte;Saida de Pista;1;;;;;;;;;;1;;;;
02/12/2017;20:07:00;481;sem vítima;101,5;BR-060/GO;Norte;Choque - Elemento de Drenagem;1;;;;;;;;;;1;;;;
02/12/2017;20:16:00;487;com vítima;131;BR-060/GO;Norte;Queda de Moto;;;;1;;;;;;;0;1;;;
02/12/2017;20:54:00;509;sem vítima;418;BR-262/MG;Oeste;Saida de Pista;1;;;;;;;;;;1;;;;
02/12/2017;21:48:00;532;com vítima;118,4;BR-060/GO;Norte;Colisão Lateral;1;;;1;;;;;;;1;1;;;
02/12/2017;22:56:00;553;sem vítima;450,269;BR-262/MG;Leste;Saida de Pista;1;;;;;;;;;;1;;;;
02/12/2017;22:56:00;567;sem vítima;450,269;BR-262/MG;Leste;Saida de Pista;1;;;;;;;;;;2;;;;
03/12/2017;00:19:00;8;sem vítima;793,5;BR-262/MG;Leste;Saida de Pista;1;;;;;;;;;;1;;;;
03/12/2017;01:03:00;18;sem vítima;382,444;BR-262/MG;Oeste;Capotamento;1;;;;;;;;;;3;;;;
03/12/2017;03:04:00;41;sem vítima;366,32;BR-262/MG;Leste;Choque - Suporte de Sinalização;1;;;;;;;;;;1;;;;
03/12/2017;03:41:00;52;sem vítima;404;BR-262/MG;Oeste;Saida de Pista;1;;;;;;;;;;1;;;;
03/12/2017;04:25:00;62;com vítima;415,559;BR-262/MG;Oeste;Choque - Suporte de Sinalização;1;;;;;;;;;;2;2;;;
03/12/2017;04:39:00;67;sem vítima;411,379;BR-262/MG;Leste;Saida de Pista;1;;;;;;;;;;1;;;;
03/12/2017;06:42:00;81;sem vítima;368,3;BR-262/MG;Oeste;Choque - Defensa, barreira ou "submarino";1;;;;;;;;;;2;;;;
03/12/2017;06:59:00;85;sem vítima;12,9;BR-153/MG;Norte;Tombamento;;;1;;;;;;;;1;;;;
03/12/2017;12:15:00;207;sem vítima;379,5;BR-262/MG;Oeste;Choque - Talude;1;;;;;;;;;;1;;;;
03/12/2017;13:30:00;241;com vítima;506,239;BR-153/GO;Sul;Queda de Moto;;;;1;;;;;;;0;;2;;
03/12/2017;14:32:00;269;com vítima;533;BR-153/GO;Norte;Choque - Elemento de Drenagem;1;;;;;;;;;;1;1;;;
03/12/2017;17:08:00;362;com vítima;122;BR-060/GO;Norte;Engavetamento;2;;1;;1;;;;;;27;1;;;
03/12/2017;18:43:00;427;sem vítima;784;BR-262/MG;Leste;Queda de Moto;;;;1;;;;;;;1;;;;
03/12/2017;20:47:00;501;sem vítima;79,2;BR-060/GO;Sul;Colisão Lateral;2;;;;;1;;;;;4;;;;
04/12/2017;01:55:00;32;com vítima;43,603;BR-153/MG;Norte;Choque - Talude;1;;;;;;;;;;0;;1;;
04/12/2017;03:25:00;68;sem vítima;42,5;BR-060/GO;Norte;Saida de Pista;1;;;;;;;;;;1;;;;
04/12/2017;09:56:00;275;com vítima;554,9;BR-262/MG;Leste;Capotamento;1;;;;;;;;;;0;;;1;
04/12/2017;10:25:00;302;com vítima;843;BR-262/MG;Leste;Capotamento;1;;;;;;;;;;0;;1;;
04/12/2017;11:01:00;343;com vítima;65,388;BR-060/GO;Norte;Tombamento;;;1;;;;;;;;0;;1;;
04/12/2017;13:49:00;439;sem vítima;582,5;BR-153/GO;Sul;Choque - Elemento de Drenagem;1;;;;;;;;;;1;;;;
04/12/2017;14:06:00;452;sem vítima;354;BR-262/MG;Oeste;Colisão Lateral;1;;1;;;;;;;;2;;;;
04/12/2017;20:44:00;711;sem vítima;591,399;BR-153/GO;Sul;Choque - Elemento de Drenagem;1;;;;;;;;;;2;;;;
04/12/2017;22:20:00;757;sem vítima;648;BR-262/MG;Leste;Saida de Pista;;;;;;;;;;1;1;;;;
05/12/2017;00:01:00;1;com vítima;59,5;BR-153/MG;Sul;Colisão Frontal;1;;1;;;;;;;;0;1;;1;
05/12/2017;03:05:00;51;sem vítima;93,099;BR-153/MG;Norte;Choque - Elemento de Drenagem;;;1;;;;;;;;1;;;;
05/12/2017;06:42:00;110;sem vítima;557,5;BR-262/MG;Leste;Tombamento;;;1;;;;;;;;1;;;;
05/12/2017;07:31:00;127;sem vítima;499,068;BR-153/GO;Sul;Colisão Traseira;2;;;;;;;;;;2;;;;
05/12/2017;07:52:00;141;sem vítima;495;BR-153/GO;Sul;Colisão Traseira;1;;;;;;;;;;1;;;;
05/12/2017;07:58:00;145;com vítima;403,2;BR-262/MG;Oeste;Capotamento;1;;;;;;;;;;0;;;1;
05/12/2017;08:01:00;148;com vítima;96,159;BR-060/GO;Sul;Colisão Traseira;;;1;1;;;;;;;1;1;;;
05/12/2017;12:56:00;371;sem vítima;527;BR-262/MG;Leste;Colisão Traseira;1;;1;;;;;;;;2;;;;
05/12/2017;13:43:00;395;sem vítima;25,499;BR-060/GO;Sul;Choque - Defensa, barreira ou "submarino";1;;;;;;;;;;2;;;;
05/12/2017;14:00:00;414;sem vítima;28,175;BR-060/GO;Norte;Colisão Traseira;1;;;;;;;;;;2;;;;
05/12/2017;14:42:00;443;sem vítima;371;BR-262/MG;Oeste;Saida de Pista;1;;;;;;;;;;1;;;;
05/12/2017;15:29:00;474;com vítima;482;BR-262/MG;Oeste;Colisão Traseira;1;;1;;;;;;;;1;1;;;
05/12/2017;16:02:00;501;sem vítima;677;BR-262/MG;Leste;Capotamento;1;;;;;;;;;;1;;;;
05/12/2017;17:28:00;559;sem vítima;514,214;BR-153/GO;Sul;Saida de Pista;1;;;;;;;;;;2;;;;
05/12/2017;17:31:00;561;sem vítima;416;BR-262/MG;Leste;Capotamento;1;;;;;;;;;;1;;;;
05/12/2017;19:55:00;640;com vítima;591,299;BR-153/GO;Sul;Tombamento;1;;;;;;;;;;1;1;;;
05/12/2017;20:09:00;643;sem vítima;598,8;BR-153/GO;Sul;Colisão Lateral;;;1;;;;;;;1;4;;;;
05/12/2017;20:22:00;649;sem vítima;225,1;BR-153/MG;Norte;Choque - Defensa, barreira ou "submarino";;;1;;;;;;;;1;;;;
05/12/2017;21:33:00;679;sem vítima;491,233;BR-153/GO;Sul;Tombamento;;;1;;;;;;;;1;;;;
05/12/2017;21:51:00;684;sem vítima;376,468;BR-262/MG;Leste;Carreta deu L;;;1;;;;;;;;2;;;;
05/12/2017;21:57:00;687;sem vítima;504,699;BR-153/GO;Sul;Capotamento;1;;;;;;;;;;1;;;;
05/12/2017;23:19:00;716;sem vítima;540,94;BR-153/GO;Norte;Saida de Pista;;;;;;;;;;1;2;;;;
06/12/2017;00:53:00;17;com vítima;5,809;BR-060/DF;Sul;Choque - Arvore;1;;;;;;;;;;0;;;;1
06/12/2017;02:31:00;40;com vítima;11,8;BR-153/MG;Sul;Tombamento;;;1;;;;;;;;0;1;;;
06/12/2017;03:51:00;47;com vítima;651,067;BR-262/MG;Oeste;Capotamento;1;;;;;;;;;;0;;1;;
06/12/2017;04:45:00;54;sem vítima;506,211;BR-153/GO;Sul;Saida de Pista;1;;;;;;;;;;1;;;;
06/12/2017;05:22:00;57;com vítima;9,645;BR-153/MG;Sul;Colisão Traseira;;;2;;;;;;;;1;;1;;