data;horario;n_da_ocorrencia;tipo_de_ocorrencia;km;trecho;sentido;tipo_de_acidente;automovel;bicicleta;caminhao;moto;onibus;outros;tracao_animal;transporte_de_cargas_especiais;trator_maquinas;utilitarios;ilesos;levemente_feridos;moderadamente_feridos;gravemente_feridos;mortos
06/12/2017;07:47:00;103;sem vítima;382,2;BR-262/MG;Oeste;Choque - Defensa, barreira ou "submarino";1;;;;;;;;;;1;;;;
06/12/2017;07:51:00;107;sem vítima;508;BR-153/GO;Norte;Engavetamento;2;;;;;;;;;1;3;;;;
06/12/2017;09:05:00;146;com vítima;424,5;BR-262/MG;Leste;Capotamento;1;;;;;;;;;;0;;;1;
06/12/2017;09:36:00;173;com vítima;137;BR-060/GO;Norte;Tombamento;1;;;;;1;;;;;1;1;;;
06/12/2017;11:17:00;229;sem vítima;99;BR-060/GO;Norte;Colisão Traseira;1;;1;;;;;;;;2;;;;
06/12/2017;15:02:00;344;sem vítima;845,912;BR-262/MG;Oeste;Choque - Talude;;;1;;;;;;;1;2;;;;
06/12/2017;15:40:00;361;sem vítima;469,67;BR-262/MG;Leste;Choque - Arvore;;;;;;;;;;1;1;;;;
06/12/2017;15:46:00;365;sem vítima;433,8;BR-262/MG;Oeste;Capotamento;1;;;;;;;;;;1;;;;
06/12/2017;16:06:00;376;sem vítima;601,5;BR-153/GO;Sul;Saida de Pista;1;;;;;;;;;;1;;;;
06/12/2017;18:14:00;452;sem vítima;656,15;BR-262/MG;Oeste;Choque - Elemento de Drenagem;1;;;;;;;;;;1;;;;
06/12/2017;18:41:00;470;sem vítima;2,228;BR-060/DF;Sul;Colisão Lateral;;;2;;;;;;;;2;;;;
06/12/2017;18:45:00;474;sem vítima;358;BR-262/MG;Oeste;Choque - Elemento de Drenagem;1;;;;;;;;;;1;;;;
06/12/2017;18:57:00;484;sem vítima;548;BR-262/MG;Leste;Capotamento;1;;;;;;;;;;1;;;;
06/12/2017;21:09:00;555;sem vítima;27,153;BR-060/DF;Norte;Tombamento;1;;;;;;;;;;1;;;;
06/12/2017;21:19:00;558;sem vítima;364,2;BR-262/MG;Leste;Capotamento;1;;;;;;;;;;1;;;;
06/12/2017;22:38:00;581;com vítima;570;BR-153/GO;Sul;Queda de Moto;;;;1;;;;;;;0;2;;;
06/12/2017;23:49:00;614;sem vítima;536,6;BR-153/GO;Sul;Tombamento;;;1;;;;;;;;2;;;;
07/12/2017;00:30:00;5;sem vítima;366;BR-262/MG;Leste;Colisão Traseira;;;2;;;;;;;;2;;;;
07/12/2017;01:29:00;20;sem vítima;430,4;BR-262/MG;Leste;Saida de Pista;;;1;;;;;;;;1;;;;
07/12/2017;02:41:00;32;sem vítima;699,299;BR-153/GO;Norte;Saida de Pista;1;;;;;;;;;;1;;;;
07/12/2017;03:23:00;38;sem vítima;136,5;BR-060/GO;Sul;Saida de Pista;1;;;;;;;;;;2;;;;
07/12/2017;03:49:00;39;com vítima;582,1;BR-153/GO;Sul;Tombamento;;;1;;;;;;;;0;1;;;
07/12/2017;05:47:00;65;sem vítima;510;BR-153/GO;Sul;Choque - Suporte de Sinalização;1;;;;;;;;;;1;;;;
07/12/2017;06:09:00;73;sem vítima;506,225;BR-153/GO;Sul;Choque - Defensa, barreira ou "submarino";1;;;;;;;;;;1;;;;
07/12/2017;06:41:00;93;com vítima;504,736;BR-153/GO;Norte;Colisão Traseira;1;;;1;;;;;;;1;1;;;
07/12/2017;07:37:00;124;sem vítima;126,48;BR-060/GO;Norte;Capotamento;;;;;;;;;;1;1;;;;
07/12/2017;07:46:00;132;sem vítima;506;BR-153/GO;Norte;Engavetamento;3;;;;;;;;;;3;;;;
07/12/2017;07:48:00;133;sem vítima;521,3;BR-153/GO;Norte;Saida de Pista;1;;1;;;;;;;;2;;;;
07/12/2017;07:51:00;136;sem vítima;97;BR-060/GO;Sul;Queda de Moto;;;;1;;;;;;;1;;;;
07/12/2017;08:31:00;163;sem vítima;98;BR-060/GO;Sul;Colisão Traseira;2;;;;;;;;;;2;;;;
07/12/2017;08:38:00;170;sem vítima;501;BR-153/GO;Sul;Colisão Traseira;2;;;;;;;;;;2;;;;
07/12/2017;08:46:00;178;sem vítima;607,5;BR-153/GO;Sul;Saida de Pista;1;;;;;;;;;;1;;;;
07/12/2017;09:04:00;205;com vítima;24;BR-060/DF;Sul;Capotamento;;;;;;;;;;1;0;3;;;
07/12/2017;10:07:00;250;sem vítima;384;BR-262/MG;Leste;Choque - Elemento de Drenagem;1;;;;;;;;;;2;;;;
07/12/2017;10:28:00;268;com vítima;600;BR-153/GO;Norte;Colisão Traseira;1;;;1;;;;;;;1;;1;;
07/12/2017;12:32:00;395;sem vítima;407,8;BR-262/MG;Oeste;Capotamento;1;;;;;;;;;;1;;;;
07/12/2017;13:20:00;421;com vítima;589,448;BR-262/MG;Oeste;Colisão Frontal;;;4;;;;;;;;0;4;;;
07/12/2017;13:32:00;432;com vítima;585,2;BR-262/MG;Oeste;Choque - Talude;;;1;;;;;;;;0;1;;;
07/12/2017;13:53:00;440;com vítima;509,8;BR-153/GO;Norte;Queda de Moto;;;;1;;;;;;;0;2;;;
07/12/2017;14:52:00;468;sem vítima;458,971;BR-262/MG;Oeste;Saida de Pista;;;1;;;;;;;;1;;;;
07/12/2017;15:58:00;505;sem vítima;32,3;BR-153/MG;Norte;Choque - Arvore;;;1;;;;;;;;1;;;;
07/12/2017;20:26:00;640;com vítima;587;BR-262/MG;Oeste;Colisão Frontal;2;;;;;;;;;;3;2;;;
08/12/2017;02:19:00;37;sem vítima;456;BR-262/MG;Leste;Saida de Pista;1;;;;;;;;;;1;;;;
08/12/2017;04:51:00;79;sem vítima;587;BR-262/MG;Oeste;Saida de Pista;1;;;;;;;;;;1;;;;
08/12/2017;05:06:00;82;sem vítima;38,799;BR-060/GO;Norte;Choque - Talude;1;;;;;;;;;;1;;;;
08/12/2017;05:46:00;96;sem vítima;622,4;BR-153/GO;Norte;Choque - Elemento de Drenagem;;;1;;;;;;;;1;;;;
08/12/2017;07:33:00;142;com vítima;494,615;BR-153/GO;Norte;Colisão Lateral;;;1;1;;;;;;;2;1;;;
08/12/2017;07:56:00;161;sem vítima;495,319;BR-153/GO;Norte;Colisão Traseira;2;;;;;;;;;;2;;;;
08/12/2017;08:19:00;187;sem vítima;371;BR-262/MG;Oeste;Choque - Elemento de Drenagem;1;;;;;;;;;;1;;;;
08/12/2017;09:31:00;249;com vítima;762,662;BR-262/MG;Leste;Capotamento;1;;1;;;;;;;;2;2;;;
08/12/2017;09:34:00;253;sem vítima;369,1;BR-262/MG;Oeste;Choque - Defensa, barreira ou "submarino";;;1;;;;;;;;1;;;;
08/12/2017;09:38:00;259;sem vítima;576;BR-262/MG;Leste;Choque - Talude;;;1;;;;;;;;1;;;;
08/12/2017;09:56:00;282;sem vítima;717,005;BR-262/MG;Oeste;Choque - Talude;1;;;;;;;;;;1;;;;
08/12/2017;09:57:00;284;sem vítima;382;BR-262/MG;Oeste;Choque - Defensa, barreira ou "submarino";1;;;;;;;;;;1;;;;
08/12/2017;11:21:00;344;com vítima;244,2;BR-153/MG;Sul;Colisão Transversal;1;1;;;;;;;;;1;;;1;
08/12/2017;14:37:00;479;sem vítima;434;BR-262/MG;Leste;Tombamento;;;1;;;;;;;;1;;;;
08/12/2017;15:44:00;515;sem vítima;533;BR-262/MG;Leste;Colisão Lateral;;;1;;;;;;;1;2;;;;
08/12/2017;16:12:00;531;sem vítima;494,5;BR-153/GO;Sul;Engavetamento;3;;;;;;;;;;3;;;;
08/12/2017;16:16:00;534;sem vítima;28;BR-060/DF;Norte;Capotamento;;;;;;;;;;1;1;;;;
08/12/2017;16:43:00;553;sem vítima;495,4;BR-153/GO;Sul;Colisão Traseira;2;;;;;;;;;;4;;;;
08/12/2017;17:12:00;564;sem vítima;30,2;BR-060/DF;Norte;Colisão Transversal;2;;;;;;;;;;2;;;;
08/12/2017;17:27:00;575;sem vítima;10,9;BR-153/MG;Sul;Tombamento;;;1;;;;;;;;1;;;;
08/12/2017;17:59:00;593;com vítima;78,5;BR-153/MG;Sul;Colisão Lateral;;;2;;;;;;;;0;1;;1;
08/12/2017;18:39:00;627;sem vítima;490;BR-153/GO;Sul;Tombamento;;;1;;;;;;;;1;;;;
08/12/2017;19:14:00;648;sem vítima;54,4;BR-153/MG;Norte;Capotamento;1;;;;;;;;;;1;;;;
08/12/2017;21:28:00;718;com vítima;441,266;BR-262/MG;Leste;Queda de Moto;;;;1;;;;;;;0;;2;;
08/12/2017;21:31:00;721;sem vítima;3,799;BR-060/GO;Sul;Tombamento;1;;;;;;;;;;1;;;;
09/12/2017;01:03:00;23;sem vítima;382,074;BR-262/MG;Oeste;Choque - Defensa, barreira ou "submarino";1;;;;;;;;;;1;;;;
09/12/2017;01:33:00;28;com vítima;447,367;BR-262/MG;Oeste;Colisão Frontal;2;;1;;;;;;;;2;2;;;
09/12/2017;03:00:00;44;sem vítima;39,5;BR-153/MG;Norte;Capotamento;1;;;;;;;;;;1;;;;
09/12/2017;05:47:00;71;com vítima;3,295;BR-060/GO;Norte;Colisão Traseira;1;;1;;;;;;;;1;2;;;
09/12/2017;06:40:00;99;sem vítima;514,248;BR-153/GO;Norte;Colisão Transversal;2;;;;;;;;;;2;;;;
09/12/2017;07:47:00;128;sem vítima;116,4;BR-060/GO;Sul;Choque - Suporte de Sinalização;1;;;;;;;;;;1;;;;
09/12/2017;09:41:00;222;sem vítima;472;BR-262/MG;Oeste;Colisão Traseira;;;2;;;;;;;;2;;;;
09/12/2017;10:26:00;251;sem vítima;760,368;BR-262/MG;Leste;Colisão Lateral;1;;1;;;;;;;;2;;;;
09/12/2017;11:14:00;282;com vítima;442,996;BR-262/MG;Oeste;Colisão Traseira;1;;;1;;;;;;;1;;1;;
09/12/2017;11:45:00;298;sem vítima;115;BR-060/GO;Norte;Colisão Traseira;2;;;;;;;;;;2;;;;
09/12/2017;12:00:00;312;sem vítima;98;BR-060/GO;Norte;Saida de Pista;;;;;;;;;;1;1;;;;
09/12/2017;14:45:00;392;sem vítima;557,5;BR-153/GO;Norte;Tombamento;;;1;;;;;;;;1;;;;
09/12/2017;14:48:00;395;com vítima;245;BR-153/MG;Norte;Colisão Transversal;2;;;;;;;;;;3;;1;1;
09/12/2017;16:28:00;455;sem vítima;11,009;BR-153/MG;Sul;Choque - Elemento de Drenagem;1;;;;;;;;;;1;;;;
09/12/2017;16:39:00;461;sem vítima;576;BR-262/MG;Oeste;Colisão Transversal;;;2;;;;;;;;2;;;;
09/12/2017;17:04:00;477;sem vítima;27,8;BR-060/DF;Norte;Capotamento;;;;;;;;;;1;3;;;;
09/12/2017;19:32:00;550;com vítima;37,7;BR-060/GO;Norte;Saida de Pista;1;;;;;;;;;;1;1;;;
09/12/2017;21:42:00;605;sem vítima;664,4;BR-153/GO;Norte;Saida de Pista;;;;;;;;;;1;1;;;;
09/12/2017;22:53:00;644;sem vítima;32,02;BR-153/MG;Norte;Saida de Pista;1;;;;;;;;;;4;;;;
10/12/2017;05:15:00;60;sem vítima;703,319;BR-153/GO;Norte;Choque - Suporte de Sinalização;1;;;;;;;;;;1;;;;
10/12/2017;05:54:00;70;sem vítima;75;BR-060/GO;Norte;Colisão Traseira;1;;1;;;;;;;;2;;;;
10/12/2017;07:37:00;101;sem vítima;40,309;BR-060/GO;Sul;Capotamento;1;;;;;;;;;;1;;;;
10/12/2017;13:00:00;299;sem vítima;114;BR-060/GO;Sul;Saida de Pista;1;;;;;;;;;;2;;;;
10/12/2017;13:27:00;314;sem vítima;76,794;BR-060/GO;Norte;Capotamento;1;;;;;;;;;;1;;;;
10/12/2017;13:48:00;331;com vítima;518,8;BR-262/MG;Leste;Colisão Lateral;1;;1;;;;;;;;1;3;;;
10/12/2017;14:47:00;363;com vítima;435,001;BR-262/MG;Oeste;Capotamento;1;;;;;;;;;;1;2;;;
10/12/2017;16:11:00;412;sem vítima;504;BR-153/GO;Norte;Colisão Traseira;1;;;;;1;;;;;2;;;;
10/12/2017;16:41:00;433;sem vítima;590;BR-153/GO;Sul;Saida de Pista;1;;;;;;;;;;3;;;;
10/12/2017;16:55:00;442;sem vítima;42;BR-153/MG;Norte;Capotamento;1;;;;;;;;;;1;;;;
10/12/2017;16:56:00;445;sem vítima;589;BR-262/MG;Leste;Choque - Talude;;;1;;;;;;;;1;;;;
10/12/2017;17:13:00;457;com vítima;102;BR-060/GO;Sul;Colisão Lateral;1;;;1;;;;;;;2;1;;;
10/12/2017;17:22:00;462;com vítima;503,9;BR-153/GO;Norte;Engavetamento;2;;;;;1;;;;;3;4;;;
10/12/2017;17:36:00;471;sem vítima;15,986;BR-153/MG;Norte;Colisão Traseira;;;3;;;;;;;;3;;;;
10/12/2017;17:39:00;472;sem vítima;24;BR-153/MG;Norte;Saida de Pista;1;;;;;;;;;;1;;;;
10/12/2017;17:58:00;483;com vítima;463,658;BR-262/MG;Leste;Queda de Moto;;;;1;;;;;;;1;1;;;
10/12/2017;18:13:00;490;sem vítima;587;BR-153/GO;Sul;Atropelamento de Animal;1;;;;;;;;;;1;;;;
10/12/2017;18:20:00;493;sem vítima;105,222;BR-060/GO;Sul;Choque - Elemento de Drenagem;1;;;;;;;;;;1;;;;
10/12/2017;21:18:00;592;sem vítima;30;BR-060/DF;Norte;Colisão Lateral;1;;;;;1;;;;;2;;;;
10/12/2017;22:09:00;606;com vítima;28,399;BR-060/DF;Norte;Capotamento;1;;;;;;;;;;1;;1;;
10/12/2017;23:29:00;635;sem vítima;71,9;BR-060/GO;Norte;Saida de Pista;1;;;;;;;;;;1;;;;
11/12/2017;00:31:00;14;sem vítima;21,678;BR-060/DF;Norte;Colisão Traseira;1;;1;;;;;;;;2;;;;
11/12/2017;01:30:00;33;sem vítima;28;BR-060/GO;Norte;Colisão Lateral;1;;1;;;;;;;;6;;;;
11/12/2017;03:53:00;48;sem vítima;491,553;BR-153/GO;Norte;Choque - Defensa, barreira ou "submarino";1;;;;;;;;;;1;;;;
11/12/2017;05:15:00;62;com vítima;509;BR-153/GO;Sul;Queda de Moto;;;;1;;;;;;;0;1;;;
11/12/2017;06:39:00;85;sem vítima;72,9;BR-060/GO;Sul;Saida de Pista;1;;;;;;;;;;1;;;;
11/12/2017;07:53:00;115;com vítima;498,001;BR-153/GO;Sul;Colisão Traseira;2;;;;;;;;;;1;1;;;
11/12/2017;07:57:00;119;com vítima;96,4;BR-060/GO;Sul;Colisão Frontal;2;;;;;;;;;;1;1;;;
11/12/2017;08:05:00;123;sem vítima;495;BR-153/GO;Sul;Colisão Traseira;2;;;;;;;;;;2;;;;
11/12/2017;08:13:00;134;sem vítima;49;BR-060/GO;Norte;Colisão Traseira;1;;1;;;;;;;;2;;;;
11/12/2017;08:29:00;140;sem vítima;101;BR-060/GO;Norte;Colisão Traseira;1;;1;;;;;;;;2;;;;
11/12/2017;10:23:00;223;com vítima;28,4;BR-060/DF;Norte;Capotamento;1;;;;;;;;;;0;3;;;
11/12/2017;10:27:00;226;sem vítima;28,6;BR-060/DF;Norte;Tombamento;;;1;;;;;;;;2;;;;
11/12/2017;12:34:00;303;sem vítima;530;BR-153/GO;Norte;Capotamento;1;;;;;;;;;;1;;;;
11/12/2017;14:14:00;365;sem vítima;109;BR-060/GO;Norte;Tombamento;;;1;;;;;;;;1;;;;
11/12/2017;14:54:00;398;sem vítima;472;BR-262/MG;Oeste;Colisão Traseira;1;;1;;;;;;;;2;;;;
11/12/2017;15:01:00;408;sem vítima;504;BR-153/GO;Sul;Choque - Defensa, barreira ou "submarino";1;;;;;;;;;;1;;;;
11/12/2017;16:27:00;483;sem vítima;119;BR-060/GO;Sul;Saida de Pista;;;1;;;;;;;;1;;;;
11/12/2017;16:54:00;508;sem vítima;46;BR-060/GO;Norte;Colisão Lateral;1;;1;;;;;;;;2;;;;
11/12/2017;17:03:00;516;sem vítima;98;BR-060/GO;Norte;Saida de Pista;1;;;;;;;;;;1;;;;
11/12/2017;17:32:00;534;com vítima;631,255;BR-262/MG;Oeste;Colisão Transversal;1;;;;1;;;;;;0;5;1;1;
11/12/2017;17:36:00;536;com vítima;8,7;BR-060/DF;Norte;Capotamento;1;;;;;1;;;;;2;;1;;
11/12/2017;17:49:00;543;sem vítima;73;BR-060/GO;Sul;Choque - Arvore;1;;;;;;;;;;1;;;;
11/12/2017;18:00:00;548;sem vítima;114,5;BR-060/GO;Norte;Colisão Traseira;1;;;;;1;;;;;2;;;;
11/12/2017;19:50:00;615;com vítima;79,965;BR-060/GO;Norte;Capotamento;1;;;;;;;;;;0;1;;;
11/12/2017;20:39:00;647;sem vítima;514,862;BR-153/GO;Norte;Colisão Lateral;2;;;;;;;;;;2;;;;
11/12/2017;21:17:00;672;sem vítima;108;BR-060/GO;Sul;Saida de Pista;1;;;;;;;;;;1;;;;
11/12/2017;22:46:00;710;com vítima;1,82;BR-153/MG;Sul;Capotamento;;;1;;;;;;;;0;1;;;
12/12/2017;00:23:00;5;com vítima;496,399;BR-153/GO;Norte;Queda de Moto;;;;1;;;;;;;0;1;;;
12/12/2017;05:44:00;114;com vítima;100,595;BR-060/GO;Norte;Queda de Moto;;;;1;;1;;;;;1;1;;;
12/12/2017;06:21:00;129;com vítima;425;BR-262/MG;Leste;Queda de Moto;;;;1;;;;;;;0;1;;;
12/12/2017;06:24:00;134;sem vítima;800,8;BR-262/MG;Leste;Atropelamento de Animal;1;;;;;;;;;;1;;;;
12/12/2017;10:42:00;298;com vítima;491;BR-153/GO;Norte;Queda de Moto;;;;1;;;;;;;0;1;;;
12/12/2017;12:22:00;369;sem vítima;504;BR-153/GO;Norte;Colisão Traseira;2;;;;;;;;;;2;;;;
12/12/2017;12:42:00;380;sem vítima;131;BR-060/GO;Sul;Choque - Suporte de Sinalização;1;;;;;;;;;;1;;;;
12/12/2017;13:28:00;413;sem vítima;493,278;BR-153/GO;Sul;Colisão Transversal;1;;1;;;;;;;;2;;;;
12/12/2017;15:16:00;471;com vítima;657,097;BR-153/GO;Sul;Colisão Traseira;;;2;;;;;;;;1;;1;;
12/12/2017;15:40:00;489;sem vítima;41;BR-060/GO;Norte;Choque - Elemento de Drenagem;1;;;;;;;;;;1;;;;
12/12/2017;16:08:00;503;sem vítima;700;BR-153/GO;Norte;Colisão Traseira;1;;1;;;;;;;;3;;;;
12/12/2017;17:20:00;556;sem vítima;650;BR-262/MG;Oeste;Choque - Talude;1;;;;;;;;;;1;;;;
12/12/2017;20:51:00;689;sem vítima;111,4;BR-153/MG;Sul;Choque - Talude;1;;;;;;;;;;1;;;;
12/12/2017;21:22:00;701;sem vítima;804;BR-262/MG;Leste;Queda de Moto;;;;1;;1;;;;;2;;;;
13/12/2017;00:15:00;4;sem vítima;12,43;BR-060/GO;Norte;Tombamento;;;1;;;;;;;;3;;;;
13/12/2017;04:19:00;52;sem vítima;33,4;BR-153/MG;Norte;Atropelamento de Animal;1;;;;;;;;;;1;;;;
13/12/2017;08:04:00;114;sem vítima;121;BR-060/GO;Norte;Engavetamento;3;;;;;;;;;;3;;;;
13/12/2017;10:09:00;217;com vítima;646,986;BR-262/MG;Leste;Colisão Lateral;;;2;;;;;;;;3;;;;1
13/12/2017;10:38:00;239;sem vítima;492,5;BR-153/GO;Norte;Colisão Traseira;1;;1;;;;;;;;2;;;;
13/12/2017;11:47:00;271;sem vítima;188,9;BR-153/MG;Norte;Choque - Elemento de Drenagem;;;1;;;;;;;;1;;;;
13/12/2017;13:42:00;338;sem vítima;26,3;BR-060/DF;Sul;Choque - Elemento de Drenagem;;;;;;;;;;1;1;;;;
13/12/2017;15:27:00;414;sem vítima;223,8;BR-153/MG;Sul;Colisão Traseira;1;;1;;;;;;;;2;;;;
13/12/2017;16:00:00;436;sem vítima;28,6;BR-060/GO;Norte;Capotamento;1;;;;;;;;;;1;;;;
13/12/2017;19:51:00;564;com vítima;494,534;BR-153/GO;Norte;Choque - Arvore;1;;;;;;;;;;0;;;1;
13/12/2017;22:02:00;622;sem vítima;567,01;BR-153/GO;Sul;Saida de Pista;1;;;;;;;;;;1;;;;
14/12/2017;05:02:00;63;sem vítima;579,576;BR-262/MG;Leste;Carreta deu L;;;1;;;;;;;;1;;;;
14/12/2017;13:50:00;293;com vítima;28,5;BR-060/GO;Norte;Capotamento;1;;;;;;;;;;0;1;;;
14/12/2017;14:34:00;314;com vítima;27,8;BR-060/DF;Sul;Capotamento;;;;;;;;;;1;1;1;;;
14/12/2017;14:49:00;323;com vítima;81,9;BR-060/GO;Norte;Choque - Elemento de Drenagem;1;;;;;;;;;;0;1;;;
14/12/2017;15:31:00;347;sem vítima;551,8;BR-153/GO;Norte;Saida de Pista;1;;;;;;;;;;1;;;;
14/12/2017;15:40:00;353;sem vítima;48,029;BR-060/GO;Norte;Choque - Elemento de Drenagem;1;;;;;;;;;;3;;;;
14/12/2017;15:53:00;359;sem vítima;458;BR-262/MG;Oeste;Engavetamento;1;;1;;;;;;;1;7;;;;
14/12/2017;16:26:00;372;com vítima;19,7;BR-060/DF;Sul;Capotamento;1;;;;;;;;;;1;2;;;
14/12/2017;16:33:00;375;com vítima;29;BR-060/DF;Sul;Choque - Defensa, barreira ou "submarino";1;;;;;;;;;;0;1;;;
14/12/2017;17:22:00;407;sem vítima;544;BR-262/MG;Leste;Choque - Talude;1;;;;;;;;;;1;;;;
14/12/2017;17:40:00;416;com vítima;520,3;BR-262/MG;Leste;Tombamento;;;1;;;;;;;;0;1;;;
14/12/2017;17:49:00;422;com vítima;521,5;BR-153/GO;Norte;Queda de Ciclista;;1;;;;;;;;;0;;1;;
14/12/2017;18:01:00;430;sem vítima;372;BR-262/MG;Leste;Colisão Traseira;1;;1;;;;;;;;2;;;;
14/12/2017;19:34:00;485;sem vítima;590,2;BR-262/MG;Oeste;Choque - Defensa, barreira ou "submarino";1;;;;;;;;;;1;;;;
14/12/2017;20:16:00;512;sem vítima;499,899;BR-153/GO;Sul;Colisão Traseira;2;;;;;;;;;;2;;;;
14/12/2017;20:53:00;535;sem vítima;509;BR-153/GO;Sul;Choque - Suporte de Sinalização;1;;;;;;;;;;1;;;;
14/12/2017;21:38:00;553;sem vítima;601;BR-153/GO;Norte;Saida de Pista;;;1;;;;;;;;1;;;;
14/12/2017;21:40:00;555;com vítima;49,313;BR-060/GO;Norte;Capotamento;1;;;;;;;;;;0;1;;;
15/12/2017;02:49:00;49;sem vítima;612;BR-262/MG;Oeste;Capotamento;1;;;;;;;;;;1;;;;
15/12/2017;03:08:00;54;sem vítima;552,35;BR-262/MG;Oeste;Tombamento;;;1;;;;;;;;1;;;;
15/12/2017;04:59:00;74;sem vítima;561;BR-262/MG;Oeste;Choque - Arvore;1;;;;;;;;;;1;;;;
15/12/2017;07:16:00;117;sem vítima;502;BR-153/GO;Norte;Colisão Traseira;2;;;;;;;;;;2;;;;
15/12/2017;07:36:00;128;com vítima;20;BR-060/DF;Norte;Capotamento;1;;;;;;;;;;0;1;;;
15/12/2017;07:55:00;137;sem vítima;504,8;BR-153/GO;Sul;Colisão Lateral;1;;;1;;;;;;;2;;;;
15/12/2017;08:00:00;140;sem vítima;448,9;BR-262/MG;Oeste;Colisão Traseira;1;;;;;;;;;1;2;;;;
15/12/2017;10:11:00;237;sem vítima;549;BR-262/MG;Leste;Choque - Defensa, barreira ou "submarino";1;;;;;;;;;;1;;;;
15/12/2017;10:30:00;253;com vítima;547,5;BR-262/MG;Leste;Choque - Talude;;;1;;;;;;;;0;;1;;
15/12/2017;11:39:00;296;sem vítima;504,9;BR-153/GO;Sul;Colisão Traseira;2;;;;;;;;;;2;;;;
15/12/2017;12:56:00;331;sem vítima;508,2;BR-153/GO;Sul;Choque - Defensa, barreira ou "submarino";1;;;;;;;;;;1;;;;
15/12/2017;13:33:00;346;sem vítima;17;BR-060/GO;Sul;Colisão Lateral;;;2;;;;;;;;2;;;;
15/12/2017;13:45:00;350;sem vítima;496,8;BR-153/GO;Norte;Colisão Traseira;2;;;;;;;;;;2;;;;
15/12/2017;13:49:00;353;sem vítima;496,1;BR-153/GO;Norte;Colisão Traseira;1;;1;;;;;;;;2;;;;
15/12/2017;14:37:00;373;com vítima;104,9;BR-060/GO;Sul;Queda de Moto;;;;1;;;;;;;1;1;;;
15/12/2017;14:44:00;375;sem vítima;92,7;BR-060/GO;Norte;Choque - Suporte de Sinalização;;;1;;;;;;;;1;;;;
15/12/2017;14:58:00;384;sem vítima;396,3;BR-262/MG;Oeste;Choque - Elemento de Drenagem;;;1;;;;;;;;1;;;;
15/12/2017;16:31:00;423;sem vítima;8,4;BR-060/DF;Sul;Choque - Talude;1;;;;;;;;;;1;;;;
15/12/2017;16:34:00;424;sem vítima;501,8;BR-153/GO;Sul;Colisão Traseira;1;;;;;;;;;1;2;;;;
15/12/2017;16:51:00;436;com vítima;465,9;BR-262/MG;Leste;Capotamento;2;;;;;;;;;;1;1;;;
15/12/2017;16:53:00;438;com vítima;2;BR-060/DF;Norte;Choque - Arvore;1;;;;;;;;;;0;1;;;
15/12/2017;17:31:00;464;com vítima;503,998;BR-153/GO;Norte;Choque - Suporte de Sinalização;;;1;;;;;;;;0;1;;;
15/12/2017;18:06:00;480;sem vítima;108,384;BR-153/MG;Sul;Colisão Traseira;;;1;;;1;;;;;2;;;;
15/12/2017;18:15:00;489;com vítima;473;BR-262/MG;Leste;Colisão Traseira;1;;;1;;;;;;;5;1;1;;
15/12/2017;18:53:00;507;sem vítima;139,957;BR-153/MG;Sul;Colisão Traseira;;;1;;;;;;;1;2;;;;
15/12/2017;20:17:00;552;sem vítima;498,155;BR-153/GO;Sul;Engavetamento;4;;1;;;;;;;;5;;;;
15/12/2017;20:56:00;578;sem vítima;26,399;BR-060/GO;Sul;Choque - Elemento de Drenagem;;;1;;;;;;;;1;;;;
15/12/2017;21:27:00;590;sem vítima;83,299;BR-060/GO;Norte;Choque - Elemento de Drenagem;1;;;;;;;;;;1;;;;
15/12/2017;22:02:00;613;sem vítima;135,8;BR-153/MG;Norte;Choque - Elemento de Drenagem;1;;;;;;;;;;3;;;;
15/12/2017;23:25:00;660;com vítima;872,564;BR-262/MG;Oeste;Choque - Talude;1;;;;;;;;;;0;1;;;
15/12/2017;23:48:00;667;sem vítima;440,62;BR-262/MG;Oeste;Choque - Defensa, barreira ou "submarino";1;;;;;;;;;;2;;;;
16/12/2017;03:03:00;57;sem vítima;380,7;BR-262/MG;Leste;Colisão Lateral;;;1;;;;;;;1;2;;;;
16/12/2017;03:47:00;88;sem vítima;530,792;BR-153/GO;Norte;Choque - Outros;1;;;;;;;;;;1;;;;
16/12/2017;05:29:00;151;sem vítima;586;BR-262/MG;Leste;Choque - Arvore;1;;;;;;;;;;2;;;;
16/12/2017;06:39:00;184;sem vítima;801;BR-262/MG;Leste;Colisão Traseira;2;;;;;;;;;;2;;;;
16/12/2017;06:54:00;192;sem vítima;382;BR-262/MG;Oeste;Choque - Defensa, barreira ou "submarino";1;;;;;;;;;;1;;;;
16/12/2017;07:10:00;197;com vítima;39,8;BR-060/GO;Sul;Capotamento;1;;;;;;;;;;1;1;;;
16/12/2017;07:21:00;203;sem vítima;568;BR-262/MG;Leste;Colisão Transversal;2;;;;;;;;;;8;;;;
16/12/2017;07:59:00;228;sem vítima;382;BR-262/MG;Oeste;Colisão Traseira;;;1;;;;;;;1;4;;;;
16/12/2017;08:02:00;232;sem vítima;435,9;BR-262/MG;Oeste;Choque - Defensa, barreira ou "submarino";;;;;;;;;;1;1;;;;
16/12/2017;08:04:00;234;sem vítima;33,173;BR-060/GO;Sul;Colisão Traseira;2;;;;;;;;;;2;;;;
16/12/2017;08:20:00;247;sem vítima;24,637;BR-060/GO;Sul;Choque - Defensa, barreira ou "submarino";;;1;;;;;;;;1;;;;
16/12/2017;09:07:00;273;sem vítima;517,569;BR-153/GO;Sul;Choque - Elemento de Drenagem;1;;1;;;;;;;;5;;;;