data;horario;n_da_ocorrencia;tipo_de_ocorrencia;km;trecho;sentido;tipo_de_acidente;automovel;bicicleta;caminhao;moto;onibus;outros;tracao_animal;transporte_de_cargas_especiais;trator_maquinas;utilitarios;ilesos;levemente_feridos;moderadamente_feridos;gravemente_feridos;mortos
16/12/2017;09:11:00;274;com vítima;602,8;BR-153/GO;Sul;Choque - Outros;;;3;;;;;;;;2;1;;;
16/12/2017;09:19:00;278;sem vítima;515;BR-153/GO;Norte;Colisão Transversal;2;;;;;;;;;;2;;;;
16/12/2017;10:53:00;337;com vítima;444;BR-262/MG;Oeste;Colisão Traseira;1;;;1;;;;;;;2;;;2;
16/12/2017;11:37:00;367;com vítima;114,7;BR-060/GO;Sul;Capotamento;1;;;;;;;;;;0;1;;;
16/12/2017;11:42:00;370;sem vítima;700;BR-262/MG;Leste;Saida de Pista;;;1;;;;;;;;1;;;;
16/12/2017;12:10:00;387;sem vítima;28;BR-060/DF;Norte;Choque - Talude;1;;;;;;;;;;1;;;;
16/12/2017;13:32:00;420;sem vítima;457,3;BR-262/MG;Oeste;Queda de Moto;;;;1;;;;;;;1;;;;
16/12/2017;14:00:00;433;sem vítima;101,9;BR-060/GO;Sul;Colisão Transversal;1;;1;;;;;;;;2;;;;
16/12/2017;15:11:00;467;sem vítima;493;BR-153/GO;Norte;Engavetamento;1;;1;;;;;;;1;3;;;;
16/12/2017;09:11:00;468;sem vítima;602;BR-153/GO;Sul;Colisão Lateral;1;;1;;;;;;;;2;;;;
16/12/2017;15:00:00;472;sem vítima;367;BR-262/MG;Oeste;Choque - Suporte de Sinalização;1;;;;;;;;;;1;;;;
16/12/2017;16:11:00;514;sem vítima;1;BR-153/MG;Norte;Colisão Traseira;1;;;1;;;;;;;2;;;;
16/12/2017;16:13:00;515;sem vítima;10;BR-060/DF;Norte;Colisão Traseira;3;;;;;;;;;;3;;;;
16/12/2017;16:22:00;523;sem vítima;392;BR-262/MG;Oeste;Colisão Traseira;1;;1;;;;;;;;3;;;;
16/12/2017;17:13:00;544;sem vítima;421,5;BR-262/MG;Leste;Saida de Pista;1;;;;;;;;;;5;;;;
16/12/2017;17:45:00;566;sem vítima;382,274;BR-262/MG;Oeste;Choque - Defensa, barreira ou "submarino";1;;;;;;;;;;4;;;;
16/12/2017;17:51:00;572;sem vítima;495,532;BR-153/GO;Norte;Colisão Lateral;;;;2;;;;;;;2;;;;
16/12/2017;18:13:00;589;sem vítima;495,952;BR-153/GO;Norte;Colisão Lateral;1;;1;;;;;;;;4;;;;
16/12/2017;18:25:00;596;sem vítima;703,5;BR-153/GO;Sul;Choque - Poste;;;1;;;;;;;;1;;;;
16/12/2017;19:29:00;633;sem vítima;852;BR-262/MG;Leste;Atropelamento de Animal;1;;;;;;;;;;3;;;;
16/12/2017;21:24:00;692;com vítima;441,17;BR-262/MG;Oeste;Engavetamento;1;;;2;;;;;;;2;;;1;
16/12/2017;22:13:00;714;sem vítima;359,069;BR-262/MG;Oeste;Choque - Suporte de Sinalização;1;;;;;;;;;;1;;;;
17/12/2017;01:30:00;25;sem vítima;421,49;BR-262/MG;Leste;Colisão Traseira;2;;;;;;;;;;2;;;;
17/12/2017;05:05:00;79;com vítima;617;BR-153/GO;Sul;Capotamento;;;;;;;;;;1;0;1;;;
17/12/2017;09:22:00;175;com vítima;559,8;BR-153/GO;Sul;Capotamento;1;;;;;;;;;;0;3;1;;
17/12/2017;09:56:00;195;sem vítima;463,2;BR-262/MG;Leste;Capotamento;1;;;;;;;;;;1;;;;
17/12/2017;12:19:00;278;sem vítima;611;BR-262/MG;Leste;Choque - Talude;;;1;;;;;;;;1;;;;
17/12/2017;12:36:00;285;com vítima;82,859;BR-060/GO;Norte;Capotamento;1;;;;;;;;;;0;1;1;;
17/12/2017;13:20:00;308;sem vítima;607;BR-262/MG;Leste;Capotamento;1;;;;;;;;;;1;;;;
17/12/2017;14:42:00;356;sem vítima;500,124;BR-153/GO;Sul;Colisão Traseira;;;;1;;;;;;;2;;;;
17/12/2017;16:08:00;402;sem vítima;163,7;BR-153/MG;Sul;Capotamento;1;;1;;;;;;;;2;;;;
17/12/2017;16:14:00;406;sem vítima;81,195;BR-060/GO;Sul;Saida de Pista;;;;;;;;;;1;2;;;;
17/12/2017;16:44:00;427;sem vítima;511,349;BR-153/GO;Sul;Colisão Traseira;1;;;;;;;;;;5;;;;
17/12/2017;16:58:00;437;sem vítima;377;BR-262/MG;Oeste;Colisão Lateral;2;;;;;;;;;;2;;;;
17/12/2017;19:37:00;526;com vítima;53,8;BR-153/MG;Sul;Colisão Traseira;;;2;;;;;;;;1;;1;;
17/12/2017;20:48:00;557;com vítima;124,271;BR-060/GO;Sul;Colisão Traseira;2;;;;;;;;;;2;;1;;
17/12/2017;21:19:00;574;com vítima;488,165;BR-262/MG;Oeste;Engavetamento;4;;;;;;;;;;3;2;1;;
18/12/2017;08:06:00;122;sem vítima;752,813;BR-262/MG;Leste;Tombamento;;;1;;;;;;;;2;;;;
18/12/2017;11:24:00;271;sem vítima;722,305;BR-262/MG;Leste;Capotamento;1;;;;;;;;;;1;;;;
18/12/2017;13:55:00;353;sem vítima;37;BR-153/MG;Norte;Saida de Pista;1;;;;;;;;;;1;;;;
18/12/2017;15:24:00;398;com vítima;473;BR-262/MG;Leste;Queda de Moto;;;;1;;;;;;;0;1;;;
18/12/2017;16:08:00;420;com vítima;10,266;BR-060/GO;Norte;Capotamento;1;;;;;;;;;;1;2;;;
18/12/2017;18:15:00;488;com vítima;602,212;BR-153/GO;Sul;Engavetamento;4;;;;;;;;;;2;4;;;
18/12/2017;19:37:00;529;sem vítima;29,312;BR-060/DF;Norte;Tombamento;;;;;;1;;;;1;2;;;;
18/12/2017;19:59:00;549;com vítima;491,8;BR-262/MG;Oeste;Colisão Transversal;1;;1;;;;;;;;1;;1;1;
18/12/2017;21:19:00;586;sem vítima;5,116;BR-060/GO;Sul;Tombamento;;;1;;;;;;;;1;;;;
19/12/2017;01:03:00;15;com vítima;546,235;BR-262/MG;Leste;Tombamento;;;1;;;;;;;;0;;1;;
19/12/2017;05:02:00;108;sem vítima;503,351;BR-153/GO;Norte;Choque - Defensa, barreira ou "submarino";1;;;;;;;;;;1;;;;
19/12/2017;05:11:00;113;sem vítima;461;BR-262/MG;Oeste;Colisão Traseira;1;;;;;1;;;;;2;;;;
19/12/2017;08:00:00;180;com vítima;495,417;BR-153/GO;Sul;Queda de Moto;;;;1;;;;;;;0;1;;;
19/12/2017;08:41:00;212;com vítima;793;BR-262/MG;Leste;Colisão Lateral;2;;1;;;;;;;;2;1;2;;
19/12/2017;08:59:00;228;com vítima;621,3;BR-262/MG;Leste;Choque - Talude;;;1;;;;;;;;1;;1;;
19/12/2017;14:46:00;440;sem vítima;136,916;BR-060/GO;Norte;Engavetamento;2;;1;;;;;;;;6;;;;
19/12/2017;15:07:00;457;sem vítima;394;BR-262/MG;Oeste;Colisão Lateral;1;;1;;;;;;;;2;;;;
19/12/2017;16:14:00;490;sem vítima;506,2;BR-153/GO;Sul;Colisão Traseira;1;;;1;;;;;;;2;;;;
19/12/2017;16:54:00;503;com vítima;115,727;BR-060/GO;Norte;Capotamento;1;;;;;;;;;;1;1;;;
19/12/2017;17:38:00;538;com vítima;9,749;BR-060/GO;Norte;Queda de Moto;;;;1;;;;;;;0;1;;;
19/12/2017;19:02:00;594;sem vítima;499,11;BR-153/GO;Sul;Colisão Traseira;2;;;;;;;;;;2;;;;
19/12/2017;19:16:00;604;com vítima;5,2;BR-060/GO;Norte;Capotamento;1;;;;;;;;;;0;1;;;
19/12/2017;19:43:00;618;sem vítima;580,555;BR-262/MG;Oeste;Tombamento;;;1;;;;;;;;2;;;;
20/12/2017;06:29:00;136;sem vítima;134;BR-060/GO;Sul;Queda de Moto;;;;1;;;;;;;1;;;;
20/12/2017;08:27:00;223;sem vítima;101,289;BR-060/GO;Norte;Queda de Moto;1;;;1;;;;;;;5;;;;
20/12/2017;09:54:00;304;sem vítima;116,738;BR-060/GO;Sul;Tombamento;;;1;;;;;;;;2;;;;
20/12/2017;12:01:00;388;sem vítima;138,1;BR-153/MG;Sul;Colisão Transversal;1;;1;;;;;;;;2;;;;
20/12/2017;13:47:00;461;sem vítima;538;BR-262/MG;Leste;Tombamento;;;1;;;;;;;;1;;;;
20/12/2017;14:14:00;480;com vítima;6,965;BR-153/MG;Sul;Tombamento;;;1;;;;;;;;0;1;;;
20/12/2017;15:48:00;547;sem vítima;7,1;BR-153/MG;Norte;Colisão Traseira;2;;;;;;;;;;6;;;;
20/12/2017;16:26:00;575;com vítima;506,732;BR-153/GO;Norte;Capotamento;2;;;;;;;;;;2;2;;;
20/12/2017;17:21:00;609;sem vítima;646;BR-153/GO;Sul;Tombamento;;;2;;;;;;;;2;;;;
20/12/2017;17:39:00;623;sem vítima;504,032;BR-153/GO;Sul;Colisão Traseira;1;;;1;;;;;;;3;;;;
20/12/2017;17:43:00;626;sem vítima;148;BR-153/MG;Sul;Colisão Traseira;;;1;;;1;;;;;2;;;;
20/12/2017;17:53:00;632;sem vítima;97,6;BR-153/MG;Norte;Colisão Lateral;;;2;;;;;;;1;7;;;;
20/12/2017;17:56:00;634;sem vítima;129,816;BR-060/GO;Norte;Colisão Traseira;;;2;;;;;;;;2;;;;
20/12/2017;18:04:00;638;sem vítima;126,5;BR-060/GO;Sul;Capotamento;1;;;;;;;;;;1;;;;
20/12/2017;18:28:00;654;com vítima;364,471;BR-262/MG;Oeste;Capotamento;1;;1;;;;;;;;1;2;;2;
20/12/2017;18:35:00;657;sem vítima;128,9;BR-060/GO;Sul;Colisão Traseira;2;;;;;;;;;;2;;;;
20/12/2017;19:49:00;706;com vítima;511,709;BR-153/GO;Sul;Colisão Traseira;1;;;1;;;;;;;1;;1;;
20/12/2017;20:25:00;725;sem vítima;479,641;BR-262/MG;Leste;Choque - Talude;;;1;;;;;;;;1;;;;
20/12/2017;20:46:00;739;sem vítima;49,9;BR-060/GO;Norte;Choque - Outros;1;;;;;;;;;;1;;;;
20/12/2017;22:29:00;798;sem vítima;3,001;BR-060/DF;Sul;Colisão Traseira;1;;;;;;;;;;1;;;;
20/12/2017;22:31:00;799;com vítima;508,001;BR-153/GO;Sul;Queda de Moto;;;;1;;;;;;;0;;1;;
21/12/2017;03:31:00;60;com vítima;55,6;BR-153/MG;Sul;Choque - Defensa, barreira ou "submarino";;;;;1;;;;;;0;;;1;
21/12/2017;07:53:00;184;sem vítima;508;BR-153/GO;Sul;Colisão Traseira;1;;;;;;;;;1;2;;;;
21/12/2017;07:55:00;186;com vítima;126,5;BR-153/MG;Sul;Colisão Traseira;;;4;;;;;;;;4;1;;;
21/12/2017;08:41:00;224;sem vítima;0,8;BR-060/DF;Norte;Colisão Traseira;;;;1;;;;;;;1;;;;
21/12/2017;09:38:00;273;com vítima;96,846;BR-060/GO;Norte;Colisão Lateral;;;1;1;;;;;;;1;;1;;
21/12/2017;10:03:00;297;sem vítima;506,026;BR-153/GO;Norte;Colisão Traseira;2;;;;;;;;;;3;;;;
21/12/2017;11:09:00;347;sem vítima;491,656;BR-153/GO;Norte;Queda de Moto;;;;1;;;;;;;2;;;;
21/12/2017;12:40:00;395;sem vítima;816,8;BR-262/MG;Oeste;Saida de Pista;1;;;;;;;;;;1;;;;
21/12/2017;14:01:00;433;com vítima;586;BR-153/GO;Norte;Engavetamento;3;;;;;1;;;;;7;2;;;
21/12/2017;15:30:00;472;sem vítima;405;BR-262/MG;Leste;Queda de Moto;;;;1;;;;;;;2;;;;
21/12/2017;16:01:00;494;sem vítima;139,5;BR-153/MG;Sul;Tombamento;;;1;;;;;;;;1;;;;
21/12/2017;18:19:00;568;com vítima;777,971;BR-262/MG;Oeste;Capotamento;1;;;;;;;;;;0;1;;;
21/12/2017;18:37:00;582;sem vítima;693,8;BR-153/GO;Sul;Choque - Outros;1;;;;;;;;;;5;;;;
21/12/2017;23:45:00;732;sem vítima;48,856;BR-060/GO;Sul;Colisão Traseira;;;2;;;;;;;;2;;;;
22/12/2017;06:15:00;82;sem vítima;169,1;BR-153/MG;Norte;Choque - Objeto sobre a pista;1;;;;;;;;;;1;;;;
22/12/2017;06:18:00;84;sem vítima;659,4;BR-153/GO;Sul;Saida de Pista;;;1;;;;;;;;2;;;;
22/12/2017;07:52:00;134;sem vítima;109,776;BR-060/GO;Sul;Capotamento;1;;;;;;;;;;1;;;;
22/12/2017;08:07:00;148;sem vítima;111,7;BR-060/GO;Sul;Engavetamento;5;;1;;;;;;;1;10;;;;
22/12/2017;08:00:00;169;sem vítima;124;BR-153/MG;Norte;Colisão Traseira;1;;1;;;;;;;;2;;;;
22/12/2017;09:03:00;190;com vítima;506,8;BR-153/GO;Norte;Engavetamento;1;;1;1;;;;;;;2;1;;;
22/12/2017;09:36:00;211;sem vítima;139;BR-153/MG;Norte;Colisão Traseira;1;;;;;;;;;1;3;;;;
22/12/2017;10:00:00;229;sem vítima;112,3;BR-060/GO;Norte;Choque - Defensa, barreira ou "submarino";1;;;;;;;;;;1;;;;
22/12/2017;11:02:00;277;sem vítima;43;BR-153/MG;Norte;Colisão Traseira;1;;;;;;;;;1;2;;;;
22/12/2017;13:07:00;332;com vítima;223,7;BR-153/MG;Norte;Queda de Moto;;;;1;;;;;;;0;1;;;
22/12/2017;14:35:00;404;com vítima;502,852;BR-262/MG;Leste;Colisão Transversal;3;;;;;;;;;;1;;1;1;
22/12/2017;14:47:00;411;com vítima;574;BR-262/MG;Leste;Colisão Transversal;1;;1;;;;;;;;1;1;;1;3
22/12/2017;16:36:00;482;sem vítima;147;BR-153/MG;Sul;Capotamento;1;;;;;;;;;;2;;;;
22/12/2017;16:36:00;483;com vítima;593,299;BR-153/GO;Sul;Colisão Lateral;;;1;;1;;;;;1;17;33;3;2;1
22/12/2017;17:09:00;508;sem vítima;498,6;BR-153/GO;Sul;Engavetamento;4;;;;;;;;;;4;;;;
22/12/2017;17:19:00;515;sem vítima;23;BR-153/MG;Sul;Colisão Traseira;;;;;;;;;;2;6;;;;
22/12/2017;17:20:00;517;sem vítima;97;BR-060/GO;Norte;Saida de Pista;1;;;;;;;;;;1;;;;
22/12/2017;17:39:00;530;sem vítima;500,7;BR-153/GO;Norte;Colisão Lateral;1;;1;;;;;;;;2;;;;
22/12/2017;17:47:00;539;sem vítima;644;BR-153/GO;Norte;Tombamento;;;;;;;;;;1;2;;;;
22/12/2017;18:46:00;569;com vítima;495,611;BR-153/GO;Norte;Capotamento;1;;;;;;;;;;0;1;;;
22/12/2017;19:09:00;586;com vítima;494,8;BR-153/GO;Norte;Queda de Moto;;;;1;;;;;;;0;1;;;
22/12/2017;20:08:00;623;sem vítima;106;BR-060/GO;Sul;Colisão Lateral;2;;;;;;;;;;2;;;;
22/12/2017;20:44:00;649;sem vítima;43;BR-153/MG;Sul;Colisão Traseira;1;;1;;;;;;;;4;;;;
22/12/2017;21:02:00;659;sem vítima;552,3;BR-153/GO;Norte;Choque - Talude;1;;;;;;;;;;1;;;;
22/12/2017;22:06:00;684;sem vítima;129,043;BR-060/GO;Norte;Saida de Pista;1;;;;;;;;;;1;;;;
22/12/2017;22:48:00;708;com vítima;0,2;BR-153/MG;Sul;Atropelamento - Andarilho;;;1;;1;;;;;;2;;;;1
22/12/2017;22:54:00;710;sem vítima;509;BR-153/GO;Sul;Choque - Defensa, barreira ou "submarino";1;;;;;;;;;;1;;;;
22/12/2017;23:10:00;719;sem vítima;95,12;BR-060/GO;Norte;Choque - Elemento de Drenagem;1;;;;;;;;;;1;;;;
22/12/2017;23:42:00;739;com vítima;96,2;BR-060/GO;Sul;Colisão Lateral;1;;1;;;;;;;;4;1;;;
23/12/2017;00:34:00;7;sem vítima;499,125;BR-153/GO;Norte;Saida de Pista;1;;;;;;;;;;1;;;;
23/12/2017;03:40:00;49;sem vítima;46,575;BR-060/GO;Norte;Colisão Traseira;2;;;;;;;;;;5;;;;
23/12/2017;03:50:00;53;sem vítima;41,172;BR-060/GO;Sul;Choque - Talude;1;;;;;;;;;;1;;;;
23/12/2017;04:29:00;62;sem vítima;580,1;BR-153/GO;Sul;Choque - Suporte de Sinalização;1;;;;;;;;;;2;;;;
23/12/2017;05:17:00;72;sem vítima;29,199;BR-060/DF;Sul;Capotamento;1;;;;;;;;;;2;;;;
23/12/2017;06:55:00;102;sem vítima;801,148;BR-262/MG;Leste;Colisão Traseira;1;;;;;1;;;;;2;;;;
23/12/2017;07:33:00;126;sem vítima;230,5;BR-153/MG;Sul;Choque - Arvore;1;;1;;;;;;;;2;;;;
23/12/2017;07:43:00;133;sem vítima;5;BR-153/MG;Norte;Saida de Pista;1;;;;;;;;;;1;;;;
23/12/2017;08:47:00;183;com vítima;124,001;BR-153/MG;Norte;Engavetamento;6;;;;;;;;;;10;2;2;;
23/12/2017;09:20:00;205;sem vítima;0,5;BR-060/GO;Sul;Choque - Poste;1;;;;;;;;;;2;;;;
23/12/2017;11:09:00;262;sem vítima;594,577;BR-262/MG;Leste;Colisão Lateral;1;;2;;;;;;;;8;;;;
23/12/2017;13:20:00;342;sem vítima;131,2;BR-060/GO;Norte;Colisão Traseira;2;;;;;;;;;;2;;;;
23/12/2017;13:26:00;346;com vítima;21,61;BR-060/DF;Norte;Queda de Moto;;;;1;;;;;;;0;1;;;
23/12/2017;17:12:00;486;sem vítima;47,262;BR-060/GO;Norte;Capotamento;1;;;;;;;;;;1;;;;
23/12/2017;17:59:00;515;sem vítima;590,94;BR-262/MG;Leste;Choque - Suporte de Sinalização;1;;;;;;;;;;1;;;;
23/12/2017;18:39:00;546;sem vítima;574,25;BR-262/MG;Leste;Saida de Pista;1;;;;;;;;;;1;;;;
23/12/2017;19:03:00;562;sem vítima;572,171;BR-262/MG;Leste;Colisão Traseira;2;;;;;;;;;;2;;;;
23/12/2017;19:22:00;567;com vítima;364,267;BR-262/MG;Oeste;Queda de Moto;;;;1;;;;;;;0;2;;;
23/12/2017;20:31:00;611;com vítima;497,3;BR-153/GO;Norte;Colisão Traseira;1;;;1;;;;;;;1;1;;;
24/12/2017;00:14:00;4;com vítima;58;BR-153/MG;Sul;Capotamento;;;;;;;;;;1;1;1;;;
24/12/2017;04:11:00;57;com vítima;4,561;BR-060/DF;Sul;Choque - Poste;1;;;;;;;;;;0;1;;;
24/12/2017;04:49:00;66;sem vítima;821,355;BR-262/MG;Oeste;Capotamento;;;1;;;;;;;;1;;;;
24/12/2017;07:04:00;104;sem vítima;548,5;BR-262/MG;Leste;Capotamento;1;;;;;;;;;;5;;;;
24/12/2017;08:19:00;127;sem vítima;545,5;BR-153/GO;Sul;Choque - Outros;1;;;;;;;;;;5;;;;
24/12/2017;09:50:00;182;sem vítima;17,1;BR-153/MG;Sul;Capotamento;1;;;;;;;;;;1;;;;
24/12/2017;10:06:00;188;com vítima;116,881;BR-060/GO;Sul;Capotamento;1;;;;;;;;;;0;1;;;
24/12/2017;14:32:00;334;sem vítima;19,095;BR-060/DF;Norte;Choque - Elemento de Drenagem;1;;;;;;;;;;1;;;;
24/12/2017;15:03:00;345;sem vítima;90,192;BR-060/GO;Norte;Choque - Elemento de Drenagem;1;;;;;;;;;;1;;;;
24/12/2017;16:19:00;374;com vítima;388;BR-262/MG;Oeste;Colisão Transversal;1;;;1;;;;;;;1;;1;;
24/12/2017;16:37:00;382;sem vítima;506,008;BR-153/GO;Norte;Choque - Defensa, barreira ou "submarino";1;;;;;;;;;;1;;;;
24/12/2017;17:24:00;402;sem vítima;556,983;BR-153/GO;Sul;Tombamento;1;;;;;;;;;;2;;;;
24/12/2017;17:43:00;413;sem vítima;384,3;BR-262/MG;Oeste;Capotamento;1;;;;;;;;;;1;;;;
24/12/2017;17:49:00;423;sem vítima;384,3;BR-262/MG;Oeste;Queda de Moto;;;;1;;;;;;;1;;;;
24/12/2017;19:21:00;460;sem vítima;671,6;BR-153/GO;Sul;Choque - Defensa, barreira ou "submarino";1;;;;;;;;;;1;;;;
25/12/2017;02:26:00;30;sem vítima;34,477;BR-060/GO;Sul;Choque - Outros;1;;;;;;;;;;1;;;;
25/12/2017;04:25:00;48;com vítima;513,5;BR-153/GO;Sul;Queda de Moto;;;;1;;;;;;;0;;1;;
25/12/2017;10:48:00;169;sem vítima;125,872;BR-060/GO;Norte;Queda de Moto;;;;1;;;;;;;1;;;;
25/12/2017;12:46:00;253;sem vítima;568,5;BR-262/MG;Oeste;Tombamento;1;;;;;;;;;;1;;;;
25/12/2017;13:08:00;267;sem vítima;590;BR-262/MG;Leste;Capotamento;1;;;;;;;;;;1;;;;
25/12/2017;14:32:00;302;sem vítima;547;BR-153/GO;Sul;Choque - Outros;1;;;;;;;;;;1;;;;
25/12/2017;14:33:00;303;sem vítima;23,541;BR-060/DF;Norte;Choque - Arvore;1;;;;;;;;;;4;;;;
25/12/2017;14:50:00;311;sem vítima;579;BR-153/GO;Norte;Capotamento;1;;;;;;;;;;2;;;;
25/12/2017;15:06:00;317;sem vítima;494;BR-262/MG;Leste;Capotamento;1;;;;;;;;;;1;;;;
25/12/2017;15:30:00;329;sem vítima;558,5;BR-153/GO;Norte;Capotamento;1;;;;;;;;;;1;;;;
25/12/2017;15:35:00;348;com vítima;558,5;BR-153/GO;Norte;Capotamento;3;;;;;;;;;;5;1;;;
25/12/2017;16:28:00;361;sem vítima;608,001;BR-153/GO;Norte;Choque - Elemento de Drenagem;1;;;;;;;;;;5;;;;
25/12/2017;16:28:00;363;sem vítima;108;BR-060/GO;Norte;Colisão Traseira;1;;;;;;;;;1;2;;;;
25/12/2017;16:47:00;373;sem vítima;96,1;BR-060/GO;Norte;Engavetamento;3;;;;;;;;;;3;;;;
25/12/2017;16:52:00;377;sem vítima;97,899;BR-060/GO;Norte;Capotamento;3;;;;;;;;;1;11;;;;
25/12/2017;17:01:00;380;com vítima;811,6;BR-262/MG;Leste;Choque - Poste;1;;;;;;;;;;0;;;1;
25/12/2017;17:55:00;412;com vítima;485,1;BR-262/MG;Oeste;Colisão Traseira;1;;;1;;;;;;;1;2;;;
25/12/2017;18:24:00;428;sem vítima;91,888;BR-060/GO;Sul;Colisão Traseira;2;;;;;;;;;;4;;;;
25/12/2017;18:43:00;441;sem vítima;491,001;BR-153/GO;Sul;Colisão Lateral;1;;1;;;;;;;;6;;;;
25/12/2017;19:53:00;495;sem vítima;495,3;BR-153/GO;Norte;Queda de Moto;;;;1;;;;;;;1;;;;
25/12/2017;21:36:00;556;com vítima;373,429;BR-262/MG;Leste;Capotamento;1;;;;;;;;;;0;;;;1
25/12/2017;23:01:00;584;com vítima;441,1;BR-262/MG;Leste;Queda de Moto;;;;1;;;;;;;0;1;;;
26/12/2017;01:30:00;22;com vítima;72,409;BR-060/GO;Norte;Capotamento;1;;;;;;;;;;0;1;;;
26/12/2017;07:34:00;102;sem vítima;5,9;BR-060/DF;Sul;Colisão Traseira;2;;;;;;;;;;2;;;;
26/12/2017;07:41:00;109;sem vítima;368,5;BR-262/MG;Leste;Tombamento;1;;;;;;;;;;1;;;;
26/12/2017;07:42:00;110;sem vítima;65;BR-060/GO;Norte;Capotamento;1;;;;;;;;;;1;;;;
26/12/2017;07:51:00;118;com vítima;11,2;BR-060/DF;Norte;Colisão Transversal;2;;;;;;;;;;1;3;1;;
26/12/2017;08:43:00;148;sem vítima;70,9;BR-060/GO;Norte;Saida de Pista;1;;;;;;;;;;1;;;;
26/12/2017;09:41:00;184;sem vítima;83;BR-153/MG;Sul;Choque - Poste;1;;;;;;;;;;4;;;;
26/12/2017;10:13:00;200;sem vítima;607,8;BR-153/GO;Sul;Capotamento;1;;;;;;;;;;1;;;;
26/12/2017;12:39:00;287;sem vítima;76,7;BR-060/GO;Sul;Capotamento;1;;;;;;;;;;3;;;;
26/12/2017;12:51:00;296;sem vítima;368;BR-262/MG;Oeste;Colisão Traseira;1;;1;;;;;;;;2;;;;
26/12/2017;12:57:00;302;sem vítima;128,199;BR-060/GO;Sul;Colisão Traseira;;;2;;;;;;;;2;;;;
26/12/2017;12:59:00;304;sem vítima;628;BR-153/GO;Norte;Saida de Pista;1;;;;;;;;;;1;;;;
26/12/2017;13:55:00;330;sem vítima;654,272;BR-153/GO;Norte;Tombamento;;;1;;;;;;;;1;;;;
26/12/2017;14:16:00;338;com vítima;10,9;BR-060/DF;Norte;Colisão Traseira;;;;1;;;;;;1;1;1;;;
26/12/2017;15:05:00;367;sem vítima;42,936;BR-060/GO;Sul;Colisão Traseira;1;;;;;;;;;1;2;;;;
26/12/2017;15:51:00;400;sem vítima;510,1;BR-153/GO;Norte;Engavetamento;5;;;;;;;;;;11;;;;
26/12/2017;16:51:00;438;sem vítima;558,5;BR-153/GO;Norte;Choque - Elemento de Drenagem;1;;;;;;;;;;4;;;;
26/12/2017;18:07:00;483;sem vítima;595,4;BR-262/MG;Leste;Saida de Pista;1;;;;;;;;;;1;;;;
26/12/2017;19:16:00;529;sem vítima;383;BR-262/MG;Leste;Saida de Pista;1;;;;;;;;;;1;;;;
26/12/2017;23:24:00;630;com vítima;46,2;BR-060/GO;Norte;Choque - Talude;1;;;;;;;;;;0;1;;;
27/12/2017;05:35:00;64;com vítima;130,8;BR-060/GO;Sul;Colisão Traseira;;;1;1;;;;;;;1;;;1;
27/12/2017;07:37:00;95;sem vítima;29,9;BR-153/MG;Norte;Saida de Pista;1;;;;;;;;;;1;;;;
27/12/2017;08:24:00;116;sem vítima;96;BR-153/MG;Norte;Tombamento;1;;;;;;;;;;1;;;;
27/12/2017;12:38:00;270;sem vítima;554;BR-262/MG;Oeste;Colisão Traseira;;;2;;;;;;;;2;;;;
27/12/2017;13:42:00;299;sem vítima;389;BR-262/MG;Oeste;Colisão Traseira;1;;1;;;;;;;;2;;;;
27/12/2017;15:29:00;361;sem vítima;353;BR-262/MG;Leste;Queda de Moto;;;;1;;;;;;;1;;;;
27/12/2017;15:37:00;367;com vítima;107,331;BR-060/GO;Sul;Colisão Traseira;2;;;;;;;;;;1;2;;;
27/12/2017;16:02:00;384;sem vítima;11,9;BR-060/DF;Norte;Choque - Poste;1;;;;;;;;;;1;;;;
27/12/2017;17:19:00;423;sem vítima;525;BR-262/MG;Leste;Colisão Traseira;2;;;;;;;;;;2;;;;
27/12/2017;17:56:00;452;sem vítima;43,987;BR-153/MG;Sul;Saida de Pista;;;;;;;;;;1;1;;;;
27/12/2017;20:03:00;522;com vítima;3,39;BR-060/GO;Norte;Capotamento;1;;;;;;;;;;0;3;;;
27/12/2017;20:09:00;525;com vítima;40,733;BR-060/GO;Norte;Colisão Lateral;2;;;;;;;;;;3;1;;;
27/12/2017;22:33:00;575;com vítima;5,008;BR-153/MG;Sul;Colisão Traseira;;;1;1;;;;;;;1;1;1;;
27/12/2017;23:30:00;598;sem vítima;12,939;BR-060/DF;Sul;Choque - Talude;1;;;;;;;;;;1;;;;
28/12/2017;00:23:00;8;com vítima;4,196;BR-060/DF;Norte;Capotamento;1;;;;;;;;;;0;1;;;
28/12/2017;05:57:00;80;com vítima;515,565;BR-153/GO;Norte;Colisão Traseira;;;1;1;;;;;;;1;1;;;
28/12/2017;08:57:00;160;sem vítima;446;BR-262/MG;Oeste;Colisão Lateral;2;;;;;;;;;;2;;;;
28/12/2017;19:51:00;596;sem vítima;493;BR-153/GO;Sul;Choque - Suporte de Sinalização;1;;;;;;;;;;2;;;;
28/12/2017;20:18:00;613;com vítima;443,367;BR-262/MG;Leste;Atropelamento - Ambulante;;;1;;;;;;;;1;1;;;
28/12/2017;20:31:00;620;com vítima;579,799;BR-153/GO;Norte;Queda de Moto;;;;1;;;;;;;0;1;;;
28/12/2017;22:44:00;670;com vítima;832,188;BR-262/MG;Leste;Choque - Defensa, barreira ou "submarino";1;;;;;;;;;;0;1;;;
29/12/2017;00:14:00;3;sem vítima;183,5;BR-153/MG;Sul;Tombamento;;;1;;;;;;;;1;;;;
29/12/2017;00:30:00;8;com vítima;17,3;BR-153/MG;Sul;Saida de Pista;1;;;;;;;;;;1;1;;;