data;horario;n_da_ocorrencia;tipo_de_ocorrencia;km;trecho;sentido;tipo_de_acidente;automovel;bicicleta;caminhao;moto;onibus;outros;tracao_animal;transporte_de_cargas_especiais;trator_maquinas;utilitarios;ilesos;levemente_feridos;moderadamente_feridos;gravemente_feridos;mortos
29/12/2017;05:11:00;95;sem vítima;376,971;BR-262/MG;Leste;Choque - Defensa, barreira ou "submarino";;;1;;;;;;;;1;;;;
29/12/2017;05:36:00;111;sem vítima;197,001;BR-153/MG;Norte;Colisão Transversal;1;;1;;;;;;;;4;;;;
29/12/2017;09:50:00;300;sem vítima;94;BR-060/GO;Norte;Colisão Traseira;1;;1;;;;;;;;2;;;;
29/12/2017;10:17:00;319;com vítima;47,659;BR-060/GO;Sul;Colisão Lateral;;;;2;;;;;;;0;2;;;
29/12/2017;16:19:00;515;com vítima;46,821;BR-060/GO;Norte;Capotamento;1;;;;;;;;;;2;2;;;
29/12/2017;16:35:00;524;sem vítima;591;BR-153/GO;Norte;Choque - Elemento de Drenagem;1;;;;;;;;;;1;;;;
29/12/2017;16:53:00;539;sem vítima;51;BR-060/GO;Norte;Saida de Pista;1;;;;;;;;;;1;;;;
29/12/2017;17:11:00;551;sem vítima;502,969;BR-153/GO;Norte;Choque - Defensa, barreira ou "submarino";;;1;;;;;;;;1;;;;
29/12/2017;17:54:00;577;sem vítima;5,224;BR-060/GO;Sul;Saida de Pista;1;;;;;;;;;;2;;;;
29/12/2017;18:30:00;598;com vítima;532,471;BR-262/MG;Oeste;Colisão Frontal;1;;1;;;;;;;;2;;;;1
29/12/2017;20:35:00;670;sem vítima;768;BR-262/MG;Leste;Saida de Pista;;;;;;;;;;1;2;;;;
30/12/2017;00:42:00;12;com vítima;494,001;BR-153/GO;Norte;Atropelamento - Ciclista;1;1;;;;;;;;;1;1;;;
30/12/2017;05:50:00;74;sem vítima;17;BR-153/MG;Sul;Saida de Pista;1;;;;;;;;;;1;;;;
30/12/2017;06:37:00;86;sem vítima;0;BR-153/MG;Norte;Saida de Pista;1;;;;;;;;;;1;;;;
30/12/2017;08:03:00;112;sem vítima;437;BR-262/MG;Oeste;Capotamento;1;;;;;;;;;;1;;;;
30/12/2017;08:27:00;125;sem vítima;587;BR-262/MG;Oeste;Saida de Pista;;;1;;;;;;;;1;;;;
30/12/2017;08:44:00;133;sem vítima;590;BR-262/MG;Leste;Choque - Defensa, barreira ou "submarino";;;;;;;;;;1;1;;;;
30/12/2017;08:47:00;135;sem vítima;161;BR-153/MG;Sul;Choque - Suporte de Sinalização;;;1;;;;;;;;1;;;;
30/12/2017;08:47:00;136;sem vítima;547,5;BR-262/MG;Leste;Choque - Talude;1;;;;;;;;;;1;;;;
30/12/2017;08:51:00;139;sem vítima;383;BR-262/MG;Oeste;Capotamento;1;;;;;;;;;;1;;;;
30/12/2017;09:03:00;146;com vítima;589,3;BR-262/MG;Leste;Capotamento;1;;;;;;;;;;0;3;;;
30/12/2017;09:12:00;148;sem vítima;460;BR-262/MG;Oeste;Colisão Traseira;1;;1;;;;;;;;6;;;;
30/12/2017;09:32:00;159;com vítima;98,001;BR-153/MG;Norte;Choque - Defensa, barreira ou "submarino";1;;1;;;;;;;;4;2;;;
30/12/2017;10:26:00;187;sem vítima;160,9;BR-153/MG;Sul;Capotamento;1;;;;;;;;;;2;;;;
30/12/2017;10:52:00;205;sem vítima;408;BR-262/MG;Oeste;Saida de Pista;1;;;;;;;;;;1;;;;
30/12/2017;11:17:00;221;sem vítima;512;BR-153/GO;Sul;Colisão Traseira;1;;1;;;;;;;;2;;;;
30/12/2017;11:20:00;224;sem vítima;380,9;BR-262/MG;Oeste;Saida de Pista;1;;;;;;;;;;1;;;;
30/12/2017;11:31:00;231;sem vítima;380;BR-262/MG;Oeste;Capotamento;1;;;;;;;;;;1;;;;
30/12/2017;11:39:00;233;com vítima;124,001;BR-153/MG;Sul;Colisão Traseira;1;;;;;;;;;;3;2;;;
30/12/2017;11:51:00;236;sem vítima;549;BR-262/MG;Leste;Capotamento;1;;;;;;;;;;1;;;;
30/12/2017;12:07:00;239;sem vítima;583;BR-262/MG;Leste;Capotamento;1;;;;;;;;;;1;;;;
30/12/2017;12:11:00;240;sem vítima;382;BR-262/MG;Oeste;Choque - Defensa, barreira ou "submarino";1;;;;;;;;;;1;;;;
30/12/2017;12:20:00;251;com vítima;46,3;BR-060/GO;Norte;Capotamento;1;;;;;;;;;;1;3;;;
30/12/2017;12:44:00;263;sem vítima;547;BR-262/MG;Leste;Saida de Pista;1;;;;;;;;;;3;;;;
30/12/2017;12:45:00;264;sem vítima;607;BR-262/MG;Leste;Capotamento;1;;;;;;;;;;2;;;;
30/12/2017;13:15:00;276;sem vítima;382;BR-262/MG;Oeste;Saida de Pista;1;;;;;;;;;;1;;;;
30/12/2017;14:08:00;302;sem vítima;40,6;BR-060/GO;Norte;Capotamento;1;;;;;;;;;;1;;;;
30/12/2017;14:24:00;309;sem vítima;114,3;BR-060/GO;Norte;Choque - Defensa, barreira ou "submarino";1;;;;;;;;;;1;;;;
30/12/2017;14:35:00;315;com vítima;364,3;BR-262/MG;Oeste;Queda de Moto;;;;1;;;;;;;1;;1;;
30/12/2017;14:44:00;323;sem vítima;89,8;BR-060/GO;Sul;Colisão Traseira;2;;;;;;;;;;2;;;;
30/12/2017;14:49:00;325;sem vítima;659,001;BR-153/GO;Norte;Colisão Traseira;2;;;;;;;;;;2;;;;
30/12/2017;14:53:00;328;sem vítima;106;BR-060/GO;Sul;Colisão Traseira;1;;;;;;;;;;1;;;;
30/12/2017;15:28:00;343;com vítima;91,8;BR-060/GO;Norte;Choque - Outros;1;;;;;;;;;;0;1;1;;
30/12/2017;15:40:00;350;sem vítima;382,5;BR-262/MG;Oeste;Capotamento;1;;;;;;;;;;1;;;;
30/12/2017;15:55:00;357;sem vítima;575;BR-262/MG;Leste;Choque - Talude;1;;;;;;;;;;2;;;;
30/12/2017;16:34:00;371;sem vítima;494,5;BR-153/GO;Norte;Colisão Traseira;1;;1;;;;;;;;2;;;;
30/12/2017;16:35:00;372;sem vítima;117,852;BR-060/GO;Norte;Colisão Lateral;2;;;;;;;;;;7;;;;
30/12/2017;16:38:00;375;sem vítima;19;BR-153/MG;Sul;Colisão Traseira;1;;1;;;;;;;;2;;;;
30/12/2017;17:37:00;396;com vítima;608,062;BR-262/MG;Leste;Capotamento;;;;;;;;;;1;0;1;2;;1
30/12/2017;18:00:00;405;sem vítima;452;BR-262/MG;Oeste;Colisão Transversal;2;;;;;;;;;;2;;;;
30/12/2017;18:06:00;406;com vítima;469,567;BR-262/MG;Oeste;Colisão Frontal;3;;;;;;;;;;4;;1;;
30/12/2017;19:01:00;425;com vítima;517,4;BR-153/GO;Sul;Capotamento;;;1;;;;;;;;1;1;;;
30/12/2017;21:02:00;484;sem vítima;576;BR-153/GO;Sul;Capotamento;1;;;;;;;;;;3;;;;
30/12/2017;21:47:00;502;sem vítima;382,8;BR-262/MG;Oeste;Choque - Outros;1;;;;;;;;;;1;;;;
31/12/2017;00:31:00;6;sem vítima;245,781;BR-153/MG;Sul;Choque - Elemento de Drenagem;1;;;;;;;;;;2;;;;
31/12/2017;03:43:00;48;com vítima;496,561;BR-262/MG;Oeste;Choque - Arvore;1;;;;;;;;;;0;1;;;
31/12/2017;03:50:00;49;sem vítima;16,854;BR-060/DF;Sul;Choque - Talude;1;;;;;;;;;;1;;;;
31/12/2017;07:35:00;82;sem vítima;172,001;BR-153/MG;Sul;Choque - Suporte de Sinalização;1;;;;;;;;;;1;;;;
31/12/2017;08:34:00;95;com vítima;458,168;BR-262/MG;Oeste;Capotamento;1;;;;;;;;;;1;2;;;
31/12/2017;10:08:00;123;sem vítima;515,4;BR-153/GO;Norte;Queda de Moto;1;;;1;;;;;;;2;;;;
31/12/2017;13:28:00;202;sem vítima;548,6;BR-262/MG;Oeste;Capotamento;1;;;;;;;;;;1;;;;
31/12/2017;13:55:00;208;com vítima;442;BR-262/MG;Leste;Colisão Traseira;1;;;1;;;;;;;3;;1;;
31/12/2017;13:57:00;210;sem vítima;53,23;BR-060/GO;Norte;Capotamento;1;;;;;;;;;;1;;;;
31/12/2017;15:12:00;240;sem vítima;117,888;BR-060/GO;Norte;Colisão Traseira;1;;;1;;;;;;;2;;;;
31/12/2017;20:48:00;349;sem vítima;244;BR-153/MG;Norte;Choque - Elemento de Drenagem;1;;;;;;;;;;2;;;;
01/01/2018;01:48:00;19;sem vítima;801;BR-262/MG;Leste;Choque - Defensa, barreira ou "submarino";1;;;;;;;;;;2;;;;
01/01/2018;04:24:00;46;sem vítima;376,7;BR-262/MG;Leste;Choque - Elemento de Drenagem;1;;;;;;;;;;1;;;;
01/01/2018;04:30:00;49;sem vítima;505,2;BR-153/GO;Sul;Choque - Suporte de Sinalização;1;;;;;;;;;;1;;;;
01/01/2018;05:57:00;66;com vítima;6,261;BR-060/DF;Sul;Choque - Arvore;1;;;;;;;;;;0;;1;1;2
01/01/2018;06:20:00;71;sem vítima;494,095;BR-153/GO;Norte;Choque - Defensa, barreira ou "submarino";1;;;;;;;;;;1;;;;
01/01/2018;14:51:00;251;sem vítima;571;BR-262/MG;Leste;Queda de Moto;;;;1;;;;;;;1;;;;
01/01/2018;16:03:00;303;sem vítima;119;BR-060/GO;Sul;Choque - Defensa, barreira ou "submarino";1;;;;;;;;;;1;;;;
01/01/2018;17:00:00;347;sem vítima;20,366;BR-060/GO;Norte;Choque - Suporte de Sinalização;1;;;;;;;;;;2;;;;
01/01/2018;17:47:00;386;com vítima;369;BR-262/MG;Oeste;Capotamento;1;;;;;;;;;;4;;2;;
01/01/2018;18:20:00;410;com vítima;772,072;BR-262/MG;Oeste;Capotamento;1;;;;;;;;;;1;;3;1;
01/01/2018;18:29:00;421;sem vítima;4,5;BR-060/GO;Norte;Colisão Traseira;1;;;;;;;;;;1;;;;
01/01/2018;21:26:00;523;com vítima;48,769;BR-060/GO;Sul;Colisão Traseira;;;1;1;;;;;;;1;;1;;
02/01/2018;00:38:00;10;sem vítima;653,606;BR-153/GO;Sul;Tombamento;;;1;;;;;;;;1;;;;
02/01/2018;02:19:00;30;com vítima;650,571;BR-262/MG;Leste;Colisão Traseira;2;;;;;;;;;;0;3;1;;
02/01/2018;05:42:00;65;sem vítima;689;BR-153/GO;Norte;Colisão Traseira;2;;;;;;;;;;2;;;;
02/01/2018;06:32:00;79;sem vítima;547,8;BR-262/MG;Leste;Choque - Elemento de Drenagem;1;;;;;;;;;;1;;;;
02/01/2018;06:39:00;82;sem vítima;442;BR-262/MG;Leste;Saida de Pista;1;;;;;;;;;;1;;;;
02/01/2018;07:05:00;94;com vítima;494,111;BR-153/GO;Norte;Choque - Veiculo parado na pista;1;;1;;;;;;;;4;1;;1;
02/01/2018;08:11:00;126;com vítima;597;BR-262/MG;Leste;Capotamento;;;1;;;;;;;;0;;;;1
02/01/2018;08:33:00;141;sem vítima;568;BR-262/MG;Leste;Colisão Traseira;2;;;;;;;;;;2;;;;
02/01/2018;09:25:00;170;com vítima;492,247;BR-153/GO;Norte;Queda de Moto;;;;1;;;;;;;0;1;;;
02/01/2018;10:56:00;223;sem vítima;815;BR-262/MG;Oeste;Colisão Traseira;2;;;;;;;;;;2;;;;
02/01/2018;11:08:00;235;sem vítima;17;BR-153/MG;Sul;Colisão Traseira;2;;;;;1;;;;;6;;;;
02/01/2018;11:36:00;261;sem vítima;578,5;BR-153/GO;Norte;Tombamento;1;;;;;;;;;;1;;;;
02/01/2018;11:37:00;262;sem vítima;430;BR-262/MG;Leste;Capotamento;1;;;;;;;;;;3;;;;
02/01/2018;12:12:00;283;sem vítima;694;BR-153/GO;Norte;Saida de Pista;;;;;;;;;;1;3;;;;
02/01/2018;12:44:00;299;com vítima;613;BR-153/GO;Sul;Tombamento;;;1;;;;;;;;0;1;;;
02/01/2018;12:44:00;300;sem vítima;559;BR-153/GO;Sul;Saida de Pista;1;;;;;;;;;;1;;;;
02/01/2018;12:56:00;306;sem vítima;570,5;BR-153/GO;Sul;Capotamento;;;;;;;;;;1;1;;;;
02/01/2018;14:00:00;335;sem vítima;97,9;BR-153/MG;Sul;Colisão Traseira;2;;;;;;;;;;2;;;;
02/01/2018;14:41:00;366;sem vítima;518;BR-153/GO;Norte;Choque - Elemento de Drenagem;1;;;;;;;;;;1;;;;
02/01/2018;14:47:00;371;sem vítima;518,3;BR-153/GO;Norte;Tombamento;;;1;;;;;;;;1;;;;
02/01/2018;15:10:00;388;sem vítima;530;BR-262/MG;Leste;Choque - Talude;1;;;;;;;;;;5;;;;
02/01/2018;15:51:00;412;sem vítima;43;BR-060/GO;Norte;Colisão Lateral;2;;;;;;;;;;2;;;;
02/01/2018;17:02:00;460;sem vítima;50,2;BR-153/MG;Sul;Choque - Talude;1;;;;;;;;;;1;;;;
02/01/2018;19:37:00;552;com vítima;4,001;BR-060/DF;Norte;Capotamento;1;;;;;;;;;;0;;1;;
02/01/2018;19:59:00;566;com vítima;418,367;BR-262/MG;Leste;Choque - Defensa, barreira ou "submarino";1;;;;;;;;;;0;1;2;1;
03/01/2018;02:39:00;24;sem vítima;490,815;BR-153/GO;Norte;Colisão Traseira;1;;;;;1;;;;;3;;;;
03/01/2018;05:46:00;57;com vítima;557,4;BR-153/GO;Norte;Capotamento;1;;;;;;;;;;2;1;;;
03/01/2018;08:18:00;115;sem vítima;659,5;BR-153/GO;Norte;Choque - Elemento de Drenagem;1;;;;;;;;;;4;;;;
03/01/2018;11:47:00;264;sem vítima;238,5;BR-153/MG;Norte;Atropelamento de Animal;1;;;;;;;;;;1;;;;
03/01/2018;15:17:00;382;sem vítima;74,567;BR-060/GO;Norte;Choque - Talude;1;;;;;;;;;;4;;;;
03/01/2018;16:59:00;430;sem vítima;405;BR-262/MG;Oeste;Choque - Suporte de Sinalização;1;;;;;;;;;;1;;;;
03/01/2018;19:08:00;494;sem vítima;408,948;BR-262/MG;Leste;Choque - Elemento de Drenagem;1;;;;;;;;;;2;;;;
03/01/2018;20:37:00;538;sem vítima;883,142;BR-262/MG;Leste;Choque - Elemento de Drenagem;;;1;;;;;;;;1;;;;
03/01/2018;22:46:00;607;sem vítima;143,5;BR-153/MG;Norte;Saida de Pista;;;1;;;;;;;;1;;;;
03/01/2018;23:04:00;609;sem vítima;442;BR-262/MG;Leste;Choque - Defensa, barreira ou "submarino";1;;;;;;;;;;1;;;;
03/01/2018;23:21:00;612;com vítima;110,213;BR-060/GO;Sul;Queda de Moto;;;;1;;;;;;;0;;1;;
03/01/2018;23:28:00;617;com vítima;816,2;BR-262/MG;Leste;Atropelamento de Animal;;;;;;;;;;1;0;;;2;
04/01/2018;00:59:00;20;sem vítima;58;BR-153/MG;Sul;Tombamento;;;1;;;;;;;;1;;;;
04/01/2018;03:25:00;46;sem vítima;517,2;BR-153/GO;Sul;Capotamento;1;;;;;;;;;;1;;;;
04/01/2018;11:11:00;258;sem vítima;385;BR-262/MG;Oeste;Capotamento;1;;;;;;;;;;1;;;;
04/01/2018;11:22:00;270;com vítima;591,3;BR-153/GO;Sul;Capotamento;1;;;;;;;;;;0;4;;;
04/01/2018;11:28:00;271;com vítima;14,3;BR-153/MG;Norte;Atropelamento - Andarilho;;;1;;;;;;;;1;;;;1
04/01/2018;11:33:00;275;sem vítima;382;BR-262/MG;Oeste;Capotamento;1;;;;;;;;;;1;;;;
04/01/2018;12:01:00;286;sem vítima;765,22;BR-262/MG;Leste;Saida de Pista;1;;;;;;;;;;1;;;;
04/01/2018;12:40:00;301;sem vítima;491,9;BR-153/GO;Sul;Queda de Moto;;;;1;;;;;;;2;;;;
04/01/2018;14:23:00;345;com vítima;597,001;BR-153/GO;Sul;Capotamento;1;;;;;;;;;;0;;1;;
04/01/2018;14:24:00;346;com vítima;631,3;BR-153/GO;Norte;Capotamento;1;;;;;;;;;;3;3;;;
04/01/2018;15:05:00;366;sem vítima;372;BR-262/MG;Leste;Choque - Defensa, barreira ou "submarino";1;;;;;;;;;;2;;;;
04/01/2018;16:40:00;413;sem vítima;463;BR-262/MG;Leste;Colisão Traseira;1;;1;;;;;;;;2;;;;
04/01/2018;16:53:00;423;sem vítima;591,9;BR-262/MG;Leste;Choque - Talude;1;;;;;;;;;;4;;;;
04/01/2018;17:21:00;437;sem vítima;557,2;BR-153/GO;Sul;Saida de Pista;1;;;;;;;;;;1;;;;
04/01/2018;17:58:00;460;com vítima;122,299;BR-060/GO;Norte;Colisão Frontal;1;;1;;;;;;;;1;1;;;
04/01/2018;18:31:00;477;sem vítima;611;BR-262/MG;Leste;Capotamento;1;;;;;;;;;;1;;;;
04/01/2018;18:40:00;480;com vítima;549;BR-262/MG;Leste;Choque - Elemento de Drenagem;1;;;;;;;;;;1;;2;;
04/01/2018;21:26:00;567;sem vítima;355,5;BR-262/MG;Oeste;Choque - Elemento de Drenagem;1;;;;;;;;;;1;;;;
04/01/2018;22:35:00;591;sem vítima;526;BR-262/MG;Leste;Saida de Pista;;;;;;;;;;1;1;;;;
04/01/2018;22:41:00;592;sem vítima;650,001;BR-262/MG;Oeste;Choque - Elemento de Drenagem;;;1;;;;;;;;1;;;;
05/01/2018;04:34:00;49;com vítima;143,9;BR-153/MG;Norte;Colisão Frontal;2;;;;;;;;;;0;;3;2;
05/01/2018;09:06:00;154;sem vítima;26,85;BR-060/DF;Norte;Capotamento;1;;;;;;;;;;1;;;;
05/01/2018;10:55:00;228;sem vítima;542,5;BR-262/MG;Leste;Saida de Pista;;;;;;;;;;1;3;;;;
05/01/2018;11:19:00;240;sem vítima;499,5;BR-262/MG;Leste;Capotamento;1;;;;;;;;;;3;;;;
05/01/2018;12:11:00;266;sem vítima;27,554;BR-060/GO;Sul;Choque - Elemento de Drenagem;1;;;;;;;;;;1;;;;
05/01/2018;13:47:00;317;sem vítima;380;BR-262/MG;Leste;Saida de Pista;1;;;;;;;;;;1;;;;
05/01/2018;13:51:00;320;sem vítima;19,825;BR-060/GO;Norte;Colisão Traseira;1;;;;;;;;;;2;;;;
05/01/2018;14:06:00;327;com vítima;501;BR-153/GO;Norte;Queda de Moto;;;;1;;;;;;;0;1;;;
05/01/2018;14:55:00;374;sem vítima;590;BR-262/MG;Leste;Choque - Defensa, barreira ou "submarino";;;;;;;;;;1;1;;;;
05/01/2018;15:46:00;416;com vítima;500,047;BR-153/GO;Sul;Colisão Lateral;1;;;1;;;;;;;0;1;;;1
05/01/2018;17:22:00;470;sem vítima;381,6;BR-262/MG;Leste;Saida de Pista;1;;;;;;;;;;1;;;;
05/01/2018;17:24:00;471;sem vítima;380;BR-262/MG;Oeste;Capotamento;1;;;;;;;;;;1;;;;
05/01/2018;17:31:00;487;sem vítima;380;BR-262/MG;Oeste;Colisão Traseira;1;;1;;;;;;;;2;;;;
05/01/2018;17:47:00;490;sem vítima;388;BR-262/MG;Oeste;Choque - Elemento de Drenagem;1;;;;;;;;;;1;;;;
05/01/2018;17:48:00;492;sem vítima;498,8;BR-153/GO;Sul;Choque - Defensa, barreira ou "submarino";;;1;;;;;;;;1;;;;
05/01/2018;17:55:00;502;sem vítima;609;BR-262/MG;Oeste;Saida de Pista;1;;;;;;;;;;1;;;;
05/01/2018;18:14:00;509;sem vítima;369,264;BR-262/MG;Leste;Saida de Pista;1;;;;;;;;;;1;;;;
05/01/2018;18:35:00;516;com vítima;64,479;BR-060/GO;Norte;Colisão Traseira;;1;1;;;;;;;;1;;;1;
05/01/2018;18:39:00;519;com vítima;412,968;BR-262/MG;Oeste;Atropelamento - Morador;1;;;;;;;;;;5;;;1;
05/01/2018;19:06:00;533;com vítima;538,168;BR-262/MG;Oeste;Saida de Pista;1;;;;;;;;;;0;3;;;
05/01/2018;20:53:00;590;sem vítima;199,041;BR-153/MG;Sul;Capotamento;;;1;;;;;;;;1;;;;
05/01/2018;21:40:00;607;sem vítima;562,7;BR-153/GO;Norte;Colisão Traseira;;;2;;;;;;;;2;;;;
05/01/2018;22:52:00;630;sem vítima;503,001;BR-153/GO;Norte;Choque - Defensa, barreira ou "submarino";1;;;;;;;;;;1;;;;
06/01/2018;02:26:00;23;com vítima;11,078;BR-060/GO;Norte;Capotamento;1;;;;;;;;;;0;1;;;
06/01/2018;04:48:00;46;sem vítima;666,799;BR-153/GO;Sul;Choque - Outros;;;1;;;;;;;;1;;;;
06/01/2018;05:31:00;53;sem vítima;110;BR-153/MG;Sul;Choque - Talude;1;;;;;;;;;;1;;;;
06/01/2018;06:59:00;75;sem vítima;633;BR-262/MG;Leste;Choque - Arvore;1;;;;;;;;;;1;;;;
06/01/2018;07:23:00;88;com vítima;535,8;BR-262/MG;Oeste;Colisão Lateral;2;;;;;;;;;;7;1;2;;
06/01/2018;07:31:00;92;sem vítima;9,879;BR-060/DF;Norte;Colisão Traseira;1;;;1;;;;;;;2;;;;
06/01/2018;08:45:00;146;sem vítima;424,1;BR-262/MG;Leste;Colisão Transversal;1;;1;;;;;;;;2;;;;
06/01/2018;10:55:00;233;com vítima;19,64;BR-060/DF;Norte;Capotamento;1;;;;;;;;;;0;;1;;
06/01/2018;14:19:00;358;sem vítima;29,2;BR-060/GO;Sul;Colisão Lateral;2;;;;;;;;;;2;;;;
06/01/2018;14:37:00;368;sem vítima;615;BR-262/MG;Leste;Choque - Elemento de Drenagem;;;1;;;;;;;;1;;;;
06/01/2018;15:44:00;391;com vítima;628,5;BR-153/GO;Sul;Choque - Elemento de Drenagem;1;;;;;;;;;;1;1;;;
06/01/2018;15:52:00;394;sem vítima;521;BR-262/MG;Oeste;Choque - Suporte de Sinalização;1;;;;;;;;;;1;;;;
06/01/2018;16:12:00;407;sem vítima;148,001;BR-153/MG;Norte;Colisão Traseira;2;;;;;;;;;;2;;;;
06/01/2018;18:03:00;472;sem vítima;28,3;BR-060/DF;Sul;Tombamento;;;;;;;;;;1;2;;;;
07/01/2018;07:05:00;85;sem vítima;123,001;BR-153/MG;Norte;Colisão Traseira;1;;;;;;;;;1;5;;;;
07/01/2018;09:11:00;155;com vítima;37;BR-060/GO;Norte;Queda de Moto;;;;1;;;;;;;0;1;;;
07/01/2018;12:48:00;300;com vítima;23,9;BR-060/DF;Sul;Capotamento;1;;;;;;;;;;0;1;1;;
07/01/2018;15:03:00;353;sem vítima;744;BR-262/MG;Oeste;Choque - Talude;1;;;;;;;;;;1;;;;
07/01/2018;17:31:00;431;com vítima;531,6;BR-153/GO;Norte;Colisão Frontal;;;;1;;;;;;1;1;;;1;
07/01/2018;18:45:00;477;sem vítima;594,1;BR-153/GO;Sul;Saida de Pista;1;;;;;;;;;;2;;;;
07/01/2018;22:02:00;572;sem vítima;424,5;BR-262/MG;Oeste;Choque - Talude;1;;;;;;;;;;2;;;;
08/01/2018;00:56:00;10;sem vítima;137,3;BR-060/GO;Sul;Saida de Pista;1;;;;;;;;;;1;;;;
08/01/2018;02:48:00;35;sem vítima;151,5;BR-153/MG;Norte;Saida de Pista;1;;;;;;;;;;1;;;;
08/01/2018;07:18:00;80;com vítima;618,001;BR-153/GO;Norte;Capotamento;1;;;;;;;;;;0;1;;;
08/01/2018;08:20:00;114;sem vítima;44,9;BR-153/MG;Norte;Colisão Traseira;2;;;;;;;;;;2;;;;
08/01/2018;09:02:00;144;com vítima;892,3;BR-262/MG;Leste;Colisão Traseira;1;;;;;;;;;1;4;2;;;
08/01/2018;09:53:00;169;sem vítima;85,636;BR-060/GO;Sul;Colisão Traseira;2;;;;;;;;;;2;;;;
08/01/2018;11:07:00;208;sem vítima;148;BR-153/MG;Sul;Colisão Transversal;2;;;;;;;;;;9;;;;
08/01/2018;13:08:00;296;com vítima;98,174;BR-060/GO;Sul;Queda de Moto;;;;1;;;;;;;0;2;;;
08/01/2018;13:48:00;309;sem vítima;361,5;BR-262/MG;Leste;Colisão Traseira;2;;;;;;;;;;2;;;;
08/01/2018;14:05:00;319;sem vítima;132,2;BR-060/GO;Norte;Saida de Pista;1;;;;;;;;;;1;;;;
08/01/2018;14:45:00;342;sem vítima;490;BR-153/GO;Sul;Colisão Lateral;;;1;1;;;;;;;2;;;;
08/01/2018;15:01:00;358;sem vítima;58;BR-153/MG;Sul;Tombamento;;;1;;;;;;;;1;;;;
08/01/2018;16:25:00;400;sem vítima;551;BR-153/GO;Sul;Colisão Frontal;1;;1;;;;;;;;6;;;;
08/01/2018;17:23:00;438;sem vítima;431;BR-262/MG;Oeste;Choque - Elemento de Drenagem;;;1;;;;;;;;1;;;;
08/01/2018;17:49:00;450;sem vítima;492,699;BR-153/GO;Norte;Choque - Suporte de Sinalização;1;;;;;;;;;;1;;;;
08/01/2018;18:36:00;474;sem vítima;113,177;BR-060/GO;Norte;Colisão Traseira;2;;;;;;;;;;2;;;;
08/01/2018;18:50:00;480;sem vítima;536;BR-153/GO;Norte;Choque - Suporte de Sinalização;1;;;;;;;;;;1;;;;
08/01/2018;19:55:00;517;com vítima;27,5;BR-060/DF;Sul;Capotamento;1;;;;;;;;;;1;1;;;
08/01/2018;20:00:00;519;sem vítima;104,123;BR-153/MG;Sul;Choque - Arvore;1;;;;;;;;;;3;;;;
08/01/2018;20:48:00;545;com vítima;117,385;BR-060/GO;Norte;Capotamento;1;;;;;;;;;;0;1;;;
09/01/2018;02:28:00;41;sem vítima;10,846;BR-060/DF;Norte;Capotamento;1;;;;;;;;;;1;;;;
09/01/2018;07:14:00;106;sem vítima;171,051;BR-153/MG;Sul;Choque - Elemento de Drenagem;1;;;;;;;;;;1;;;;
09/01/2018;07:28:00;111;com vítima;120,043;BR-060/GO;Sul;Choque - Elemento de Drenagem;1;;;;;;;;;;3;1;;;
09/01/2018;09:03:00;162;com vítima;540;BR-262/MG;Leste;Capotamento;1;;;;;;;;;;0;4;3;;
09/01/2018;12:20:00;327;sem vítima;21,727;BR-060/GO;Sul;Choque - Elemento de Drenagem;1;;;;;;;;;;1;;;;
09/01/2018;15:43:00;446;com vítima;514,67;BR-153/GO;Sul;Queda de Moto;;;;1;;;;;;;0;2;;;
09/01/2018;16:15:00;465;com vítima;514,542;BR-153/GO;Sul;Colisão Frontal;1;;;1;;;;;;;1;;1;;
09/01/2018;19:24:00;578;sem vítima;512;BR-153/GO;Sul;Saida de Pista;1;;;;;;;;;;2;;;;
09/01/2018;21:57:00;669;com vítima;164,4;BR-153/MG;Sul;Saida de Pista;1;;;;;;;;;;2;1;;;
10/01/2018;08:45:00;229;com vítima;512,268;BR-153/GO;Norte;Queda de Moto;;;;1;;;;;;;0;1;;;
10/01/2018;10:04:00;301;com vítima;798,1;BR-262/MG;Leste;Queda de Moto;;;;1;;;;;;;1;1;;;
10/01/2018;15:26:00;511;sem vítima;138;BR-060/GO;Norte;Queda de Moto;;;;1;;;;;;;1;;;;
10/01/2018;17:44:00;582;com vítima;96,076;BR-060/GO;Sul;Colisão Traseira;;;;1;;;1;;;;1;;1;;
10/01/2018;18:37:00;617;com vítima;495;BR-153/GO;Norte;Queda de Moto;;;;1;;;;;;;0;2;;;
10/01/2018;19:38:00;659;com vítima;217,5;BR-153/MG;Norte;Colisão Lateral;2;;1;;;;;;;;4;;;;1
10/01/2018;20:27:00;685;sem vítima;500,3;BR-153/GO;Norte;Colisão Traseira;1;;;1;;;;;;;6;;;;
10/01/2018;20:36:00;689;com vítima;478,767;BR-262/MG;Leste;Tombamento;;;1;;;;;;;;0;1;;;
10/01/2018;22:00:00;718;sem vítima;536,357;BR-153/GO;Norte;Tombamento;;;1;;;;;;;;1;;;;
11/01/2018;00:45:00;14;sem vítima;404,367;BR-262/MG;Leste;Colisão Traseira;;;1;;;;;;;1;2;;;;
11/01/2018;02:55:00;56;com vítima;506,995;BR-153/GO;Sul;Choque - Elemento de Drenagem;1;;;;;;;;;;1;4;;;
11/01/2018;05:10:00;73;sem vítima;72,399;BR-060/GO;Norte;Colisão Traseira;1;;;;;1;;;;;2;;;;