data;horario;n_da_ocorrencia;tipo_de_ocorrencia;km;trecho;sentido;tipo_de_acidente;automovel;bicicleta;caminhao;moto;onibus;outros;tracao_animal;transporte_de_cargas_especiais;trator_maquinas;utilitarios;ilesos;levemente_feridos;moderadamente_feridos;gravemente_feridos;mortos
11/01/2018;06:12:00;84;sem vítima;189;BR-153/MG;Sul;Atropelamento de Animal;;;;;1;;;;;;1;;;;
11/01/2018;07:05:00;99;com vítima;830,001;BR-262/MG;Oeste;Queda de Ciclista;;1;;;;;;;;;0;;1;;
11/01/2018;07:08:00;100;sem vítima;72,3;BR-153/MG;Sul;Colisão Transversal;2;;;;;;;;;;6;;;;
11/01/2018;10:18:00;229;sem vítima;435;BR-262/MG;Leste;Saida de Pista;1;;;;;;;;;;1;;;;
11/01/2018;11:08:00;265;com vítima;133,452;BR-060/GO;Sul;Tombamento;;;1;;;;;;;;0;;;2;
11/01/2018;11:51:00;299;sem vítima;591,1;BR-153/GO;Sul;Choque - Elemento de Drenagem;1;;;;;;;;;;1;;;;
12/01/2018;05:51:00;138;sem vítima;37,2;BR-153/MG;Norte;Tombamento;;;1;;;;;;;;1;;;;
12/01/2018;06:48:00;160;com vítima;138;BR-060/GO;Norte;Colisão Frontal;;;;2;;;;;;;0;2;;;
12/01/2018;11:47:00;329;com vítima;355,9;BR-262/MG;Oeste;Queda de Moto;;;;1;;;;;;;0;;;;1
12/01/2018;12:02:00;335;sem vítima;418;BR-262/MG;Leste;Saida de Pista;1;;;;;;;;;;1;;;;
12/01/2018;13:03:00;369;sem vítima;353;BR-262/MG;Oeste;Queda de Moto;;;;1;;;;;;;1;;;;
12/01/2018;14:03:00;394;sem vítima;82,55;BR-060/GO;Norte;Choque - Suporte de Sinalização;1;;;;;;;;;;1;;;;
12/01/2018;18:25:00;535;com vítima;620,357;BR-262/MG;Leste;Colisão Lateral;1;;1;;;;;;;;0;1;;;1
12/01/2018;19:15:00;566;sem vítima;590;BR-262/MG;Leste;Colisão Transversal;1;;2;;;;;;;;3;;;;
12/01/2018;23:41:00;726;sem vítima;90,136;BR-060/GO;Sul;Colisão Traseira;2;;;;;;;;;;2;;;;
13/01/2018;03:35:00;37;com vítima;605,1;BR-153/GO;Norte;Colisão Traseira;;;2;;;;;;;;2;1;;;
13/01/2018;04:42:00;62;sem vítima;23,899;BR-153/MG;Norte;Tombamento;;;1;;;;;;;;1;;;;
13/01/2018;06:51:00;100;sem vítima;502,9;BR-153/GO;Norte;Colisão Lateral;1;;1;;;;;;;;4;;;;
13/01/2018;06:53:00;102;sem vítima;9,5;BR-060/DF;Norte;Colisão Traseira;1;;;;1;;;;;;2;;;;
13/01/2018;07:36:00;112;sem vítima;369;BR-262/MG;Leste;Choque - Defensa, barreira ou "submarino";1;;;;;;;;;;1;;;;
13/01/2018;09:41:00;213;sem vítima;524,8;BR-153/GO;Norte;Choque - Outros;1;;;;;;;;;;2;;;;
13/01/2018;10:50:00;261;sem vítima;26,5;BR-153/MG;Sul;Capotamento;1;;;;;;;;;;1;;;;
13/01/2018;12:09:00;319;sem vítima;368;BR-262/MG;Oeste;Choque - Elemento de Drenagem;;;1;;;;;;;;1;;;;
13/01/2018;14:29:00;401;sem vítima;99;BR-060/GO;Norte;Choque - Defensa, barreira ou "submarino";1;;;;;;;;;;1;;;;
13/01/2018;18:31:00;543;sem vítima;141,9;BR-153/MG;Sul;Saida de Pista;;;;;;;;;;1;3;;;;
13/01/2018;18:48:00;552;sem vítima;4,266;BR-060/DF;Norte;Saida de Pista;1;;;;;;;;;;1;;;;
13/01/2018;19:02:00;559;sem vítima;654,399;BR-153/GO;Norte;Choque - Elemento de Drenagem;1;;;;;;;;;;1;;;;
13/01/2018;19:03:00;561;sem vítima;505;BR-153/GO;Norte;Colisão Traseira;2;;;;;;;;;;2;;;;
13/01/2018;20:24:00;598;com vítima;636,288;BR-153/GO;Norte;Queda de Moto;;;;1;;;;;;;0;1;;;
13/01/2018;21:11:00;624;sem vítima;802;BR-262/MG;Leste;Queda de Moto;;;;1;;;;;;;2;;;;
13/01/2018;21:21:00;626;com vítima;372,175;BR-262/MG;Leste;Queda de Moto;;;;1;;;;;;;0;1;;;
13/01/2018;23:08:00;663;sem vítima;377;BR-262/MG;Oeste;Saida de Pista;1;;;;;;;;;;1;;;;
14/01/2018;00:47:00;11;com vítima;16,104;BR-060/GO;Sul;Colisão Lateral;1;;1;;;;;;;;1;1;;;
14/01/2018;03:11:00;31;sem vítima;815,287;BR-262/MG;Leste;Capotamento;1;;;;;;;;;;1;;;;
14/01/2018;08:02:00;108;sem vítima;80,144;BR-060/GO;Norte;Choque - Outros;1;;;;;;;;;;4;;;;
14/01/2018;11:53:00;233;com vítima;411;BR-262/MG;Oeste;Capotamento;1;;;;;;;;;;0;;1;;
14/01/2018;13:16:00;262;sem vítima;590;BR-262/MG;Leste;Capotamento;1;;;;;;;;;;5;;;;
14/01/2018;13:26:00;266;sem vítima;354;BR-262/MG;Leste;Choque - Defensa, barreira ou "submarino";1;;;;;;;;;;1;;;;
14/01/2018;13:27:00;267;sem vítima;386;BR-262/MG;Leste;Tombamento;1;;;;;;;;;;2;;;;
14/01/2018;15:14:00;304;sem vítima;631,3;BR-153/GO;Sul;Choque - Elemento de Drenagem;1;;;;;;;;;;2;;;;
14/01/2018;16:04:00;324;com vítima;363,8;BR-262/MG;Leste;Choque - Suporte de Sinalização;;;;;;;;;;1;1;2;;;
14/01/2018;16:21:00;333;sem vítima;591,4;BR-153/GO;Sul;Choque - Suporte de Sinalização;1;;;;;;;;;;1;;;;
14/01/2018;16:25:00;337;sem vítima;641;BR-262/MG;Oeste;Saida de Pista;1;;;;;;;;;;4;;;;
14/01/2018;16:46:00;351;com vítima;400,5;BR-262/MG;Oeste;Colisão Frontal;1;;1;;;;;;;;2;;1;;
14/01/2018;17:37:00;374;com vítima;449,9;BR-262/MG;Leste;Colisão Frontal;1;;;1;;;;;;;2;;;;1
14/01/2018;17:56:00;387;sem vítima;451;BR-262/MG;Leste;Engavetamento;3;;;;;;;;;;3;;;;
14/01/2018;18:07:00;391;sem vítima;101,222;BR-060/GO;Norte;Colisão Lateral;2;;;;;;;;;;2;;;;
14/01/2018;18:12:00;396;com vítima;382,668;BR-262/MG;Oeste;Tombamento;;;;;;;;;;1;2;;1;;
14/01/2018;19:48:00;438;sem vítima;378,175;BR-262/MG;Oeste;Choque - Defensa, barreira ou "submarino";1;;;;;;;;;;4;;;;
14/01/2018;21:48:00;480;sem vítima;497,3;BR-153/GO;Norte;Capotamento;2;;;;;;;;;;3;;;;
14/01/2018;22:00:00;485;com vítima;682;BR-153/GO;Norte;Queda de Ciclista;;1;;;;;;;;;0;1;;;
15/01/2018;05:48:00;74;sem vítima;369;BR-262/MG;Leste;Colisão Lateral;1;;1;;;;;;;;3;;;;
15/01/2018;06:09:00;80;sem vítima;118,9;BR-060/GO;Sul;Colisão Traseira;;;2;;;;;;;;2;;;;
15/01/2018;07:25:00;97;sem vítima;73,1;BR-060/GO;Norte;Choque - Elemento de Drenagem;1;;;;;;;;;;2;;;;
15/01/2018;07:28:00;99;com vítima;512,2;BR-153/GO;Norte;Colisão Traseira;1;;;1;;;;;;;4;1;;;
15/01/2018;11:00:00;232;sem vítima;556,3;BR-153/GO;Norte;Carreta deu L;;;1;;;;;;;;1;;;;
15/01/2018;12:41:00;280;sem vítima;137,5;BR-060/GO;Sul;Choque - Defensa, barreira ou "submarino";1;;;;;;;;;;1;;;;
15/01/2018;12:43:00;281;sem vítima;608;BR-262/MG;Leste;Capotamento;1;;;;;;;;;;1;;;;
15/01/2018;14:19:00;325;sem vítima;588,2;BR-262/MG;Leste;Choque - Talude;1;;;;;;;;;;4;;;;
15/01/2018;16:11:00;400;sem vítima;503,9;BR-153/GO;Norte;Engavetamento;2;;1;;;;;;;;3;;;;
15/01/2018;20:05:00;538;sem vítima;589,756;BR-262/MG;Leste;Choque - Outros;1;;;;;;;;;;3;;;;
16/01/2018;07:39:00;117;com vítima;518,4;BR-153/GO;Sul;Colisão Traseira;1;;1;1;;;;;;;2;1;;;
16/01/2018;08:49:00;163;sem vítima;108,001;BR-153/MG;Norte;Choque - Suporte de Sinalização;;;1;;;;;;;;1;;;;
16/01/2018;10:11:00;213;com vítima;490,7;BR-153/GO;Norte;Colisão Lateral;;;1;1;;;;;;;1;1;;;
16/01/2018;15:32:00;387;sem vítima;387,8;BR-262/MG;Oeste;Choque - Suporte de Sinalização;1;;;;;1;;;;;3;;;;
16/01/2018;20:29:00;577;sem vítima;9,9;BR-060/GO;Sul;Carreta deu L;;;1;;;;;;;;1;;;;
16/01/2018;23:57:00;650;com vítima;524,868;BR-262/MG;Leste;Colisão Traseira;;;2;;;;;;;;1;1;;;
17/01/2018;04:35:00;79;sem vítima;403,3;BR-262/MG;Leste;Choque - Talude;1;;;;;;;;;;1;;;;
17/01/2018;06:40:00;116;sem vítima;456;BR-262/MG;Oeste;Colisão Lateral;1;;1;;;;;;;;6;;;;
17/01/2018;07:20:00;129;com vítima;359,67;BR-262/MG;Leste;Queda de Moto;;;;1;;;;;;;1;1;;;
17/01/2018;14:12:00;396;sem vítima;581;BR-262/MG;Oeste;Colisão Traseira;2;;;;;;;;;;4;;;;
17/01/2018;15:22:00;450;sem vítima;127,5;BR-153/MG;Sul;Engavetamento;;;3;;1;;;;;1;7;;;;
17/01/2018;15:20:00;454;sem vítima;508;BR-153/GO;Norte;Colisão Traseira;2;;;;;;;;;;2;;;;
17/01/2018;21:18:00;651;sem vítima;802;BR-262/MG;Oeste;Colisão Lateral;2;;;;;;;;;;2;;;;
17/01/2018;23:27:00;696;sem vítima;39,299;BR-153/MG;Norte;Colisão Traseira;;;1;;;;;;;1;2;;;;
18/01/2018;01:21:00;23;sem vítima;561,1;BR-153/GO;Norte;Choque - Outros;1;;;;;;;;;;1;;;;
18/01/2018;09:14:00;196;com vítima;684;BR-153/GO;Norte;Capotamento;1;;;;;;;;;;0;;1;;
18/01/2018;13:09:00;367;com vítima;426,426;BR-262/MG;Leste;Queda de Moto;;;;1;;;;;;;0;;2;;
18/01/2018;13:17:00;373;sem vítima;847;BR-262/MG;Leste;Choque - Talude;1;;;;;;;;;;1;;;;
18/01/2018;13:56:00;393;com vítima;663;BR-153/GO;Sul;Colisão Traseira;1;;1;;;;;;;;1;1;1;;
18/01/2018;16:29:00;487;sem vítima;32;BR-060/GO;Norte;Colisão Transversal;1;;;1;;;;;;;2;;;;
18/01/2018;17:04:00;508;sem vítima;139,001;BR-153/MG;Sul;Colisão Traseira;;;2;;;;;;;;4;;;;
18/01/2018;17:26:00;523;sem vítima;130;BR-060/GO;Norte;Colisão Traseira;2;;;;;;;;;;2;;;;
18/01/2018;19:27:00;602;sem vítima;96,2;BR-060/GO;Sul;Colisão Traseira;1;;;;;;;;;1;2;;;;
18/01/2018;23:00:00;684;sem vítima;491,5;BR-262/MG;Leste;Tombamento;;;1;;;;;;;;1;;;;
19/01/2018;04:55:00;45;sem vítima;586,5;BR-153/GO;Norte;Colisão Lateral;;;2;;;;;;;;2;;;;
19/01/2018;05:13:00;47;com vítima;70,166;BR-060/GO;Norte;Capotamento;;;1;;;;;;;;0;1;;;
19/01/2018;05:42:00;53;sem vítima;537,2;BR-153/GO;Sul;Choque - Talude;1;;;;;;;;;;1;;;;
19/01/2018;05:57:00;58;com vítima;510,1;BR-153/GO;Sul;Colisão Traseira;;;1;1;;;;;;;1;1;;;
19/01/2018;07:40:00;98;com vítima;504,899;BR-153/GO;Norte;Colisão Traseira;;;1;1;;;;;;;1;1;;;
19/01/2018;08:34:00;135;com vítima;628,477;BR-153/GO;Norte;Capotamento;1;;;;;;;;;;0;;1;;
19/01/2018;09:01:00;153;sem vítima;11,984;BR-060/GO;Sul;Engavetamento;3;;;;;;;;;;3;;;;
19/01/2018;10:07:00;204;com vítima;518,799;BR-153/GO;Norte;Queda de Moto;;;;1;;;;;;;0;2;;;
19/01/2018;10:15:00;214;sem vítima;491;BR-153/GO;Norte;Colisão Frontal;1;;;1;;;;;;;2;;;;
19/01/2018;12:28:00;283;sem vítima;74,7;BR-060/GO;Norte;Saida de Pista;1;;;;;;;;;;1;;;;
19/01/2018;14:36:00;353;com vítima;15,415;BR-060/GO;Sul;Colisão Traseira;1;;;1;;;;;;;1;1;;;
19/01/2018;17:36:00;455;sem vítima;398,254;BR-262/MG;Leste;Choque - Elemento de Drenagem;;;1;;;;;;;;1;;;;
19/01/2018;20:54:00;584;com vítima;58,2;BR-153/MG;Sul;Tombamento;;;1;;;;;;;;0;;1;;1
19/01/2018;22:00:00;630;sem vítima;408;BR-262/MG;Oeste;Choque - Talude;1;;;;;;;;;;1;;;;
20/01/2018;00:23:00;9;sem vítima;537,2;BR-153/GO;Sul;Capotamento;1;;;;;;;;;;2;;;;
20/01/2018;02:27:00;59;sem vítima;1,211;BR-060/DF;Sul;Choque - Poste;1;;;;;;;;;;2;;;;
20/01/2018;06:10:00;111;sem vítima;370;BR-262/MG;Oeste;Colisão Traseira;1;;1;;;;;;;;2;;;;
20/01/2018;07:00:00;126;sem vítima;502,746;BR-153/GO;Norte;Capotamento;1;;;;;;;;;;1;;;;
20/01/2018;07:56:00;141;sem vítima;191,95;BR-153/MG;Sul;Choque - Talude;;;1;;;;;;;;1;;;;
20/01/2018;08:38:00;169;sem vítima;510,156;BR-153/GO;Sul;Capotamento;2;;;;;;;;;;2;;;;
20/01/2018;11:45:00;267;sem vítima;801;BR-262/MG;Oeste;Colisão Lateral;1;;1;;;;;;;;2;;;;
20/01/2018;14:59:00;355;sem vítima;493,482;BR-262/MG;Leste;Saida de Pista;1;;;;;;;;;;1;;;;
20/01/2018;15:21:00;367;com vítima;580,899;BR-153/GO;Sul;Choque - Talude;1;;;;;;;;;;1;2;;;
20/01/2018;15:44:00;380;com vítima;512,941;BR-153/GO;Sul;Colisão Traseira;;;1;;;;;;;1;2;2;;;
20/01/2018;15:46:00;382;sem vítima;589,75;BR-262/MG;Oeste;Objeto lançado contra veículo;1;;1;;;;;;;;2;;;;
20/01/2018;15:52:00;386;sem vítima;679;BR-262/MG;Oeste;Queda de Moto;;;;1;;;;;;;1;;;;
20/01/2018;16:25:00;408;sem vítima;90,136;BR-060/GO;Norte;Colisão Traseira;2;;;;;;;;;;2;;;;
20/01/2018;17:24:00;430;sem vítima;508,5;BR-153/GO;Norte;Queda de Moto;;;;1;;;;;;;1;;;;
20/01/2018;19:16:00;494;sem vítima;97,6;BR-060/GO;Norte;Colisão Traseira;2;;;;;;;;;;2;;;;
20/01/2018;19:37:00;506;sem vítima;85,001;BR-153/MG;Sul;Colisão Lateral;;;2;;;;;;;;2;;;;
20/01/2018;19:45:00;511;sem vítima;92,2;BR-060/GO;Norte;Colisão Traseira;1;;;;;;;;;1;2;;;;
20/01/2018;21:08:00;553;com vítima;505,16;BR-153/GO;Norte;Atropelamento - Andarilho;;;;1;;;;;;;2;;;1;
21/01/2018;03:45:00;44;sem vítima;53,5;BR-060/GO;Norte;Choque - Suporte de Sinalização;1;;;;;;;;;;1;;;;
21/01/2018;05:56:00;67;sem vítima;117,001;BR-060/GO;Norte;Capotamento;1;;;;;;;;;;2;;;;
21/01/2018;08:13:00;106;sem vítima;21;BR-060/DF;Sul;Capotamento;1;;;;;;;;;;2;;;;
21/01/2018;09:17:00;140;com vítima;3;BR-060/DF;Sul;Colisão Traseira;1;;;1;;;;;;;1;1;;;
21/01/2018;11:15:00;194;sem vítima;216,7;BR-153/MG;Sul;Colisão Lateral;1;;1;;;;;;;;3;;;;
21/01/2018;11:15:00;195;sem vítima;507,63;BR-153/GO;Norte;Colisão Lateral;1;;1;;;;;;;;2;;;;
21/01/2018;13:28:00;272;com vítima;798,594;BR-262/MG;Leste;Colisão Transversal;1;;;1;;;;;;;1;2;1;;
21/01/2018;15:05:00;307;sem vítima;100,9;BR-060/GO;Norte;Colisão Traseira;1;;;;;1;;;;;2;;;;
21/01/2018;18:27:00;448;sem vítima;437;BR-262/MG;Oeste;Colisão Transversal;1;;;;;;;;;;1;;;;
21/01/2018;21:28:00;559;com vítima;8,099;BR-153/MG;Norte;Capotamento;1;;;;;;;;;;0;;1;1;
21/01/2018;22:32:00;594;sem vítima;832;BR-262/MG;Leste;Atropelamento de Animal;1;;;;;;;;;;1;;;;
21/01/2018;23:39:00;623;com vítima;363,8;BR-262/MG;Leste;Colisão Lateral;1;;1;;;;;;;;2;1;2;;
22/01/2018;04:42:00;48;com vítima;6,7;BR-060/DF;Sul;Capotamento;1;;;;;;;;;;1;1;;;
22/01/2018;06:13:00;72;sem vítima;433,771;BR-262/MG;Oeste;Saida de Pista;;;;;;;;;;1;1;;;;
22/01/2018;06:17:00;76;sem vítima;58;BR-153/MG;Norte;Carreta deu L;;;1;;;;;;;;1;;;;
22/01/2018;06:59:00;89;com vítima;802;BR-262/MG;Oeste;Queda de Moto;;;;1;;;;;;;0;1;;;
22/01/2018;09:09:00;178;sem vítima;45,067;BR-060/GO;Norte;Choque - Suporte de Sinalização;1;;;;;;;;;;1;;;;
22/01/2018;10:40:00;272;sem vítima;90;BR-153/MG;Norte;Tombamento;;;1;;;;;;;;1;;;;
22/01/2018;13:45:00;392;com vítima;127,986;BR-060/GO;Sul;Colisão Traseira;1;;1;;;;;;;;1;;;4;1
22/01/2018;14:59:00;439;com vítima;123,126;BR-060/GO;Sul;Colisão Traseira;;;2;;;;;;;;1;1;1;;
22/01/2018;16:31:00;493;sem vítima;515,1;BR-153/GO;Sul;Saida de Pista;1;;;;;;;;;;1;;;;
22/01/2018;16:47:00;499;com vítima;385,074;BR-262/MG;Oeste;Tombamento;;;1;;;;;;;;0;1;;;
22/01/2018;17:23:00;519;sem vítima;220,2;BR-153/MG;Sul;Tombamento;1;;;;;1;;;;;2;;;;
22/01/2018;18:51:00;568;sem vítima;25,5;BR-060/GO;Sul;Choque - Elemento de Drenagem;1;;;;;;;;;;1;;;;
23/01/2018;00:05:00;4;sem vítima;19,408;BR-060/GO;Norte;Choque - Suporte de Sinalização;;;1;;;;;;;;1;;;;
23/01/2018;03:01:00;50;sem vítima;666,5;BR-153/GO;Norte;Capotamento;1;;;;;;;;;;1;;;;
23/01/2018;03:12:00;51;sem vítima;136,7;BR-060/GO;Sul;Choque - Elemento de Drenagem;1;;;;;;;;;;1;;;;
23/01/2018;06:13:00;80;sem vítima;380,684;BR-262/MG;Oeste;Choque - Elemento de Drenagem;1;;;;;;;;;;1;;;;
23/01/2018;07:55:00;142;sem vítima;503,199;BR-153/GO;Norte;Choque - Objeto não identificado;1;;;;;;;;;;1;;;;
23/01/2018;08:22:00;159;sem vítima;502,8;BR-153/GO;Norte;Colisão Traseira;1;;;;1;;;;;;4;;;;
23/01/2018;09:27:00;209;sem vítima;101;BR-153/MG;Norte;Queda de Moto;;;;1;;;;;;;1;;;;
23/01/2018;14:32:00;421;sem vítima;590,378;BR-262/MG;Leste;Choque - Defensa, barreira ou "submarino";;;1;;;;;;;;1;;;;
23/01/2018;16:33:00;519;sem vítima;775,3;BR-262/MG;Oeste;Capotamento;1;;;;;;;;;;1;;;;
23/01/2018;16:50:00;535;com vítima;671,68;BR-262/MG;Oeste;Capotamento;;;1;;;;;;;;0;;;1;
24/01/2018;07:05:00;95;sem vítima;526,75;BR-262/MG;Oeste;Atropelamento de Animal;;;;1;;;;;;;1;;;;
24/01/2018;08:10:00;136;com vítima;494,704;BR-153/GO;Sul;Colisão Traseira;1;;;1;;;;;;;1;1;;;
24/01/2018;08:24:00;147;sem vítima;18,414;BR-060/GO;Sul;Saida de Pista;1;;;;;;;;;;1;;;;
24/01/2018;10:41:00;245;sem vítima;616,139;BR-262/MG;Leste;Tombamento;;;1;;;;;;;;1;;;;
24/01/2018;14:01:00;336;sem vítima;574;BR-262/MG;Leste;Capotamento;1;;;;;;;;;;1;;;;
24/01/2018;14:44:00;351;sem vítima;803,36;BR-262/MG;Oeste;Atropelamento - Usuário;1;;;;;;;;;;2;;;;
24/01/2018;19:17:00;521;sem vítima;584;BR-153/GO;Sul;Saida de Pista;;;1;;;;;;;;1;;;;
24/01/2018;19:38:00;540;sem vítima;4,6;BR-060/DF;Sul;Colisão Traseira;;;1;1;;;;;;;2;;;;
25/01/2018;03:14:00;40;sem vítima;113,84;BR-060/GO;Sul;Capotamento;;;1;;;;;;;;1;;;;
25/01/2018;03:25:00;41;sem vítima;47,78;BR-060/GO;Sul;Capotamento;1;;;;;;;;;;1;;;;
25/01/2018;06:36:00;72;com vítima;667,107;BR-153/GO;Norte;Queda de Moto;;;;1;;;;;;;0;;1;;
25/01/2018;11:48:00;253;sem vítima;101,431;BR-060/GO;Sul;Colisão Transversal;2;;;;;;;;;;2;;;;
25/01/2018;14:14:00;320;com vítima;0,625;BR-060/DF;Norte;Colisão Lateral;2;;;;;;;;;;1;2;;;
25/01/2018;14:43:00;345;com vítima;566,367;BR-262/MG;Oeste;Tombamento;;;1;;;;;;;;1;;1;;
25/01/2018;16:35:00;408;com vítima;147,5;BR-153/MG;Sul;Colisão Transversal;;;2;;;;;;;;1;;1;;
25/01/2018;17:28:00;438;com vítima;104,4;BR-153/MG;Sul;Capotamento;1;;;;;;;;;;0;2;;;
25/01/2018;18:16:00;473;sem vítima;508,699;BR-153/GO;Norte;Engavetamento;3;;;;;;;;;;3;;;;
25/01/2018;18:46:00;493;sem vítima;503,1;BR-153/GO;Sul;Colisão Lateral;;;2;;;;;;;;2;;;;
25/01/2018;22:16:00;578;sem vítima;33,22;BR-060/GO;Norte;Colisão Traseira;2;;;;;;;;;;2;;;;
26/01/2018;02:27:00;29;sem vítima;786,069;BR-262/MG;Oeste;Atropelamento de Animal;;;1;;;;;;;;1;;;;
26/01/2018;07:22:00;101;sem vítima;114,385;BR-060/GO;Norte;Colisão Traseira;2;;;;;;;;;;2;;;;
26/01/2018;07:43:00;111;sem vítima;114,9;BR-060/GO;Sul;Colisão Lateral;1;;1;;;;;;;;3;;;;
26/01/2018;08:04:00;124;com vítima;73,376;BR-060/GO;Norte;Queda de Moto;;;;1;;;;;;;0;1;;;
26/01/2018;11:27:00;279;sem vítima;558,7;BR-153/GO;Norte;Capotamento;1;;;;;;;;;;1;;;;
26/01/2018;13:06:00;321;sem vítima;587,6;BR-153/GO;Norte;Capotamento;1;;;;;;;;;;1;;;;
26/01/2018;13:14:00;325;sem vítima;499,514;BR-153/GO;Sul;Colisão Traseira;1;;;;;;;;;1;2;;;;
26/01/2018;13:19:00;328;sem vítima;507,798;BR-153/GO;Sul;Colisão Traseira;3;;;;;;;;;;4;;;;
26/01/2018;14:02:00;351;sem vítima;178,5;BR-153/MG;Norte;Colisão Traseira;1;;2;;;;;;;;3;;;;
26/01/2018;14:04:00;354;com vítima;78;BR-060/GO;Sul;Capotamento;1;;;;;;;;;;0;3;;;
26/01/2018;14:41:00;370;com vítima;181,001;BR-153/MG;Sul;Colisão Lateral;1;;1;;;;;;;;2;1;;1;
26/01/2018;15:33:00;395;sem vítima;106,323;BR-060/GO;Norte;Tombamento;;;1;;;;;;;;1;;;;
26/01/2018;16:35:00;423;sem vítima;106,613;BR-060/GO;Norte;Saida de Pista;;;1;;;;;;;;1;;;;
26/01/2018;17:29:00;453;sem vítima;495,271;BR-153/GO;Sul;Colisão Traseira;1;;;;;1;;;;;2;;;;
26/01/2018;17:47:00;458;com vítima;494;BR-153/GO;Sul;Engavetamento;3;;;;1;;;;;;4;1;;;
26/01/2018;18:15:00;466;sem vítima;495,642;BR-153/GO;Sul;Colisão Traseira;2;;;;;;;;;;2;;;;
26/01/2018;18:48:00;491;com vítima;27,4;BR-060/DF;Sul;Capotamento;1;;;;;;;;;;0;1;;;
26/01/2018;18:48:00;505;com vítima;27,5;BR-060/DF;Sul;Capotamento;1;;;;;;;;;;0;1;;;
26/01/2018;21:03:00;564;sem vítima;31;BR-060/GO;Sul;Colisão Frontal;2;;;;;;;;;;2;;;;
27/01/2018;03:58:00;56;sem vítima;52,2;BR-153/MG;Sul;Choque - Defensa, barreira ou "submarino";;;1;;;;;;;;1;;;;
27/01/2018;05:03:00;67;sem vítima;447;BR-262/MG;Oeste;Choque - Talude;1;;;;;;;;;;1;;;;
27/01/2018;11:22:00;226;com vítima;132;BR-153/MG;Norte;Colisão Traseira;;;2;;;;;;;;2;1;;;
27/01/2018;11:28:00;230;sem vítima;545,1;BR-153/GO;Sul;Saida de Pista;1;;;;;;;;;;1;;;;
27/01/2018;12:21:00;256;sem vítima;501,699;BR-153/GO;Sul;Colisão Lateral;1;;1;;;;;;;;5;;;;
27/01/2018;13:38:00;290;sem vítima;368,6;BR-262/MG;Leste;Queda de Moto;;;;1;;;;;;;1;;;;
27/01/2018;20:50:00;499;com vítima;516,7;BR-153/GO;Sul;Saida de Pista;1;;;;;;;;;;0;2;;;
28/01/2018;01:56:00;31;sem vítima;699,302;BR-153/GO;Sul;Carreta deu L;;;1;;;;;;;;1;;;;
28/01/2018;03:49:00;46;com vítima;103,5;BR-060/GO;Sul;Capotamento;1;;;;;;;;;;0;1;;;
28/01/2018;04:31:00;54;com vítima;62,56;BR-060/GO;Norte;Capotamento;1;;;;;;;;;;0;1;;;
28/01/2018;07:52:00;99;sem vítima;415,5;BR-262/MG;Leste;Saida de Pista;1;;;;;;;;;;3;;;;
28/01/2018;10:52:00;198;com vítima;28,5;BR-060/GO;Sul;Capotamento;1;;;;;;;;;;0;1;1;;
28/01/2018;11:49:00;219;sem vítima;113,2;BR-060/GO;Sul;Choque - Defensa, barreira ou "submarino";;;1;;;;;;;;1;;;;
28/01/2018;11:57:00;227;sem vítima;132,195;BR-060/GO;Sul;Saida de Pista;1;;;;;;;;;;1;;;;
28/01/2018;12:02:00;229;com vítima;133,336;BR-060/GO;Sul;Choque - Talude;1;;;;;1;;;;;1;1;;;
28/01/2018;12:02:00;230;sem vítima;132,333;BR-060/GO;Sul;Choque - Defensa, barreira ou "submarino";1;;;;;;;;;;1;;;;
28/01/2018;16:40:00;353;sem vítima;798;BR-262/MG;Oeste;Colisão Traseira;2;;;;;;;;;;3;;;;
28/01/2018;16:52:00;360;com vítima;501,273;BR-153/GO;Norte;Queda de Moto;;;;1;;;;;;;0;2;;;
28/01/2018;17:49:00;394;com vítima;391,3;BR-262/MG;Oeste;Choque - Elemento de Drenagem;1;;;;;;;;;;0;;1;;
28/01/2018;23:30:00;554;com vítima;802,569;BR-262/MG;Leste;Capotamento;1;;;;;;;;;;0;;1;;
29/01/2018;00:41:00;12;com vítima;97,2;BR-153/MG;Norte;Capotamento;1;;1;;;;;;;;1;2;;;
29/01/2018;03:05:00;35;com vítima;557,2;BR-153/GO;Norte;Colisão Traseira;;;2;;;;;;;;1;1;;;
29/01/2018;05:52:00;67;com vítima;649;BR-262/MG;Oeste;Capotamento;1;;;;;;;;;;1;1;;;
29/01/2018;06:59:00;98;sem vítima;507,9;BR-153/GO;Norte;Engavetamento;3;;;;;;;;;;3;;;;
29/01/2018;07:30:00;107;com vítima;508,2;BR-153/GO;Norte;Engavetamento;2;;;1;;;;;;;2;1;;;
29/01/2018;07:42:00;112;sem vítima;12,684;BR-060/GO;Norte;Colisão Traseira;1;;1;;;;;;;;2;;;;
29/01/2018;12:31:00;307;sem vítima;33,8;BR-060/GO;Norte;Choque - Talude;1;;;;;;;;;;1;;;;
29/01/2018;13:01:00;317;sem vítima;46,3;BR-060/GO;Norte;Choque - Elemento de Drenagem;1;;;;;;;;;;1;;;;
29/01/2018;13:39:00;328;sem vítima;628,5;BR-153/GO;Norte;Capotamento;;;;;;;;;;1;1;;;;
29/01/2018;14:06:00;339;com vítima;393;BR-262/MG;Oeste;Tombamento;;;1;;;;;;;;0;1;;;
29/01/2018;15:15:00;364;sem vítima;591,001;BR-262/MG;Leste;Saida de Pista;1;;;;;;;;;;1;;;;