data;horario;n_da_ocorrencia;tipo_de_ocorrencia;km;trecho;sentido;tipo_de_acidente;automovel;bicicleta;caminhao;moto;onibus;outros;tracao_animal;transporte_de_cargas_especiais;trator_maquinas;utilitarios;ilesos;levemente_feridos;moderadamente_feridos;gravemente_feridos;mortos
29/01/2018;15:30:00;377;sem vítima;580;BR-262/MG;Leste;Choque - Elemento de Drenagem;1;;;;;;;;;;1;;;;
29/01/2018;15:33:00;380;sem vítima;610;BR-262/MG;Oeste;Tombamento;;;1;;;;;;;;1;;;;
29/01/2018;15:52:00;391;sem vítima;406,8;BR-262/MG;Oeste;Tombamento;;;1;;;;;;;;2;;;;
29/01/2018;17:39:00;440;com vítima;32,001;BR-153/MG;Norte;Capotamento;1;;;;;;;;;;0;2;1;2;
29/01/2018;17:55:00;448;com vítima;3;BR-153/MG;Sul;Choque - Elemento de Drenagem;1;;;;;;;;;;0;1;;;
29/01/2018;20:18:00;523;sem vítima;438,87;BR-262/MG;Oeste;Saida de Pista;1;;;;;;;;;;1;;;;
29/01/2018;21:05:00;543;com vítima;587,26;BR-262/MG;Leste;Colisão Lateral;;;2;;;;;;;;1;;1;;
30/01/2018;04:00:00;36;sem vítima;58;BR-153/MG;Sul;Choque - Suporte de Sinalização;;;1;;;;;;;;1;;;;
30/01/2018;09:02:00;132;sem vítima;548;BR-262/MG;Leste;Tombamento;;;1;;;;;;;;1;;;;
30/01/2018;09:24:00;148;sem vítima;581,6;BR-153/GO;Sul;Capotamento;1;;;;;;;;;;1;;;;
30/01/2018;12:16:00;246;sem vítima;367;BR-262/MG;Oeste;Colisão Traseira;1;;;1;;;;;;;2;;;;
30/01/2018;14:18:00;310;sem vítima;70,5;BR-153/MG;Norte;Tombamento;;;1;;;;;;;;1;;;;
30/01/2018;14:48:00;324;com vítima;364;BR-262/MG;Leste;Capotamento;1;;;;;;;;;;1;1;;;
30/01/2018;14:57:00;327;sem vítima;364;BR-262/MG;Leste;Choque - Suporte de Sinalização;1;;;;;;;;;;1;;;;
30/01/2018;16:04:00;358;sem vítima;359,8;BR-262/MG;Leste;Colisão Transversal;;;;;1;;;;;1;2;;;;
30/01/2018;17:37:00;414;com vítima;571,001;BR-262/MG;Leste;Capotamento;1;;;;;;;;;;1;1;1;;
30/01/2018;17:59:00;430;com vítima;544,467;BR-262/MG;Leste;Carreta deu L;1;;1;;;;;;;;1;1;1;;
30/01/2018;18:05:00;432;com vítima;423,37;BR-262/MG;Leste;Choque - Talude;;;;1;;;;;;;0;1;;;
30/01/2018;18:22:00;440;sem vítima;574,467;BR-262/MG;Oeste;Tombamento;;;1;;;;;;;;1;;;;
30/01/2018;18:43:00;451;sem vítima;547,071;BR-262/MG;Oeste;Colisão Lateral;;;1;;;;;;;;2;;;;
30/01/2018;19:23:00;474;sem vítima;384,001;BR-262/MG;Oeste;Choque - Talude;1;;;;;;;;;;1;;;;
30/01/2018;19:32:00;479;sem vítima;380,072;BR-262/MG;Leste;Choque - Talude;1;;;;;;;;;;2;;;;
30/01/2018;19:39:00;482;sem vítima;382,668;BR-262/MG;Oeste;Capotamento;1;;;;;;;;;;1;;;;
30/01/2018;20:23:00;508;com vítima;112,99;BR-060/GO;Sul;Queda de Moto;;;;1;;;;;;;0;1;;;
30/01/2018;21:48:00;539;sem vítima;445;BR-262/MG;Oeste;Saida de Pista;1;;;;;;;;;;1;;;;
30/01/2018;23:10:00;557;sem vítima;81,799;BR-153/MG;Norte;Tombamento;;;1;;;;;;;;1;;;;
30/01/2018;23:55:00;573;com vítima;244;BR-153/MG;Norte;Atropelamento - Andarilho;;;;;;;;;;;0;;1;;
31/01/2018;06:28:00;45;com vítima;43,941;BR-060/GO;Norte;Atropelamento - Andarilho;1;;;;;;;;;;1;;;;1
31/01/2018;07:47:00;67;com vítima;381,7;BR-262/MG;Oeste;Tombamento;;;1;;;;;;;;0;;1;;
31/01/2018;07:58:00;73;sem vítima;99,15;BR-060/GO;Sul;Colisão Lateral;1;;1;;;;;;;;2;;;;
31/01/2018;10:26:00;173;com vítima;107,9;BR-060/GO;Norte;Colisão Traseira;1;;;;1;;;;;;39;4;;;
31/01/2018;12:36:00;252;sem vítima;587;BR-262/MG;Leste;Capotamento;1;;;;;;;;;;1;;;;
31/01/2018;14:45:00;309;com vítima;435;BR-262/MG;Oeste;Choque - Talude;1;;;;;;;;;;0;2;;;
31/01/2018;16:15:00;358;sem vítima;574;BR-262/MG;Leste;Choque - Suporte de Sinalização;1;;;;;;;;;;3;;;;
31/01/2018;16:35:00;369;sem vítima;533,2;BR-153/GO;Norte;Tombamento;;;1;;;;;;;;2;;;;
31/01/2018;16:38:00;370;sem vítima;105,7;BR-060/GO;Sul;Queda de Moto;;;;1;;;;;;;1;;;;
31/01/2018;16:45:00;376;sem vítima;354,025;BR-262/MG;Oeste;Carreta deu L;;;1;;;;;;;;1;;;;
31/01/2018;18:37:00;434;com vítima;584,248;BR-262/MG;Leste;Colisão Frontal;1;;2;;;;;;;;2;;1;;
31/01/2018;18:47:00;439;sem vítima;368;BR-262/MG;Oeste;Choque - Defensa, barreira ou "submarino";;;;;;;;;;1;1;;;;
31/01/2018;19:07:00;444;com vítima;500,399;BR-153/GO;Norte;Queda de Moto;;;;1;;;;;;;0;1;;;
01/02/2018;00:53:00;18;sem vítima;190,6;BR-153/MG;Sul;Atropelamento de Animal;;;1;;;;;;;;1;;;;
01/02/2018;01:21:00;23;sem vítima;124;BR-153/MG;Norte;Colisão Traseira;2;;;;;1;;;;;3;;;;
01/02/2018;03:58:00;50;sem vítima;396,311;BR-262/MG;Leste;Atropelamento de Animal;;;2;;;;;;;;2;;;;
01/02/2018;05:42:00;70;sem vítima;550;BR-262/MG;Oeste;Choque - Elemento de Drenagem;1;;;;;;;;;;1;;;;
01/02/2018;06:43:00;89;sem vítima;580,8;BR-153/GO;Sul;Choque - Elemento de Drenagem;;;;;;;;;;1;1;;;;
01/02/2018;08:46:00;150;sem vítima;736,9;BR-262/MG;Oeste;Colisão Traseira;;;2;;;;;;;;2;;;;
01/02/2018;09:21:00;170;sem vítima;385;BR-262/MG;Oeste;Choque - Elemento de Drenagem;1;;;;;;;;;;2;;;;
01/02/2018;10:20:00;218;sem vítima;25,8;BR-060/DF;Norte;Saida de Pista;;;;;;;;;;1;1;;;;
01/02/2018;12:20:00;283;sem vítima;498,789;BR-262/MG;Oeste;Choque - Elemento de Drenagem;1;;;;;;;;;;1;;;;
01/02/2018;12:30:00;286;sem vítima;699,5;BR-153/GO;Norte;Colisão Traseira;;;2;;;;;;;;2;;;;
01/02/2018;14:49:00;343;com vítima;109,109;BR-060/GO;Norte;Tombamento;;;1;;;;;;;;0;1;;;
01/02/2018;14:49:00;344;sem vítima;406,116;BR-262/MG;Oeste;Choque - Suporte de Sinalização;1;;;;;;;;;;1;;;;
01/02/2018;15:34:00;365;sem vítima;380,517;BR-262/MG;Leste;Capotamento;1;;;;;;;;;;3;;;;
01/02/2018;16:29:00;389;com vítima;643,1;BR-153/GO;Sul;Capotamento;1;;;;;;;;;;0;2;;;
01/02/2018;16:37:00;392;sem vítima;41,001;BR-153/MG;Sul;Saida de Pista;;;;;;;;;;1;1;;;;
01/02/2018;17:03:00;402;sem vítima;128,099;BR-060/GO;Norte;Saida de Pista;;;1;;;;;;;;1;;;;
01/02/2018;17:29:00;414;com vítima;27,5;BR-060/GO;Sul;Colisão Traseira;1;;;1;;;;;;;4;;1;;
01/02/2018;18:31:00;461;sem vítima;514,898;BR-153/GO;Norte;Colisão Lateral;2;;;;;;;;;;2;;;;
01/02/2018;20:03:00;514;sem vítima;381,579;BR-262/MG;Leste;Choque - Defensa, barreira ou "submarino";1;;;;;;;;;;1;;;;
01/02/2018;20:10:00;521;sem vítima;76,9;BR-153/MG;Sul;Colisão Traseira;;;2;;;;;;;;2;;;;
01/02/2018;20:47:00;529;sem vítima;666,868;BR-262/MG;Leste;Tombamento;;;1;;;;;;;;1;;;;
02/02/2018;01:37:00;24;sem vítima;92;BR-060/GO;Sul;Choque - Talude;1;;;;;;;;;;3;;;;
02/02/2018;03:15:00;41;com vítima;61,1;BR-060/GO;Norte;Colisão Traseira;1;;1;;;;;;;;3;2;1;;
02/02/2018;04:29:00;53;sem vítima;413;BR-262/MG;Leste;Tombamento;;;1;;;;;;;;1;;;;
02/02/2018;06:31:00;89;sem vítima;794,885;BR-262/MG;Oeste;Tombamento;;;1;;;;;;;;1;;;;
02/02/2018;06:57:00;99;sem vítima;442,015;BR-262/MG;Oeste;Colisão Lateral;2;;;;;;;;;;2;;;;
02/02/2018;07:14:00;107;sem vítima;382,991;BR-262/MG;Oeste;Choque - Defensa, barreira ou "submarino";1;;;;;;;;;;4;;;;
02/02/2018;08:20:00;148;sem vítima;385;BR-262/MG;Oeste;Choque - Elemento de Drenagem;1;;;;;;;;;;4;;;;
02/02/2018;10:09:00;232;sem vítima;652,95;BR-262/MG;Leste;Capotamento;1;;;;;;;;;;1;;;;
02/02/2018;10:42:00;257;sem vítima;607,575;BR-262/MG;Oeste;Choque - Talude;1;;;;;;;;;;1;;;;
02/02/2018;10:48:00;260;sem vítima;381;BR-262/MG;Leste;Choque - Defensa, barreira ou "submarino";1;;;;;;;;;;1;;;;
02/02/2018;11:31:00;280;sem vítima;385;BR-262/MG;Leste;Choque - Elemento de Drenagem;1;;;;;;;;;;1;;;;
02/02/2018;11:38:00;284;com vítima;574;BR-262/MG;Leste;Capotamento;1;;;;;;;;;;0;1;;;
02/02/2018;12:59:00;325;sem vítima;590;BR-262/MG;Leste;Choque - Talude;1;;;;;;;;;;1;;;;
02/02/2018;13:29:00;335;sem vítima;591;BR-262/MG;Leste;Capotamento;1;;;;;;;;;;2;;;;
02/02/2018;13:39:00;344;sem vítima;607;BR-262/MG;Leste;Capotamento;1;;;;;;;;;;1;;;;
02/02/2018;13:40:00;346;sem vítima;587,082;BR-262/MG;Oeste;Tombamento;;;1;;;;;;;;1;;;;
02/02/2018;15:57:00;423;sem vítima;530;BR-262/MG;Oeste;Choque - Talude;1;;;;;;;;;;1;;;;
02/02/2018;16:08:00;426;com vítima;401,747;BR-262/MG;Leste;Carreta deu L;;;1;;;;;;;;0;;1;;
02/02/2018;17:03:00;454;sem vítima;518,8;BR-153/GO;Sul;Tombamento;;;1;;;;;;;;1;;;;
02/02/2018;20:02:00;550;sem vítima;366,367;BR-262/MG;Oeste;Capotamento;2;;;;;;;;;;3;;;;
02/02/2018;20:10:00;565;sem vítima;613,299;BR-153/GO;Sul;Atropelamento de Animal;1;;;;;;;;;;1;;;;
02/02/2018;21:45:00;598;sem vítima;54,7;BR-153/MG;Norte;Colisão Frontal;1;;;;;;;;;;2;;;;
02/02/2018;23:03:00;636;com vítima;409;BR-262/MG;Oeste;Capotamento;1;;;;;;;;;;0;1;;;
03/02/2018;00:11:00;2;sem vítima;46,5;BR-153/MG;Sul;Choque - Elemento de Drenagem;1;;;;;;;;;;1;;;;
03/02/2018;02:15:00;47;com vítima;99,403;BR-060/GO;Norte;Choque - Defensa, barreira ou "submarino";1;;;;;;;;;;0;1;;;
03/02/2018;05:12:00;72;sem vítima;9,4;BR-153/MG;Sul;Capotamento;1;;;;;;;;;;5;;;;
03/02/2018;07:04:00;94;sem vítima;369;BR-262/MG;Leste;Capotamento;1;;;;;;;;;;1;;;;
03/02/2018;09:02:00;156;sem vítima;373;BR-262/MG;Oeste;Queda de Moto;;;;1;;;;;;;1;;;;
03/02/2018;15:47:00;401;com vítima;29,355;BR-060/GO;Norte;Capotamento;1;;;;;;;;;;2;1;1;1;
03/02/2018;16:15:00;413;com vítima;604,9;BR-153/GO;Sul;Capotamento;1;;;;;;;;;;0;4;;;
03/02/2018;16:46:00;431;sem vítima;558,5;BR-153/GO;Sul;Capotamento;1;;;;;;;;;;2;;;;
03/02/2018;17:18:00;454;sem vítima;581,001;BR-153/GO;Sul;Capotamento;1;;;;;;;;;;5;;;;
03/02/2018;17:30:00;462;sem vítima;380,8;BR-262/MG;Leste;Saida de Pista;1;;;;;;;;;;2;;;;
03/02/2018;18:36:00;493;com vítima;713,774;BR-262/MG;Leste;Colisão Frontal;1;;1;;;;;;;;1;;;1;1
03/02/2018;19:26:00;522;com vítima;78,5;BR-060/GO;Sul;Engavetamento;2;;;;;1;;;;;4;5;;;
03/02/2018;18:36:00;552;sem vítima;713,774;BR-262/MG;Leste;Saida de Pista;1;;;;;;;;;;1;;;;
03/02/2018;21:14:00;566;com vítima;508,8;BR-153/GO;Sul;Colisão Traseira;;;;1;;1;;;;;1;;1;;
03/02/2018;21:51:00;575;sem vítima;369;BR-262/MG;Leste;Saida de Pista;1;;;;;;;;;;1;;;;
03/02/2018;22:32:00;590;sem vítima;503,001;BR-153/GO;Norte;Saida de Pista;1;;;;;;;;;;1;;;;
03/02/2018;23:49:00;614;com vítima;658,273;BR-262/MG;Leste;Choque - Talude;1;;;;;;;;;;0;1;;;
04/02/2018;02:17:00;31;sem vítima;699;BR-153/GO;Sul;Choque - Suporte de Sinalização;1;;;;;;;;;;4;;;;
04/02/2018;06:03:00;59;sem vítima;428,9;BR-262/MG;Oeste;Choque - Talude;1;;;;;;;;;;1;;;;
04/02/2018;09:36:00;146;sem vítima;26,5;BR-153/MG;Norte;Saida de Pista;;;;;;;;;;1;1;;;;
04/02/2018;10:36:00;186;com vítima;41,564;BR-060/GO;Norte;Atropelamento - Andarilho;;;1;;;;;;;;1;;;;1
04/02/2018;16:42:00;363;sem vítima;4,5;BR-060/GO;Norte;Colisão Traseira;1;;1;;;;;;;;5;;;;
04/02/2018;18:18:00;417;sem vítima;364,3;BR-262/MG;Oeste;Choque - Suporte de Sinalização;1;;;;;;;;;;3;;;;
04/02/2018;18:47:00;431;com vítima;9,242;BR-153/MG;Sul;Capotamento;1;;;;;;;;;;0;1;;;
04/02/2018;18:53:00;435;sem vítima;197,682;BR-153/MG;Sul;Colisão Traseira;;;2;;;;;;;;3;;;;
04/02/2018;21:01:00;513;sem vítima;570,35;BR-262/MG;Leste;Choque - Elemento de Drenagem;;;;;;;;;;1;1;;;;
04/02/2018;23:31:00;568;sem vítima;784,2;BR-262/MG;Oeste;Queda de Ciclista;;;;1;;;;;;;1;;;;
04/02/2018;23:33:00;569;sem vítima;505,399;BR-153/GO;Sul;Choque - Defensa, barreira ou "submarino";;;1;;;;;;;;1;;;;
04/02/2018;23:56:00;576;sem vítima;138;BR-060/GO;Sul;Saida de Pista;1;;;;;;;;;;2;;;;
05/02/2018;03:21:00;38;sem vítima;364,567;BR-262/MG;Leste;Atropelamento de Animal;1;;;;;;;;;;1;;;;
05/02/2018;06:00:00;65;sem vítima;580,132;BR-262/MG;Oeste;Choque - Talude;1;;;;;;;;;;1;;;;
05/02/2018;08:23:00;122;com vítima;508,26;BR-153/GO;Norte;Queda de Moto;;;;1;;;;;;;1;1;;;
05/02/2018;10:36:00;190;sem vítima;381,8;BR-262/MG;Oeste;Choque - Defensa, barreira ou "submarino";1;;;;;;;;;;2;;;;
05/02/2018;10:56:00;201;sem vítima;549;BR-262/MG;Leste;Choque - Elemento de Drenagem;1;;;;;;;;;;1;;;;
05/02/2018;11:18:00;215;com vítima;447;BR-262/MG;Oeste;Capotamento;1;;;;;;;;;;0;1;;;
05/02/2018;11:25:00;218;sem vítima;587,5;BR-262/MG;Leste;Choque - Arvore;;;1;;;;;;;;1;;;;
05/02/2018;11:34:00;222;com vítima;549;BR-262/MG;Leste;Choque - Veiculo parado no acostamento;2;;;;;;;;;;2;1;;;
05/02/2018;11:40:00;223;com vítima;381,8;BR-262/MG;Oeste;Colisão Traseira;2;;;;;;;;;;1;;1;;
05/02/2018;11:47:00;226;sem vítima;552;BR-262/MG;Leste;Choque - Elemento de Drenagem;;;;;;;;;;1;1;;;;
05/02/2018;11:56:00;235;sem vítima;381;BR-262/MG;Oeste;Capotamento;1;;;;;;;;;;1;;;;
05/02/2018;12:30:00;250;sem vítima;560,998;BR-153/GO;Sul;Choque - Elemento de Drenagem;1;;;;;;;;;;1;;;;
05/02/2018;13:26:00;274;sem vítima;380;BR-262/MG;Oeste;Capotamento;1;;;;;;;;;;1;;;;
05/02/2018;16:45:00;354;sem vítima;16;BR-060/GO;Norte;Choque - Elemento de Drenagem;1;;;;;;;;;;1;;;;
05/02/2018;16:46:00;355;sem vítima;96,2;BR-060/GO;Sul;Colisão Traseira;1;;;1;;;;;;;2;;;;
05/02/2018;17:14:00;371;sem vítima;484,25;BR-262/MG;Oeste;Capotamento;1;;;;;;;;;;1;;;;
05/02/2018;17:20:00;373;com vítima;493;BR-153/GO;Norte;Atropelamento - Andarilho;;;;1;;;;;;;0;1;1;;
05/02/2018;17:54:00;391;com vítima;443;BR-262/MG;Leste;Colisão Traseira;1;;;1;;;;;;;1;1;;;
05/02/2018;18:46:00;426;sem vítima;380,5;BR-262/MG;Leste;Choque - Elemento de Drenagem;1;;;;;;;;;;1;;;;
05/02/2018;18:52:00;431;sem vítima;384,4;BR-262/MG;Leste;Capotamento;1;;;;;;;;;;1;;;;
05/02/2018;19:09:00;444;sem vítima;87,799;BR-060/GO;Norte;Choque - Elemento de Drenagem;1;;;;;;;;;;1;;;;
06/02/2018;00:11:00;2;com vítima;567,35;BR-262/MG;Leste;Choque - Elemento de Drenagem;1;;;;;;;;;;0;5;;;
06/02/2018;00:38:00;9;sem vítima;43,3;BR-060/GO;Norte;Saida de Pista;;;1;;;;;;;;1;;;;
06/02/2018;00:49:00;16;com vítima;113,524;BR-153/MG;Norte;Capotamento;1;;;;;;;;;;0;2;;;
06/02/2018;06:27:00;84;com vítima;503,44;BR-153/GO;Norte;Queda de Moto;;;;1;;;;;;;0;1;;;
06/02/2018;07:12:00;94;sem vítima;27;BR-153/MG;Sul;Queda de Ciclista;;1;;;;;;;;;1;;;;
06/02/2018;07:31:00;98;com vítima;469,5;BR-262/MG;Oeste;Queda de Moto;;;;1;;;;;;;0;;1;;
06/02/2018;10:15:00;203;sem vítima;382,567;BR-262/MG;Oeste;Capotamento;1;;;;;;;;;;1;;;;
06/02/2018;14:50:00;343;com vítima;82,392;BR-060/GO;Norte;Queda de Moto;;;;1;;;;;;;0;1;;;
06/02/2018;14:56:00;346;sem vítima;621,5;BR-262/MG;Oeste;Choque - Talude;1;;;;;;;;;;1;;;;
06/02/2018;15:17:00;354;com vítima;376,9;BR-262/MG;Oeste;Capotamento;1;;;;;;;;;;0;1;;;
06/02/2018;17:25:00;424;com vítima;101;BR-060/GO;Norte;Colisão Lateral;1;;;1;;1;;;;;2;1;;;
06/02/2018;17:37:00;430;com vítima;498,7;BR-153/GO;Sul;Engavetamento;3;;;;;;;;;;6;1;;;
06/02/2018;17:37:00;455;sem vítima;499;BR-153/GO;Sul;Engavetamento;3;;;;;;;;;;3;;;;
06/02/2018;22:41:00;557;sem vítima;580,168;BR-262/MG;Oeste;Saida de Pista;1;;;;;;;;;;2;;;;
06/02/2018;22:45:00;560;sem vítima;548,467;BR-262/MG;Oeste;Saida de Pista;;;1;;;;;;;;1;;;;
07/02/2018;01:22:00;16;sem vítima;364;BR-262/MG;Leste;Choque - Suporte de Sinalização;1;;;;;;;;;;1;;;;
07/02/2018;01:49:00;23;sem vítima;113;BR-060/GO;Norte;Capotamento;1;;;;;;;;;;2;;;;
07/02/2018;03:55:00;42;com vítima;43,6;BR-153/MG;Sul;Colisão Traseira;;;2;;;;;;;;1;1;;;
07/02/2018;04:51:00;50;com vítima;489,87;BR-262/MG;Oeste;Capotamento;1;;;;;;;;;;0;;1;;
07/02/2018;11:38:00;254;sem vítima;473,001;BR-262/MG;Oeste;Colisão Traseira;1;;1;;;;;;;;2;;;;
07/02/2018;13:48:00;339;sem vítima;494,917;BR-153/GO;Sul;Colisão Traseira;1;;;;;2;;;;;3;;;;
07/02/2018;16:11:00;431;sem vítima;19;BR-060/GO;Sul;Choque - Outros;1;;;;;;;;;;1;;;;
07/02/2018;17:10:00;469;sem vítima;29,136;BR-060/GO;Norte;Choque - Objeto sobre a pista;1;;;;;;;;;1;2;;;;
07/02/2018;18:03:00;504;sem vítima;519,95;BR-153/GO;Sul;Saida de Pista;1;;;;;;;;;;4;;;;
07/02/2018;18:24:00;519;sem vítima;541,9;BR-153/GO;Sul;Tombamento;;;1;;;;;;;;1;;;;
07/02/2018;22:31:00;632;com vítima;534;BR-153/GO;Norte;Choque - Veiculo parado no acostamento;1;;1;;;;;;;;1;1;;;
07/02/2018;22:33:00;635;sem vítima;39;BR-060/GO;Norte;Choque - Objeto sobre a pista;1;;;;;;;;;;2;;;;
08/02/2018;04:25:00;50;sem vítima;69,9;BR-153/MG;Norte;Capotamento;;;1;;;;;;;;1;;;;
08/02/2018;12:09:00;304;sem vítima;136,2;BR-060/GO;Sul;Colisão Lateral;;;2;;;;;;;;2;;;;
08/02/2018;19:09:00;532;com vítima;586,03;BR-262/MG;Leste;Capotamento;1;;;;;;;;;;0;;4;;
08/02/2018;20:04:00;566;sem vítima;515;BR-153/GO;Sul;Colisão Traseira;;;;1;;;;;;1;2;;;;
08/02/2018;20:37:00;584;sem vítima;5;BR-060/GO;Norte;Queda de Moto;;;;1;;;;;;;1;;;;
08/02/2018;22:54:00;641;com vítima;802,8;BR-262/MG;Oeste;Colisão Traseira;;;1;1;;;;;;;1;;;1;
08/02/2018;23:13:00;649;sem vítima;721,128;BR-262/MG;Leste;Atropelamento de Animal;;;1;;;;;;;;1;;;;
09/02/2018;09:43:00;213;sem vítima;2,2;BR-060/GO;Sul;Choque - Elemento de Drenagem;1;;;;;;;;;;2;;;;
09/02/2018;10:48:00;264;sem vítima;13,5;BR-060/GO;Norte;Saida de Pista;1;;;;;;;;;;1;;;;
09/02/2018;14:14:00;415;sem vítima;569;BR-262/MG;Oeste;Choque - Talude;;;;;;;;;;1;3;;;;
09/02/2018;14:29:00;427;com vítima;611,527;BR-262/MG;Leste;Colisão Lateral;1;;2;;;;;;;;5;1;;;
09/02/2018;14:40:00;431;com vítima;607,001;BR-262/MG;Leste;Queda de Moto;;;;1;;;;;;;0;1;1;;
09/02/2018;15:45:00;468;com vítima;133,001;BR-153/MG;Norte;Colisão Traseira;1;;;;;;;;;;1;1;;;
09/02/2018;16:38:00;508;com vítima;129;BR-060/GO;Sul;Colisão Traseira;1;;;1;;;;;;;1;1;;;
09/02/2018;17:04:00;527;com vítima;536;BR-153/GO;Sul;Colisão Traseira;1;;;1;;;;;;;1;1;;;
09/02/2018;17:53:00;560;sem vítima;501,2;BR-153/GO;Sul;Choque - Talude;1;;;;;;;;;;1;;;;
09/02/2018;18:48:00;605;sem vítima;502,976;BR-153/GO;Norte;Engavetamento;4;;;;;;;;;;4;;;;
09/02/2018;19:28:00;628;com vítima;382,567;BR-262/MG;Oeste;Queda de Moto;;;;1;;;;;;;0;1;;;
09/02/2018;20:17:00;656;sem vítima;397;BR-262/MG;Oeste;Atropelamento de Animal;1;;;;;;;;;;1;;;;
09/02/2018;21:10:00;684;com vítima;18;BR-153/MG;Sul;Atropelamento de Animal;;;1;;;;;;;;1;;;1;
09/02/2018;21:30:00;693;com vítima;502,6;BR-153/GO;Norte;Colisão Traseira;1;;;1;;;;;;;1;1;1;;
09/02/2018;23:38:00;750;sem vítima;492;BR-153/GO;Norte;Choque - Elemento de Drenagem;1;;;;;;;;;;1;;;;
10/02/2018;02:16:00;67;com vítima;646;BR-153/GO;Sul;Capotamento;1;;;;;;;;;;0;1;;;
10/02/2018;06:58:00;125;sem vítima;612,9;BR-262/MG;Oeste;Saida de Pista;1;;;;;;;;;;2;;;;
10/02/2018;11:34:00;280;sem vítima;27;BR-153/MG;Norte;Colisão Traseira;1;;1;;;;;;;;2;;;;
10/02/2018;15:01:00;380;sem vítima;394,468;BR-262/MG;Oeste;Saida de Pista;;;;;;;;;;1;1;;;;
10/02/2018;15:32:00;400;com vítima;506;BR-153/GO;Sul;Choque - Outros;1;;;;;;;;;;0;1;;;
10/02/2018;15:41:00;402;sem vítima;426,001;BR-262/MG;Oeste;Capotamento;1;;;;;;;;;;4;;;;
10/02/2018;15:55:00;411;sem vítima;426,001;BR-262/MG;Oeste;Saida de Pista;1;;;;;;;;;;2;;;;
10/02/2018;16:00:00;414;com vítima;10,3;BR-060/GO;Norte;Capotamento;1;;;;;;;;;;0;4;;1;
10/02/2018;16:03:00;417;sem vítima;508,127;BR-153/GO;Sul;Choque - Defensa, barreira ou "submarino";1;;;;;;;;;;5;;;;
10/02/2018;16:12:00;418;sem vítima;557;BR-153/GO;Norte;Choque - Elemento de Drenagem;1;;;;;;;;;;5;;;;
10/02/2018;16:43:00;436;sem vítima;702,1;BR-153/GO;Sul;Colisão Traseira;;;2;;;;;;;;2;;;;
10/02/2018;19:05:00;499;sem vítima;47;BR-060/GO;Sul;Capotamento;1;;;;;;;;;;1;;;;
10/02/2018;22:28:00;600;sem vítima;485;BR-262/MG;Oeste;Atropelamento de Animal;1;;;;;;;;;;1;;;;
10/02/2018;23:52:00;628;sem vítima;3,8;BR-153/MG;Norte;Capotamento;1;;;;;;;;;;1;;;;
11/02/2018;01:13:00;22;com vítima;119,2;BR-060/GO;Norte;Choque - Veiculo parado no acostamento;1;;;;;1;;;;;1;;1;;
11/02/2018;06:52:00;89;sem vítima;879,2;BR-262/MG;Leste;Saida de Pista;1;;;;;;;;;;1;;;;
11/02/2018;07:03:00;90;com vítima;99,996;BR-060/GO;Norte;Queda de Moto;;;;1;;;;;;;1;1;;;
11/02/2018;09:08:00;137;sem vítima;703,001;BR-262/MG;Oeste;Colisão Traseira;1;;1;;;;;;;;4;;;;
11/02/2018;09:20:00;146;com vítima;7;BR-060/GO;Norte;Colisão Lateral;1;;;1;;;;;;;1;2;;;
11/02/2018;11:38:00;203;com vítima;17;BR-153/MG;Sul;Choque - Elemento de Drenagem;1;;;;;;;;;;1;;1;;
11/02/2018;13:07:00;237;sem vítima;412,001;BR-262/MG;Oeste;Colisão Traseira;2;;;;;;;;;;2;;;;
11/02/2018;13:10:00;242;com vítima;455,5;BR-262/MG;Oeste;Queda de Moto;;;;1;;;;;;;1;1;;;
11/02/2018;13:19:00;249;sem vítima;357,001;BR-262/MG;Leste;Saida de Pista;1;;;;;;;;;;1;;;;
11/02/2018;16:13:00;338;com vítima;425,756;BR-262/MG;Oeste;Capotamento;1;;;;;;;;;;0;;2;;
11/02/2018;18:59:00;425;sem vítima;502,845;BR-153/GO;Sul;Colisão Traseira;;;;1;;1;;;;;2;;;;
11/02/2018;20:55:00;468;com vítima;56,1;BR-153/MG;Norte;Colisão Traseira;;;2;;;;;;;;2;;1;;
11/02/2018;22:16:00;497;sem vítima;810;BR-262/MG;Oeste;Choque - Veiculo parado no acostamento;1;;;1;;;;;;;2;;;;
12/02/2018;01:34:00;21;sem vítima;38,899;BR-060/GO;Norte;Choque - Talude;1;;;;;;;;;;1;;;;
12/02/2018;07:22:00;86;sem vítima;702,001;BR-153/GO;Norte;Saida de Pista;1;;;;;;;;;;1;;;;
12/02/2018;08:57:00;123;com vítima;49,4;BR-060/GO;Norte;Choque - Suporte de Sinalização;;;1;;;;;;;;0;1;;;
12/02/2018;09:02:00;127;com vítima;436,631;BR-262/MG;Leste;Tombamento;;;1;;;;;;;;0;;1;;
12/02/2018;14:08:00;281;sem vítima;91,9;BR-153/MG;Sul;Tombamento;;;1;;;;;;;;1;;;;
12/02/2018;14:54:00;312;com vítima;643,2;BR-153/GO;Sul;Capotamento;1;;;;;;;;;;0;1;;;
12/02/2018;15:03:00;315;com vítima;495,7;BR-262/MG;Oeste;Queda de Moto;;;;1;;;;;;;0;2;;;
12/02/2018;15:06:00;317;sem vítima;172;BR-153/MG;Norte;Saida de Pista;1;;;;;;;;;;4;;;;
12/02/2018;16:56:00;366;com vítima;357,1;BR-262/MG;Leste;Capotamento;1;;;;;;;;;;3;;1;;