data;horario;n_da_ocorrencia;tipo_de_ocorrencia;km;trecho;sentido;tipo_de_acidente;automovel;bicicleta;caminhao;moto;onibus;outros;tracao_animal;transporte_de_cargas_especiais;trator_maquinas;utilitarios;ilesos;levemente_feridos;moderadamente_feridos;gravemente_feridos;mortos
02/03/2018;08:16:00;151;sem vítima;505;BR-153/GO;Sul;Atropelamento - Andarilho;1;;;;;;;;;;2;;;;
02/03/2018;08:18:00;153;sem vítima;500,5;BR-153/GO;Norte;Engavetamento;2;;;;;;;;;1;3;;;;
02/03/2018;08:53:00;179;sem vítima;502,4;BR-153/GO;Norte;Engavetamento;3;;;;;;;;;;3;;;;
02/03/2018;11:08:00;263;sem vítima;509;BR-153/GO;Sul;Saida de Pista;1;;1;;;;;;;;2;;;;
02/03/2018;11:11:00;266;sem vítima;549;BR-262/MG;Leste;Colisão Transversal;1;;1;;;;;;;;2;;;;
02/03/2018;12:15:00;296;sem vítima;46,5;BR-060/GO;Norte;Capotamento;1;;;;;;;;;;1;;;;
02/03/2018;12:50:00;317;sem vítima;513;BR-153/GO;Sul;Queda de Moto;;;;1;;;;;;;1;;;;
02/03/2018;13:44:00;345;sem vítima;49,8;BR-060/GO;Norte;Capotamento;;;;;;;;;;1;5;;;;
02/03/2018;14:14:00;359;com vítima;577,671;BR-262/MG;Leste;Colisão Frontal;;;2;;;;;;;;0;;;;2
02/03/2018;14:40:00;372;com vítima;109,5;BR-060/GO;Sul;Colisão Traseira;1;;1;;;;;;;;1;1;;;
02/03/2018;15:06:00;386;sem vítima;106;BR-060/GO;Sul;Queda de Moto;;;;1;;;;;;;1;;;;
02/03/2018;15:28:00;402;sem vítima;175;BR-153/MG;Norte;Colisão Traseira;;;1;;1;;;;;;48;;;;
02/03/2018;16:57:00;447;com vítima;499,5;BR-153/GO;Sul;Colisão Traseira;1;;;1;;;;;;;1;1;;;
02/03/2018;18:14:00;488;sem vítima;25,199;BR-060/DF;Sul;Capotamento;1;;;;;;;;;;1;;;;
02/03/2018;18:21:00;491;sem vítima;495,3;BR-153/GO;Sul;Engavetamento;4;;1;;2;;;;;;9;;;;
02/03/2018;18:27:00;493;sem vítima;495,6;BR-153/GO;Norte;Colisão Traseira;2;;;;;;;;;;2;;;;
02/03/2018;19:22:00;522;sem vítima;2,2;BR-060/DF;Norte;Tombamento;;;1;;;;;;;;1;;;;
02/03/2018;19:25:00;523;com vítima;610,671;BR-262/MG;Leste;Colisão Traseira;;;1;;;;;;;1;2;;1;;
02/03/2018;23:37:00;610;sem vítima;692,899;BR-153/GO;Norte;Choque - Suporte de Sinalização;1;;;;;;;;;;1;;;;
03/03/2018;04:12:00;57;sem vítima;879;BR-262/MG;Oeste;Colisão Traseira;2;;;;;;;;;;2;;;;
03/03/2018;10:56:00;225;sem vítima;698;BR-262/MG;Oeste;Choque - Arvore;1;;;;;;;;;;1;;;;
03/03/2018;17:57:00;473;sem vítima;884,5;BR-262/MG;Oeste;Choque - Outros;1;;;;;;;;;;1;;;;
03/03/2018;19:10:00;497;com vítima;4,3;BR-060/DF;Sul;Colisão Lateral;1;;;1;;;;;;;1;1;;;
03/03/2018;19:24:00;510;sem vítima;454,668;BR-262/MG;Leste;Colisão Traseira;;;;;1;1;;;;;2;;;;
03/03/2018;20:33:00;537;sem vítima;102,1;BR-060/GO;Sul;Saida de Pista;1;;;;;;;;;;1;;;;
03/03/2018;20:36:00;538;sem vítima;590,668;BR-262/MG;Oeste;Capotamento;1;;;;;;;;;;1;;;;
03/03/2018;22:15:00;574;sem vítima;21,001;BR-060/GO;Norte;Saida de Pista;1;;;;;;;;;;1;;;;
04/03/2018;01:24:00;13;sem vítima;565,399;BR-153/GO;Sul;Colisão Traseira;;;2;;;;;;;;2;;;;
04/03/2018;05:58:00;56;sem vítima;902;BR-262/MG;Oeste;Choque - Elemento de Drenagem;1;;;;;;;;;;1;;;;
04/03/2018;11:12:00;186;sem vítima;120,45;BR-060/GO;Norte;Queda de Moto;;;;1;;;;;;;1;;;;
04/03/2018;12:12:00;214;sem vítima;614;BR-262/MG;Oeste;Colisão Lateral;2;;;;;;;;;;2;;;;
04/03/2018;12:32:00;226;sem vítima;367;BR-262/MG;Oeste;Choque - Elemento de Drenagem;1;;;;;;;;;;1;;;;
04/03/2018;13:08:00;238;sem vítima;471;BR-262/MG;Leste;Tombamento;;;1;;;;;;;;1;;;;
04/03/2018;15:29:00;304;sem vítima;44;BR-153/MG;Norte;Choque - Elemento de Drenagem;1;;;;;;;;;;1;;;;
04/03/2018;18:29:00;406;sem vítima;443;BR-262/MG;Leste;Choque - Defensa, barreira ou "submarino";1;;;;;;;;;;2;;;;
04/03/2018;19:12:00;438;sem vítima;440,8;BR-262/MG;Oeste;Choque - Defensa, barreira ou "submarino";1;;;;;;;;;;1;;;;
04/03/2018;19:50:00;460;com vítima;9,291;BR-153/MG;Norte;Queda de Moto;;;;1;;;;;;;0;;1;;
04/03/2018;19:52:00;461;sem vítima;537,2;BR-153/GO;Norte;Atropelamento de Animal;1;;;;;;;;;;1;;;;
04/03/2018;20:00:00;467;com vítima;508,3;BR-153/GO;Sul;Queda de Moto;;;;1;;;;;;;0;2;;;
04/03/2018;20:02:00;468;com vítima;446;BR-262/MG;Leste;Colisão Lateral;1;;;1;;;;;;;1;1;;;
04/03/2018;19:52:00;478;sem vítima;537,237;BR-153/GO;Norte;Atropelamento de Animal;1;;;;;;;;;;1;;;;
04/03/2018;21:37:00;501;sem vítima;515,5;BR-153/GO;Sul;Colisão Traseira;;;2;;;;;;;;2;;;;
05/03/2018;01:55:00;27;sem vítima;26;BR-153/MG;Sul;Saida de Pista;1;;;;;;;;;;4;;;;
05/03/2018;03:15:00;32;sem vítima;766,371;BR-262/MG;Leste;Capotamento;;;;;;;;;;1;1;;;;
05/03/2018;10:46:00;223;com vítima;390;BR-262/MG;Oeste;Capotamento;1;;;;;;;;;;0;;1;;
05/03/2018;10:48:00;226;sem vítima;495,6;BR-153/GO;Norte;Choque - Defensa, barreira ou "submarino";1;;;;;;;;;;1;;;;
05/03/2018;12:04:00;263;com vítima;535,5;BR-153/GO;Sul;Queda de Moto;;;;1;;;;;;;0;1;;;
05/03/2018;13:59:00;320;sem vítima;547;BR-262/MG;Oeste;Saida de Pista;;;1;;;;;;;;1;;;;
05/03/2018;14:13:00;330;com vítima;505;BR-153/GO;Sul;Queda de Moto;;;;1;;;;;;;0;1;;;
05/03/2018;15:04:00;352;sem vítima;577;BR-262/MG;Leste;Engavetamento;1;;2;;;;;;;;7;;;;
05/03/2018;20:20:00;519;sem vítima;138;BR-060/GO;Norte;Capotamento;1;;;;;;;;;;1;;;;
05/03/2018;21:58:00;561;com vítima;2,924;BR-060/GO;Norte;Colisão Traseira;;;2;;;;;;;;1;1;;;
06/03/2018;05:48:00;70;com vítima;42,3;BR-153/MG;Sul;Colisão Traseira;;;2;;;;;;;;1;;1;;
06/03/2018;06:44:00;96;com vítima;451;BR-262/MG;Leste;Colisão Traseira;;;1;1;;;;;;;2;;1;;
06/03/2018;07:32:00;114;com vítima;663;BR-153/GO;Sul;Colisão Traseira;;;2;;;;;;;;1;1;;;1
06/03/2018;07:37:00;116;com vítima;494,6;BR-153/GO;Norte;Colisão Traseira;1;;;1;;;;;;;2;2;;;
06/03/2018;08:12:00;143;sem vítima;98;BR-060/GO;Sul;Choque - Defensa, barreira ou "submarino";2;;;;;;;;;;2;;;;
06/03/2018;08:24:00;151;com vítima;494;BR-153/GO;Sul;Queda de Moto;;;;1;;;;;;;0;2;;;
06/03/2018;09:01:00;180;sem vítima;662,2;BR-153/GO;Sul;Choque - Defensa, barreira ou "submarino";;;1;;;;;;;;1;;;;
06/03/2018;09:10:00;185;sem vítima;496,3;BR-153/GO;Norte;Colisão Traseira;;;2;;;;;;;;2;;;;
06/03/2018;11:24:00;283;com vítima;388;BR-262/MG;Oeste;Queda de Ciclista;;;;1;;;;;;;1;;1;;
06/03/2018;12:39:00;334;com vítima;107,8;BR-060/GO;Sul;Choque - Defensa, barreira ou "submarino";;;;;;;;;;1;0;1;;;
06/03/2018;12:55:00;339;com vítima;8,5;BR-060/DF;Sul;Colisão Traseira;1;;;1;;;;;;;1;;1;;
06/03/2018;13:40:00;353;sem vítima;136;BR-060/GO;Sul;Capotamento;1;;;;;;;;;;2;;;;
06/03/2018;14:24:00;386;sem vítima;530;BR-262/MG;Leste;Choque - Elemento de Drenagem;;;;;;;;;;1;1;;;;
06/03/2018;15:04:00;425;sem vítima;101;BR-060/GO;Sul;Colisão Traseira;1;;1;;;;;;;;5;;;;
06/03/2018;16:26:00;478;sem vítima;553;BR-262/MG;Leste;Choque - Talude;;;;;;;;;;1;1;;;;
06/03/2018;16:57:00;502;sem vítima;124;BR-153/MG;Sul;Colisão Traseira;;;2;;;;;;;;2;;;;
06/03/2018;17:29:00;521;com vítima;466;BR-262/MG;Oeste;Colisão Traseira;1;;1;1;;;;;;;3;;1;;1
06/03/2018;19:22:00;577;sem vítima;74,299;BR-060/GO;Sul;Capotamento;1;;;;;;;;;;1;;;;
06/03/2018;22:09:00;650;com vítima;491,699;BR-153/GO;Norte;Choque - Veiculo parado no acostamento;;;1;1;;;;;;;1;;1;;
06/03/2018;22:14:00;652;com vítima;702,5;BR-153/GO;Sul;Colisão Traseira;1;;1;;;;;;;;2;;1;;
07/03/2018;00:16:00;4;sem vítima;549,967;BR-262/MG;Leste;Carreta deu L;;;1;;;;;;;;1;;;;
07/03/2018;05:45:00;51;sem vítima;509;BR-262/MG;Oeste;Saida de Pista;;;1;;;;;;;;1;;;;
07/03/2018;07:02:00;72;com vítima;96,1;BR-060/GO;Norte;Colisão Traseira;1;;;1;;;;;;;1;1;;;
07/03/2018;07:59:00;108;sem vítima;23,199;BR-153/MG;Norte;Tombamento;;;1;;;;;;;;1;;;;
07/03/2018;09:13:00;170;sem vítima;450;BR-262/MG;Leste;Colisão Traseira;1;;;;;;;;;1;2;;;;
07/03/2018;10:21:00;214;sem vítima;505,222;BR-153/GO;Norte;Colisão Traseira;2;;;;;;;;;;4;;;;
07/03/2018;11:42:00;273;sem vítima;812,571;BR-262/MG;Leste;Choque - Elemento de Drenagem;1;;;;;;;;;;1;;;;
07/03/2018;14:10:00;347;sem vítima;660,2;BR-153/GO;Norte;Colisão Lateral;1;;1;;;;;;;;2;;;;
07/03/2018;15:16:00;368;sem vítima;24,216;BR-060/DF;Norte;Saida de Pista;1;;;;;;;;;;1;;;;
07/03/2018;15:24:00;371;sem vítima;23,376;BR-060/DF;Norte;Capotamento;1;;;;;;;;;;4;;;;
07/03/2018;15:30:00;373;sem vítima;626;BR-262/MG;Oeste;Saida de Pista;1;;;;;;;;;;1;;;;
07/03/2018;16:14:00;392;sem vítima;114,262;BR-060/GO;Norte;Choque - Arvore;1;;;;;;;;;;1;;;;
07/03/2018;16:17:00;395;sem vítima;493;BR-153/GO;Norte;Choque - Elemento de Drenagem;1;;;;;;;;;;1;;;;
07/03/2018;17:59:00;449;com vítima;598,471;BR-262/MG;Oeste;Saida de Pista;1;;;;;;;;;;1;1;;;
07/03/2018;20:21:00;514;sem vítima;523,5;BR-153/GO;Norte;Capotamento;1;;;;;;;;;;1;;;;
07/03/2018;23:52:00;582;com vítima;13,951;BR-153/MG;Norte;Colisão Traseira;1;;1;;;;;;;;4;;;1;
08/03/2018;07:16:00;77;com vítima;575,486;BR-262/MG;Leste;Atropelamento - Andarilho;;;1;;;;;;;;0;;2;;
08/03/2018;14:04:00;324;sem vítima;72,05;BR-060/GO;Sul;Capotamento;1;;;;;;;;;;3;;;;
08/03/2018;14:24:00;333;sem vítima;56,709;BR-060/GO;Sul;Choque - Defensa, barreira ou "submarino";1;;;;;;;;;;1;;;;
08/03/2018;17:46:00;483;sem vítima;443;BR-262/MG;Leste;Choque - Defensa, barreira ou "submarino";1;;;;;;;;;;1;;;;
08/03/2018;17:53:00;489;sem vítima;28,6;BR-060/DF;Sul;Choque - Talude;;;;;;;;;;1;2;;;;
08/03/2018;18:16:00;502;sem vítima;39;BR-153/MG;Sul;Saida de Pista;1;;;;;;;;;;2;;;;
08/03/2018;19:00:00;519;sem vítima;702,2;BR-153/GO;Sul;Choque - Poste;;;1;;;;;;;;1;;;;
08/03/2018;20:32:00;566;sem vítima;559;BR-262/MG;Oeste;Saida de Pista;;;1;;;;;;;;1;;;;
08/03/2018;20:58:00;585;com vítima;16;BR-060/DF;Norte;Queda de Moto;;;;1;;;;;;;0;1;;;
08/03/2018;23:02:00;620;sem vítima;367;BR-262/MG;Leste;Choque - Elemento de Drenagem;;;1;;;;;;;;1;;;;
09/03/2018;02:50:00;35;com vítima;68;BR-153/MG;Norte;Saida de Pista;1;;;;;;;;;;0;1;;;
09/03/2018;07:12:00;108;sem vítima;0,2;BR-060/DF;Norte;Colisão Lateral;2;;;1;;;;;;;3;;;;
09/03/2018;07:53:00;136;sem vítima;28;BR-060/DF;Norte;Carreta deu L;;;1;;;;;;;;1;;;;
09/03/2018;12:22:00;315;com vítima;380;BR-262/MG;Leste;Capotamento;1;;;;;;;;;;0;;1;;
09/03/2018;12:35:00;320;sem vítima;792,6;BR-262/MG;Leste;Saida de Pista;;;2;;;;;;;;2;;;;
09/03/2018;12:59:00;331;com vítima;667;BR-262/MG;Leste;Choque - Talude;1;;;;;;;;;;0;1;;;
09/03/2018;13:03:00;332;sem vítima;626;BR-153/GO;Sul;Capotamento;1;;;;;;;;;;1;;;;
09/03/2018;14:11:00;356;sem vítima;516,8;BR-153/GO;Norte;Saida de Pista;;;1;;;;;;;;1;;;;
09/03/2018;14:19:00;362;sem vítima;371,687;BR-262/MG;Oeste;Choque - Suporte de Sinalização;1;;;;;;;;;;3;;;;
09/03/2018;14:24:00;363;com vítima;662;BR-153/GO;Norte;Colisão Traseira;;;2;;;;;;;;1;1;;;
09/03/2018;15:10:00;379;sem vítima;485;BR-262/MG;Leste;Saida de Pista;1;;;;;;;;;;1;;;;
09/03/2018;15:30:00;389;sem vítima;522;BR-262/MG;Oeste;Choque - Talude;1;;;;;;;;;;2;;;;
09/03/2018;15:49:00;398;sem vítima;90,5;BR-060/GO;Norte;Saida de Pista;1;;;;;;;;;;1;;;;
09/03/2018;16:38:00;434;sem vítima;589;BR-262/MG;Oeste;Choque - Elemento de Drenagem;;;1;;;;;;;;2;;;;
09/03/2018;16:50:00;443;sem vítima;1;BR-153/MG;Norte;Choque - Elemento de Drenagem;1;;;;;;;;;;1;;;;
09/03/2018;17:09:00;454;com vítima;55;BR-153/MG;Sul;Queda de Moto;;;;1;;;;;;;0;;2;;
09/03/2018;21:17:00;569;com vítima;5,099;BR-060/GO;Sul;Capotamento;1;;;;;;;;;;0;1;;;
10/03/2018;00:07:00;2;sem vítima;3,799;BR-153/MG;Sul;Tombamento;;;1;;;;;;;;1;;;;
10/03/2018;02:58:00;40;sem vítima;73,4;BR-060/GO;Norte;Choque - Defensa, barreira ou "submarino";1;;;;;;;;;;1;;;;
10/03/2018;06:18:00;70;sem vítima;438,453;BR-262/MG;Leste;Choque - Talude;1;;;;;;;;;;3;;;;
10/03/2018;06:27:00;75;sem vítima;382;BR-262/MG;Oeste;Choque - Elemento de Drenagem;1;;;;;;;;;;1;;;;
10/03/2018;06:57:00;87;sem vítima;6,9;BR-153/MG;Norte;Capotamento;1;;;;;;;;;;2;;;;
10/03/2018;07:43:00;111;sem vítima;382;BR-262/MG;Oeste;Choque - Elemento de Drenagem;1;;;;;;;;;;1;;;;
10/03/2018;07:43:00;127;sem vítima;382;BR-262/MG;Oeste;Tombamento;1;;;;;;;;;;1;;;;
10/03/2018;10:03:00;191;sem vítima;53,25;BR-060/GO;Norte;Choque - Suporte de Sinalização;1;;;;;;;;;;2;;;;
10/03/2018;15:20:00;420;sem vítima;40,083;BR-060/GO;Norte;Choque - Defensa, barreira ou "submarino";1;;;1;;;;;;;3;;;;
10/03/2018;16:04:00;492;com vítima;539,5;BR-153/GO;Sul;Capotamento;1;;;;;;;;;;1;;;1;
10/03/2018;16:22:00;519;sem vítima;133;BR-060/GO;Norte;Colisão Traseira;1;;1;;;;;;;;2;;;;
10/03/2018;16:26:00;522;sem vítima;587;BR-262/MG;Leste;Choque - Talude;1;;;;;;;;;;1;;;;
10/03/2018;16:30:00;533;sem vítima;404,8;BR-262/MG;Leste;Choque - Elemento de Drenagem;1;;;;;;;;;;1;;;;
10/03/2018;17:14:00;557;sem vítima;404;BR-262/MG;Oeste;Choque - Suporte de Sinalização;1;;;;;;;;;;1;;;;
10/03/2018;17:25:00;561;sem vítima;25;BR-060/GO;Sul;Choque - Defensa, barreira ou "submarino";1;;;;;;;;;;1;;;;
10/03/2018;17:30:00;563;sem vítima;548,668;BR-262/MG;Oeste;Capotamento;;;;;;;;;;1;1;;;;
10/03/2018;18:38:00;601;com vítima;18,483;BR-060/GO;Norte;Capotamento;1;;;;;;;;;;1;1;;;
10/03/2018;19:29:00;621;sem vítima;120,873;BR-060/GO;Sul;Tombamento;;;1;;;;;;;;4;;;;
10/03/2018;19:39:00;624;sem vítima;509,634;BR-153/GO;Norte;Queda de Moto;;;;1;;;;;;;1;;;;
10/03/2018;21:51:00;680;com vítima;7,4;BR-060/DF;Sul;Colisão Traseira;2;;;;;;;;;;1;1;;;
10/03/2018;22:40:00;701;com vítima;505,71;BR-153/GO;Sul;Queda de Ciclista;;;;1;;;;;;;0;2;;;
11/03/2018;04:02:00;45;sem vítima;699,299;BR-153/GO;Sul;Saida de Pista;1;;;;;;;;;;2;;;;
11/03/2018;04:22:00;49;com vítima;386,471;BR-262/MG;Oeste;Capotamento;1;;;;;;;;;;0;1;;;
11/03/2018;04:33:00;52;sem vítima;2,8;BR-153/MG;Norte;Choque - Elemento de Drenagem;1;;;;;;;;;;2;;;;
11/03/2018;06:09:00;63;sem vítima;111,7;BR-060/GO;Sul;Capotamento;1;;;;;;;;;;1;;;;
11/03/2018;07:57:00;98;sem vítima;121,762;BR-060/GO;Norte;Choque - Elemento de Drenagem;1;;;;;;;;;;3;;;;
11/03/2018;08:34:00;114;sem vítima;382;BR-262/MG;Oeste;Choque - Defensa, barreira ou "submarino";1;;;;;;;;;;1;;;;
11/03/2018;08:48:00;120;sem vítima;382,5;BR-262/MG;Oeste;Capotamento;1;;;;;;;;;;4;;;;
11/03/2018;09:15:00;136;sem vítima;531,115;BR-153/GO;Norte;Saida de Pista;1;;;;;;;;;;2;;;;
11/03/2018;10:00:00;165;sem vítima;57,754;BR-060/GO;Sul;Choque - Defensa, barreira ou "submarino";1;;;;;;;;;;1;;;;
11/03/2018;10:01:00;167;com vítima;587,3;BR-153/GO;Sul;Choque - Talude;1;;;;;;;;;;1;2;1;;
11/03/2018;12:03:00;234;sem vítima;29,796;BR-060/DF;Norte;Capotamento;1;;;;;;;;;;1;;;;
11/03/2018;12:07:00;238;sem vítima;46,6;BR-060/GO;Sul;Choque - Outros;1;;;;;;;;;;1;;;;
11/03/2018;12:56:00;256;sem vítima;564;BR-262/MG;Leste;Choque - Elemento de Drenagem;;;1;;;;;;;;1;;;;
11/03/2018;14:46:00;291;sem vítima;607;BR-262/MG;Leste;Saida de Pista;;;;;;;;;;1;4;;;;
11/03/2018;16:15:00;329;sem vítima;590;BR-262/MG;Leste;Saida de Pista;1;;;;;;;;;;3;;;;
11/03/2018;16:28:00;338;com vítima;565,3;BR-153/GO;Norte;Colisão Traseira;1;;;1;;;;;;;1;1;;;
11/03/2018;16:30:00;340;sem vítima;589;BR-262/MG;Oeste;Choque - Elemento de Drenagem;;;;;;;;;;1;5;;;;
11/03/2018;20:54:00;466;com vítima;369;BR-262/MG;Oeste;Colisão Frontal;1;;;1;;;;;;;1;;2;;
11/03/2018;21:59:00;491;sem vítima;421,367;BR-262/MG;Oeste;Atropelamento de Animal;;;;;;;;;;1;1;;;;
12/03/2018;00:50:00;10;sem vítima;375,173;BR-262/MG;Oeste;Choque - Defensa, barreira ou "submarino";;;;;1;;;;;;2;;;;
12/03/2018;05:28:00;64;sem vítima;60,899;BR-060/GO;Norte;Colisão Traseira;2;;;;;;;;;;2;;;;
12/03/2018;11:00:00;273;sem vítima;23;BR-153/MG;Norte;Choque - Outros;;;1;;;;;;;;1;;;;
12/03/2018;13:02:00;368;sem vítima;34,9;BR-153/MG;Norte;Capotamento;;;;;;;;;;1;1;;;;
12/03/2018;15:25:00;443;com vítima;171,928;BR-153/MG;Norte;Queda de Moto;;;;1;;;;;;;0;;1;;
12/03/2018;20:03:00;577;sem vítima;609;BR-262/MG;Oeste;Colisão Traseira;1;;1;;;;;;;;2;;;;
13/03/2018;00:46:00;12;sem vítima;639,635;BR-262/MG;Leste;Tombamento;;;1;;;2;;;;;3;;;;
13/03/2018;06:40:00;67;sem vítima;510,395;BR-262/MG;Oeste;Capotamento;1;;;;;;;;;;1;;;;
13/03/2018;07:42:00;92;sem vítima;98,531;BR-060/GO;Sul;Colisão Traseira;;;1;;;;;;;1;2;;;;
13/03/2018;11:34:00;281;sem vítima;653,4;BR-262/MG;Oeste;Choque - Arvore;1;;;;;;;;;;1;;;;
13/03/2018;17:53:00;526;com vítima;505,22;BR-262/MG;Leste;Engavetamento;;;4;;;;;;;;3;;1;;
13/03/2018;19:20:00;576;com vítima;31,707;BR-060/GO;Norte;Atropelamento - Morador;;;;;;1;;;;;1;;1;;
13/03/2018;19:34:00;583;com vítima;493;BR-153/GO;Norte;Colisão Lateral;;;;2;;;;;;;1;1;;;
14/03/2018;06:05:00;91;com vítima;505,333;BR-153/GO;Sul;Queda de Moto;;;;1;;;;;;;0;1;;;
14/03/2018;07:39:00;146;sem vítima;495;BR-153/GO;Sul;Colisão Traseira;1;;1;;;;;;;;2;;;;
14/03/2018;08:04:00;180;com vítima;492,933;BR-153/GO;Sul;Engavetamento;5;;1;;;;;;;;4;2;;;
14/03/2018;09:29:00;242;sem vítima;699;BR-262/MG;Oeste;Colisão Traseira;;;2;;;;;;;;2;;;;
14/03/2018;14:28:00;482;sem vítima;501;BR-153/GO;Norte;Colisão Traseira;1;;;1;;;;;;;2;;;;
14/03/2018;14:57:00;502;com vítima;503,8;BR-153/GO;Sul;Engavetamento;3;;2;;;;;;;;6;1;;;
14/03/2018;16:21:00;558;sem vítima;27,562;BR-060/DF;Sul;Capotamento;;;;;;;;;;1;2;;;;
14/03/2018;17:32:00;608;com vítima;667,87;BR-262/MG;Leste;Capotamento;;;;;;;;;;1;0;5;;;
14/03/2018;18:10:00;630;com vítima;530,001;BR-153/GO;Norte;Queda de Moto;;;;1;;;;;;;0;1;;;
14/03/2018;18:42:00;653;com vítima;31,5;BR-060/GO;Sul;Colisão Traseira;1;;;1;;;;;;;1;1;;;
14/03/2018;19:13:00;666;com vítima;443,367;BR-262/MG;Oeste;Atropelamento - Morador;;;1;;;;;;;;2;1;;;
15/03/2018;04:26:00;50;sem vítima;49,002;BR-153/MG;Sul;Tombamento;;;1;;;1;;;;;2;;;;
15/03/2018;06:54:00;97;com vítima;514;BR-153/GO;Norte;Queda de Ciclista;;;;1;;;;;;;0;;1;;
15/03/2018;07:28:00;108;com vítima;129,6;BR-060/GO;Sul;Capotamento;1;;1;;;;;;;;1;3;1;;
15/03/2018;07:36:00;114;com vítima;456,9;BR-262/MG;Leste;Colisão Transversal;2;;1;;;;;;;;1;2;1;;
15/03/2018;09:40:00;195;sem vítima;116,975;BR-060/GO;Norte;Queda de Moto;;;;1;;;;;;;2;;;;
15/03/2018;12:20:00;301;sem vítima;799;BR-262/MG;Oeste;Saida de Pista;;;1;;;;;;;;1;;;;
15/03/2018;15:11:00;376;sem vítima;55,2;BR-153/MG;Sul;Capotamento;1;;;;;;;;;;1;;;;
15/03/2018;16:33:00;433;com vítima;18,6;BR-060/GO;Norte;Saida de Pista;;;;;;;;;;1;0;1;;;
15/03/2018;16:37:00;436;sem vítima;128,9;BR-060/GO;Sul;Engavetamento;3;;;;;;;;;;6;;;;
15/03/2018;16:45:00;439;sem vítima;378;BR-262/MG;Leste;Saida de Pista;1;;;;;;;;;;1;;;;
15/03/2018;20:36:00;591;sem vítima;92,9;BR-060/GO;Sul;Colisão Traseira;1;;;;;;;;;;1;;;;
16/03/2018;00:23:00;10;com vítima;362,87;BR-262/MG;Oeste;Atropelamento - Sem Informação;;;;;;1;;;;;1;;;;1
16/03/2018;01:00:00;23;sem vítima;505,571;BR-262/MG;Oeste;Tombamento;;;1;;;;;;;;1;;;;
16/03/2018;07:55:00;140;sem vítima;23,3;BR-060/DF;Sul;Capotamento;1;;;;;;;;;;2;;;;
16/03/2018;11:33:00;293;sem vítima;89,82;BR-060/GO;Norte;Colisão Lateral;1;;1;;;;;;;;2;;;;
16/03/2018;14:38:00;411;com vítima;1,8;BR-060/DF;Sul;Colisão Traseira;2;;;;;;;;;;1;1;;;
16/03/2018;14:38:00;413;sem vítima;0,8;BR-060/DF;Sul;Colisão Traseira;3;;;;;;;;;;3;;;;
16/03/2018;14:39:00;414;sem vítima;580;BR-262/MG;Oeste;Colisão Transversal;;;1;;;;;;;1;2;;;;
16/03/2018;14:56:00;428;sem vítima;124,001;BR-153/MG;Norte;Tombamento;;;1;;;;;;;;1;;;;
16/03/2018;17:05:00;501;sem vítima;365;BR-262/MG;Leste;Choque - Elemento de Drenagem;1;;;;;;;;;;1;;;;
16/03/2018;17:34:00;517;com vítima;180;BR-153/MG;Norte;Colisão Traseira;;;1;;;;;;;1;4;;3;;
16/03/2018;18:16:00;544;com vítima;4;BR-060/DF;Sul;Colisão Traseira;1;;;1;;;;;;;2;1;;;
16/03/2018;18:27:00;553;com vítima;516,5;BR-153/GO;Sul;Tombamento;;;1;;;;;;;;0;1;;;
16/03/2018;18:48:00;569;sem vítima;517,1;BR-153/GO;Sul;Saida de Pista;1;;;;;;;;;;1;;;;
16/03/2018;19:20:00;588;sem vítima;430;BR-262/MG;Oeste;Choque - Defensa, barreira ou "submarino";1;;;;;;;;;;5;;;;
16/03/2018;20:37:00;635;sem vítima;42,168;BR-060/GO;Norte;Capotamento;1;;;;;;;;;;1;;;;
16/03/2018;20:50:00;645;com vítima;531,8;BR-153/GO;Sul;Colisão Lateral;1;;;1;;;;;;;1;1;1;;
16/03/2018;20:51:00;646;sem vítima;548;BR-262/MG;Leste;Choque - Elemento de Drenagem;;;;;;;;;;1;1;;;;
17/03/2018;00:14:00;5;sem vítima;428,258;BR-262/MG;Leste;Tombamento;;;1;;;;;;;;1;;;;
17/03/2018;00:36:00;15;com vítima;777,456;BR-262/MG;Oeste;Colisão Frontal;1;;1;;;;;;;;0;4;;;
17/03/2018;01:51:00;25;com vítima;98,427;BR-060/GO;Sul;Colisão Traseira;1;;1;;;;;;;;1;;;;1
17/03/2018;02:18:00;29;sem vítima;598,2;BR-153/GO;Sul;Choque - Suporte de Sinalização;1;;;;;;;;;;1;;;;
17/03/2018;05:35:00;66;sem vítima;768;BR-262/MG;Oeste;Tombamento;;;1;;;;;;;;1;;;;
17/03/2018;05:36:00;67;com vítima;509,383;BR-153/GO;Sul;Choque - Defensa, barreira ou "submarino";;;;1;;;;;;;0;;;;1
17/03/2018;06:20:00;77;com vítima;356,245;BR-262/MG;Leste;Choque - Talude;1;;;;;;;;;;1;1;;;
17/03/2018;11:48:00;259;sem vítima;697;BR-153/GO;Norte;Colisão Lateral;1;;1;;;;;;;;2;;;;
17/03/2018;12:33:00;279;com vítima;600;BR-153/GO;Sul;Capotamento;1;;1;;;;;;;;1;1;;;
17/03/2018;12:56:00;290;sem vítima;565,8;BR-153/GO;Norte;Colisão Transversal;2;;;;;;;;;;2;;;;
17/03/2018;13:57:00;317;sem vítima;554,06;BR-153/GO;Norte;Colisão Transversal;1;;1;;;;;;;;2;;;;
17/03/2018;14:07:00;321;sem vítima;15,5;BR-060/GO;Norte;Capotamento;1;;;;;;;;;;1;;;;