data;horario;n_da_ocorrencia;tipo_de_ocorrencia;km;trecho;sentido;tipo_de_acidente;automovel;bicicleta;caminhao;moto;onibus;outros;tracao_animal;transporte_de_cargas_especiais;trator_maquinas;utilitarios;ilesos;levemente_feridos;moderadamente_feridos;gravemente_feridos;mortos
17/03/2018;14:51:00;351;sem vítima;10;BR-060/DF;Sul;Saida de Pista;1;;;;;;;;;;1;;;;
17/03/2018;14:57:00;355;sem vítima;116,4;BR-060/GO;Norte;Choque - Elemento de Drenagem;1;;;;;;;;;;1;;;;
17/03/2018;15:23:00;364;com vítima;4,6;BR-060/DF;Norte;Colisão Traseira;2;;;;;;;;;;5;1;;;
17/03/2018;15:28:00;366;com vítima;632,53;BR-262/MG;Oeste;Choque - Talude;;;1;;;;;;;;0;1;;;
17/03/2018;18:43:00;481;sem vítima;504,699;BR-153/GO;Sul;Colisão Frontal;2;;;;;;;;;;4;;;;
17/03/2018;22:59:00;601;com vítima;506,199;BR-153/GO;Sul;Colisão Traseira;1;;;1;;;;;;;1;1;;;
18/03/2018;05:27:00;103;com vítima;506,248;BR-153/GO;Sul;Choque - Defensa, barreira ou "submarino";;;;1;;;;;;;0;1;;;
18/03/2018;06:30:00;123;sem vítima;360;BR-262/MG;Oeste;Capotamento;1;;;;;;;;;;1;;;;
18/03/2018;07:11:00;143;com vítima;383;BR-262/MG;Oeste;Capotamento;1;;;;;;;;;;0;;1;;
18/03/2018;07:44:00;150;sem vítima;58;BR-153/MG;Norte;Saida de Pista;;;1;;;;;;;;1;;;;
18/03/2018;08:04:00;159;com vítima;2,36;BR-060/DF;Sul;Colisão Traseira;1;;;1;;;;;;;1;1;;;
18/03/2018;08:32:00;177;com vítima;18,331;BR-060/GO;Sul;Colisão Traseira;2;;;;;;;;;;3;1;1;;
18/03/2018;12:04:00;298;sem vítima;28;BR-060/GO;Sul;Choque - Elemento de Drenagem;1;;;;;;;;;;1;;;;
18/03/2018;14:03:00;350;sem vítima;569,9;BR-153/GO;Norte;Capotamento;1;;;;;;;;;;4;;;;
18/03/2018;14:29:00;361;sem vítima;116,1;BR-060/GO;Sul;Capotamento;1;;;;;;;;;;2;;;;
18/03/2018;15:18:00;389;sem vítima;506;BR-153/GO;Norte;Choque - Defensa, barreira ou "submarino";2;;;;;;;;;;2;;;;
18/03/2018;16:37:00;426;com vítima;426;BR-262/MG;Leste;Colisão Traseira;2;;;;;;;;;;3;;;4;
18/03/2018;17:03:00;440;sem vítima;824,2;BR-262/MG;Leste;Choque - Suporte de Sinalização;1;;;;;;;;;;1;;;;
18/03/2018;17:12:00;445;com vítima;611;BR-262/MG;Leste;Engavetamento;1;;2;;;;;;;;1;3;;;
18/03/2018;18:40:00;489;com vítima;491;BR-153/GO;Norte;Choque - Poste;1;;;;;;;;;;0;1;1;;
18/03/2018;19:06:00;501;sem vítima;33,001;BR-153/MG;Norte;Atropelamento de Animal;1;;;;;;;;;;1;;;;
18/03/2018;20:20:00;530;com vítima;701,066;BR-262/MG;Oeste;Capotamento;1;;;;;;;;;;0;3;;;
18/03/2018;22:26:00;571;sem vítima;136,6;BR-060/GO;Sul;Capotamento;1;;;;;;;;;;1;;;;
19/03/2018;01:34:00;27;com vítima;9,927;BR-153/MG;Norte;Saida de Pista;1;;;;;;;;;;0;1;;;
19/03/2018;02:02:00;28;sem vítima;38,863;BR-153/MG;Norte;Saida de Pista;;;1;;;;;;;;1;;;;
19/03/2018;02:43:00;36;sem vítima;94,5;BR-060/GO;Norte;Choque - Elemento de Drenagem;1;;;;;;;;;;2;;;;
19/03/2018;06:47:00;85;com vítima;26,466;BR-060/GO;Sul;Capotamento;;;1;;;;;;;;0;1;;;
19/03/2018;07:14:00;91;sem vítima;480;BR-262/MG;Leste;Colisão Traseira;2;;;;;;;;;;4;;;;
19/03/2018;07:39:00;98;sem vítima;503,697;BR-153/GO;Norte;Colisão Traseira;2;;;;;;;;;;2;;;;
19/03/2018;08:54:00;154;com vítima;150;BR-153/MG;Norte;Capotamento;1;;;;;;;;;;2;1;;;
19/03/2018;09:36:00;182;com vítima;131,9;BR-060/GO;Sul;Capotamento;1;;;;;;;;;;1;1;;;
19/03/2018;10:05:00;201;com vítima;508,5;BR-153/GO;Norte;Colisão Traseira;2;;;;;;;;;;5;1;;;
19/03/2018;12:15:00;259;sem vítima;58,2;BR-153/MG;Sul;Choque - Suporte de Sinalização;;;1;;;;;;;;1;;;;
19/03/2018;12:51:00;271;sem vítima;44,832;BR-060/GO;Norte;Colisão Lateral;;;1;;1;;;;;;5;;;;
19/03/2018;13:34:00;292;com vítima;421,5;BR-262/MG;Oeste;Capotamento;1;;;;;;;;;1;2;2;;;
19/03/2018;16:21:00;389;sem vítima;107,8;BR-060/GO;Sul;Colisão Traseira;1;;;;1;;;;;;2;;;;
19/03/2018;17:00:00;407;sem vítima;472;BR-262/MG;Oeste;Colisão Traseira;2;;;;;;;;;;3;;;;
19/03/2018;17:32:00;427;com vítima;497,001;BR-153/GO;Norte;Colisão Traseira;1;;;1;;;;;;;1;1;;;
19/03/2018;21:09:00;549;sem vítima;27,1;BR-060/DF;Norte;Choque - Talude;;;;;;;;;;1;1;;;;
19/03/2018;21:28:00;560;sem vítima;26,087;BR-060/GO;Sul;Tombamento;;;1;;;;;;;;1;;;;
19/03/2018;23:43:00;595;com vítima;842;BR-262/MG;Oeste;Saida de Pista;1;;;;;;;;;;0;1;;;
20/03/2018;05:17:00;58;com vítima;73,613;BR-060/GO;Norte;Colisão Traseira;;;2;;;;;;;;3;;2;;
20/03/2018;06:08:00;63;com vítima;444,887;BR-262/MG;Leste;Capotamento;1;;;;;;;;;;0;1;;;
20/03/2018;07:18:00;85;sem vítima;507,894;BR-153/GO;Norte;Colisão Traseira;3;;;;;;;;;;3;;;;
20/03/2018;07:34:00;95;com vítima;812;BR-262/MG;Leste;Queda de Ciclista;;1;;;;;;;;;0;1;;;
20/03/2018;07:35:00;96;sem vítima;623,8;BR-262/MG;Leste;Choque - Elemento de Drenagem;1;;;;;;;;;;1;;;;
20/03/2018;08:53:00;152;sem vítima;59,347;BR-060/GO;Sul;Colisão Traseira;1;;;1;;;;;;;3;;;;
20/03/2018;09:57:00;196;sem vítima;790;BR-262/MG;Oeste;Colisão Lateral;1;;2;;;;;;;;3;;;;
20/03/2018;10:21:00;211;sem vítima;569;BR-262/MG;Leste;Saida de Pista;1;;;;;;;;;;1;;;;
20/03/2018;13:59:00;331;sem vítima;9,5;BR-153/MG;Sul;Colisão Traseira;;;1;;;;;;;1;2;;;;
20/03/2018;14:01:00;334;com vítima;401,844;BR-262/MG;Leste;Queda de Moto;;;;1;;;;;;;1;1;;;
20/03/2018;14:37:00;351;sem vítima;579,7;BR-153/GO;Sul;Choque - Suporte de Sinalização;;;;;;;;;;1;2;;;;
20/03/2018;15:20:00;367;com vítima;490,465;BR-153/GO;Sul;Colisão Traseira;1;;;1;;;;;;;1;1;1;;
20/03/2018;17:17:00;443;sem vítima;450,668;BR-262/MG;Oeste;Colisão Traseira;2;;;;;;;;;;2;;;;
20/03/2018;17:45:00;459;sem vítima;365,471;BR-262/MG;Leste;Capotamento;1;;;;;;;;;;1;;;;
20/03/2018;18:37:00;494;sem vítima;652,764;BR-153/GO;Sul;Capotamento;1;;;;;;;;;;4;;;;
20/03/2018;19:19:00;512;sem vítima;134;BR-060/GO;Norte;Colisão Traseira;;;2;;;;;;;;2;;;;
21/03/2018;01:36:00;20;sem vítima;424,658;BR-262/MG;Leste;Choque - Defensa, barreira ou "submarino";;;1;;;;;;;;1;;;;
21/03/2018;08:07:00;164;sem vítima;495,6;BR-153/GO;Sul;Engavetamento;3;;;;;;;;;;3;;;;
21/03/2018;09:48:00;261;sem vítima;671;BR-153/GO;Sul;Choque - Defensa, barreira ou "submarino";1;;;;;;;;;;2;;;;
21/03/2018;10:35:00;299;sem vítima;590;BR-262/MG;Oeste;Queda de Moto;;;;1;;;;;;;1;;;;
21/03/2018;10:43:00;304;sem vítima;586;BR-262/MG;Oeste;Carreta deu L;;;1;;;;;;;;1;;;;
21/03/2018;10:49:00;306;sem vítima;539,4;BR-262/MG;Oeste;Saida de Pista;;;1;;;;;;;;1;;;;
21/03/2018;12:24:00;374;com vítima;508,944;BR-153/GO;Norte;Queda de Moto;;;;1;;;;;;;0;1;1;;
21/03/2018;14:26:00;453;com vítima;493;BR-153/GO;Sul;Colisão Traseira;;;;1;;;;;;1;1;1;;;
21/03/2018;14:52:00;468;sem vítima;58,9;BR-060/GO;Norte;Choque - Suporte de Sinalização;1;;;;;;;;;;1;;;;
21/03/2018;14:53:00;469;sem vítima;129,8;BR-060/GO;Sul;Colisão Traseira;2;;;;;;;;;1;3;;;;
21/03/2018;15:14:00;480;sem vítima;106,2;BR-060/GO;Norte;Saida de Pista;1;;;;;;;;;;1;;;;
21/03/2018;15:42:00;491;sem vítima;511;BR-262/MG;Leste;Colisão Traseira;2;;;;;;;;;;2;;;;
21/03/2018;16:49:00;529;sem vítima;500,6;BR-153/GO;Sul;Colisão Traseira;1;;;1;;;;;;;2;;;;
21/03/2018;17:11:00;543;sem vítima;103,8;BR-153/MG;Norte;Choque - Outros;;;1;;;;;;;;1;;;;
21/03/2018;17:11:00;544;sem vítima;501,5;BR-153/GO;Sul;Colisão Traseira;1;;;;;;;;;1;2;;;;
21/03/2018;17:26:00;552;com vítima;498;BR-153/GO;Norte;Colisão Lateral;;;1;1;;;;;;;1;1;;;
21/03/2018;17:39:00;565;sem vítima;133,8;BR-060/GO;Sul;Tombamento;;;1;;;;;;;;1;;;;
21/03/2018;17:57:00;572;sem vítima;498,5;BR-153/GO;Sul;Colisão Traseira;1;;;;;;;;;2;3;;;;
21/03/2018;18:06:00;580;sem vítima;132,304;BR-060/GO;Sul;Colisão Traseira;2;;;;;;;;;;2;;;;
21/03/2018;18:07:00;582;sem vítima;133,365;BR-060/GO;Sul;Saida de Pista;1;;;;;;;;;;1;;;;
21/03/2018;18:20:00;596;com vítima;511,1;BR-153/GO;Norte;Colisão Lateral;1;;;1;;;;;;;1;1;;;
21/03/2018;19:20:00;636;sem vítima;507,1;BR-153/GO;Norte;Colisão Traseira;2;;;;;;;;;;2;;;;
21/03/2018;21:36:00;696;sem vítima;130,199;BR-060/GO;Sul;Colisão Traseira;1;;;;;;;;;1;2;;;;
22/03/2018;06:09:00;81;sem vítima;17,986;BR-060/GO;Sul;Saida de Pista;1;;;;;;;;;;1;;;;
22/03/2018;07:26:00;119;sem vítima;499,95;BR-153/GO;Sul;Engavetamento;2;;1;;;;;;;;3;;;;
22/03/2018;07:34:00;122;com vítima;521,723;BR-153/GO;Norte;Choque - Outros;1;;;;;;;;;;0;1;;;
22/03/2018;08:05:00;140;sem vítima;574;BR-262/MG;Oeste;Choque - Talude;1;;;;;;;;;;1;;;;
22/03/2018;09:22:00;212;sem vítima;499;BR-153/GO;Sul;Colisão Traseira;2;;;;;;;;;;2;;;;
22/03/2018;11:05:00;272;com vítima;496,4;BR-153/GO;Norte;Queda de Moto;;;;1;;;;;;;0;1;;;
22/03/2018;12:03:00;305;sem vítima;28,267;BR-060/DF;Sul;Capotamento;;;;;;;;;;1;1;;;;
22/03/2018;12:14:00;314;com vítima;15,07;BR-060/GO;Norte;Choque - Defensa, barreira ou "submarino";1;;;;;;;;;;0;1;;;
22/03/2018;14:16:00;383;com vítima;60,634;BR-060/GO;Sul;Colisão Traseira;;;2;;;;;;;;1;1;;;
22/03/2018;14:29:00;391;sem vítima;8,069;BR-153/MG;Norte;Capotamento;1;;;;;;;;;;2;;;;
22/03/2018;17:53:00;529;com vítima;382,046;BR-262/MG;Oeste;Tombamento;;;1;;;;;;;;0;;1;;
22/03/2018;17:56:00;530;sem vítima;501;BR-153/GO;Sul;Saida de Pista;1;;;;;;;;;;1;;;;
22/03/2018;18:13:00;535;sem vítima;503,3;BR-153/GO;Sul;Colisão Lateral;;;1;;1;;;;;;2;;;;
22/03/2018;18:17:00;539;sem vítima;113,5;BR-060/GO;Sul;Choque - Poste;1;;;;;;;;;;1;;;;
22/03/2018;19:03:00;558;sem vítima;549,967;BR-262/MG;Oeste;Tombamento;;;1;;;;;;;;1;;;;
22/03/2018;22:58:00;641;com vítima;474,668;BR-262/MG;Oeste;Atropelamento - Morador;;;;;;1;;;;;1;;1;;
23/03/2018;05:49:00;79;sem vítima;877;BR-262/MG;Oeste;Colisão Traseira;;;2;;;;;;;;2;;;;
23/03/2018;06:18:00;88;com vítima;586;BR-153/GO;Norte;Queda de Moto;;;;1;;;;;;;0;1;;;
23/03/2018;06:48:00;104;com vítima;510,166;BR-153/GO;Norte;Atropelamento - Morador;;;;1;;;;;;;0;;1;;1
23/03/2018;07:41:00;122;sem vítima;675,6;BR-153/GO;Sul;Tombamento;;;1;;;;;;;;2;;;;
23/03/2018;13:48:00;331;com vítima;69,054;BR-060/GO;Norte;Capotamento;1;;;;;;;;;;0;2;;;
23/03/2018;14:50:00;361;com vítima;27,699;BR-060/DF;Sul;Colisão Traseira;1;;1;;;;;;;;3;1;;;
23/03/2018;15:20:00;374;com vítima;507,6;BR-153/GO;Norte;Colisão Transversal;;;1;1;;;;;;1;2;1;;;
23/03/2018;16:41:00;436;com vítima;14,7;BR-060/GO;Norte;Capotamento;1;;1;;;;;;;;1;1;;;
23/03/2018;16:57:00;448;sem vítima;8,154;BR-060/DF;Norte;Colisão Traseira;2;;;;;;;;;;2;;;;
23/03/2018;17:34:00;463;sem vítima;58,001;BR-153/MG;Sul;Colisão Lateral;;;1;;;;;;;1;6;;;;
23/03/2018;18:10:00;480;sem vítima;654,77;BR-262/MG;Oeste;Queda de Moto;;;;1;;;;;;;1;;;;
23/03/2018;18:14:00;484;sem vítima;469,668;BR-262/MG;Oeste;Capotamento;1;;;;;;;;;;2;;;;
23/03/2018;18:19:00;486;sem vítima;50,6;BR-153/MG;Sul;Saida de Pista;1;;;;;;;;;;2;;;;
23/03/2018;18:49:00;502;sem vítima;119;BR-060/GO;Sul;Saida de Pista;1;;;;;;;;;;1;;;;
23/03/2018;19:13:00;521;sem vítima;688,68;BR-262/MG;Leste;Capotamento;1;;;;;;;;;;2;;;;
23/03/2018;19:19:00;526;sem vítima;101;BR-060/GO;Norte;Colisão Lateral;2;;;;;;;;;;2;;;;
23/03/2018;19:31:00;534;sem vítima;782,87;BR-262/MG;Oeste;Capotamento;1;;;;;;;;;;1;;;;
24/03/2018;05:22:00;70;sem vítima;479,269;BR-262/MG;Oeste;Choque - Outros;1;;1;;;;;;;;2;;;;
24/03/2018;07:58:00;128;com vítima;562,3;BR-153/GO;Norte;Choque - Talude;1;;;;;;;;;;0;1;;;
24/03/2018;13:49:00;360;sem vítima;561;BR-262/MG;Leste;Choque - Arvore;1;;;;;;;;;;1;;;;
24/03/2018;14:22:00;378;sem vítima;136,6;BR-060/GO;Sul;Saida de Pista;1;;;;;;;;;;1;;;;
24/03/2018;14:58:00;398;com vítima;539,541;BR-262/MG;Leste;Capotamento;1;;;;;;;;;;0;1;;;
24/03/2018;16:24:00;448;com vítima;521;BR-262/MG;Leste;Colisão Transversal;2;;;;;;;;;;1;1;;;
24/03/2018;18:55:00;527;com vítima;801;BR-262/MG;Leste;Engavetamento;6;1;2;;;;;;;1;9;3;4;;
24/03/2018;19:10:00;535;com vítima;1,6;BR-153/MG;Norte;Choque - Outros;;;;1;;;;;;;0;;1;;
24/03/2018;19:22:00;537;com vítima;585,6;BR-153/GO;Norte;Choque - Elemento de Drenagem;1;;;;;;;;;;0;1;;;
24/03/2018;19:26:00;540;com vítima;503,399;BR-153/GO;Norte;Colisão Traseira;1;;;1;;;;;;;1;;;1;
24/03/2018;20:58:00;572;com vítima;18,699;BR-060/DF;Norte;Choque - Talude;1;;;;;;;;;;0;1;;;
24/03/2018;21:25:00;577;com vítima;92,916;BR-060/GO;Sul;Colisão Traseira;2;;;;;;;;;;1;1;1;;1
24/03/2018;22:47:00;599;sem vítima;4;BR-060/DF;Norte;Colisão Traseira;2;;;;;;;;;;2;;;;
25/03/2018;02:43:00;35;sem vítima;73,52;BR-153/MG;Sul;Saida de Pista;1;;1;;;;;;;;2;;;;
25/03/2018;07:33:00;93;sem vítima;480,058;BR-262/MG;Oeste;Saida de Pista;;;1;;;;;;;;1;;;;
25/03/2018;10:19:00;187;com vítima;788,298;BR-262/MG;Oeste;Colisão Traseira;1;;1;;;;;;;;1;1;;;
25/03/2018;11:01:00;207;sem vítima;30,4;BR-060/DF;Sul;Colisão Traseira;2;;;;;1;;;;;3;;;;
25/03/2018;12:31:00;241;sem vítima;0,8;BR-060/DF;Norte;Colisão Traseira;2;;;;;;;;;;2;;;;
25/03/2018;12:44:00;247;com vítima;508,995;BR-153/GO;Sul;Colisão Traseira;;;1;1;;;;;;;1;;;;1
25/03/2018;14:57:00;329;sem vítima;74,3;BR-060/GO;Norte;Choque - Elemento de Drenagem;1;;;;;;;;;;1;;;;
25/03/2018;15:31:00;354;sem vítima;105;BR-060/GO;Sul;Choque - Defensa, barreira ou "submarino";1;;;;;;;;;;1;;;;
25/03/2018;15:47:00;360;sem vítima;100,9;BR-060/GO;Norte;Colisão Traseira;3;;;;;;;;;;3;;;;
25/03/2018;18:16:00;453;sem vítima;54,46;BR-153/MG;Norte;Capotamento;1;;1;;;;;;;;2;;;;
25/03/2018;18:59:00;479;sem vítima;513,5;BR-153/GO;Norte;Colisão Traseira;2;;;;;1;;;;;3;;;;
25/03/2018;20:17:00;524;com vítima;135;BR-060/GO;Sul;Queda de Moto;;;;1;;;;;;;1;1;;;
25/03/2018;22:03:00;567;sem vítima;128,9;BR-153/MG;Sul;Choque - Defensa, barreira ou "submarino";;;1;;;;;;;;1;;;;
25/03/2018;22:05:00;568;sem vítima;75;BR-153/MG;Norte;Choque - Outros;1;;1;;;;;;;;2;;;;
25/03/2018;22:10:00;572;com vítima;826;BR-262/MG;Oeste;Colisão Traseira;1;;1;;;;;;;;1;4;1;;1
26/03/2018;00:37:00;10;sem vítima;413,468;BR-262/MG;Oeste;Capotamento;1;;;;;;;;;;3;;;;
26/03/2018;06:53:00;94;com vítima;11,913;BR-060/GO;Norte;Colisão Traseira;;;1;1;;;;;;;1;1;;;
26/03/2018;12:47:00;315;sem vítima;11,87;BR-060/DF;Norte;Choque - Suporte de Sinalização;1;;;;;;;;;;1;;;;
26/03/2018;13:45:00;354;com vítima;636;BR-262/MG;Leste;Choque - Talude;1;;;;;;;;;;1;2;;;
26/03/2018;15:19:00;413;sem vítima;494,5;BR-153/GO;Sul;Engavetamento;2;;;;;;;;;;2;;;;
26/03/2018;17:05:00;477;com vítima;0,001;BR-153/MG;Sul;Colisão Lateral;2;;1;1;;;;;;;2;1;;;1
26/03/2018;18:11:00;505;sem vítima;505;BR-153/GO;Sul;Engavetamento;2;;;;;1;;;;;6;;;;
26/03/2018;18:15:00;507;sem vítima;497,15;BR-153/GO;Norte;Colisão Traseira;1;;;1;;;;;;;2;;;;
26/03/2018;18:23:00;509;sem vítima;504,843;BR-153/GO;Sul;Choque - Veiculo parado na pista;1;;;1;;;;;;;2;;;;
26/03/2018;18:30:00;511;sem vítima;504,97;BR-153/GO;Norte;Colisão Traseira;2;;;;;;;;;;2;;;;
26/03/2018;18:34:00;513;sem vítima;506,1;BR-153/GO;Norte;Engavetamento;3;;;;;;;;;;3;;;;
26/03/2018;21:20:00;563;sem vítima;506,8;BR-153/GO;Sul;Capotamento;1;;;;;;;;;;1;;;;
27/03/2018;00:57:00;16;sem vítima;642;BR-262/MG;Oeste;Choque - Objeto sobre a pista;1;;;;;;;;;;2;;;;
27/03/2018;02:20:00;30;sem vítima;79,799;BR-153/MG;Sul;Capotamento;;;1;;;;;;;;1;;;;
27/03/2018;04:49:00;53;sem vítima;58,6;BR-153/MG;Sul;Colisão Traseira;;;2;;;;;;;;2;;;;
27/03/2018;05:20:00;60;com vítima;490,327;BR-153/GO;Sul;Atropelamento - Ciclista;;1;;;;1;;;;;1;1;;1;
27/03/2018;06:42:00;77;com vítima;139,3;BR-153/MG;Norte;Colisão Traseira;;;3;;;;;;;;2;;1;;
27/03/2018;07:21:00;92;sem vítima;402;BR-262/MG;Leste;Colisão Traseira;1;;;;;;;;;;2;;;;
27/03/2018;07:30:00;97;com vítima;499,9;BR-153/GO;Sul;Colisão Traseira;1;;;1;;;;;;;1;1;;;
27/03/2018;07:51:00;117;sem vítima;500,5;BR-153/GO;Sul;Engavetamento;3;;;;;;;;;;3;;;;
27/03/2018;09:19:00;187;sem vítima;496,728;BR-153/GO;Sul;Colisão Traseira;1;;1;;;;;;;;2;;;;
27/03/2018;10:41:00;260;com vítima;401;BR-262/MG;Leste;Queda de Ciclista;;;;1;;;;;;;1;1;;;
27/03/2018;12:04:00;334;sem vítima;415;BR-262/MG;Leste;Saida de Pista;;;1;;;;;;;;1;;;;
27/03/2018;13:17:00;390;sem vítima;658;BR-262/MG;Leste;Tombamento;;;1;;;;;;;;1;;;;
27/03/2018;13:47:00;411;sem vítima;419;BR-262/MG;Leste;Colisão Traseira;;;2;;;;;;;;2;;;;
27/03/2018;14:55:00;458;sem vítima;53,5;BR-060/GO;Norte;Queda de Moto;;;;1;;;;;;;1;;;;
27/03/2018;16:26:00;518;sem vítima;3,1;BR-153/MG;Norte;Choque - Elemento de Drenagem;1;;;;;;;;;;1;;;;
27/03/2018;18:22:00;604;sem vítima;507,6;BR-153/GO;Sul;Colisão Traseira;1;;;1;;;;;;;2;;;;
27/03/2018;19:29:00;641;com vítima;496,399;BR-153/GO;Norte;Atropelamento - Usuário;;;;1;;;;;;;1;;1;;
27/03/2018;20:31:00;679;com vítima;49,6;BR-060/GO;Norte;Colisão Traseira;;;2;;;;;;;;2;1;;;
27/03/2018;21:25:00;720;sem vítima;356,269;BR-262/MG;Leste;Choque - Defensa, barreira ou "submarino";1;;;;;;;;;;2;;;;
28/03/2018;00:56:00;22;com vítima;379,668;BR-262/MG;Oeste;Capotamento;1;;;;;;;;;;3;1;;;
28/03/2018;02:06:00;40;com vítima;693,936;BR-153/GO;Norte;Colisão Traseira;;;3;;;;;;;;3;;1;;
28/03/2018;06:53:00;102;com vítima;511,995;BR-153/GO;Norte;Choque - Veiculo parado na pista;1;;;1;;;;;;;1;1;;;
28/03/2018;07:37:00;113;com vítima;494,27;BR-153/GO;Sul;Colisão Traseira;2;;;;;;;;;;1;1;;;
28/03/2018;11:30:00;265;sem vítima;393;BR-262/MG;Leste;Colisão Traseira;;;2;;;;;;;;3;;;;
28/03/2018;17:38:00;475;com vítima;102,193;BR-060/GO;Sul;Queda de Moto;;;;1;;;;;;;0;1;;;
28/03/2018;18:47:00;517;sem vítima;101,645;BR-060/GO;Norte;Choque - Elemento de Drenagem;1;;;;;;;;;;1;;;;
28/03/2018;20:44:00;581;sem vítima;623,999;BR-153/GO;Sul;Choque - Poste;;;;;;;;;;1;1;;;;
29/03/2018;01:38:00;30;sem vítima;486;BR-262/MG;Leste;Atropelamento de Animal;;;1;;;;;;;;1;;;;
29/03/2018;05:49:00;70;sem vítima;122;BR-153/MG;Sul;Colisão Traseira;1;;;;;;;;;1;2;;;;
29/03/2018;07:53:00;129;sem vítima;2,27;BR-060/DF;Norte;Choque - Arvore;1;;;;;;;;;;1;;;;
29/03/2018;08:00:00;131;sem vítima;134;BR-153/MG;Sul;Colisão Traseira;;;2;;;;;;;;2;;;;
29/03/2018;08:35:00;151;sem vítima;42;BR-153/MG;Norte;Saida de Pista;1;;;;;;;;;;1;;;;
29/03/2018;14:20:00;325;sem vítima;507,5;BR-153/GO;Sul;Colisão Lateral;1;;1;;;;;;;;2;;;;
29/03/2018;16:21:00;390;sem vítima;523,8;BR-153/GO;Sul;Choque - Talude;1;;1;;;;;;;;4;;;;
29/03/2018;17:04:00;419;sem vítima;107;BR-060/GO;Norte;Colisão Traseira;1;;1;;;;;;;;2;;;;
29/03/2018;18:43:00;490;sem vítima;500;BR-153/GO;Norte;Colisão Traseira;2;;;;;;;;;;2;;;;
29/03/2018;19:11:00;508;com vítima;676,143;BR-153/GO;Sul;Colisão Traseira;;;2;;;;;;;;1;1;;;
29/03/2018;21:09:00;577;com vítima;492;BR-262/MG;Oeste;Colisão Frontal;2;;;;;;;;;;7;3;;;
30/03/2018;13:04:00;423;com vítima;727;BR-262/MG;Leste;Queda de Moto;;;;1;;;;;;;0;1;;;
30/03/2018;15:28:00;493;com vítima;117,783;BR-060/GO;Norte;Colisão Traseira;;;;1;;1;;;;;1;;1;1;
30/03/2018;15:50:00;505;sem vítima;107,8;BR-060/GO;Sul;Colisão Traseira;1;;1;;;;;;;;2;;;;
30/03/2018;18:43:00;606;sem vítima;462,926;BR-262/MG;Oeste;Tombamento;;;1;;;;;;;;1;;;;
30/03/2018;19:43:00;630;com vítima;117,299;BR-060/GO;Sul;Atropelamento - Ciclista;1;1;;;;;;;;;2;1;;;
30/03/2018;20:55:00;648;sem vítima;7,15;BR-060/GO;Norte;Saida de Pista;1;;;;;;;;;;1;;;;
30/03/2018;21:44:00;663;sem vítima;518,8;BR-153/GO;Sul;Saida de Pista;1;;;;;;;;;;1;;;;
31/03/2018;02:30:00;24;sem vítima;94,809;BR-060/GO;Norte;Saida de Pista;;;;;;;;;;1;1;;;;
31/03/2018;06:53:00;75;sem vítima;517,629;BR-153/GO;Norte;Capotamento;;;;;;;;;;1;2;;;;
31/03/2018;08:14:00;107;sem vítima;6,194;BR-060/DF;Sul;Colisão Transversal;1;;;;;;;;;1;2;;;;
31/03/2018;08:22:00;110;com vítima;22,161;BR-060/DF;Sul;Objeto lançado contra veículo;1;;;1;;1;;;;;3;;;1;
31/03/2018;08:26:00;115;sem vítima;477;BR-262/MG;Leste;Colisão Lateral;2;;;;;;;;;;9;;;;
31/03/2018;09:04:00;132;com vítima;380;BR-262/MG;Leste;Queda de Moto;;;;1;;;;;;;0;;1;;
31/03/2018;09:44:00;151;sem vítima;493,461;BR-153/GO;Sul;Queda de Moto;;;;1;;;;;;;2;;;;
31/03/2018;12:59:00;257;com vítima;614,899;BR-153/GO;Sul;Saida de Pista;1;;;;;;;;;;0;1;;;
31/03/2018;14:46:00;294;sem vítima;174,699;BR-153/MG;Sul;Tombamento;;;1;;;1;;;;;2;;;;
31/03/2018;15:58:00;328;sem vítima;4,4;BR-060/GO;Norte;Objeto lançado contra veículo;;;2;;;;;;;;2;;;;
31/03/2018;17:39:00;371;com vítima;523,671;BR-262/MG;Leste;Colisão Lateral;1;;1;;;;;;;;5;;1;;
31/03/2018;17:59:00;379;com vítima;827,6;BR-262/MG;Leste;Choque - Suporte de Sinalização;1;;;;;;;;;;0;1;;;
31/03/2018;19:15:00;411;sem vítima;79,27;BR-060/GO;Sul;Choque - Elemento de Drenagem;;;1;;;;;;;;1;;;;
31/03/2018;22:01:00;459;sem vítima;19,899;BR-060/DF;Norte;Capotamento;1;;;;;;;;;;1;;;;
01/04/2018;00:35:00;8;com vítima;129,5;BR-060/GO;Norte;Capotamento;1;;;;;;;;;;0;1;;;
01/04/2018;05:32:00;55;sem vítima;383;BR-262/MG;Oeste;Saida de Pista;1;;;;;;;;;;1;;;;
01/04/2018;06:46:00;70;sem vítima;32,2;BR-060/GO;Norte;Choque - Arvore;1;;;;;;;;;;1;;;;
01/04/2018;10:12:00;152;com vítima;621;BR-262/MG;Leste;Colisão Traseira;2;;;;;;;;;;8;1;;;
01/04/2018;11:33:00;193;com vítima;578,3;BR-153/GO;Norte;Queda de Moto;;;;1;;;;;;;0;;1;;
01/04/2018;12:49:00;232;sem vítima;589,889;BR-262/MG;Leste;Choque - Talude;1;;;;;;;;;;1;;;;
01/04/2018;13:08:00;239;sem vítima;575,567;BR-262/MG;Oeste;Colisão Traseira;1;;1;;;;;;;;2;;;;
01/04/2018;14:39:00;279;sem vítima;4,4;BR-060/DF;Norte;Atropelamento - Usuário;;;;1;;;;;;;2;;;;