data;horario;n_da_ocorrencia;tipo_de_ocorrencia;km;trecho;sentido;tipo_de_acidente;automovel;bicicleta;caminhao;moto;onibus;outros;tracao_animal;transporte_de_cargas_especiais;trator_maquinas;utilitarios;ilesos;levemente_feridos;moderadamente_feridos;gravemente_feridos;mortos
01/04/2018;14:51:00;284;sem vítima;97,7;BR-060/GO;Norte;Choque - Suporte de Sinalização;;;;;;;;;;1;1;;;;
01/04/2018;16:31:00;348;com vítima;113,7;BR-060/GO;Sul;Colisão Transversal;1;;;1;;;;;;;1;1;;;
01/04/2018;17:10:00;368;sem vítima;100,1;BR-060/GO;Norte;Capotamento;3;;;;;;;;;;3;;;;
01/04/2018;17:25:00;371;sem vítima;389,4;BR-262/MG;Leste;Colisão Traseira;2;;;;;;;;;;2;;;;
01/04/2018;17:31:00;374;sem vítima;50,129;BR-060/GO;Norte;Saida de Pista;1;;;;;;;;;;1;;;;
01/04/2018;18:03:00;393;sem vítima;508,35;BR-153/GO;Sul;Choque - Elemento de Drenagem;1;;;;;;;;;;1;;;;
01/04/2018;19:41:00;441;sem vítima;184,001;BR-153/MG;Norte;Colisão Transversal;2;;;;;;;;;;2;;;;
01/04/2018;19:45:00;444;sem vítima;508,699;BR-153/GO;Norte;Colisão Lateral;2;;;;;;;;;;2;;;;
01/04/2018;20:24:00;473;sem vítima;371,458;BR-262/MG;Oeste;Capotamento;1;;;;;;;;;;1;;;;
01/04/2018;21:59:00;512;sem vítima;71,3;BR-153/MG;Norte;Choque - Defensa, barreira ou "submarino";;;1;;;;;;;;1;;;;
02/04/2018;06:16:00;62;sem vítima;650,5;BR-153/GO;Sul;Choque - Elemento de Drenagem;;;;;;;;;;1;1;;;;
02/04/2018;06:23:00;63;sem vítima;607,859;BR-262/MG;Oeste;Saida de Pista;1;;;;;;;;;;1;;;;
02/04/2018;08:02:00;111;com vítima;589,497;BR-262/MG;Leste;Colisão Frontal;1;;1;;;;;;;;1;;;1;
02/04/2018;08:26:00;130;sem vítima;362;BR-262/MG;Leste;Tombamento;;;3;;;;;;;;3;;;;
02/04/2018;08:36:00;136;com vítima;593,5;BR-262/MG;Leste;Capotamento;1;;;;;;;;;;0;;2;;
02/04/2018;09:18:00;170;sem vítima;586;BR-262/MG;Oeste;Tombamento;2;;;;;;;;;;2;;;;
02/04/2018;09:50:00;196;com vítima;611,24;BR-262/MG;Oeste;Capotamento;;;;;;;;;;1;0;2;;;
02/04/2018;10:41:00;229;sem vítima;584;BR-262/MG;Leste;Capotamento;1;;;;;;;;;;1;;;;
02/04/2018;11:17:00;248;sem vítima;577,2;BR-262/MG;Oeste;Colisão Traseira;;;2;;;;;;;;2;;;;
02/04/2018;12:00:00;273;sem vítima;364;BR-262/MG;Oeste;Colisão Traseira;2;;;;;;;;;;2;;;;
02/04/2018;12:42:00;287;com vítima;364,6;BR-262/MG;Leste;Tombamento;;;1;;;;;;;;0;1;;;
02/04/2018;13:13:00;303;sem vítima;113,4;BR-060/GO;Norte;Tombamento;;;;;;;;;;1;1;;;;
02/04/2018;15:08:00;354;com vítima;505,16;BR-153/GO;Sul;Capotamento;1;;1;;;;;;;;3;;1;;
02/04/2018;17:24:00;418;com vítima;638,2;BR-153/GO;Norte;Capotamento;1;;;;;;;;;;0;3;;;
02/04/2018;18:14:00;446;sem vítima;7,7;BR-153/MG;Sul;Capotamento;1;;;;;;;;;;1;;;;
02/04/2018;18:22:00;450;com vítima;354,4;BR-262/MG;Oeste;Queda de Moto;;;;1;;;;;;;0;2;;;
02/04/2018;18:33:00;459;com vítima;496,704;BR-153/GO;Norte;Colisão Traseira;2;;;;;;;;;;1;1;;;
02/04/2018;18:56:00;472;com vítima;138;BR-060/GO;Sul;Atropelamento - Sem Informação;1;;;;;;;;;;1;;1;;
02/04/2018;19:45:00;490;com vítima;224,98;BR-153/MG;Norte;Tombamento;;;1;;;;;;;;0;1;;;
02/04/2018;19:56:00;496;com vítima;100,099;BR-060/GO;Sul;Tombamento;;;1;;;;;;;;0;;1;;
03/04/2018;03:57:00;41;sem vítima;132,599;BR-060/GO;Sul;Colisão Traseira;;;2;;;;;;;;3;;;;
03/04/2018;04:59:00;54;sem vítima;93,143;BR-060/GO;Norte;Tombamento;;;1;;;;;;;;1;;;;
03/04/2018;06:25:00;81;com vítima;518,8;BR-262/MG;Leste;Saida de Pista;1;;;;;;;;;;1;1;;;
03/04/2018;06:50:00;93;sem vítima;57,899;BR-153/MG;Sul;Choque - Elemento de Drenagem;1;;1;;;;;;;;2;;;;
03/04/2018;07:27:00;110;com vítima;401,2;BR-262/MG;Leste;Choque - Elemento de Drenagem;;;;1;;;;;;;0;;1;;
03/04/2018;08:53:00;174;com vítima;117,1;BR-060/GO;Sul;Capotamento;;;;;;;;;;1;0;;1;;
03/04/2018;08:56:00;179;sem vítima;117,11;BR-060/GO;Sul;Colisão Traseira;;;2;;;;;;;;2;;;;
03/04/2018;09:02:00;185;sem vítima;96,6;BR-060/GO;Sul;Capotamento;1;;;;;;;;;;1;;;;
03/04/2018;10:31:00;241;sem vítima;130,274;BR-060/GO;Sul;Colisão Traseira;1;;1;;;;;;;;2;;;;
03/04/2018;11:38:00;273;com vítima;548,4;BR-153/GO;Norte;Colisão Traseira;1;;1;;;;;;;;1;;;;1
03/04/2018;13:51:00;336;sem vítima;626;BR-262/MG;Oeste;Colisão Traseira;;;2;;;;;;;;2;;;;
03/04/2018;15:29:00;385;sem vítima;503;BR-153/GO;Norte;Colisão Lateral;1;;;1;;;;;;;2;;;;
03/04/2018;15:53:00;397;com vítima;365,3;BR-262/MG;Oeste;Colisão Transversal;1;;;1;;;;;;;1;;1;;
03/04/2018;16:51:00;419;com vítima;697,217;BR-153/GO;Sul;Colisão Frontal;1;;;1;;;;;;;1;1;;;
03/04/2018;19:10:00;485;sem vítima;88;BR-060/GO;Sul;Colisão Traseira;2;;;;;;;;;;2;;;;
03/04/2018;19:18:00;490;com vítima;396,567;BR-262/MG;Oeste;Capotamento;1;;;;;;;;;;0;1;;;
03/04/2018;23:26:00;561;com vítima;513;BR-153/GO;Sul;Queda de Moto;;;;1;;;;;;;0;;1;;
03/04/2018;23:56:00;568;com vítima;567,467;BR-262/MG;Oeste;Saida de Pista;;;;;1;;;;;;43;6;;;
04/04/2018;05:03:00;38;sem vítima;381,069;BR-262/MG;Oeste;Capotamento;1;;;;;;;;;;1;;;;
04/04/2018;05:40:00;44;sem vítima;28,5;BR-060/GO;Sul;Choque - Elemento de Drenagem;1;;;;;;;;;;1;;;;
04/04/2018;08:12:00;118;sem vítima;495,2;BR-153/GO;Sul;Engavetamento;3;;;;;;;;;1;4;;;;
04/04/2018;08:17:00;127;sem vítima;7,5;BR-153/MG;Sul;Capotamento;1;;;;;;;;;;1;;;;
04/04/2018;08:23:00;135;sem vítima;16,3;BR-060/GO;Sul;Colisão Lateral;1;;1;;;;;;;;2;;;;
04/04/2018;13:31:00;310;sem vítima;107,8;BR-060/GO;Sul;Choque - Veiculo parado na pista;;;2;;;;;;;;2;;;;
04/04/2018;19:59:00;528;com vítima;34,433;BR-060/GO;Norte;Colisão Traseira;;;1;1;;;;;;;1;;;;1
05/04/2018;01:21:00;13;sem vítima;485,971;BR-262/MG;Leste;Carreta deu L;;;1;;;;;;;;1;;;;
05/04/2018;05:15:00;53;sem vítima;643,2;BR-153/GO;Sul;Saida de Pista;1;;;;;;;;;;1;;;;
05/04/2018;06:36:00;70;sem vítima;508,8;BR-153/GO;Norte;Colisão Traseira;;;1;1;;;;;;;2;;;;
05/04/2018;07:57:00;103;sem vítima;500,2;BR-153/GO;Sul;Engavetamento;5;;1;;;;;;;;7;;;;
05/04/2018;09:38:00;174;sem vítima;509,9;BR-153/GO;Norte;Colisão Traseira;;;;1;1;;;;;;2;;;;
05/04/2018;10:06:00;196;sem vítima;500,9;BR-153/GO;Sul;Colisão Traseira;2;;;;;;;;;;2;;;;
05/04/2018;11:55:00;244;sem vítima;127,3;BR-060/GO;Sul;Colisão Traseira;2;;;;;;;;;;2;;;;
05/04/2018;11:57:00;245;sem vítima;802,6;BR-262/MG;Oeste;Colisão Traseira;2;;;;;;;;;;2;;;;
05/04/2018;12:29:00;257;com vítima;92,7;BR-060/GO;Sul;Queda de Moto;;;;1;;;;;;;0;2;;;
05/04/2018;13:02:00;273;com vítima;514,5;BR-153/GO;Norte;Queda de Moto;;;;1;;;;;;;0;1;1;;
05/04/2018;13:04:00;275;sem vítima;650;BR-153/GO;Norte;Choque - Outros;1;;;;;;;;;;1;;;;
05/04/2018;13:18:00;283;com vítima;108,9;BR-060/GO;Sul;Colisão Traseira;1;;;1;;;;;;;1;1;;;
05/04/2018;14:01:00;302;sem vítima;590;BR-262/MG;Leste;Choque - Defensa, barreira ou "submarino";1;;;;;;;;;;1;;;;
05/04/2018;15:29:00;338;com vítima;515;BR-153/GO;Sul;Queda de Moto;;;;1;;;;;;;0;1;;;
05/04/2018;16:19:00;356;sem vítima;579,4;BR-262/MG;Oeste;Choque - Talude;;;1;;;;;;;;1;;;;
05/04/2018;16:28:00;359;sem vítima;380;BR-262/MG;Leste;Choque - Talude;1;;;;;;;;;;1;;;;
05/04/2018;16:52:00;378;com vítima;423;BR-262/MG;Leste;Colisão Traseira;1;;1;;;;;;;;1;;2;;
05/04/2018;16:53:00;380;com vítima;587,4;BR-262/MG;Oeste;Carreta deu L;;;1;;;;;;;;0;1;;;
05/04/2018;19:19:00;447;sem vítima;514,231;BR-153/GO;Norte;Colisão Traseira;2;;;;;;;;;;3;;;;
05/04/2018;19:28:00;449;com vítima;58,2;BR-153/MG;Sul;Colisão Traseira;;;2;;;;;;;;1;;1;;
05/04/2018;19:46:00;459;sem vítima;381;BR-262/MG;Oeste;Choque - Defensa, barreira ou "submarino";1;;;;;;;;;;1;;;;
05/04/2018;20:13:00;465;sem vítima;365;BR-262/MG;Oeste;Choque - Elemento de Drenagem;1;;;;;;;;;;1;;;;
05/04/2018;21:45:00;505;com vítima;692,2;BR-153/GO;Sul;Tombamento;;;1;;;;;;;;0;;1;;
05/04/2018;22:37:00;523;com vítima;56,6;BR-153/MG;Sul;Colisão Traseira;;;2;;;;;;;;1;;;1;
05/04/2018;22:47:00;525;sem vítima;5,46;BR-060/DF;Norte;Colisão Traseira;2;;;;;;;;;;2;;;;
05/04/2018;22:58:00;530;com vítima;620,985;BR-262/MG;Oeste;Engavetamento;;;3;;;;;;;;2;1;;;
06/04/2018;01:56:00;29;sem vítima;369,1;BR-262/MG;Leste;Choque - Defensa, barreira ou "submarino";1;;;;;;;;;;1;;;;
06/04/2018;04:24:00;59;sem vítima;428;BR-262/MG;Leste;Choque - Elemento de Drenagem;1;;;;;;;;;;1;;;;
06/04/2018;06:01:00;87;com vítima;101,103;BR-060/GO;Norte;Queda de Moto;;;;1;;;;;;;0;;1;;
06/04/2018;07:14:00;110;sem vítima;103,6;BR-060/GO;Norte;Choque - Defensa, barreira ou "submarino";1;;;;;;;;;;2;;;;
06/04/2018;08:18:00;155;com vítima;354,4;BR-262/MG;Oeste;Colisão Traseira;;;2;;;;;;;;1;;;1;
06/04/2018;08:25:00;161;sem vítima;498,5;BR-153/GO;Norte;Colisão Traseira;1;;1;;;;;;;;2;;;;
06/04/2018;08:40:00;170;sem vítima;494,2;BR-153/GO;Sul;Colisão Traseira;;;2;;;;;;;;2;;;;
06/04/2018;08:48:00;173;com vítima;353;BR-262/MG;Oeste;Colisão Traseira;2;;;;;;;;;;1;1;;;
06/04/2018;08:49:00;175;sem vítima;354,5;BR-262/MG;Oeste;Colisão Traseira;1;;1;;;;;;;;2;;;;
06/04/2018;09:59:00;214;com vítima;29,2;BR-060/GO;Norte;Choque - Talude;1;;;;;;;;;;0;1;;;
06/04/2018;15:26:00;374;sem vítima;100,099;BR-060/GO;Norte;Colisão Traseira;3;;;;;;;;;;3;;;;
06/04/2018;15:31:00;376;com vítima;553,9;BR-262/MG;Leste;Tombamento;;;1;;;;;;;;0;1;;;
06/04/2018;15:42:00;382;sem vítima;499,7;BR-153/GO;Sul;Colisão Traseira;;;2;;;;;;;;2;;;;
06/04/2018;15:56:00;386;sem vítima;498;BR-153/GO;Sul;Engavetamento;3;;;;;;;;;;3;;;;
06/04/2018;16:46:00;410;sem vítima;19;BR-060/DF;Sul;Saida de Pista;;;;;;;;;;1;1;;;;
06/04/2018;16:55:00;419;com vítima;359;BR-262/MG;Leste;Colisão Traseira;1;;;1;;;;;;;1;;1;;
06/04/2018;20:55:00;555;com vítima;245;BR-153/MG;Norte;Choque - Talude;1;;;;;;;;;;2;1;;;
07/04/2018;03:22:00;42;com vítima;39,2;BR-153/MG;Norte;Capotamento;1;;;;;;;;;;3;;1;;
07/04/2018;03:41:00;45;sem vítima;25,199;BR-060/GO;Norte;Colisão Traseira;2;;;;;;;;;;2;;;;
07/04/2018;04:22:00;60;com vítima;129,199;BR-060/GO;Sul;Colisão Traseira;1;;1;;;;;;;;1;1;;;
07/04/2018;04:41:00;64;sem vítima;555;BR-262/MG;Oeste;Tombamento;;;1;;;;;;;;1;;;;
07/04/2018;05:43:00;80;sem vítima;55,7;BR-060/GO;Sul;Choque - Elemento de Drenagem;1;;;;;;;;;;1;;;;
07/04/2018;08:48:00;168;com vítima;535;BR-153/GO;Norte;Capotamento;1;;;;;;;;;;0;1;3;;
07/04/2018;10:39:00;227;sem vítima;366;BR-262/MG;Leste;Colisão Traseira;2;;;;;;;;;;5;;;;
07/04/2018;10:42:00;228;com vítima;513;BR-153/GO;Sul;Queda de Moto;;;;1;;;;;;;0;1;;;
07/04/2018;12:07:00;267;com vítima;44,1;BR-060/GO;Sul;Colisão Traseira;1;;1;;;;;;;;3;1;;;
07/04/2018;14:13:00;328;com vítima;91,841;BR-060/GO;Norte;Colisão Traseira;;1;;1;;;;;;;1;;;1;
07/04/2018;15:32:00;370;com vítima;496,35;BR-153/GO;Sul;Queda de Moto;;;;2;;;;;;;0;2;;;
07/04/2018;15:36:00;373;sem vítima;1,93;BR-060/DF;Sul;Choque - Elemento de Drenagem;1;;;;;;;;;;1;;;;
07/04/2018;15:42:00;377;com vítima;356;BR-262/MG;Leste;Queda de Ciclista;;;;1;;;;;;;0;1;;;
07/04/2018;16:33:00;402;sem vítima;544,1;BR-153/GO;Sul;Tombamento;1;;;;;;;;;;2;;;;
07/04/2018;17:26:00;435;com vítima;540,3;BR-153/GO;Sul;Queda de Moto;;;;1;;;;;;;1;1;;;
07/04/2018;17:37:00;444;com vítima;448,067;BR-262/MG;Leste;Queda de Moto;;;;1;;;;;;;0;;1;;
07/04/2018;17:46:00;447;sem vítima;385,968;BR-262/MG;Oeste;Choque - Suporte de Sinalização;1;;;;;;;;;;1;;;;
07/04/2018;18:05:00;457;sem vítima;497;BR-153/GO;Sul;Queda de Moto;;;;1;;;;;;;2;;;;
08/04/2018;01:03:00;12;com vítima;27,5;BR-060/DF;Sul;Capotamento;1;;;;;;;;;;1;1;;;
08/04/2018;01:35:00;17;sem vítima;365,067;BR-262/MG;Oeste;Choque - Elemento de Drenagem;1;;;;;;;;;;1;;;;
08/04/2018;04:16:00;39;sem vítima;104,7;BR-060/GO;Norte;Choque - Defensa, barreira ou "submarino";1;;;;;;;;;;1;;;;
08/04/2018;06:21:00;66;sem vítima;4,5;BR-060/DF;Sul;Capotamento;1;;;;;;;;;;1;;;;
08/04/2018;09:51:00;178;com vítima;501,072;BR-153/GO;Norte;Queda de Moto;;;;1;;;;;;;0;1;;;
08/04/2018;10:12:00;188;com vítima;82,2;BR-060/GO;Sul;Capotamento;;;1;;;;;;;;0;;1;;
08/04/2018;13:16:00;283;sem vítima;507;BR-153/GO;Sul;Queda de Moto;;;;1;;;;;;;1;;;;
08/04/2018;13:25:00;289;com vítima;583;BR-153/GO;Sul;Capotamento;1;;;;;;;;;;0;3;;;
08/04/2018;14:21:00;321;com vítima;467;BR-262/MG;Leste;Capotamento;1;;;;;;;;;;0;;1;;
08/04/2018;15:00:00;345;sem vítima;31;BR-060/GO;Sul;Capotamento;1;;;;;;;;;;1;;;;
08/04/2018;15:27:00;359;com vítima;368,6;BR-262/MG;Leste;Queda de Moto;;;;1;;;;;;;0;1;1;;
08/04/2018;20:18:00;480;sem vítima;372,071;BR-262/MG;Leste;Choque - Defensa, barreira ou "submarino";1;;;;;;;;;;4;;;;
08/04/2018;21:09:00;502;com vítima;29,5;BR-153/MG;Sul;Capotamento;1;;;;;;;;;;0;1;;;
08/04/2018;21:20:00;507;sem vítima;10,4;BR-060/DF;Sul;Saida de Pista;1;;;;;;;;;;4;;;;
08/04/2018;22:30:00;539;sem vítima;574;BR-262/MG;Leste;Colisão Frontal;1;;1;;;;;;;;4;;;;
09/04/2018;00:11:00;3;com vítima;403,567;BR-262/MG;Leste;Atropelamento - Outros;1;;;;;;;;;;1;;;;1
09/04/2018;06:08:00;67;sem vítima;82,4;BR-060/GO;Norte;Capotamento;1;;;;;;;;;;1;;;;
09/04/2018;07:29:00;95;sem vítima;664;BR-153/GO;Norte;Capotamento;1;;;;;;;;;;1;;;;
09/04/2018;07:53:00;107;sem vítima;503,985;BR-153/GO;Norte;Engavetamento;2;;1;;;;;;;;3;;;;
09/04/2018;09:34:00;182;sem vítima;706;BR-262/MG;Leste;Saida de Pista;;;;;1;;;;;;1;;;;
09/04/2018;10:09:00;206;com vítima;519;BR-262/MG;Leste;Capotamento;1;;;;;;;;;;0;1;;;
09/04/2018;15:14:00;356;sem vítima;25,9;BR-060/DF;Norte;Choque - Elemento de Drenagem;1;;;;;;;;;;1;;;;
09/04/2018;15:09:00;359;sem vítima;128,3;BR-060/GO;Sul;Choque - Veiculo parado no acostamento;1;;1;;;;;;;;2;;;;
09/04/2018;15:43:00;370;sem vítima;493,382;BR-153/GO;Norte;Colisão Traseira;1;;2;;;;;;;;3;;;;
09/04/2018;17:19:00;420;com vítima;494,6;BR-153/GO;Norte;Colisão Traseira;1;;;1;;;;;;;1;1;;;
09/04/2018;20:50:00;511;com vítima;507;BR-153/GO;Sul;Atropelamento de Animal;;;;1;;;;;;;0;1;;;
09/04/2018;21:24:00;532;sem vítima;752;BR-262/MG;Oeste;Colisão Traseira;1;;1;;;;;;;;2;;;;
09/04/2018;21:53:00;541;com vítima;0,3;BR-060/GO;Norte;Choque - Elemento de Drenagem;1;;;;;;;;;;0;1;;;
10/04/2018;00:46:00;8;com vítima;113,753;BR-060/GO;Sul;Tombamento;;;1;;;;;;;;1;1;;;
10/04/2018;07:33:00;93;sem vítima;94,241;BR-060/GO;Sul;Colisão Traseira;3;;;;;;;;;;4;;;;
10/04/2018;10:32:00;206;sem vítima;364,7;BR-262/MG;Leste;Queda de Moto;;;;1;;;;;;;2;;;;
10/04/2018;10:54:00;221;sem vítima;418,5;BR-262/MG;Leste;Capotamento;;;;;;;;;;1;1;;;;
10/04/2018;11:14:00;233;sem vítima;92,09;BR-060/GO;Norte;Atropelamento de Animal;;;;1;;;;;;;1;;;;
10/04/2018;18:51:00;464;com vítima;496,146;BR-153/GO;Norte;Colisão Traseira;;;1;1;;;;;;;1;1;;;
10/04/2018;18:57:00;467;com vítima;496,535;BR-153/GO;Norte;Colisão Traseira;2;;;;;;;;;;0;2;;;
10/04/2018;22:36:00;554;com vítima;501,23;BR-153/GO;Sul;Queda de Moto;;;;1;;;;;;;0;;1;;
11/04/2018;07:11:00;101;com vítima;826,233;BR-262/MG;Oeste;Colisão Transversal;;;2;;;;;;;;1;;;1;
11/04/2018;07:37:00;118;sem vítima;496;BR-153/GO;Norte;Engavetamento;3;;;;;;;;;;3;;;;
11/04/2018;10:13:00;222;com vítima;539,5;BR-153/GO;Sul;Queda de Moto;;;;1;;;;;;;0;1;;;
11/04/2018;11:54:00;297;com vítima;369;BR-262/MG;Oeste;Queda de Ciclista;;;;1;;;;;;;0;;1;;
11/04/2018;13:31:00;357;sem vítima;503,5;BR-153/GO;Sul;Colisão Traseira;;;1;1;;;;;;;3;;;;
11/04/2018;14:08:00;381;sem vítima;634;BR-262/MG;Leste;Colisão Transversal;1;;1;;;;;;;;2;;;;
11/04/2018;14:11:00;384;com vítima;544;BR-262/MG;Leste;Choque - Talude;1;;;;;;;;;;0;2;1;;
11/04/2018;14:29:00;394;sem vítima;501,5;BR-153/GO;Sul;Choque - Defensa, barreira ou "submarino";;;1;;;;;;;;1;;;;
12/04/2018;03:17:00;31;com vítima;496;BR-153/GO;Sul;Colisão Traseira;1;;;;;1;;;;;2;1;;;
12/04/2018;07:01:00;77;com vítima;507,85;BR-153/GO;Norte;Colisão Traseira;1;;;1;;;;;;;2;1;;;
12/04/2018;07:24:00;91;sem vítima;508,713;BR-153/GO;Norte;Colisão Traseira;1;;;;;;;;;1;2;;;;
12/04/2018;10:09:00;195;com vítima;396;BR-262/MG;Leste;Queda de Moto;1;;;1;;;;;;;2;1;;;
12/04/2018;14:35:00;379;sem vítima;138;BR-060/GO;Sul;Queda de Moto;;;;1;;;;;;;1;;;;
12/04/2018;15:21:00;418;sem vítima;506,7;BR-153/GO;Sul;Choque - Defensa, barreira ou "submarino";1;;;;;1;;;;;2;;;;
12/04/2018;16:00:00;433;com vítima;583,4;BR-153/GO;Sul;Carreta deu L;;;1;;;;;;;;0;2;;;
12/04/2018;17:01:00;473;sem vítima;582,5;BR-153/GO;Sul;Colisão Lateral;1;;1;;;;;;;;2;;;;
12/04/2018;18:28:00;518;sem vítima;798,567;BR-262/MG;Oeste;Engavetamento;1;;2;;;;;;;;6;;;;
12/04/2018;18:32:00;525;sem vítima;9;BR-153/MG;Norte;Colisão Traseira;1;;1;;;;;;;;3;;;;
12/04/2018;19:30:00;544;com vítima;520,7;BR-153/GO;Norte;Colisão Lateral;1;;;1;;;;;;;1;2;;;
12/04/2018;20:00:00;555;com vítima;419,968;BR-262/MG;Oeste;Queda de Moto;;;;1;;;;;;;0;;;;1
12/04/2018;22:59:00;613;com vítima;633;BR-153/GO;Norte;Capotamento;1;;;;;;;;;;0;1;;;
12/04/2018;23:07:00;615;sem vítima;694;BR-262/MG;Leste;Choque - Suporte de Sinalização;1;;;;;;;;;;1;;;;
12/04/2018;23:29:00;622;com vítima;814,8;BR-262/MG;Leste;Colisão Transversal;1;;;;1;;;;;;44;;2;;
13/04/2018;03:41:00;50;sem vítima;554,2;BR-153/GO;Sul;Tombamento;;;1;;;;;;;;1;;;;
13/04/2018;05:33:00;78;sem vítima;46,8;BR-153/MG;Sul;Choque - Suporte de Sinalização;;;1;;;;;;;;1;;;;
13/04/2018;07:41:00;126;sem vítima;496,05;BR-153/GO;Sul;Colisão Lateral;1;;1;;;;;;;;2;;;;
13/04/2018;07:52:00;131;sem vítima;506,2;BR-153/GO;Norte;Colisão Traseira;2;;;;;;;;;1;3;;;;
13/04/2018;07:57:00;137;com vítima;498,4;BR-153/GO;Sul;Queda de Moto;;;;1;;;;;;;0;2;;;
13/04/2018;08:39:00;157;sem vítima;497,5;BR-153/GO;Sul;Engavetamento;3;;;;;;;;;;3;;;;
13/04/2018;08:53:00;167;com vítima;510,582;BR-262/MG;Leste;Colisão Frontal;1;;3;;;;;;;;1;;2;;2
13/04/2018;11:11:00;244;sem vítima;58;BR-153/MG;Sul;Colisão Traseira;2;;;;;;;;;;2;;;;
13/04/2018;11:47:00;256;sem vítima;510,4;BR-153/GO;Sul;Colisão Lateral;1;;;1;;;;;;;4;;;;
13/04/2018;13:58:00;326;com vítima;68,3;BR-060/GO;Sul;Queda de Moto;;;;1;;;;;;;1;1;;;
13/04/2018;16:00:00;374;sem vítima;443,531;BR-262/MG;Oeste;Choque - Suporte de Sinalização;1;;;;;;;;;;1;;;;
13/04/2018;16:54:00;401;com vítima;802,399;BR-262/MG;Oeste;Colisão Traseira;;;1;1;;;;;;;0;1;1;;1
13/04/2018;17:07:00;406;sem vítima;597,5;BR-153/GO;Norte;Queda de Moto;;;;1;;;;;;;2;;;;
13/04/2018;18:41:00;449;com vítima;521;BR-262/MG;Leste;Colisão Lateral;2;;;;;;;;;;1;1;;;
13/04/2018;18:45:00;452;sem vítima;117,112;BR-060/GO;Norte;Saida de Pista;1;;;;;;;;;;1;;;;
13/04/2018;19:13:00;465;sem vítima;9,2;BR-153/MG;Norte;Choque - Elemento de Drenagem;1;;;;;;;;;;1;;;;
13/04/2018;19:47:00;481;sem vítima;28,5;BR-060/GO;Norte;Capotamento;1;;;;;;;;;;1;;;;
13/04/2018;20:29:00;498;sem vítima;118,4;BR-060/GO;Norte;Colisão Lateral;2;;;;;;;;;;2;;;;
13/04/2018;00:27:00;558;sem vítima;100,1;BR-060/GO;Norte;Queda de Moto;;;;1;;;;;;;1;;;;
13/04/2018;23:08:00;560;com vítima;100,2;BR-060/GO;Norte;Tombamento;;;1;;;;;;;;0;1;;;
14/04/2018;01:43:00;26;sem vítima;46,6;BR-060/GO;Norte;Carreta deu L;;;1;;;;;;;;1;;;;
14/04/2018;12:53:00;270;com vítima;95,6;BR-060/GO;Norte;Queda de Moto;;;;1;;;;;;;0;1;;;
14/04/2018;13:02:00;274;com vítima;37;BR-153/MG;Sul;Colisão Traseira;;;2;;;;;;;;1;;;1;
14/04/2018;15:51:00;340;sem vítima;11,5;BR-060/GO;Norte;Colisão Lateral;1;;1;;;;;;;;2;;;;
14/04/2018;19:05:00;425;com vítima;398;BR-262/MG;Oeste;Atropelamento - Usuário;;;;1;;;;;;;0;1;1;;
14/04/2018;20:01:00;452;sem vítima;394;BR-262/MG;Oeste;Colisão Lateral;2;;;;;;;;;;2;;;;
15/04/2018;01:41:00;15;com vítima;496,949;BR-153/GO;Norte;Queda de Moto;;;;1;;;;;;;0;;;;1
15/04/2018;02:13:00;20;com vítima;425,236;BR-262/MG;Oeste;Colisão Traseira;1;;1;;;;;;;;1;1;1;;
15/04/2018;03:02:00;30;sem vítima;115;BR-060/GO;Norte;Saida de Pista;1;;;;;;;;;;2;;;;
15/04/2018;03:20:00;32;sem vítima;496,935;BR-153/GO;Norte;Queda de Moto;;;;1;;;;;;;1;;;;
15/04/2018;05:37:00;55;sem vítima;876;BR-262/MG;Leste;Choque - Outros;1;;;;;;;;;;1;;;;
15/04/2018;05:46:00;58;com vítima;494,3;BR-153/GO;Norte;Atropelamento - Usuário;;;;;;1;;;;;1;;;;1
15/04/2018;06:17:00;72;sem vítima;507,3;BR-153/GO;Sul;Choque - Defensa, barreira ou "submarino";1;;;;;;;;;;2;;;;
15/04/2018;11:50:00;240;com vítima;362,5;BR-262/MG;Leste;Capotamento;1;;;;;;;;;;0;;1;;
15/04/2018;13:03:00;274;sem vítima;50,203;BR-153/MG;Norte;Choque - Arvore;;;;;;;;;;1;1;;;;
15/04/2018;13:12:00;276;com vítima;45,1;BR-060/GO;Norte;Capotamento;1;;;;;;;;;;2;2;;;
15/04/2018;13:56:00;296;sem vítima;24;BR-153/MG;Sul;Saida de Pista;1;;;;;;;;;;2;;;;
15/04/2018;14:33:00;301;com vítima;511,7;BR-153/GO;Sul;Colisão Lateral;1;;;1;;;;;;;2;1;;;
15/04/2018;14:58:00;325;com vítima;516,475;BR-153/GO;Sul;Capotamento;1;;;;;;;;;;2;1;;;
15/04/2018;16:04:00;358;sem vítima;244,898;BR-153/MG;Norte;Colisão Lateral;1;;1;;;;;;;;2;;;;
15/04/2018;16:21:00;367;sem vítima;505,6;BR-153/GO;Sul;Colisão Traseira;1;;;;;;;;;;3;;;;
15/04/2018;16:24:00;369;sem vítima;13,063;BR-060/GO;Sul;Capotamento;;;;;;;;;;1;3;;;;
15/04/2018;17:50:00;418;sem vítima;463;BR-262/MG;Oeste;Colisão Traseira;2;;;;;;;;;;7;;;;
15/04/2018;19:32:00;460;sem vítima;519;BR-153/GO;Norte;Saida de Pista;1;;;;;;;;;;1;;;;
15/04/2018;19:39:00;463;sem vítima;83;BR-060/GO;Sul;Tombamento;1;;;;;;;;;;1;;;;
15/04/2018;20:20:00;474;sem vítima;122;BR-060/GO;Sul;Saida de Pista;1;;;;;;;;;;1;;;;