data;horario;n_da_ocorrencia;tipo_de_ocorrencia;km;trecho;sentido;tipo_de_acidente;automovel;bicicleta;caminhao;moto;onibus;outros;tracao_animal;transporte_de_cargas_especiais;trator_maquinas;utilitarios;ilesos;levemente_feridos;moderadamente_feridos;gravemente_feridos;mortos
15/04/2018;21:04:00;489;sem vítima;108,289;BR-153/MG;Norte;Choque - Suporte de Sinalização;1;;;;;;;;;;1;;;;
15/04/2018;21:08:00;493;sem vítima;701,341;BR-153/GO;Norte;Colisão Traseira;2;;;;;;;;;;3;;;;
15/04/2018;21:15:00;496;com vítima;50,1;BR-060/GO;Sul;Choque - Arvore;1;;;;;;;;;;1;3;;;
15/04/2018;22:09:00;509;com vítima;29,5;BR-060/DF;Norte;Choque - Elemento de Drenagem;1;;;;;;;;;;1;1;1;;
16/04/2018;00:18:00;5;com vítima;860,65;BR-262/MG;Oeste;Choque - Talude;1;;;;;;;;;;0;;1;;
16/04/2018;07:31:00;108;com vítima;7,375;BR-060/DF;Norte;Colisão Lateral;1;;;1;;;;;;;1;1;;;
16/04/2018;07:41:00;115;sem vítima;506,6;BR-153/GO;Norte;Colisão Traseira;2;;;;;;;;;;2;;;;
16/04/2018;08:02:00;132;sem vítima;506,5;BR-153/GO;Norte;Engavetamento;2;;;;;;;;;1;3;;;;
16/04/2018;16:29:00;507;sem vítima;547,5;BR-262/MG;Oeste;Tombamento;;;;;;;;;;1;3;;;;
16/04/2018;16:46:00;513;com vítima;88,84;BR-060/GO;Norte;Colisão Traseira;1;;;1;;;;;;;1;;1;;
16/04/2018;19:15:00;589;com vítima;63,001;BR-060/GO;Sul;Atropelamento de Animal;;;;1;;;;;;;0;1;;;
17/04/2018;05:49:00;86;sem vítima;19,3;BR-153/MG;Sul;Choque - Elemento de Drenagem;1;;;;;;;;;;1;;;;
17/04/2018;07:15:00;105;com vítima;811,971;BR-262/MG;Leste;Queda de Moto;;;;1;;;;;;;0;1;1;;
17/04/2018;07:33:00;112;sem vítima;108,6;BR-060/GO;Norte;Saida de Pista;1;;;;;;;;;;1;;;;
17/04/2018;10:27:00;218;sem vítima;583,001;BR-153/GO;Sul;Choque - Talude;1;;;;;;;;;;2;;;;
17/04/2018;10:52:00;227;sem vítima;429;BR-262/MG;Leste;Colisão Traseira;1;;;1;;;;;;;2;;;;
17/04/2018;14:50:00;341;com vítima;241,8;BR-153/MG;Sul;Colisão Traseira;2;;;;;;;;;;0;3;;;
17/04/2018;17:10:00;408;com vítima;582,5;BR-153/GO;Sul;Queda de Moto;;;;1;;;;;;;0;1;;;
17/04/2018;17:27:00;416;sem vítima;589;BR-262/MG;Oeste;Choque - Talude;1;;;;;;;;;;1;;;;
17/04/2018;18:15:00;437;com vítima;440;BR-262/MG;Leste;Queda de Moto;;;;1;;;;;;;0;2;;;
17/04/2018;18:30:00;443;sem vítima;539,615;BR-153/GO;Sul;Queda de Moto;;;;1;;;;;;;2;;;;
17/04/2018;20:38:00;488;sem vítima;96,2;BR-153/MG;Sul;Tombamento;;;1;;;;;;;;1;;;;
17/04/2018;22:57:00;528;sem vítima;659;BR-262/MG;Oeste;Tombamento;;;1;;;;;;;;1;;;;
18/04/2018;04:22:00;51;sem vítima;356;BR-262/MG;Oeste;Atropelamento de Animal;;;1;;;;;;;;1;;;;
18/04/2018;05:58:00;76;sem vítima;556;BR-262/MG;Oeste;Choque - Talude;;;1;;;;;;;;1;;;;
18/04/2018;10:09:00;204;com vítima;98;BR-060/GO;Sul;Queda de Moto;;;;1;;;;;;;0;1;;;
18/04/2018;17:16:00;424;sem vítima;701;BR-153/GO;Sul;Engavetamento;3;;;;;;;;;;4;;;;
18/04/2018;18:16:00;449;sem vítima;499,052;BR-153/GO;Sul;Colisão Traseira;2;;;;;;;;;;2;;;;
18/04/2018;18:46:00;465;sem vítima;508,221;BR-153/GO;Norte;Engavetamento;3;;;;;;;;;;3;;;;
18/04/2018;19:16:00;474;sem vítima;498,8;BR-153/GO;Sul;Colisão Traseira;2;;;;;;;;;;2;;;;
18/04/2018;19:31:00;479;sem vítima;729;BR-262/MG;Leste;Saida de Pista;1;;;;;;;;;;1;;;;
19/04/2018;10:40:00;254;com vítima;136;BR-060/GO;Sul;Choque - Outros;;;;;;;;;;1;0;1;;;
19/04/2018;11:19:00;286;sem vítima;378;BR-262/MG;Oeste;Choque - Suporte de Sinalização;;;;;;;;;;1;1;;;;
19/04/2018;12:41:00;325;sem vítima;500,346;BR-153/GO;Norte;Engavetamento;4;;;;;;;;;;4;;;;
19/04/2018;17:15:00;492;com vítima;8;BR-060/DF;Norte;Choque - Poste;1;;;;;;;;;;0;3;;;
19/04/2018;19:45:00;549;com vítima;4,25;BR-060/DF;Norte;Colisão Lateral;1;;;1;;;;;;;1;2;;;
20/04/2018;07:01:00;89;sem vítima;17,992;BR-153/MG;Sul;Saida de Pista;1;;;;;;;;;;1;;;;
20/04/2018;07:58:00;124;sem vítima;134,95;BR-060/GO;Sul;Saida de Pista;1;;;;;;;;;;1;;;;
20/04/2018;08:38:00;144;sem vítima;496,7;BR-153/GO;Norte;Engavetamento;;;3;;;;;;;;3;;;;
20/04/2018;10:30:00;226;sem vítima;118;BR-060/GO;Norte;Colisão Lateral;1;;1;;;;;;;;2;;;;
20/04/2018;11:38:00;270;sem vítima;58;BR-153/MG;Sul;Tombamento;;;1;;;;;;;;1;;;;
20/04/2018;11:55:00;275;com vítima;58;BR-153/MG;Sul;Colisão Traseira;;;2;;;;;;;;2;2;;;
20/04/2018;14:26:00;349;com vítima;166;BR-153/MG;Sul;Colisão Transversal;2;;;;;;;;;;4;3;;;
20/04/2018;16:37:00;417;sem vítima;66,303;BR-060/GO;Norte;Saida de Pista;1;;;;;;;;;;1;;;;
20/04/2018;17:29:00;450;sem vítima;366,4;BR-262/MG;Leste;Queda de Moto;;;;1;;;;;;;1;;;;
20/04/2018;17:30:00;451;sem vítima;636;BR-153/GO;Norte;Carreta deu L;;;1;;;;;;;;1;;;;
20/04/2018;18:40:00;487;sem vítima;380,16;BR-262/MG;Oeste;Saida de Pista;1;;;;;;;;;;1;;;;
20/04/2018;18:50:00;494;sem vítima;580,4;BR-262/MG;Oeste;Saida de Pista;1;;;;;;;;;;4;;;;
20/04/2018;20:11:00;532;sem vítima;434,864;BR-262/MG;Oeste;Atropelamento de Animal;1;;;;;;;;;;2;;;;
20/04/2018;20:20:00;534;sem vítima;1,05;BR-153/MG;Sul;Colisão Lateral;1;;1;;;;;;;;2;;;;
21/04/2018;04:22:00;57;com vítima;426,567;BR-262/MG;Leste;Capotamento;1;;;;;;;;;;0;;1;;
21/04/2018;05:11:00;65;com vítima;630,668;BR-262/MG;Oeste;Capotamento;1;;;;;;;;;;0;3;;;
21/04/2018;05:33:00;69;sem vítima;526,728;BR-153/GO;Sul;Colisão Traseira;1;;1;;;;;;;;2;;;;
21/04/2018;05:52:00;71;sem vítima;693,5;BR-262/MG;Oeste;Choque - Talude;1;;;;;;;;;;1;;;;
21/04/2018;06:15:00;79;sem vítima;502,329;BR-153/GO;Norte;Capotamento;1;;;;;;;;;;1;;;;
21/04/2018;07:03:00;91;sem vítima;11,7;BR-060/DF;Sul;Colisão Traseira;2;;;;;;;;;;2;;;;
21/04/2018;09:25:00;165;sem vítima;706;BR-262/MG;Leste;Colisão Traseira;1;;;1;;1;;;;;3;;;;
21/04/2018;10:53:00;207;com vítima;811,359;BR-262/MG;Oeste;Choque - Veiculo parado no acostamento;1;;;1;;;;;;;2;2;;;
21/04/2018;12:00:00;238;sem vítima;584;BR-262/MG;Oeste;Queda de Moto;;;;1;;;;;;;1;;;;
21/04/2018;12:30:00;252;sem vítima;547;BR-262/MG;Leste;Capotamento;1;;;;;;;;;;1;;;;
21/04/2018;13:05:00;271;com vítima;436,6;BR-262/MG;Leste;Capotamento;1;;;;;;;;;;0;1;;;
21/04/2018;14:03:00;287;com vítima;553,5;BR-262/MG;Leste;Colisão Lateral;2;;;;;;;;;;1;2;;;
21/04/2018;14:44:00;309;sem vítima;490,32;BR-153/GO;Sul;Capotamento;1;;;;;;;;;;1;;;;
21/04/2018;16:28:00;361;sem vítima;17;BR-153/MG;Norte;Choque - Elemento de Drenagem;1;;;;;;;;;;2;;;;
21/04/2018;16:59:00;374;com vítima;657,7;BR-153/GO;Norte;Capotamento;;;;;;;;;;1;0;2;;;
21/04/2018;18:15:00;411;com vítima;412;BR-262/MG;Leste;Capotamento;1;;;;;;;;;;0;1;;;
21/04/2018;19:03:00;421;com vítima;118,289;BR-060/GO;Norte;Atropelamento - Sem Informação;;;;1;;;;;;;0;1;;1;1
21/04/2018;19:59:00;439;sem vítima;89;BR-153/MG;Norte;Saida de Pista;1;;;;;;;;;;2;;;;
21/04/2018;21:02:00;457;com vítima;510,5;BR-153/GO;Norte;Colisão Traseira;2;;;;;;;;;;0;4;;;
21/04/2018;23:15:00;496;com vítima;405;BR-262/MG;Oeste;Capotamento;1;;;;;;;;;;0;1;;;
22/04/2018;00:48:00;13;sem vítima;388;BR-262/MG;Oeste;Choque - Suporte de Sinalização;1;;;;;;;;;;1;;;;
22/04/2018;02:12:00;29;sem vítima;556,5;BR-153/GO;Norte;Choque - Elemento de Drenagem;1;;;;;;;;;;1;;;;
22/04/2018;04:45:00;55;com vítima;84,6;BR-153/MG;Norte;Colisão Traseira;2;;;;;;;;;;1;1;;;
22/04/2018;07:44:00;90;sem vítima;761,133;BR-262/MG;Leste;Choque - Talude;1;;;;;;;;;;1;;;;
22/04/2018;09:15:00;143;sem vítima;136,2;BR-060/GO;Norte;Saida de Pista;1;;;;;;;;;;1;;;;
22/04/2018;18:29:00;430;com vítima;630;BR-153/GO;Norte;Saida de Pista;1;;;;;;;;;;1;3;;;
22/04/2018;18:58:00;446;com vítima;539,273;BR-262/MG;Leste;Colisão Frontal;;;2;;;;;;;;0;1;;;3
22/04/2018;20:55:00;492;sem vítima;883;BR-262/MG;Leste;Capotamento;1;;;;;;;;;;1;;;;
22/04/2018;19:25:00;494;sem vítima;539,273;BR-262/MG;Leste;Choque - Elemento de Drenagem;;;1;;;;;;;;1;;;;
22/04/2018;21:52:00;515;sem vítima;510,305;BR-153/GO;Sul;Colisão Traseira;2;;;;;;;;;;2;;;;
22/04/2018;21:53:00;518;sem vítima;725;BR-262/MG;Oeste;Atropelamento de Animal;;;1;;;;;;;;1;;;;
23/04/2018;04:54:00;63;com vítima;41,999;BR-060/GO;Sul;Atropelamento - Andarilho;1;;;;;;;;;;1;1;;;
23/04/2018;06:50:00;108;com vítima;0,1;BR-060/DF;Norte;Colisão Traseira;1;;;1;;;;;;;1;1;;;
23/04/2018;07:31:00;132;sem vítima;495;BR-153/GO;Sul;Engavetamento;4;;;;;;;;;;4;;;;
23/04/2018;14:43:00;393;com vítima;518,05;BR-153/GO;Sul;Colisão Traseira;1;;;;;1;;;;;1;1;;;
23/04/2018;15:31:00;410;sem vítima;119;BR-060/GO;Sul;Colisão Traseira;1;;;;;;;;;1;2;;;;
23/04/2018;16:51:00;449;sem vítima;803;BR-262/MG;Leste;Choque - Talude;1;;;;;;;;;;1;;;;
23/04/2018;19:03:00;509;com vítima;560,868;BR-262/MG;Leste;Tombamento;;;1;;;;;;;;0;1;;;
23/04/2018;19:38:00;530;sem vítima;72,299;BR-060/GO;Norte;Colisão Traseira;;;2;;;;;;;;2;;;;
23/04/2018;19:56:00;538;sem vítima;383,67;BR-262/MG;Leste;Capotamento;1;;;;;;;;;;5;;;;
23/04/2018;20:11:00;541;com vítima;101,7;BR-060/GO;Norte;Queda de Moto;;;;1;;;;;;;0;1;;;
24/04/2018;02:41:00;26;sem vítima;81,2;BR-060/GO;Sul;Saida de Pista;1;;;;;;;;;;1;;;;
24/04/2018;06:08:00;56;sem vítima;552;BR-262/MG;Oeste;Choque - Elemento de Drenagem;1;;;;;;;;;;2;;;;
24/04/2018;07:36:00;90;sem vítima;111,2;BR-060/GO;Norte;Choque - Elemento de Drenagem;1;;;;;1;;;;;2;;;;
24/04/2018;08:42:00;151;sem vítima;499,9;BR-153/GO;Sul;Choque - Veiculo parado na pista;1;;;;;;;;;;1;;;;
24/04/2018;09:25:00;173;sem vítima;177;BR-153/MG;Norte;Saida de Pista;;;;;;;;;;1;3;;;;
24/04/2018;09:45:00;183;com vítima;498,8;BR-153/GO;Sul;Engavetamento;;;2;1;;;;;;;2;1;1;;
24/04/2018;11:08:00;241;com vítima;168,9;BR-153/MG;Norte;Capotamento;1;;;;;;;;;;1;1;2;;
24/04/2018;14:49:00;355;com vítima;216,8;BR-153/MG;Sul;Capotamento;1;;;;;;;;;;0;2;1;;
24/04/2018;17:23:00;465;com vítima;28,852;BR-060/GO;Sul;Choque - Veiculo parado no acostamento;;;2;;;;;;;;1;1;;;1
24/04/2018;18:31:00;488;sem vítima;504,4;BR-153/GO;Norte;Engavetamento;2;;;;;;;;;1;3;;;;
24/04/2018;19:03:00;502;sem vítima;855,35;BR-262/MG;Leste;Colisão Lateral;2;;;;;;;;;;3;;;;
24/04/2018;22:57:00;593;com vítima;505;BR-153/GO;Sul;Atropelamento - Usuário;1;;;1;;;;;;;2;;;1;
25/04/2018;05:22:00;57;sem vítima;597,6;BR-153/GO;Sul;Choque - Defensa, barreira ou "submarino";;;1;;;;;;;;1;;;;
25/04/2018;06:17:00;67;sem vítima;497,128;BR-153/GO;Norte;Queda de Moto;;;;1;;;;;;;1;;;;
25/04/2018;08:18:00;121;sem vítima;245,908;BR-153/MG;Sul;Colisão Transversal;1;;1;;;;;;;;2;;;;
25/04/2018;09:02:00;155;sem vítima;512,973;BR-262/MG;Leste;Colisão Traseira;1;;1;;;;;;;;3;;;;
25/04/2018;15:38:00;378;com vítima;5,995;BR-153/MG;Norte;Tombamento;;;1;;;;;;;;0;;1;;
25/04/2018;16:08:00;397;sem vítima;25,3;BR-060/GO;Sul;Choque - Elemento de Drenagem;;;;;;;;;;1;1;;;;
25/04/2018;18:04:00;468;com vítima;502,3;BR-153/GO;Sul;Engavetamento;;;1;1;;;;;;;1;;1;;
25/04/2018;20:29:00;520;sem vítima;791,567;BR-262/MG;Leste;Choque - Defensa, barreira ou "submarino";1;;;;;1;;;;;2;;;;
26/04/2018;06:53:00;76;sem vítima;746,5;BR-262/MG;Oeste;Choque - Talude;;;1;;;;;;;;1;;;;
26/04/2018;07:25:00;89;sem vítima;757;BR-262/MG;Oeste;Colisão Traseira;2;;;;;;;;;;2;;;;
26/04/2018;07:55:00;101;sem vítima;435;BR-262/MG;Oeste;Colisão Traseira;2;;;;;;;;;;2;;;;
26/04/2018;07:58:00;104;sem vítima;502,7;BR-153/GO;Norte;Engavetamento;3;;;;;;;;;;3;;;;
26/04/2018;08:13:00;110;com vítima;548,137;BR-262/MG;Leste;Tombamento;;;1;;;;;;;;1;1;;;
26/04/2018;08:32:00;125;sem vítima;496,924;BR-153/GO;Norte;Colisão Traseira;2;;;;;;;;;;2;;;;
26/04/2018;08:38:00;126;com vítima;503,35;BR-153/GO;Norte;Colisão Traseira;1;;;1;;;;;;;1;;;1;
26/04/2018;09:31:00;162;com vítima;494,117;BR-153/GO;Sul;Engavetamento;5;;2;;;;;;;;6;1;;;
26/04/2018;09:40:00;167;sem vítima;111,501;BR-060/GO;Sul;Capotamento;1;;;;;;;;;;1;;;;
26/04/2018;09:51:00;173;com vítima;100,436;BR-060/GO;Sul;Queda de Moto;;;;1;;;;;;;0;;;1;
26/04/2018;11:26:00;231;sem vítima;443;BR-262/MG;Leste;Colisão Traseira;1;;1;;;;;;;;2;;;;
26/04/2018;12:29:00;260;com vítima;31;BR-060/GO;Norte;Atropelamento - Morador;1;;;;;;;;;;1;1;;;
26/04/2018;12:56:00;280;sem vítima;495,7;BR-153/GO;Norte;Colisão Traseira;1;;1;;;;;;;;2;;;;
26/04/2018;13:54:00;307;com vítima;408,1;BR-262/MG;Oeste;Queda de Moto;;;;1;;;;;;;0;;1;;
26/04/2018;14:06:00;314;sem vítima;395,5;BR-262/MG;Oeste;Saida de Pista;1;;;;;;;;;;1;;;;
26/04/2018;14:59:00;335;sem vítima;632;BR-262/MG;Leste;Saida de Pista;;;1;;;;;;;;1;;;;
26/04/2018;15:47:00;361;sem vítima;367;BR-262/MG;Oeste;Tombamento;;;1;;;;;;;;1;;;;
26/04/2018;16:08:00;374;sem vítima;497,3;BR-153/GO;Sul;Colisão Traseira;1;;1;;;;;;;;2;;;;
26/04/2018;16:26:00;383;sem vítima;368;BR-262/MG;Oeste;Colisão Traseira;2;;;;;;;;;;2;;;;
26/04/2018;16:43:00;398;com vítima;507;BR-153/GO;Sul;Colisão Traseira;1;;;1;;;;;;;1;1;;;
26/04/2018;19:35:00;479;com vítima;695;BR-153/GO;Sul;Capotamento;1;;;;;;;;;;0;1;;;
26/04/2018;23:33:00;574;sem vítima;834;BR-262/MG;Oeste;Colisão Lateral;1;;1;;;;;;;;2;;;;
27/04/2018;04:41:00;73;com vítima;45,281;BR-060/GO;Norte;Tombamento;1;;1;;;;;;;;1;1;;;
27/04/2018;06:34:00;112;com vítima;93,8;BR-060/GO;Sul;Colisão Traseira;;;;1;;;;;;;0;1;;;
27/04/2018;07:02:00;120;sem vítima;92,5;BR-060/GO;Sul;Colisão Traseira;;;;1;;;;;;;1;;;;
27/04/2018;07:25:00;131;sem vítima;96,4;BR-060/GO;Sul;Colisão Lateral;1;;;;1;;;;;;2;;;;
27/04/2018;07:40:00;142;com vítima;508,02;BR-153/GO;Norte;Colisão Lateral;1;;1;1;;;;;;;2;1;1;;
27/04/2018;08:15:00;174;com vítima;537,8;BR-153/GO;Norte;Capotamento;;;;;;;;;;1;0;2;2;2;
27/04/2018;11:30:00;324;sem vítima;365,7;BR-262/MG;Oeste;Colisão Traseira;2;;;;;;;;;;2;;;;
27/04/2018;13:25:00;384;sem vítima;574,8;BR-153/GO;Sul;Carreta deu L;;;1;;;;;;;;1;;;;
27/04/2018;16:41:00;523;sem vítima;21,7;BR-153/MG;Sul;Capotamento;1;;;;;;;;;;1;;;;
27/04/2018;18:00:00;570;sem vítima;131,8;BR-060/GO;Norte;Saida de Pista;1;;;;;;;;;;1;;;;
27/04/2018;18:12:00;578;com vítima;479,37;BR-262/MG;Oeste;Colisão Transversal;;;2;;;;;;;;1;;1;;
27/04/2018;20:46:00;646;sem vítima;58,5;BR-153/MG;Sul;Colisão Traseira;2;;;;;;;;;;4;;;;
27/04/2018;22:34:00;687;sem vítima;493,1;BR-153/GO;Sul;Colisão Lateral;2;;;;;;;;;;2;;;;
28/04/2018;04:26:00;58;sem vítima;38,7;BR-060/GO;Norte;Capotamento;1;;;;;;;;;;1;;;;
28/04/2018;06:56:00;90;sem vítima;51;BR-153/MG;Sul;Saida de Pista;1;;;;;;;;;;2;;;;
28/04/2018;08:22:00;141;com vítima;425;BR-262/MG;Oeste;Capotamento;1;;;;;;;;;;0;1;1;;
28/04/2018;08:24:00;143;com vítima;64,7;BR-060/GO;Sul;Capotamento;1;;;;;;;;;;0;3;;1;
28/04/2018;10:15:00;204;sem vítima;790;BR-262/MG;Leste;Tombamento;1;;;;;;;;;;1;;;;
28/04/2018;11:38:00;254;sem vítima;514;BR-153/GO;Sul;Colisão Transversal;1;;1;;;;;;;;6;;;;
28/04/2018;12:04:00;268;com vítima;539;BR-153/GO;Sul;Queda de Moto;;;;1;;;;;;;0;1;;;
28/04/2018;14:33:00;359;sem vítima;796,8;BR-262/MG;Oeste;Colisão Traseira;1;;;1;;;;;;;2;;;;
28/04/2018;17:58:00;491;sem vítima;430;BR-262/MG;Leste;Colisão Transversal;2;;;;;;;;;;6;;;;
28/04/2018;18:00:00;492;sem vítima;440;BR-262/MG;Oeste;Atropelamento de Animal;;;1;;;;;;;;1;;;;
28/04/2018;21:10:00;557;sem vítima;438,064;BR-262/MG;Leste;Saida de Pista;1;;;;;;;;;;1;;;;
28/04/2018;21:10:00;558;sem vítima;460;BR-262/MG;Leste;Atropelamento de Animal;1;;;;;;;;;;1;;;;
28/04/2018;23:15:00;591;com vítima;9,986;BR-060/DF;Norte;Choque - Objeto sobre a pista;;;;1;;;;;;1;1;1;1;;
28/04/2018;23:29:00;594;sem vítima;880,057;BR-262/MG;Oeste;Colisão Traseira;1;;1;;;;;;;;2;;;;
29/04/2018;03:33:00;43;sem vítima;509;BR-153/GO;Sul;Queda de Moto;;;;1;;;;;;;1;;;;
29/04/2018;04:38:00;62;com vítima;825,865;BR-262/MG;Oeste;Choque - Elemento de Drenagem;1;;;;;;;;;;0;2;;;
29/04/2018;05:07:00;67;sem vítima;530,768;BR-262/MG;Leste;Colisão Traseira;2;;;;;;;;;;3;;;;
29/04/2018;06:20:00;78;sem vítima;100,799;BR-153/MG;Sul;Tombamento;;;1;;;;;;;;1;;;;
29/04/2018;10:06:00;169;sem vítima;364,11;BR-262/MG;Leste;Capotamento;1;;;;;;;;;;2;;;;
29/04/2018;13:48:00;267;com vítima;801,785;BR-262/MG;Oeste;Capotamento;1;;;;;;;;;;0;;1;;
29/04/2018;15:30:00;314;sem vítima;510;BR-153/GO;Norte;Engavetamento;1;;2;;;;;;;;3;;;;
29/04/2018;17:22:00;369;sem vítima;355;BR-262/MG;Oeste;Choque - Defensa, barreira ou "submarino";1;;;;;;;;;;1;;;;
29/04/2018;19:45:00;437;sem vítima;845;BR-262/MG;Leste;Atropelamento de Animal;;;;;;;;;;1;1;;;;
29/04/2018;21:10:00;468;com vítima;547,257;BR-262/MG;Leste;Tombamento;;;1;;;;;;;;0;3;;;
29/04/2018;22:37:00;506;sem vítima;246,01;BR-153/MG;Norte;Atropelamento de Animal;1;;;;;;;;;;1;;;;
29/04/2018;23:42:00;530;com vítima;547;BR-262/MG;Oeste;Atropelamento - Andarilho;1;;;;;;;;;;1;1;;;
30/04/2018;00:06:00;4;com vítima;458,5;BR-262/MG;Leste;Atropelamento de Animal;1;;;;;;;;;;3;1;1;;
30/04/2018;06:07:00;79;sem vítima;108,8;BR-060/GO;Norte;Choque - Elemento de Drenagem;1;;;;;;;;;;4;;;;
30/04/2018;08:45:00;133;com vítima;366;BR-262/MG;Leste;Colisão Traseira;;1;;1;;;;;;;1;;1;;
30/04/2018;14:57:00;310;sem vítima;5,4;BR-153/MG;Norte;Choque - Defensa, barreira ou "submarino";;;1;;;;;;;;1;;;;
30/04/2018;19:40:00;440;com vítima;493;BR-153/GO;Sul;Atropelamento - Andarilho;;;;1;;;;;;;1;1;;;
30/04/2018;19:51:00;450;sem vítima;670;BR-153/GO;Sul;Tombamento;;;1;;;;;;;;1;;;;
30/04/2018;21:07:00;493;sem vítima;92,708;BR-060/GO;Norte;Choque - Talude;;;;;;;;;;1;1;;;;
30/04/2018;21:30:00;501;com vítima;94,378;BR-060/GO;Sul;Queda de Moto;;;;1;;;;;;;0;2;;;
30/04/2018;21:32:00;502;sem vítima;442;BR-262/MG;Leste;Choque - Defensa, barreira ou "submarino";1;;;;;;;;;;1;;;;
30/04/2018;23:44:00;550;com vítima;507;BR-153/GO;Sul;Colisão Traseira;1;;;2;;;;;;;2;2;;;
01/05/2018;01:29:00;18;sem vítima;446,8;BR-262/MG;Oeste;Atropelamento de Animal;;;;;;;;;;1;1;;;;
01/05/2018;05:28:00;81;sem vítima;791;BR-262/MG;Leste;Saida de Pista;;;1;;;;;;;;1;;;;
01/05/2018;06:38:00;102;sem vítima;508,95;BR-153/GO;Sul;Choque - Defensa, barreira ou "submarino";1;;;;;;;;;;1;;;;
01/05/2018;12:39:00;308;sem vítima;426;BR-262/MG;Leste;Saida de Pista;1;;;;;;;;;;2;;;;
01/05/2018;14:07:00;371;com vítima;56,1;BR-060/GO;Sul;Capotamento;1;;;;;;;;;;2;1;;;
01/05/2018;16:43:00;471;sem vítima;381,5;BR-262/MG;Oeste;Choque - Suporte de Sinalização;1;;;;;;;;;;1;;;;
01/05/2018;17:17:00;489;sem vítima;3;BR-153/MG;Sul;Saida de Pista;1;;;;;;;;;;4;;;;
01/05/2018;18:04:00;515;com vítima;89,973;BR-060/GO;Sul;Queda de Moto;;;;1;;;;;;;0;1;;;
01/05/2018;18:11:00;519;sem vítima;541,069;BR-153/GO;Sul;Queda de Moto;;;;1;;;;;;;1;;;;
01/05/2018;18:35:00;533;sem vítima;660,799;BR-153/GO;Norte;Capotamento;1;;;;;;;;;;1;;;;
01/05/2018;18:39:00;538;com vítima;17,178;BR-153/MG;Norte;Atropelamento - Morador;1;;;;;;;;;;1;;;;1
01/05/2018;20:48:00;599;sem vítima;417,571;BR-262/MG;Leste;Saida de Pista;1;;;;;;;;;;1;;;;
01/05/2018;21:55:00;627;sem vítima;441,567;BR-262/MG;Oeste;Choque - Defensa, barreira ou "submarino";1;;;;;;;;;;3;;;;
02/05/2018;00:31:00;12;sem vítima;412,771;BR-262/MG;Leste;Queda de Moto;;;;1;;;;;;;2;;;;
02/05/2018;05:52:00;58;com vítima;514,9;BR-153/GO;Sul;Colisão Lateral;2;;;;;;;;;;2;1;;;
02/05/2018;06:21:00;64;sem vítima;87,4;BR-060/GO;Norte;Atropelamento de Animal;;;1;;;;;;;;1;;;;
02/05/2018;06:38:00;69;sem vítima;64,9;BR-060/GO;Sul;Choque - Outros;1;;;;;;;;;;1;;;;
02/05/2018;17:18:00;490;com vítima;444,071;BR-262/MG;Oeste;Colisão Lateral;;1;;;;1;;;;;1;;1;;
02/05/2018;17:43:00;509;com vítima;495,01;BR-153/GO;Sul;Colisão Lateral;;;;1;;;;;;1;1;1;;;
02/05/2018;19:14:00;551;com vítima;447,069;BR-262/MG;Oeste;Queda de Moto;;;;1;;;;;;;1;1;;;
02/05/2018;19:15:00;552;com vítima;579,7;BR-153/GO;Sul;Choque - Objeto sobre a pista;1;;;;;;;;;;0;2;;;
03/05/2018;01:30:00;15;sem vítima;91,181;BR-060/GO;Sul;Saida de Pista;1;;;;;;;;;;2;;;;
03/05/2018;07:45:00;95;sem vítima;693,936;BR-262/MG;Oeste;Colisão Traseira;;;2;;;;;;;;2;;;;
03/05/2018;08:53:00;143;sem vítima;500,5;BR-153/GO;Sul;Colisão Traseira;;;2;;;;;;;;2;;;;
03/05/2018;09:03:00;153;sem vítima;498,9;BR-153/GO;Sul;Engavetamento;4;;;;;;;;;;4;;;;
03/05/2018;11:18:00;251;sem vítima;461;BR-262/MG;Oeste;Colisão Traseira;2;;;;;;;;;;2;;;;
03/05/2018;13:06:00;302;sem vítima;360;BR-262/MG;Oeste;Colisão Traseira;1;;;1;;;;;;;2;;;;
03/05/2018;13:54:00;315;com vítima;53,4;BR-060/GO;Sul;Capotamento;1;;;;;;;;;;0;1;;;
03/05/2018;15:00:00;347;com vítima;903,245;BR-262/MG;Leste;Tombamento;;;1;;;;;;;;0;1;;;
03/05/2018;15:08:00;350;sem vítima;521,5;BR-153/GO;Sul;Saida de Pista;;;1;;;;;;;;1;;;;
03/05/2018;15:59:00;374;sem vítima;505,5;BR-153/GO;Sul;Colisão Traseira;1;;;1;;;;;;;2;;;;
03/05/2018;17:47:00;430;com vítima;503,899;BR-153/GO;Sul;Colisão Traseira;1;;;1;;;;;;;1;1;;;
03/05/2018;18:18:00;442;sem vítima;502,699;BR-153/GO;Sul;Colisão Transversal;1;;1;;;;;;;;2;;;;
03/05/2018;18:51:00;464;sem vítima;495,8;BR-153/GO;Sul;Engavetamento;3;;;;;;;;;;4;;;;
03/05/2018;21:24:00;534;sem vítima;383,178;BR-262/MG;Leste;Colisão Traseira;2;;;;;;;;;;4;;;;
03/05/2018;22:30:00;558;com vítima;638,299;BR-153/GO;Norte;Capotamento;;;;;;;;;;1;0;1;;;
03/05/2018;22:54:00;566;com vítima;482,236;BR-262/MG;Leste;Colisão Traseira;1;;1;;;;;;;;1;1;;;
03/05/2018;23:53:00;589;sem vítima;27,3;BR-153/MG;Sul;Saida de Pista;;;1;;;;;;;;1;;;;
04/05/2018;01:45:00;20;sem vítima;409;BR-262/MG;Leste;Choque - Suporte de Sinalização;1;;;;;;;;;;1;;;;