data;horario;n_da_ocorrencia;tipo_de_ocorrencia;km;trecho;sentido;tipo_de_acidente;automovel;bicicleta;caminhao;moto;onibus;outros;tracao_animal;transporte_de_cargas_especiais;trator_maquinas;utilitarios;ilesos;levemente_feridos;moderadamente_feridos;gravemente_feridos;mortos
04/05/2018;01:58:00;23;com vítima;119,633;BR-060/GO;Norte;Atropelamento de Animal;1;;;;;;;;;;2;1;;;
04/05/2018;02:10:00;26;sem vítima;119,733;BR-060/GO;Norte;Atropelamento de Animal;1;;;;;;;;;;1;;;;
04/05/2018;02:41:00;31;com vítima;112,102;BR-060/GO;Norte;Queda de Moto;;;;1;;;;;;;0;;1;;
04/05/2018;03:53:00;42;com vítima;29,557;BR-060/DF;Sul;Capotamento;1;;;;;;;;;;0;1;;;
04/05/2018;07:53:00;112;sem vítima;502,3;BR-153/GO;Norte;Engavetamento;3;;;;;;;;;;3;;;;
04/05/2018;07:55:00;113;com vítima;130,4;BR-153/MG;Norte;Tombamento;;;1;;;;;;;;0;1;;;
04/05/2018;12:01:00;248;com vítima;501,7;BR-153/GO;Sul;Colisão Traseira;1;;;1;;;;;;;1;1;;;
04/05/2018;14:59:00;335;sem vítima;111,4;BR-060/GO;Sul;Choque - Talude;1;;;;;;;;;;1;;;;
04/05/2018;16:45:00;397;com vítima;508,8;BR-153/GO;Sul;Queda de Moto;;;;1;;;;;;;0;2;;;
04/05/2018;17:29:00;432;sem vítima;97,995;BR-060/GO;Norte;Colisão Traseira;2;;;;;;;;;;2;;;;
04/05/2018;18:41:00;475;com vítima;362,3;BR-262/MG;Leste;Atropelamento - Morador;;;1;1;;;;;;;1;;1;;1
04/05/2018;19:32:00;486;sem vítima;439;BR-262/MG;Leste;Colisão Traseira;1;;1;;;;;;;;2;;;;
04/05/2018;19:46:00;491;sem vítima;4,5;BR-060/DF;Norte;Engavetamento;4;;;;;;;;;;4;;;;
04/05/2018;20:11:00;503;sem vítima;429,5;BR-262/MG;Leste;Choque - Defensa, barreira ou "submarino";1;;;;;;;;;;1;;;;
04/05/2018;21:44:00;530;sem vítima;8,099;BR-060/DF;Sul;Colisão Traseira;2;;;;;;;;;;2;;;;
04/05/2018;22:45:00;554;sem vítima;243,5;BR-153/MG;Norte;Capotamento;1;;;;;;;;;;1;;;;
05/05/2018;00:21:00;4;sem vítima;492,5;BR-153/GO;Norte;Choque - Talude;1;;;;;;;;;;1;;;;
05/05/2018;03:17:00;38;com vítima;33,2;BR-060/GO;Norte;Colisão Traseira;;;1;1;;;;;;;1;;;1;
05/05/2018;10:20:00;214;com vítima;381;BR-262/MG;Oeste;Choque - Suporte de Sinalização;1;;;;;;;;;;2;;1;;
05/05/2018;17:10:00;426;sem vítima;482;BR-262/MG;Leste;Colisão Traseira;1;;1;;;;;;;;5;;;;
05/05/2018;17:32:00;444;sem vítima;105,094;BR-153/MG;Norte;Capotamento;1;;;;;;;;;;1;;;;
05/05/2018;17:45:00;454;sem vítima;498,4;BR-153/GO;Sul;Colisão Traseira;3;;;;;;;;;;4;;;;
06/05/2018;00:19:00;4;com vítima;498,553;BR-153/GO;Norte;Choque - Defensa, barreira ou "submarino";;;1;;;;;;;;1;1;;;
06/05/2018;00:31:00;10;sem vítima;498,553;BR-153/GO;Sul;Queda de Moto;;;;1;;1;;;;;2;;;;
06/05/2018;03:55:00;41;com vítima;362,668;BR-262/MG;Oeste;Atropelamento - Morador;;;;1;;;;;;;2;;1;;
06/05/2018;04:27:00;48;sem vítima;210;BR-153/MG;Sul;Choque - Outros;;;1;;;;;;;;1;;;;
06/05/2018;05:29:00;60;com vítima;11,8;BR-060/GO;Norte;Capotamento;1;;;;;;;;;;1;1;;;
06/05/2018;07:03:00;84;sem vítima;246;BR-153/MG;Norte;Colisão Lateral;1;;;;;1;;;;;2;;;;
06/05/2018;07:04:00;85;com vítima;137,8;BR-060/GO;Sul;Choque - Veiculo parado na pista;;;;1;;;;;;1;1;2;;;
06/05/2018;11:52:00;236;sem vítima;539,8;BR-153/GO;Sul;Queda de Moto;;;;1;;;;;;;2;;;;
06/05/2018;13:11:00;266;com vítima;137;BR-060/GO;Sul;Choque - Outros;;;;;;;;;;1;0;2;;;
06/05/2018;14:39:00;306;com vítima;674,3;BR-262/MG;Leste;Carreta deu L;;;1;;;;;;;;0;;1;;
06/05/2018;15:11:00;324;sem vítima;604;BR-262/MG;Leste;Colisão Traseira;2;;;;;;;;;;2;;;;
06/05/2018;15:58:00;348;com vítima;584,9;BR-153/GO;Sul;Capotamento;1;;;;;;;;;;0;1;;;
06/05/2018;17:10:00;395;sem vítima;675;BR-153/GO;Norte;Choque - Poste;2;;;;;;;;;;2;;;;
06/05/2018;19:38:00;475;sem vítima;387,468;BR-262/MG;Leste;Choque - Defensa, barreira ou "submarino";1;;;;;;;;;;1;;;;
06/05/2018;20:45:00;508;sem vítima;91,858;BR-060/GO;Norte;Atropelamento - Morador;1;;;;;;;;;;2;;;;
06/05/2018;22:08:00;538;sem vítima;442,525;BR-262/MG;Leste;Saida de Pista;1;;;;;;;;;;1;;;;
06/05/2018;22:23:00;543;com vítima;531,671;BR-262/MG;Oeste;Colisão Frontal;1;;;;;;;;;1;1;1;2;;
06/05/2018;23:55:00;566;com vítima;442,567;BR-262/MG;Oeste;Choque - Defensa, barreira ou "submarino";1;;;;;;;;;;2;1;;;
07/05/2018;03:37:00;37;sem vítima;643,072;BR-262/MG;Oeste;Saida de Pista;1;;;;;;;;;;4;;;;
07/05/2018;05:31:00;50;sem vítima;530,668;BR-262/MG;Leste;Saida de Pista;1;;;;;;;;;;1;;;;
07/05/2018;06:24:00;59;sem vítima;28,529;BR-060/GO;Sul;Colisão Traseira;;;2;;;;;;;;2;;;;
07/05/2018;08:14:00;108;sem vítima;3,044;BR-060/DF;Sul;Colisão Traseira;2;;;;;1;;;;;3;;;;
07/05/2018;09:32:00;165;sem vítima;782,337;BR-262/MG;Oeste;Engavetamento;4;;;;;;;;;;10;;;;
07/05/2018;09:38:00;168;com vítima;498,518;BR-153/GO;Sul;Engavetamento;3;;;;;;;;;;3;2;;;
07/05/2018;13:03:00;278;com vítima;70,799;BR-153/MG;Sul;Tombamento;;;1;;;;;;;;0;1;;;
07/05/2018;15:48:00;385;com vítima;507,547;BR-153/GO;Sul;Queda de Moto;;;;1;;;;;;;0;1;;;
07/05/2018;15:57:00;388;sem vítima;435;BR-262/MG;Oeste;Colisão Transversal;2;;;;;;;;;;2;;;;
07/05/2018;17:50:00;442;sem vítima;136,5;BR-060/GO;Sul;Tombamento;;;1;;;;;;;;1;;;;
07/05/2018;17:54:00;448;sem vítima;514,899;BR-153/GO;Sul;Colisão Lateral;2;;;;;;;;;;2;;;;
07/05/2018;19:17:00;483;sem vítima;19;BR-060/DF;Norte;Queda de Ciclista;;1;;;;;;;;;1;;;;
07/05/2018;20:34:00;515;com vítima;355;BR-262/MG;Oeste;Atropelamento - Outros;1;;;;;;;;;;1;;1;;
08/05/2018;07:56:00;121;sem vítima;2,4;BR-060/DF;Norte;Colisão Traseira;2;;;;;;;;;;2;;;;
08/05/2018;08:01:00;124;sem vítima;40,029;BR-060/GO;Norte;Tombamento;;;;;;;;;;1;1;;;;
08/05/2018;08:12:00;128;sem vítima;501;BR-153/GO;Norte;Colisão Traseira;2;;;;;;;;;;2;;;;
08/05/2018;08:17:00;137;sem vítima;2,413;BR-060/DF;Norte;Colisão Traseira;2;;;;;;;;;;2;;;;
08/05/2018;12:37:00;261;sem vítima;747,95;BR-262/MG;Leste;Colisão Traseira;;;2;;;;;;;;2;;;;
08/05/2018;13:20:00;279;sem vítima;747,95;BR-262/MG;Leste;Engavetamento;1;;4;;;;;;;;9;;;;
08/05/2018;14:01:00;301;com vítima;369;BR-262/MG;Leste;Queda de Moto;;;;1;;;;;;;0;1;;;
08/05/2018;15:48:00;358;sem vítima;552;BR-262/MG;Leste;Colisão Traseira;;;2;;;;;;;;2;;;;
08/05/2018;17:42:00;399;com vítima;92,349;BR-060/GO;Norte;Colisão Traseira;1;;;1;;;;;;;1;1;;;
08/05/2018;20:48:00;495;com vítima;501,963;BR-153/GO;Sul;Atropelamento - Usuário;;;;1;;;;;;;1;;;1;
08/05/2018;22:04:00;520;com vítima;137,4;BR-060/GO;Sul;Colisão Frontal;1;;;1;;;;;;;2;1;1;;
09/05/2018;06:25:00;72;sem vítima;617;BR-153/GO;Sul;Saida de Pista;1;;;;;;;;;;1;;;;
09/05/2018;07:27:00;94;com vítima;450;BR-262/MG;Oeste;Colisão Traseira;1;;;1;;;;;;;1;;2;;
09/05/2018;07:40:00;101;sem vítima;508,8;BR-153/GO;Norte;Colisão Lateral;1;;1;;;;;;;;2;;;;
09/05/2018;07:57:00;118;sem vítima;30,3;BR-060/DF;Norte;Choque - Suporte de Sinalização;1;;;;;;;;;;1;;;;
09/05/2018;11:19:00;265;sem vítima;546,5;BR-262/MG;Oeste;Choque - Elemento de Drenagem;1;;;;;;;;;;1;;;;
09/05/2018;18:17:00;458;com vítima;477,266;BR-262/MG;Oeste;Atropelamento - Andarilho;1;;;;;;;;;;1;1;;;
09/05/2018;18:39:00;474;com vítima;0,446;BR-060/DF;Norte;Colisão Lateral;1;;1;;;;;;;;1;1;;;
09/05/2018;19:28:00;501;sem vítima;515;BR-153/GO;Norte;Colisão Traseira;1;;1;;;;;;;;2;;;;
09/05/2018;19:37:00;504;sem vítima;3,01;BR-060/DF;Sul;Colisão Traseira;1;;;;1;;;;;;2;;;;
09/05/2018;22:02:00;549;com vítima;563,399;BR-153/GO;Norte;Colisão Traseira;1;;1;;;;;;;;2;1;;;
10/05/2018;12:44:00;321;sem vítima;31,7;BR-060/GO;Sul;Colisão Transversal;1;;;;;;;;;1;2;;;;
10/05/2018;14:56:00;389;com vítima;659;BR-153/GO;Sul;Capotamento;1;;;;;;;;;;0;2;;;
10/05/2018;17:21:00;469;com vítima;506,04;BR-153/GO;Sul;Queda de Moto;;;;1;;;;;;;0;1;;;
10/05/2018;17:34:00;481;sem vítima;120,5;BR-153/MG;Norte;Colisão Traseira;2;;;;;;;;;;2;;;;
10/05/2018;17:37:00;484;sem vítima;9,001;BR-060/DF;Norte;Colisão Lateral;1;;;1;;;;;;;4;;;;
10/05/2018;17:47:00;487;sem vítima;500,001;BR-153/GO;Sul;Colisão Traseira;1;;;;;;;;;;1;;;;
10/05/2018;18:29:00;510;sem vítima;495,837;BR-153/GO;Sul;Colisão Traseira;;;2;;;;;;;;2;;;;
10/05/2018;19:51:00;544;sem vítima;583,723;BR-153/GO;Norte;Capotamento;1;;;;;;;;;;1;;;;
10/05/2018;22:48:00;599;sem vítima;538,87;BR-262/MG;Oeste;Tombamento;;;1;;;;;;;;2;;;;
11/05/2018;06:49:00;68;sem vítima;20,5;BR-060/GO;Norte;Choque - Objeto sobre a pista;1;;;;;;;;;;1;;;;
11/05/2018;07:27:00;80;com vítima;433;BR-262/MG;Leste;Colisão Traseira;;1;1;;;;;;;;1;1;;;
11/05/2018;07:49:00;88;com vítima;502,655;BR-153/GO;Norte;Engavetamento;3;;;;;;;;;;3;1;;;
11/05/2018;08:30:00;114;sem vítima;504,5;BR-153/GO;Norte;Colisão Lateral;1;;1;;;;;;;;2;;;;
11/05/2018;08:54:00;133;sem vítima;37,8;BR-153/MG;Norte;Colisão Traseira;;;2;;;;;;;;3;;;;
11/05/2018;14:11:00;332;sem vítima;648,6;BR-262/MG;Leste;Colisão Traseira;1;;1;;;;;;;;2;;;;
11/05/2018;14:53:00;352;sem vítima;514;BR-262/MG;Leste;Colisão Lateral;;;2;;;;;;;;2;;;;
11/05/2018;16:08:00;393;com vítima;476,46;BR-262/MG;Oeste;Colisão Transversal;1;;1;;;;;;;;0;1;1;1;
11/05/2018;17:03:00;428;sem vítima;500,7;BR-153/GO;Norte;Choque - Defensa, barreira ou "submarino";1;;1;;;;;;;;2;;;;
11/05/2018;18:11:00;473;sem vítima;495,327;BR-153/GO;Sul;Colisão Lateral;1;;1;;;;;;;;2;;;;
11/05/2018;18:36:00;487;com vítima;39,899;BR-060/GO;Sul;Colisão Traseira;;;2;;;;;;;;1;1;;;
11/05/2018;18:40:00;490;sem vítima;762;BR-262/MG;Leste;Capotamento;1;;;;;;;;;;1;;;;
11/05/2018;18:44:00;492;sem vítima;662;BR-153/GO;Sul;Choque - Elemento de Drenagem;1;;;;;;;;;;1;;;;
11/05/2018;20:20:00;544;sem vítima;98,7;BR-060/GO;Norte;Colisão Traseira;2;;;;;;;;;;2;;;;
11/05/2018;20:55:00;565;sem vítima;39,3;BR-060/GO;Sul;Engavetamento;2;;;;1;;;;;;42;;;;
11/05/2018;23:04:00;616;sem vítima;25,5;BR-153/MG;Norte;Capotamento;1;;;;;;;;;;1;;;;
11/05/2018;23:22:00;626;sem vítima;598;BR-153/GO;Norte;Choque - Talude;1;;;;;;;;;;1;;;;
12/05/2018;02:12:00;25;sem vítima;493,379;BR-153/GO;Sul;Choque - Suporte de Sinalização;1;;;;;;;;;;1;;;;
12/05/2018;05:14:00;58;sem vítima;449,269;BR-262/MG;Oeste;Colisão Traseira;2;;;;;;;;;;2;;;;
12/05/2018;06:33:00;84;com vítima;515,625;BR-153/GO;Sul;Colisão Traseira;1;;;1;;;;;;;1;;1;;
12/05/2018;08:05:00;120;sem vítima;82,103;BR-060/GO;Norte;Choque - Suporte de Sinalização;1;;;;;;;;;;1;;;;
12/05/2018;09:41:00;180;sem vítima;92,8;BR-060/GO;Sul;Choque - Defensa, barreira ou "submarino";1;;;;;;;;;;1;;;;
12/05/2018;10:38:00;230;com vítima;471,788;BR-262/MG;Leste;Engavetamento;2;;;;;;;;;1;6;2;;;
12/05/2018;10:44:00;235;com vítima;448,234;BR-262/MG;Oeste;Colisão Lateral;3;;;;;;;;;;3;;3;;
12/05/2018;11:02:00;249;sem vítima;553;BR-153/GO;Norte;Colisão Traseira;1;;1;;;;;;;;2;;;;
12/05/2018;11:41:00;267;sem vítima;128,8;BR-060/GO;Norte;Choque - Elemento de Drenagem;1;;;;;;;;;;1;;;;
12/05/2018;11:45:00;268;sem vítima;800,69;BR-262/MG;Oeste;Choque - Elemento de Drenagem;;;1;;;;;;;;1;;;;
12/05/2018;14:02:00;341;sem vítima;3,5;BR-060/GO;Sul;Colisão Lateral;;;;;;;;;;1;2;;;;
12/05/2018;14:26:00;350;sem vítima;497,5;BR-153/GO;Sul;Colisão Lateral;;;1;;;;;;;1;2;;;;
12/05/2018;14:28:00;352;sem vítima;381,665;BR-262/MG;Oeste;Tombamento;1;;;;;;;;;;1;;;;
12/05/2018;14:44:00;358;com vítima;401,63;BR-262/MG;Leste;Capotamento;1;;;;;;;;;;0;1;1;;
12/05/2018;16:09:00;398;com vítima;459;BR-262/MG;Oeste;Colisão Lateral;;;1;1;;;;;;;1;;1;;
12/05/2018;16:48:00;420;sem vítima;549,655;BR-262/MG;Leste;Queda de Moto;;;;1;;;;;;;1;;;;
12/05/2018;19:34:00;494;sem vítima;25,142;BR-060/DF;Norte;Saida de Pista;1;;;;;;;;;;1;;;;
12/05/2018;19:48:00;502;com vítima;117;BR-153/MG;Norte;Capotamento;;;2;;;;;;;1;2;2;;;
12/05/2018;21:36:00;537;com vítima;506;BR-153/GO;Sul;Queda de Moto;;;;1;;;;;;;1;1;;;
13/05/2018;00:39:00;10;com vítima;506;BR-153/GO;Sul;Queda de Moto;;;;1;;;;;;;0;1;;;
13/05/2018;01:47:00;25;com vítima;580,2;BR-153/GO;Sul;Choque - Suporte de Sinalização;;;1;;;;;;;;0;1;;;
13/05/2018;03:33:00;47;com vítima;506,199;BR-153/GO;Norte;Queda de Moto;;;;1;;;;;;;0;;1;;
13/05/2018;08:09:00;120;sem vítima;519,9;BR-153/GO;Norte;Capotamento;1;;;;;;;;;;2;;;;
13/05/2018;08:20:00;128;sem vítima;574;BR-262/MG;Oeste;Capotamento;1;;;;;;;;;;4;;;;
13/05/2018;08:32:00;136;com vítima;399,3;BR-262/MG;Oeste;Choque - Defensa, barreira ou "submarino";1;;;;;;;;;;1;1;;;
13/05/2018;08:36:00;137;sem vítima;586,2;BR-153/GO;Sul;Choque - Outros;1;;;;;;;;;;5;;;;
13/05/2018;09:11:00;155;sem vítima;362;BR-262/MG;Oeste;Queda de Moto;;;;1;;;;;;;1;;;;
13/05/2018;11:15:00;210;sem vítima;512;BR-153/GO;Norte;Colisão Traseira;2;;;;;1;;;;;3;;;;
13/05/2018;15:35:00;334;com vítima;586,5;BR-153/GO;Sul;Choque - Elemento de Drenagem;1;;;;;;;;;;0;1;;;
13/05/2018;16:10:00;350;com vítima;68;BR-060/GO;Sul;Capotamento;1;;;;;1;;;;;1;1;;;
13/05/2018;17:56:00;409;sem vítima;58,99;BR-153/MG;Norte;Colisão Traseira;1;;;;1;;;;;;2;;;;
13/05/2018;18:20:00;426;sem vítima;560,658;BR-262/MG;Oeste;Tombamento;;;1;;;;;;;;2;;;;
13/05/2018;18:29:00;431;com vítima;66;BR-060/GO;Norte;Capotamento;1;;;;;;;;;;0;1;;;
13/05/2018;18:43:00;442;sem vítima;504;BR-153/GO;Norte;Engavetamento;2;;;;1;;;;;1;9;;;;
13/05/2018;22:37:00;533;com vítima;610,711;BR-262/MG;Oeste;Engavetamento;1;;2;;;;;;;;2;4;;;
13/05/2018;23:20:00;547;sem vítima;136,126;BR-060/GO;Sul;Choque - Elemento de Drenagem;1;;;;;;;;;;1;;;;
14/05/2018;01:41:00;20;com vítima;7,001;BR-060/DF;Sul;Atropelamento - Andarilho;;;;;1;;;;;;1;;;;1
14/05/2018;04:26:00;49;sem vítima;118,94;BR-060/GO;Sul;Colisão Traseira;;;2;;;;;;;;3;;;;
14/05/2018;07:12:00;88;sem vítima;492,5;BR-153/GO;Norte;Queda de Moto;;;;1;;;;;;;2;;;;
14/05/2018;07:57:00;107;sem vítima;94,1;BR-060/GO;Sul;Engavetamento;3;;;;;;;;;;3;;;;
14/05/2018;08:00:00;110;com vítima;494,05;BR-153/GO;Sul;Engavetamento;2;;;1;;;;;;;2;1;;;
14/05/2018;10:14:00;221;sem vítima;494,4;BR-153/GO;Sul;Colisão Traseira;;;2;;;;;;;;2;;;;
14/05/2018;11:19:00;268;com vítima;539;BR-262/MG;Leste;Tombamento;1;;1;;;;;;;;1;1;1;;
14/05/2018;12:00:00;290;sem vítima;539;BR-262/MG;Oeste;Colisão Lateral;1;;1;;;;;;;;2;;;;
14/05/2018;13:21:00;330;sem vítima;571;BR-153/GO;Norte;Colisão Lateral;2;;;;;;;;;;2;;;;
14/05/2018;15:42:00;428;sem vítima;791;BR-262/MG;Leste;Colisão Traseira;1;;1;;;;;;;;2;;;;
14/05/2018;16:08:00;443;com vítima;28,8;BR-153/MG;Sul;Colisão Traseira;1;;1;;;;;;;;3;;2;;
14/05/2018;16:46:00;464;sem vítima;520;BR-262/MG;Leste;Saida de Pista;1;;;;;;;;;;1;;;;
14/05/2018;18:08:00;514;sem vítima;479,867;BR-262/MG;Oeste;Saida de Pista;;;1;;;;;;;;1;;;;
14/05/2018;18:10:00;517;sem vítima;26,118;BR-060/DF;Sul;Tombamento;1;;;;;;;;;;1;;;;
14/05/2018;19:17:00;552;sem vítima;505,51;BR-153/GO;Norte;Queda de Moto;;;;1;;;;;;;1;;;;
15/05/2018;07:44:00;79;sem vítima;495,5;BR-153/GO;Norte;Colisão Traseira;2;;;;;;;;;;2;;;;
15/05/2018;08:04:00;94;com vítima;96,239;BR-060/GO;Sul;Colisão Traseira;1;;;1;;;;;;;1;2;;;
15/05/2018;11:51:00;223;com vítima;4,4;BR-060/DF;Sul;Colisão Traseira;1;;1;;;;;;;;1;1;;;
15/05/2018;12:33:00;253;com vítima;5,502;BR-060/DF;Norte;Colisão Traseira;;;;1;;;;;;1;1;1;;;
15/05/2018;13:05:00;272;sem vítima;609,2;BR-153/GO;Sul;Capotamento;1;;;;;;;;;;1;;;;
15/05/2018;20:11:00;474;sem vítima;538,731;BR-153/GO;Norte;Saida de Pista;1;;;;;;;;;;1;;;;
15/05/2018;21:46:00;505;com vítima;800,3;BR-262/MG;Leste;Queda de Moto;;;;1;;;;;;;0;;2;;
16/05/2018;07:41:00;101;com vítima;507,719;BR-153/GO;Norte;Engavetamento;3;;;;;;;;;;2;1;;;
16/05/2018;13:30:00;322;sem vítima;456,506;BR-262/MG;Oeste;Colisão Traseira;;;2;;;;;;;;2;;;;
16/05/2018;16:23:00;436;com vítima;502,37;BR-153/GO;Sul;Colisão Traseira;;;;2;;;;;;;1;2;;;
16/05/2018;17:17:00;468;sem vítima;58,102;BR-153/MG;Sul;Colisão Lateral;;;2;;;;;;;;2;;;;
16/05/2018;17:21:00;473;com vítima;32,303;BR-060/GO;Sul;Choque - Arvore;;;;;;;;;;1;0;1;;;
16/05/2018;18:35:00;511;sem vítima;447;BR-262/MG;Leste;Atropelamento de Animal;;;1;;;;;;;;1;;;;
16/05/2018;18:47:00;515;com vítima;594,666;BR-262/MG;Oeste;Colisão Frontal;;;2;;;;;;;;1;;1;;
16/05/2018;19:26:00;539;sem vítima;498,2;BR-153/GO;Sul;Engavetamento;3;;;;;;;;;;3;;;;
16/05/2018;22:37:00;604;sem vítima;524;BR-262/MG;Oeste;Choque - Elemento de Drenagem;1;;1;;;;;;;;2;;;;
17/05/2018;04:49:00;58;sem vítima;186,5;BR-153/MG;Norte;Capotamento;1;;1;;;;;;;;4;;;;
17/05/2018;07:22:00;106;sem vítima;32,4;BR-060/GO;Norte;Colisão Transversal;2;;;;;;;;;;2;;;;
17/05/2018;07:45:00;121;sem vítima;500,3;BR-153/GO;Sul;Colisão Traseira;1;;;1;;;;;;;3;;;;
17/05/2018;09:01:00;156;com vítima;423;BR-262/MG;Leste;Capotamento;2;;;;;;;;;;4;;;1;
17/05/2018;09:14:00;164;com vítima;553;BR-262/MG;Oeste;Colisão Frontal;1;;1;;1;;;;;;46;1;;1;
17/05/2018;09:21:00;165;sem vítima;2,7;BR-060/DF;Sul;Colisão Transversal;2;;;;;;;;;;2;;;;
17/05/2018;14:59:00;372;sem vítima;112,6;BR-153/MG;Sul;Colisão Traseira;1;;;;;1;;;;;2;;;;
17/05/2018;15:08:00;379;com vítima;659;BR-262/MG;Oeste;Capotamento;1;;;;;;;;;;1;1;;;
17/05/2018;16:49:00;440;sem vítima;400;BR-262/MG;Leste;Colisão Traseira;1;;;;;;;;;1;2;;;;
17/05/2018;16:55:00;442;com vítima;398,5;BR-262/MG;Oeste;Colisão Lateral;1;;;;;;;;;1;3;1;;;
17/05/2018;18:36:00;493;com vítima;698;BR-153/GO;Sul;Atropelamento - Usuário;;;;;1;;;;;;1;1;;;
17/05/2018;19:39:00;511;sem vítima;383;BR-262/MG;Leste;Saida de Pista;1;;;;;;;;;;1;;;;
17/05/2018;20:34:00;533;com vítima;518,326;BR-153/GO;Sul;Colisão Traseira;;;2;;;;;;;;1;;1;;
17/05/2018;22:46:00;573;sem vítima;148;BR-153/MG;Sul;Colisão Traseira;1;;1;;;;;;;;2;;;;
18/05/2018;06:47:00;68;sem vítima;78,5;BR-060/GO;Norte;Choque - Outros;1;;;;;;;;;;1;;;;
18/05/2018;06:51:00;71;com vítima;96,6;BR-060/GO;Sul;Colisão Traseira;1;;;1;;;;;;;1;2;;;
18/05/2018;11:47:00;241;com vítima;694;BR-262/MG;Oeste;Queda de Moto;;;;1;;;;;;;0;1;;;
18/05/2018;11:55:00;248;sem vítima;2,5;BR-060/DF;Sul;Colisão Lateral;;;1;1;;;;;;;2;;;;
18/05/2018;15:59:00;403;sem vítima;670;BR-262/MG;Leste;Colisão Traseira;2;;;;;;;;;;2;;;;
18/05/2018;16:51:00;437;sem vítima;400;BR-262/MG;Leste;Engavetamento;3;;;;;;;;;;8;;;;
18/05/2018;18:11:00;482;sem vítima;663,123;BR-262/MG;Leste;Colisão Traseira;1;;;;;1;;;;;2;;;;
18/05/2018;18:17:00;487;sem vítima;802,126;BR-262/MG;Oeste;Saida de Pista;1;;;;;1;;;;;2;;;;
18/05/2018;18:29:00;494;sem vítima;499,253;BR-153/GO;Sul;Colisão Traseira;1;;1;;;;;;;;2;;;;
18/05/2018;23:49:00;595;com vítima;689;BR-262/MG;Oeste;Choque - Suporte de Sinalização;1;;;;;;;;;;0;1;;;
19/05/2018;01:24:00;15;sem vítima;500,874;BR-153/GO;Sul;Saida de Pista;1;;;;;;;;;;2;;;;
19/05/2018;06:29:00;62;sem vítima;91,079;BR-060/GO;Norte;Choque - Suporte de Sinalização;1;;;;;;;;;;1;;;;
19/05/2018;07:46:00;81;com vítima;4,595;BR-060/DF;Norte;Capotamento;2;;;;;;;;;;1;2;;;
19/05/2018;08:13:00;96;sem vítima;0,6;BR-153/MG;Norte;Choque - Suporte de Sinalização;1;;;;;;;;;;1;;;;
19/05/2018;08:38:00;110;sem vítima;507,52;BR-153/GO;Norte;Engavetamento;2;;1;;;;;;;;3;;;;
19/05/2018;09:45:00;155;com vítima;497,465;BR-153/GO;Norte;Atropelamento - Usuário;1;;;;;;;;;;1;;1;;
19/05/2018;10:59:00;209;sem vítima;765,5;BR-262/MG;Oeste;Choque - Suporte de Sinalização;1;;;;;;;;;;2;;;;
19/05/2018;11:35:00;226;sem vítima;50;BR-153/MG;Norte;Choque - Talude;1;;;;;;;;;;1;;;;
19/05/2018;12:59:00;266;sem vítima;607,628;BR-262/MG;Leste;Capotamento;1;;;;;;;;;;2;;;;
19/05/2018;13:07:00;271;sem vítima;590,109;BR-262/MG;Oeste;Choque - Talude;1;;;;;;;;;;1;;;;
19/05/2018;13:19:00;278;sem vítima;369;BR-262/MG;Oeste;Capotamento;1;;;;;;;;;;4;;;;
19/05/2018;13:45:00;290;sem vítima;410,147;BR-262/MG;Leste;Choque - Defensa, barreira ou "submarino";1;;;;;;;;;;1;;;;
19/05/2018;13:47:00;291;sem vítima;593,5;BR-262/MG;Oeste;Choque - Talude;1;;;;;;;;;;1;;;;
19/05/2018;14:50:00;322;sem vítima;590;BR-262/MG;Leste;Choque - Talude;1;;;;;;;;;;1;;;;
19/05/2018;15:18:00;339;com vítima;108,7;BR-153/MG;Norte;Colisão Transversal;1;;1;;;;;;;;1;1;;;
19/05/2018;15:35:00;351;sem vítima;133,956;BR-060/GO;Sul;Capotamento;1;;;;;;;;;;1;;;;
19/05/2018;15:50:00;363;sem vítima;380;BR-262/MG;Leste;Capotamento;;;;;;;;;;1;3;;;;
19/05/2018;17:18:00;404;sem vítima;34;BR-153/MG;Sul;Choque - Talude;1;;;;;;;;;;1;;;;
19/05/2018;17:32:00;411;sem vítima;574;BR-262/MG;Oeste;Choque - Talude;1;;;;;;;;;;1;;;;
19/05/2018;18:35:00;441;com vítima;514,899;BR-153/GO;Norte;Colisão Lateral;1;;;1;;;;;;;1;1;;;
19/05/2018;19:31:00;456;sem vítima;356;BR-262/MG;Oeste;Choque - Talude;1;;;;;;;;;;1;;;;
19/05/2018;19:51:00;465;sem vítima;409;BR-262/MG;Leste;Choque - Suporte de Sinalização;1;;;;;;;;;;1;;;;
19/05/2018;20:52:00;491;sem vítima;506,918;BR-153/GO;Sul;Choque - Suporte de Sinalização;1;;;;;;;;;;1;;;;
19/05/2018;21:09:00;502;sem vítima;369,687;BR-262/MG;Oeste;Queda de Moto;;;;1;;;;;;;1;;;;
19/05/2018;23:44:00;540;com vítima;14;BR-060/GO;Sul;Choque - Defensa, barreira ou "submarino";;1;;;;;;;;;0;1;;;
20/05/2018;00:32:00;9;com vítima;580,1;BR-153/GO;Norte;Capotamento;1;;;;;;;;;;0;1;;;
20/05/2018;00:57:00;17;sem vítima;577,799;BR-153/GO;Sul;Queda de Moto;;;;1;;;;;;;2;;;;
20/05/2018;01:08:00;21;sem vítima;2,8;BR-153/MG;Sul;Queda de Moto;;;;1;;;;;;;2;;;;