data;horario;n_da_ocorrencia;tipo_de_ocorrencia;km;trecho;sentido;tipo_de_acidente;automovel;bicicleta;caminhao;moto;onibus;outros;tracao_animal;transporte_de_cargas_especiais;trator_maquinas;utilitarios;ilesos;levemente_feridos;moderadamente_feridos;gravemente_feridos;mortos
20/05/2018;02:36:00;35;sem vítima;883;BR-262/MG;Leste;Choque - Elemento de Drenagem;1;;;;;;;;;;1;;;;
20/05/2018;02:50:00;39;sem vítima;802,168;BR-262/MG;Leste;Choque - Elemento de Drenagem;1;;;;;;;;;;1;;;;
20/05/2018;04:35:00;48;sem vítima;593,299;BR-153/GO;Norte;Choque - Elemento de Drenagem;1;;;;;;;;;;1;;;;
20/05/2018;06:07:00;68;com vítima;101,007;BR-060/GO;Norte;Queda de Moto;;;;1;;;;;;;0;1;;;
20/05/2018;09:30:00;158;sem vítima;63,996;BR-153/MG;Norte;Choque - Talude;1;;;;;;;;;;1;;;;
20/05/2018;10:59:00;198;sem vítima;418,742;BR-262/MG;Oeste;Engavetamento;2;;1;;;;;;;;5;;;;
20/05/2018;12:27:00;244;com vítima;812,571;BR-262/MG;Leste;Queda de Moto;;;;1;;;;;;;0;1;;;
20/05/2018;15:32:00;322;sem vítima;15,983;BR-060/GO;Sul;Choque - Elemento de Drenagem;1;;;;;;;;;;1;;;;
20/05/2018;15:38:00;348;com vítima;246;BR-153/MG;Sul;Atropelamento de Animal;;;;1;;;;;;;0;2;;;
20/05/2018;17:43:00;390;sem vítima;373,971;BR-262/MG;Leste;Capotamento;1;;;;;;;;;;4;;;;
20/05/2018;19:49:00;452;com vítima;442;BR-262/MG;Oeste;Queda de Moto;;;;1;;;;;;;0;;;1;
20/05/2018;20:40:00;476;com vítima;438;BR-262/MG;Oeste;Colisão Traseira;1;;;;;;;;;1;1;;1;;
20/05/2018;20:52:00;482;sem vítima;505;BR-153/GO;Sul;Colisão Transversal;1;;;1;;;;;;;2;;;;
20/05/2018;20:56:00;483;sem vítima;26,381;BR-060/GO;Sul;Colisão Traseira;2;;;;;;;;;;2;;;;
20/05/2018;21:22:00;495;com vítima;538;BR-262/MG;Oeste;Queda de Moto;;;1;1;;;;;;;1;1;;;
20/05/2018;22:31:00;523;com vítima;446;BR-262/MG;Leste;Capotamento;1;;;;;;;;;;0;;;1;
20/05/2018;23:37:00;544;sem vítima;2,1;BR-153/MG;Norte;Colisão Traseira;1;;;;;1;;;;;2;;;;
21/05/2018;04:37:00;31;sem vítima;93,599;BR-060/GO;Norte;Colisão Lateral;;;2;;;;;;;;2;;;;
21/05/2018;06:29:00;53;sem vítima;653;BR-262/MG;Leste;Capotamento;1;;;;;;;;;;1;;;;
21/05/2018;08:01:00;82;sem vítima;496,85;BR-153/GO;Sul;Colisão Traseira;1;;;1;;;;;;;2;;;;
21/05/2018;08:08:00;88;com vítima;497;BR-153/GO;Sul;Colisão Traseira;1;;;1;;;;;;;2;1;;;
21/05/2018;10:23:00;183;sem vítima;500,5;BR-153/GO;Sul;Colisão Lateral;;;;1;;;;;;;1;;;;
21/05/2018;11:13:00;216;com vítima;502;BR-153/GO;Sul;Choque - Veiculo parado na pista;;;;2;;;;;;;1;1;;;
21/05/2018;14:06:00;298;sem vítima;102,7;BR-060/GO;Sul;Choque - Elemento de Drenagem;1;;;;;;;;;;2;;;;
21/05/2018;14:09:00;299;com vítima;498;BR-153/GO;Norte;Colisão Traseira;1;;1;;;;;;;;2;1;;;
21/05/2018;15:05:00;335;sem vítima;73,5;BR-060/GO;Norte;Choque - Elemento de Drenagem;;;;;;;;;;1;1;;;;
21/05/2018;15:36:00;351;sem vítima;91;BR-060/GO;Sul;Choque - Talude;1;;;;;;;;;;1;;;;
21/05/2018;17:26:00;415;sem vítima;400;BR-262/MG;Leste;Colisão Traseira;2;;;;;;;;;;2;;;;
21/05/2018;22:43:00;496;sem vítima;159,3;BR-153/MG;Norte;Atropelamento de Animal;1;;;;;;;;;;5;;;;
22/05/2018;06:50:00;40;sem vítima;107,8;BR-060/GO;Sul;Engavetamento;1;;2;;;;;;;;4;;;;
22/05/2018;07:37:00;55;com vítima;506,05;BR-153/GO;Norte;Queda de Moto;;;;1;;;;;;;1;1;;;
22/05/2018;08:16:00;69;sem vítima;517;BR-153/GO;Norte;Choque - Outros;;;1;;;;;;;;1;;;;
22/05/2018;08:18:00;70;sem vítima;490;BR-153/GO;Norte;Colisão Traseira;1;;1;;;;;;;;2;;;;
22/05/2018;08:26:00;74;com vítima;513,2;BR-153/GO;Sul;Queda de Moto;;;;1;;;;;;;0;1;;;
22/05/2018;10:59:00;169;sem vítima;34,5;BR-060/GO;Norte;Colisão Lateral;1;;1;;;;;;;;2;;;;
22/05/2018;13:42:00;248;sem vítima;83,55;BR-060/GO;Norte;Choque - Outros;1;;;;;;;;;;1;;;;
22/05/2018;16:50:00;345;sem vítima;78,479;BR-060/GO;Norte;Capotamento;1;;;;;;;;;;1;;;;
22/05/2018;22:29:00;440;sem vítima;30,399;BR-060/DF;Sul;Colisão Lateral;1;;1;;;;;;;;2;;;;
23/05/2018;04:37:00;34;sem vítima;717,913;BR-262/MG;Leste;Choque - Arvore;1;;;;;;;;;;1;;;;
23/05/2018;07:15:00;68;com vítima;407,913;BR-262/MG;Leste;Colisão Traseira;2;;;;;;;;;;1;1;;;
23/05/2018;07:57:00;91;com vítima;493,674;BR-153/GO;Norte;Colisão Traseira;1;;;1;;;;;;;1;1;;;
23/05/2018;09:46:00;145;com vítima;26,5;BR-060/GO;Norte;Capotamento;1;;;;;;;;;;1;1;;;
23/05/2018;10:08:00;155;com vítima;492,834;BR-153/GO;Sul;Queda de Moto;;;;1;;;;;;;1;1;;;
23/05/2018;11:52:00;209;sem vítima;2,4;BR-060/DF;Norte;Colisão Traseira;1;;;;;;;;;1;2;;;;
23/05/2018;17:09:00;323;com vítima;494,941;BR-153/GO;Norte;Queda de Moto;;;;1;;;;;;;0;1;1;;
23/05/2018;18:45:00;353;sem vítima;246;BR-153/MG;Norte;Capotamento;1;;;;;;;;;;1;;;;
23/05/2018;22:35:00;426;sem vítima;546,5;BR-262/MG;Leste;Capotamento;;;;;;;;;;1;1;;;;
24/05/2018;07:52:00;80;sem vítima;788,424;BR-262/MG;Oeste;Choque - Talude;;;1;;;;;;;;2;;;;
24/05/2018;08:03:00;82;com vítima;509,557;BR-153/GO;Norte;Colisão Traseira;1;;;1;;;;;;;1;1;;;
24/05/2018;09:41:00;138;com vítima;498,026;BR-153/GO;Sul;Colisão Traseira;1;;;1;;;;;;;1;1;;;
24/05/2018;09:46:00;145;sem vítima;545,7;BR-153/GO;Norte;Colisão Traseira;1;;;;;;;;;1;2;;;;
24/05/2018;10:54:00;172;sem vítima;1,2;BR-060/DF;Norte;Queda de Moto;;;;1;;;;;;;1;;;;
24/05/2018;13:59:00;206;com vítima;11,3;BR-153/MG;Sul;Capotamento;1;;;;;;;;;;0;;1;;
24/05/2018;19:31:00;267;sem vítima;109,2;BR-060/GO;Norte;Choque - Elemento de Drenagem;1;;;;;;;;;;4;;;;
24/05/2018;21:04:00;291;sem vítima;13,402;BR-060/DF;Norte;Colisão Traseira;2;;;;;;;;;;3;;;;
24/05/2018;21:46:00;303;com vítima;801,6;BR-262/MG;Leste;Atropelamento - Outros;;;;1;;;;;;;0;;;2;
24/05/2018;22:03:00;306;com vítima;408;BR-262/MG;Leste;Queda de Moto;;;;1;;;;;;;0;2;;;
24/05/2018;22:42:00;310;sem vítima;20,207;BR-060/GO;Sul;Choque - Outros;;;1;;;;;;;;1;;;;
24/05/2018;22:50:00;312;sem vítima;59,399;BR-060/GO;Norte;Atropelamento de Animal;;;;;1;;;;;;1;;;;
25/05/2018;06:07:00;37;com vítima;515,875;BR-153/GO;Sul;Queda de Moto;;;;1;;;;;;;0;1;;;
25/05/2018;20:07:00;236;sem vítima;505,6;BR-153/GO;Norte;Capotamento;1;;;;;;;;;;1;;;;
26/05/2018;05:56:00;28;sem vítima;581,2;BR-153/GO;Sul;Capotamento;1;;;;;;;;;;2;;;;
26/05/2018;08:25:00;53;com vítima;100;BR-060/GO;Sul;Colisão Traseira;2;;;;;;;;;;1;1;;;
26/05/2018;14:36:00;134;sem vítima;433,6;BR-262/MG;Oeste;Capotamento;1;;;;;;;;;;2;;;;
26/05/2018;19:34:00;187;com vítima;694,209;BR-153/GO;Sul;Atropelamento de Animal;1;;;;;;;;;;1;1;;;
26/05/2018;21:16:00;206;com vítima;512,799;BR-153/GO;Norte;Queda de Moto;;;;1;;;;;;;0;1;;;
26/05/2018;22:10:00;216;com vítima;403,285;BR-262/MG;Oeste;Saida de Pista;1;;;;;;;;;;4;1;;;
27/05/2018;04:15:00;13;com vítima;514,447;BR-153/GO;Sul;Queda de Moto;;;;1;;;;;;;0;1;;;
27/05/2018;13:26:00;83;com vítima;504,8;BR-153/GO;Sul;Colisão Traseira;1;;;1;;;;;;;1;1;;;
27/05/2018;16:54:00;120;com vítima;359,964;BR-262/MG;Leste;Queda de Moto;;;;1;;;;;;;0;;2;;
27/05/2018;20:15:00;171;sem vítima;512,1;BR-153/GO;Sul;Colisão Traseira;1;;;1;;;;;;;4;;;;
27/05/2018;21:16:00;183;sem vítima;27,6;BR-060/GO;Sul;Choque - Suporte de Sinalização;1;;;;;;;;;;1;;;;
28/05/2018;00:28:00;12;sem vítima;25,3;BR-060/DF;Norte;Choque - Elemento de Drenagem;1;;;;;;;;;;1;;;;
28/05/2018;06:09:00;35;sem vítima;376,994;BR-262/MG;Leste;Queda de Moto;;;;1;;;;;;;2;;;;
28/05/2018;07:23:00;43;sem vítima;102,4;BR-060/GO;Norte;Engavetamento;3;;;;;;;;;;3;;;;
28/05/2018;11:20:00;89;sem vítima;443,071;BR-262/MG;Leste;Colisão Lateral;;1;;1;;;;;;;2;;;;
28/05/2018;13:10:00;106;sem vítima;505,3;BR-153/GO;Norte;Colisão Traseira;1;;;1;;;;;;;2;;;;
28/05/2018;16:21:00;140;com vítima;579,899;BR-153/GO;Norte;Queda de Moto;;;;1;;;;;;;0;1;;;
28/05/2018;18:16:00;168;com vítima;811;BR-262/MG;Oeste;Colisão Traseira;;;;1;;;;;;1;1;1;;;
28/05/2018;20:34:00;193;com vítima;513,899;BR-153/GO;Norte;Queda de Moto;;;;1;;;;;;;0;2;;;
29/05/2018;07:36:00;34;sem vítima;109,7;BR-153/MG;Sul;Capotamento;1;;;;;;;;;;1;;;;
29/05/2018;23:55:00;196;sem vítima;506,6;BR-153/GO;Sul;Atropelamento de Animal;1;;;;;;;;;;1;;;;
30/05/2018;01:36:00;6;com vítima;644,226;BR-262/MG;Oeste;Capotamento;;;;;;;;;;1;0;1;1;;1
30/05/2018;07:44:00;34;sem vítima;495,13;BR-153/GO;Sul;Colisão Traseira;;;;1;;;;;;;1;;;;
30/05/2018;13:50:00;121;sem vítima;494,814;BR-153/GO;Sul;Colisão Traseira;1;;;1;;;;;;;2;;;;
30/05/2018;14:28:00;129;com vítima;94,9;BR-060/GO;Norte;Queda de Moto;;;;1;;;;;;;0;;1;;
30/05/2018;19:28:00;233;com vítima;663,8;BR-153/GO;Sul;Colisão Traseira;;;2;;;;;;;;0;1;;;1
30/05/2018;19:31:00;235;sem vítima;359,5;BR-262/MG;Leste;Saida de Pista;1;;;;;;;;;;2;;;;
30/05/2018;19:34:00;237;sem vítima;551,6;BR-153/GO;Sul;Saida de Pista;;;1;;;;;;;;1;;;;
30/05/2018;23:43:00;285;com vítima;93,299;BR-060/GO;Sul;Queda de Moto;;;;1;;;;;;;0;;1;;
31/05/2018;02:34:00;18;sem vítima;447,326;BR-262/MG;Leste;Tombamento;;;1;;;;;;;;1;;;;
31/05/2018;09:23:00;78;com vítima;77,9;BR-153/MG;Sul;Colisão Lateral;1;;2;;;;;;;;5;1;;;
31/05/2018;09:39:00;86;com vítima;46,469;BR-060/GO;Norte;Choque - Outros;;;;1;;;;;;;0;;;1;
31/05/2018;12:18:00;176;com vítima;554,001;BR-153/GO;Norte;Colisão Traseira;;1;1;;;;;;;;1;;1;;
31/05/2018;13:52:00;221;sem vítima;49,6;BR-153/MG;Sul;Choque - Elemento de Drenagem;1;;;;;;;;;;1;;;;
31/05/2018;13:57:00;223;sem vítima;509,2;BR-153/GO;Sul;Choque - Suporte de Sinalização;1;;;;;;;;;;1;;;;
31/05/2018;13:59:00;225;sem vítima;543,3;BR-153/GO;Sul;Colisão Traseira;2;;;;;;;;;;2;;;;
31/05/2018;17:20:00;304;sem vítima;452;BR-262/MG;Oeste;Capotamento;1;;;;;;;;;;1;;;;
31/05/2018;18:36:00;336;com vítima;492,8;BR-153/GO;Sul;Colisão Traseira;2;;;;;;;;;;1;1;;;
31/05/2018;19:02:00;345;sem vítima;635;BR-153/GO;Norte;Capotamento;1;;;;;;;;;;1;;;;
31/05/2018;22:17:00;416;sem vítima;133,9;BR-060/GO;Norte;Atropelamento de Animal;1;;;;;;;;;;1;;;;
01/06/2018;07:21:00;86;com vítima;53,5;BR-060/GO;Sul;Capotamento;1;;;;;;;;;;1;;1;;
01/06/2018;07:27:00;88;sem vítima;803,437;BR-262/MG;Leste;Choque - Defensa, barreira ou "submarino";;;1;;;;;;;;2;;;;
01/06/2018;07:47:00;97;sem vítima;575,48;BR-262/MG;Leste;Choque - Talude;1;;;;;;;;;;2;;;;
01/06/2018;07:51:00;103;sem vítima;505,001;BR-153/GO;Sul;Colisão Traseira;;;;1;1;;;;;;2;;;;
01/06/2018;08:41:00;118;sem vítima;507,85;BR-153/GO;Norte;Engavetamento;2;;;1;;;;;;;3;;;;
01/06/2018;08:43:00;121;sem vítima;494;BR-153/GO;Norte;Queda de Moto;;;;1;;;;;;;1;;;;
01/06/2018;10:57:00;193;com vítima;509;BR-153/GO;Norte;Queda de Moto;;;;1;;;;;;;0;1;;;
01/06/2018;15:40:00;332;sem vítima;674,344;BR-262/MG;Leste;Capotamento;1;;;;;;;;;;1;;;;
01/06/2018;18:21:00;405;com vítima;500,8;BR-153/GO;Sul;Queda de Moto;;;;1;;;;;;;0;;1;;
02/06/2018;03:54:00;47;sem vítima;12,8;BR-153/MG;Norte;Capotamento;1;;;;;;;;;;1;;;;
02/06/2018;06:46:00;77;com vítima;427,2;BR-262/MG;Leste;Colisão Traseira;1;;;1;;;;;;;1;1;;;
02/06/2018;10:52:00;199;com vítima;121,4;BR-060/GO;Sul;Tombamento;;;1;;;;;;;;0;;1;;
02/06/2018;11:49:00;238;com vítima;94,811;BR-060/GO;Norte;Colisão Traseira;1;;1;;;;;;;;3;1;;;
02/06/2018;12:40:00;260;sem vítima;559;BR-262/MG;Oeste;Colisão Transversal;1;;;;;;;;;1;4;;;;
02/06/2018;15:43:00;345;sem vítima;567;BR-262/MG;Leste;Colisão Lateral;;;2;;;;;;;;3;;;;
02/06/2018;16:28:00;374;com vítima;799,8;BR-262/MG;Leste;Choque - Talude;1;;;;;;;;;;0;;;1;
02/06/2018;22:13:00;503;sem vítima;244,8;BR-153/MG;Norte;Choque - Suporte de Sinalização;1;;;;;;;;;;1;;;;
02/06/2018;23:42:00;519;sem vítima;1,7;BR-153/MG;Sul;Choque - Elemento de Drenagem;1;;;;;;;;;;2;;;;
03/06/2018;01:13:00;19;sem vítima;425;BR-262/MG;Leste;Saida de Pista;;;;1;;;;;;;1;;;;
03/06/2018;04:51:00;48;sem vítima;636,399;BR-153/GO;Sul;Capotamento;1;;;;;;;;;;1;;;;
03/06/2018;07:43:00;85;sem vítima;88,266;BR-060/GO;Sul;Choque - Elemento de Drenagem;1;;;;;;;;;;2;;;;
03/06/2018;14:34:00;265;sem vítima;401,2;BR-262/MG;Leste;Tombamento;;;1;;;;;;;;1;;;;
03/06/2018;14:37:00;266;com vítima;553;BR-262/MG;Leste;Tombamento;;;3;;;;;;;;2;1;;;
03/06/2018;15:04:00;281;sem vítima;31,2;BR-060/DF;Norte;Engavetamento;3;;;;;;;;;;3;;;;
03/06/2018;15:16:00;285;sem vítima;4,6;BR-060/GO;Norte;Colisão Traseira;;;2;;;;;;;;2;;;;
03/06/2018;15:43:00;307;sem vítima;19;BR-060/GO;Norte;Colisão Traseira;2;;;;;;;;;;3;;;;
03/06/2018;18:08:00;399;com vítima;39,5;BR-060/GO;Norte;Engavetamento;4;;1;;1;;;;;;28;2;1;1;1
03/06/2018;18:32:00;414;com vítima;478;BR-262/MG;Leste;Colisão Transversal;1;;1;;;;;;;;3;2;;;
03/06/2018;20:37:00;460;sem vítima;540;BR-262/MG;Oeste;Saida de Pista;1;;;;;;;;;;8;;;;
03/06/2018;21:27:00;471;com vítima;603;BR-262/MG;Oeste;Colisão Traseira;;;2;;;;;;;;2;;1;;
04/06/2018;00:50:00;11;sem vítima;491;BR-262/MG;Oeste;Saida de Pista;1;;;;;;;;;;1;;;;
04/06/2018;01:40:00;19;com vítima;540,299;BR-153/GO;Norte;Capotamento;1;;;;;;;;;;0;1;;;
04/06/2018;07:59:00;80;com vítima;506;BR-153/GO;Sul;Queda de Moto;;;;2;;;;;;1;1;1;;1;
04/06/2018;09:08:00;122;sem vítima;2,7;BR-153/MG;Norte;Choque - Defensa, barreira ou "submarino";1;;;;;;;;;;2;;;;
04/06/2018;17:39:00;451;sem vítima;505,405;BR-153/GO;Sul;Colisão Traseira;2;;;;;;;;;;2;;;;
04/06/2018;18:05:00;470;sem vítima;113,005;BR-060/GO;Sul;Queda de Moto;;;1;1;;;;;;;2;;;;
04/06/2018;18:13:00;473;sem vítima;495,1;BR-153/GO;Norte;Capotamento;1;;1;;;;;;;;2;;;;
04/06/2018;22:17:00;565;com vítima;410,85;BR-262/MG;Oeste;Capotamento;1;;;;;;;;;;0;1;;;
05/06/2018;07:36:00;102;sem vítima;502,8;BR-153/GO;Norte;Engavetamento;3;;;1;;;;;;;4;;;;
05/06/2018;07:42:00;108;com vítima;510,8;BR-153/GO;Sul;Queda de Moto;;;;1;;;;;;;0;1;;;
05/06/2018;07:46:00;110;sem vítima;505,852;BR-153/GO;Norte;Engavetamento;2;;;;;;;;;1;3;;;;
05/06/2018;09:54:00;185;sem vítima;82,424;BR-060/GO;Sul;Tombamento;;;;;;;;;;1;1;;;;
05/06/2018;18:57:00;484;com vítima;452,6;BR-262/MG;Oeste;Capotamento;2;;;;;;;;;;2;1;;;
05/06/2018;19:35:00;501;sem vítima;131;BR-153/MG;Sul;Tombamento;;;1;;;;;;;;1;;;;
05/06/2018;19:47:00;504;com vítima;4,415;BR-060/DF;Norte;Atropelamento - Morador;1;;;;;;;;;;3;;;;2
05/06/2018;20:18:00;520;sem vítima;390;BR-262/MG;Oeste;Saida de Pista;1;;;;;;;;;;1;;;;
05/06/2018;21:53:00;554;sem vítima;487;BR-262/MG;Oeste;Colisão Traseira;2;;;;;;;;;;2;;;;
05/06/2018;23:38:00;579;com vítima;512;BR-262/MG;Leste;Colisão Traseira;;;1;1;;;;;;;1;1;;;
06/06/2018;04:15:00;40;sem vítima;577;BR-262/MG;Oeste;Colisão Lateral;;;1;;;;;;;1;2;;;;
06/06/2018;06:24:00;67;sem vítima;8,5;BR-060/DF;Norte;Colisão Traseira;2;;;;;;;;;;2;;;;
06/06/2018;07:41:00;102;sem vítima;8,1;BR-060/GO;Norte;Capotamento;;;;;;;;;;1;1;;;;
06/06/2018;07:54:00;107;sem vítima;499,9;BR-153/GO;Sul;Engavetamento;5;;;;;;;;;1;6;;;;
06/06/2018;08:05:00;121;sem vítima;498,1;BR-153/GO;Sul;Engavetamento;4;;;;;;;;;;4;;;;
06/06/2018;09:44:00;218;sem vítima;652;BR-153/GO;Sul;Colisão Traseira;1;;1;;;;;;;;2;;;;
06/06/2018;11:11:00;266;sem vítima;492;BR-153/GO;Sul;Colisão Traseira;1;;;1;;;;;;;2;;;;
06/06/2018;11:30:00;283;com vítima;506,6;BR-153/GO;Sul;Capotamento;1;;;;;;;;;;0;1;;;
06/06/2018;11:30:00;284;sem vítima;416,9;BR-262/MG;Leste;Choque - Elemento de Drenagem;1;;;;;;;;;;1;;;;
06/06/2018;11:48:00;299;sem vítima;112,2;BR-060/GO;Norte;Capotamento;2;;1;;;;;;;;3;;;;
06/06/2018;11:40:00;310;com vítima;506,6;BR-153/GO;Sul;Choque - Veiculo parado na pista;1;;;1;;;;;;;1;;;1;
06/06/2018;12:33:00;339;sem vítima;506,3;BR-153/GO;Sul;Engavetamento;3;;;;;;;;;;3;;;;
06/06/2018;19:17:00;555;com vítima;359;BR-262/MG;Oeste;Colisão Traseira;1;;;1;;;;;;;1;;1;;
06/06/2018;22:38:00;617;sem vítima;360,5;BR-262/MG;Leste;Saida de Pista;1;;;;;;;;;;1;;;;
07/06/2018;01:30:00;27;com vítima;694,1;BR-153/GO;Norte;Colisão Traseira;;;2;;;;;;;;1;1;;;
07/06/2018;07:47:00;99;sem vítima;508;BR-153/GO;Norte;Colisão Traseira;1;;;;;;;;;;1;;;;
07/06/2018;08:01:00;106;sem vítima;166,6;BR-153/MG;Sul;Colisão Lateral;;;2;;;;;;;;2;;;;
07/06/2018;08:06:00;110;sem vítima;500,5;BR-153/GO;Sul;Colisão Traseira;2;;;;;;;;;;2;;;;
07/06/2018;08:26:00;128;sem vítima;478;BR-262/MG;Leste;Colisão Transversal;2;;;;;;;;;;2;;;;
07/06/2018;08:50:00;141;sem vítima;504,6;BR-153/GO;Norte;Colisão Lateral;1;;;1;;;;;;;2;;;;
07/06/2018;08:51:00;142;com vítima;500,3;BR-153/GO;Sul;Colisão Traseira;;;1;1;;;;;;;1;1;;;
07/06/2018;09:11:00;159;sem vítima;574;BR-262/MG;Leste;Carreta deu L;;;1;;;;;;;;1;;;;
07/06/2018;14:05:00;313;sem vítima;108;BR-060/GO;Norte;Colisão Traseira;2;;;;;;;;;;2;;;;
07/06/2018;16:01:00;374;com vítima;505,001;BR-153/GO;Sul;Saida de Pista;1;;1;;;;;;;;2;1;;;
07/06/2018;17:40:00;469;sem vítima;135,5;BR-060/GO;Sul;Capotamento;1;;;;;;;;;;1;;;;
08/06/2018;00:19:00;7;com vítima;653,5;BR-153/GO;Norte;Colisão Traseira;;;2;;;;;;;;1;;1;;
08/06/2018;03:07:00;39;com vítima;12,79;BR-153/MG;Norte;Colisão Traseira;;;2;;;;;;;;1;;;;1
08/06/2018;03:12:00;42;sem vítima;672,996;BR-153/GO;Sul;Colisão Lateral;1;;1;;;;;;;;3;;;;
08/06/2018;11:29:00;221;com vítima;509,995;BR-153/GO;Norte;Colisão Traseira;1;;;1;;;;;;;1;;;1;
08/06/2018;11:48:00;231;com vítima;118,6;BR-060/GO;Norte;Atropelamento - Ciclista;1;;;;;;;;;;1;;;1;
08/06/2018;15:45:00;355;com vítima;8;BR-060/GO;Sul;Queda de Moto;;;;1;;;;;;;0;2;;;
08/06/2018;16:15:00;370;com vítima;96;BR-060/GO;Norte;Colisão Traseira;1;;;1;;;;;;;1;2;;;
08/06/2018;16:29:00;380;sem vítima;498,05;BR-153/GO;Sul;Engavetamento;5;;;;;;;;;;5;;;;
08/06/2018;23:19:00;532;sem vítima;74,599;BR-060/GO;Norte;Choque - Elemento de Drenagem;1;;;;;;;;;;1;;;;
09/06/2018;00:51:00;16;sem vítima;630,163;BR-153/GO;Sul;Tombamento;;;1;;;;;;;;2;;;;
09/06/2018;01:34:00;26;sem vítima;355,688;BR-262/MG;Oeste;Capotamento;1;;;;;;;;;;1;;;;
09/06/2018;04:32:00;57;sem vítima;458,723;BR-262/MG;Leste;Choque - Defensa, barreira ou "submarino";;;2;;;;;;;;2;;;;
09/06/2018;04:58:00;65;sem vítima;46,5;BR-153/MG;Sul;Saida de Pista;;;1;;;;;;;;1;;;;
09/06/2018;05:11:00;67;sem vítima;46,5;BR-153/MG;Norte;Choque - Objeto sobre a pista;;;;;;;;;;1;1;;;;
09/06/2018;07:57:00;136;sem vítima;771,711;BR-262/MG;Oeste;Tombamento;;;1;;;;;;;;1;;;;
09/06/2018;08:49:00;168;com vítima;15,199;BR-153/MG;Norte;Capotamento;1;;;;;;;;;;3;;1;;
09/06/2018;09:56:00;212;sem vítima;536,796;BR-262/MG;Leste;Colisão Traseira;1;;1;;;;;;;;2;;;;
09/06/2018;10:53:00;240;sem vítima;496,1;BR-153/GO;Sul;Engavetamento;2;;1;;;;;;;;3;;;;
09/06/2018;11:36:00;267;sem vítima;120,8;BR-153/MG;Norte;Colisão Traseira;;;2;;;;;;;;2;;;;
09/06/2018;11:48:00;273;com vítima;491;BR-153/GO;Norte;Colisão Traseira;1;;;1;;;;;;;1;1;;;
09/06/2018;16:03:00;374;com vítima;131,112;BR-060/GO;Norte;Colisão Traseira;2;;;;;;;;;;1;1;;;
09/06/2018;16:09:00;377;sem vítima;512,873;BR-262/MG;Oeste;Colisão Traseira;;;2;;;;;;;;2;;;;
09/06/2018;16:35:00;400;sem vítima;505;BR-153/GO;Norte;Colisão Lateral;1;;1;;;;;;;;2;;;;
09/06/2018;17:05:00;413;com vítima;11;BR-060/GO;Norte;Colisão Traseira;1;;1;;;;;;;;1;1;1;;
09/06/2018;17:19:00;418;com vítima;431,858;BR-262/MG;Oeste;Capotamento;1;;;;;;;;;;0;;1;;
09/06/2018;18:50:00;454;com vítima;406,755;BR-262/MG;Leste;Colisão Traseira;1;;1;;;;;;;;1;1;;;
09/06/2018;19:24:00;472;sem vítima;17;BR-060/GO;Sul;Colisão Frontal;2;;;;;;;;;;2;;;;
09/06/2018;19:31:00;476;sem vítima;840;BR-262/MG;Leste;Atropelamento de Animal;1;;;;;;;;;;1;;;;
09/06/2018;20:15:00;491;sem vítima;244;BR-153/MG;Sul;Colisão Traseira;;;1;1;;;;;;;2;;;;
10/06/2018;00:11:00;3;sem vítima;203,199;BR-153/MG;Norte;Choque - Suporte de Sinalização;1;;;;;;;;;;1;;;;
10/06/2018;01:03:00;23;com vítima;823,639;BR-262/MG;Oeste;Colisão Lateral;1;;1;;;;;;;;1;;2;1;
10/06/2018;01:43:00;29;com vítima;505;BR-153/GO;Sul;Choque - Suporte de Sinalização;;;;1;;;;;;;1;1;;;
10/06/2018;05:00:00;53;com vítima;366,204;BR-262/MG;Leste;Capotamento;;;;;;;;;;1;0;1;;;
10/06/2018;05:28:00;62;sem vítima;88,965;BR-060/GO;Norte;Queda de Moto;1;;;1;;;;;;;2;;;;
10/06/2018;06:39:00;82;sem vítima;365,4;BR-262/MG;Oeste;Choque - Elemento de Drenagem;1;;;;;;;;;;1;;;;
10/06/2018;08:27:00;142;sem vítima;606,1;BR-153/GO;Norte;Tombamento;;;1;;;;;;;;1;;;;
10/06/2018;09:26:00;180;com vítima;101,6;BR-060/GO;Norte;Queda de Moto;;;;1;;;;;;;0;1;;;
10/06/2018;10:28:00;208;com vítima;11;BR-060/GO;Norte;Queda de Moto;;;;1;;;;;;;0;1;;;
10/06/2018;11:17:00;238;sem vítima;586;BR-262/MG;Oeste;Tombamento;;;1;;;;;;;;1;;;;
10/06/2018;11:20:00;242;sem vítima;94,3;BR-060/GO;Norte;Capotamento;1;;;;;;;;;;1;;;;
10/06/2018;15:23:00;332;sem vítima;112,2;BR-060/GO;Sul;Colisão Lateral;1;;1;;;;;;;;2;;;;
10/06/2018;15:42:00;344;sem vítima;133,5;BR-153/MG;Norte;Engavetamento;1;;2;;1;;;;;;4;;;;
10/06/2018;15:48:00;348;sem vítima;66,4;BR-060/GO;Sul;Colisão Traseira;1;;;;;;;;;1;2;;;;
10/06/2018;16:11:00;362;sem vítima;124;BR-153/MG;Norte;Engavetamento;1;;1;;1;;;;;;15;;;;
10/06/2018;16:54:00;387;com vítima;366,5;BR-262/MG;Leste;Atropelamento - Ambulante;;;1;;;;;;;;1;;;1;
10/06/2018;19:55:00;500;sem vítima;517,1;BR-262/MG;Leste;Choque - Defensa, barreira ou "submarino";1;;;;;;;;;;1;;;;
10/06/2018;20:13:00;508;com vítima;510,6;BR-153/GO;Norte;Colisão Lateral;1;;;1;;;;;;;1;2;;;
10/06/2018;20:55:00;524;sem vítima;519,942;BR-153/GO;Sul;Saida de Pista;1;;;;;;;;;;1;;;;