data;horario;n_da_ocorrencia;tipo_de_ocorrencia;km;trecho;sentido;tipo_de_acidente;automovel;bicicleta;caminhao;moto;onibus;outros;tracao_animal;transporte_de_cargas_especiais;trator_maquinas;utilitarios;ilesos;levemente_feridos;moderadamente_feridos;gravemente_feridos;mortos
10/06/2018;23:02:00;573;com vítima;504,995;BR-153/GO;Sul;Queda de Moto;;;;1;;;;;;;0;;1;;
11/06/2018;00:35:00;7;com vítima;510,3;BR-153/GO;Norte;Colisão Frontal;1;;;1;;;;;;;1;;;1;
11/06/2018;01:01:00;15;com vítima;502,302;BR-153/GO;Sul;Atropelamento - Ciclista;;1;;;;1;;;;;1;;;1;
11/06/2018;02:52:00;41;sem vítima;177;BR-153/MG;Norte;Saida de Pista;1;;;;;;;;;;1;;;;
11/06/2018;05:14:00;61;com vítima;0,953;BR-060/DF;Norte;Atropelamento - Andarilho;1;;;;;;;;;;1;;;;1
11/06/2018;07:36:00;101;com vítima;475;BR-262/MG;Leste;Queda de Moto;;;;1;;;;;;;0;1;;;
11/06/2018;08:19:00;145;sem vítima;368;BR-262/MG;Oeste;Colisão Lateral;2;;;;;;;;;;2;;;;
11/06/2018;10:34:00;259;sem vítima;38,963;BR-060/GO;Sul;Choque - Elemento de Drenagem;1;;;;;;;;;;2;;;;
11/06/2018;12:50:00;349;sem vítima;138;BR-060/GO;Sul;Queda de Moto;;;;1;;;;;;;2;;;;
11/06/2018;13:39:00;374;sem vítima;514,267;BR-153/GO;Norte;Colisão Transversal;2;;;;;;;;;;2;;;;
11/06/2018;14:26:00;407;sem vítima;621;BR-153/GO;Norte;Saida de Pista;1;;;;;;;;;;1;;;;
11/06/2018;16:43:00;469;com vítima;876;BR-262/MG;Leste;Colisão Transversal;;;;1;1;;;;;;1;;1;;
11/06/2018;16:49:00;470;sem vítima;77,22;BR-060/GO;Sul;Capotamento;1;;;;;;;;;;2;;;;
11/06/2018;19:04:00;525;sem vítima;652,617;BR-153/GO;Sul;Colisão Traseira;;;2;;;;;;;;2;;;;
12/06/2018;01:30:00;20;sem vítima;694;BR-262/MG;Oeste;Saida de Pista;;;;;;;;;;1;1;;;;
12/06/2018;06:24:00;64;com vítima;508,67;BR-153/GO;Norte;Colisão Traseira;;;1;1;2;;;;;;2;2;1;2;
12/06/2018;07:22:00;77;com vítima;101;BR-060/GO;Norte;Colisão Traseira;;;1;1;;;;;;;1;1;;;
12/06/2018;08:14:00;105;com vítima;95,2;BR-060/GO;Norte;Choque - Elemento de Drenagem;1;;;;;;;;;;0;1;;;
12/06/2018;09:09:00;137;com vítima;102,508;BR-060/GO;Sul;Colisão Traseira;1;;1;;;;;;;;1;1;;;
12/06/2018;06:24:00;219;sem vítima;508,67;BR-153/GO;Norte;Colisão Traseira;;;1;1;;;;;;;2;;;;
12/06/2018;14:45:00;327;sem vítima;505;BR-153/GO;Norte;Colisão Traseira;2;;;;;;;;;;2;;;;
12/06/2018;15:30:00;355;com vítima;24,865;BR-060/DF;Sul;Capotamento;1;;;;;;;;;;0;1;;;
12/06/2018;17:11:00;411;sem vítima;418,8;BR-262/MG;Leste;Colisão Traseira;1;;;;;;;;;1;3;;;;
12/06/2018;17:49:00;431;com vítima;92;BR-060/GO;Norte;Atropelamento - Outros;1;;;;;;;;;;1;;;1;
12/06/2018;18:05:00;440;sem vítima;44,8;BR-060/GO;Sul;Colisão Traseira;2;;;;;;;;;;3;;;;
12/06/2018;18:34:00;459;sem vítima;10,94;BR-060/DF;Sul;Colisão Traseira;2;;;;;;;;;;3;;;;
12/06/2018;18:44:00;466;com vítima;540,8;BR-153/GO;Sul;Queda de Moto;;;;1;;;;;;;0;1;;;
12/06/2018;22:46:00;557;sem vítima;530,947;BR-153/GO;Norte;Queda de Moto;;;;1;;;;;;;1;;;;
12/06/2018;23:26:00;571;sem vítima;528,2;BR-153/GO;Norte;Choque - Defensa, barreira ou "submarino";;;1;;;;;;;;1;;;;
13/06/2018;03:31:00;48;com vítima;43,5;BR-153/MG;Norte;Capotamento;1;;;;;;;;;;0;;1;;
13/06/2018;04:55:00;95;com vítima;95,5;BR-153/MG;Sul;Colisão Traseira;;;2;;;;;;;;1;1;;;
13/06/2018;06:10:00;119;sem vítima;99;BR-060/GO;Sul;Choque - Defensa, barreira ou "submarino";1;;;;;;;;;;1;;;;
13/06/2018;08:45:00;190;sem vítima;502,9;BR-153/GO;Norte;Queda de Moto;;;;1;;;;;;;2;;;;
13/06/2018;08:46:00;191;sem vítima;501;BR-153/GO;Norte;Engavetamento;3;;;;;;;;;;3;;;;
13/06/2018;12:01:00;311;com vítima;354,142;BR-262/MG;Leste;Colisão Traseira;1;;1;2;;;;;;1;5;;1;;
13/06/2018;13:43:00;367;sem vítima;354;BR-262/MG;Leste;Colisão Lateral;1;;1;;;;;;;;2;;;;
13/06/2018;14:59:00;402;sem vítima;109;BR-060/GO;Norte;Capotamento;1;;;1;;;;;;;2;;;;
13/06/2018;16:16:00;434;sem vítima;494;BR-153/GO;Norte;Colisão Traseira;;;1;;;;;;;1;2;;;;
13/06/2018;21:37:00;580;sem vítima;37,6;BR-153/MG;Norte;Tombamento;;;1;;;;;;;;1;;;;
14/06/2018;01:41:00;20;com vítima;651,9;BR-262/MG;Oeste;Tombamento;;;1;;;;;;;;0;1;;;
14/06/2018;03:57:00;42;sem vítima;12,9;BR-060/GO;Sul;Colisão Traseira;;;2;;;;;;;;2;;;;
14/06/2018;06:33:00;78;sem vítima;508,7;BR-153/GO;Sul;Choque - Elemento de Drenagem;1;;;;;1;;;;;2;;;;
14/06/2018;07:16:00;90;sem vítima;506;BR-153/GO;Norte;Queda de Moto;;;;1;;;;;;;2;;;;
14/06/2018;09:24:00;167;sem vítima;107;BR-060/GO;Norte;Colisão Traseira;2;;;;;;;;;;2;;;;
14/06/2018;14:15:00;326;sem vítima;362;BR-262/MG;Leste;Choque - Poste;1;;;;;1;;;;;2;;;;
14/06/2018;18:08:00;473;sem vítima;776;BR-262/MG;Leste;Saida de Pista;1;;;;;;;;;;1;;;;
14/06/2018;21:07:00;536;sem vítima;746;BR-262/MG;Leste;Choque - Objeto sobre a pista;1;;;;;;;;;;1;;;;
14/06/2018;21:14:00;538;com vítima;509,199;BR-153/GO;Norte;Colisão Traseira;1;;;1;;;;;;;1;1;;;
15/06/2018;01:49:00;26;sem vítima;13,01;BR-153/MG;Sul;Saida de Pista;;;1;;;;;;;;1;;;;
15/06/2018;06:26:00;77;sem vítima;2;BR-060/DF;Norte;Capotamento;2;;;;;;;;;;2;;;;
15/06/2018;06:49:00;87;sem vítima;46;BR-153/MG;Norte;Capotamento;1;;;;;;;;;;2;;;;
15/06/2018;07:08:00;96;com vítima;4,3;BR-060/DF;Sul;Atropelamento - Ciclista;1;1;;;;;;;;;1;1;;;
15/06/2018;08:14:00;141;com vítima;499,95;BR-153/GO;Sul;Colisão Lateral;2;;;1;;;;;;;3;;;1;
15/06/2018;09:56:00;206;sem vítima;765;BR-262/MG;Leste;Colisão Traseira;;;2;;;;;;;1;3;;;;
15/06/2018;10:22:00;221;sem vítima;572;BR-262/MG;Leste;Saida de Pista;;;1;;;;;;;;2;;;;
15/06/2018;14:32:00;351;sem vítima;628;BR-153/GO;Norte;Choque - Talude;1;;;;;;;;;;2;;;;
15/06/2018;17:18:00;456;sem vítima;603;BR-262/MG;Leste;Tombamento;;;1;;;1;;;;;4;;;;
15/06/2018;18:09:00;482;sem vítima;500,153;BR-153/GO;Sul;Colisão Traseira;2;;;;;;;;;;2;;;;
15/06/2018;18:32:00;491;com vítima;31,199;BR-060/GO;Norte;Atropelamento - Ciclista;1;1;;;;;;;;;1;1;;;
15/06/2018;20:29:00;540;sem vítima;410;BR-262/MG;Leste;Saida de Pista;1;;;;;;;;;;1;;;;
16/06/2018;02:22:00;29;com vítima;84,2;BR-153/MG;Norte;Tombamento;;;1;;;;;;;;0;;2;;
16/06/2018;04:12:00;41;sem vítima;12,9;BR-060/GO;Sul;Choque - Elemento de Drenagem;1;;;;;;;;;;1;;;;
16/06/2018;06:09:00;60;sem vítima;580,172;BR-262/MG;Leste;Saida de Pista;1;;;;;;;;;;1;;;;
16/06/2018;09:31:00;151;com vítima;555,001;BR-262/MG;Leste;Capotamento;1;;1;;;;;;;;1;;1;;
16/06/2018;12:10:00;239;sem vítima;490;BR-153/GO;Norte;Colisão Traseira;1;;1;;;;;;;;2;;;;
16/06/2018;13:35:00;276;sem vítima;698;BR-153/GO;Sul;Choque - Poste;1;;;;;;;;;;2;;;;
16/06/2018;14:19:00;296;com vítima;821,87;BR-262/MG;Oeste;Capotamento;1;;;;;;;;;;0;;1;;
16/06/2018;14:29:00;302;com vítima;23;BR-153/MG;Sul;Colisão Lateral;1;;1;;;;;;;;1;1;;;
16/06/2018;15:09:00;316;com vítima;519,1;BR-153/GO;Norte;Capotamento;;;1;;;;;;;;0;1;;;
16/06/2018;15:16:00;321;com vítima;353,779;BR-262/MG;Leste;Queda de Ciclista;;;;1;;;;;;;0;;1;;
16/06/2018;16:45:00;370;sem vítima;243,8;BR-153/MG;Sul;Colisão Traseira;1;;;;;;;;;1;4;;;;
16/06/2018;17:04:00;378;sem vítima;498;BR-153/GO;Norte;Colisão Traseira;1;;;;;;;;;1;2;;;;
16/06/2018;18:40:00;419;sem vítima;109,2;BR-060/GO;Norte;Choque - Elemento de Drenagem;1;;;;;;;;;;1;;;;
16/06/2018;19:10:00;427;com vítima;102,299;BR-060/GO;Norte;Choque - Elemento de Drenagem;1;;;;;;;;;;4;1;;;
16/06/2018;21:05:00;458;sem vítima;699,3;BR-153/GO;Norte;Capotamento;;;;;;;;;;1;1;;;;
16/06/2018;21:21:00;465;sem vítima;100,5;BR-060/GO;Sul;Capotamento;1;;;;;;;;;;1;;;;
16/06/2018;22:08:00;481;com vítima;137,4;BR-060/GO;Sul;Colisão Traseira;1;;;1;;;;;;;1;1;;;
17/06/2018;02:44:00;38;com vítima;79,599;BR-153/MG;Sul;Capotamento;1;;;;;;;;;;0;1;;;
17/06/2018;04:51:00;59;com vítima;542,8;BR-262/MG;Leste;Engavetamento;;;4;;;;;;;;4;1;1;;
17/06/2018;05:46:00;70;sem vítima;506;BR-153/GO;Norte;Choque - Outros;1;;;;;;;;;;1;;;;
17/06/2018;05:54:00;74;sem vítima;7;BR-060/DF;Norte;Choque - Poste;1;;;;;;;;;;1;;;;
17/06/2018;06:38:00;81;sem vítima;74;BR-060/GO;Sul;Choque - Talude;1;;;;;;;;;;1;;;;
17/06/2018;09:36:00;117;sem vítima;378,175;BR-262/MG;Leste;Queda de Moto;;;;1;;;;;;;1;;;;
17/06/2018;10:24:00;141;sem vítima;385,6;BR-262/MG;Oeste;Choque - Defensa, barreira ou "submarino";1;;;;;;;;;;1;;;;
17/06/2018;10:56:00;157;com vítima;496,4;BR-153/GO;Norte;Colisão Frontal;;1;1;;;;;;;;1;;;;1
17/06/2018;14:45:00;270;sem vítima;609,157;BR-262/MG;Leste;Capotamento;;;;;;;;;;1;1;;;;
17/06/2018;17:15:00;339;com vítima;666,001;BR-262/MG;Leste;Capotamento;1;;;;;;;;;;0;2;2;;
17/06/2018;18:55:00;394;sem vítima;52;BR-060/GO;Norte;Choque - Talude;1;;;;;;;;;;1;;;;
17/06/2018;19:24:00;406;sem vítima;29,6;BR-060/GO;Norte;Capotamento;1;;;;;;;;;;3;;;;
17/06/2018;21:44:00;460;sem vítima;4;BR-060/DF;Sul;Saida de Pista;1;;;;;;;;;;1;;;;
18/06/2018;01:27:00;14;com vítima;20,2;BR-060/DF;Sul;Queda de Moto;;;;1;;;;;;;0;1;;;
18/06/2018;08:10:00;116;com vítima;802,5;BR-262/MG;Oeste;Queda de Moto;;;;1;;;;;;;0;1;;;
18/06/2018;12:44:00;299;com vítima;500,5;BR-153/GO;Norte;Colisão Lateral;1;;;2;;1;;;;;3;1;;;
18/06/2018;14:56:00;344;sem vítima;434;BR-262/MG;Oeste;Colisão Transversal;1;;;1;;;;;;;4;;;;
18/06/2018;15:13:00;355;com vítima;361;BR-262/MG;Oeste;Queda de Moto;;;;1;;;;;;;1;;1;;
18/06/2018;15:31:00;368;sem vítima;500,3;BR-153/GO;Sul;Engavetamento;2;;;1;;;;;;;3;;;;
18/06/2018;15:36:00;373;com vítima;368,5;BR-262/MG;Leste;Queda de Moto;;;;1;;;;;;;0;1;;;
18/06/2018;17:42:00;447;sem vítima;498;BR-153/GO;Sul;Colisão Lateral;1;;;1;;;;;;;2;;;;
18/06/2018;18:42:00;474;com vítima;493;BR-153/GO;Norte;Colisão Lateral;;;;1;;1;;;;;1;1;;;
18/06/2018;19:38:00;499;sem vítima;20,389;BR-060/GO;Norte;Capotamento;1;;;;;;;;;;1;;;;
18/06/2018;23:51:00;562;sem vítima;58,222;BR-153/MG;Sul;Tombamento;;;1;;;;;;;;2;;;;
19/06/2018;03:33:00;23;sem vítima;622;BR-153/GO;Sul;Choque - Outros;1;;;;;;;;;;1;;;;
19/06/2018;08:54:00;104;com vítima;495,28;BR-153/GO;Sul;Colisão Traseira;1;;;1;;;;;;;2;1;;;
19/06/2018;11:11:00;220;sem vítima;50;BR-153/MG;Sul;Colisão Lateral;1;;3;;;;;;;;4;;;;
19/06/2018;15:32:00;362;sem vítima;594,4;BR-153/GO;Sul;Choque - Outros;;;1;;;;;;;;1;;;;
19/06/2018;17:10:00;405;com vítima;763;BR-262/MG;Oeste;Engavetamento;1;;1;;;;;;;2;15;;1;;
19/06/2018;17:16:00;409;com vítima;490,3;BR-153/GO;Norte;Queda de Moto;;;;1;;;;;;;0;1;;;
19/06/2018;18:22:00;446;com vítima;117;BR-060/GO;Norte;Queda de Moto;;;;1;;;;;;;0;2;;;
19/06/2018;21:32:00;519;sem vítima;501;BR-153/GO;Sul;Colisão Lateral;2;;;;;;;;;;2;;;;
19/06/2018;21:55:00;526;sem vítima;496;BR-153/GO;Norte;Choque - Defensa, barreira ou "submarino";1;;;;;;;;;;1;;;;
19/06/2018;22:59:00;539;com vítima;101,204;BR-060/GO;Norte;Colisão Traseira;;1;;1;;;;;;;1;1;;;
20/06/2018;04:30:00;40;sem vítima;836,704;BR-262/MG;Oeste;Saida de Pista;1;;;;;;;;;;1;;;;
20/06/2018;07:33:00;75;sem vítima;506;BR-153/GO;Norte;Engavetamento;3;;;;;;;;;;3;;;;
20/06/2018;08:11:00;97;sem vítima;504;BR-153/GO;Norte;Engavetamento;4;;;;;1;;;;;5;;;;
20/06/2018;08:11:00;98;sem vítima;509;BR-153/GO;Sul;Colisão Traseira;1;;;;;;;;;1;2;;;;
20/06/2018;09:30:00;151;com vítima;111,099;BR-153/MG;Sul;Queda de Moto;;;;1;;;;;;;0;;1;;
20/06/2018;17:23:00;451;sem vítima;707,692;BR-262/MG;Oeste;Colisão Lateral;;;2;;;;;;;;2;;;;
20/06/2018;18:53:00;492;com vítima;57,899;BR-153/MG;Sul;Tombamento;;;1;;;;;;;;0;;1;;
20/06/2018;19:17:00;500;com vítima;490,899;BR-153/GO;Norte;Colisão Lateral;;;1;1;;;;;;;2;;;1;
21/06/2018;04:05:00;60;com vítima;45,3;BR-153/MG;Norte;Colisão Traseira;;;2;;;;;;;;1;;1;;
21/06/2018;04:38:00;68;com vítima;574,548;BR-262/MG;Leste;Tombamento;;;1;;;;;;;;2;;1;;
21/06/2018;08:21:00;135;com vítima;501,929;BR-153/GO;Sul;Choque - Defensa, barreira ou "submarino";1;;;;;;;;;;0;;1;;
21/06/2018;10:03:00;199;com vítima;144;BR-153/MG;Sul;Queda de Ciclista;;1;;;;;;;;;0;;1;;
21/06/2018;12:22:00;270;sem vítima;74;BR-060/GO;Norte;Choque - Talude;1;;;;;;;;;;1;;;;
21/06/2018;15:20:00;360;sem vítima;542,7;BR-262/MG;Leste;Colisão Traseira;;;2;;;;;;;;2;;;;
21/06/2018;23:05:00;590;sem vítima;482;BR-262/MG;Leste;Atropelamento de Animal;;;1;;;;;;;;1;;;;
21/06/2018;23:36:00;598;sem vítima;488,258;BR-262/MG;Leste;Tombamento;;;1;;;1;;;;;2;;;;
22/06/2018;05:20:00;64;sem vítima;23,501;BR-060/GO;Sul;Colisão Traseira;1;;1;;;;;;;;4;;;;
22/06/2018;05:59:00;73;com vítima;590,3;BR-153/GO;Sul;Colisão Traseira;;;2;;;;;;;;1;1;;;
22/06/2018;06:07:00;76;sem vítima;504,03;BR-153/GO;Norte;Colisão Traseira;1;;1;;;;;;;;3;;;;
22/06/2018;07:28:00;92;sem vítima;697;BR-153/GO;Sul;Colisão Traseira;;;2;;;;;;;;2;;;;
22/06/2018;08:50:00;129;com vítima;413;BR-262/MG;Leste;Colisão Lateral;;;1;1;;;;;;;1;1;;;
22/06/2018;12:59:00;252;com vítima;90,77;BR-060/GO;Norte;Atropelamento - Ciclista;;1;;;;;;;;1;1;;1;;
22/06/2018;13:05:00;261;com vítima;532,8;BR-153/GO;Sul;Queda de Moto;;;;1;;;;;;;0;1;;;
22/06/2018;16:07:00;342;com vítima;465,1;BR-262/MG;Leste;Colisão Frontal;2;;;;;;;;;;0;;;1;1
22/06/2018;17:08:00;378;sem vítima;6;BR-153/MG;Norte;Capotamento;1;;;;;;;;;;1;;;;
22/06/2018;19:13:00;436;sem vítima;4;BR-060/DF;Sul;Colisão Traseira;2;;;;;;;;;;2;;;;
22/06/2018;20:34:00;469;com vítima;462;BR-262/MG;Oeste;Colisão Lateral;;;2;;;;;;;;1;1;;;
22/06/2018;20:47:00;475;sem vítima;456,404;BR-262/MG;Oeste;Colisão Traseira;2;;;;;;;;;;5;;;;
23/06/2018;02:41:00;22;sem vítima;509;BR-153/GO;Sul;Colisão Traseira;1;;;1;;;;;;;2;;;;
23/06/2018;03:20:00;31;com vítima;505;BR-153/GO;Norte;Queda de Moto;;;;1;;;;;;;0;;1;;
23/06/2018;04:46:00;45;sem vítima;60,3;BR-060/GO;Norte;Saida de Pista;1;;;;;;;;;;1;;;;
23/06/2018;10:32:00;189;sem vítima;496,1;BR-153/GO;Norte;Engavetamento;1;;;;1;;;;;;2;;;;
23/06/2018;10:43:00;190;sem vítima;361,3;BR-262/MG;Leste;Colisão Traseira;1;;1;;;;;;;;2;;;;
23/06/2018;11:57:00;228;sem vítima;148;BR-153/MG;Norte;Colisão Transversal;;;2;;;;;;;;2;;;;
23/06/2018;13:11:00;255;com vítima;629,3;BR-262/MG;Oeste;Tombamento;;;1;;;;;;;;0;1;;;
23/06/2018;13:19:00;259;com vítima;433;BR-262/MG;Leste;Queda de Ciclista;;;;1;;;;;;;0;1;;;
23/06/2018;16:09:00;352;com vítima;442;BR-262/MG;Leste;Colisão Frontal;1;;;1;;;;;;;2;1;;;
23/06/2018;17:20:00;380;com vítima;501;BR-153/GO;Norte;Queda de Moto;;;;1;;;;;;;0;1;;;
23/06/2018;23:56:00;477;com vítima;7,599;BR-060/DF;Sul;Queda de Moto;1;;;1;;;;;;;2;1;;;
24/06/2018;02:56:00;29;com vítima;5;BR-060/GO;Norte;Capotamento;1;;;;;;;;;;0;1;;;
24/06/2018;07:36:00;62;com vítima;636,603;BR-262/MG;Leste;Choque - Veiculo parado no acostamento;2;;;;;;;;;;1;1;;1;
24/06/2018;10:31:00;156;com vítima;101,22;BR-060/GO;Norte;Colisão Lateral;1;;;1;;;;;;;1;1;;;
24/06/2018;12:27:00;197;sem vítima;655;BR-262/MG;Leste;Saida de Pista;;;;;;;;;;1;6;;;;
24/06/2018;13:48:00;231;sem vítima;83,299;BR-060/GO;Sul;Choque - Arvore;1;;;;;;;;;;1;;;;
24/06/2018;15:14:00;262;com vítima;358,06;BR-262/MG;Oeste;Capotamento;1;;;;;;;;;;0;1;;;
24/06/2018;15:19:00;266;com vítima;844,071;BR-262/MG;Oeste;Capotamento;1;;;;;;;;;;0;;1;;
24/06/2018;15:27:00;269;com vítima;493,899;BR-153/GO;Norte;Colisão Lateral;1;;;1;;;;;;;1;;1;;
24/06/2018;16:05:00;289;com vítima;395,07;BR-262/MG;Oeste;Colisão Lateral;2;;;;;;;;;;1;2;1;;
24/06/2018;16:24:00;298;sem vítima;97;BR-060/GO;Sul;Colisão Traseira;1;;;;;;;;;1;4;;;;
24/06/2018;20:35:00;425;sem vítima;109;BR-060/GO;Norte;Colisão Lateral;2;;;;;;;;;;2;;;;
24/06/2018;23:10:00;473;com vítima;801;BR-262/MG;Leste;Colisão Traseira;1;;;1;;;;;;;1;;1;;
25/06/2018;07:17:00;69;sem vítima;382,271;BR-262/MG;Leste;Colisão Traseira;2;;;;;;;;;;2;;;;
25/06/2018;08:05:00;83;sem vítima;494,774;BR-153/GO;Sul;Colisão Traseira;2;;;;;;;;;;2;;;;
25/06/2018;08:42:00;104;sem vítima;494,774;BR-153/GO;Sul;Engavetamento;2;;1;;;;;;;;3;;;;
25/06/2018;09:10:00;123;sem vítima;494;BR-153/GO;Norte;Colisão Traseira;2;;;;;;;;;;2;;;;
25/06/2018;09:12:00;125;sem vítima;494;BR-153/GO;Sul;Colisão Traseira;3;;;;;;;;;;3;;;;
25/06/2018;10:04:00;145;com vítima;494,6;BR-153/GO;Sul;Colisão Lateral;2;;;1;;;;;;;2;1;;;
25/06/2018;11:29:00;193;sem vítima;506,3;BR-153/GO;Norte;Colisão Traseira;;;;;;;;;;2;2;;;;
25/06/2018;11:50:00;212;sem vítima;504;BR-153/GO;Norte;Engavetamento;3;;;;;;;;;;4;;;;
25/06/2018;14:37:00;261;sem vítima;500,5;BR-153/GO;Sul;Colisão Traseira;;;1;;;;;;;1;2;;;;
25/06/2018;16:33:00;323;com vítima;612,7;BR-153/GO;Sul;Choque - Talude;1;;;;;;;;;;0;1;;;
25/06/2018;17:02:00;333;sem vítima;109;BR-060/GO;Norte;Colisão Traseira;2;;;;;;;;;;2;;;;
25/06/2018;18:49:00;383;sem vítima;172,05;BR-153/MG;Norte;Capotamento;;;;;;;;;;1;1;;;;
25/06/2018;19:23:00;395;sem vítima;227,9;BR-153/MG;Norte;Colisão Traseira;1;;;;;;;;;1;6;;;;
25/06/2018;20:44:00;425;com vítima;448;BR-262/MG;Oeste;Atropelamento - Ciclista;;1;;1;;;;;;;0;;2;;
26/06/2018;07:37:00;106;sem vítima;506,008;BR-153/GO;Norte;Colisão Traseira;1;;;2;;;;;;;4;;;;
26/06/2018;10:15:00;213;sem vítima;525;BR-262/MG;Leste;Engavetamento;;;3;;;;;;;;3;;;;
26/06/2018;11:46:00;264;sem vítima;6,75;BR-060/GO;Norte;Choque - Elemento de Drenagem;1;;;;;;;;;;1;;;;
26/06/2018;14:26:00;352;sem vítima;798,7;BR-262/MG;Oeste;Colisão Traseira;2;;;;;;;;;;2;;;;
26/06/2018;18:15:00;482;sem vítima;498;BR-153/GO;Sul;Engavetamento;1;;;;1;;;;;1;5;;;;
26/06/2018;18:40:00;489;sem vítima;500,8;BR-153/GO;Sul;Engavetamento;4;;;;;;;;;;8;;;;
26/06/2018;19:36:00;511;sem vítima;498;BR-153/GO;Sul;Colisão Traseira;2;;;;;;;;;;3;;;;
26/06/2018;19:41:00;516;sem vítima;512,8;BR-153/GO;Sul;Choque - Defensa, barreira ou "submarino";1;;;;;;;;;;3;;;;
26/06/2018;22:25:00;566;com vítima;24;BR-060/DF;Sul;Capotamento;1;;;;;;;;;;0;1;;;
27/06/2018;01:28:00;16;sem vítima;699;BR-153/GO;Sul;Saida de Pista;1;;;;;;;;;;1;;;;
27/06/2018;06:22:00;58;sem vítima;507,8;BR-153/GO;Norte;Engavetamento;6;;;;;;;;;;6;;;;
27/06/2018;06:22:00;62;sem vítima;508,5;BR-153/GO;Norte;Colisão Traseira;2;;;;;;;;;;2;;;;
27/06/2018;07:23:00;82;sem vítima;4,5;BR-060/DF;Norte;Colisão Lateral;1;;;;;1;;;;;2;;;;
27/06/2018;07:39:00;93;com vítima;505,7;BR-153/GO;Norte;Queda de Moto;;;;1;;;;;;;0;1;;;
27/06/2018;08:23:00;116;com vítima;498,9;BR-153/GO;Sul;Colisão Traseira;1;;;1;;;;;;;1;;;1;
27/06/2018;12:26:00;267;sem vítima;508;BR-153/GO;Sul;Colisão Traseira;1;;;1;;;;;;;3;;;;
27/06/2018;12:38:00;270;sem vítima;505;BR-153/GO;Norte;Colisão Traseira;1;;;1;;;;;;;2;;;;
27/06/2018;12:46:00;275;sem vítima;509;BR-153/GO;Norte;Colisão Lateral;1;;1;;;;;;;;3;;;;
27/06/2018;14:03:00;303;com vítima;107,926;BR-060/GO;Sul;Engavetamento;2;;1;;;;;;;;6;1;;;
27/06/2018;14:38:00;321;sem vítima;479;BR-262/MG;Oeste;Colisão Traseira;2;;;;;;;;;;2;;;;
27/06/2018;14:56:00;333;com vítima;499;BR-153/GO;Norte;Queda de Moto;;;;1;;;;;;;0;2;;;
27/06/2018;17:27:00;405;com vítima;425;BR-262/MG;Oeste;Capotamento;1;;1;;;;;;;;1;2;;;
27/06/2018;17:46:00;412;sem vítima;554;BR-262/MG;Oeste;Colisão Traseira;;;2;;;;;;;;2;;;;
27/06/2018;18:28:00;424;com vítima;31,899;BR-060/GO;Norte;Colisão Lateral;;;;1;;1;;;;;1;1;;;
27/06/2018;19:12:00;444;com vítima;103;BR-060/GO;Sul;Colisão Traseira;2;;1;;;;;;;;1;1;1;;
27/06/2018;19:41:00;457;sem vítima;53,9;BR-153/MG;Sul;Saida de Pista;;;1;;;;;;;;1;;;;
27/06/2018;22:17:00;507;sem vítima;783,477;BR-262/MG;Oeste;Choque - Talude;;;1;;;;;;;;1;;;;
28/06/2018;02:10:00;23;com vítima;484;BR-262/MG;Oeste;Colisão Lateral;1;;1;;;;;;;;1;1;;;
28/06/2018;04:21:00;42;sem vítima;668,015;BR-262/MG;Oeste;Saida de Pista;;;1;;;;;;;;1;;;;
28/06/2018;07:53:00;76;sem vítima;494;BR-153/GO;Norte;Colisão Lateral;2;;;;;;;;;;2;;;;
28/06/2018;10:32:00;170;com vítima;245,6;BR-153/MG;Norte;Saida de Pista;1;;;;;;;;;;0;1;;;
28/06/2018;11:52:00;220;sem vítima;5;BR-060/DF;Sul;Capotamento;1;;;;;;;;;;1;;;;
28/06/2018;14:18:00;286;sem vítima;25,5;BR-153/MG;Sul;Capotamento;;;;;;;;;;1;1;;;;
28/06/2018;14:37:00;297;com vítima;92,706;BR-060/GO;Norte;Colisão Traseira;;;;1;;;;;;1;2;2;;;
28/06/2018;14:48:00;304;sem vítima;25,5;BR-153/MG;Norte;Colisão Traseira;;;2;;;;;;;;3;;;;
28/06/2018;16:12:00;347;sem vítima;98;BR-153/MG;Sul;Engavetamento;;;3;;;;;;;;3;;;;
28/06/2018;16:12:00;348;sem vítima;132,5;BR-060/GO;Sul;Colisão Lateral;1;;1;;;;;;;;2;;;;
28/06/2018;18:29:00;419;com vítima;62;BR-060/GO;Norte;Atropelamento - Andarilho;1;;;;;;;;;;2;;1;;
28/06/2018;19:07:00;432;com vítima;477,471;BR-262/MG;Leste;Colisão Transversal;1;;;1;;;;;;;1;1;;;
28/06/2018;19:27:00;442;com vítima;506;BR-153/GO;Sul;Colisão Lateral;1;;;1;;;;;;;2;1;;;
28/06/2018;20:26:00;465;com vítima;123;BR-060/GO;Sul;Queda de Moto;;;;1;;;;;;;0;1;;;
28/06/2018;20:30:00;467;com vítima;506;BR-153/GO;Sul;Colisão Traseira;1;;;1;;;;;;;1;;1;;
28/06/2018;20:36:00;472;com vítima;816,1;BR-262/MG;Leste;Atropelamento - Ciclista;1;2;;;;;;;;;2;;1;;
29/06/2018;00:05:00;1;sem vítima;611,047;BR-262/MG;Leste;Choque - Arvore;;;1;;;1;;;;;4;;;;
29/06/2018;01:45:00;22;com vítima;108,099;BR-153/MG;Norte;Tombamento;;;1;;;;;;;;0;1;;;
29/06/2018;02:04:00;28;sem vítima;557,8;BR-153/GO;Norte;Colisão Traseira;;;2;;;;;;;;2;;;;
29/06/2018;03:41:00;45;sem vítima;667,899;BR-153/GO;Norte;Colisão Traseira;;;2;;;;;;;;2;;;;