data;horario;n_da_ocorrencia;tipo_de_ocorrencia;km;trecho;sentido;tipo_de_acidente;automovel;bicicleta;caminhao;moto;onibus;outros;tracao_animal;transporte_de_cargas_especiais;trator_maquinas;utilitarios;ilesos;levemente_feridos;moderadamente_feridos;gravemente_feridos;mortos
29/06/2018;05:56:00;67;com vítima;132,9;BR-153/MG;Sul;Colisão Lateral;;;1;;;;;;;1;1;;1;;1
29/06/2018;06:43:00;82;sem vítima;116,1;BR-060/GO;Norte;Capotamento;;;;;;;;;;1;1;;;;
29/06/2018;07:32:00;103;sem vítima;494;BR-153/GO;Norte;Engavetamento;3;;2;;;;;;;;5;;;;
29/06/2018;08:13:00;137;com vítima;507;BR-153/GO;Sul;Colisão Traseira;1;;;1;;;;;;;1;1;;;
29/06/2018;08:18:00;142;sem vítima;496,5;BR-153/GO;Norte;Colisão Traseira;2;;;;;;;;;;2;;;;
29/06/2018;08:51:00;169;com vítima;699;BR-262/MG;Leste;Choque - Talude;;;1;;;;;;;;0;;;1;
29/06/2018;08:56:00;171;sem vítima;499;BR-153/GO;Norte;Colisão Traseira;2;;;;;;;;;;2;;;;
29/06/2018;09:19:00;183;sem vítima;226,9;BR-153/MG;Sul;Colisão Traseira;;;2;;;;;;;;2;;;;
29/06/2018;10:47:00;224;sem vítima;490;BR-153/GO;Norte;Colisão Traseira;2;;;;;;;;;;2;;;;
29/06/2018;12:39:00;277;sem vítima;118;BR-060/GO;Norte;Colisão Transversal;2;;;;;;;;;;2;;;;
29/06/2018;14:58:00;337;sem vítima;105;BR-060/GO;Sul;Colisão Traseira;1;;1;;;;;;;;2;;;;
29/06/2018;16:10:00;381;sem vítima;542,8;BR-153/GO;Sul;Choque - Elemento de Drenagem;1;;1;;;;;;;;2;;;;
29/06/2018;17:34:00;426;com vítima;497,158;BR-153/GO;Sul;Colisão Traseira;1;;;1;;;;;;;1;1;;;
29/06/2018;17:44:00;432;sem vítima;498,577;BR-153/GO;Norte;Colisão Traseira;2;;;;;;;;;;2;;;;
29/06/2018;20:11:00;516;sem vítima;506,36;BR-153/GO;Sul;Colisão Lateral;2;;;;;;;;;;2;;;;
29/06/2018;20:39:00;530;sem vítima;541,12;BR-153/GO;Sul;Choque - Suporte de Sinalização;1;;;;;;;;;;1;;;;
30/06/2018;03:25:00;40;com vítima;450;BR-262/MG;Oeste;Colisão Traseira;2;;;;;;;;;;1;;1;;
30/06/2018;05:47:00;65;com vítima;711,7;BR-262/MG;Leste;Capotamento;1;;;;;;;;;;0;1;1;;
30/06/2018;07:59:00;112;sem vítima;75,8;BR-060/GO;Norte;Saida de Pista;;;1;;;;;;;;1;;;;
30/06/2018;09:01:00;145;sem vítima;435;BR-262/MG;Oeste;Tombamento;;;1;;;;;;;;1;;;;
30/06/2018;09:30:00;159;com vítima;6,8;BR-060/GO;Sul;Capotamento;1;;;;;;;;;;0;1;;;
30/06/2018;09:41:00;163;sem vítima;130;BR-153/MG;Sul;Queda de Ciclista;;1;;;;;;;;;1;;;;
30/06/2018;11:11:00;210;com vítima;604,2;BR-153/GO;Sul;Capotamento;1;;;;;;;;;;1;1;;;
30/06/2018;12:39:00;247;sem vítima;698;BR-153/GO;Sul;Colisão Traseira;1;;;1;;;;;;;2;;;;
30/06/2018;13:08:00;266;sem vítima;409;BR-262/MG;Oeste;Capotamento;;;1;;;;;;;;2;;;;
30/06/2018;14:44:00;300;sem vítima;408;BR-262/MG;Oeste;Colisão Traseira;;;;2;;;;;;;2;;;;
30/06/2018;14:48:00;303;sem vítima;34,5;BR-153/MG;Norte;Choque - Arvore;1;;;;;;;;;;1;;;;
30/06/2018;14:52:00;308;sem vítima;92;BR-060/GO;Sul;Colisão Transversal;1;;;;;;;;;;1;;;;
30/06/2018;16:08:00;335;sem vítima;406,3;BR-262/MG;Oeste;Colisão Traseira;1;;1;;;;;;;;2;;;;
30/06/2018;13:20:00;360;sem vítima;409;BR-262/MG;Oeste;Queda de Ciclista;;;;1;;;;;;;2;;;;
30/06/2018;13:20:00;362;sem vítima;409;BR-262/MG;Oeste;Queda de Ciclista;;;;1;;;;;;;1;;;;
30/06/2018;18:45:00;408;com vítima;692,2;BR-262/MG;Oeste;Colisão Transversal;1;;1;;;;;;;;1;2;1;;
30/06/2018;19:40:00;428;sem vítima;3;BR-060/DF;Sul;Colisão Lateral;2;;;;;;;;;;3;;;;
30/06/2018;20:11:00;439;sem vítima;460,8;BR-262/MG;Oeste;Choque - Arvore;;;;;;;;;;1;1;;;;
30/06/2018;21:28:00;458;com vítima;5;BR-060/DF;Sul;Capotamento;1;;;;;;;;;;0;;1;;
30/06/2018;23:33:00;490;com vítima;23,898;BR-060/DF;Sul;Capotamento;1;;;;;;;;;;0;1;;;1
01/07/2018;00:31:00;6;sem vítima;46,5;BR-153/MG;Sul;Saida de Pista;;;;;;;;;;1;2;;;;
01/07/2018;11:16:00;167;com vítima;92;BR-060/GO;Norte;Atropelamento - Morador;;;;;;1;;;;;1;;1;;
01/07/2018;13:30:00;210;sem vítima;10;BR-060/GO;Sul;Choque - Elemento de Drenagem;1;;;;;;;;;;2;;;;
01/07/2018;15:07:00;251;sem vítima;366;BR-262/MG;Leste;Colisão Traseira;2;;;;;;;;;;3;;;;
01/07/2018;15:15:00;255;com vítima;585;BR-262/MG;Leste;Colisão Traseira;2;;1;;;;;;;;1;7;;;
01/07/2018;16:23:00;284;sem vítima;0,4;BR-060/DF;Sul;Colisão Lateral;1;;1;;;;;;;;3;;;;
01/07/2018;17:06:00;306;sem vítima;421,5;BR-262/MG;Oeste;Colisão Lateral;1;;;;1;;;;;;2;;;;
01/07/2018;20:01:00;388;sem vítima;549;BR-153/GO;Sul;Colisão Lateral;2;;;;;;;;;;3;;;;
01/07/2018;20:34:00;401;com vítima;515;BR-153/GO;Sul;Colisão Lateral;2;;;;;;;;;;5;1;;;
01/07/2018;20:41:00;404;com vítima;21,6;BR-060/GO;Norte;Atropelamento - Sem Informação;1;;;;;;;;;;0;1;;;1
01/07/2018;21:33:00;423;com vítima;516;BR-153/GO;Norte;Queda de Moto;;;;1;;;;;;;0;1;;;
01/07/2018;22:09:00;438;com vítima;414;BR-262/MG;Oeste;Capotamento;1;;;;;;;;;;0;;1;;
02/07/2018;01:40:00;29;sem vítima;675;BR-262/MG;Leste;Atropelamento de Animal;;;1;;;;;;;;1;;;;
02/07/2018;07:55:00;92;sem vítima;114,2;BR-153/MG;Norte;Choque - Talude;1;;;;;;;;;;1;;;;
02/07/2018;10:36:00;179;sem vítima;500,5;BR-153/GO;Sul;Colisão Traseira;2;;;;;;;;;;2;;;;
02/07/2018;13:43:00;263;sem vítima;842,668;BR-262/MG;Oeste;Choque - Defensa, barreira ou "submarino";1;;;;;;;;;;1;;;;
02/07/2018;14:23:00;279;sem vítima;80;BR-060/GO;Sul;Tombamento;1;;1;;;;;;;;3;;;;
02/07/2018;16:46:00;351;com vítima;101,099;BR-153/MG;Sul;Colisão Traseira;;;2;;;;;;;;1;;1;;
02/07/2018;17:16:00;369;sem vítima;530,967;BR-262/MG;Leste;Saida de Pista;1;;;;;;;;;;5;;;;
02/07/2018;17:53:00;388;com vítima;510,5;BR-153/GO;Sul;Queda de Moto;;;;1;;;;;;;0;2;;;
02/07/2018;20:47:00;454;sem vítima;99,5;BR-153/MG;Sul;Colisão Traseira;;;1;;1;;;;;;2;;;;
02/07/2018;23:32:00;509;sem vítima;567;BR-262/MG;Leste;Tombamento;1;;;;;;;;;;1;;;;
02/07/2018;23:43:00;513;sem vítima;617,6;BR-262/MG;Leste;Tombamento;;;1;;;;;;;;2;;;;
03/07/2018;01:38:00;15;sem vítima;366;BR-262/MG;Leste;Colisão Traseira;2;;;;;;;;;;2;;;;
03/07/2018;07:28:00;82;com vítima;811,263;BR-262/MG;Leste;Choque - Veiculo parado na pista;1;;;1;;;;;;;1;;1;;
03/07/2018;07:47:00;88;sem vítima;641,467;BR-262/MG;Leste;Saida de Pista;;;1;;;;;;;;1;;;;
03/07/2018;10:11:00;178;sem vítima;553;BR-153/GO;Norte;Colisão Traseira;1;;1;;;;;;;;2;;;;
03/07/2018;10:30:00;187;sem vítima;25;BR-060/DF;Sul;Colisão Lateral;1;;1;;;;;;;;2;;;;
03/07/2018;11:42:00;237;com vítima;467,67;BR-262/MG;Leste;Colisão Lateral;;;1;;;;;;;1;3;1;;;
03/07/2018;17:28:00;397;sem vítima;494;BR-153/GO;Norte;Engavetamento;2;;1;;;;;;;;3;;;;
03/07/2018;18:28:00;422;com vítima;498,395;BR-153/GO;Norte;Colisão Traseira;1;;;1;;;;;;;1;;1;;
03/07/2018;18:28:00;423;com vítima;726;BR-262/MG;Oeste;Capotamento;1;;;;;;;;;;0;1;;;
03/07/2018;18:35:00;428;sem vítima;57,899;BR-153/MG;Sul;Tombamento;;;1;;;;;;;;1;;;;
03/07/2018;18:41:00;431;com vítima;2,623;BR-060/DF;Sul;Queda de Moto;;;;1;;;;;;;0;1;;;
03/07/2018;19:10:00;441;com vítima;91,526;BR-060/GO;Norte;Capotamento;1;;;;;;;;;;0;2;;;
03/07/2018;19:33:00;449;sem vítima;446;BR-262/MG;Oeste;Atropelamento de Animal;1;;;;;;;;;;1;;;;
03/07/2018;19:35:00;450;sem vítima;494;BR-262/MG;Leste;Colisão Lateral;2;;;;;;;;;;3;;;;
03/07/2018;20:21:00;465;com vítima;532,399;BR-153/GO;Sul;Atropelamento - Morador;;;1;;;;;;;;1;;;;1
03/07/2018;22:07:00;502;sem vítima;239,1;BR-153/MG;Sul;Colisão Frontal;2;;;;;;;;;;3;;;;
04/07/2018;00:34:00;7;sem vítima;353;BR-262/MG;Oeste;Choque - Poste;1;;;;;;;;;;1;;;;
04/07/2018;01:41:00;19;com vítima;518,799;BR-153/GO;Sul;Capotamento;1;;;;;;;;;;0;;1;;
04/07/2018;06:31:00;78;com vítima;505;BR-153/GO;Norte;Queda de Moto;;;;1;;;;;;;1;1;;;
04/07/2018;08:24:00;151;sem vítima;907;BR-262/MG;Oeste;Colisão Transversal;2;;;;;;;;;;3;;;;
04/07/2018;09:26:00;220;sem vítima;364,5;BR-262/MG;Leste;Colisão Lateral;2;;;;;;;;;;2;;;;
04/07/2018;09:42:00;236;com vítima;525;BR-262/MG;Leste;Colisão Traseira;;;2;;;;;;;;1;1;;;
04/07/2018;11:47:00;343;com vítima;124,8;BR-060/GO;Norte;Capotamento;1;;;;;;;;;;0;1;;;
04/07/2018;15:16:00;472;sem vítima;412;BR-262/MG;Oeste;Colisão Traseira;1;;1;;;;;;;;2;;;;
04/07/2018;20:44:00;640;com vítima;6;BR-060/DF;Sul;Colisão Traseira;1;;;1;;;;;;;1;1;;;
04/07/2018;22:32:00;673;sem vítima;16,5;BR-060/GO;Sul;Colisão Traseira;1;;1;;;;;;;;3;;;;
05/07/2018;05:26:00;47;com vítima;520;BR-262/MG;Oeste;Colisão Transversal;1;;1;;;;;;;;2;1;;;
05/07/2018;07:13:00;68;sem vítima;45;BR-153/MG;Norte;Saida de Pista;1;;;;;;;;;;1;;;;
05/07/2018;07:25:00;76;com vítima;69,6;BR-060/GO;Sul;Colisão Lateral;1;;;1;;1;;;;;2;;1;1;
05/07/2018;07:52:00;91;sem vítima;785,5;BR-262/MG;Leste;Choque - Talude;1;;;;;;;;;;1;;;;
05/07/2018;08:45:00;136;sem vítima;494,5;BR-153/GO;Sul;Engavetamento;2;;1;;;;;;;;3;;;;
05/07/2018;10:32:00;225;sem vítima;47;BR-153/MG;Sul;Queda de Ciclista;;1;;;;;;;;;1;;;;
05/07/2018;10:58:00;243;sem vítima;119,9;BR-060/GO;Norte;Choque - Veiculo parado na pista;;;1;;;;;;;1;3;;;;
05/07/2018;12:07:00;289;sem vítima;55,5;BR-060/GO;Norte;Tombamento;;;1;;;;;;;;1;;;;
05/07/2018;16:15:00;431;com vítima;17,5;BR-060/DF;Sul;Saida de Pista;1;;;;;;;;;;1;2;;;
05/07/2018;18:10:00;494;sem vítima;505;BR-153/GO;Sul;Colisão Lateral;;;1;1;;;;;;;2;;;;
05/07/2018;18:42:00;518;com vítima;513;BR-153/GO;Norte;Queda de Moto;;;;1;;;;;;;0;1;;;
05/07/2018;19:55:00;554;com vítima;43,45;BR-060/GO;Sul;Atropelamento - Usuário;1;;;;;;;;;;0;2;;;1
05/07/2018;21:24:00;586;sem vítima;13,412;BR-153/MG;Sul;Atropelamento de Animal;1;;;;;;;;;;1;;;;
05/07/2018;21:24:00;599;com vítima;13,4;BR-153/MG;Sul;Capotamento;1;;;;;;;;;;0;2;1;;
05/07/2018;23:32:00;619;sem vítima;58,5;BR-153/MG;Norte;Colisão Traseira;;;2;;;;;;;;2;;;;
06/07/2018;00:58:00;10;sem vítima;441;BR-262/MG;Oeste;Choque - Elemento de Drenagem;1;;;;;;;;;;1;;;;
06/07/2018;03:55:00;44;sem vítima;406;BR-262/MG;Leste;Choque - Talude;1;;;;;;;;;;2;;;;
06/07/2018;05:01:00;56;com vítima;437,692;BR-262/MG;Oeste;Capotamento;1;;;;;;;;;;1;1;;;
06/07/2018;07:20:00;89;com vítima;1,399;BR-153/MG;Sul;Capotamento;;;;;;;;;;1;2;2;;;
06/07/2018;08:04:00;110;sem vítima;495,735;BR-153/GO;Sul;Colisão Traseira;2;;;;;;;;;;2;;;;
06/07/2018;08:07:00;114;sem vítima;506,173;BR-153/GO;Sul;Colisão Traseira;1;;;1;;;;;;;2;;;;
06/07/2018;11:32:00;281;sem vítima;106,5;BR-060/GO;Sul;Tombamento;1;;;;;;;;;;1;;;;
06/07/2018;13:16:00;337;com vítima;490,477;BR-153/GO;Norte;Colisão Frontal;;1;;;;;;;;1;1;1;;;
06/07/2018;13:21:00;342;com vítima;496;BR-153/GO;Sul;Queda de Moto;;;;1;;;;;;;1;1;;;
06/07/2018;14:33:00;381;sem vítima;501;BR-153/GO;Sul;Colisão Traseira;2;;;;;;;;;;2;;;;
06/07/2018;18:44:00;523;com vítima;422,8;BR-262/MG;Oeste;Capotamento;1;;;;;;;;;;0;;1;;
06/07/2018;19:01:00;529;com vítima;541,2;BR-153/GO;Sul;Queda de Moto;;;;1;;;;;;;1;;1;;
06/07/2018;19:15:00;532;com vítima;25,093;BR-060/DF;Sul;Queda de Ciclista;;1;;;;;;;;;0;1;;;
06/07/2018;20:22:00;563;com vítima;506,659;BR-153/GO;Norte;Queda de Moto;;;;1;;;;;;;0;1;;;
07/07/2018;00:13:00;3;com vítima;508,3;BR-153/GO;Sul;Queda de Moto;;;;1;;;;;;;0;1;;;
07/07/2018;01:12:00;21;sem vítima;34,5;BR-060/GO;Sul;Choque - Defensa, barreira ou "submarino";1;;;;;;;;;;1;;;;
07/07/2018;01:30:00;25;sem vítima;132,8;BR-060/GO;Norte;Capotamento;1;;;;;;;;;;1;;;;
07/07/2018;05:44:00;71;sem vítima;95,001;BR-060/GO;Norte;Colisão Transversal;1;;;1;;;;;;;2;;;;
07/07/2018;08:44:00;148;sem vítima;38,438;BR-060/GO;Norte;Colisão Lateral;1;;1;;;;;;;;2;;;;
07/07/2018;09:21:00;181;sem vítima;731;BR-262/MG;Oeste;Tombamento;;;;;;;;;;1;1;;;;
07/07/2018;10:56:00;252;com vítima;238,9;BR-153/MG;Sul;Tombamento;;;1;;;;;;;;0;;1;;
07/07/2018;11:34:00;278;com vítima;361;BR-262/MG;Leste;Colisão Lateral;1;;;1;;;;;;;1;2;;;
07/07/2018;11:57:00;293;sem vítima;437;BR-262/MG;Oeste;Colisão Traseira;2;;;;;;;;;;2;;;;
07/07/2018;12:49:00;318;sem vítima;67,4;BR-060/GO;Norte;Capotamento;1;;;;;;;;;;1;;;;
07/07/2018;13:30:00;341;sem vítima;8;BR-153/MG;Sul;Choque - Elemento de Drenagem;1;;;;;;;;;;1;;;;
07/07/2018;14:36:00;364;sem vítima;13,001;BR-060/GO;Norte;Colisão Traseira;1;;1;;;;;;;;2;;;;
07/07/2018;15:33:00;397;com vítima;71,7;BR-060/GO;Sul;Capotamento;1;;;;;;;;;;0;1;;;
07/07/2018;16:46:00;432;sem vítima;514,5;BR-153/GO;Norte;Colisão Traseira;1;;;;;;;;;1;2;;;;
07/07/2018;18:08:00;478;sem vítima;365,53;BR-262/MG;Leste;Tombamento;2;;;;;;;;;;2;;;;
07/07/2018;18:21:00;488;com vítima;101;BR-060/GO;Sul;Queda de Moto;;;;1;;;;;;;0;;1;;
07/07/2018;19:10:00;509;sem vítima;539,106;BR-153/GO;Sul;Choque - Talude;;;1;;;;;;;;1;;;;
07/07/2018;19:27:00;520;com vítima;533;BR-153/GO;Norte;Queda de Moto;;;;1;;;;;;;0;1;;;
07/07/2018;21:52:00;569;com vítima;137,15;BR-060/GO;Sul;Colisão Traseira;1;;;1;;;;;;;1;;1;;
07/07/2018;22:23:00;579;com vítima;566,671;BR-262/MG;Oeste;Atropelamento - Morador;1;;;;;;;;;;1;;1;;
08/07/2018;04:05:00;43;com vítima;514,024;BR-153/GO;Sul;Queda de Moto;;;;1;;;;;;;0;1;;;
08/07/2018;04:37:00;53;sem vítima;2,1;BR-153/MG;Sul;Choque - Suporte de Sinalização;1;;;;;;;;;;1;;;;
08/07/2018;04:42:00;54;sem vítima;92,5;BR-060/GO;Norte;Choque - Defensa, barreira ou "submarino";1;;;;;;;;;;1;;;;
08/07/2018;06:31:00;78;sem vítima;45;BR-060/GO;Sul;Saida de Pista;1;;;;;;;;;;1;;;;
08/07/2018;07:04:00;94;com vítima;58,4;BR-060/GO;Sul;Capotamento;1;;;;;;;;;;0;2;;;
08/07/2018;14:23:00;297;com vítima;685;BR-153/GO;Sul;Queda de Moto;;;;1;;;;;;;0;2;;;
08/07/2018;16:01:00;335;com vítima;435,2;BR-262/MG;Oeste;Colisão Lateral;1;;;1;;;;;;;2;;2;;
08/07/2018;17:21:00;387;com vítima;492;BR-262/MG;Oeste;Colisão Transversal;2;;;;;;;;;;3;;1;;
08/07/2018;19:17:00;452;sem vítima;446;BR-262/MG;Leste;Capotamento;;;;;;;;;;1;1;;;;
08/07/2018;20:06:00;482;sem vítima;461;BR-262/MG;Leste;Colisão Lateral;2;;;;;;;;;;5;;;;
08/07/2018;22:25:00;533;sem vítima;564;BR-262/MG;Leste;Atropelamento de Animal;1;;;;;;;;;;1;;;;
09/07/2018;04:29:00;36;sem vítima;585,6;BR-153/GO;Norte;Colisão Traseira;1;;1;;;;;;;;4;;;;
09/07/2018;08:28:00;104;sem vítima;533;BR-262/MG;Leste;Capotamento;1;;;;;;;;;;2;;;;
09/07/2018;09:14:00;131;sem vítima;112;BR-153/MG;Sul;Colisão Transversal;2;;;;;;;;;;2;;;;
09/07/2018;09:25:00;137;sem vítima;413;BR-262/MG;Oeste;Saida de Pista;1;;;;;;;;;;1;;;;
09/07/2018;10:13:00;174;com vítima;388;BR-262/MG;Oeste;Colisão Traseira;2;;;;;;;;;;4;1;;;
09/07/2018;15:40:00;351;com vítima;146,3;BR-153/MG;Sul;Colisão Traseira;;;1;;1;;;;;;1;1;;;
09/07/2018;16:40:00;399;sem vítima;43;BR-060/GO;Norte;Colisão Traseira;1;;1;;;;;;;;2;;;;
09/07/2018;17:40:00;430;com vítima;511,603;BR-153/GO;Sul;Colisão Lateral;;;1;1;;;;;;;1;;;;1
09/07/2018;18:22:00;454;sem vítima;30,1;BR-060/DF;Sul;Saida de Pista;1;;;;;;;;;;1;;;;
09/07/2018;18:35:00;460;sem vítima;501,12;BR-153/GO;Sul;Colisão Lateral;1;;;1;;;;;;;2;;;;
09/07/2018;19:01:00;471;sem vítima;508;BR-153/GO;Norte;Engavetamento;5;;;;;;;;;;8;;;;
09/07/2018;19:16:00;477;sem vítima;96;BR-060/GO;Sul;Colisão Traseira;1;;1;;;;;;;;2;;;;
09/07/2018;19:56:00;493;sem vítima;6;BR-060/DF;Sul;Choque - Poste;1;;;;;;;;;;1;;;;
09/07/2018;20:02:00;494;com vítima;101;BR-060/GO;Norte;Colisão Traseira;1;;;;;1;;;;;2;1;;;
10/07/2018;08:16:00;103;sem vítima;496,6;BR-153/GO;Sul;Colisão Traseira;2;;;;;;;;;;2;;;;
10/07/2018;14:45:00;330;sem vítima;506,2;BR-153/GO;Norte;Colisão Traseira;;;1;;1;;;;;;3;;;;
10/07/2018;17:11:00;404;sem vítima;490,4;BR-153/GO;Sul;Colisão Lateral;1;;1;;;;;;;;2;;;;
10/07/2018;19:57:00;491;sem vítima;441,071;BR-262/MG;Leste;Colisão Lateral;3;;;;;;;;;;3;;;;
10/07/2018;19:58:00;492;com vítima;78;BR-153/MG;Norte;Queda de Moto;;;1;1;;;;;;;1;1;;;
11/07/2018;02:12:00;26;sem vítima;401,172;BR-262/MG;Leste;Choque - Defensa, barreira ou "submarino";1;;;;;;;;;;1;;;;
11/07/2018;04:51:00;46;sem vítima;441;BR-262/MG;Leste;Colisão Traseira;1;;2;;;;;;;;5;;;;
11/07/2018;08:32:00;118;sem vítima;114,8;BR-060/GO;Sul;Choque - Outros;1;;;;;;;;;;1;;;;
11/07/2018;08:55:00;131;sem vítima;490,4;BR-153/GO;Sul;Colisão Traseira;2;;;;;;;;;;2;;;;
11/07/2018;09:25:00;151;com vítima;94,8;BR-060/GO;Sul;Atropelamento - Usuário;1;;;;;;;;;;1;1;;;
11/07/2018;10:04:00;176;sem vítima;94,6;BR-060/GO;Sul;Colisão Traseira;2;;;;;;;;;;2;;;;
11/07/2018;12:32:00;260;com vítima;514,2;BR-153/GO;Sul;Colisão Transversal;1;;;1;;;;;;;1;;1;;
11/07/2018;20:07:00;491;com vítima;96,799;BR-153/MG;Sul;Atropelamento - Morador;;;;;;1;;;;;1;;;;1
11/07/2018;22:06:00;533;sem vítima;490,668;BR-262/MG;Leste;Colisão Lateral;2;;;;;;;;;;2;;;;
11/07/2018;22:57:00;547;sem vítima;100,203;BR-060/GO;Norte;Tombamento;;;1;;;;;;;;1;;;;
12/07/2018;07:02:00;141;com vítima;783,5;BR-262/MG;Leste;Colisão Traseira;1;;;;;;;;;1;0;3;;;
12/07/2018;08:36:00;198;com vítima;421;BR-262/MG;Leste;Colisão Lateral;1;;1;;;;;;;;2;1;;;
12/07/2018;10:36:00;275;sem vítima;486;BR-262/MG;Oeste;Colisão Traseira;2;;;;;;;;;;2;;;;
12/07/2018;11:42:00;314;sem vítima;88,9;BR-060/GO;Norte;Colisão Lateral;2;;;;;;;;;;2;;;;
12/07/2018;12:04:00;323;com vítima;810;BR-262/MG;Leste;Colisão Traseira;1;;;1;;;;;;;1;;1;;
12/07/2018;18:49:00;522;sem vítima;500;BR-153/GO;Sul;Colisão Traseira;1;;1;;;;;;;;3;;;;
12/07/2018;19:43:00;547;sem vítima;546,334;BR-262/MG;Oeste;Atropelamento de Animal;;;1;;;;;;;;1;;;;
12/07/2018;21:51:00;582;sem vítima;427;BR-262/MG;Leste;Colisão Traseira;;;2;;;;;;;;2;;;;
13/07/2018;03:10:00;27;com vítima;395,711;BR-262/MG;Leste;Colisão Traseira;1;;1;;;;;;;;1;;1;;
13/07/2018;04:22:00;36;com vítima;451,416;BR-262/MG;Oeste;Capotamento;1;;;;;;;;;;0;1;;;
13/07/2018;06:47:00;63;sem vítima;107,8;BR-060/GO;Sul;Tombamento;;;1;;;;;;;;1;;;;
13/07/2018;07:43:00;77;sem vítima;508,1;BR-153/GO;Norte;Engavetamento;1;;;1;;;;;;1;4;;;;
13/07/2018;08:06:00;90;com vítima;137,8;BR-153/MG;Sul;Colisão Lateral;;;2;;;;;;;;0;2;;;
13/07/2018;08:23:00;95;com vítima;530;BR-153/GO;Sul;Atropelamento - Ambulante;;;1;;;;;;;;1;;;1;
13/07/2018;09:35:00;127;com vítima;630;BR-262/MG;Leste;Colisão Traseira;1;;;;;;;;;1;2;3;;;
13/07/2018;11:16:00;200;sem vítima;59,025;BR-060/GO;Sul;Capotamento;1;;1;;;;;;;;2;;;;
13/07/2018;11:17:00;201;sem vítima;79,2;BR-060/GO;Sul;Capotamento;1;;;;;;;;;;1;;;;
13/07/2018;13:01:00;265;sem vítima;395,5;BR-262/MG;Oeste;Capotamento;1;;;;;;;;;;2;;;;
13/07/2018;13:08:00;270;com vítima;95,8;BR-060/GO;Sul;Colisão Frontal;2;;;1;;;;;;;2;;1;;
13/07/2018;13:40:00;283;sem vítima;376,9;BR-262/MG;Oeste;Saida de Pista;1;;;;;;;;;;1;;;;
13/07/2018;15:46:00;352;com vítima;591,5;BR-153/GO;Norte;Colisão Lateral;1;;1;;;;;;;;1;3;1;;
13/07/2018;15:52:00;355;com vítima;6,6;BR-153/MG;Norte;Queda de Moto;;;;1;;;;;;;0;;;1;
13/07/2018;17:27:00;426;com vítima;521;BR-153/GO;Norte;Queda de Moto;1;;;1;;;;;;;1;1;;;
13/07/2018;18:40:00;475;com vítima;90,568;BR-060/GO;Norte;Atropelamento - Morador;1;;;;;;;;;;1;;1;;
13/07/2018;20:05:00;510;sem vítima;502;BR-153/GO;Norte;Colisão Lateral;;;1;1;;;;;;;2;;;;
13/07/2018;21:57:00;541;sem vítima;567,5;BR-262/MG;Leste;Saida de Pista;;;1;;;;;;;;1;;;;
13/07/2018;23:03:00;559;com vítima;154,9;BR-153/MG;Sul;Choque - Arvore;1;;;;;;;;;;0;1;;;
14/07/2018;00:42:00;9;sem vítima;115;BR-060/GO;Sul;Saida de Pista;1;;;;;;;;;;5;;;;
14/07/2018;04:42:00;55;com vítima;381,641;BR-262/MG;Oeste;Capotamento;1;;;;;;;;;;4;1;;;
14/07/2018;06:05:00;66;com vítima;517,2;BR-153/GO;Sul;Capotamento;1;;;;;;;;;;1;;1;;
14/07/2018;07:41:00;89;com vítima;105,3;BR-060/GO;Sul;Choque - Elemento de Drenagem;1;;;;;;;;;;2;1;;;
14/07/2018;07:46:00;91;sem vítima;600;BR-262/MG;Leste;Colisão Traseira;1;;1;;;;;;;;5;;;;
14/07/2018;08:00:00;103;sem vítima;129,3;BR-060/GO;Sul;Capotamento;1;;;;;;;;;;3;;;;
14/07/2018;09:22:00;161;com vítima;16,3;BR-153/MG;Sul;Tombamento;;;1;;;;;;;;0;1;;;
14/07/2018;09:25:00;162;sem vítima;107,9;BR-060/GO;Norte;Colisão Traseira;2;;;;;;;;;;5;;;;
14/07/2018;11:49:00;264;sem vítima;547;BR-262/MG;Leste;Choque - Elemento de Drenagem;1;;;;;;;;;;3;;;;
14/07/2018;13:02:00;307;com vítima;611,8;BR-153/GO;Norte;Capotamento;1;;;;;;;;;;0;1;1;;
14/07/2018;13:36:00;331;sem vítima;506,3;BR-153/GO;Norte;Colisão Lateral;2;;;;;;;;;;2;;;;
14/07/2018;14:57:00;375;sem vítima;60,8;BR-060/GO;Norte;Colisão Traseira;2;;;;;;;;;;2;;;;
14/07/2018;15:40:00;415;com vítima;466;BR-262/MG;Leste;Queda de Moto;;;;1;;;;;;;0;1;;;
14/07/2018;17:43:00;501;sem vítima;28;BR-060/GO;Norte;Choque - Talude;1;;;;;;;;;;1;;;;
14/07/2018;18:30:00;531;com vítima;696;BR-153/GO;Sul;Queda de Moto;;;;1;;;;;;;0;1;;;
14/07/2018;20:27:00;596;sem vítima;438;BR-262/MG;Leste;Queda de Moto;;;;1;;;;;;;1;;;;
14/07/2018;21:23:00;620;sem vítima;395;BR-262/MG;Oeste;Choque - Defensa, barreira ou "submarino";1;;;;;;;;;;1;;;;
14/07/2018;21:27:00;622;com vítima;502;BR-153/GO;Sul;Queda de Moto;;;;1;;;;;;;0;2;;;
14/07/2018;23:04:00;647;com vítima;227;BR-153/MG;Sul;Colisão Traseira;;;1;;;;;;;1;3;1;;;
14/07/2018;23:10:00;650;sem vítima;411;BR-262/MG;Oeste;Atropelamento de Animal;;;;;1;;;;;;55;;;;
15/07/2018;00:45:00;16;com vítima;574;BR-262/MG;Leste;Capotamento;1;;;;;;;;;;0;1;;;
15/07/2018;04:41:00;72;sem vítima;549;BR-262/MG;Oeste;Tombamento;;;1;;;;;;;;1;;;;
15/07/2018;06:44:00;93;sem vítima;428,065;BR-262/MG;Oeste;Capotamento;1;;;;;;;;;;1;;;;
15/07/2018;08:30:00;135;com vítima;58,799;BR-153/MG;Norte;Colisão Frontal;1;;1;;;;;;;;1;3;;;