data;horario;n_da_ocorrencia;tipo_de_ocorrencia;km;trecho;sentido;tipo_de_acidente;automovel;bicicleta;caminhao;moto;onibus;outros;tracao_animal;transporte_de_cargas_especiais;trator_maquinas;utilitarios;ilesos;levemente_feridos;moderadamente_feridos;gravemente_feridos;mortos
15/07/2018;09:14:00;159;com vítima;602,3;BR-262/MG;Oeste;Capotamento;1;;;;;;;;;;0;3;;;
15/07/2018;09:42:00;172;com vítima;18,899;BR-060/DF;Norte;Colisão Traseira;1;;;1;;;;;;;1;;1;;
15/07/2018;10:43:00;213;sem vítima;394;BR-262/MG;Oeste;Colisão Lateral;1;;;;;;;;;1;2;;;;
15/07/2018;17:29:00;457;com vítima;803,37;BR-262/MG;Leste;Queda de Moto;;;;1;;;;;;;0;1;;;
15/07/2018;18:08:00;475;sem vítima;73,7;BR-153/MG;Norte;Colisão Lateral;;;2;;;;;;;;2;;;;
15/07/2018;18:23:00;486;sem vítima;379,001;BR-262/MG;Oeste;Saida de Pista;1;;;;;;;;;;1;;;;
15/07/2018;19:19:00;516;sem vítima;5,099;BR-060/DF;Sul;Choque - Elemento de Drenagem;1;;;;;;;;;;1;;;;
15/07/2018;19:24:00;519;com vítima;715,2;BR-262/MG;Leste;Queda de Moto;;;;1;;;;;;;0;;1;;
15/07/2018;21:52:00;575;sem vítima;356,771;BR-262/MG;Leste;Atropelamento de Animal;3;;;;;;;;;;3;;;;
15/07/2018;22:36:00;584;sem vítima;1,8;BR-153/MG;Sul;Choque - Suporte de Sinalização;1;;;;;;;;;;1;;;;
16/07/2018;00:39:00;8;com vítima;442,87;BR-262/MG;Oeste;Atropelamento - Andarilho;;;;;1;;;;;;42;;;;1
16/07/2018;02:05:00;26;com vítima;507,399;BR-153/GO;Sul;Atropelamento de Animal;;;;1;;;;;;;0;1;;;
16/07/2018;07:17:00;91;sem vítima;636,2;BR-153/GO;Sul;Saida de Pista;1;;;;;;;;;;1;;;;
16/07/2018;07:47:00;104;com vítima;510,6;BR-153/GO;Norte;Colisão Lateral;1;;;1;;;;;;;3;1;1;;
16/07/2018;10:13:00;219;sem vítima;406,6;BR-262/MG;Oeste;Colisão Traseira;;;2;;;;;;;;2;;;;
16/07/2018;11:34:00;275;sem vítima;109,54;BR-060/GO;Sul;Colisão Lateral;1;;1;;;;;;;;2;;;;
16/07/2018;12:26:00;303;sem vítima;389;BR-262/MG;Leste;Choque - Defensa, barreira ou "submarino";;;1;;;;;;;;1;;;;
16/07/2018;13:33:00;340;sem vítima;511,6;BR-153/GO;Norte;Queda de Moto;;;;1;;;;;;;1;;;;
16/07/2018;14:52:00;384;com vítima;401;BR-262/MG;Leste;Atropelamento - Outros;1;;1;;;;;;;;1;;1;;
16/07/2018;17:23:00;469;com vítima;463;BR-262/MG;Oeste;Colisão Traseira;;;1;1;;;;;;;2;;1;;
16/07/2018;17:39:00;478;com vítima;421;BR-262/MG;Leste;Capotamento;1;;;;;;;;;;0;;1;1;
16/07/2018;18:57:00;508;com vítima;462,389;BR-262/MG;Leste;Colisão Traseira;;;;1;;1;;;;;1;;1;;
16/07/2018;19:04:00;513;sem vítima;96,803;BR-060/GO;Norte;Engavetamento;3;;;;;;;;;;3;;;;
16/07/2018;19:37:00;524;sem vítima;429;BR-262/MG;Leste;Tombamento;;;1;;;;;;;;1;;;;
17/07/2018;00:06:00;2;sem vítima;497;BR-262/MG;Leste;Colisão Traseira;;;3;;;;;;;;3;;;;
17/07/2018;00:28:00;5;sem vítima;56,8;BR-060/GO;Norte;Saida de Pista;1;;;;;;;;;;1;;;;
17/07/2018;15:57:00;439;com vítima;27;BR-153/MG;Norte;Colisão Frontal;1;;1;;;;;;;;0;1;;;2
17/07/2018;17:01:00;476;sem vítima;96,5;BR-060/GO;Norte;Engavetamento;3;;;;;;;;;;3;;;;
17/07/2018;17:48:00;500;sem vítima;30,3;BR-060/GO;Sul;Colisão Traseira;1;;1;;;;;;;;2;;;;
17/07/2018;18:50:00;532;com vítima;506;BR-153/GO;Norte;Colisão Traseira;1;;;1;;;;;;;1;;1;;
17/07/2018;18:56:00;537;sem vítima;675,4;BR-153/GO;Sul;Atropelamento - Andarilho;;1;;;1;;;;;;2;;;;
17/07/2018;19:39:00;556;sem vítima;505,83;BR-153/GO;Sul;Engavetamento;3;;;;;;;;;;3;;;;
17/07/2018;20:02:00;564;sem vítima;817,368;BR-262/MG;Leste;Saida de Pista;;;;;;1;;;;1;4;;;;
17/07/2018;20:26:00;573;sem vítima;3;BR-060/DF;Sul;Saida de Pista;1;;;;;;;;;;1;;;;
18/07/2018;06:13:00;44;com vítima;27,9;BR-060/GO;Sul;Colisão Traseira;;;2;;;;;;;;1;1;;;
18/07/2018;08:06:00;91;sem vítima;28,05;BR-060/GO;Norte;Colisão Traseira;2;;;;;;;;;;2;;;;
18/07/2018;10:31:00;216;sem vítima;101,001;BR-060/GO;Norte;Colisão Transversal;2;;;;;;;;;;2;;;;
18/07/2018;10:33:00;219;sem vítima;612;BR-153/GO;Sul;Capotamento;1;;;;;;;;;;5;;;;
18/07/2018;11:37:00;277;sem vítima;473,213;BR-262/MG;Oeste;Colisão Traseira;1;;1;;;;;;;;2;;;;
18/07/2018;14:05:00;368;sem vítima;505,7;BR-153/GO;Sul;Colisão Traseira;1;;;1;;;;;;;2;;;;
18/07/2018;17:08:00;509;sem vítima;224;BR-153/MG;Norte;;1;;;;;;;;;;1;;;;
18/07/2018;17:19:00;515;com vítima;412,968;BR-262/MG;Leste;Colisão Traseira;;;;2;;;;;;;1;1;;;
19/07/2018;03:51:00;38;sem vítima;515,799;BR-153/GO;Norte;Choque - Suporte de Sinalização;1;;;;;;;;;;1;;;;
19/07/2018;06:50:00;79;sem vítima;394,7;BR-262/MG;Leste;Saida de Pista;;;2;;;;;;;;2;;;;
19/07/2018;07:44:00;98;sem vítima;493,5;BR-153/GO;Norte;Colisão Lateral;1;;1;;;;;;;;2;;;;
19/07/2018;08:17:00;114;com vítima;629;BR-153/GO;Norte;Capotamento;1;;;;;;;;;;0;;;1;
19/07/2018;08:19:00;115;sem vítima;495,9;BR-153/GO;Sul;Colisão Traseira;;;2;;;;;;;;2;;;;
19/07/2018;09:45:00;166;sem vítima;496,4;BR-153/GO;Sul;Engavetamento;3;;1;;;;;;;;9;;;;
19/07/2018;13:51:00;316;sem vítima;147,7;BR-153/MG;Sul;Colisão Traseira;1;;1;;;;;;;;2;;;;
20/07/2018;02:13:00;33;sem vítima;622,269;BR-262/MG;Oeste;Colisão Traseira;;;2;;;;;;;;2;;;;
20/07/2018;12:39:00;351;sem vítima;685;BR-153/GO;Sul;Colisão Traseira;;;1;;1;;;;;;2;;;;
20/07/2018;14:29:00;411;com vítima;406,3;BR-262/MG;Leste;Choque - Objeto sobre a pista;1;;;1;;;;;;;1;1;;;
20/07/2018;14:52:00;426;sem vítima;14,699;BR-153/MG;Norte;Saida de Pista;1;;;;;;;;;;1;;;;
20/07/2018;15:36:00;453;sem vítima;579,9;BR-153/GO;Norte;Capotamento;1;;;;;;;;;;3;;;;
20/07/2018;17:13:00;507;sem vítima;128,1;BR-153/MG;Sul;Colisão Traseira;2;;;;;;;;;;2;;;;
20/07/2018;22:49:00;664;sem vítima;553,299;BR-153/GO;Norte;Tombamento;;;1;;;1;;;;;2;;;;
21/07/2018;03:30:00;43;sem vítima;529,189;BR-153/GO;Sul;Colisão Traseira;2;;;;;;;;;;4;;;;
21/07/2018;07:34:00;107;sem vítima;409,3;BR-262/MG;Oeste;Choque - Talude;1;;;;;;;;;;2;;;;
21/07/2018;07:45:00;111;com vítima;471;BR-262/MG;Leste;Colisão Traseira;1;;1;;;;;;;;4;2;;;
21/07/2018;08:50:00;144;com vítima;369;BR-262/MG;Leste;Queda de Moto;;;;1;;;;;;;0;1;1;;
21/07/2018;11:58:00;252;sem vítima;403,3;BR-262/MG;Oeste;Atropelamento de Animal;1;;;;;;;;;;1;;;;
21/07/2018;16:51:00;419;com vítima;18,7;BR-060/GO;Sul;Queda de Moto;;;;1;;;;;;;0;1;;;
21/07/2018;17:16:00;441;com vítima;136,8;BR-060/GO;Sul;Colisão Frontal;1;;;1;;;;;;;2;;;1;
21/07/2018;17:59:00;480;com vítima;12,5;BR-153/MG;Sul;Capotamento;1;;;;;;;;;;0;2;;;
21/07/2018;18:01:00;482;com vítima;541,074;BR-153/GO;Sul;Queda de Moto;;;;1;;;;;;;0;2;;;
21/07/2018;18:09:00;485;com vítima;97,7;BR-060/GO;Norte;Queda de Moto;;;;1;;;;;;;0;1;;;
21/07/2018;18:15:00;488;com vítima;509,2;BR-153/GO;Norte;Colisão Traseira;1;;;1;;;;;;;1;1;;;
21/07/2018;18:40:00;503;sem vítima;356;BR-262/MG;Leste;Colisão Traseira;2;;;;;;;;;;6;;;;
21/07/2018;18:54:00;507;com vítima;507,3;BR-153/GO;Norte;Colisão Traseira;2;;;;;;;;;;1;1;;;
21/07/2018;19:48:00;534;com vítima;513,7;BR-153/GO;Sul;Colisão Traseira;1;;;1;;;;;;;1;1;;;
21/07/2018;20:02:00;539;com vítima;113,599;BR-060/GO;Sul;Queda de Moto;;;;1;;;;;;;0;1;1;;
21/07/2018;21:25:00;554;sem vítima;28,1;BR-060/GO;Sul;Capotamento;1;;;;;;;;;;2;;;;
21/07/2018;21:55:00;562;sem vítima;97,995;BR-060/GO;Sul;Capotamento;1;;;;;;;;;;1;;;;
21/07/2018;23:02:00;584;sem vítima;449;BR-262/MG;Leste;Saida de Pista;1;;;;;;;;;;1;;;;
22/07/2018;03:39:00;33;sem vítima;408,567;BR-262/MG;Leste;Saida de Pista;1;;;;;;;;;;2;;;;
22/07/2018;06:41:00;62;sem vítima;364;BR-262/MG;Oeste;Choque - Arvore;1;;;;;;;;;;1;;;;
22/07/2018;10:16:00;182;com vítima;538,899;BR-153/GO;Sul;Choque - Outros;1;;;;;;;;;;2;1;;;
22/07/2018;12:58:00;276;sem vítima;437,78;BR-262/MG;Oeste;Colisão Traseira;2;;;;;;;;;;3;;;;
22/07/2018;14:43:00;348;sem vítima;366,3;BR-262/MG;Oeste;Tombamento;1;;;;;;;;;;1;;;;
22/07/2018;16:18:00;418;com vítima;572,846;BR-262/MG;Oeste;Choque - Talude;1;;;;;;;;;;3;1;1;;
22/07/2018;16:28:00;424;sem vítima;375,076;BR-262/MG;Oeste;Saida de Pista;;;;;;;;;;1;2;;;;
22/07/2018;17:00:00;443;sem vítima;516;BR-153/GO;Sul;Saida de Pista;1;;1;;;;;;;;2;;;;
22/07/2018;19:19:00;518;com vítima;521,5;BR-153/GO;Norte;Colisão Traseira;2;;;;;;;;;;3;1;;;
22/07/2018;19:53:00;534;sem vítima;5;BR-060/DF;Sul;Choque - Suporte de Sinalização;1;;;;;;;;;;1;;;;
22/07/2018;21:04:00;571;com vítima;118,4;BR-060/GO;Norte;Colisão Lateral;1;;;1;;;;;;;1;2;;;
22/07/2018;23:59:00;643;sem vítima;6,6;BR-060/DF;Norte;Choque - Poste;1;;;;;;;;;;1;;;;
22/07/2018;23:59:00;644;com vítima;504,1;BR-153/GO;Norte;Queda de Moto;;;;1;;;;;;;0;;;1;
23/07/2018;06:16:00;79;com vítima;459,934;BR-262/MG;Leste;Colisão Frontal;2;;1;;;;;;;;4;1;;1;3
23/07/2018;07:08:00;93;com vítima;102,831;BR-060/GO;Norte;Colisão Traseira;1;;;1;;;;;;;1;1;;;
23/07/2018;07:24:00;101;com vítima;678,371;BR-262/MG;Oeste;Choque - Talude;1;;;;;;;;;;0;3;1;;
23/07/2018;09:28:00;168;sem vítima;455;BR-262/MG;Oeste;Colisão Traseira;1;;1;;;;;;;;2;;;;
23/07/2018;09:29:00;170;com vítima;675,519;BR-153/GO;Sul;Tombamento;;;1;;;;;;;;0;1;;;
23/07/2018;13:07:00;351;com vítima;9,9;BR-060/DF;Norte;Capotamento;2;;;;;;;;;;1;1;;;
23/07/2018;14:24:00;384;sem vítima;780,127;BR-262/MG;Oeste;Capotamento;1;;1;;;;;;;;2;;;;
23/07/2018;15:25:00;423;com vítima;392,001;BR-262/MG;Oeste;Tombamento;;;1;;;;;;;;0;1;;;
23/07/2018;15:48:00;439;sem vítima;43;BR-060/GO;Sul;Colisão Traseira;2;;;;;;;;;;2;;;;
23/07/2018;16:38:00;460;com vítima;512,7;BR-153/GO;Sul;Objeto lançado contra veículo;;;;1;;;;;;;0;;;;1
23/07/2018;18:02:00;493;com vítima;509,4;BR-153/GO;Norte;Colisão Lateral;;;1;1;;;;;;;1;;1;;
23/07/2018;18:13:00;501;com vítima;96;BR-060/GO;Norte;Colisão Traseira;;;1;1;;;;;;;1;;1;;
23/07/2018;19:00:00;514;sem vítima;497,9;BR-153/GO;Norte;Colisão Traseira;2;;;;;;;;;;2;;;;
23/07/2018;21:23:00;584;com vítima;505;BR-153/GO;Sul;Queda de Moto;;;;1;;;;;;;0;1;;;
23/07/2018;22:46:00;616;com vítima;536,368;BR-262/MG;Oeste;Queda de Moto;;;;1;;;;;;;0;1;;;
24/07/2018;08:33:00;130;sem vítima;600;BR-262/MG;Oeste;Colisão Traseira;;;2;;;;;;;;2;;;;
24/07/2018;11:03:00;272;com vítima;580;BR-262/MG;Oeste;Choque - Outros;;;;1;;;;;;;0;;1;;
24/07/2018;14:06:00;373;com vítima;506,7;BR-153/GO;Sul;Engavetamento;1;;3;1;1;;;;;2;38;2;;;
24/07/2018;18:46:00;549;sem vítima;507,778;BR-153/GO;Sul;Capotamento;1;;1;;;;;;;;3;;;;
24/07/2018;19:58:00;580;com vítima;507,77;BR-153/GO;Sul;Colisão Lateral;;;;1;;1;;;;;1;1;;;
24/07/2018;23:41:00;648;sem vítima;568,6;BR-153/GO;Norte;Capotamento;1;;;;;;;;;;1;;;;
25/07/2018;04:42:00;35;com vítima;9,472;BR-060/GO;Sul;Capotamento;1;;;;;;;;;;1;1;;2;
25/07/2018;05:35:00;45;com vítima;542;BR-262/MG;Leste;Tombamento;;;1;;;;;;;;0;1;;;
25/07/2018;08:14:00;107;com vítima;101,625;BR-060/GO;Norte;Colisão Lateral;1;;;1;;;;;;;1;1;;;
25/07/2018;08:33:00;125;com vítima;596;BR-262/MG;Oeste;Colisão Lateral;1;;1;;;;;;;;4;2;;;
25/07/2018;09:17:00;155;sem vítima;118;BR-060/GO;Sul;Colisão Lateral;2;;;;;;;;;;2;;;;
25/07/2018;16:05:00;388;sem vítima;94,794;BR-060/GO;Norte;Colisão Transversal;2;;;;;;;;;;2;;;;
25/07/2018;19:46:00;490;com vítima;510,616;BR-153/GO;Norte;Queda de Moto;;;;1;;;;;;;0;1;;;
25/07/2018;20:05:00;524;com vítima;510,616;BR-153/GO;Norte;Queda de Moto;;;;1;;;;;;;0;1;;;
25/07/2018;20:58:00;535;sem vítima;590;BR-262/MG;Oeste;Colisão Traseira;;;2;;;;;;;;2;;;;
26/07/2018;02:12:00;24;sem vítima;225,5;BR-153/MG;Norte;Choque - Suporte de Sinalização;;;;;;;;;;1;1;;;;
26/07/2018;05:51:00;62;sem vítima;121;BR-153/MG;Sul;Colisão Traseira;1;;1;;;;;;;;4;;;;
26/07/2018;06:08:00;65;com vítima;97,3;BR-060/GO;Sul;Colisão Traseira;2;;;;;;;;;;2;1;;;
26/07/2018;09:57:00;187;sem vítima;444,9;BR-262/MG;Leste;Colisão Traseira;1;;;1;;;;;;;2;;;;
26/07/2018;14:38:00;382;sem vítima;539,9;BR-262/MG;Leste;Colisão Traseira;1;;1;;;;;;;;2;;;;
26/07/2018;16:11:00;438;com vítima;558,006;BR-262/MG;Leste;Colisão Frontal;2;;;;;;;;;;0;2;2;;
26/07/2018;17:08:00;473;com vítima;93;BR-060/GO;Sul;Choque - Defensa, barreira ou "submarino";;;;1;;;;;;;0;1;;;
26/07/2018;19:08:00;538;sem vítima;360,001;BR-262/MG;Oeste;Colisão Traseira;1;;1;;;;;;;;2;;;;
26/07/2018;19:08:00;539;sem vítima;417,076;BR-262/MG;Leste;Capotamento;;;;;;;;;;1;2;;;;
27/07/2018;04:18:00;61;sem vítima;563,2;BR-153/GO;Norte;Choque - Talude;1;;;;;;;;;;1;;;;
27/07/2018;05:21:00;67;sem vítima;126,799;BR-060/GO;Norte;Choque - Objeto sobre a pista;2;;1;;;;;;;;3;;;;
27/07/2018;06:26:00;86;sem vítima;553,7;BR-262/MG;Leste;Choque - Talude;;;1;;;;;;;;1;;;;
27/07/2018;06:44:00;91;com vítima;662,356;BR-153/GO;Sul;Capotamento;1;;;;;;;;;;0;1;;;
27/07/2018;06:58:00;96;com vítima;244,556;BR-153/MG;Norte;Colisão Lateral;;;;1;;;;;;1;0;2;;;
27/07/2018;09:28:00;183;com vítima;500;BR-153/GO;Norte;Colisão Traseira;1;;1;;;;;;;;2;1;;;
27/07/2018;14:28:00;387;sem vítima;448;BR-262/MG;Leste;Colisão Lateral;1;;1;;;;;;;;2;;;;
27/07/2018;17:28:00;492;com vítima;509;BR-153/GO;Norte;Atropelamento - Ciclista;1;1;;;;;;;;;1;1;;;
27/07/2018;19:39:00;559;sem vítima;693,99;BR-262/MG;Oeste;Colisão Lateral;1;;1;;;;;;;;2;;;;
27/07/2018;20:25:00;583;sem vítima;500,699;BR-153/GO;Norte;Colisão Lateral;1;;1;;;;;;;;2;;;;
27/07/2018;20:28:00;587;sem vítima;500;BR-153/GO;Norte;Colisão Lateral;1;;1;;;;;;;;2;;;;
28/07/2018;00:08:00;2;com vítima;496;BR-153/GO;Sul;Colisão Traseira;1;;;1;;;;;;;1;1;;;
28/07/2018;03:11:00;47;sem vítima;12;BR-153/MG;Norte;Atropelamento de Animal;1;;;;;;;;;;2;;;;
28/07/2018;06:12:00;80;sem vítima;423;BR-262/MG;Oeste;Choque - Arvore;1;;;;;;;;;;2;;;;
28/07/2018;08:01:00;123;sem vítima;23,2;BR-060/GO;Norte;Capotamento;1;;;;;;;;;;3;;;;
28/07/2018;10:56:00;215;sem vítima;591,8;BR-153/GO;Norte;Saida de Pista;1;;;;;;;;;;4;;;;
28/07/2018;14:08:00;318;sem vítima;799;BR-262/MG;Leste;Colisão Traseira;1;;1;;;;;;;;3;;;;
28/07/2018;16:44:00;420;sem vítima;15,5;BR-153/MG;Norte;Capotamento;1;;;;;;;;;;2;;;;
28/07/2018;18:15:00;470;sem vítima;9;BR-060/GO;Sul;Queda de Moto;;;;1;;;;;;;1;;;;
28/07/2018;19:38:00;506;com vítima;236;BR-153/MG;Sul;Colisão Lateral;2;;;;;;;;;;0;3;;;
28/07/2018;20:28:00;524;com vítima;666,732;BR-153/GO;Sul;Choque - Suporte de Sinalização;;;1;;;;;;;;0;1;;;
28/07/2018;21:15:00;538;com vítima;514,245;BR-153/GO;Norte;Colisão Traseira;1;;;;1;;;;;;4;;;1;
28/07/2018;21:40:00;546;com vítima;88;BR-153/MG;Sul;Saida de Pista;1;;;;;;;;;;0;;1;;
28/07/2018;22:27:00;564;sem vítima;26;BR-060/GO;Norte;Carreta deu L;;;1;;;;;;;;1;;;;
28/07/2018;22:38:00;565;com vítima;598;BR-153/GO;Sul;Choque - Talude;1;;;;;;;;;;0;1;;;
29/07/2018;02:03:00;24;com vítima;12,099;BR-060/DF;Norte;Queda de Moto;;;;1;;;;;;;0;;;;1
29/07/2018;05:35:00;59;sem vítima;22,468;BR-060/DF;Sul;Capotamento;1;;;;;;;;;;1;;;;
29/07/2018;07:46:00;94;com vítima;23;BR-153/MG;Sul;Capotamento;1;;;;;;;;;;0;2;;;
29/07/2018;09:07:00;134;com vítima;511;BR-262/MG;Leste;Colisão Frontal;2;;;;;;;;;;2;;1;;
29/07/2018;10:07:00;167;com vítima;875,188;BR-262/MG;Leste;Saida de Pista;1;;;;;;;;;;1;;1;;
29/07/2018;10:55:00;195;com vítima;670,299;BR-153/GO;Sul;Colisão Traseira;;;1;1;;;;;;;1;;;;1
29/07/2018;13:02:00;265;com vítima;496,8;BR-153/GO;Sul;Queda de Moto;;;;1;;;;;;;1;1;;;
29/07/2018;14:08:00;291;sem vítima;4,3;BR-060/GO;Norte;Saida de Pista;1;;;;;;;;;;1;;;;
29/07/2018;16:50:00;405;com vítima;501,07;BR-153/GO;Norte;Queda de Moto;;;;1;;;;;;;1;1;;;
29/07/2018;17:20:00;426;com vítima;4;BR-060/DF;Norte;Colisão Traseira;2;;;;;;;;;;1;3;;;
29/07/2018;18:04:00;461;sem vítima;365,5;BR-262/MG;Leste;Colisão Traseira;2;;;;;;;;;;2;;;;
29/07/2018;18:44:00;488;com vítima;387;BR-262/MG;Oeste;Queda de Moto;;;;1;;;;;;;0;2;;;
29/07/2018;19:15:00;502;sem vítima;394;BR-262/MG;Oeste;Colisão Transversal;1;;;;;1;;;;;2;;;;
29/07/2018;20:54:00;544;com vítima;21,585;BR-153/MG;Sul;Colisão Traseira;1;;1;;;;;;;;1;1;;;
29/07/2018;22:58:00;590;com vítima;368,3;BR-262/MG;Oeste;Choque - Suporte de Sinalização;;;;1;;;;;;;0;;1;;
30/07/2018;04:51:00;34;sem vítima;706,829;BR-262/MG;Oeste;Tombamento;;;1;;;;;;;;1;;;;
30/07/2018;07:31:00;76;sem vítima;409;BR-262/MG;Leste;Colisão Lateral;;;2;;;;;;;;2;;;;
30/07/2018;08:12:00;100;sem vítima;496,1;BR-153/GO;Sul;Engavetamento;3;;;;;;;;;;3;;;;
30/07/2018;10:04:00;175;sem vítima;506,5;BR-153/GO;Norte;Colisão Traseira;;;;;;;;;;2;2;;;;
30/07/2018;14:15:00;379;sem vítima;501,7;BR-153/GO;Norte;Colisão Lateral;1;;1;;;;;;;;2;;;;
30/07/2018;14:47:00;397;sem vítima;382,043;BR-262/MG;Oeste;Choque - Suporte de Sinalização;1;;;;;;;;;;1;;;;
30/07/2018;15:41:00;435;sem vítima;539,5;BR-153/GO;Sul;Queda de Ciclista;;;;1;;;;;;;1;;;;
30/07/2018;16:56:00;483;com vítima;364,6;BR-262/MG;Oeste;Tombamento;;;1;;1;;;;;;6;;1;;
30/07/2018;17:27:00;506;sem vítima;19,7;BR-060/GO;Sul;Colisão Traseira;2;;;;;;;;;;2;;;;
30/07/2018;23:09:00;641;sem vítima;4;BR-060/DF;Sul;Colisão Traseira;2;;;;;;;;;;2;;;;
31/07/2018;01:48:00;32;com vítima;11;BR-153/MG;Sul;Capotamento;;;;;;;;;;1;0;1;;;
31/07/2018;07:39:00;123;com vítima;31,8;BR-060/GO;Sul;Colisão Transversal;;;1;;;;;;;1;1;1;;;
31/07/2018;08:05:00;141;sem vítima;500,001;BR-153/GO;Sul;Engavetamento;3;;;;;;;;;;5;;;;
31/07/2018;12:00:00;344;sem vítima;382,578;BR-262/MG;Oeste;Choque - Defensa, barreira ou "submarino";1;;;;;;;;;;1;;;;
31/07/2018;16:28:00;539;sem vítima;502,5;BR-153/GO;Norte;Colisão Lateral;2;;;;;;;;;;2;;;;
31/07/2018;16:40:00;547;sem vítima;719;BR-262/MG;Leste;Colisão Traseira;1;;;;;1;;;;;2;;;;
31/07/2018;20:08:00;688;sem vítima;607,2;BR-153/GO;Norte;Colisão Lateral;2;;;;;;;;;;2;;;;
01/08/2018;07:40:00;117;sem vítima;495,8;BR-153/GO;Sul;Colisão Traseira;2;;;;;;;;;;2;;;;
01/08/2018;09:12:00;173;com vítima;93,9;BR-060/GO;Norte;Queda de Moto;;;;1;;;;;;;0;;1;;
01/08/2018;11:46:00;322;com vítima;31,84;BR-060/GO;Norte;Colisão Transversal;1;;;1;;;;;;;1;1;;;
01/08/2018;13:03:00;357;sem vítima;565;BR-262/MG;Leste;Saida de Pista;1;;;;;;;;;;1;;;;
01/08/2018;16:55:00;497;sem vítima;110,2;BR-060/GO;Norte;Colisão Transversal;2;;;;;;;;;;4;;;;
01/08/2018;18:38:00;543;sem vítima;429,224;BR-262/MG;Leste;Choque - Defensa, barreira ou "submarino";1;;;;;;;;;;1;;;;
01/08/2018;21:41:00;612;sem vítima;504,272;BR-153/GO;Norte;Colisão Traseira;2;;;;;;;;;;2;;;;
01/08/2018;21:54:00;617;sem vítima;694;BR-262/MG;Leste;Saida de Pista;1;;;;;;;;;;1;;;;
01/08/2018;21:57:00;619;sem vítima;475;BR-262/MG;Leste;Saida de Pista;1;;;;;;;;;;1;;;;
02/08/2018;02:08:00;20;sem vítima;17,243;BR-153/MG;Norte;Tombamento;;;;;;;;;;1;1;;;;
02/08/2018;07:15:00;76;sem vítima;61,4;BR-060/GO;Norte;Colisão Lateral;1;;1;;;;;;;;2;;;;
02/08/2018;09:05:00;155;sem vítima;385;BR-262/MG;Leste;Capotamento;1;;;;;;;;;;1;;;;
02/08/2018;09:24:00;169;sem vítima;480;BR-262/MG;Oeste;Choque - Talude;;;1;;;;;;;;1;;;;
02/08/2018;09:56:00;194;com vítima;451;BR-262/MG;Leste;Queda de Ciclista;;;;1;;;;;;;0;1;;;
02/08/2018;10:02:00;201;sem vítima;637;BR-262/MG;Oeste;Saida de Pista;;;1;;;;;;;;1;;;;
02/08/2018;11:19:00;255;sem vítima;99;BR-060/GO;Sul;Colisão Traseira;;;1;;1;;;;;;2;;;;
02/08/2018;12:38:00;318;sem vítima;574;BR-262/MG;Leste;Colisão Transversal;;;1;;;;;;;;1;;;;
02/08/2018;12:38:00;319;sem vítima;377,3;BR-262/MG;Oeste;Saida de Pista;;;1;;;;;;;;1;;;;
02/08/2018;13:09:00;334;com vítima;430,9;BR-262/MG;Leste;Tombamento;;;1;;;;;;;;0;;;1;
02/08/2018;15:44:00;428;sem vítima;65,3;BR-060/GO;Sul;Colisão Lateral;1;;1;;;;;;;;2;;;;
02/08/2018;19:15:00;517;com vítima;877,714;BR-262/MG;Leste;Capotamento;1;;;;;;;;;;1;;1;;1
02/08/2018;20:03:00;526;com vítima;510,475;BR-153/GO;Sul;Colisão Traseira;1;;;1;;;;;;;1;;;1;
02/08/2018;20:53:00;551;sem vítima;109,299;BR-060/GO;Sul;Colisão Transversal;1;;1;;;;;;;;6;;;;
02/08/2018;23:22:00;603;com vítima;95,462;BR-060/GO;Norte;Atropelamento de Animal;;;;1;;;;;;;0;1;;;
02/08/2018;23:29:00;605;com vítima;237;BR-153/MG;Norte;Queda de Moto;;;;1;;;;;;;0;1;;;
02/08/2018;23:22:00;608;sem vítima;95,462;BR-060/GO;Norte;Colisão Traseira;1;;;;;;;;;;1;;;;
03/08/2018;01:05:00;20;sem vítima;693;BR-262/MG;Leste;Saida de Pista;;;1;;;;;;;;1;;;;
03/08/2018;01:56:00;30;sem vítima;561,899;BR-153/GO;Norte;Choque - Talude;1;;;;;;;;;;1;;;;
03/08/2018;08:02:00;99;com vítima;400;BR-262/MG;Oeste;Colisão Traseira;1;;;1;;;;;;;1;1;;;
03/08/2018;11:51:00;235;sem vítima;131,4;BR-060/GO;Norte;Colisão Traseira;2;;;;;;;;;;2;;;;
03/08/2018;15:03:00;330;sem vítima;8,2;BR-060/DF;Norte;Colisão Frontal;1;;;;1;;;;;;2;;;;
03/08/2018;15:40:00;355;sem vítima;547,475;BR-262/MG;Leste;Capotamento;1;;;;;;;;;;3;;;;
03/08/2018;16:35:00;393;sem vítima;506,9;BR-153/GO;Sul;Engavetamento;3;;;;;;;;;;3;;;;
03/08/2018;19:30:00;500;sem vítima;594;BR-262/MG;Oeste;Carreta deu L;;;1;;;;;;;;1;;;;
03/08/2018;20:01:00;517;sem vítima;590;BR-262/MG;Oeste;Saida de Pista;;;;;;;;;;1;1;;;;
03/08/2018;20:49:00;552;sem vítima;435;BR-262/MG;Oeste;Saida de Pista;1;;;;;;;;;;1;;;;
03/08/2018;23:10:00;607;com vítima;33;BR-060/GO;Norte;Atropelamento - Andarilho;1;;;;;;;;;;1;1;;;
03/08/2018;23:29:00;616;sem vítima;35,8;BR-060/GO;Sul;Choque - Talude;1;;;;;;;;;;1;;;;
04/08/2018;03:36:00;46;com vítima;636,5;BR-153/GO;Norte;Colisão Traseira;;;2;;;;;;;;0;1;;1;