data;horario;n_da_ocorrencia;tipo_de_ocorrencia;km;trecho;sentido;tipo_de_acidente;automovel;bicicleta;caminhao;moto;onibus;outros;tracao_animal;transporte_de_cargas_especiais;trator_maquinas;utilitarios;ilesos;levemente_feridos;moderadamente_feridos;gravemente_feridos;mortos
19/08/2018;21:35:00;469;com vítima;138,044;BR-153/MG;Norte;Colisão Traseira;;;1;1;;;;;;;1;;1;;
20/08/2018;00:47:00;12;sem vítima;89,299;BR-153/MG;Sul;Atropelamento de Animal;;;1;;;;;;;;1;;;;
20/08/2018;07:12:00;102;sem vítima;36,8;BR-060/GO;Sul;Colisão Traseira;1;;1;;;;;;;;2;;;;
20/08/2018;08:18:00;142;sem vítima;504,2;BR-153/GO;Norte;Colisão Traseira;2;;;;;;;;;;2;;;;
20/08/2018;09:22:00;195;com vítima;667;BR-262/MG;Leste;Capotamento;1;;;;;;;;;;1;1;;;
20/08/2018;11:10:00;273;sem vítima;557,588;BR-262/MG;Oeste;Tombamento;;;1;;;;;;;;1;;;;
20/08/2018;11:14:00;275;sem vítima;357,343;BR-262/MG;Leste;Choque - Elemento de Drenagem;1;;;;;;;;;;1;;;;
20/08/2018;14:14:00;376;com vítima;421;BR-262/MG;Leste;Colisão Traseira;1;;1;;;;;;;;1;;;1;
20/08/2018;15:26:00;417;sem vítima;527,9;BR-153/GO;Sul;Saida de Pista;;;1;;;;;;;;1;;;;
20/08/2018;19:53:00;548;sem vítima;491,8;BR-153/GO;Sul;Choque - Defensa, barreira ou "submarino";1;;;;;;;;;;1;;;;
21/08/2018;02:39:00;33;com vítima;210;BR-153/MG;Norte;Tombamento;;;1;;;;;;;;0;1;;;
21/08/2018;07:57:00;113;sem vítima;502,22;BR-153/GO;Norte;Engavetamento;3;;;;;;;;;;3;;;;
21/08/2018;08:46:00;150;com vítima;534,05;BR-153/GO;Norte;Colisão Traseira;1;;1;;;;;;;;3;1;;;
21/08/2018;09:04:00;158;com vítima;99,3;BR-060/GO;Norte;Tombamento;;;1;;;;;;;;0;1;;;
21/08/2018;11:21:00;240;sem vítima;53,8;BR-060/GO;Sul;Choque - Defensa, barreira ou "submarino";1;;;;;;;;;;1;;;;
21/08/2018;12:54:00;287;sem vítima;97;BR-060/GO;Sul;Engavetamento;2;;;;;;;;;1;3;;;;
21/08/2018;13:39:00;301;sem vítima;524;BR-153/GO;Sul;Capotamento;1;;;;;;;;;;1;;;;
22/08/2018;06:57:00;79;sem vítima;33,3;BR-153/MG;Sul;Capotamento;1;;;;;;;;;;2;;;;
22/08/2018;08:57:00;150;sem vítima;913;BR-262/MG;Leste;Tombamento;;;1;;;;;;;;1;;;;
22/08/2018;12:44:00;333;com vítima;12,95;BR-060/GO;Norte;Choque - Outros;1;;;;;;;;;;0;1;;;
22/08/2018;13:31:00;354;com vítima;616,299;BR-153/GO;Norte;Capotamento;1;;;;;;;;;;0;1;;;
22/08/2018;17:25:00;504;sem vítima;499;BR-153/GO;Sul;Engavetamento;2;;;;;;;;;1;3;;;;
22/08/2018;18:18:00;544;sem vítima;496,6;BR-153/GO;Sul;Colisão Lateral;;;;2;;;;;;;2;;;;
22/08/2018;18:47:00;568;com vítima;92,9;BR-060/GO;Sul;Colisão Traseira;1;;;1;;;;;;;1;1;;;
22/08/2018;19:45:00;578;sem vítima;9,3;BR-153/MG;Sul;Saida de Pista;;;1;;;;;;;;1;;;;
22/08/2018;22:05:00;626;com vítima;441;BR-262/MG;Oeste;Colisão Traseira;2;;;;;;;;;;1;1;;;
23/08/2018;08:57:00;152;sem vítima;506;BR-153/GO;Sul;Colisão Traseira;;;;2;;;;;;;2;;;;
23/08/2018;10:01:00;187;com vítima;592;BR-153/GO;Sul;Queda de Moto;;;;1;;;;;;;0;1;;;
23/08/2018;10:53:00;212;com vítima;473;BR-262/MG;Oeste;Queda de Moto;;;;;;1;;;;;0;1;;;
23/08/2018;11:46:00;246;sem vítima;411;BR-262/MG;Oeste;;1;;;;;;;;;;1;;;;
23/08/2018;11:46:00;247;sem vítima;365;BR-262/MG;Leste;Colisão Traseira;1;;;1;;;;;;;2;;;;
23/08/2018;12:52:00;277;sem vítima;107;BR-060/GO;Sul;Colisão Traseira;1;;1;;;;;;;;2;;;;
23/08/2018;14:28:00;332;sem vítima;454;BR-262/MG;Leste;Colisão Lateral;1;;1;;;;;;;;6;;;;
23/08/2018;14:44:00;337;com vítima;95,9;BR-060/GO;Sul;Capotamento;1;;;;;;;;;;0;1;1;;
23/08/2018;16:11:00;388;sem vítima;435;BR-262/MG;Oeste;Queda de Moto;;;;1;;;;;;;2;;;;
23/08/2018;19:56:00;501;com vítima;371,5;BR-262/MG;Oeste;Colisão Lateral;;;1;1;;;;;;;1;;1;;1
23/08/2018;20:34:00;509;sem vítima;19,899;BR-060/DF;Norte;Capotamento;1;;;;;;;;;;2;;;;
23/08/2018;21:07:00;522;sem vítima;552,8;BR-262/MG;Oeste;Tombamento;;;1;;;;;;;;1;;;;
23/08/2018;23:19:00;569;sem vítima;80,2;BR-060/GO;Sul;Choque - Suporte de Sinalização;;;;;;;;;;1;1;;;;
24/08/2018;06:14:00;76;com vítima;620;BR-262/MG;Leste;Capotamento;1;;;;;;;;;;0;1;1;;
24/08/2018;07:36:00;114;sem vítima;495,5;BR-153/GO;Sul;Colisão Traseira;;;2;;;;;;;;2;;;;
24/08/2018;11:17:00;258;sem vítima;498,5;BR-153/GO;Sul;Colisão Traseira;1;;;;;;;;;1;2;;;;
24/08/2018;13:46:00;326;sem vítima;97;BR-060/GO;Sul;Colisão Traseira;2;;;;;;;;;;2;;;;
24/08/2018;16:14:00;415;sem vítima;96,1;BR-060/GO;Sul;Choque - Defensa, barreira ou "submarino";1;;;;;;;;;;1;;;;
24/08/2018;16:24:00;419;com vítima;35,5;BR-060/GO;Norte;Choque - Talude;1;;;;;;;;;;1;2;;;
24/08/2018;16:31:00;425;sem vítima;678;BR-262/MG;Leste;Colisão Traseira;2;;;;;;;;;;5;;;;
24/08/2018;18:05:00;462;sem vítima;498,5;BR-153/GO;Sul;;2;;;;;;;;;;5;;;;
24/08/2018;18:34:00;475;com vítima;567,4;BR-262/MG;Oeste;Colisão Lateral;;;1;1;;;;;;;1;;;1;
24/08/2018;18:48:00;482;sem vítima;502;BR-153/GO;Sul;Colisão Lateral;1;;1;;;;;;;;2;;;;
24/08/2018;18:55:00;486;com vítima;118;BR-060/GO;Norte;Queda de Ciclista;;;;1;;;;;;;0;1;;;
24/08/2018;20:08:00;509;com vítima;682,6;BR-153/GO;Sul;Colisão Traseira;;;2;;;;;;;;1;;;;1
24/08/2018;20:56:00;528;sem vítima;73;BR-060/GO;Norte;Saida de Pista;1;;;;;;;;;;1;;;;
24/08/2018;23:23:00;575;com vítima;104,299;BR-153/MG;Norte;Choque - Talude;1;;;;;;;;;;0;1;;;
25/08/2018;04:50:00;55;sem vítima;76,5;BR-153/MG;Norte;Choque - Talude;1;;;;;;;;;;1;;;;
25/08/2018;05:21:00;59;sem vítima;516;BR-153/GO;Norte;Choque - Elemento de Drenagem;1;;;;;;;;;;1;;;;
25/08/2018;08:02:00;119;sem vítima;548,9;BR-262/MG;Leste;Choque - Defensa, barreira ou "submarino";1;;;;;;;;;;5;;;;
25/08/2018;10:39:00;212;sem vítima;661,4;BR-153/GO;Norte;Colisão Traseira;1;;1;;;;;;;;3;;;;
25/08/2018;13:09:00;290;com vítima;584;BR-262/MG;Leste;Capotamento;;;;;;;;;;1;0;1;;;
25/08/2018;13:19:00;299;com vítima;607;BR-262/MG;Oeste;Capotamento;1;;;;;;;;;;0;1;;;
25/08/2018;14:19:00;330;sem vítima;578,95;BR-153/GO;Sul;Choque - Suporte de Sinalização;1;;;;;;;;;;1;;;;
25/08/2018;18:07:00;439;com vítima;802;BR-262/MG;Oeste;Colisão Traseira;;;;1;;;;;;1;2;1;;;
25/08/2018;18:43:00;454;com vítima;705;BR-262/MG;Oeste;Colisão Frontal;1;;1;;;;;;;;4;;1;;
25/08/2018;20:44:00;489;com vítima;508;BR-153/GO;Norte;Queda de Moto;;;;1;;;;;;;0;1;;;
26/08/2018;00:15:00;5;sem vítima;526;BR-153/GO;Sul;Saida de Pista;1;;;;;;;;;;1;;;;
26/08/2018;03:31:00;35;sem vítima;381,2;BR-262/MG;Oeste;Atropelamento de Animal;1;;;;;;;;;;1;;;;
26/08/2018;04:56:00;49;com vítima;365,567;BR-262/MG;Leste;Atropelamento de Animal;;;;1;;;;;;;0;2;;;
26/08/2018;06:01:00;65;sem vítima;631,7;BR-153/GO;Sul;Colisão Lateral;1;;1;;;;;;;;5;;;;
26/08/2018;07:48:00;99;com vítima;45,6;BR-060/GO;Sul;Capotamento;1;;;;;;;;;;0;;1;;
26/08/2018;09:08:00;140;com vítima;361;BR-262/MG;Oeste;Queda de Moto;;;;1;;;;;;;0;2;;;
26/08/2018;11:43:00;234;sem vítima;554;BR-262/MG;Leste;Tombamento;;;1;;;;;;;;1;;;;
26/08/2018;12:47:00;271;sem vítima;626,899;BR-153/GO;Sul;Choque - Arvore;1;;;;;;;;;;1;;;;
26/08/2018;14:02:00;297;sem vítima;607;BR-262/MG;Oeste;Tombamento;1;;;;;;;;;;2;;;;
26/08/2018;14:25:00;308;sem vítima;590,3;BR-262/MG;Oeste;Saida de Pista;1;;;;;;;;;;1;;;;
26/08/2018;15:18:00;330;com vítima;44,5;BR-153/MG;Sul;Tombamento;;;1;;;;;;;;0;;;1;
26/08/2018;16:58:00;396;sem vítima;618;BR-262/MG;Leste;Tombamento;1;;;;;;;;;;1;;;;
26/08/2018;18:51:00;460;sem vítima;534;BR-153/GO;Norte;Atropelamento de Animal;1;;;;;;;;;;4;;;;
26/08/2018;19:48:00;481;sem vítima;5;BR-060/GO;Norte;Choque - Elemento de Drenagem;1;;;;;;;;;;1;;;;
26/08/2018;20:09:00;493;sem vítima;417;BR-262/MG;Leste;Saida de Pista;1;;;;;;;;;;1;;;;
26/08/2018;21:51:00;522;com vítima;555,3;BR-153/GO;Norte;Atropelamento - Morador;1;;;;;;;;;;2;;;;1
27/08/2018;06:19:00;57;sem vítima;878;BR-262/MG;Leste;Saida de Pista;;;;;;;;;;1;1;;;;
27/08/2018;07:07:00;70;sem vítima;568;BR-262/MG;Leste;Carreta deu L;;;1;;;;;;;;1;;;;
27/08/2018;07:46:00;84;com vítima;505,6;BR-153/GO;Norte;Colisão Traseira;1;;;1;;;;;;;1;;;1;
27/08/2018;07:55:00;86;com vítima;811;BR-262/MG;Leste;Queda de Moto;;;;1;;;;;;;0;;1;;
27/08/2018;08:36:00;109;sem vítima;505;BR-153/GO;Norte;Engavetamento;3;;;;;;;;;;3;;;;
27/08/2018;11:35:00;229;sem vítima;118;BR-060/GO;Sul;Carreta deu L;;;1;;;;;;;;1;;;;
27/08/2018;14:47:00;330;sem vítima;578;BR-262/MG;Leste;Choque - Talude;1;;;;;;;;;;1;;;;
27/08/2018;15:41:00;358;com vítima;497;BR-153/GO;Sul;Tombamento;;;1;;;;;;;;0;;1;;
27/08/2018;17:23:00;424;com vítima;128;BR-060/GO;Sul;Queda de Moto;;;;1;;;;;;;1;1;;;
27/08/2018;17:24:00;425;com vítima;90;BR-060/GO;Norte;Colisão Transversal;1;1;;;;;;;;;1;;1;;
27/08/2018;18:11:00;456;sem vítima;500,3;BR-153/GO;Sul;Colisão Traseira;;;1;1;;;;;;;2;;;;
27/08/2018;18:50:00;483;sem vítima;484,1;BR-262/MG;Oeste;Colisão Traseira;;;2;;;;;;;;3;;;;
28/08/2018;14:27:00;398;sem vítima;497,9;BR-153/GO;Norte;Colisão Traseira;2;;;;;;;;;;2;;;;
28/08/2018;15:52:00;447;sem vítima;49,926;BR-153/MG;Sul;Tombamento;;;1;;;;;;;;1;;;;
28/08/2018;19:26:00;565;sem vítima;43;BR-060/GO;Norte;Choque - Suporte de Sinalização;1;;;;;;;;;;1;;;;
29/08/2018;07:57:00;136;sem vítima;36,06;BR-060/GO;Norte;Capotamento;1;;;;;;;;;;5;;;;
29/08/2018;10:05:00;252;com vítima;4,7;BR-060/DF;Sul;Capotamento;1;;1;;;;;;;;2;1;;;
29/08/2018;15:02:00;454;com vítima;97,5;BR-060/GO;Sul;Colisão Frontal;;;;1;;;;;;1;1;1;;;
29/08/2018;21:25:00;669;com vítima;504,454;BR-153/GO;Sul;Queda de Moto;;;;1;;;;;;;0;1;;;
29/08/2018;22:47:00;698;sem vítima;503,674;BR-153/GO;Sul;Colisão Traseira;1;;;;1;;;;;;2;;;;
29/08/2018;23:13:00;713;sem vítima;3,1;BR-060/DF;Sul;Colisão Traseira;2;;;;;;;;;;2;;;;
30/08/2018;04:51:00;37;sem vítima;611,063;BR-262/MG;Leste;Tombamento;;;1;;;;;;;;1;;;;
30/08/2018;07:26:00;85;sem vítima;381,8;BR-262/MG;Leste;Choque - Defensa, barreira ou "submarino";1;;;;;;;;;;2;;;;
30/08/2018;07:35:00;88;sem vítima;777,5;BR-262/MG;Oeste;Choque - Talude;1;;;;;;;;;;2;;;;
30/08/2018;08:55:00;146;sem vítima;79,4;BR-060/GO;Sul;Choque - Outros;1;;;;;;;;;;1;;;;
30/08/2018;11:23:00;280;com vítima;89,9;BR-060/GO;Norte;Choque - Elemento de Drenagem;1;;;;;;;;;;0;2;;;
30/08/2018;13:32:00;388;sem vítima;801,5;BR-262/MG;Leste;Choque - Outros;1;;;;;;;;;;2;;;;
30/08/2018;15:00:00;428;sem vítima;139;BR-153/MG;Sul;Engavetamento;;;3;;;;;;;;3;;;;
30/08/2018;18:10:00;541;com vítima;625,467;BR-262/MG;Oeste;Tombamento;;;1;;;;;;;;0;1;;;
30/08/2018;19:13:00;562;sem vítima;480;BR-262/MG;Leste;Colisão Traseira;;;1;;;;;;;1;2;;;;
30/08/2018;21:21:00;614;sem vítima;664,471;BR-262/MG;Oeste;Saida de Pista;1;;;;;;;;;;1;;;;
30/08/2018;21:49:00;624;sem vítima;354;BR-262/MG;Oeste;Choque - Talude;1;;;;;1;;;;;2;;;;
30/08/2018;22:15:00;635;com vítima;28,456;BR-060/GO;Sul;Colisão Traseira;;;;1;;1;;;;;1;;;;1
31/08/2018;00:22:00;5;sem vítima;16,5;BR-153/MG;Norte;Saida de Pista;;;1;;;;;;;;1;;;;
31/08/2018;01:36:00;22;sem vítima;429,87;BR-262/MG;Leste;Objeto lançado contra veículo;1;;1;;;;;;;;2;;;;
31/08/2018;04:41:00;45;com vítima;502,822;BR-153/GO;Sul;Choque - Defensa, barreira ou "submarino";1;;;;;;;;;;2;1;;;
31/08/2018;07:09:00;81;sem vítima;188,9;BR-153/MG;Sul;Colisão Traseira;1;;1;;;;;;;;2;;;;
31/08/2018;14:30:00;349;com vítima;82,2;BR-060/GO;Norte;Choque - Talude;1;;;;;;;;;;0;1;;;
31/08/2018;18:14:00;497;com vítima;5,4;BR-060/GO;Sul;Capotamento;1;;;;;;;;;;0;;3;;
31/08/2018;18:28:00;504;sem vítima;46;BR-060/GO;Norte;Choque - Suporte de Sinalização;;;;;;;;;;1;1;;;;
31/08/2018;19:02:00;519;com vítima;504,2;BR-153/GO;Norte;Queda de Moto;;;;1;;;;;;;1;1;;;
31/08/2018;20:46:00;579;com vítima;506;BR-153/GO;Sul;Atropelamento - Usuário;;;;1;1;;;;;;2;;;1;
31/08/2018;22:45:00;632;com vítima;48;BR-060/GO;Norte;Colisão Lateral;1;;;1;;;;;;;3;2;;;
31/08/2018;23:18:00;642;sem vítima;119,7;BR-153/MG;Norte;Choque - Talude;1;;;;;;;;;;1;;;;
01/09/2018;03:42:00;63;sem vítima;1,5;BR-153/MG;Sul;Choque - Suporte de Sinalização;1;;;;;;;;;;1;;;;
01/09/2018;04:21:00;74;sem vítima;58,7;BR-153/MG;Norte;Colisão Traseira;2;;;;;;;;;;2;;;;
01/09/2018;06:30:00;111;com vítima;22,7;BR-060/GO;Norte;Tombamento;;;1;;;;;;;;0;2;;;
01/09/2018;08:34:00;169;com vítima;14,6;BR-060/DF;Norte;Choque - Poste;1;;;;;;;;;;1;1;;;
01/09/2018;12:29:00;284;sem vítima;8,8;BR-060/DF;Sul;Colisão Lateral;2;;;;;;;;;;2;;;;
01/09/2018;12:59:00;292;sem vítima;510,5;BR-153/GO;Sul;Choque - Veiculo parado na pista;1;;;1;;;;;;;2;;;;
01/09/2018;15:18:00;368;com vítima;185,579;BR-153/MG;Sul;Capotamento;2;;;;;;;;;;0;;4;;1
01/09/2018;16:01:00;404;com vítima;655,9;BR-262/MG;Leste;Saida de Pista;1;;;;;;;;;;0;1;;;
01/09/2018;16:31:00;422;sem vítima;386;BR-262/MG;Oeste;Saida de Pista;;;1;;;;;;;;2;;;;
01/09/2018;19:27:00;511;sem vítima;134,599;BR-153/MG;Norte;Colisão Traseira;;;2;;;;;;;;2;;;;
01/09/2018;20:07:00;534;com vítima;2;BR-060/DF;Sul;Capotamento;2;;;;;;;;;;2;2;;;
01/09/2018;23:33:00;621;sem vítima;32;BR-060/GO;Sul;Atropelamento de Animal;1;;;;;;;;;;1;;;;
02/09/2018;01:05:00;13;sem vítima;517;BR-153/GO;Norte;Saida de Pista;1;;;;;;;;;;1;;;;
02/09/2018;03:04:00;36;sem vítima;128,099;BR-060/GO;Sul;Choque - Suporte de Sinalização;1;;;;;;;;;;2;;;;
02/09/2018;03:52:00;44;sem vítima;512;BR-153/GO;Norte;Saida de Pista;1;;;;;;;;;;1;;;;
02/09/2018;03:54:00;45;com vítima;508,484;BR-262/MG;Oeste;Choque - Talude;;;1;;;;;;;;0;1;;;
02/09/2018;04:26:00;52;com vítima;508,484;BR-262/MG;Oeste;Choque - Veiculo parado no acostamento;2;;;;;;;;;;1;1;;;
02/09/2018;05:56:00;70;com vítima;101,6;BR-060/GO;Norte;Capotamento;1;;;;;;;;;;0;1;;;
02/09/2018;06:10:00;77;sem vítima;13,9;BR-153/MG;Sul;Tombamento;;;1;;;;;;;;1;;;;
02/09/2018;11:54:00;227;sem vítima;447,5;BR-262/MG;Leste;Queda de Moto;;;;1;;;;;;;2;;;;
02/09/2018;15:35:00;328;com vítima;448;BR-262/MG;Leste;Queda de Moto;;;;1;;;;;;;0;1;;;
02/09/2018;15:52:00;346;sem vítima;382;BR-262/MG;Leste;Queda de Moto;;;;1;;;;;;;1;;;;
02/09/2018;16:57:00;379;sem vítima;106;BR-153/MG;Sul;Colisão Traseira;;;2;;;;;;;;2;;;;
02/09/2018;18:13:00;426;sem vítima;370,6;BR-262/MG;Leste;Saida de Pista;1;;;;;;;;;;1;;;;
02/09/2018;19:10:00;457;sem vítima;498;BR-153/GO;Sul;Choque - Defensa, barreira ou "submarino";1;;;;;1;;;;;4;;;;
02/09/2018;21:40:00;539;com vítima;100;BR-060/GO;Norte;Capotamento;1;;;;;;;;;;0;1;2;;
02/09/2018;22:14:00;552;sem vítima;360,696;BR-262/MG;Oeste;Atropelamento de Animal;1;;;;;;;;;;1;;;;
03/09/2018;05:16:00;55;sem vítima;8,225;BR-153/MG;Sul;Saida de Pista;1;;;;;;;;;;1;;;;
03/09/2018;05:28:00;57;com vítima;505;BR-153/GO;Sul;Atropelamento - Andarilho;;;;1;;;;;;;0;1;;;
03/09/2018;06:30:00;68;com vítima;487,7;BR-262/MG;Oeste;Queda de Ciclista;;;;1;;;;;;;0;;1;;
03/09/2018;08:28:00;119;sem vítima;507,7;BR-153/GO;Norte;Engavetamento;4;;;;;;;;;;4;;;;
03/09/2018;11:01:00;218;sem vítima;84,7;BR-060/GO;Sul;Tombamento;;;1;;;;;;;;1;;;;
03/09/2018;16:46:00;393;sem vítima;125;BR-153/MG;Norte;Colisão Lateral;;;;;;1;;;;1;4;;;;
03/09/2018;18:59:00;444;sem vítima;508,046;BR-153/GO;Norte;Colisão Traseira;3;;;;;;;;;;9;;;;
03/09/2018;19:17:00;454;com vítima;515,001;BR-153/GO;Norte;Queda de Moto;;;;1;;;;;;;0;1;1;;
03/09/2018;21:00:00;495;sem vítima;1,951;BR-060/GO;Norte;Colisão Traseira;1;;;;;;;;;;2;;;;
04/09/2018;05:23:00;57;sem vítima;369,163;BR-262/MG;Leste;Capotamento;1;;;;;1;;;;;2;;;;
04/09/2018;06:36:00;76;com vítima;452,9;BR-262/MG;Leste;Tombamento;;;1;;;;;;;;2;1;;;
04/09/2018;08:59:00;138;sem vítima;559;BR-262/MG;Leste;Saida de Pista;1;;;;;;;;;;1;;;;
04/09/2018;09:24:00;166;com vítima;615,25;BR-153/GO;Sul;Choque - Suporte de Sinalização;;;;;;;;;;1;0;2;;;
04/09/2018;12:38:00;290;sem vítima;499,95;BR-153/GO;Sul;Colisão Traseira;2;;;;;;;;;;2;;;;
04/09/2018;13:24:00;322;sem vítima;505,4;BR-153/GO;Norte;Colisão Traseira;1;;1;;;;;;;;2;;;;
04/09/2018;16:52:00;422;com vítima;495,2;BR-153/GO;Sul;Colisão Traseira;;1;1;;;;;;;;1;;1;;
04/09/2018;17:04:00;427;com vítima;631,5;BR-153/GO;Sul;Colisão Traseira;;;1;1;;;;;;;1;;;;1
04/09/2018;19:03:00;491;com vítima;17,5;BR-153/MG;Norte;Colisão Traseira;2;;;;;;;;;;0;1;1;;
05/09/2018;05:49:00;68;sem vítima;398,526;BR-262/MG;Oeste;Choque - Elemento de Drenagem;1;;;;;;;;;;1;;;;
05/09/2018;07:12:00;94;sem vítima;528,5;BR-153/GO;Sul;Colisão Lateral;1;;;1;;;;;;;2;;;;
05/09/2018;10:20:00;222;sem vítima;690;BR-262/MG;Oeste;Colisão Traseira;;;2;;;;;;;;2;;;;
05/09/2018;13:30:00;339;com vítima;508,9;BR-153/GO;Norte;Colisão Traseira;;;;1;;;;;;;0;;1;;
05/09/2018;13:41:00;342;sem vítima;696,41;BR-262/MG;Oeste;Choque - Talude;1;;;;;;;;;;1;;;;
05/09/2018;19:32:00;517;com vítima;643,2;BR-153/GO;Norte;Queda de Moto;;;;1;;;;;;;0;;1;1;
05/09/2018;22:04:00;586;sem vítima;757;BR-262/MG;Oeste;Tombamento;;;1;;;;;;;;1;;;;
05/09/2018;23:27:00;621;sem vítima;371,5;BR-262/MG;Oeste;Choque - Elemento de Drenagem;2;;;;;;;;;;6;;;;
05/09/2018;23:31:00;623;com vítima;619,2;BR-153/GO;Norte;Choque - Suporte de Sinalização;;;;1;;;;;;;0;1;;;
06/09/2018;00:40:00;12;sem vítima;45;BR-153/MG;Sul;Tombamento;;;1;;;;;;;;1;;;;
06/09/2018;01:14:00;17;sem vítima;43;BR-153/MG;Sul;Colisão Traseira;2;;;;;;;;;;2;;;;
06/09/2018;07:22:00;113;sem vítima;480;BR-262/MG;Leste;Colisão Traseira;1;;;;;1;;;;;2;;;;
06/09/2018;07:23:00;115;sem vítima;736;BR-262/MG;Leste;Colisão Transversal;;;2;;;;;;;;2;;;;
06/09/2018;07:39:00;126;sem vítima;499,1;BR-153/GO;Sul;Engavetamento;4;;;;;;;;;;4;;;;
06/09/2018;08:03:00;143;sem vítima;495;BR-153/GO;Sul;Engavetamento;3;;;;;;;;;2;7;;;;
06/09/2018;08:14:00;150;sem vítima;501,3;BR-153/GO;Sul;Engavetamento;4;;;;;;;;;1;6;;;;
06/09/2018;10:49:00;259;sem vítima;122;BR-060/GO;Norte;Engavetamento;3;;;;;;;;;;4;;;;
06/09/2018;11:35:00;288;com vítima;665;BR-262/MG;Oeste;Engavetamento;3;;1;;;;;;;;4;2;1;;
06/09/2018;13:00:00;326;com vítima;500,5;BR-153/GO;Sul;Colisão Traseira;1;;;1;;;;;;;1;1;;;
06/09/2018;14:20:00;379;sem vítima;23,4;BR-060/DF;Norte;Tombamento;;;;;;;;;;1;1;;;;
06/09/2018;15:08:00;412;com vítima;25,523;BR-060/GO;Norte;Capotamento;1;;;;;;;;;;0;2;;;
06/09/2018;17:24:00;511;com vítima;458;BR-262/MG;Oeste;Colisão Traseira;1;;1;1;;;;;;;2;1;;;
06/09/2018;18:33:00;550;sem vítima;502,8;BR-153/GO;Norte;Colisão Traseira;2;;;;;1;;;;;3;;;;
06/09/2018;19:53:00;591;sem vítima;653;BR-262/MG;Leste;Saida de Pista;1;;;;;;;;;;1;;;;
06/09/2018;23:54:00;687;sem vítima;438;BR-262/MG;Leste;Choque - Poste;1;;;;;;;;;;1;;;;
07/09/2018;02:26:00;31;sem vítima;513;BR-262/MG;Leste;Colisão Traseira;1;;;;;1;;;;;2;;;;
07/09/2018;04:47:00;47;sem vítima;503,562;BR-153/GO;Sul;Colisão Lateral;2;;;;;;;;;;3;;;;
07/09/2018;07:20:00;78;sem vítima;47,23;BR-060/GO;Sul;Choque - Defensa, barreira ou "submarino";1;;1;;;;;;;;5;;;;
07/09/2018;09:45:00;192;sem vítima;473;BR-262/MG;Oeste;Colisão Traseira;1;;;1;;;;;;;2;;;;
07/09/2018;10:40:00;230;com vítima;86,6;BR-060/GO;Norte;Capotamento;1;;;;;;;;;;1;1;;;
07/09/2018;11:10:00;250;sem vítima;109,8;BR-060/GO;Norte;Colisão Traseira;1;;;;;;;;;1;2;;;;
07/09/2018;11:24:00;259;sem vítima;129;BR-060/GO;Sul;Engavetamento;3;;;;;;;;;;6;;;;
07/09/2018;12:43:00;306;sem vítima;36;BR-060/GO;Sul;Capotamento;1;;;;;;;;;;1;;;;
07/09/2018;13:13:00;325;com vítima;44,95;BR-060/GO;Sul;Capotamento;1;;;;;1;;;;;3;2;;;
07/09/2018;13:39:00;339;com vítima;128;BR-060/GO;Norte;Choque - Veiculo parado no acostamento;1;;;;;;;;;;0;;1;;
07/09/2018;18:52:00;544;sem vítima;510,6;BR-153/GO;Norte;Choque - Defensa, barreira ou "submarino";1;;;;;;;;;;1;;;;
07/09/2018;19:37:00;556;com vítima;535,7;BR-153/GO;Norte;Capotamento;;;;;;;;;;1;0;1;;;
08/09/2018;13:26:00;259;com vítima;0,7;BR-060/GO;Sul;Capotamento;;;;;;;;;;1;0;;2;;1
08/09/2018;13:42:00;267;com vítima;621,2;BR-153/GO;Sul;Capotamento;;;;;;;;;;1;0;1;;;
08/09/2018;16:17:00;340;com vítima;101,1;BR-060/GO;Sul;Colisão Traseira;1;;;1;;;;;;;3;1;;;
08/09/2018;16:57:00;365;sem vítima;134;BR-060/GO;Norte;Colisão Lateral;1;;;;1;;;;;;2;;;;
08/09/2018;17:37:00;390;com vítima;687,5;BR-262/MG;Oeste;Tombamento;;;1;;;;;;;;0;1;;;
08/09/2018;17:55:00;398;sem vítima;4;BR-060/DF;Norte;Colisão Lateral;2;;;;;;;;;;4;;;;
08/09/2018;18:22:00;418;com vítima;565;BR-262/MG;Leste;Capotamento;1;;;;;;;;;;1;;1;;
08/09/2018;20:24:00;475;sem vítima;362;BR-262/MG;Leste;Atropelamento de Animal;1;;;;;;;;;;1;;;;
08/09/2018;23:21:00;543;sem vítima;356;BR-262/MG;Leste;Atropelamento de Animal;;;;;;;;;;1;5;;;;
09/09/2018;01:30:00;24;sem vítima;585;BR-153/GO;Norte;Colisão Traseira;1;;1;;;;;;;;4;;;;
09/09/2018;04:40:00;46;com vítima;504,1;BR-153/GO;Norte;Colisão Frontal;1;;;1;;;;;;;1;;1;;
09/09/2018;08:20:00;112;sem vítima;369;BR-262/MG;Oeste;Saida de Pista;;;;;;;;;;1;1;;;;
09/09/2018;09:18:00;134;sem vítima;729;BR-262/MG;Leste;Tombamento;;;;;;;;;;1;1;;;;
09/09/2018;10:31:00;172;sem vítima;649,5;BR-153/GO;Norte;Saida de Pista;1;;;;;;;;;;1;;;;
09/09/2018;10:54:00;194;sem vítima;421,493;BR-262/MG;Oeste;Saida de Pista;1;;;;;;;;;;1;;;;
09/09/2018;11:14:00;202;sem vítima;355,535;BR-262/MG;Oeste;Tombamento;1;;1;;;;;;;;2;;;;
09/09/2018;12:25:00;232;com vítima;16,7;BR-060/DF;Sul;Capotamento;1;;;;;;;;;;0;1;;;
09/09/2018;14:16:00;282;com vítima;171,7;BR-153/MG;Sul;Capotamento;;;1;;;;;;;;0;1;;;
09/09/2018;15:39:00;335;sem vítima;28;BR-153/MG;Norte;Saida de Pista;;;1;;;;;;;;1;;;;