data;horario;n_da_ocorrencia;tipo_de_ocorrencia;km;trecho;sentido;tipo_de_acidente;automovel;bicicleta;caminhao;moto;onibus;outros;tracao_animal;transporte_de_cargas_especiais;trator_maquinas;utilitarios;ilesos;levemente_feridos;moderadamente_feridos;gravemente_feridos;mortos
09/09/2018;15:46:00;339;sem vítima;527;BR-153/GO;Norte;Engavetamento;2;;;;;;;;;1;3;;;;
09/09/2018;15:56:00;351;sem vítima;744;BR-262/MG;Oeste;Saida de Pista;1;;;;;;;;;;1;;;;
09/09/2018;17:12:00;406;sem vítima;28;BR-153/MG;Norte;Colisão Traseira;;;2;;;;;;;;2;;;;
09/09/2018;17:40:00;433;com vítima;476,85;BR-262/MG;Oeste;Colisão Lateral;1;;;1;;;;;;;2;1;;;
09/09/2018;17:59:00;452;com vítima;449,98;BR-262/MG;Oeste;Colisão Traseira;;;;2;;;;;;;2;1;;;
09/09/2018;18:17:00;471;sem vítima;580,3;BR-153/GO;Norte;Colisão Lateral;2;;;;;;;;;;4;;;;
09/09/2018;18:38:00;489;sem vítima;478;BR-262/MG;Oeste;Colisão Lateral;2;;;;;;;;;;2;;;;
09/09/2018;18:38:00;490;sem vítima;3;BR-060/GO;Norte;Engavetamento;3;;;;;;;;;;10;;;;
09/09/2018;19:10:00;519;sem vítima;21;BR-060/GO;Norte;Saida de Pista;1;;;;;;;;;;1;;;;
09/09/2018;19:37:00;534;sem vítima;452;BR-262/MG;Oeste;Engavetamento;2;;;;;3;;;;;9;;;;
09/09/2018;19:46:00;541;com vítima;446;BR-262/MG;Oeste;Colisão Lateral;2;;;;;;;;;;1;1;;;
10/09/2018;02:47:00;31;com vítima;501,1;BR-153/GO;Norte;Queda de Moto;;;;1;;;;;;;0;1;;;
10/09/2018;03:54:00;40;sem vítima;641;BR-262/MG;Oeste;Atropelamento de Animal;;;;;;;;;;1;2;;;;
10/09/2018;07:23:00;101;sem vítima;2,3;BR-060/GO;Norte;Colisão Traseira;2;;;;;;;;;1;5;;;;
10/09/2018;09:26:00;189;sem vítima;73,9;BR-060/GO;Sul;Capotamento;;;1;;;;;;;;1;;;;
10/09/2018;13:42:00;355;sem vítima;380,7;BR-262/MG;Leste;Tombamento;;;;;;;;;;1;1;;;;
10/09/2018;17:29:00;475;com vítima;757,693;BR-262/MG;Leste;Colisão Frontal;;;1;;;;;;;1;0;1;;1;
10/09/2018;19:51:00;534;com vítima;496,464;BR-153/GO;Sul;Capotamento;1;;;;;;;;;;2;;1;;
11/09/2018;06:34:00;60;com vítima;366;BR-262/MG;Leste;Colisão Traseira;;;;1;;;;;;1;1;1;;;
11/09/2018;07:37:00;88;sem vítima;514,2;BR-153/GO;Sul;Colisão Transversal;1;;;1;1;;;;;;4;;;;
11/09/2018;09:09:00;154;com vítima;25,7;BR-060/DF;Sul;Capotamento;1;;;;;;;;;;4;1;;;
11/09/2018;09:42:00;185;com vítima;9,006;BR-060/DF;Norte;Colisão Traseira;1;;;;;1;;;;;1;;1;;
11/09/2018;13:23:00;312;com vítima;32,1;BR-060/GO;Norte;Colisão Transversal;1;;;1;;;;;;;2;1;;;
11/09/2018;14:36:00;355;sem vítima;107,8;BR-060/GO;Sul;Colisão Lateral;;;1;;;;;;;1;2;;;;
11/09/2018;16:17:00;415;sem vítima;14,1;BR-060/DF;Sul;Colisão Traseira;2;;;;;;;;;;2;;;;
11/09/2018;23:08:00;604;com vítima;365;BR-262/MG;Oeste;Choque - Suporte de Sinalização;;;;;;;;;;1;2;1;;;
12/09/2018;12:51:00;299;sem vítima;31,8;BR-060/GO;Norte;Colisão Frontal;1;;;;;;;;;1;2;;;;
12/09/2018;14:16:00;349;sem vítima;705;BR-262/MG;Leste;Saida de Pista;;;1;;;;;;;;1;;;;
12/09/2018;16:13:00;432;com vítima;590,146;BR-262/MG;Leste;Colisão Lateral;1;;1;;;;;;;;1;;;;1
12/09/2018;16:37:00;454;sem vítima;460;BR-262/MG;Leste;Colisão Traseira;1;;1;;;;;;;;2;;;;
12/09/2018;17:32:00;493;sem vítima;633;BR-153/GO;Sul;Choque - Veiculo parado na pista;1;;;1;;;;;;;3;;;;
12/09/2018;18:42:00;541;com vítima;577;BR-262/MG;Leste;Colisão Lateral;1;;1;;;;;;;;0;1;1;;
12/09/2018;21:53:00;628;sem vítima;58,899;BR-153/MG;Sul;Colisão Traseira;;;2;;;;;;;;2;;;;
13/09/2018;00:25:00;9;com vítima;629,6;BR-153/GO;Sul;Saida de Pista;1;;;;;1;;;;;1;1;;;
13/09/2018;05:20:00;76;com vítima;41,399;BR-060/GO;Sul;Colisão Traseira;1;;;1;;;;;;;2;;1;;
13/09/2018;06:05:00;86;sem vítima;510,6;BR-153/GO;Norte;;1;;1;;;;;;;;2;;;;
13/09/2018;06:33:00;104;sem vítima;79,2;BR-060/GO;Norte;Choque - Suporte de Sinalização;1;;;;;;;;;;1;;;;
13/09/2018;06:45:00;111;sem vítima;15,4;BR-060/GO;Norte;Colisão Traseira;;;2;;;;;;;;2;;;;
13/09/2018;08:26:00;183;sem vítima;364;BR-262/MG;Oeste;Capotamento;;;;;;;;;;1;3;;;;
13/09/2018;08:56:00;217;com vítima;55,7;BR-060/GO;Norte;Colisão Traseira;;;2;;;;;;;;1;;;1;
13/09/2018;10:16:00;267;com vítima;107,9;BR-060/GO;Sul;Colisão Traseira;2;;;;;;;;;;4;1;;;
13/09/2018;10:34:00;277;com vítima;124,4;BR-060/GO;Norte;;;;;1;;;;;;;0;2;;;
13/09/2018;11:36:00;322;com vítima;483,381;BR-262/MG;Oeste;Saida de Pista;;;;;;;;;;1;0;1;;;
13/09/2018;16:53:00;527;sem vítima;506,5;BR-153/GO;Sul;Choque - Poste;;;1;;;;;;;;2;;;;
13/09/2018;17:17:00;540;com vítima;633,6;BR-153/GO;Norte;Capotamento;1;;;;;;;;;;0;;1;;
13/09/2018;18:00:00;567;sem vítima;559;BR-153/GO;Sul;Saida de Pista;1;;;;;;;;;;1;;;;
13/09/2018;18:33:00;583;sem vítima;564;BR-153/GO;Norte;Choque - Arvore;1;;;;;;;;;;1;;;;
13/09/2018;20:07:00;635;sem vítima;595;BR-262/MG;Leste;Choque - Talude;;;;;;;;;;1;2;;;;
13/09/2018;20:30:00;646;com vítima;410;BR-262/MG;Leste;Queda de Moto;;;;1;;;;;;;1;;1;;
13/09/2018;20:54:00;659;com vítima;37,5;BR-060/GO;Sul;Atropelamento - Andarilho;1;;;;;;;;;;1;;;;1
13/09/2018;21:16:00;673;sem vítima;598;BR-262/MG;Oeste;Saida de Pista;1;;;;;;;;;;4;;;;
13/09/2018;22:56:00;710;sem vítima;547;BR-262/MG;Oeste;Capotamento;1;;;;;;;;;;1;;;;
14/09/2018;05:32:00;77;sem vítima;594,5;BR-262/MG;Oeste;Carreta deu L;;;1;;;;;;;;1;;;;
14/09/2018;06:44:00;112;sem vítima;141,3;BR-153/MG;Sul;Colisão Traseira;;;1;;1;;;;;;24;;;;
14/09/2018;06:44:00;113;com vítima;508,7;BR-153/GO;Norte;Colisão Traseira;;;2;;;;;;;;1;1;;;
14/09/2018;06:47:00;115;sem vítima;508,1;BR-153/GO;Norte;Engavetamento;3;;;;;;;;;;4;;;;
14/09/2018;13:46:00;395;sem vítima;7,5;BR-060/DF;Norte;Capotamento;1;;;;;;;;;;1;;;;
14/09/2018;14:39:00;425;com vítima;102,8;BR-153/MG;Norte;Choque - Arvore;;;1;;;;;;;;0;1;;;
14/09/2018;15:18:00;440;sem vítima;599,6;BR-153/GO;Sul;Choque - Suporte de Sinalização;;;1;;;;;;;;1;;;;
14/09/2018;15:31:00;447;sem vítima;530;BR-153/GO;Sul;Colisão Traseira;;;;;;;;;;2;2;;;;
14/09/2018;15:37:00;450;com vítima;777,3;BR-262/MG;Leste;Choque - Arvore;1;;;;;;;;;;0;1;1;;
14/09/2018;18:18:00;556;sem vítima;547,5;BR-262/MG;Oeste;Carreta deu L;;;1;;;;;;;;1;;;;
14/09/2018;18:20:00;557;sem vítima;481;BR-262/MG;Oeste;Colisão Traseira;;;1;;;;;;;1;3;;;;
14/09/2018;18:25:00;560;sem vítima;518,5;BR-262/MG;Leste;Saida de Pista;;;1;;;;;;;;1;;;;
14/09/2018;18:30:00;562;sem vítima;581;BR-262/MG;Oeste;Saida de Pista;1;;;;;;;;;;3;;;;
14/09/2018;18:34:00;566;sem vítima;34;BR-153/MG;Norte;Choque - Talude;1;;;;;;;;;;1;;;;
14/09/2018;21:24:00;639;sem vítima;591,5;BR-262/MG;Leste;;;;;;;;;;;1;1;;;;
14/09/2018;23:46:00;682;sem vítima;353;BR-262/MG;Oeste;Saida de Pista;1;;;;;;;;;;1;;;;
14/09/2018;23:59:00;686;sem vítima;360;BR-262/MG;Oeste;Saida de Pista;1;;;;;;;;;;1;;;;
15/09/2018;03:37:00;35;com vítima;210;BR-153/MG;Norte;Capotamento;1;;;;;;;;;;0;1;;;
15/09/2018;08:11:00;134;sem vítima;382;BR-262/MG;Oeste;Choque - Defensa, barreira ou "submarino";1;;;;;;;;;;1;;;;
15/09/2018;08:11:00;145;sem vítima;382;BR-262/MG;Oeste;Choque - Defensa, barreira ou "submarino";1;;;;;;;;;;1;;;;
15/09/2018;08:11:00;154;sem vítima;382;BR-262/MG;Oeste;Capotamento;;;;;;;;;;1;1;;;;
15/09/2018;09:40:00;218;sem vítima;494;BR-262/MG;Leste;Colisão Traseira;1;;1;;;;;;;;4;;;;
15/09/2018;10:45:00;271;sem vítima;400,5;BR-262/MG;Leste;Capotamento;1;;;;;;;;;;1;;;;
15/09/2018;11:24:00;308;sem vítima;1,05;BR-060/GO;Sul;Colisão Lateral;1;;;;;1;;;;;2;;;;
15/09/2018;12:16:00;337;sem vítima;3,9;BR-060/GO;Sul;Choque - Defensa, barreira ou "submarino";1;;;;;;;;;;3;;;;
15/09/2018;16:27:00;437;com vítima;583;BR-262/MG;Leste;Capotamento;;;;;;;;;;1;0;2;1;;
15/09/2018;17:15:00;472;sem vítima;494,8;BR-153/GO;Sul;Engavetamento;3;;;;;;;;;;8;;;;
15/09/2018;17:35:00;492;sem vítima;380,8;BR-262/MG;Leste;Choque - Elemento de Drenagem;1;;;;;;;;;;2;;;;
15/09/2018;18:34:00;522;com vítima;520,7;BR-153/GO;Norte;Choque - Elemento de Drenagem;1;;;;;;;;;;0;;1;;
15/09/2018;20:07:00;565;sem vítima;429,67;BR-262/MG;Oeste;Capotamento;;;1;;;;;;;;1;;;;
15/09/2018;22:14:00;613;com vítima;569;BR-262/MG;Leste;Colisão Lateral;1;;1;;;;;;;;1;1;;;
16/09/2018;04:50:00;48;sem vítima;475;BR-262/MG;Oeste;Saida de Pista;1;;;;;;;;;;1;;;;
16/09/2018;06:10:00;64;com vítima;368;BR-262/MG;Oeste;Capotamento;;;;;;;;;;1;0;;2;;
16/09/2018;09:07:00;165;sem vítima;378,7;BR-262/MG;Oeste;Capotamento;;;;;;;;;;1;2;;;;
16/09/2018;10:14:00;231;com vítima;12;BR-060/DF;Sul;Choque - Arvore;1;;;;;;;;;;0;1;;;
16/09/2018;13:04:00;337;sem vítima;91,5;BR-153/MG;Sul;Tombamento;;;1;;;;;;;;1;;;;
16/09/2018;14:44:00;377;com vítima;413;BR-262/MG;Leste;Choque - Poste;1;;;;;;;;;;0;;;1;3
16/09/2018;15:27:00;406;sem vítima;517,95;BR-153/GO;Sul;Capotamento;1;;;;;;;;;;4;;;;
16/09/2018;15:30:00;408;sem vítima;591;BR-262/MG;Leste;Capotamento;1;;;;;;;;;;2;;;;
16/09/2018;15:44:00;416;com vítima;811;BR-262/MG;Leste;Choque - Defensa, barreira ou "submarino";1;;;;;;;;;;0;;1;;
16/09/2018;16:00:00;426;com vítima;105;BR-153/MG;Norte;Capotamento;;;;;;;;;;1;1;2;;;
16/09/2018;16:13:00;437;sem vítima;188;BR-153/MG;Sul;Choque - Arvore;1;;;;;;;;;;1;;;;
16/09/2018;17:11:00;462;sem vítima;574;BR-262/MG;Leste;Capotamento;1;;;;;;;;;;3;;;;
16/09/2018;18:24:00;496;sem vítima;537;BR-153/GO;Norte;Atropelamento de Animal;;;1;;;;;;;;1;;;;
16/09/2018;18:26:00;498;sem vítima;365,8;BR-262/MG;Leste;Choque - Elemento de Drenagem;1;;;;;;;;;;1;;;;
16/09/2018;21:41:00;583;sem vítima;725;BR-262/MG;Leste;Atropelamento de Animal;1;;;;;;;;;;2;;;;
16/09/2018;21:43:00;585;sem vítima;725;BR-262/MG;Oeste;Atropelamento de Animal;1;;;;;;;;;;2;;;;
16/09/2018;22:20:00;607;sem vítima;17;BR-153/MG;Sul;Tombamento;1;;;;;;;;;;1;;;;
16/09/2018;22:34:00;613;sem vítima;90;BR-060/GO;Norte;Colisão Lateral;1;;1;;;;;;;;2;;;;
16/09/2018;22:50:00;618;sem vítima;607,2;BR-153/GO;Norte;Saida de Pista;;;1;;;;;;;;1;;;;
16/09/2018;23:40:00;629;sem vítima;366,5;BR-262/MG;Leste;Saida de Pista;1;;;;;;;;;;1;;;;
17/09/2018;00:01:00;2;sem vítima;664;BR-262/MG;Oeste;Colisão Lateral;1;;1;;;;;;;;2;;;;
17/09/2018;01:09:00;14;sem vítima;385;BR-262/MG;Leste;Colisão Traseira;1;;1;;;;;;;;2;;;;
17/09/2018;03:42:00;37;sem vítima;124,4;BR-060/GO;Sul;Choque - Defensa, barreira ou "submarino";;;1;;;;;;;;2;;;;
17/09/2018;06:25:00;60;com vítima;354,344;BR-262/MG;Leste;Capotamento;1;;;;;;;;;;3;;3;;
17/09/2018;06:29:00;65;sem vítima;120;BR-060/GO;Sul;Tombamento;;;1;;;;;;;;2;;;;
17/09/2018;06:58:00;76;sem vítima;547,028;BR-262/MG;Oeste;Capotamento;1;;;;;;;;;;1;;;;
17/09/2018;07:45:00;103;sem vítima;356,404;BR-262/MG;Leste;Colisão Lateral;1;;;1;;;;;;;2;;;;
17/09/2018;08:13:00;118;com vítima;549;BR-262/MG;Leste;Capotamento;1;;;;;;;;;;0;;1;;
17/09/2018;08:48:00;154;sem vítima;800,389;BR-262/MG;Oeste;Colisão Transversal;1;;1;;;;;;;;2;;;;
17/09/2018;09:47:00;193;sem vítima;380,517;BR-262/MG;Leste;Capotamento;1;;;;;;;;;;1;;;;
17/09/2018;15:50:00;377;sem vítima;380,527;BR-262/MG;Leste;Choque - Elemento de Drenagem;1;;;;;;;;;;1;;;;
17/09/2018;17:02:00;413;sem vítima;33,5;BR-060/GO;Norte;Colisão Traseira;1;;;;;;;;;1;3;;;;
17/09/2018;18:19:00;451;sem vítima;501,9;BR-153/GO;Sul;Engavetamento;3;;;;;;;;;;3;;;;
17/09/2018;22:05:00;534;com vítima;610;BR-262/MG;Leste;Choque - Talude;1;;;;;;;;;;0;1;;;
18/09/2018;06:57:00;68;com vítima;447;BR-262/MG;Oeste;Colisão Lateral;;;;;;2;;;;;0;1;1;;
18/09/2018;08:02:00;98;com vítima;496,962;BR-153/GO;Sul;Queda de Moto;;;;1;;;;;;;0;1;;;
18/09/2018;11:23:00;287;sem vítima;497;BR-262/MG;Leste;Colisão Traseira;;;2;;;1;;;;;3;;;;
18/09/2018;13:19:00;360;sem vítima;597,459;BR-262/MG;Oeste;Tombamento;;;1;;;;;;;;2;;;;
18/09/2018;14:02:00;377;sem vítima;580,5;BR-262/MG;Leste;Tombamento;;;1;;;;;;;;9;;;;
18/09/2018;14:23:00;391;sem vítima;14,07;BR-060/DF;Norte;Colisão Traseira;1;;;;;;;;;1;2;;;;
18/09/2018;14:38:00;398;sem vítima;534,65;BR-262/MG;Leste;Saida de Pista;1;;;;;;;;;;2;;;;
18/09/2018;15:50:00;449;sem vítima;117;BR-060/GO;Sul;Colisão Traseira;2;;;;;;;;;;2;;;;
18/09/2018;16:39:00;473;sem vítima;58,3;BR-153/MG;Sul;Tombamento;;;1;;;;;;;;1;;;;
18/09/2018;16:48:00;480;sem vítima;381,8;BR-262/MG;Oeste;Choque - Defensa, barreira ou "submarino";1;;;;;;;;;;1;;;;
18/09/2018;16:50:00;484;sem vítima;594;BR-262/MG;Leste;Saida de Pista;;;1;;;;;;;;1;;;;
18/09/2018;18:14:00;535;sem vítima;506,001;BR-153/GO;Sul;Queda de Moto;;;;1;;;;;;;1;;;;
18/09/2018;19:12:00;552;com vítima;693,371;BR-153/GO;Norte;Capotamento;1;;;;;;;;;;0;;2;;
18/09/2018;20:45:00;595;sem vítima;528,6;BR-262/MG;Leste;Tombamento;;;1;;;;;;;;1;;;;
18/09/2018;21:38:00;619;sem vítima;364;BR-262/MG;Leste;Colisão Traseira;;;2;;;;;;;;2;;;;
18/09/2018;22:03:00;623;sem vítima;576;BR-262/MG;Oeste;Carreta deu L;;;1;;;1;;;;;2;;;;
19/09/2018;00:49:00;8;sem vítima;94;BR-153/MG;Norte;Atropelamento de Animal;;;2;;;;;;;;2;;;;
19/09/2018;08:23:00;116;com vítima;490,7;BR-153/GO;Norte;Choque - Veiculo parado na pista;1;;;;;;;;;1;2;1;;;
19/09/2018;10:42:00;249;com vítima;13,1;BR-060/GO;Sul;Capotamento;1;;;;;;;;;;0;;;1;
19/09/2018;11:55:00;305;com vítima;96,07;BR-060/GO;Sul;Colisão Transversal;1;;;1;;;;;;;1;2;;;
19/09/2018;14:21:00;393;sem vítima;8;BR-060/DF;Norte;Colisão Traseira;1;;;;;;;;;;1;;;;
19/09/2018;14:45:00;402;sem vítima;96,4;BR-060/GO;Sul;Carreta deu L;;;1;;;;;;;;1;;;;
19/09/2018;14:51:00;410;sem vítima;554;BR-262/MG;Leste;Colisão Lateral;;;2;;;;;;;;2;;;;
19/09/2018;15:12:00;420;sem vítima;113,8;BR-060/GO;Sul;Tombamento;;;1;;;;;;;;1;;;;
19/09/2018;16:25:00;458;sem vítima;28,4;BR-060/DF;Norte;Choque - Talude;1;;;;;;;;;;1;;;;
19/09/2018;16:55:00;477;sem vítima;674,6;BR-262/MG;Oeste;Choque - Talude;1;;;;;;;;;;1;;;;
19/09/2018;21:19:00;581;sem vítima;693;BR-262/MG;Oeste;Saida de Pista;1;;;;;;;;;;1;;;;
19/09/2018;23:06:00;611;com vítima;241,5;BR-153/MG;Sul;Atropelamento de Animal;1;;;;;;;;;;0;1;;;
20/09/2018;04:58:00;32;sem vítima;418;BR-262/MG;Leste;Choque - Veiculo parado na pista;;;2;;;;;;;;4;;;;
20/09/2018;06:34:00;51;sem vítima;49,986;BR-060/GO;Sul;Tombamento;;;1;;;;;;;;2;;;;
20/09/2018;07:10:00;65;sem vítima;12,2;BR-060/GO;Norte;Choque - Suporte de Sinalização;1;;;;;;;;;;1;;;;
20/09/2018;08:29:00;111;sem vítima;380,517;BR-262/MG;Oeste;Choque - Elemento de Drenagem;1;;;;;;;;;;1;;;;
20/09/2018;10:42:00;219;sem vítima;586,873;BR-262/MG;Oeste;Choque - Suporte de Sinalização;;;1;;;;;;;;1;;;;
20/09/2018;11:51:00;257;com vítima;381,568;BR-262/MG;Leste;Capotamento;1;;;;;;;;;;0;2;;;
20/09/2018;15:40:00;362;sem vítima;633;BR-153/GO;Sul;Capotamento;1;;;;;;;;;;1;;;;
20/09/2018;15:50:00;370;sem vítima;614;BR-153/GO;Sul;Colisão Traseira;;;1;1;;;;;;;2;;;;
20/09/2018;17:13:00;406;sem vítima;385;BR-262/MG;Oeste;Saida de Pista;1;;;;;;;;;;1;;;;
20/09/2018;17:17:00;412;sem vítima;590;BR-262/MG;Leste;Capotamento;;;;;;;;;;1;1;;;;
20/09/2018;18:24:00;452;com vítima;502,8;BR-153/GO;Sul;Colisão Traseira;1;;;1;;;;;;;2;1;;;
20/09/2018;19:23:00;485;sem vítima;137,8;BR-060/GO;Sul;Colisão Lateral;1;;;1;;;;;;;2;;;;
20/09/2018;21:57:00;559;sem vítima;26;BR-060/DF;Norte;Saida de Pista;;;;;;;;;;1;1;;;;
20/09/2018;22:02:00;563;sem vítima;86;BR-060/GO;Norte;Colisão Traseira;;;3;;;;;;;;3;;;;
20/09/2018;22:44:00;571;com vítima;104;BR-060/GO;Sul;Queda de Ciclista;;;;1;;;;;;;0;1;;;
21/09/2018;00:45:00;15;sem vítima;549;BR-262/MG;Leste;Choque - Suporte de Sinalização;1;;;;;;;;;;1;;;;
21/09/2018;04:50:00;54;sem vítima;43,3;BR-060/GO;Norte;Capotamento;1;;;;;;;;;;1;;;;
21/09/2018;06:36:00;83;sem vítima;667;BR-153/GO;Norte;Colisão Lateral;1;;;;1;;;;;;2;;;;
21/09/2018;08:10:00;135;com vítima;75,9;BR-060/GO;Sul;Capotamento;1;;;;;;;;;;1;1;;;
21/09/2018;09:03:00;179;com vítima;381,5;BR-262/MG;Oeste;Saida de Pista;1;;;;;;;;;;0;1;;;
21/09/2018;09:21:00;192;com vítima;499;BR-153/GO;Sul;Engavetamento;2;;1;;;;;;;;3;1;;;
21/09/2018;11:31:00;255;com vítima;15,3;BR-060/DF;Sul;Colisão Traseira;2;;;;;;;;;;2;1;;;
21/09/2018;11:44:00;264;sem vítima;524,9;BR-153/GO;Norte;Choque - Outros;;;1;;;;;;;;1;;;;
21/09/2018;13:50:00;324;sem vítima;493;BR-153/GO;Norte;Colisão Traseira;1;;1;;;;;;;;2;;;;
21/09/2018;14:56:00;359;com vítima;520;BR-153/GO;Norte;Capotamento;2;;;;;1;;;;;2;1;1;;
21/09/2018;19:08:00;501;sem vítima;802;BR-262/MG;Leste;Saida de Pista;1;;;;;;;;;;1;;;;
21/09/2018;19:08:00;522;sem vítima;802;BR-262/MG;Leste;Saida de Pista;1;;;;;;;;;;3;;;;
21/09/2018;20:34:00;537;sem vítima;33;BR-060/GO;Sul;Colisão Frontal;1;;;1;;;;;;;3;;;;
22/09/2018;00:10:00;6;sem vítima;385;BR-262/MG;Oeste;Choque - Elemento de Drenagem;1;;;;;;;;;;1;;;;
22/09/2018;01:02:00;12;com vítima;444;BR-262/MG;Oeste;Queda de Moto;;;;1;;;;;;;0;1;;;
22/09/2018;03:41:00;45;com vítima;609,741;BR-262/MG;Oeste;Colisão Frontal;1;;1;;;;;;;;0;;1;;1
22/09/2018;06:14:00;72;sem vítima;107,8;BR-060/GO;Sul;Choque - Veiculo parado na pista;2;;;;;;;;;;2;;;;
22/09/2018;06:46:00;85;com vítima;506,4;BR-153/GO;Norte;Queda de Moto;;;;1;;;;;;;0;1;;;
22/09/2018;07:25:00;94;com vítima;507,2;BR-153/GO;Norte;Colisão Lateral;1;;;1;;;;;;;1;1;;;
22/09/2018;07:47:00;102;com vítima;837;BR-262/MG;Oeste;Colisão Frontal;2;;;;;;;;;;0;3;;;
22/09/2018;08:57:00;145;sem vítima;453,176;BR-262/MG;Leste;Capotamento;1;;;;;;;;;;2;;;;
22/09/2018;09:31:00;169;sem vítima;418;BR-262/MG;Leste;Colisão Lateral;;;1;;;;;;;1;2;;;;
22/09/2018;11:02:00;234;sem vítima;496,02;BR-153/GO;Sul;Engavetamento;3;;;;;;;;;;4;;;;
22/09/2018;14:32:00;339;com vítima;114,1;BR-060/GO;Sul;Capotamento;1;;;;;;;;;;4;1;;;
22/09/2018;17:58:00;455;sem vítima;431;BR-262/MG;Oeste;Queda de Moto;;;;1;;;;;;;1;;;;
22/09/2018;17:59:00;456;sem vítima;132,001;BR-060/GO;Norte;Queda de Moto;;;;1;;;;;;;1;;;;
22/09/2018;18:34:00;473;sem vítima;365,269;BR-262/MG;Leste;Saida de Pista;1;;;;;;;;;;4;;;;
22/09/2018;19:40:00;510;com vítima;97,172;BR-060/GO;Sul;Queda de Moto;1;;;;;;;;;;0;1;;;
22/09/2018;19:48:00;513;sem vítima;694;BR-262/MG;Oeste;Colisão Lateral;1;;;;;;;;;1;2;;;;
22/09/2018;20:44:00;538;sem vítima;6,253;BR-060/DF;Sul;Colisão Traseira;2;;;;;;;;;;2;;;;
22/09/2018;21:59:00;555;com vítima;507,369;BR-153/GO;Norte;Colisão Traseira;1;;;1;;;;;;;1;1;;;
22/09/2018;23:04:00;575;com vítima;499,199;BR-153/GO;Sul;Choque - Outros;1;;;;;;;;;;0;1;;;
23/09/2018;00:01:00;1;sem vítima;497,522;BR-153/GO;Sul;Capotamento;1;;;;;;;;;;1;;;;
23/09/2018;11:49:00;254;com vítima;474;BR-262/MG;Oeste;Colisão Transversal;1;;1;;;;;;;;1;1;2;;2
23/09/2018;13:56:00;339;sem vítima;46,7;BR-060/GO;Sul;Colisão Lateral;1;;1;;;;;;;;2;;;;
23/09/2018;14:15:00;353;com vítima;572,3;BR-153/GO;Norte;Capotamento;1;;;;;;;;;;0;1;;1;
23/09/2018;14:25:00;358;sem vítima;584,3;BR-153/GO;Norte;Colisão Traseira;;;1;;;;;;;1;2;;;;
23/09/2018;14:42:00;369;sem vítima;42,5;BR-060/GO;Norte;Choque - Defensa, barreira ou "submarino";1;;;;;;;;;;4;;;;
23/09/2018;15:28:00;398;com vítima;100,55;BR-060/GO;Sul;Queda de Moto;;;;1;;;;;;;0;2;;;
23/09/2018;16:13:00;420;sem vítima;129;BR-060/GO;Sul;Colisão Traseira;1;;;;;1;;;;;2;;;;
23/09/2018;16:39:00;441;sem vítima;4,2;BR-060/DF;Norte;Colisão Traseira;2;;;;;;;;;;2;;;;
23/09/2018;17:02:00;456;com vítima;118;BR-060/GO;Norte;Colisão Traseira;1;;1;;;;;;;;4;1;;;
23/09/2018;17:52:00;494;sem vítima;4,5;BR-060/GO;Norte;Colisão Lateral;2;;;;;;;;;;2;;;;
24/09/2018;01:11:00;10;com vítima;45;BR-153/MG;Norte;Colisão Traseira;;;2;;;;;;;;4;;;1;
24/09/2018;01:18:00;11;sem vítima;500,5;BR-153/GO;Norte;Choque - Arvore;1;;;;;;;;;;2;;;;
24/09/2018;03:13:00;35;sem vítima;439;BR-262/MG;Oeste;Capotamento;1;;;;;;;;;;4;;;;
24/09/2018;05:55:00;58;com vítima;97;BR-060/GO;Norte;Capotamento;1;;;;;;;;;;1;;1;;
24/09/2018;08:10:00;113;sem vítima;509,7;BR-153/GO;Sul;Engavetamento;3;;;;;;;;;;3;;;;
24/09/2018;11:33:00;229;com vítima;47,5;BR-060/GO;Sul;Colisão Transversal;1;;;;;;;;;1;2;2;;;
24/09/2018;13:02:00;271;com vítima;492;BR-153/GO;Norte;Queda de Moto;;;;1;;;;;;;0;1;;;
24/09/2018;14:22:00;307;sem vítima;473;BR-262/MG;Oeste;Colisão Traseira;2;;;;;;;;;;2;;;;
24/09/2018;17:07:00;398;sem vítima;29,1;BR-060/GO;Sul;Colisão Traseira;;;2;;;;;;;;2;;;;
24/09/2018;19:25:00;483;sem vítima;3;BR-060/DF;Sul;Colisão Lateral;2;;;;;;;;;;2;;;;
24/09/2018;20:51:00;519;sem vítima;7;BR-060/DF;Sul;Colisão Lateral;2;;;;;;;;;;2;;;;
24/09/2018;23:42:00;596;com vítima;38,7;BR-060/GO;Sul;Tombamento;;;1;;;;;;;;0;1;;;
25/09/2018;01:11:00;17;com vítima;504;BR-153/GO;Sul;Choque - Defensa, barreira ou "submarino";2;;;;;;;;;;1;;1;;
25/09/2018;02:50:00;28;sem vítima;514;BR-153/GO;Norte;Choque - Elemento de Drenagem;1;;;;;;;;;;2;;;;
25/09/2018;08:39:00;136;sem vítima;368,665;BR-262/MG;Leste;Colisão Lateral;2;;;;;;;;;;2;;;;
25/09/2018;10:57:00;224;sem vítima;29;BR-060/DF;Sul;Saida de Pista;1;;;;;;;;;;1;;;;
25/09/2018;11:21:00;236;sem vítima;442;BR-262/MG;Leste;Colisão Traseira;1;;;1;;;;;;;2;;;;
25/09/2018;17:35:00;462;com vítima;75,5;BR-153/MG;Norte;Saida de Pista;;;1;;;;;;;;0;1;;;
25/09/2018;18:44:00;499;com vítima;608;BR-262/MG;Oeste;Capotamento;;;1;;;;;;;;0;;1;;1
25/09/2018;21:59:00;593;com vítima;513;BR-153/GO;Norte;Queda de Moto;;;;1;;;;;;;0;1;;;