data;horario;n_da_ocorrencia;tipo_de_ocorrencia;km;trecho;sentido;tipo_de_acidente;automovel;bicicleta;caminhao;moto;onibus;outros;tracao_animal;transporte_de_cargas_especiais;trator_maquinas;utilitarios;ilesos;levemente_feridos;moderadamente_feridos;gravemente_feridos;mortos
26/09/2018;08:11:00;143;com vítima;620;BR-153/GO;Norte;Colisão Traseira;1;;1;;;;;;;;1;1;;;
26/09/2018;09:45:00;195;sem vítima;495,05;BR-153/GO;Sul;Colisão Traseira;1;;;;;;;;;1;2;;;;
26/09/2018;11:06:00;246;sem vítima;45,2;BR-060/GO;Sul;Capotamento;1;;;;;;;;;;1;;;;
26/09/2018;17:19:00;461;sem vítima;372;BR-262/MG;Oeste;Colisão Traseira;2;;;;;;;;;;2;;;;
26/09/2018;20:01:00;556;sem vítima;22,8;BR-060/DF;Norte;Colisão Lateral;1;;;;1;;;;;;2;;;;
26/09/2018;20:41:00;570;com vítima;491,899;BR-153/GO;Norte;Queda de Moto;;;;1;;;;;;;0;1;;;
26/09/2018;22:50:00;617;com vítima;361;BR-262/MG;Oeste;Colisão Traseira;1;;;1;;;;;;;1;;1;;
27/09/2018;09:14:00;180;sem vítima;108;BR-060/GO;Norte;Colisão Lateral;1;;1;;;;;;;;2;;;;
27/09/2018;09:34:00;195;sem vítima;525;BR-262/MG;Leste;Colisão Traseira;;;2;;;;;;;;2;;;;
27/09/2018;10:12:00;238;sem vítima;400;BR-262/MG;Leste;Colisão Lateral;1;1;;;;;;;;;2;;;;
27/09/2018;18:21:00;538;sem vítima;560,268;BR-262/MG;Leste;Tombamento;;;1;;;;;;;;1;;;;
27/09/2018;19:46:00;574;sem vítima;660;BR-153/GO;Norte;Atropelamento de Animal;;;;;;;;;;1;1;;;;
28/09/2018;02:05:00;24;com vítima;450,468;BR-262/MG;Oeste;Colisão Traseira;;;;2;;;;;;;3;1;;;
28/09/2018;08:07:00;113;sem vítima;508,5;BR-153/GO;Norte;Colisão Traseira;2;;;;;;;;;;2;;;;
28/09/2018;08:31:00;132;sem vítima;133,5;BR-153/MG;Sul;Colisão Traseira;;;2;;;;;;;;2;;;;
28/09/2018;11:39:00;252;sem vítima;23,5;BR-060/GO;Sul;Colisão Lateral;1;;1;;;;;;;;3;;;;
28/09/2018;14:47:00;344;sem vítima;360,203;BR-262/MG;Oeste;Tombamento;;;;;;;;;;1;1;;;;
28/09/2018;16:45:00;421;sem vítima;508,9;BR-153/GO;Sul;Colisão Traseira;;;;1;;1;;;;1;3;;;;
28/09/2018;19:44:00;514;sem vítima;514;BR-153/GO;Norte;Colisão Lateral;1;;2;;;;;;;;4;;;;
28/09/2018;20:05:00;525;sem vítima;137;BR-060/GO;Norte;Choque - Suporte de Sinalização;1;;;;;;;;;;2;;;;
28/09/2018;21:06:00;549;com vítima;18,4;BR-060/DF;Sul;Capotamento;1;;;;;;;;;;1;;1;;
29/09/2018;00:51:00;13;sem vítima;509;BR-153/GO;Norte;Choque - Defensa, barreira ou "submarino";1;;;;;;;;;;1;;;;
29/09/2018;01:14:00;18;sem vítima;442;BR-262/MG;Leste;Saida de Pista;1;;;;;;;;;;1;;;;
29/09/2018;03:00:00;40;sem vítima;17,3;BR-153/MG;Sul;Choque - Elemento de Drenagem;1;;;;;;;;;;1;;;;
29/09/2018;07:42:00;106;sem vítima;635,156;BR-262/MG;Leste;Colisão Lateral;1;;1;;;;;;;;5;;;;
29/09/2018;08:06:00;125;com vítima;31,8;BR-060/GO;Sul;Atropelamento de Animal;;;;1;;;;;;;0;1;;;
29/09/2018;10:09:00;195;sem vítima;514,057;BR-153/GO;Norte;Capotamento;1;;;;;;;;;;1;;;;
29/09/2018;12:39:00;270;com vítima;584,3;BR-153/GO;Sul;Queda de Moto;;;;1;;;;;;;0;1;;;
29/09/2018;12:43:00;272;sem vítima;499,9;BR-153/GO;Sul;Queda de Ciclista;;1;1;;;;;;;;2;;;;
29/09/2018;14:58:00;337;sem vítima;405;BR-262/MG;Leste;Saida de Pista;1;;;;;;;;;;1;;;;
29/09/2018;15:21:00;353;sem vítima;405,1;BR-262/MG;Leste;Saida de Pista;1;;;;;;;;;;4;;;;
29/09/2018;16:15:00;385;sem vítima;579;BR-262/MG;Leste;Saida de Pista;1;;;;;;;;;;1;;;;
29/09/2018;16:15:00;386;sem vítima;380,9;BR-262/MG;Oeste;Choque - Elemento de Drenagem;1;;;;;;;;;;1;;;;
29/09/2018;16:57:00;411;sem vítima;79,8;BR-060/GO;Sul;Choque - Defensa, barreira ou "submarino";;;1;;;;;;;;1;;;;
29/09/2018;17:27:00;428;sem vítima;389;BR-262/MG;Leste;Colisão Traseira;2;;;;;;;;;;2;;;;
29/09/2018;17:45:00;433;sem vítima;413;BR-262/MG;Leste;Saida de Pista;1;;;;;;;;;;1;;;;
29/09/2018;18:33:00;459;sem vítima;107;BR-060/GO;Sul;Choque - Suporte de Sinalização;;;1;;;;;;;;1;;;;
29/09/2018;18:51:00;469;com vítima;400;BR-262/MG;Oeste;Colisão Traseira;2;;;;;;;;;;3;2;;;
29/09/2018;18:54:00;470;sem vítima;560;BR-153/GO;Sul;Colisão Traseira;;;2;;;;;;;;2;;;;
29/09/2018;19:04:00;475;com vítima;543;BR-153/GO;Norte;Capotamento;1;;;;;;;;;;4;1;;;
29/09/2018;21:23:00;535;sem vítima;808,57;BR-262/MG;Leste;Capotamento;1;;;;;;;;;;1;;;;
29/09/2018;22:34:00;559;com vítima;443,849;BR-262/MG;Oeste;Choque - Defensa, barreira ou "submarino";;;;1;;;;;;;0;;1;;
29/09/2018;23:18:00;576;sem vítima;506;BR-153/GO;Norte;Colisão Traseira;2;;;;;;;;;;2;;;;
29/09/2018;23:44:00;586;com vítima;402;BR-262/MG;Oeste;Choque - Suporte de Sinalização;1;;;;;;;;;;0;1;;;
30/09/2018;01:49:00;29;sem vítima;412;BR-262/MG;Leste;Saida de Pista;1;;;;;;;;;;1;;;;
30/09/2018;04:59:00;64;com vítima;862,8;BR-262/MG;Oeste;Capotamento;1;;;;;;;;;;0;2;;;
30/09/2018;05:25:00;69;sem vítima;437;BR-262/MG;Oeste;Saida de Pista;1;;;;;;;;;;1;;;;
30/09/2018;06:19:00;86;sem vítima;415,55;BR-262/MG;Oeste;Choque - Talude;1;;;;;;;;;;1;;;;
30/09/2018;08:02:00;133;com vítima;589;BR-262/MG;Leste;Choque - Arvore;1;;;;;1;;;;;3;3;;;
30/09/2018;09:10:00;170;com vítima;98;BR-153/MG;Norte;Colisão Traseira;;;3;;;;;;;;2;1;;;
30/09/2018;15:40:00;334;sem vítima;94,225;BR-060/GO;Sul;Colisão Traseira;1;;1;;;;;;;;2;;;;
30/09/2018;15:42:00;336;sem vítima;422,9;BR-262/MG;Leste;Choque - Talude;1;;;;;;;;;;1;;;;
30/09/2018;19:39:00;444;sem vítima;388,8;BR-262/MG;Oeste;Saida de Pista;1;;;;;;;;;;1;;;;
01/10/2018;02:17:00;18;com vítima;814,8;BR-262/MG;Leste;Capotamento;1;;;;;;;;;;0;1;;;
01/10/2018;05:38:00;38;com vítima;554;BR-262/MG;Leste;Tombamento;;;1;;;;;;;;0;1;;;
01/10/2018;05:49:00;39;sem vítima;384;BR-262/MG;Oeste;Saida de Pista;1;;;;;;;;;;2;;;;
01/10/2018;09:24:00;143;sem vítima;4,6;BR-060/DF;Norte;Colisão Traseira;2;;;;;;;;;;2;;;;
01/10/2018;16:12:00;382;sem vítima;607,5;BR-262/MG;Leste;Tombamento;;;1;;;;;;;;3;;;;
01/10/2018;18:58:00;471;com vítima;113,74;BR-060/GO;Sul;Capotamento;;;1;;;;;;;;2;2;;;
01/10/2018;19:24:00;480;sem vítima;113,878;BR-060/GO;Sul;Carreta deu L;;;1;;;;;;;;1;;;;
01/10/2018;19:25:00;481;sem vítima;94,299;BR-060/GO;Sul;Colisão Traseira;2;;1;;;;;;;;3;;;;
02/10/2018;05:36:00;48;sem vítima;48,985;BR-060/GO;Sul;Colisão Traseira;;;2;;;;;;;;3;;;;
02/10/2018;06:12:00;59;sem vítima;534,3;BR-153/GO;Norte;Colisão Lateral;;;1;;;;;;;1;2;;;;
02/10/2018;07:51:00;109;sem vítima;4,6;BR-060/DF;Norte;Colisão Traseira;1;;;;1;;;;;;2;;;;
02/10/2018;08:40:00;130;sem vítima;209,9;BR-153/MG;Norte;Choque - Suporte de Sinalização;1;;;;;;;;;;1;;;;
02/10/2018;12:50:00;286;sem vítima;586,9;BR-153/GO;Sul;Choque - Talude;1;;;;;;;;;;1;;;;
02/10/2018;15:07:00;361;sem vítima;502,5;BR-153/GO;Norte;Colisão Traseira;1;;;1;;;;;;;2;;;;
02/10/2018;15:36:00;375;sem vítima;130,5;BR-060/GO;Sul;Carreta deu L;;;1;;;;;;;;1;;;;
02/10/2018;16:06:00;395;sem vítima;368,691;BR-262/MG;Leste;Choque - Defensa, barreira ou "submarino";;;;;;;;;;1;1;;;;
02/10/2018;17:33:00;449;com vítima;70,8;BR-060/GO;Norte;Capotamento;1;;;;;;;;;;0;1;;;
02/10/2018;18:38:00;480;com vítima;125,299;BR-153/MG;Sul;Colisão Frontal;1;;1;;;;;;;;1;;1;;
02/10/2018;20:32:00;540;sem vítima;83;BR-060/GO;Sul;Colisão Traseira;;;2;;;;;;;;2;;;;
03/10/2018;07:27:00;128;com vítima;68,6;BR-060/GO;Sul;Queda de Moto;;;1;1;;;;;;;1;;1;;
03/10/2018;07:30:00;130;com vítima;135,9;BR-060/GO;Sul;Queda de Moto;;;;1;;;;;;;1;1;;;
03/10/2018;07:32:00;133;sem vítima;93,3;BR-060/GO;Norte;Tombamento;;;1;;;;;;;;1;;;;
03/10/2018;08:16:00;169;sem vítima;24,2;BR-060/GO;Sul;Choque - Outros;;;1;;;;;;;;1;;;;
03/10/2018;09:26:00;225;sem vítima;417,236;BR-262/MG;Oeste;Choque - Defensa, barreira ou "submarino";;;;;;;;;;1;1;;;;
03/10/2018;09:45:00;240;sem vítima;118,4;BR-153/MG;Sul;Colisão Traseira;;;2;;;1;;;;;3;;;;
03/10/2018;10:21:00;263;sem vítima;197;BR-153/MG;Sul;Tombamento;;;1;;;;;;;;1;;;;
03/10/2018;19:18:00;559;sem vítima;498;BR-153/GO;Sul;Colisão Traseira;1;;;;;;;;;1;2;;;;
03/10/2018;21:29:00;618;sem vítima;121,54;BR-060/GO;Norte;Choque - Suporte de Sinalização;1;;;;;;;;;;1;;;;
03/10/2018;23:50:00;657;sem vítima;41,5;BR-153/MG;Norte;Saida de Pista;1;;;;;;;;;;1;;;;
04/10/2018;04:42:00;47;com vítima;494;BR-262/MG;Oeste;Colisão Frontal;1;;1;;;;;;;;0;1;;;2
04/10/2018;13:21:00;382;com vítima;501,002;BR-153/GO;Sul;Colisão Lateral;1;;;1;;;;;;;2;1;;;
04/10/2018;13:58:00;401;sem vítima;433;BR-262/MG;Leste;Tombamento;;;1;;;;;;;;1;;;;
04/10/2018;14:51:00;429;com vítima;507,5;BR-153/GO;Sul;Queda de Moto;;;;1;;;;;;;0;1;1;;
04/10/2018;16:29:00;486;sem vítima;115,9;BR-060/GO;Sul;Capotamento;;;;;;;;;;1;1;;;;
04/10/2018;16:46:00;496;sem vítima;1,8;BR-153/MG;Sul;Saida de Pista;1;;;;;;;;;;1;;;;
04/10/2018;16:46:00;497;sem vítima;142,199;BR-153/MG;Norte;Colisão Lateral;;;2;;;;;;;;2;;;;
05/10/2018;01:40:00;18;sem vítima;475;BR-262/MG;Leste;Tombamento;;;1;;;;;;;;1;;;;
05/10/2018;03:45:00;45;sem vítima;626,5;BR-153/GO;Sul;Saida de Pista;;;1;;;;;;;;1;;;;
05/10/2018;05:17:00;56;sem vítima;111,619;BR-060/GO;Norte;Saida de Pista;;;1;;;;;;;;3;;;;
05/10/2018;07:12:00;108;sem vítima;497,358;BR-153/GO;Sul;Colisão Traseira;1;;1;;;;;;;;3;;;;
05/10/2018;08:28:00;154;com vítima;373,5;BR-262/MG;Oeste;Choque - Defensa, barreira ou "submarino";1;;;;;;;;;;0;1;;;
05/10/2018;09:46:00;195;com vítima;37,799;BR-153/MG;Norte;Capotamento;1;;;;;;;;;;0;;1;1;1
05/10/2018;15:10:00;382;sem vítima;48,899;BR-153/MG;Sul;Choque - Elemento de Drenagem;1;;;;;;;;;;2;;;;
05/10/2018;15:30:00;393;sem vítima;386;BR-262/MG;Leste;Saida de Pista;1;;;;;;;;;;1;;;;
05/10/2018;15:32:00;395;com vítima;512;BR-153/GO;Sul;Colisão Lateral;;;1;1;;;;;;;1;;1;;
05/10/2018;15:40:00;401;sem vítima;109;BR-060/GO;Norte;Colisão Traseira;2;;;;;;;;;;2;;;;
05/10/2018;16:26:00;433;sem vítima;129;BR-060/GO;Sul;Engavetamento;3;;;;;;;;;;8;;;;
05/10/2018;17:18:00;454;sem vítima;498,1;BR-153/GO;Sul;Colisão Traseira;1;;;;;1;;;;;2;;;;
05/10/2018;17:32:00;459;sem vítima;497,2;BR-153/GO;Sul;Colisão Traseira;2;;;;;;;;;;2;;;;
05/10/2018;18:40:00;494;com vítima;906;BR-262/MG;Oeste;Colisão Traseira;2;;;;;;;;;;1;;2;;
05/10/2018;18:45:00;496;sem vítima;92,299;BR-060/GO;Sul;Colisão Traseira;1;;1;;;;;;;;2;;;;
05/10/2018;19:10:00;511;sem vítima;23,1;BR-060/GO;Norte;Colisão Transversal;1;;;;;1;;;;;2;;;;
05/10/2018;20:26:00;537;sem vítima;52;BR-060/GO;Sul;Tombamento;;;1;;;;;;;;1;;;;
05/10/2018;20:59:00;552;com vítima;30,5;BR-060/GO;Norte;Colisão Frontal;1;;;1;;;;;;;1;1;;;
05/10/2018;21:26:00;565;sem vítima;3;BR-060/GO;Norte;Colisão Traseira;1;;1;;;;;;;;6;;;;
05/10/2018;21:37:00;570;sem vítima;575,471;BR-262/MG;Oeste;Tombamento;1;;;;;;;;;;2;;;;
06/10/2018;00:06:00;2;com vítima;536,01;BR-153/GO;Sul;Capotamento;1;;;;;;;;;;0;1;;;
06/10/2018;04:05:00;56;com vítima;74,046;BR-060/GO;Norte;Saida de Pista;1;;;;;;;;;;2;2;;;
06/10/2018;04:32:00;61;sem vítima;505,098;BR-153/GO;Norte;Choque - Suporte de Sinalização;1;;;;;;;;;;2;;;;
06/10/2018;04:34:00;62;sem vítima;435,767;BR-262/MG;Leste;Capotamento;1;;;;;;;;;;1;;;;
06/10/2018;05:12:00;73;com vítima;506,027;BR-153/GO;Sul;Queda de Moto;;;;1;;;;;;;0;1;1;;
06/10/2018;06:23:00;87;sem vítima;124,05;BR-153/MG;Norte;Engavetamento;;;2;;1;;;;;;19;;;;
06/10/2018;07:40:00;104;com vítima;434,225;BR-262/MG;Leste;Colisão Traseira;1;1;;;;;;;;;2;;;;1
06/10/2018;08:45:00;149;sem vítima;433;BR-262/MG;Oeste;Colisão Traseira;2;;;;;;;;;;2;;;;
06/10/2018;09:11:00;165;com vítima;355,72;BR-262/MG;Leste;Colisão Traseira;2;;;;;;;;;;4;1;;;
06/10/2018;10:14:00;206;sem vítima;501;BR-153/GO;Norte;Choque - Defensa, barreira ou "submarino";;;1;;;;;;;1;2;;;;
06/10/2018;10:39:00;219;com vítima;504,085;BR-153/GO;Norte;Colisão Traseira;1;;1;1;;;;;;;2;;;;1
06/10/2018;12:41:00;275;com vítima;706,1;BR-262/MG;Leste;Tombamento;;;1;;;;;;;;0;;1;;
06/10/2018;14:02:00;314;sem vítima;17;BR-153/MG;Sul;Choque - Elemento de Drenagem;1;;;;;;;;;;2;;;;
06/10/2018;14:18:00;321;com vítima;557;BR-153/GO;Sul;Capotamento;1;;;;;;;;;;0;;2;;
06/10/2018;15:01:00;338;com vítima;502;BR-153/GO;Sul;Colisão Traseira;1;;;1;;;;;;;1;;1;;
06/10/2018;15:11:00;342;sem vítima;611,2;BR-262/MG;Oeste;Colisão Lateral;;;2;;;;;;;;2;;;;
06/10/2018;15:16:00;345;sem vítima;18;BR-060/DF;Norte;Choque - Outros;;;;;;;;;;1;1;;;;
06/10/2018;16:13:00;374;com vítima;707;BR-262/MG;Leste;Capotamento;1;;;;;;;;;;0;2;1;;
06/10/2018;16:19:00;383;sem vítima;497,5;BR-153/GO;Norte;Choque - Defensa, barreira ou "submarino";1;;;;;;;;;;1;;;;
06/10/2018;17:06:00;416;sem vítima;360;BR-262/MG;Oeste;Saida de Pista;1;;;;;;;;;;1;;;;
06/10/2018;17:17:00;422;sem vítima;585;BR-262/MG;Leste;Saida de Pista;1;;;;;;;;;;1;;;;
06/10/2018;18:41:00;472;com vítima;65;BR-060/GO;Norte;Capotamento;1;;;;;;;;;;0;1;1;1;
06/10/2018;19:04:00;482;sem vítima;478;BR-262/MG;Leste;Colisão Lateral;;;1;;1;;;;;;12;;;;
06/10/2018;19:24:00;489;com vítima;800,6;BR-262/MG;Oeste;Tombamento;;;1;;;;;;;;0;1;;;
06/10/2018;19:50:00;504;sem vítima;593,8;BR-262/MG;Oeste;Colisão Lateral;;;2;;;;;;;;3;;;;
06/10/2018;20:18:00;518;sem vítima;594,5;BR-262/MG;Leste;Choque - Talude;;;1;;;;;;;;1;;;;
06/10/2018;20:22:00;520;com vítima;588,47;BR-262/MG;Oeste;Tombamento;;;1;;;;;;;;1;1;;;
06/10/2018;20:55:00;529;com vítima;14;BR-060/DF;Norte;Atropelamento - Andarilho;1;;;;;;;;;;1;;;;1
06/10/2018;21:58:00;553;sem vítima;628,5;BR-262/MG;Leste;Saida de Pista;1;;;;;;;;;;2;;;;
06/10/2018;21:59:00;554;com vítima;542;BR-262/MG;Oeste;Capotamento;1;;1;;;;;;;;1;1;;;
06/10/2018;22:35:00;562;com vítima;4,299;BR-153/MG;Norte;Queda de Ciclista;;1;;;;;;;;;0;1;;;
07/10/2018;00:12:00;5;sem vítima;6,7;BR-153/MG;Sul;Choque - Elemento de Drenagem;1;;;;;;;;;;5;;;;
07/10/2018;03:04:00;45;sem vítima;31,4;BR-060/GO;Sul;Choque - Elemento de Drenagem;1;;;;;;;;;;1;;;;
07/10/2018;04:48:00;62;com vítima;504;BR-153/GO;Norte;Queda de Moto;;;;1;;;;;;;0;1;;;
07/10/2018;04:51:00;63;sem vítima;444,867;BR-262/MG;Oeste;Choque - Elemento de Drenagem;1;;;;;;;;;;1;;;;
07/10/2018;05:45:00;68;com vítima;91;BR-060/GO;Sul;Queda de Moto;;;;1;;;;;;;0;;1;;
07/10/2018;05:57:00;73;sem vítima;354,704;BR-262/MG;Oeste;Capotamento;1;;;;;;;;;;1;;;;
07/10/2018;07:05:00;92;sem vítima;51;BR-060/GO;Sul;Capotamento;1;;;;;;;;;;1;;;;
07/10/2018;07:35:00;107;sem vítima;356;BR-262/MG;Leste;Capotamento;1;;;;;;;;;;1;;;;
07/10/2018;11:20:00;195;sem vítima;510;BR-153/GO;Sul;Engavetamento;2;;;1;;;;;;;3;;;;
07/10/2018;11:21:00;196;sem vítima;382;BR-262/MG;Oeste;Saida de Pista;1;;;;;;;;;;1;;;;
07/10/2018;11:21:00;197;sem vítima;23;BR-060/DF;Sul;Saida de Pista;1;;;;;;;;;;1;;;;
07/10/2018;11:34:00;203;sem vítima;379;BR-262/MG;Leste;Saida de Pista;1;;;;;;;;;;1;;;;
07/10/2018;11:39:00;207;sem vítima;379;BR-262/MG;Leste;Capotamento;1;;;;;;;;;;1;;;;
07/10/2018;12:13:00;219;com vítima;876,8;BR-262/MG;Leste;Colisão Traseira;;1;;1;;;;;;;1;1;;;
07/10/2018;12:23:00;224;sem vítima;515;BR-153/GO;Sul;Colisão Lateral;2;;;;;;;;;;2;;;;
07/10/2018;13:01:00;249;sem vítima;136;BR-060/GO;Norte;Saida de Pista;1;;;;;;;;;;1;;;;
07/10/2018;15:49:00;291;sem vítima;598;BR-262/MG;Leste;Colisão Transversal;1;;1;;;;;;;;2;;;;
07/10/2018;17:04:00;324;sem vítima;500,95;BR-153/GO;Sul;Saida de Pista;1;;;;;;;;;;1;;;;
07/10/2018;17:34:00;337;com vítima;399,2;BR-262/MG;Oeste;Capotamento;1;;;;;;;;;;1;;2;;
07/10/2018;17:36:00;339;com vítima;627,9;BR-153/GO;Sul;Choque - Suporte de Sinalização;1;;;;;;;;;;0;2;;;
07/10/2018;17:48:00;346;com vítima;429;BR-262/MG;Leste;Choque - Suporte de Sinalização;1;;;;;;;;;;0;;1;1;1
07/10/2018;20:31:00;415;sem vítima;801,001;BR-262/MG;Leste;Atropelamento de Animal;;;1;;;;;;;;1;;;;
07/10/2018;21:48:00;444;sem vítima;557,299;BR-153/GO;Norte;Colisão Traseira;;;2;;;;;;;;2;;;;
08/10/2018;00:50:00;11;com vítima;66,099;BR-060/GO;Norte;Capotamento;1;;;;;;;;;;0;1;;;
08/10/2018;07:42:00;110;sem vítima;494,5;BR-153/GO;Norte;Colisão Lateral;;;;2;;;;;;;3;;;;
08/10/2018;07:56:00;116;sem vítima;507,494;BR-153/GO;Norte;Colisão Traseira;2;;;;;;;;;;2;;;;
08/10/2018;13:08:00;350;sem vítima;132,232;BR-060/GO;Norte;Saida de Pista;1;;;;;;;;;;2;;;;
08/10/2018;13:42:00;374;sem vítima;100;BR-060/GO;Norte;;1;;;;;;;;;;1;;;;
08/10/2018;15:27:00;423;sem vítima;112;BR-060/GO;Sul;Saida de Pista;;;;;;;;;;1;2;;;;
08/10/2018;15:48:00;444;sem vítima;96;BR-060/GO;Norte;Colisão Lateral;1;;1;;;;;;;;4;;;;
08/10/2018;18:14:00;565;com vítima;70;BR-060/GO;Norte;Colisão Lateral;1;;;1;;;;;;;5;1;;;
08/10/2018;21:41:00;656;sem vítima;507,618;BR-153/GO;Norte;Queda de Moto;;;;1;;;;;;;1;;;;
08/10/2018;22:54:00;679;com vítima;129,1;BR-060/GO;Norte;Choque - Arvore;1;;;;;;;;;;0;2;;;
08/10/2018;23:08:00;684;sem vítima;29,653;BR-060/GO;Sul;Colisão Traseira;;;1;;;;;;;;1;;;;
09/10/2018;01:05:00;10;sem vítima;427,567;BR-262/MG;Leste;Capotamento;1;;;;;;;;;;2;;;;
09/10/2018;03:25:00;33;sem vítima;673;BR-262/MG;Leste;Choque - Defensa, barreira ou "submarino";;;1;;;;;;;;1;;;;
09/10/2018;04:40:00;42;sem vítima;172;BR-153/MG;Norte;Choque - Elemento de Drenagem;1;;;;;;;;;;2;;;;
09/10/2018;04:57:00;45;com vítima;799,269;BR-262/MG;Oeste;Saida de Pista;;;1;;;;;;;;0;1;;;
09/10/2018;05:57:00;59;sem vítima;704,3;BR-262/MG;Leste;Colisão Traseira;;;1;;;;;;;1;2;;;;
09/10/2018;07:24:00;89;sem vítima;497;BR-153/GO;Norte;Engavetamento;2;;;;;;;;;1;3;;;;
09/10/2018;07:52:00;108;com vítima;130,565;BR-060/GO;Norte;Colisão Traseira;1;;1;;;;;;;;1;3;;;
09/10/2018;07:53:00;109;sem vítima;506,413;BR-153/GO;Norte;Engavetamento;4;;1;;;;;;;;5;;;;
09/10/2018;10:21:00;256;sem vítima;496,3;BR-153/GO;Sul;Engavetamento;2;;;1;;;;;;;3;;;;
09/10/2018;13:14:00;381;sem vítima;92,001;BR-153/MG;Sul;Tombamento;;;1;;;;;;;;1;;;;
09/10/2018;13:56:00;396;com vítima;380,5;BR-262/MG;Oeste;Colisão Lateral;1;;1;;;;;;;;0;4;;;
09/10/2018;16:59:00;518;sem vítima;116;BR-060/GO;Sul;Carreta deu L;;;1;;;;;;;;1;;;;
09/10/2018;17:42:00;541;sem vítima;890,001;BR-262/MG;Leste;Saida de Pista;1;;;;;;;;;;1;;;;
09/10/2018;18:14:00;551;sem vítima;125,1;BR-060/GO;Norte;Saida de Pista;;;1;;;;;;;;2;;;;
10/10/2018;07:32:00;91;com vítima;594,578;BR-262/MG;Leste;Tombamento;;;1;;;;;;;;1;1;;;
10/10/2018;07:52:00;99;com vítima;398;BR-262/MG;Leste;Choque - Defensa, barreira ou "submarino";;;;1;;;;;;;0;;;1;
10/10/2018;08:08:00;107;com vítima;662,892;BR-153/GO;Norte;Capotamento;;;1;;;;;;;;0;;;;1
10/10/2018;09:25:00;153;sem vítima;587;BR-262/MG;Oeste;;;;1;;;;;;;;1;;;;
10/10/2018;09:38:00;164;sem vítima;589;BR-262/MG;Leste;Choque - Elemento de Drenagem;1;;;;;;;;;;1;;;;
10/10/2018;10:20:00;188;sem vítima;93,449;BR-060/GO;Norte;Tombamento;;;1;;;;;;;;1;;;;
10/10/2018;15:19:00;366;sem vítima;123,634;BR-060/GO;Norte;Choque - Talude;1;;;;;;;;;;1;;;;
10/10/2018;18:51:00;478;com vítima;505,3;BR-153/GO;Norte;Colisão Traseira;;;;2;;;;;;;1;1;;;
10/10/2018;19:34:00;503;sem vítima;509;BR-153/GO;Sul;Colisão Traseira;2;;;;;;;;;;2;;;;
10/10/2018;22:55:00;574;com vítima;186,3;BR-153/MG;Sul;Tombamento;;;1;;;;;;;;0;1;;;
11/10/2018;00:10:00;4;sem vítima;365,001;BR-262/MG;Leste;Colisão Traseira;;;2;;;;;;;;2;;;;
11/10/2018;04:49:00;48;sem vítima;63,299;BR-153/MG;Norte;Tombamento;;;1;;;;;;;;2;;;;
11/10/2018;08:09:00;132;sem vítima;494;BR-153/GO;Sul;Engavetamento;3;;;;;;;;;;3;;;;
11/10/2018;10:45:00;237;sem vítima;19;BR-153/MG;Sul;Queda de Ciclista;;;;1;;;;;;;2;;;;
11/10/2018;12:41:00;309;sem vítima;10;BR-060/GO;Norte;Saida de Pista;1;;;;;;;;;;1;;;;
11/10/2018;13:46:00;336;com vítima;588;BR-262/MG;Leste;Carreta deu L;1;;2;;;;;;;;2;1;;;
11/10/2018;14:30:00;363;com vítima;584,8;BR-262/MG;Oeste;Colisão Frontal;;;;;1;;;;;1;8;10;6;2;1
11/10/2018;16:08:00;423;sem vítima;623;BR-262/MG;Oeste;Saida de Pista;1;;;;;;;;;;1;;;;
11/10/2018;16:41:00;452;sem vítima;382;BR-262/MG;Leste;Saida de Pista;1;;;;;;;;;;1;;;;
11/10/2018;17:00:00;468;com vítima;367;BR-262/MG;Oeste;Atropelamento - Outros;1;;;;;;;;;;1;;;1;
11/10/2018;17:37:00;491;sem vítima;382;BR-262/MG;Leste;Choque - Arvore;;;;;;;;;;1;1;;;;
11/10/2018;18:45:00;539;sem vítima;580;BR-262/MG;Oeste;Choque - Suporte de Sinalização;;;;;;;;;;1;1;;;;
11/10/2018;19:01:00;545;sem vítima;94,5;BR-060/GO;Norte;Colisão Traseira;2;;;;;;;;;;2;;;;
11/10/2018;19:09:00;547;sem vítima;94,4;BR-060/GO;Sul;Queda de Moto;;;;1;;;;;;;1;;;;
11/10/2018;19:15:00;549;sem vítima;500,2;BR-153/GO;Sul;Colisão Traseira;;;1;;1;;;;;;2;;;;
11/10/2018;19:55:00;574;sem vítima;17,5;BR-153/MG;Norte;Colisão Lateral;1;;;;1;;;;;;5;;;;
11/10/2018;20:52:00;603;sem vítima;382;BR-262/MG;Oeste;Colisão Traseira;2;;;;;;;;;;7;;;;
11/10/2018;21:44:00;631;sem vítima;109,5;BR-060/GO;Sul;Queda de Moto;;;;1;;;;;;;1;;;;
11/10/2018;21:52:00;638;sem vítima;538;BR-262/MG;Leste;Capotamento;1;;;;;;;;;;1;;;;
12/10/2018;00:33:00;12;sem vítima;443;BR-262/MG;Oeste;Colisão Traseira;2;;;;;;;;;;2;;;;
12/10/2018;04:12:00;56;sem vítima;419;BR-262/MG;Oeste;Choque - Arvore;1;;;;;;;;;;1;;;;
12/10/2018;04:16:00;57;com vítima;235,159;BR-153/MG;Sul;Tombamento;;;1;;;;;;;;1;1;;;
12/10/2018;07:14:00;121;com vítima;621,6;BR-153/GO;Norte;Capotamento;1;;1;;;;;;;;3;;;;1
12/10/2018;08:57:00;209;sem vítima;645;BR-153/GO;Norte;Colisão Traseira;1;;1;;;;;;;;4;;;;
12/10/2018;09:34:00;239;sem vítima;223,3;BR-153/MG;Sul;Colisão Frontal;2;;1;;;;;;;;3;;;;