data;horario;n_da_ocorrencia;tipo_de_ocorrencia;km;trecho;sentido;tipo_de_acidente;automovel;bicicleta;caminhao;moto;onibus;outros;tracao_animal;transporte_de_cargas_especiais;trator_maquinas;utilitarios;ilesos;levemente_feridos;moderadamente_feridos;gravemente_feridos;mortos
12/10/2018;09:44:00;244;com vítima;773;BR-262/MG;Leste;Colisão Lateral;1;;;;;1;;;;1;5;3;;;
12/10/2018;10:03:00;260;sem vítima;715;BR-262/MG;Leste;Colisão Traseira;1;;1;;;;;;;;2;;;;
12/10/2018;10:40:00;292;sem vítima;583,1;BR-153/GO;Sul;Colisão Traseira;2;;;;;;;;;;2;;;;
12/10/2018;12:58:00;384;com vítima;42,158;BR-060/GO;Sul;Capotamento;1;;;;;;;;;;0;;3;;1
12/10/2018;13:10:00;393;com vítima;506,5;BR-153/GO;Sul;Queda de Moto;;;;1;;;;;;;1;1;;;
12/10/2018;13:36:00;400;sem vítima;507;BR-153/GO;Norte;Choque - Defensa, barreira ou "submarino";1;;;;;;;;;;2;;;;
12/10/2018;16:03:00;490;com vítima;584;BR-262/MG;Oeste;Colisão Lateral;1;;;1;;;;;;;1;1;;;
12/10/2018;16:18:00;501;com vítima;30;BR-060/DF;Norte;Queda de Moto;;;;1;;;;;;;0;1;;;
12/10/2018;16:42:00;519;com vítima;1;BR-060/GO;Norte;Colisão Traseira;2;;;;;;;;;;2;1;;;
12/10/2018;18:29:00;590;com vítima;447,067;BR-262/MG;Leste;Colisão Transversal;;;;2;;;;;;;1;;1;;1
12/10/2018;22:49:00;687;sem vítima;134;BR-060/GO;Sul;Atropelamento de Animal;1;;;;;;;;;;2;;;;
13/10/2018;06:21:00;71;com vítima;96,665;BR-060/GO;Norte;Choque - Defensa, barreira ou "submarino";2;;;;;;;;;;1;1;;;
13/10/2018;11:00:00;244;sem vítima;125;BR-060/GO;Norte;Colisão Traseira;1;;;1;;;;;;;2;;;;
13/10/2018;12:24:00;300;com vítima;514,241;BR-153/GO;Sul;Colisão Transversal;1;;;1;;;;;;;2;1;1;;
13/10/2018;13:37:00;334;com vítima;243,2;BR-153/MG;Sul;Atropelamento - Ciclista;;1;1;;;;;;;;1;;;1;
13/10/2018;13:48:00;340;sem vítima;28,9;BR-060/DF;Sul;Choque - Objeto sobre a pista;1;;1;;;;;;;;2;;;;
13/10/2018;14:45:00;371;sem vítima;679,567;BR-262/MG;Oeste;Saida de Pista;;;1;;;;;;;;1;;;;
13/10/2018;16:21:00;431;sem vítima;23,6;BR-153/MG;Norte;Saida de Pista;;;;;;;;;;1;1;;;;
13/10/2018;19:17:00;504;sem vítima;495;BR-153/GO;Sul;Atropelamento de Animal;;;;1;;;;;;;1;;;;
13/10/2018;19:55:00;523;com vítima;4;BR-060/GO;Sul;Queda de Ciclista;;1;;;;;;;;;0;1;;;
13/10/2018;20:09:00;527;sem vítima;380,471;BR-262/MG;Leste;Capotamento;1;;;;;;;;;;1;;;;
13/10/2018;20:59:00;544;com vítima;136,549;BR-060/GO;Norte;Colisão Frontal;2;;;;;;;;;;0;2;;;
13/10/2018;21:49:00;561;sem vítima;475;BR-262/MG;Leste;Saida de Pista;1;;;;;;;;;;1;;;;
13/10/2018;23:19:00;588;sem vítima;639,257;BR-153/GO;Sul;Saida de Pista;1;;;;;;;;;;1;;;;
14/10/2018;03:27:00;31;com vítima;509;BR-153/GO;Sul;Colisão Traseira;1;;;1;;;;;;;1;;1;;
14/10/2018;05:26:00;42;sem vítima;687,072;BR-262/MG;Oeste;Colisão Lateral;1;;1;;;;;;;;2;;;;
14/10/2018;06:34:00;58;com vítima;459;BR-262/MG;Leste;Colisão Frontal;2;;1;;;;;;;;2;;;;2
14/10/2018;10:42:00;182;sem vítima;461;BR-262/MG;Oeste;Colisão Traseira;2;;;;;;;;;;5;;;;
14/10/2018;11:03:00;197;com vítima;28,3;BR-060/GO;Norte;Colisão Traseira;1;;;;;;;;;;1;1;;;
14/10/2018;11:06:00;199;sem vítima;90;BR-060/GO;Norte;Colisão Traseira;1;;;1;;;;;;;7;;;;
14/10/2018;12:42:00;245;sem vítima;76,5;BR-153/MG;Sul;Colisão Frontal;;;2;;1;;;;;;27;;;;
14/10/2018;16:02:00;368;sem vítima;239,8;BR-153/MG;Sul;Capotamento;1;;;;;;;;;;4;;;;
14/10/2018;17:03:00;414;sem vítima;861;BR-262/MG;Leste;;1;;;;;;;;;;1;;;;
14/10/2018;17:06:00;418;sem vítima;549;BR-262/MG;Oeste;Choque - Defensa, barreira ou "submarino";1;;;;;;;;;;2;;;;
14/10/2018;17:17:00;427;sem vítima;870,5;BR-262/MG;Leste;Saida de Pista;1;;;;;;;;;;1;;;;
14/10/2018;17:51:00;455;sem vítima;496;BR-153/GO;Sul;Engavetamento;3;;;;;;;;;;3;;;;
14/10/2018;18:55:00;485;sem vítima;62,814;BR-060/GO;Norte;Colisão Traseira;1;;;1;;;;;;;6;;;;
14/10/2018;18:57:00;486;com vítima;677,4;BR-262/MG;Leste;Tombamento;;;;;;;;;;1;0;4;;;
14/10/2018;19:00:00;489;com vítima;687,3;BR-262/MG;Leste;Capotamento;;;;;;;;;;1;0;1;;;
14/10/2018;19:33:00;508;com vítima;447;BR-262/MG;Oeste;Colisão Frontal;1;;1;;;;;;;;1;;2;;
14/10/2018;19:55:00;520;com vítima;246;BR-153/MG;Norte;Capotamento;1;;;;;;;;;;1;1;;;
15/10/2018;03:37:00;51;sem vítima;375;BR-262/MG;Oeste;Saida de Pista;;;1;;;;;;;;2;;;;
15/10/2018;07:51:00;121;sem vítima;538,132;BR-262/MG;Oeste;Choque - Elemento de Drenagem;1;;;;;;;;;;4;;;;
15/10/2018;08:17:00;152;sem vítima;385;BR-262/MG;Oeste;Capotamento;1;;;;;;;;;;2;;;;
15/10/2018;09:55:00;221;sem vítima;656,2;BR-262/MG;Oeste;Tombamento;;;1;;;;;;;;1;;;;
15/10/2018;11:37:00;296;com vítima;734,191;BR-262/MG;Leste;Colisão Transversal;2;;;;;;;;;;3;;3;;
15/10/2018;11:43:00;300;sem vítima;581,3;BR-262/MG;Leste;Choque - Elemento de Drenagem;;;;;;;;;;1;1;;;;
15/10/2018;11:50:00;305;sem vítima;831;BR-262/MG;Leste;Choque - Defensa, barreira ou "submarino";1;;;;;;;;;;2;;;;
15/10/2018;12:12:00;321;sem vítima;587;BR-262/MG;Leste;Carreta deu L;;;1;;;;;;;;1;;;;
15/10/2018;12:42:00;336;com vítima;544;BR-262/MG;Leste;Capotamento;1;;;;;;;;;;1;2;;;
15/10/2018;14:48:00;389;com vítima;382;BR-262/MG;Oeste;Capotamento;1;;;;;;;;;;1;1;;;
15/10/2018;15:04:00;398;sem vítima;385;BR-262/MG;Oeste;Saida de Pista;1;;;;;;;;;;1;;;;
15/10/2018;15:24:00;417;sem vítima;522,7;BR-153/GO;Sul;Saida de Pista;;;;;;;;;;1;1;;;;
15/10/2018;16:24:00;453;sem vítima;106;BR-060/GO;Norte;;1;;;;;;;;;;1;;;;
15/10/2018;16:25:00;455;sem vítima;69,9;BR-060/GO;Sul;Capotamento;1;;;;;;;;;;2;;;;
15/10/2018;16:34:00;462;sem vítima;607;BR-262/MG;Leste;Saida de Pista;;;;;;;;;;1;1;;;;
15/10/2018;16:41:00;465;sem vítima;590;BR-262/MG;Oeste;Capotamento;;;1;;;;;;;;1;;;;
15/10/2018;16:53:00;472;sem vítima;590,5;BR-262/MG;Leste;Saida de Pista;1;;;;;;;;;;1;;;;
15/10/2018;17:19:00;488;com vítima;505,995;BR-153/GO;Norte;Colisão Traseira;1;;;1;;;;;;;3;1;;;
15/10/2018;17:55:00;508;sem vítima;590;BR-262/MG;Leste;;1;;;;;;;;;;1;;;;
15/10/2018;18:04:00;516;sem vítima;382;BR-262/MG;Leste;Choque - Defensa, barreira ou "submarino";1;;;;;;;;;;1;;;;
15/10/2018;18:07:00;519;com vítima;381;BR-262/MG;Leste;Choque - Talude;1;;;;;;;;;;0;2;;;
15/10/2018;18:34:00;532;sem vítima;132;BR-060/GO;Norte;Colisão Traseira;2;;;;;;;;;;2;;;;
15/10/2018;19:39:00;558;com vítima;493;BR-262/MG;Leste;Capotamento;1;;;;;;;;;;1;3;;;
15/10/2018;21:18:00;586;com vítima;211;BR-153/MG;Sul;Colisão Traseira;2;;1;;;;;;;;2;3;;1;
16/10/2018;00:27:00;11;sem vítima;626;BR-262/MG;Oeste;Tombamento;;;1;;;;;;;;1;;;;
16/10/2018;02:16:00;33;sem vítima;415,2;BR-262/MG;Leste;Capotamento;;;1;;;;;;;;2;;;;
16/10/2018;05:58:00;84;sem vítima;92;BR-060/GO;Sul;Colisão Traseira;1;;;1;;;;;;;2;;;;
16/10/2018;06:15:00;88;com vítima;666,584;BR-153/GO;Sul;Capotamento;1;;;;;;;;;;0;1;;;
16/10/2018;07:00:00;104;sem vítima;787;BR-262/MG;Leste;Colisão Traseira;2;;;;;;;;;;2;;;;
16/10/2018;07:33:00;139;com vítima;137;BR-060/GO;Sul;Choque - Outros;1;;;2;;;;;;;2;2;1;;
16/10/2018;07:34:00;140;sem vítima;96;BR-060/GO;Sul;Colisão Lateral;2;;;;;;;;;;2;;;;
16/10/2018;09:03:00;196;sem vítima;506,8;BR-153/GO;Sul;Saida de Pista;2;;;;;;;;;;2;;;;
16/10/2018;11:24:00;300;com vítima;546;BR-153/GO;Norte;Capotamento;1;;;;;;;;;;1;;1;;
16/10/2018;12:35:00;342;com vítima;505;BR-153/GO;Norte;Colisão Traseira;1;;;1;;;;;;;2;1;;;
16/10/2018;12:41:00;348;com vítima;491;BR-153/GO;Sul;Colisão Traseira;;;1;1;;;;;;;1;1;1;;
16/10/2018;12:50:00;351;com vítima;511;BR-153/GO;Sul;Choque - Veiculo parado na pista;;;1;1;;;;;;;2;;;1;
16/10/2018;13:52:00;384;sem vítima;779;BR-262/MG;Leste;Colisão Lateral;1;;;;;;;;;1;2;;;;
16/10/2018;15:24:00;428;sem vítima;126,9;BR-060/GO;Norte;Tombamento;;;1;;;;;;;;1;;;;
16/10/2018;15:34:00;433;sem vítima;508,6;BR-153/GO;Norte;Colisão Lateral;1;;1;;;;;;;;2;;;;
16/10/2018;15:37:00;437;sem vítima;44;BR-153/MG;Sul;;1;;;;;;;;;;1;;;;
16/10/2018;15:57:00;442;sem vítima;42,8;BR-153/MG;Norte;Choque - Arvore;1;;;;;;;;;;2;;;;
16/10/2018;16:46:00;469;com vítima;702,1;BR-153/GO;Sul;Colisão Traseira;;;2;;;;;;;;0;1;1;;
16/10/2018;16:54:00;475;sem vítima;450;BR-262/MG;Leste;Engavetamento;;;3;;;;;;;;3;;;;
16/10/2018;18:35:00;533;com vítima;507;BR-153/GO;Sul;Colisão Traseira;1;;;1;;;;;;;4;2;;;
16/10/2018;18:40:00;535;sem vítima;781,065;BR-262/MG;Leste;Choque - Outros;1;;;;;1;;;;;5;;;;
16/10/2018;19:00:00;582;sem vítima;507,2;BR-153/GO;Sul;Colisão Traseira;1;;;;;1;;;;;3;;;;
16/10/2018;23:45:00;627;sem vítima;24;BR-060/GO;Norte;Atropelamento de Animal;;;;;1;;;;;;1;;;;
17/10/2018;00:05:00;1;com vítima;506,777;BR-153/GO;Norte;Colisão Traseira;1;;;1;;;;;;;1;1;;;
17/10/2018;05:20:00;42;sem vítima;443;BR-262/MG;Leste;Capotamento;1;;;;;;;;;;1;;;;
17/10/2018;08:07:00;98;com vítima;625;BR-262/MG;Oeste;Colisão Traseira;1;;1;;;;;;;;0;3;;;
17/10/2018;09:38:00;166;sem vítima;380,7;BR-262/MG;Leste;Choque - Talude;1;;;;;;;;;;1;;;;
17/10/2018;10:44:00;208;sem vítima;608;BR-262/MG;Oeste;Capotamento;1;;;;;;;;;;1;;;;
17/10/2018;14:48:00;333;com vítima;584;BR-262/MG;Leste;Colisão Frontal;2;;;;;;;;;;0;3;2;;
17/10/2018;15:31:00;347;com vítima;581;BR-262/MG;Oeste;Saida de Pista;;;1;;;;;;;;0;1;1;;
17/10/2018;16:16:00;376;com vítima;591;BR-262/MG;Oeste;Capotamento;1;;;;;;;;;;1;1;;;
17/10/2018;16:52:00;398;sem vítima;649,9;BR-262/MG;Oeste;Colisão Traseira;;;1;;;1;;;;;2;;;;
17/10/2018;17:56:00;443;sem vítima;499;BR-153/GO;Sul;Colisão Traseira;1;;;;;1;;;;;2;;;;
17/10/2018;19:22:00;475;com vítima;47,818;BR-060/GO;Sul;Queda de Ciclista;;;;1;;;;;;;0;1;;;
17/10/2018;20:17:00;498;sem vítima;359;BR-262/MG;Oeste;Saida de Pista;1;;;;;;;;;;1;;;;
17/10/2018;22:11:00;527;com vítima;358,668;BR-262/MG;Oeste;Colisão Traseira;2;;;;;;;;;;2;1;;;
17/10/2018;23:28:00;552;com vítima;43,123;BR-153/MG;Sul;Tombamento;1;;1;;;1;;;;;1;1;1;;
18/10/2018;04:38:00;44;sem vítima;63,6;BR-153/MG;Norte;Tombamento;;;1;;;;;;;;1;;;;
18/10/2018;06:54:00;77;sem vítima;495;BR-153/GO;Sul;Engavetamento;2;;1;;;;;;;;3;;;;
18/10/2018;07:08:00;86;sem vítima;494;BR-153/GO;Norte;Engavetamento;;;1;1;;;;;;1;3;;;;
18/10/2018;08:00:00;109;sem vítima;500;BR-153/GO;Sul;;1;;;;;;;;;;1;;;;
18/10/2018;10:38:00;228;sem vítima;607,897;BR-262/MG;Oeste;Saida de Pista;1;;;;;;;;;;1;;;;
18/10/2018;10:52:00;235;sem vítima;421,172;BR-262/MG;Leste;Colisão Traseira;2;;;;;;;;;;2;;;;
18/10/2018;10:59:00;239;sem vítima;513;BR-153/GO;Sul;;1;;;;;;;;;;1;;;;
18/10/2018;10:59:00;240;sem vítima;521,788;BR-262/MG;Leste;Saida de Pista;;;;;;;;;;1;2;;;;
18/10/2018;11:02:00;241;sem vítima;521,788;BR-262/MG;Oeste;Saida de Pista;1;;;;;;;;;;1;;;;
18/10/2018;11:21:00;254;sem vítima;383,567;BR-262/MG;Oeste;Saida de Pista;1;;;;;;;;;;1;;;;
18/10/2018;11:32:00;263;com vítima;545,299;BR-262/MG;Leste;Capotamento;1;;;;;;;;;;1;1;;;
18/10/2018;14:02:00;351;sem vítima;381,676;BR-262/MG;Oeste;Choque - Elemento de Drenagem;;;;;;;;;;1;1;;;;
18/10/2018;15:34:00;430;sem vítima;509;BR-153/GO;Sul;;;;1;;;;;;;;1;;;;
18/10/2018;15:42:00;435;sem vítima;660;BR-262/MG;Oeste;Saida de Pista;1;;;;;;;;;;1;;;;
18/10/2018;16:34:00;471;sem vítima;535;BR-153/GO;Sul;Capotamento;;;1;;;;;;;;1;;;;
18/10/2018;18:50:00;542;sem vítima;134,3;BR-153/MG;Norte;Colisão Traseira;;;2;;;;;;;;2;;;;
18/10/2018;21:26:00;620;com vítima;496,4;BR-153/GO;Norte;Queda de Moto;;;;1;;;;;;;1;1;;;
18/10/2018;22:49:00;654;com vítima;507,3;BR-153/GO;Sul;Colisão Traseira;1;;;1;;;;;;;1;1;;;
19/10/2018;02:39:00;35;sem vítima;127,4;BR-060/GO;Sul;Colisão Traseira;2;;;;;;;;;;2;;;;
19/10/2018;05:25:00;60;sem vítima;114,3;BR-060/GO;Sul;Saida de Pista;;;1;;;;;;;;1;;;;
19/10/2018;05:36:00;63;com vítima;76,7;BR-153/MG;Sul;Tombamento;;;1;;;;;;;;0;;1;;
19/10/2018;06:23:00;72;sem vítima;4;BR-060/GO;Norte;Saida de Pista;1;;;;;;;;;;2;;;;
19/10/2018;06:29:00;73;sem vítima;702,64;BR-262/MG;Oeste;Colisão Lateral;1;;1;;;;;;;;2;;;;
19/10/2018;08:52:00;168;sem vítima;517,572;BR-262/MG;Leste;Colisão Lateral;2;;;;;;;;;;3;;;;
19/10/2018;09:45:00;215;sem vítima;0;BR-060/DF;Sul;Capotamento;;;;;;;;;;1;1;;;;
19/10/2018;09:55:00;226;sem vítima;28,6;BR-060/DF;Norte;Choque - Defensa, barreira ou "submarino";;;;;;;;;;1;1;;;;
19/10/2018;11:36:00;321;sem vítima;126;BR-060/GO;Norte;Queda de Moto;;;;1;;;;;;;1;;;;
19/10/2018;14:58:00;445;sem vítima;480,563;BR-262/MG;Leste;Choque - Elemento de Drenagem;;;;;;;;;;1;2;;;;
19/10/2018;15:17:00;457;sem vítima;443,897;BR-262/MG;Leste;Choque - Defensa, barreira ou "submarino";1;;;;;;;;;;1;;;;
19/10/2018;16:08:00;496;com vítima;543;BR-262/MG;Leste;Capotamento;1;;;;;;;;;;0;1;;;
19/10/2018;16:52:00;558;com vítima;92;BR-060/GO;Norte;Queda de Ciclista;;;;1;;;;;;;0;2;;;
19/10/2018;18:46:00;619;com vítima;10;BR-060/DF;Sul;Atropelamento de Animal;;;1;1;;;;;;;1;;;1;
20/10/2018;00:53:00;22;sem vítima;131;BR-060/GO;Sul;Colisão Traseira;;;2;;;;;;;;2;;;;
20/10/2018;01:17:00;34;com vítima;4;BR-060/DF;Sul;Choque - Outros;1;;;;;;;;;;0;;1;;
20/10/2018;02:48:00;56;sem vítima;600;BR-262/MG;Leste;Colisão Lateral;;;1;;1;;;;;;29;;;;
20/10/2018;06:39:00;102;com vítima;636,399;BR-153/GO;Norte;Capotamento;1;;;;;;;;;;0;1;;;
20/10/2018;06:57:00;116;sem vítima;98;BR-060/GO;Sul;Colisão Traseira;1;;1;;;;;;;;5;;;;
20/10/2018;09:33:00;196;com vítima;490;BR-153/GO;Norte;Colisão Lateral;;;1;1;;;;;;;1;1;;;
20/10/2018;11:57:00;284;sem vítima;555;BR-153/GO;Sul;Colisão Traseira;1;;1;;;;;;;;3;;;;
20/10/2018;15:40:00;364;sem vítima;42,5;BR-153/MG;Norte;Colisão Lateral;;;2;;;;;;;;2;;;;
20/10/2018;15:42:00;366;com vítima;32,271;BR-060/GO;Norte;Atropelamento - Outros;;;1;;;;;;;;1;;;;1
20/10/2018;16:32:00;394;com vítima;118;BR-060/GO;Norte;Colisão Traseira;;;;1;1;;;;;;1;1;;;
20/10/2018;17:58:00;443;sem vítima;66;BR-060/GO;Norte;Capotamento;1;;;;;;;;;;1;;;;
20/10/2018;18:46:00;463;sem vítima;521,04;BR-153/GO;Sul;Colisão Traseira;;;2;;;;;;;;2;;;;
20/10/2018;21:20:00;526;com vítima;512,319;BR-153/GO;Sul;Queda de Moto;;;;1;;;;;;;0;2;;;
20/10/2018;21:24:00;527;sem vítima;4,659;BR-060/DF;Sul;Colisão Traseira;2;;;;;;;;;;2;;;;
21/10/2018;04:04:00;59;com vítima;493;BR-153/GO;Norte;Colisão Traseira;1;;;1;;;;;;;2;1;;;
21/10/2018;05:38:00;81;com vítima;4;BR-060/DF;Sul;Colisão Transversal;1;;;1;;;;;;;1;1;;;
21/10/2018;05:48:00;85;sem vítima;413;BR-262/MG;Oeste;Choque - Elemento de Drenagem;1;;;;;;;;;;1;;;;
21/10/2018;06:20:00;95;sem vítima;687,6;BR-153/GO;Sul;Choque - Elemento de Drenagem;1;;;;;;;;;;1;;;;
21/10/2018;06:43:00;101;sem vítima;630;BR-262/MG;Oeste;Tombamento;;;1;;;;;;;;1;;;;
21/10/2018;11:44:00;329;com vítima;96;BR-060/GO;Sul;Queda de Moto;;;;1;;;;;;;0;2;;;
21/10/2018;11:53:00;332;sem vítima;200,5;BR-153/MG;Norte;Choque - Talude;;;1;;;;;;;;1;;;;
21/10/2018;13:11:00;355;sem vítima;54;BR-060/GO;Norte;Choque - Defensa, barreira ou "submarino";1;;;;;;;;;;2;;;;
21/10/2018;13:25:00;361;sem vítima;587,02;BR-153/GO;Sul;Saida de Pista;1;;;;;;;;;;3;;;;
21/10/2018;16:18:00;445;com vítima;357,6;BR-262/MG;Oeste;Saida de Pista;;;;1;;;;;;;0;2;;;
21/10/2018;18:03:00;570;com vítima;137,605;BR-060/GO;Sul;Colisão Traseira;;;;1;;1;;;;;1;;1;;
21/10/2018;19:00:00;596;sem vítima;17;BR-153/MG;Sul;;1;;;;;;;;;;1;;;;
21/10/2018;19:12:00;604;com vítima;506,084;BR-153/GO;Sul;Colisão Traseira;1;;;1;;;;;;;1;;1;;
22/10/2018;02:31:00;32;sem vítima;699,299;BR-153/GO;Sul;Capotamento;1;;;;;;;;;;1;;;;
22/10/2018;06:58:00;85;sem vítima;128;BR-060/GO;Sul;Colisão Lateral;2;;;;;;;;;;2;;;;
22/10/2018;07:15:00;90;sem vítima;48,8;BR-060/GO;Sul;Queda de Moto;;;;1;;;;;;;1;;;;
22/10/2018;11:35:00;245;com vítima;491;BR-153/GO;Sul;Atropelamento - Andarilho;1;;;;;;;;;;1;1;;;
22/10/2018;12:43:00;281;sem vítima;100;BR-060/GO;Norte;Saida de Pista;1;;;;;;;;;;1;;;;
22/10/2018;19:29:00;504;sem vítima;12,2;BR-060/GO;Norte;Colisão Traseira;1;;1;;;;;;;;2;;;;
22/10/2018;19:35:00;507;sem vítima;25,9;BR-060/DF;Sul;Capotamento;1;;;;;;;;;;1;;;;
22/10/2018;22:02:00;587;sem vítima;508,995;BR-153/GO;Sul;Colisão Traseira;1;;1;;;;;;;;2;;;;
23/10/2018;00:34:00;13;sem vítima;554,9;BR-262/MG;Oeste;Tombamento;;;1;;;;;;;;1;;;;
23/10/2018;02:40:00;48;sem vítima;17,5;BR-060/GO;Sul;Choque - Veiculo parado no acostamento;;;2;;;;;;;;2;;;;
23/10/2018;07:20:00;106;sem vítima;497;BR-153/GO;Norte;Colisão Traseira;1;;;;;;;;;1;4;;;;
23/10/2018;07:54:00;124;com vítima;491;BR-153/GO;Norte;Colisão Lateral;;;;1;;;;;;1;2;1;;;
23/10/2018;08:52:00;166;sem vítima;498;BR-153/GO;Norte;Engavetamento;3;;;;;;;;;;3;;;;
23/10/2018;13:19:00;338;com vítima;535,7;BR-153/GO;Sul;Choque - Arvore;1;;;;;;;;;;1;1;;;
23/10/2018;13:56:00;358;sem vítima;100,2;BR-060/GO;Norte;Saida de Pista;;;;;;;;;;1;1;;;;
23/10/2018;14:39:00;370;com vítima;127;BR-060/GO;Norte;Queda de Ciclista;;;;1;;;;;;;0;1;;;
23/10/2018;15:51:00;412;com vítima;129;BR-060/GO;Norte;Saida de Pista;;;1;;;;;;;;0;2;;;
23/10/2018;16:12:00;421;sem vítima;90,3;BR-060/GO;Sul;Saida de Pista;1;;;;;;;;;;3;;;;
23/10/2018;17:00:00;461;com vítima;444,9;BR-262/MG;Leste;Colisão Traseira;1;;;1;;;;;;;1;;1;;
23/10/2018;17:09:00;467;sem vítima;109;BR-060/GO;Sul;Colisão Traseira;1;;1;;;;;;;;2;;;;
23/10/2018;17:23:00;474;com vítima;497;BR-153/GO;Norte;Colisão Traseira;;;;3;;;;;;;1;1;1;;
23/10/2018;17:52:00;489;com vítima;132;BR-060/GO;Norte;Colisão Traseira;1;;;1;;;;;;;1;1;;;
23/10/2018;18:19:00;507;sem vítima;501,1;BR-153/GO;Sul;Colisão Traseira;2;;;;;;;;;;2;;;;
23/10/2018;18:55:00;529;sem vítima;174;BR-153/MG;Norte;Colisão Lateral;1;;1;;;;;;;;2;;;;
23/10/2018;20:09:00;560;sem vítima;107,6;BR-060/GO;Norte;Colisão Traseira;1;;1;;;;;;;;3;;;;
23/10/2018;21:23:00;587;sem vítima;43;BR-153/MG;Norte;Saida de Pista;;;1;;;;;;;;1;;;;
23/10/2018;21:40:00;595;sem vítima;119;BR-060/GO;Sul;Choque - Talude;;;1;;;;;;;;1;;;;
24/10/2018;01:34:00;28;sem vítima;583,9;BR-153/GO;Norte;Choque - Talude;;;1;;;;;;;;1;;;;
24/10/2018;03:16:00;47;com vítima;53,2;BR-153/MG;Norte;Tombamento;;;1;;;;;;;;0;2;;;
24/10/2018;08:16:00;188;sem vítima;507;BR-153/GO;Norte;Engavetamento;2;;1;;;;;;;;3;;;;
24/10/2018;08:52:00;218;sem vítima;96,5;BR-153/MG;Norte;Tombamento;;;1;;;;;;;;1;;;;
24/10/2018;08:58:00;222;sem vítima;703;BR-153/GO;Norte;Colisão Traseira;1;;1;;;;;;;;2;;;;
24/10/2018;10:42:00;291;com vítima;574;BR-262/MG;Leste;Capotamento;;;;;;;;;;1;0;4;;;
24/10/2018;11:00:00;305;sem vítima;589;BR-262/MG;Leste;Choque - Talude;;;1;;;;;;;;1;;;;
24/10/2018;11:03:00;308;com vítima;548,9;BR-262/MG;Leste;Capotamento;;;;;;;;;;1;3;1;;;
24/10/2018;11:21:00;322;sem vítima;669,99;BR-153/GO;Norte;Colisão Traseira;1;;1;;;;;;;;2;;;;
24/10/2018;13:23:00;388;sem vítima;577;BR-262/MG;Leste;Choque - Elemento de Drenagem;1;;;;;;;;;;1;;;;
24/10/2018;13:52:00;406;sem vítima;548;BR-262/MG;Leste;Choque - Elemento de Drenagem;;;1;;;;;;;;1;;;;
24/10/2018;14:25:00;421;com vítima;3,78;BR-060/GO;Sul;Colisão Frontal;3;;;;;;;;;;1;1;;;1
24/10/2018;15:59:00;484;com vítima;607;BR-262/MG;Oeste;Capotamento;1;;;;;;;;;;1;2;1;;
24/10/2018;16:43:00;505;com vítima;588;BR-262/MG;Leste;Colisão Frontal;3;;;;;;;;;;6;3;;;
24/10/2018;16:52:00;507;sem vítima;388;BR-262/MG;Oeste;Saida de Pista;1;;;;;;;;;;1;;;;
24/10/2018;17:22:00;521;sem vítima;517,4;BR-262/MG;Oeste;Colisão Lateral;;;2;;;;;;;;2;;;;
24/10/2018;17:50:00;533;sem vítima;75,5;BR-153/MG;Sul;Carreta deu L;;;1;;;;;;;;1;;;;
24/10/2018;17:53:00;535;sem vítima;574;BR-262/MG;Leste;;2;;;;;;;;;;2;;;;
24/10/2018;17:55:00;536;sem vítima;473;BR-262/MG;Leste;Colisão Traseira;2;;;;;;;;;;2;;;;
24/10/2018;18:08:00;540;sem vítima;525,001;BR-153/GO;Norte;Saida de Pista;1;;;;;;;;;;1;;;;
24/10/2018;18:52:00;560;sem vítima;409;BR-262/MG;Leste;Saida de Pista;;;;;;;;;;1;1;;;;
24/10/2018;19:19:00;569;sem vítima;803;BR-262/MG;Oeste;Saida de Pista;1;;;;;;;;;;1;;;;
24/10/2018;19:54:00;581;sem vítima;388;BR-262/MG;Leste;Choque - Suporte de Sinalização;1;;;;;;;;;;1;;;;
24/10/2018;20:24:00;591;sem vítima;802,98;BR-262/MG;Leste;Colisão Traseira;2;;;;;;;;;;2;;;;
24/10/2018;21:12:00;601;sem vítima;517,899;BR-153/GO;Sul;Tombamento;;;;;;;;;;1;1;;;;
24/10/2018;22:04:00;619;com vítima;426;BR-262/MG;Leste;Colisão Frontal;1;;1;;;;;;;;1;1;;;
24/10/2018;23:09:00;635;com vítima;536,5;BR-153/GO;Sul;Capotamento;1;;;;;;;;;;0;1;;;
25/10/2018;12:44:00;361;sem vítima;29;BR-060/DF;Norte;Colisão Lateral;1;;;;;;;;;1;3;;;;
25/10/2018;17:13:00;527;sem vítima;468;BR-262/MG;Oeste;Engavetamento;1;;1;;1;;;;;;5;;;;
25/10/2018;21:44:00;633;sem vítima;52,199;BR-153/MG;Norte;Saida de Pista;1;;;;;;;;;;1;;;;
25/10/2018;21:49:00;637;sem vítima;508;BR-262/MG;Leste;Colisão Lateral;;;1;;;1;;;;;3;;;;
25/10/2018;22:01:00;641;sem vítima;668;BR-262/MG;Leste;Queda de Moto;;;;1;;;;;;;2;;;;
25/10/2018;22:22:00;648;sem vítima;39;BR-153/MG;Norte;Colisão Traseira;;;;;1;1;;;;1;3;;;;
25/10/2018;22:30:00;649;com vítima;693;BR-153/GO;Norte;Capotamento;1;;;;;;;;;;0;1;;;
26/10/2018;07:08:00;97;sem vítima;535,05;BR-262/MG;Leste;Colisão Lateral;1;;1;;;;;;;;3;;;;
26/10/2018;09:08:00;170;sem vítima;510,5;BR-153/GO;Sul;Colisão Traseira;2;;;;;;;;;;2;;;;
26/10/2018;11:41:00;271;sem vítima;798;BR-262/MG;Oeste;Queda de Ciclista;;;;1;;;;;;;1;;;;