data;horario;n_da_ocorrencia;tipo_de_ocorrencia;km;trecho;sentido;tipo_de_acidente;automovel;bicicleta;caminhao;moto;onibus;outros;tracao_animal;transporte_de_cargas_especiais;trator_maquinas;utilitarios;ilesos;levemente_feridos;moderadamente_feridos;gravemente_feridos;mortos
26/10/2018;21:00:00;579;sem vítima;57,7;BR-153/MG;Norte;Tombamento;1;;;;;;;;;;2;;;;
26/10/2018;22:35:00;627;sem vítima;3,5;BR-060/DF;Sul;Saida de Pista;1;;;;;;;;;;1;;;;
27/10/2018;03:42:00;69;sem vítima;9,4;BR-060/DF;Norte;Capotamento;1;;;;;;;;;;1;;;;
27/10/2018;06:54:00;107;com vítima;385,811;BR-262/MG;Leste;Capotamento;;;;;;;;;;1;0;4;1;;
27/10/2018;07:37:00;118;sem vítima;355,734;BR-262/MG;Leste;Choque - Elemento de Drenagem;1;;;;;;;;;;1;;;;
27/10/2018;10:46:00;250;com vítima;58;BR-060/GO;Sul;Queda de Moto;;;;1;;;;;;1;1;1;;;
27/10/2018;11:18:00;275;sem vítima;575;BR-262/MG;Leste;Carreta deu L;;;1;;;;;;;;1;;;;
27/10/2018;11:37:00;288;sem vítima;548,5;BR-262/MG;Leste;Capotamento;1;;;;;;;;;;1;;;;
27/10/2018;12:31:00;317;sem vítima;690,899;BR-153/GO;Norte;Tombamento;;;1;;;;;;;;1;;;;
27/10/2018;13:30:00;346;sem vítima;390,8;BR-262/MG;Leste;Saida de Pista;1;;;;;;;;;;1;;;;
27/10/2018;14:17:00;367;sem vítima;33;BR-153/MG;Norte;Colisão Lateral;3;;;;;;;;;;8;;;;
27/10/2018;14:58:00;391;sem vítima;380;BR-262/MG;Leste;Capotamento;1;;;;;;;;;;1;;;;
27/10/2018;23:35:00;612;sem vítima;361;BR-262/MG;Leste;Atropelamento de Animal;;;;;;;;;;1;3;;;;
28/10/2018;00:35:00;13;com vítima;0,05;BR-060/DF;Sul;Colisão Transversal;1;;;1;;;;;;;1;;;1;
28/10/2018;00:38:00;15;sem vítima;65;BR-060/GO;Norte;Atropelamento de Animal;1;;;;;;;;;;1;;;;
28/10/2018;09:18:00;159;com vítima;244;BR-153/MG;Sul;Colisão Lateral;2;;;;;;;;;;1;2;;;
28/10/2018;10:20:00;185;sem vítima;22;BR-060/GO;Norte;Capotamento;1;;;;;;;;;;1;;;;
28/10/2018;11:45:00;233;com vítima;821;BR-262/MG;Oeste;Queda de Moto;;;;1;;;;;;;1;1;;;
28/10/2018;15:11:00;326;com vítima;131,565;BR-060/GO;Norte;Capotamento;1;;;;;;;;;;0;;1;;
28/10/2018;15:42:00;341;com vítima;92;BR-060/GO;Sul;Queda de Moto;;;;1;;;;;;;0;2;;;
28/10/2018;15:53:00;347;com vítima;378,6;BR-262/MG;Oeste;Capotamento;1;;;;;;;;;;3;2;;;
28/10/2018;15:58:00;349;com vítima;405;BR-262/MG;Oeste;Colisão Traseira;2;;;;;;;;;;1;1;;;
28/10/2018;16:16:00;358;com vítima;436;BR-262/MG;Oeste;Queda de Moto;;;;1;;;;;;;0;;1;;
28/10/2018;17:28:00;387;sem vítima;13,601;BR-060/DF;Norte;Capotamento;1;;;;;;;;;;3;;;;
28/10/2018;21:29:00;470;sem vítima;3;BR-060/GO;Norte;;1;;1;;;;;;;;2;;;;
28/10/2018;22:27:00;490;sem vítima;491,001;BR-153/GO;Sul;Colisão Lateral;2;;;;;;;;;;3;;;;
29/10/2018;06:45:00;96;com vítima;506,3;BR-153/GO;Norte;Queda de Moto;;;;1;;;;;;;0;1;;;
29/10/2018;09:01:00;248;com vítima;499,5;BR-153/GO;Norte;Queda de Moto;;;;1;;;;;;;1;1;;;
29/10/2018;12:18:00;399;com vítima;8,1;BR-060/DF;Sul;Capotamento;1;;;;;;;;;;2;1;2;;
29/10/2018;14:23:00;480;sem vítima;380,4;BR-262/MG;Leste;Colisão Lateral;1;;1;;;;;;;;2;;;;
29/10/2018;14:23:00;481;sem vítima;378,6;BR-262/MG;Oeste;Choque - Talude;;;;;;;;;;1;1;;;;
29/10/2018;14:57:00;503;sem vítima;107,9;BR-060/GO;Sul;;1;;;;;;;;;;1;;;;
29/10/2018;17:00:00;586;sem vítima;108;BR-153/MG;Norte;Colisão Traseira;2;;;;;;;;;;3;;;;
29/10/2018;17:13:00;593;sem vítima;132,8;BR-060/GO;Sul;Colisão Traseira;2;;;;;;;;;;2;;;;
29/10/2018;22:13:00;720;sem vítima;99;BR-060/GO;Norte;Capotamento;1;;;;;;;;;1;2;;;;
30/10/2018;07:27:00;73;sem vítima;500,275;BR-153/GO;Norte;Colisão Traseira;2;;;;;;;;;;2;;;;
30/10/2018;12:27:00;271;sem vítima;507,181;BR-153/GO;Norte;Colisão Traseira;;;1;1;;;;;;;3;;;;
30/10/2018;12:33:00;276;com vítima;462;BR-262/MG;Leste;Colisão Lateral;;;;2;;;;;;;1;1;;;
30/10/2018;13:45:00;316;com vítima;505,8;BR-153/GO;Norte;Queda de Ciclista;;;;1;;;;;;;0;2;;;
30/10/2018;14:06:00;329;com vítima;513;BR-153/GO;Sul;Queda de Ciclista;;;;1;;;;;;;0;1;;;
30/10/2018;18:11:00;473;sem vítima;804;BR-262/MG;Oeste;Saida de Pista;1;;;;;;;;;;1;;;;
30/10/2018;19:49:00;515;com vítima;876,1;BR-262/MG;Oeste;Colisão Transversal;1;;;1;;;;;;;1;;1;;
30/10/2018;22:06:00;583;com vítima;242,137;BR-153/MG;Sul;Colisão Traseira;;1;;1;;;;;;;1;1;;;
31/10/2018;01:21:00;33;sem vítima;25,7;BR-060/DF;Sul;Colisão Traseira;1;;1;;;;;;;;2;;;;
31/10/2018;02:29:00;53;com vítima;752,4;BR-262/MG;Oeste;Tombamento;;;1;;;;;;;;0;;1;;
31/10/2018;03:47:00;74;sem vítima;19,7;BR-060/GO;Sul;Choque - Elemento de Drenagem;1;;;;;;;;;;1;;;;
31/10/2018;05:28:00;100;sem vítima;102,5;BR-153/MG;Sul;Saida de Pista;;;1;;;;;;;;1;;;;
31/10/2018;06:49:00;132;sem vítima;506,382;BR-153/GO;Sul;Saida de Pista;1;;;;;;;;;;1;;;;
31/10/2018;11:59:00;361;sem vítima;554;BR-153/GO;Norte;Colisão Traseira;2;;;;;;;;;;2;;;;
31/10/2018;12:36:00;378;sem vítima;501;BR-153/GO;Sul;Tombamento;;;1;;;;;;;;1;;;;
31/10/2018;14:07:00;414;com vítima;537;BR-153/GO;Norte;Saida de Pista;1;;;;;;;;;;0;1;;;
31/10/2018;14:23:00;429;sem vítima;493,545;BR-262/MG;Oeste;Engavetamento;;;2;;;;;;;1;4;;;;
31/10/2018;14:24:00;432;sem vítima;106;BR-060/GO;Norte;Saida de Pista;1;;;;;;;;;;1;;;;
31/10/2018;14:47:00;444;sem vítima;39;BR-153/MG;Sul;Saida de Pista;1;;;;;;;;;;3;;;;
31/10/2018;15:43:00;479;sem vítima;47;BR-060/GO;Sul;Saida de Pista;1;;;;;;;;;;4;;;;
31/10/2018;16:25:00;514;sem vítima;499;BR-153/GO;Sul;Colisão Traseira;1;;1;;;;;;;;2;;;;
31/10/2018;18:16:00;578;com vítima;99,1;BR-153/MG;Norte;Saida de Pista;1;;;;;;;;;;1;1;;;
31/10/2018;18:33:00;585;com vítima;803;BR-262/MG;Leste;Colisão Traseira;1;;;1;;;;;;;1;;2;;
31/10/2018;20:30:00;637;sem vítima;114,5;BR-060/GO;Sul;Colisão Traseira;2;;;;;;;;;;2;;;;
31/10/2018;20:56:00;651;sem vítima;833,8;BR-262/MG;Leste;Saida de Pista;1;;;;;;;;;;3;;;;
31/10/2018;23:28:00;715;com vítima;563;BR-153/GO;Sul;Saida de Pista;2;;;;;;;;;;0;2;;;
01/11/2018;00:32:00;9;com vítima;50,899;BR-153/MG;Sul;Tombamento;;;1;;;;;;;;0;1;;1;
01/11/2018;06:21:00;76;com vítima;7;BR-153/MG;Norte;Choque - Arvore;1;;;;;;;;;;0;1;;;
01/11/2018;07:49:00;123;sem vítima;513;BR-153/GO;Sul;Colisão Lateral;;;2;;;;;;;;2;;;;
01/11/2018;12:27:00;285;sem vítima;365,5;BR-262/MG;Oeste;Colisão Traseira;2;;;;;;;;;;2;;;;
01/11/2018;12:44:00;294;com vítima;381,173;BR-262/MG;Leste;Tombamento;;;1;;;;;;;;0;;1;;
01/11/2018;14:39:00;372;sem vítima;532;BR-262/MG;Leste;Colisão Transversal;1;;1;;;;;;;;2;;;;
01/11/2018;16:18:00;438;sem vítima;812;BR-262/MG;Leste;Saida de Pista;1;;;;;;;;;;1;;;;
01/11/2018;17:21:00;491;com vítima;498,8;BR-153/GO;Sul;Engavetamento;2;;;1;;;;;;;2;2;;;
01/11/2018;20:03:00;566;sem vítima;499;BR-153/GO;Norte;Colisão Traseira;1;;;;;;;;;1;3;;;;
02/11/2018;01:14:00;14;sem vítima;27;BR-153/MG;Sul;Saida de Pista;1;;;;;;;;;;1;;;;
02/11/2018;05:12:00;46;com vítima;632,001;BR-262/MG;Oeste;Saida de Pista;1;;;;;;;;;;0;1;;;
02/11/2018;11:12:00;250;sem vítima;492;BR-153/GO;Sul;Queda de Moto;;;;1;;;;;;;2;;;;
02/11/2018;11:22:00;265;sem vítima;11;BR-060/GO;Sul;Engavetamento;4;;;;;;;;;;10;;;;
02/11/2018;13:34:00;343;com vítima;509;BR-153/GO;Norte;Queda de Moto;;;;1;;;;;;;1;1;;;
02/11/2018;13:44:00;353;sem vítima;8;BR-060/GO;Norte;Choque - Defensa, barreira ou "submarino";1;;;;;;;;;;3;;;;
02/11/2018;14:38:00;401;sem vítima;498,9;BR-153/GO;Sul;Colisão Lateral;2;;;;;;;;;;2;;;;
02/11/2018;23:45:00;694;com vítima;96,4;BR-060/GO;Norte;Saida de Pista;1;;;;;;;;;;1;1;;;
03/11/2018;00:07:00;1;com vítima;396;BR-262/MG;Leste;Capotamento;1;;;;;;;;;;0;3;;;
03/11/2018;02:00:00;26;sem vítima;594,1;BR-262/MG;Oeste;Choque - Talude;;;1;;;;;;;;1;;;;
03/11/2018;03:20:00;39;sem vítima;513,799;BR-153/GO;Sul;Saida de Pista;1;;;;;;;;;;1;;;;
03/11/2018;04:23:00;44;sem vítima;21,8;BR-060/DF;Sul;Tombamento;;;1;;;;;;;;1;;;;
03/11/2018;04:45:00;50;sem vítima;508,072;BR-262/MG;Leste;Capotamento;1;;;;;;;;;;1;;;;
03/11/2018;05:32:00;54;sem vítima;509,372;BR-262/MG;Oeste;Choque - Elemento de Drenagem;1;;;;;;;;;;1;;;;
03/11/2018;06:49:00;67;sem vítima;506,8;BR-153/GO;Norte;Engavetamento;3;;;;;;;;;;3;;;;
03/11/2018;07:32:00;80;sem vítima;508;BR-153/GO;Norte;Colisão Lateral;2;;;;;;;;;;2;;;;
03/11/2018;09:23:00;140;sem vítima;365,926;BR-262/MG;Leste;Colisão Traseira;2;;;;;;;;;;2;;;;
03/11/2018;11:08:00;180;sem vítima;96;BR-060/GO;Sul;Colisão Traseira;2;;;;;;;;;;2;;;;
03/11/2018;11:20:00;189;sem vítima;358;BR-262/MG;Oeste;Choque - Talude;1;;;;;;;;;;1;;;;
03/11/2018;11:39:00;202;sem vítima;692,8;BR-153/GO;Sul;Choque - Elemento de Drenagem;;;1;;;;;;;;1;;;;
03/11/2018;12:36:00;221;sem vítima;7,5;BR-060/DF;Sul;Colisão Traseira;1;;1;;;;;;;;2;;;;
03/11/2018;14:13:00;270;sem vítima;110,5;BR-060/GO;Norte;Choque - Defensa, barreira ou "submarino";1;;;;;;;;;;1;;;;
03/11/2018;15:06:00;295;sem vítima;101;BR-060/GO;Norte;Choque - Talude;1;;;;;;;;;;1;;;;
03/11/2018;15:56:00;321;sem vítima;100;BR-060/GO;Norte;Saida de Pista;1;;;;;;;;;;1;;;;
03/11/2018;15:57:00;322;sem vítima;100,1;BR-060/GO;Norte;Saida de Pista;1;;;;;;;;;;4;;;;
03/11/2018;19:51:00;415;com vítima;431;BR-262/MG;Leste;Queda de Moto;;;;1;;;;;;;0;1;;;
03/11/2018;20:54:00;439;com vítima;702,55;BR-262/MG;Oeste;Atropelamento - Andarilho;;;1;;;;;;;;1;;;;1
04/11/2018;01:03:00;1;sem vítima;589;BR-262/MG;Leste;Capotamento;1;;;;;;;;;;1;;;;
04/11/2018;06:19:00;50;com vítima;245,409;BR-153/MG;Norte;Colisão Frontal;1;;1;;;;;;;;2;;1;;
04/11/2018;06:25:00;51;sem vítima;594,39;BR-262/MG;Leste;Choque - Talude;;;1;;;;;;;;1;;;;
04/11/2018;08:26:00;96;com vítima;583,76;BR-262/MG;Leste;Capotamento;1;;;;;;;;;;0;;;1;
04/11/2018;10:48:00;171;sem vítima;597;BR-153/GO;Norte;Choque - Elemento de Drenagem;;;;;;;;;;1;1;;;;
04/11/2018;11:15:00;188;com vítima;382,617;BR-262/MG;Oeste;Choque - Elemento de Drenagem;1;;;;;;;;;;0;1;;;
04/11/2018;11:22:00;195;sem vítima;380,548;BR-262/MG;Oeste;Choque - Elemento de Drenagem;1;;;;;;;;;;1;;;;
04/11/2018;11:39:00;204;sem vítima;49,8;BR-153/MG;Sul;Capotamento;1;;;;;;;;;;1;;;;
04/11/2018;12:24:00;222;sem vítima;503;BR-153/GO;Norte;Engavetamento;3;;;;;;;;;;6;;;;
04/11/2018;12:27:00;223;sem vítima;777,9;BR-262/MG;Leste;Colisão Traseira;2;;;;;;;;;;8;;;;
04/11/2018;15:42:00;307;com vítima;101,5;BR-060/GO;Sul;Colisão Lateral;;;;2;;;;;;;2;1;;;
04/11/2018;16:01:00;313;sem vítima;60,417;BR-060/GO;Norte;Colisão Lateral;2;;;;;;;;;;2;;;;
04/11/2018;16:04:00;315;sem vítima;28,4;BR-153/MG;Norte;Saida de Pista;1;;;;;;;;;;5;;;;
04/11/2018;16:15:00;326;sem vítima;632;BR-153/GO;Norte;Saida de Pista;1;;;;;;;;;;3;;;;
04/11/2018;16:43:00;349;sem vítima;30;BR-060/DF;Norte;Saida de Pista;1;;;;;;;;;;1;;;;
04/11/2018;17:10:00;365;sem vítima;353;BR-262/MG;Leste;Choque - Defensa, barreira ou "submarino";1;;;;;;;;;;1;;;;
04/11/2018;17:38:00;373;sem vítima;783;BR-262/MG;Leste;Choque - Arvore;1;;;;;;;;;;1;;;;
04/11/2018;18:18:00;385;com vítima;4;BR-060/DF;Norte;Colisão Lateral;;;;1;;;;;;1;1;;1;;
04/11/2018;23:29:00;499;com vítima;523;BR-262/MG;Oeste;Colisão Frontal;1;;1;;;;;;;;1;;;;1
04/11/2018;23:42:00;502;com vítima;523;BR-262/MG;Oeste;Colisão Traseira;;;;;1;;;;;1;30;1;;;
05/11/2018;07:30:00;96;sem vítima;385,387;BR-262/MG;Oeste;Choque - Elemento de Drenagem;1;;;;;;;;;;1;;;;
05/11/2018;07:46:00;106;sem vítima;589,526;BR-262/MG;Leste;Colisão Lateral;2;;;;;;;;;;3;;;;
05/11/2018;07:52:00;113;sem vítima;20,1;BR-060/DF;Sul;Capotamento;1;;;;;;;;;;1;;;;
05/11/2018;07:55:00;116;com vítima;488,4;BR-262/MG;Leste;Carreta deu L;;;1;;;;;;;;1;;1;;
05/11/2018;08:40:00;167;sem vítima;583,298;BR-262/MG;Leste;Saida de Pista;1;;;;;;;;;;2;;;;
05/11/2018;10:29:00;327;sem vítima;382;BR-262/MG;Oeste;Choque - Elemento de Drenagem;1;;;;;;;;;;1;;;;
05/11/2018;10:41:00;331;sem vítima;380,5;BR-262/MG;Oeste;Choque - Defensa, barreira ou "submarino";1;;;;;;;;;;2;;;;
05/11/2018;14:08:00;474;com vítima;81;BR-060/GO;Sul;Queda de Moto;;;;1;;;;;;;0;1;;;
05/11/2018;14:54:00;498;com vítima;486;BR-262/MG;Leste;Engavetamento;2;;2;;;;;;;;4;;1;;
05/11/2018;16:40:00;595;sem vítima;114,299;BR-060/GO;Sul;Saida de Pista;;;1;;;;;;;;1;;;;
05/11/2018;16:51:00;602;sem vítima;501,05;BR-153/GO;Sul;Colisão Traseira;;;2;;;;;;;;2;;;;
05/11/2018;16:53:00;605;com vítima;593;BR-262/MG;Leste;Colisão Lateral;;;2;;;;;;;;1;1;1;;
05/11/2018;17:47:00;669;sem vítima;498;BR-153/GO;Sul;Colisão Traseira;2;;;;;;;;;;3;;;;
05/11/2018;18:05:00;682;sem vítima;583;BR-262/MG;Leste;Saida de Pista;;;1;;;;;;;;1;;;;
05/11/2018;19:12:00;715;sem vítima;529,144;BR-153/GO;Norte;Tombamento;1;;;;;;;;;;2;;;;
05/11/2018;20:34:00;747;sem vítima;515,15;BR-153/GO;Norte;Saida de Pista;1;;;;;;;;;;1;;;;
06/11/2018;04:21:00;58;com vítima;76,875;BR-060/GO;Sul;Capotamento;1;;;;;;;;;;0;;;2;
06/11/2018;06:02:00;76;sem vítima;70,099;BR-060/GO;Norte;Choque - Suporte de Sinalização;1;;;;;;;;;;1;;;;
06/11/2018;09:57:00;218;com vítima;37,248;BR-060/GO;Sul;Capotamento;1;;;;;;;;;;0;1;1;;
06/11/2018;13:16:00;334;com vítima;0;BR-060/GO;Norte;Saida de Pista;;;;;;;;;;1;0;2;;;
06/11/2018;17:49:00;474;com vítima;101;BR-060/GO;Sul;Colisão Lateral;1;;;1;;;;;;;1;;1;;
07/11/2018;03:49:00;35;com vítima;46,485;BR-060/GO;Sul;Choque - Defensa, barreira ou "submarino";;;;1;;;;;;;0;;;;1
07/11/2018;07:25:00;67;sem vítima;90;BR-060/GO;Sul;Colisão Lateral;1;;1;;;;;;;;2;;;;
07/11/2018;08:51:00;131;sem vítima;702,938;BR-262/MG;Leste;Colisão Traseira;1;;1;;;;;;;;2;;;;
07/11/2018;09:53:00;180;sem vítima;594,5;BR-153/GO;Sul;Tombamento;;;;;;;;;;1;2;;;;
07/11/2018;10:31:00;204;sem vítima;517;BR-153/GO;Sul;Tombamento;;;1;;;;;;;;1;;;;
07/11/2018;10:47:00;221;sem vítima;81;BR-060/GO;Sul;Capotamento;1;;;;;;;;;;1;;;;
07/11/2018;11:02:00;233;sem vítima;517;BR-153/GO;Sul;Colisão Traseira;;;2;;;;;;;;2;;;;
07/11/2018;13:06:00;313;sem vítima;553,1;BR-153/GO;Sul;Saida de Pista;;;;;;;;;;1;1;;;;
07/11/2018;14:31:00;347;sem vítima;607,7;BR-153/GO;Norte;Saida de Pista;;;2;;;;;;;;3;;;;
07/11/2018;14:32:00;348;sem vítima;607,8;BR-262/MG;Leste;Capotamento;1;;;;;;;;;;1;;;;
07/11/2018;15:58:00;383;com vítima;607,569;BR-262/MG;Leste;Choque - Talude;;;;;;;;;;1;0;3;1;;
07/11/2018;16:15:00;391;sem vítima;561;BR-153/GO;Sul;Saida de Pista;1;;;;;;;;;;1;;;;
07/11/2018;17:06:00;416;sem vítima;590,9;BR-262/MG;Oeste;Saida de Pista;1;;;;;;;;;;1;;;;
07/11/2018;17:26:00;432;com vítima;510,2;BR-153/GO;Sul;Queda de Moto;;;;1;;;;;;;0;1;;;
07/11/2018;20:28:00;530;sem vítima;109;BR-153/MG;Sul;Colisão Lateral;2;;;;;;;;;;2;;;;
07/11/2018;22:16:00;569;sem vítima;375;BR-262/MG;Leste;;1;;;;;;;;;;1;;;;
08/11/2018;00:10:00;1;sem vítima;606,2;BR-153/GO;Norte;Saida de Pista;;;1;;;;;;;;1;;;;
08/11/2018;00:17:00;5;sem vítima;482;BR-262/MG;Oeste;Colisão Traseira;1;;1;;;;;;;;2;;;;
08/11/2018;03:10:00;40;sem vítima;75;BR-153/MG;Norte;Saida de Pista;;;1;;;;;;;;1;;;;
08/11/2018;05:04:00;52;com vítima;96;BR-060/GO;Norte;Colisão Traseira;1;;;1;;;;;;;0;;1;1;
08/11/2018;06:41:00;69;sem vítima;446,995;BR-262/MG;Leste;Colisão Traseira;1;;;1;;;;;;;2;;;;
08/11/2018;07:10:00;87;sem vítima;492;BR-153/GO;Sul;Colisão Traseira;1;;;1;;;;;;;2;;;;
08/11/2018;07:44:00;103;sem vítima;525;BR-153/GO;Norte;Colisão Traseira;;;2;;;;;;;;2;;;;
08/11/2018;09:23:00;162;sem vítima;607;BR-262/MG;Oeste;Saida de Pista;;;;;;;;;;1;1;;;;
08/11/2018;09:42:00;178;sem vítima;594;BR-262/MG;Leste;Choque - Talude;;;1;;;;;;;;1;;;;
08/11/2018;10:38:00;216;sem vítima;817;BR-262/MG;Leste;Saida de Pista;1;;;;;;;;;;1;;;;
08/11/2018;10:47:00;219;com vítima;504,836;BR-262/MG;Oeste;Capotamento;1;;;;;;;;;;3;2;;;
08/11/2018;12:04:00;254;sem vítima;388,5;BR-262/MG;Leste;Choque - Defensa, barreira ou "submarino";1;;;;;;;;;;1;;;;
08/11/2018;12:28:00;260;sem vítima;772;BR-262/MG;Leste;Choque - Elemento de Drenagem;1;;;;;;;;;;1;;;;
08/11/2018;13:14:00;278;sem vítima;443,3;BR-262/MG;Leste;Choque - Defensa, barreira ou "submarino";1;;;;;;;;;;1;;;;
08/11/2018;14:52:00;326;sem vítima;598;BR-262/MG;Oeste;Carreta deu L;;;1;;;;;;;;1;;;;
08/11/2018;15:52:00;359;sem vítima;405;BR-262/MG;Leste;Choque - Elemento de Drenagem;1;;;;;;;;;;1;;;;
08/11/2018;15:55:00;360;com vítima;548,729;BR-262/MG;Oeste;Colisão Lateral;1;;1;;;;;;;;1;;1;;
08/11/2018;16:01:00;366;sem vítima;100;BR-060/GO;Norte;Colisão Traseira;1;;;;1;;;;;;2;;;;
08/11/2018;20:39:00;493;sem vítima;605;BR-153/GO;Norte;;;;1;;;;;;;;1;;;;
08/11/2018;22:35:00;530;sem vítima;380;BR-262/MG;Oeste;Saida de Pista;1;;;;;;;;;;1;;;;
09/11/2018;01:30:00;14;com vítima;499,1;BR-153/GO;Norte;Choque - Defensa, barreira ou "submarino";1;;;;;;;;;;0;1;;;
09/11/2018;01:47:00;19;sem vítima;385;BR-262/MG;Leste;Saida de Pista;;;1;;;;;;;;1;;;;
09/11/2018;02:59:00;22;sem vítima;552,1;BR-153/GO;Norte;Choque - Elemento de Drenagem;;;1;;;;;;;;1;;;;
09/11/2018;03:36:00;28;sem vítima;5,001;BR-060/DF;Sul;Tombamento;1;;;;;;;;;;1;;;;
09/11/2018;04:27:00;38;sem vítima;611;BR-262/MG;Oeste;Capotamento;;;;;;;;;;1;1;;;;
09/11/2018;07:18:00;78;sem vítima;129,2;BR-060/GO;Sul;Choque - Suporte de Sinalização;;;;1;;;;;;;1;;;;
09/11/2018;07:21:00;81;com vítima;504;BR-153/GO;Norte;Colisão Traseira;;;1;1;;;;;;;1;;1;;
09/11/2018;07:37:00;90;sem vítima;527;BR-153/GO;Norte;Colisão Traseira;;;2;;;;;;;;2;;;;
09/11/2018;07:53:00;103;sem vítima;354;BR-262/MG;Leste;Saida de Pista;1;;;;;;;;;;1;;;;
09/11/2018;09:01:00;154;sem vítima;117;BR-060/GO;Norte;Saida de Pista;1;;;;;;;;;;1;;;;
09/11/2018;09:06:00;157;sem vítima;25;BR-060/GO;Sul;Choque - Defensa, barreira ou "submarino";1;;;;;;;;;;1;;;;
09/11/2018;11:39:00;251;com vítima;72;BR-060/GO;Norte;Choque - Elemento de Drenagem;1;;;;;;;;;;0;1;;;
09/11/2018;11:49:00;263;sem vítima;509,5;BR-153/GO;Sul;Engavetamento;4;;;;;;;;;;4;;;;
09/11/2018;12:01:00;269;com vítima;509,5;BR-153/GO;Sul;Colisão Traseira;1;;;1;;;;;;;1;1;;;
09/11/2018;12:05:00;272;com vítima;27;BR-060/DF;Norte;Saida de Pista;1;;;;;;;;;;0;1;;;
09/11/2018;12:12:00;276;sem vítima;394;BR-262/MG;Oeste;Colisão Traseira;2;;;;;;;;;;2;;;;
09/11/2018;12:24:00;279;sem vítima;368;BR-262/MG;Oeste;Tombamento;;;1;;;;;;;;1;;;;
09/11/2018;13:39:00;306;sem vítima;362,8;BR-262/MG;Oeste;Choque - Elemento de Drenagem;1;;;;;;;;;;1;;;;
09/11/2018;14:09:00;320;sem vítima;132;BR-060/GO;Norte;Colisão Traseira;2;;;;;;;;;;3;;;;
09/11/2018;14:36:00;330;sem vítima;355;BR-262/MG;Oeste;Capotamento;1;;;;;;;;;;3;;;;
09/11/2018;15:01:00;339;sem vítima;368;BR-262/MG;Oeste;Engavetamento;3;;3;;;;;;;;6;;;;
09/11/2018;15:24:00;354;com vítima;507;BR-153/GO;Sul;Colisão Traseira;1;;;1;;;;;;;1;1;;;
09/11/2018;16:33:00;386;sem vítima;388;BR-262/MG;Oeste;Saida de Pista;1;;;;;;;;;;1;;;;
09/11/2018;16:47:00;391;sem vítima;516,8;BR-262/MG;Oeste;Choque - Outros;1;;;;;;;;;;2;;;;
09/11/2018;20:06:00;473;sem vítima;499;BR-153/GO;Sul;Engavetamento;3;;;;;;;;;;5;;;;
09/11/2018;21:03:00;491;sem vítima;506;BR-153/GO;Norte;Queda de Moto;;;;1;;;;;;;1;;;;
09/11/2018;21:17:00;502;sem vítima;380,5;BR-262/MG;Leste;Saida de Pista;1;;;;;;;;;;1;;;;
09/11/2018;22:13:00;530;com vítima;96,9;BR-060/GO;Sul;Colisão Frontal;1;;;1;;;;;;;2;;1;;
09/11/2018;23:26:00;562;sem vítima;590;BR-262/MG;Leste;Colisão Frontal;;;2;;;;;;;;2;;;;
09/11/2018;23:32:00;563;sem vítima;119;BR-060/GO;Sul;Tombamento;;;1;;;;;;;;3;;;;
10/11/2018;04:53:00;47;com vítima;1,3;BR-153/MG;Norte;Queda de Moto;;;;1;;;;;;;0;1;;;
10/11/2018;05:37:00;57;sem vítima;580;BR-262/MG;Leste;Choque - Suporte de Sinalização;1;;;;;;;;;;2;;;;
10/11/2018;07:02:00;87;sem vítima;428;BR-262/MG;Leste;Saida de Pista;1;;;;;;;;;;1;;;;
10/11/2018;07:36:00;100;sem vítima;443;BR-262/MG;Oeste;Capotamento;1;;;;;;;;;;1;;;;
10/11/2018;07:48:00;105;com vítima;1;BR-060/DF;Norte;Capotamento;1;;;;;;;;;;0;1;;;
10/11/2018;07:52:00;108;sem vítima;632;BR-262/MG;Oeste;Carreta deu L;;;1;;;;;;;;1;;;;
10/11/2018;08:05:00;116;com vítima;113;BR-060/GO;Sul;Colisão Traseira;;;;;;1;;;;1;1;2;;;
10/11/2018;14:00:00;377;com vítima;507;BR-153/GO;Norte;Colisão Traseira;;;;1;;1;;;;;1;1;;;
10/11/2018;14:25:00;384;sem vítima;176,699;BR-153/MG;Sul;Saida de Pista;1;;;;;;;;;;3;;;;
10/11/2018;14:46:00;403;sem vítima;529;BR-262/MG;Leste;Colisão Traseira;;;2;;;;;;;;2;;;;
10/11/2018;16:43:00;471;sem vítima;140,024;BR-153/MG;Sul;Saida de Pista;1;;;;;;;;;;2;;;;
10/11/2018;17:00:00;486;com vítima;18,034;BR-153/MG;Norte;Queda de Moto;;;;1;;;;;;;0;2;;;
10/11/2018;18:00:00;517;com vítima;437;BR-262/MG;Oeste;Atropelamento - Outros;1;;;1;;;;;;;3;;;1;
10/11/2018;18:20:00;526;sem vítima;369;BR-262/MG;Leste;Choque - Defensa, barreira ou "submarino";1;;;;;;;;;;2;;;;
10/11/2018;22:04:00;609;sem vítima;493;BR-153/GO;Norte;Colisão Lateral;2;;1;;;;;;;;5;;;;
11/11/2018;00:23:00;5;sem vítima;6,599;BR-060/DF;Sul;Choque - Defensa, barreira ou "submarino";2;;;;;;;;;;2;;;;
11/11/2018;04:35:00;78;sem vítima;511,8;BR-153/GO;Sul;Choque - Defensa, barreira ou "submarino";2;;;;;;;;;;4;;;;
11/11/2018;08:23:00;131;sem vítima;839;BR-262/MG;Oeste;Saida de Pista;1;;;;;;;;;;1;;;;
11/11/2018;08:47:00;159;sem vítima;412;BR-262/MG;Leste;Colisão Traseira;2;;;;;;;;;;3;;;;
11/11/2018;09:51:00;209;sem vítima;31;BR-060/DF;Norte;Colisão Lateral;;;;1;;;;;;;1;;;;