data;horario;n_da_ocorrencia;tipo_de_ocorrencia;km;trecho;sentido;tipo_de_acidente;automovel;bicicleta;caminhao;moto;onibus;outros;tracao_animal;transporte_de_cargas_especiais;trator_maquinas;utilitarios;ilesos;levemente_feridos;moderadamente_feridos;gravemente_feridos;mortos
11/11/2018;10:34:00;244;com vítima;509;BR-153/GO;Sul;Choque - Defensa, barreira ou "submarino";;;;1;;;;;;;0;1;;;
11/11/2018;14:33:00;408;com vítima;585;BR-262/MG;Oeste;Capotamento;1;;;;;;;;;;1;;1;;
11/11/2018;16:12:00;490;sem vítima;503;BR-153/GO;Norte;Colisão Traseira;1;;1;;;;;;;;2;;;;
11/11/2018;16:34:00;503;sem vítima;507;BR-153/GO;Sul;Choque - Defensa, barreira ou "submarino";1;;;;;;;;;;1;;;;
11/11/2018;16:36:00;505;com vítima;469;BR-262/MG;Oeste;Saida de Pista;1;;;;;;;;;;1;1;;;
12/11/2018;00:26:00;16;com vítima;360,5;BR-262/MG;Oeste;Capotamento;1;;;;;;;;;;0;2;;;
12/11/2018;00:49:00;26;sem vítima;624,6;BR-153/GO;Sul;Saida de Pista;1;;;;;;;;;;1;;;;
12/11/2018;01:52:00;39;sem vítima;421;BR-262/MG;Oeste;Capotamento;;;;;;;;;;1;1;;;;
12/11/2018;02:14:00;41;sem vítima;360;BR-262/MG;Oeste;Colisão Lateral;1;;1;;;;;;;;2;;;;
12/11/2018;05:01:00;71;sem vítima;14,1;BR-060/DF;Norte;Colisão Traseira;1;;1;;;;;;;;2;;;;
12/11/2018;06:30:00;95;sem vítima;114,4;BR-060/GO;Sul;Tombamento;;;1;;;;;;;;1;;;;
12/11/2018;09:00:00;159;sem vítima;504;BR-153/GO;Norte;Engavetamento;6;;;;;;;;;;6;;;;
12/11/2018;09:03:00;164;sem vítima;113;BR-060/GO;Norte;Colisão Traseira;2;;;;;;;;;;2;;;;
12/11/2018;09:13:00;173;sem vítima;501;BR-153/GO;Sul;Colisão Lateral;2;;;;;;;;;;2;;;;
12/11/2018;09:21:00;179;sem vítima;1;BR-060/DF;Sul;Colisão Lateral;2;;;;;;;;;;2;;;;
12/11/2018;10:08:00;220;sem vítima;363,508;BR-262/MG;Leste;Tombamento;1;;;;;;;;;;1;;;;
12/11/2018;11:25:00;285;sem vítima;619;BR-153/GO;Sul;Colisão Traseira;1;;1;;;;;;;;2;;;;
12/11/2018;11:47:00;297;com vítima;10;BR-060/DF;Norte;Queda de Moto;;;;1;;;;;;;0;1;;;
12/11/2018;13:33:00;365;sem vítima;658,9;BR-262/MG;Oeste;Tombamento;;;1;;;;;;;;1;;;;
12/11/2018;16:40:00;470;com vítima;444,155;BR-262/MG;Oeste;Capotamento;1;;;;;;;;;;1;1;1;;
12/11/2018;17:27:00;509;com vítima;444;BR-262/MG;Leste;Queda de Moto;;;;1;;;;;;;0;1;;;
12/11/2018;18:08:00;538;sem vítima;505;BR-153/GO;Norte;Colisão Traseira;1;;;1;;;;;;;2;;;;
12/11/2018;18:25:00;551;com vítima;876,5;BR-262/MG;Leste;Colisão Transversal;1;;;1;;;;;;;1;1;;;
12/11/2018;18:35:00;562;sem vítima;505,001;BR-153/GO;Norte;Colisão Traseira;1;;;1;;;;;;;2;;;;
12/11/2018;23:53:00;691;sem vítima;13,4;BR-060/GO;Norte;Colisão Traseira;;;2;;;;;;;;2;;;;
13/11/2018;00:26:00;13;sem vítima;81,8;BR-153/MG;Sul;Atropelamento de Animal;;;1;;;;;;;;1;;;;
13/11/2018;07:32:00;143;sem vítima;3,4;BR-060/GO;Norte;Colisão Traseira;;;1;;;;;;;1;2;;;;
13/11/2018;07:54:00;156;sem vítima;506,5;BR-153/GO;Norte;Colisão Traseira;;;;;;;;;;2;2;;;;
13/11/2018;07:58:00;160;sem vítima;151;BR-153/MG;Sul;Colisão Lateral;;;1;;;;;;;1;2;;;;
13/11/2018;08:11:00;171;com vítima;502,856;BR-153/GO;Sul;Colisão Traseira;1;;;1;;;;;;;1;1;;;
13/11/2018;08:55:00;213;sem vítima;555,4;BR-262/MG;Leste;Choque - Elemento de Drenagem;;;1;;;;;;;;1;;;;
13/11/2018;12:02:00;429;sem vítima;423;BR-262/MG;Oeste;Colisão Traseira;;;1;1;;;;;;;2;;;;
13/11/2018;12:28:00;450;sem vítima;32,1;BR-060/GO;Norte;Colisão Traseira;1;;;1;;;;;;;2;;;;
13/11/2018;14:24:00;539;sem vítima;12,6;BR-060/GO;Norte;Saida de Pista;;;;;;;;;;1;1;;;;
13/11/2018;15:16:00;578;sem vítima;751;BR-262/MG;Oeste;Colisão Traseira;;;2;;;;;;;;3;;;;
13/11/2018;15:24:00;581;com vítima;512,9;BR-153/GO;Norte;Colisão Lateral;1;;;1;;;;;;;1;1;;;
13/11/2018;16:07:00;597;com vítima;501,475;BR-153/GO;Sul;Colisão Lateral;;;;1;;;;;;1;1;1;1;;
13/11/2018;16:28:00;606;com vítima;800;BR-262/MG;Leste;Atropelamento - Outros;1;;1;;;;;;;;1;;1;;
13/11/2018;16:53:00;621;sem vítima;653;BR-262/MG;Leste;Choque - Talude;;;1;;;;;;;;1;;;;
13/11/2018;17:00:00;623;sem vítima;570;BR-153/GO;Sul;Carreta deu L;;;1;;;;;;;;1;;;;
13/11/2018;19:04:00;688;sem vítima;447,3;BR-262/MG;Leste;Colisão Frontal;2;;;;;;;;;;2;;;;
13/11/2018;19:28:00;703;com vítima;119;BR-060/GO;Sul;Saida de Pista;;;1;;;;;;;;0;;1;;
14/11/2018;03:34:00;42;com vítima;550;BR-262/MG;Leste;Colisão Traseira;1;;1;;;;;;;;0;2;1;;
14/11/2018;06:42:00;81;com vítima;361;BR-262/MG;Leste;Atropelamento - Morador;1;;;;;;;;;;1;;;1;
14/11/2018;06:45:00;83;com vítima;435;BR-262/MG;Leste;Choque - Outros;1;;;;;;;;;;0;1;;;
14/11/2018;08:09:00;126;sem vítima;96;BR-060/GO;Sul;Colisão Traseira;2;;;;;;;;;;2;;;;
14/11/2018;08:13:00;127;sem vítima;378;BR-262/MG;Leste;Capotamento;1;;1;;;;;;;;5;;;;
14/11/2018;08:28:00;145;sem vítima;362;BR-262/MG;Leste;Colisão Traseira;1;;;;;;;;;1;2;;;;
14/11/2018;11:59:00;411;com vítima;616,089;BR-262/MG;Leste;Tombamento;;;1;;;;;;;;0;1;;;
14/11/2018;12:08:00;416;sem vítima;505,4;BR-153/GO;Norte;Colisão Traseira;;;1;1;;;;;;;2;;;;
14/11/2018;13:58:00;468;com vítima;573;BR-262/MG;Leste;Capotamento;1;;;;;;;;;;2;1;;;
14/11/2018;17:37:00;601;sem vítima;512;BR-262/MG;Leste;;;;1;;;;;;;1;2;;;;
14/11/2018;18:05:00;615;sem vítima;859;BR-262/MG;Oeste;Capotamento;1;;;;;;;;;;2;;;;
14/11/2018;18:08:00;619;com vítima;413;BR-262/MG;Leste;Queda de Moto;;;;1;;;;;;;0;2;;;
14/11/2018;19:26:00;660;sem vítima;418,3;BR-262/MG;Oeste;Capotamento;1;;;;;;;;;;1;;;;
14/11/2018;20:38:00;701;sem vítima;377,8;BR-262/MG;Oeste;Colisão Lateral;2;;;;;;;;;;2;;;;
14/11/2018;21:32:00;722;sem vítima;588,9;BR-153/GO;Sul;Capotamento;1;;;;;;;;;;2;;;;
14/11/2018;22:33:00;740;sem vítima;26,575;BR-060/GO;Norte;Saida de Pista;1;;;;;;;;;;1;;;;
14/11/2018;23:42:00;754;sem vítima;695;BR-153/GO;Norte;Saida de Pista;1;;;;;;;;;;1;;;;
15/11/2018;04:03:00;65;sem vítima;9,3;BR-060/DF;Sul;Choque - Talude;;;1;;;;;;;;1;;;;
15/11/2018;04:08:00;66;sem vítima;410,571;BR-262/MG;Leste;Choque - Arvore;;;1;;;;;;;;1;;;;
15/11/2018;07:11:00;117;sem vítima;31;BR-153/MG;Sul;Saida de Pista;;;;;;;;;;1;1;;;;
15/11/2018;08:46:00;185;sem vítima;505;BR-153/GO;Norte;Colisão Traseira;2;;;;;;;;;;2;;;;
15/11/2018;08:52:00;189;sem vítima;359,2;BR-262/MG;Leste;Colisão Traseira;1;;1;;;;;;;;2;;;;
15/11/2018;09:12:00;201;com vítima;2;BR-060/DF;Norte;Queda de Ciclista;;;;1;;;;;;;0;1;;;
15/11/2018;12:22:00;343;sem vítima;512,85;BR-262/MG;Leste;Colisão Traseira;;;2;;;;;;;;2;;;;
15/11/2018;14:59:00;413;sem vítima;42;BR-060/GO;Norte;Choque - Talude;1;;;;;;;;;;1;;;;
15/11/2018;17:52:00;514;sem vítima;227;BR-153/MG;Sul;Colisão Traseira;2;;;;;;;;;;6;;;;
15/11/2018;18:11:00;520;sem vítima;441,571;BR-262/MG;Leste;Colisão Lateral;1;;1;;;;;;;;2;;;;
15/11/2018;19:27:00;558;sem vítima;25,984;BR-060/DF;Norte;Queda de Moto;;;;1;;;;;;;1;;;;
15/11/2018;20:41:00;593;com vítima;85,2;BR-153/MG;Sul;Choque - Arvore;1;;;;;;;;;;1;1;;;
15/11/2018;21:04:00;605;sem vítima;489;BR-262/MG;Leste;Saida de Pista;1;;;;;;;;;;1;;;;
15/11/2018;21:16:00;620;sem vítima;11,5;BR-060/DF;Sul;Choque - Veiculo parado no acostamento;2;;;;;;;;;;4;;;;
16/11/2018;03:42:00;42;sem vítima;388,5;BR-262/MG;Oeste;Saida de Pista;1;;;;;;;;;;1;;;;
16/11/2018;05:14:00;55;sem vítima;26,5;BR-060/GO;Norte;Saida de Pista;1;;;;;;;;;;1;;;;
16/11/2018;10:11:00;176;sem vítima;119;BR-060/GO;Sul;Colisão Traseira;1;;1;;;;;;;;2;;;;
16/11/2018;13:34:00;272;com vítima;400,229;BR-262/MG;Leste;Queda de Moto;;;;1;;;;;;;0;1;;;
16/11/2018;13:55:00;282;sem vítima;48;BR-060/GO;Norte;Saida de Pista;1;;;;;;;;;;3;;;;
16/11/2018;14:21:00;292;sem vítima;432,378;BR-262/MG;Oeste;Choque - Elemento de Drenagem;;;1;;;;;;;;1;;;;
16/11/2018;15:38:00;341;sem vítima;115,504;BR-153/MG;Norte;Colisão Traseira;1;;1;;;;;;;;6;;;;
16/11/2018;16:02:00;355;sem vítima;402,4;BR-262/MG;Leste;Saida de Pista;1;;;;;;;;;;1;;;;
16/11/2018;16:22:00;365;sem vítima;380;BR-262/MG;Leste;Saida de Pista;1;;;;;;;;;;2;;;;
16/11/2018;16:23:00;376;sem vítima;386,4;BR-262/MG;Leste;Colisão Traseira;2;;;;;;;;;;2;;;;
16/11/2018;17:19:00;397;sem vítima;650;BR-262/MG;Leste;;1;;;;;;;;;;5;;;;
17/11/2018;00:45:00;11;com vítima;15;BR-153/MG;Sul;Carreta deu L;1;;;;;;;;;;0;1;;;
17/11/2018;00:56:00;13;com vítima;35;BR-153/MG;Norte;Tombamento;;;2;;;;;;;;1;;1;;
17/11/2018;04:01:00;36;sem vítima;2;BR-060/DF;Sul;;1;;;;;;;;;;1;;;;
17/11/2018;06:41:00;61;com vítima;400,5;BR-262/MG;Oeste;Capotamento;1;;;;;;;;;;1;1;;;
17/11/2018;08:36:00;119;sem vítima;117;BR-060/GO;Sul;Colisão Traseira;1;;;;;;;;;1;2;;;;
17/11/2018;12:25:00;230;sem vítima;4;BR-060/DF;Norte;Choque - Elemento de Drenagem;1;;;;;;;;;;1;;;;
17/11/2018;14:23:00;284;sem vítima;490;BR-262/MG;Leste;Choque - Defensa, barreira ou "submarino";;;;;;;;;;1;1;;;;
17/11/2018;15:00:00;303;sem vítima;119,5;BR-060/GO;Sul;Saida de Pista;;;1;;;;;;;;1;;;;
17/11/2018;16:39:00;361;sem vítima;564,2;BR-153/GO;Norte;Choque - Talude;1;;;;;;;;;;1;;;;
17/11/2018;17:11:00;373;sem vítima;113,78;BR-060/GO;Norte;Saida de Pista;;;1;;;;;;;;1;;;;
17/11/2018;20:40:00;448;sem vítima;354;BR-262/MG;Leste;Choque - Talude;1;;;;;1;;;;;2;;;;
17/11/2018;21:09:00;462;com vítima;436;BR-262/MG;Oeste;Capotamento;1;;;;;1;;;;;5;;;1;
17/11/2018;23:09:00;484;com vítima;508,879;BR-153/GO;Sul;Colisão Traseira;1;;;1;;;;;;;1;1;;;
18/11/2018;02:41:00;32;com vítima;575;BR-262/MG;Oeste;Capotamento;1;;;;;;;;;;0;1;;;
18/11/2018;03:27:00;49;com vítima;88,4;BR-153/MG;Norte;Capotamento;;;;;;;;;;1;2;3;;;
18/11/2018;07:41:00;111;sem vítima;491;BR-153/GO;Norte;Tombamento;;;1;;;;;;;;1;;;;
18/11/2018;09:34:00;174;com vítima;26;BR-060/GO;Norte;Capotamento;1;;;;;;;;;;0;1;;;
18/11/2018;13:27:00;288;sem vítima;575,3;BR-153/GO;Norte;Capotamento;1;;;;;;;;;;1;;;;
18/11/2018;13:37:00;294;sem vítima;607;BR-262/MG;Leste;Capotamento;1;;;;;;;;;;1;;;;
18/11/2018;14:03:00;315;sem vítima;82,6;BR-060/GO;Norte;Saida de Pista;1;;;;;;;;;;1;;;;
18/11/2018;14:33:00;325;com vítima;108;BR-153/MG;Sul;Colisão Transversal;1;;1;;;;;;;;1;4;1;;
18/11/2018;14:40:00;332;sem vítima;76,6;BR-060/GO;Norte;Capotamento;1;;;;;;;;;;4;;;;
18/11/2018;15:20:00;353;sem vítima;96;BR-060/GO;Norte;Queda de Moto;;;;1;;;;;;;1;;;;
18/11/2018;16:03:00;381;sem vítima;104;BR-060/GO;Sul;Saida de Pista;;;;;;;;;;1;1;;;;
18/11/2018;16:42:00;398;com vítima;509,9;BR-153/GO;Norte;Colisão Lateral;1;;;1;;;;;;;1;1;;;
18/11/2018;17:44:00;439;sem vítima;534;BR-153/GO;Norte;Colisão Lateral;1;;1;;;;;;;;2;;;;
18/11/2018;17:51:00;441;sem vítima;609,8;BR-262/MG;Leste;Colisão Frontal;1;;1;;;;;;;;2;;;;
18/11/2018;18:01:00;445;com vítima;534;BR-153/GO;Norte;Colisão Traseira;1;;;1;;;;;;;1;1;;;
18/11/2018;18:40:00;467;com vítima;0,5;BR-153/MG;Norte;Choque - Defensa, barreira ou "submarino";1;;;;;;;;;;0;1;;;
18/11/2018;19:06:00;482;com vítima;702,265;BR-262/MG;Leste;Capotamento;1;;;;;;;;;;0;1;1;;
18/11/2018;21:05:00;530;sem vítima;621,1;BR-262/MG;Oeste;Choque - Defensa, barreira ou "submarino";;;;;;;;;;1;4;;;;
18/11/2018;21:17:00;537;sem vítima;598;BR-262/MG;Leste;Carreta deu L;;;1;;;;;;;;1;;;;
18/11/2018;22:01:00;556;sem vítima;508;BR-153/GO;Sul;Saida de Pista;;;1;;;;;;;;1;;;;
18/11/2018;22:13:00;560;com vítima;529,268;BR-262/MG;Leste;Colisão Traseira;2;;1;;;;;;;;4;;1;;
18/11/2018;22:49:00;577;com vítima;529,272;BR-262/MG;Leste;Engavetamento;3;;;;;;;;;;7;;1;;
19/11/2018;00:12:00;3;sem vítima;25,319;BR-060/DF;Norte;Saida de Pista;1;;;;;;;;;;1;;;;
19/11/2018;02:25:00;18;sem vítima;527;BR-153/GO;Sul;Carreta deu L;;;1;;;;;;;;1;;;;
19/11/2018;02:53:00;24;sem vítima;676;BR-153/GO;Norte;Saida de Pista;1;;;;;;;;;;1;;;;
19/11/2018;07:08:00;58;sem vítima;44,65;BR-153/MG;Sul;Saida de Pista;;;1;;;;;;;;2;;;;
19/11/2018;07:53:00;84;sem vítima;381,5;BR-262/MG;Oeste;Capotamento;1;;;;;;;;;;1;;;;
19/11/2018;07:58:00;87;com vítima;625,5;BR-262/MG;Leste;Capotamento;1;;;;;;;;;;1;3;;;
19/11/2018;08:23:00;100;sem vítima;495;BR-153/GO;Sul;Engavetamento;2;;;;;;;;;1;3;;;;
19/11/2018;08:33:00;104;sem vítima;385;BR-262/MG;Oeste;Saida de Pista;1;;;;;;;;;;1;;;;
19/11/2018;08:38:00;107;sem vítima;643,6;BR-262/MG;Leste;Colisão Traseira;;;2;;;;;;;;2;;;;
19/11/2018;08:54:00;116;sem vítima;494,2;BR-153/GO;Sul;Colisão Traseira;1;;1;;;;;;;;2;;;;
19/11/2018;09:28:00;129;sem vítima;15;BR-060/DF;Norte;Capotamento;1;;;;;;;;;;1;;;;
19/11/2018;09:29:00;131;sem vítima;52;BR-153/MG;Sul;Saida de Pista;1;;;;;;;;;;4;;;;
19/11/2018;09:35:00;134;com vítima;381;BR-262/MG;Oeste;Choque - Defensa, barreira ou "submarino";1;;;;;;;;;;0;1;;;
19/11/2018;10:46:00;170;sem vítima;96;BR-060/GO;Sul;Colisão Lateral;2;;;;;;;;;;2;;;;
19/11/2018;10:50:00;173;sem vítima;381;BR-262/MG;Oeste;Choque - Defensa, barreira ou "submarino";1;;;;;;;;;;1;;;;
19/11/2018;11:49:00;200;com vítima;548;BR-262/MG;Leste;Capotamento;1;;;;;;;;;;2;1;;;
19/11/2018;11:55:00;203;com vítima;10;BR-060/DF;Sul;Capotamento;1;;;;;;;;;;0;1;;;
19/11/2018;12:53:00;226;sem vítima;758,024;BR-262/MG;Leste;Saida de Pista;1;;;;;;;;;;1;;;;
19/11/2018;14:00:00;248;sem vítima;58,3;BR-060/GO;Norte;Colisão Traseira;;;2;;;;;;;;2;;;;
19/11/2018;14:17:00;259;sem vítima;6,7;BR-060/DF;Norte;Saida de Pista;1;;;;;;;;;;1;;;;
19/11/2018;15:29:00;292;sem vítima;91;BR-060/GO;Sul;Colisão Traseira;;;2;;;;;;;;2;;;;
19/11/2018;16:24:00;318;sem vítima;586;BR-262/MG;Leste;Saida de Pista;1;;;;;;;;;;1;;;;
19/11/2018;22:56:00;472;sem vítima;506,1;BR-153/GO;Sul;Saida de Pista;1;;;;;;;;;;1;;;;
19/11/2018;23:58:00;493;com vítima;476,001;BR-262/MG;Leste;Colisão Lateral;1;;1;;;;;;;;0;1;;;2
20/11/2018;03:39:00;60;com vítima;361,168;BR-262/MG;Oeste;Colisão Traseira;;;2;;;;;;;;1;;1;;
20/11/2018;06:37:00;81;com vítima;505;BR-153/GO;Norte;Choque - Suporte de Sinalização;;;;1;;;;;;;0;1;1;;
20/11/2018;07:31:00;95;sem vítima;509;BR-153/GO;Norte;Engavetamento;2;;;1;;;;;;;3;;;;
20/11/2018;07:39:00;99;sem vítima;368,283;BR-262/MG;Leste;Colisão Lateral;;;1;;1;;;;;;3;;;;
20/11/2018;07:47:00;102;sem vítima;501,5;BR-153/GO;Norte;Colisão Traseira;1;;1;;;;;;;;2;;;;
20/11/2018;09:31:00;144;sem vítima;509;BR-153/GO;Norte;Saida de Pista;;;1;;;;;;;;1;;;;
20/11/2018;09:58:00;158;com vítima;388,25;BR-262/MG;Oeste;Choque - Veiculo parado no acostamento;1;;1;;;;;;;;10;;;;1
20/11/2018;13:12:00;228;sem vítima;59;BR-153/MG;Sul;Colisão Frontal;1;;;;;1;;;;;2;;;;
20/11/2018;14:02:00;256;sem vítima;578,69;BR-262/MG;Oeste;Choque - Talude;;;;;;;;;;1;1;;;;
20/11/2018;14:34:00;277;sem vítima;480,198;BR-262/MG;Leste;Capotamento;1;;;;;;;;;;1;;;;
20/11/2018;15:09:00;295;sem vítima;150,2;BR-153/MG;Sul;Saida de Pista;1;;;;;;;;;;1;;;;
20/11/2018;15:41:00;312;sem vítima;437,5;BR-262/MG;Leste;Saida de Pista;1;;;;;;;;;;1;;;;
20/11/2018;15:48:00;315;sem vítima;491;BR-153/GO;Sul;Colisão Lateral;1;;;1;;;;;;;3;;;;
20/11/2018;16:30:00;337;sem vítima;595,2;BR-262/MG;Leste;Saida de Pista;;;1;;;;;;;;2;;;;
20/11/2018;17:14:00;359;sem vítima;595,5;BR-262/MG;Oeste;Colisão Traseira;;;2;;;;;;;;2;;;;
20/11/2018;17:35:00;365;sem vítima;91;BR-060/GO;Norte;Colisão Lateral;1;1;;;;;;;;;2;;;;
20/11/2018;18:54:00;400;sem vítima;381,7;BR-262/MG;Oeste;Choque - Elemento de Drenagem;1;;;;;;;;;;1;;;;
20/11/2018;19:27:00;418;sem vítima;122,4;BR-060/GO;Norte;Carreta deu L;;;1;;;;;;;;3;;;;
20/11/2018;19:55:00;428;sem vítima;510,8;BR-262/MG;Oeste;Saida de Pista;1;;;;1;;;;;;13;;;;
21/11/2018;06:04:00;55;sem vítima;445;BR-262/MG;Oeste;Saida de Pista;1;;;;;;;;;;1;;;;
21/11/2018;08:00:00;91;sem vítima;509;BR-153/GO;Norte;Engavetamento;3;;;;;;;;;;4;;;;
21/11/2018;09:02:00;134;sem vítima;381,6;BR-262/MG;Oeste;Choque - Defensa, barreira ou "submarino";1;;;;;;;;;;1;;;;
21/11/2018;09:43:00;158;sem vítima;554;BR-262/MG;Oeste;Colisão Traseira;1;;1;;;;;;;;5;;;;
21/11/2018;09:56:00;166;com vítima;32;BR-060/GO;Sul;Colisão Transversal;2;;;;;;;;;;1;;1;;
21/11/2018;12:26:00;395;sem vítima;419;BR-262/MG;Oeste;Capotamento;1;;1;;;;;;;;2;;;;
21/11/2018;12:45:00;403;sem vítima;607;BR-262/MG;Oeste;Capotamento;;;;;;;;;;1;1;;;;
21/11/2018;13:03:00;407;sem vítima;375;BR-262/MG;Oeste;Colisão Traseira;1;;1;;;;;;;;2;;;;
21/11/2018;16:14:00;526;sem vítima;379;BR-262/MG;Leste;Choque - Defensa, barreira ou "submarino";1;;;;;;;;;;1;;;;
21/11/2018;18:01:00;603;sem vítima;96;BR-060/GO;Norte;Saida de Pista;1;;;;;;;;;;1;;;;
21/11/2018;18:33:00;622;sem vítima;388,255;BR-262/MG;Oeste;Choque - Defensa, barreira ou "submarino";1;;;;;;;;;;3;;;;
21/11/2018;19:32:00;650;sem vítima;221,9;BR-153/MG;Sul;Saida de Pista;1;;;;;;;;;;1;;;;
21/11/2018;21:29:00;705;sem vítima;23,5;BR-060/GO;Sul;Saida de Pista;;;1;;;;;;;;1;;;;
22/11/2018;06:44:00;84;com vítima;492;BR-262/MG;Oeste;Colisão Transversal;1;;1;;;;;;;;1;1;;;
22/11/2018;06:54:00;88;sem vítima;3;BR-060/DF;Norte;Colisão Traseira;1;;;1;;;;;;;2;;;;
22/11/2018;07:20:00;97;sem vítima;803;BR-262/MG;Oeste;Colisão Traseira;2;;;;;;;;;;2;;;;
22/11/2018;14:33:00;381;sem vítima;683,5;BR-153/GO;Norte;Choque - Elemento de Drenagem;;;;;;;;;;1;1;;;;
22/11/2018;15:02:00;402;sem vítima;133,655;BR-060/GO;Sul;Capotamento;1;;;;;;;;;;2;;;;
22/11/2018;16:40:00;457;sem vítima;53;BR-153/MG;Sul;Capotamento;;;;;;;;;;2;3;;;;
22/11/2018;18:18:00;534;sem vítima;598,3;BR-153/GO;Sul;Choque - Defensa, barreira ou "submarino";1;;;;;;;;;;2;;;;
22/11/2018;19:44:00;603;sem vítima;417,584;BR-262/MG;Leste;Tombamento;;;;;;;;;;1;1;;;;
22/11/2018;19:49:00;607;sem vítima;91,599;BR-153/MG;Norte;Saida de Pista;1;;;;;;;;;;1;;;;
22/11/2018;21:25:00;659;com vítima;378,37;BR-262/MG;Oeste;Queda de Moto;;;;1;;;;;;;0;;1;;
23/11/2018;09:38:00;182;sem vítima;490,5;BR-153/GO;Sul;Colisão Traseira;2;;;;;;;;;;3;;;;
23/11/2018;12:23:00;306;sem vítima;503;BR-153/GO;Sul;Colisão Traseira;2;;;;;;;;;;2;;;;
23/11/2018;13:28:00;350;com vítima;35;BR-060/GO;Norte;Capotamento;1;;;;;;;;;;0;1;;;
23/11/2018;14:26:00;378;sem vítima;382,499;BR-262/MG;Oeste;Saida de Pista;1;;;;;;;;;;1;;;;
23/11/2018;17:22:00;482;sem vítima;494,8;BR-153/GO;Norte;Choque - Defensa, barreira ou "submarino";1;;;;;;;;;;1;;;;
23/11/2018;17:43:00;500;sem vítima;2,4;BR-060/DF;Sul;Colisão Lateral;2;;;;;;;;;;3;;;;
23/11/2018;18:00:00;507;sem vítima;500,2;BR-153/GO;Sul;Colisão Traseira;2;;;;;;;;;;2;;;;
23/11/2018;19:25:00;541;sem vítima;46,6;BR-060/GO;Sul;Colisão Traseira;1;;1;;;;;;;;2;;;;
23/11/2018;21:05:00;587;sem vítima;768,001;BR-262/MG;Leste;Saida de Pista;1;;;;;;;;;;1;;;;
23/11/2018;21:59:00;609;com vítima;110,9;BR-060/GO;Norte;Colisão Traseira;1;;1;;;;;;;;1;;1;;
23/11/2018;23:09:00;626;sem vítima;506,1;BR-153/GO;Sul;Choque - Defensa, barreira ou "submarino";1;;;;;;;;;;1;;;;
24/11/2018;04:01:00;49;sem vítima;121,9;BR-060/GO;Sul;Atropelamento - Usuário;2;;;;;;;;;;2;;;;
24/11/2018;06:47:00;67;sem vítima;485,17;BR-262/MG;Leste;Capotamento;1;;;;;;;;;;2;;;;
24/11/2018;07:24:00;86;sem vítima;451,359;BR-262/MG;Oeste;Colisão Transversal;;;1;;;;;;;1;2;;;;
24/11/2018;08:21:00;116;sem vítima;136;BR-060/GO;Sul;Queda de Moto;;;;1;;;;;;;1;;;;
24/11/2018;08:45:00;133;sem vítima;59;BR-153/MG;Norte;Colisão Traseira;2;;;;;;;;;;2;;;;
24/11/2018;10:08:00;188;sem vítima;73,3;BR-060/GO;Sul;Choque - Defensa, barreira ou "submarino";1;;;;;;;;;;1;;;;
24/11/2018;10:11:00;191;sem vítima;56,5;BR-060/GO;Sul;Choque - Defensa, barreira ou "submarino";1;;;;;;;;;;1;;;;
24/11/2018;10:41:00;202;sem vítima;46;BR-060/GO;Norte;Choque - Elemento de Drenagem;1;;;;;;;;;;1;;;;
24/11/2018;10:55:00;216;com vítima;571;BR-262/MG;Oeste;Colisão Frontal;1;;1;;;;;;;;3;1;;;
24/11/2018;11:12:00;224;com vítima;22;BR-060/DF;Norte;Capotamento;1;;;;;;;;;;1;1;;;
24/11/2018;11:23:00;234;sem vítima;435,492;BR-262/MG;Leste;Saida de Pista;;;;;;;;;;1;4;;;;
24/11/2018;13:41:00;310;sem vítima;500;BR-153/GO;Sul;Queda de Moto;;;;1;;;;;;;1;;;;
24/11/2018;13:48:00;311;sem vítima;524;BR-262/MG;Leste;Carreta deu L;;;1;;;;;;;;1;;;;
24/11/2018;14:16:00;329;sem vítima;576;BR-262/MG;Leste;Tombamento;;;1;;;;;;;;1;;;;
24/11/2018;14:24:00;332;sem vítima;20,4;BR-153/MG;Sul;Choque - Elemento de Drenagem;1;;;;;;;;;;2;;;;
24/11/2018;15:22:00;360;com vítima;505;BR-153/GO;Norte;Colisão Lateral;1;;;1;;;;;;;1;1;;;
24/11/2018;15:24:00;361;sem vítima;429;BR-262/MG;Oeste;Saida de Pista;1;;;;;;;;;;1;;;;
24/11/2018;15:38:00;374;sem vítima;380;BR-262/MG;Leste;Saida de Pista;1;;;;;;;;;;1;;;;
24/11/2018;16:56:00;401;sem vítima;432,87;BR-262/MG;Leste;Colisão Traseira;2;;;;;;;;;;2;;;;
24/11/2018;17:28:00;418;sem vítima;382;BR-262/MG;Leste;;1;;;;;;;;;;1;;;;
24/11/2018;17:46:00;424;sem vítima;477,5;BR-262/MG;Oeste;Saida de Pista;1;;;;;;;;;;1;;;;
24/11/2018;17:47:00;425;sem vítima;380;BR-262/MG;Leste;Choque - Talude;1;;;;;;;;;;1;;;;
24/11/2018;19:34:00;466;sem vítima;508;BR-153/GO;Sul;Choque - Talude;1;;;;;;;;;;4;;;;
24/11/2018;21:04:00;514;com vítima;12,226;BR-060/GO;Norte;Colisão Traseira;1;;1;;;;;;;;1;1;;;
24/11/2018;22:34:00;545;sem vítima;99,097;BR-060/GO;Sul;Saida de Pista;1;;;;;;;;;;1;;;;
25/11/2018;00:17:00;7;sem vítima;42,2;BR-153/MG;Sul;Tombamento;;;1;;;;;;;;3;;;;
25/11/2018;00:37:00;15;com vítima;417;BR-262/MG;Leste;Choque - Elemento de Drenagem;1;;;;;;;;;;0;;1;;
25/11/2018;01:11:00;31;sem vítima;380;BR-262/MG;Leste;Capotamento;1;;;;;;;;;;2;;;;