data;horario;n_da_ocorrencia;tipo_de_ocorrencia;km;trecho;sentido;tipo_de_acidente;automovel;bicicleta;caminhao;moto;onibus;outros;tracao_animal;transporte_de_cargas_especiais;trator_maquinas;utilitarios;ilesos;levemente_feridos;moderadamente_feridos;gravemente_feridos;mortos
08/12/2018;18:03:00;424;sem vítima;4;BR-060/DF;Sul;Colisão Transversal;1;;;1;;;;;;;2;;;;
08/12/2018;21:44:00;530;com vítima;494,8;BR-153/GO;Norte;Queda de Moto;;;;1;;;;;;;1;1;;;
08/12/2018;21:56:00;534;com vítima;93;BR-060/GO;Norte;Colisão Traseira;1;;1;;;;;;;;3;1;;;
08/12/2018;23:11:00;550;com vítima;369;BR-262/MG;Leste;Capotamento;1;;;;;;;;;;1;;1;;
08/12/2018;23:24:00;554;sem vítima;101;BR-060/GO;Sul;Saida de Pista;;;;1;;;;;;;1;;;;
08/12/2018;23:39:00;558;com vítima;369,7;BR-262/MG;Oeste;Colisão Traseira;2;;;;;;;;;;2;3;;;
09/12/2018;05:43:00;52;sem vítima;518;BR-153/GO;Sul;Saida de Pista;1;;;;;;;;;;2;;;;
09/12/2018;06:32:00;59;com vítima;55,8;BR-060/GO;Norte;Capotamento;1;;;;;;;;;;0;1;;;
09/12/2018;08:25:00;97;com vítima;504;BR-153/GO;Norte;Queda de Moto;;;;1;;;;;;;0;1;;;
09/12/2018;08:30:00;100;sem vítima;15;BR-153/MG;Norte;Saida de Pista;1;;;;;;;;;;1;;;;
09/12/2018;09:47:00;150;sem vítima;448;BR-262/MG;Leste;Colisão Lateral;2;;;;;;;;;;4;;;;
09/12/2018;11:24:00;231;com vítima;22,3;BR-060/DF;Sul;Capotamento;1;;;;;;;;;;2;2;;1;
09/12/2018;12:11:00;259;sem vítima;96;BR-060/GO;Sul;Colisão Lateral;2;;;;;;;;;;2;;;;
09/12/2018;13:54:00;297;sem vítima;536,6;BR-153/GO;Sul;Capotamento;1;;;;;1;;;;;3;;;;
09/12/2018;14:23:00;314;com vítima;588;BR-153/GO;Sul;Capotamento;1;;;;;;;;;;1;1;;;
09/12/2018;14:22:00;315;com vítima;812;BR-262/MG;Leste;Colisão Lateral;1;;;1;;;;;;;1;1;1;;
09/12/2018;15:41:00;351;sem vítima;17,199;BR-153/MG;Norte;Choque - Elemento de Drenagem;1;;;;;;;;;;1;;;;
09/12/2018;16:12:00;370;com vítima;364;BR-262/MG;Leste;Capotamento;1;;;;;;;;;;1;1;;;
09/12/2018;17:42:00;413;com vítima;96;BR-060/GO;Norte;Colisão Transversal;1;1;;;;;;;;;3;;1;;
09/12/2018;18:39:00;441;sem vítima;561;BR-153/GO;Norte;Choque - Talude;1;;;;;;;;;;1;;;;
09/12/2018;20:27:00;492;com vítima;528,001;BR-262/MG;Leste;Capotamento;1;;;;;;;;;;0;2;;;
09/12/2018;21:07:00;515;sem vítima;47,7;BR-153/MG;Sul;Colisão Lateral;;;2;;;;;;;;2;;;;
09/12/2018;22:37:00;546;sem vítima;62;BR-060/GO;Sul;Capotamento;1;;;;;;;;;;1;;;;
09/12/2018;23:22:00;561;com vítima;358,001;BR-262/MG;Leste;Queda de Moto;;;;1;;;;;;;1;;1;;
10/12/2018;02:30:00;33;com vítima;502;BR-153/GO;Sul;Queda de Moto;;;;1;;;;;;;0;1;;;
10/12/2018;07:17:00;113;com vítima;507;BR-153/GO;Norte;Colisão Traseira;1;;;1;;;;;;;2;;1;;
10/12/2018;07:45:00;126;sem vítima;4,3;BR-060/GO;Norte;Choque - Elemento de Drenagem;1;;;;;;;;;;2;;;;
10/12/2018;13:01:00;351;com vítima;697;BR-153/GO;Sul;Colisão Transversal;1;;;1;;;;;;;1;1;;;
10/12/2018;13:57:00;385;com vítima;507;BR-153/GO;Sul;Queda de Moto;;;;1;;;;;;;0;1;;;
10/12/2018;14:49:00;407;sem vítima;8;BR-153/MG;Sul;Tombamento;1;;;;;;;;;;1;;;;
10/12/2018;15:49:00;443;sem vítima;105,2;BR-060/GO;Sul;Choque - Defensa, barreira ou "submarino";;;1;;;;;;;;1;;;;
10/12/2018;17:14:00;502;com vítima;130;BR-153/MG;Norte;Colisão Traseira;;;1;;;;;;;1;1;2;;;
10/12/2018;17:22:00;505;sem vítima;40,001;BR-060/GO;Sul;Carreta deu L;;;1;;;;;;;;1;;;;
10/12/2018;18:12:00;527;sem vítima;505,3;BR-153/GO;Norte;Colisão Traseira;1;;1;;;;;;;;2;;;;
10/12/2018;18:30:00;540;com vítima;502,899;BR-153/GO;Norte;Colisão Lateral;1;;;2;;;;;;;2;;1;;
10/12/2018;18:54:00;557;sem vítima;129,996;BR-153/MG;Norte;Colisão Traseira;2;;;;;;;;;;2;;;;
10/12/2018;19:04:00;563;sem vítima;130,8;BR-060/GO;Norte;Choque - Elemento de Drenagem;1;;;;;;;;;;3;;;;
10/12/2018;19:17:00;567;sem vítima;424,4;BR-262/MG;Leste;Saida de Pista;1;;;;;;;;;;1;;;;
11/12/2018;01:03:00;47;com vítima;392,17;BR-262/MG;Oeste;Capotamento;1;;;;;;;;;;0;;1;;
11/12/2018;01:33:00;58;sem vítima;108,5;BR-153/MG;Norte;Colisão Traseira;1;;1;;;;;;;;2;;;;
11/12/2018;07:32:00;144;com vítima;509;BR-153/GO;Norte;Engavetamento;4;;1;;;;;;;;5;1;;;
11/12/2018;07:39:00;151;com vítima;94;BR-060/GO;Norte;Queda de Moto;;;;1;;;;;;;0;2;;;
11/12/2018;07:47:00;154;sem vítima;508;BR-153/GO;Norte;Engavetamento;3;;;;;;;;;;5;;;;
11/12/2018;08:33:00;184;sem vítima;509;BR-153/GO;Norte;Colisão Lateral;1;;;;;;;;;1;2;;;;
11/12/2018;10:13:00;255;sem vítima;122;BR-153/MG;Sul;Colisão Traseira;2;;;;;;;;;;7;;;;
11/12/2018;15:44:00;460;sem vítima;31;BR-153/MG;Norte;Objeto lançado contra veículo;1;;1;;;;;;;;2;;;;
11/12/2018;17:11:00;530;sem vítima;685;BR-153/GO;Norte;Capotamento;1;;;;;;;;;;3;;;;
11/12/2018;17:57:00;556;sem vítima;496;BR-153/GO;Sul;Colisão Transversal;1;;1;;;;;;;;2;;;;
11/12/2018;18:11:00;563;com vítima;61;BR-060/GO;Sul;Queda de Moto;;;;1;;;;;;;0;1;;;
11/12/2018;18:17:00;567;com vítima;106;BR-060/GO;Norte;Tombamento;;;1;;;;;;;;0;;1;;
11/12/2018;18:31:00;578;com vítima;510;BR-153/GO;Norte;Queda de Moto;;;;1;;;;;;;0;;1;;
11/12/2018;18:55:00;590;com vítima;114;BR-060/GO;Norte;Queda de Ciclista;;1;;;;;;;;;0;1;;;
11/12/2018;20:55:00;636;com vítima;446;BR-262/MG;Leste;Colisão Transversal;1;;;1;;;;;;;1;1;;;
11/12/2018;21:08:00;639;com vítima;505;BR-153/GO;Sul;Colisão Traseira;2;;;;;;;;;;0;2;;;
11/12/2018;22:37:00;666;sem vítima;92;BR-060/GO;Sul;Saida de Pista;1;;;;;;;;;;1;;;;
12/12/2018;04:59:00;53;com vítima;32;BR-153/MG;Norte;Choque - Elemento de Drenagem;;;;;1;;;;;;38;;1;;
12/12/2018;07:21:00;79;sem vítima;507,3;BR-153/GO;Norte;Colisão Lateral;1;;;1;;;;;;;3;;;;
12/12/2018;07:25:00;84;sem vítima;676;BR-262/MG;Leste;Colisão Traseira;1;;1;;;;;;;;2;;;;
12/12/2018;07:37:00;92;com vítima;507;BR-153/GO;Norte;Queda de Moto;;;;1;;;;;;;0;2;;;
12/12/2018;08:15:00;109;sem vítima;507;BR-153/GO;Norte;Colisão Traseira;2;;;;;;;;;;2;;;;
12/12/2018;09:31:00;214;sem vítima;133,7;BR-060/GO;Sul;Choque - Talude;1;;;;;;;;;;2;;;;
12/12/2018;10:20:00;284;com vítima;501;BR-262/MG;Leste;Colisão Transversal;1;;1;;;;;;;;1;;1;;
12/12/2018;10:44:00;301;sem vítima;15,099;BR-060/GO;Sul;Colisão Traseira;2;;;;;;;;;;2;;;;
12/12/2018;10:56:00;306;sem vítima;505;BR-153/GO;Norte;Colisão Traseira;1;;;1;;;;;;;2;;;;
12/12/2018;17:03:00;572;sem vítima;685;BR-153/GO;Sul;Colisão Lateral;1;;1;;;;;;;;2;;;;
12/12/2018;18:32:00;621;sem vítima;58;BR-153/MG;Norte;Tombamento;;;1;;;;;;;;1;;;;
12/12/2018;19:28:00;652;sem vítima;512;BR-262/MG;Leste;Colisão Traseira;1;;;;;;;;;1;2;;;;
12/12/2018;20:35:00;689;sem vítima;506,2;BR-153/GO;Norte;Choque - Defensa, barreira ou "submarino";1;;;;;;;;;;1;;;;
12/12/2018;20:37:00;691;sem vítima;500,5;BR-153/GO;Norte;Colisão Traseira;1;;1;;;;;;;;2;;;;
12/12/2018;21:35:00;717;com vítima;12;BR-153/MG;Norte;Tombamento;;;1;;;;;;;;0;1;;;
12/12/2018;21:52:00;723;com vítima;385;BR-262/MG;Oeste;Capotamento;1;;;;;;;;;;0;;1;;
13/12/2018;03:54:00;32;sem vítima;439;BR-262/MG;Leste;Capotamento;1;;;;;;;;;;1;;;;
13/12/2018;06:26:00;52;com vítima;509,9;BR-153/GO;Norte;Queda de Moto;;;;1;;;;;;;0;1;;;
13/12/2018;06:28:00;54;sem vítima;497;BR-153/GO;Norte;Choque - Elemento de Drenagem;1;;;;;;;;;;2;;;;
13/12/2018;07:09:00;62;com vítima;493;BR-153/GO;Norte;Queda de Moto;;;;1;;;;;;;0;1;;;
13/12/2018;08:37:00;129;com vítima;503;BR-153/GO;Norte;Queda de Moto;1;;;1;;;;;;;1;;;1;
13/12/2018;09:05:00;148;sem vítima;103;BR-060/GO;Sul;Queda de Moto;;;;1;;;;;;;2;;;;
13/12/2018;09:27:00;163;sem vítima;401;BR-262/MG;Leste;Queda de Moto;;;;1;;;;;;;2;;;;
13/12/2018;11:43:00;237;com vítima;519;BR-153/GO;Norte;Tombamento;;;1;;;;;;;;0;;1;;
13/12/2018;13:22:00;314;com vítima;605;BR-153/GO;Sul;Choque - Objeto sobre a pista;1;;;;;;;;;;1;3;;;
13/12/2018;14:55:00;357;sem vítima;110;BR-060/GO;Norte;Colisão Traseira;1;;1;;;;;;;;3;;;;
13/12/2018;16:58:00;435;sem vítima;137,9;BR-060/GO;Norte;Queda de Moto;;;;1;;;;;;;1;;;;
13/12/2018;17:24:00;449;sem vítima;589,3;BR-262/MG;Leste;Capotamento;;;;;;;;;;1;2;;;;
13/12/2018;18:06:00;472;sem vítima;481,5;BR-262/MG;Leste;Choque - Arvore;;;1;;;;;;;;1;;;;
13/12/2018;19:17:00;533;sem vítima;8;BR-060/DF;Sul;;1;;;;;;;;;;1;;;;
13/12/2018;19:35:00;541;sem vítima;219;BR-153/MG;Sul;Tombamento;;;1;;;;;;;;1;;;;
13/12/2018;19:51:00;547;sem vítima;4,001;BR-060/DF;Norte;Colisão Traseira;2;;;;;;;;;;4;;;;
13/12/2018;20:02:00;554;sem vítima;146,9;BR-153/MG;Norte;Carreta deu L;;;1;;;;;;;;2;;;;
13/12/2018;20:09:00;558;sem vítima;233,5;BR-153/MG;Sul;Saida de Pista;1;;;;;;;;;;1;;;;
13/12/2018;21:48:00;589;sem vítima;441,2;BR-262/MG;Leste;Queda de Moto;;;;1;;;;;;;1;;;;
14/12/2018;02:29:00;35;com vítima;614,868;BR-262/MG;Oeste;Saida de Pista;1;;;;;;;;;;0;;;2;1
14/12/2018;04:35:00;58;sem vítima;17;BR-153/MG;Sul;Choque - Suporte de Sinalização;1;;;;;;;;;;1;;;;
14/12/2018;07:26:00;97;sem vítima;509;BR-153/GO;Norte;Colisão Lateral;1;;1;;;;;;;;2;;;;
14/12/2018;08:30:00;132;com vítima;479;BR-262/MG;Leste;Colisão Traseira;1;;;1;;;;;;;1;;1;;
14/12/2018;09:45:00;218;sem vítima;758;BR-262/MG;Leste;Saida de Pista;;;1;;;;;;;;1;;;;
14/12/2018;10:23:00;262;sem vítima;127;BR-060/GO;Sul;Colisão Traseira;;;1;;;1;;;;;4;;;;
14/12/2018;10:41:00;275;sem vítima;637;BR-262/MG;Oeste;Saida de Pista;;;1;;;;;;;;1;;;;
14/12/2018;10:55:00;288;sem vítima;109;BR-060/GO;Sul;Choque - Elemento de Drenagem;1;;;;;;;;;;4;;;;
14/12/2018;11:14:00;302;sem vítima;17;BR-060/DF;Norte;Capotamento;1;;;;;;;;;;1;;;;
14/12/2018;12:30:00;342;com vítima;575,3;BR-153/GO;Sul;Choque - Elemento de Drenagem;1;;;;;;;;;;0;3;;;
14/12/2018;13:13:00;352;com vítima;23;BR-153/MG;Norte;Capotamento;1;;;;;;;;;;0;1;;;
14/12/2018;14:55:00;411;sem vítima;218;BR-153/MG;Sul;Colisão Traseira;;;2;;;;;;;;2;;;;
14/12/2018;15:04:00;417;sem vítima;508;BR-153/GO;Sul;Choque - Defensa, barreira ou "submarino";1;;;;;1;;;;1;3;;;;
14/12/2018;15:20:00;428;sem vítima;507,5;BR-153/GO;Sul;Colisão Traseira;2;;;;;;;;;;2;;;;
14/12/2018;15:22:00;429;sem vítima;508;BR-153/GO;Norte;Colisão Traseira;;;1;;1;;;;;;5;;;;
14/12/2018;15:25:00;431;sem vítima;821;BR-262/MG;Leste;Queda de Moto;;;;1;;;;;;;1;;;;
14/12/2018;15:37:00;435;sem vítima;508;BR-153/GO;Sul;Engavetamento;3;;;;;;;;;;4;;;;
14/12/2018;15:54:00;449;sem vítima;502;BR-153/GO;Sul;Colisão Lateral;;;2;;;;;;;;2;;;;
14/12/2018;16:10:00;459;sem vítima;507,45;BR-153/GO;Sul;Colisão Traseira;1;;1;;;;;;;;2;;;;
14/12/2018;16:26:00;469;sem vítima;508;BR-153/GO;Norte;Colisão Traseira;1;;1;;;;;;;;2;;;;
14/12/2018;16:46:00;482;sem vítima;499;BR-153/GO;Sul;Engavetamento;2;;1;;;;;;;1;5;;;;
14/12/2018;18:58:00;567;sem vítima;17,399;BR-153/MG;Sul;Choque - Elemento de Drenagem;1;;;;;;;;;;1;;;;
14/12/2018;21:40:00;677;com vítima;16,5;BR-153/MG;Sul;Capotamento;1;;;;;;;;;;0;1;;;
14/12/2018;22:25:00;703;com vítima;529,2;BR-153/GO;Norte;Saida de Pista;;;;1;;;;;;;0;;1;;
15/12/2018;07:23:00;88;com vítima;387,172;BR-262/MG;Leste;Capotamento;;;1;;;;;;;1;1;5;4;2;2
15/12/2018;07:30:00;91;com vítima;442;BR-262/MG;Leste;Colisão Frontal;1;;;1;;;;;;;1;1;;;
15/12/2018;08:12:00;118;sem vítima;6;BR-060/DF;Norte;Capotamento;1;;;;;;;;;;1;;;;
15/12/2018;09:19:00;146;sem vítima;111;BR-060/GO;Norte;Colisão Lateral;1;;1;;;;;;;;6;;;;
15/12/2018;09:37:00;159;sem vítima;0;BR-153/MG;Sul;Colisão Traseira;2;;;;;;;;;;2;;;;
15/12/2018;11:16:00;212;com vítima;802;BR-262/MG;Leste;Atropelamento - Andarilho;;;;;;1;;;;;1;1;;;
15/12/2018;13:56:00;288;sem vítima;8;BR-060/DF;Norte;Capotamento;1;;;;;;;;;;1;;;;
15/12/2018;14:56:00;314;com vítima;508;BR-153/GO;Norte;Colisão Traseira;2;;;;;;;;;;3;1;;;
15/12/2018;17:47:00;422;sem vítima;549;BR-262/MG;Oeste;Saida de Pista;;;1;;;;;;;;1;;;;
15/12/2018;23:29:00;612;sem vítima;63,9;BR-060/GO;Sul;Capotamento;1;;;;;;;;;;1;;;;
16/12/2018;00:15:00;5;com vítima;502;BR-153/GO;Norte;Queda de Moto;;;;1;;;;;;;0;1;;;
16/12/2018;03:57:00;46;com vítima;27,8;BR-153/MG;Norte;Capotamento;1;;;;;;;;;;0;;1;;
16/12/2018;04:46:00;52;com vítima;492,5;BR-153/GO;Norte;Colisão Frontal;2;;;;;;;;;;1;1;;;
16/12/2018;07:05:00;75;com vítima;138;BR-060/GO;Sul;Queda de Ciclista;;;;1;;;;;;;0;1;;;
16/12/2018;08:42:00;129;com vítima;371;BR-262/MG;Leste;Colisão Traseira;1;;;1;;;;;;;1;1;;;
16/12/2018;09:10:00;138;sem vítima;33,5;BR-060/GO;Norte;Queda de Ciclista;;;;1;;;;;;;1;;;;
16/12/2018;09:31:00;151;sem vítima;673;BR-153/GO;Norte;Saida de Pista;1;;;;;;;;;;2;;;;
16/12/2018;12:09:00;286;com vítima;637;BR-262/MG;Oeste;Colisão Lateral;1;;1;;;;;;;;1;1;;;
16/12/2018;12:27:00;292;com vítima;646;BR-262/MG;Oeste;Capotamento;1;;;;;;;;;;1;1;;;
16/12/2018;15:25:00;379;com vítima;116;BR-060/GO;Sul;Atropelamento - Morador;1;;;;;;;;;;1;;1;;
16/12/2018;15:39:00;387;sem vítima;562,8;BR-153/GO;Norte;Colisão Traseira;1;;1;;;;;;;;2;;;;
16/12/2018;16:11:00;407;com vítima;19,6;BR-060/GO;Norte;Atropelamento - Usuário;;;;;;1;;;;;1;;1;;
16/12/2018;16:52:00;436;sem vítima;18;BR-060/DF;Norte;;2;;;;;;;;;;2;;;;
16/12/2018;18:37:00;524;sem vítima;45,8;BR-060/GO;Sul;Colisão Lateral;2;;;;;;;;;;2;;;;
16/12/2018;18:40:00;527;sem vítima;527;BR-262/MG;Leste;Tombamento;;;1;;;;;;;;1;;;;
16/12/2018;21:16:00;608;sem vítima;16;BR-060/DF;Sul;Colisão Lateral;2;;;;;;;;;;4;;;;
17/12/2018;02:00:00;22;sem vítima;359;BR-262/MG;Oeste;Saida de Pista;1;;;;;;;;;;1;;;;
17/12/2018;05:48:00;49;sem vítima;900;BR-262/MG;Leste;Carreta deu L;;;1;;;;;;;;1;;;;
17/12/2018;06:28:00;60;com vítima;22,9;BR-060/DF;Norte;Colisão Lateral;1;;;1;;;;;;;3;2;;;
17/12/2018;06:30:00;61;com vítima;508;BR-153/GO;Norte;Colisão Lateral;1;;;1;;;;;;;1;1;;;
17/12/2018;07:27:00;86;sem vítima;527;BR-153/GO;Norte;Tombamento;;;1;;;;;;;;1;;;;
17/12/2018;07:45:00;90;sem vítima;437,8;BR-262/MG;Leste;Capotamento;1;;;;;;;;;;1;;;;
17/12/2018;11:31:00;224;sem vítima;559;BR-153/GO;Norte;Capotamento;1;;;;;;;;;;1;;;;
17/12/2018;13:40:00;296;sem vítima;577;BR-153/GO;Sul;Choque - Elemento de Drenagem;1;;;;;;;;;;2;;;;
17/12/2018;15:20:00;348;sem vítima;497;BR-153/GO;Sul;Colisão Lateral;;;1;;1;;;;;;2;;;;
17/12/2018;16:13:00;390;com vítima;1;BR-153/MG;Sul;Capotamento;;;1;;;;;;;;1;1;;;
17/12/2018;17:39:00;442;sem vítima;99;BR-060/GO;Norte;Engavetamento;4;;;;;;;;;;4;;;;
17/12/2018;18:29:00;473;sem vítima;499;BR-153/GO;Sul;Engavetamento;1;;2;;;;;;;;3;;;;
17/12/2018;21:18:00;559;com vítima;611,2;BR-262/MG;Leste;Colisão Traseira;1;;1;;;;;;;;4;;1;;
17/12/2018;23:07:00;592;sem vítima;96,5;BR-060/GO;Sul;Colisão Lateral;2;;;;;;;;;;2;;;;
18/12/2018;01:01:00;22;sem vítima;49;BR-153/MG;Sul;Saida de Pista;;;;;;;;;;1;4;;;;
18/12/2018;05:04:00;73;sem vítima;409,064;BR-262/MG;Leste;Choque - Elemento de Drenagem;;;1;;;;;;;;1;;;;
18/12/2018;06:46:00;99;com vítima;362;BR-262/MG;Leste;Capotamento;1;;;;;;;;;;0;;1;;
18/12/2018;08:01:00;142;sem vítima;501,7;BR-153/GO;Sul;Colisão Traseira;2;;;;;;;;;;2;;;;
18/12/2018;11:45:00;305;sem vítima;508,1;BR-153/GO;Norte;Engavetamento;5;;;;;;;;;;7;;;;
18/12/2018;12:31:00;326;com vítima;478;BR-262/MG;Leste;Colisão Traseira;1;;;1;;;;;;;1;1;;;
18/12/2018;14:14:00;389;sem vítima;570;BR-262/MG;Leste;Choque - Elemento de Drenagem;1;;;;;;;;;;1;;;;
18/12/2018;15:56:00;455;com vítima;703,5;BR-153/GO;Norte;Colisão Lateral;1;;;1;;;;;;;2;1;;;
18/12/2018;17:33:00;511;com vítima;502,5;BR-153/GO;Sul;Colisão Lateral;1;;;1;;;;;;;1;;1;;
18/12/2018;17:36:00;513;sem vítima;801,2;BR-262/MG;Leste;Colisão Traseira;1;;;;;;;;;1;2;;;;
18/12/2018;18:18:00;539;sem vítima;14,061;BR-153/MG;Norte;Choque - Suporte de Sinalização;1;;;;;;;;;;1;;;;
18/12/2018;18:27:00;544;com vítima;31,5;BR-060/GO;Norte;Colisão Lateral;1;;;1;;;;;;;1;1;;;
18/12/2018;19:45:00;586;sem vítima;496,699;BR-153/GO;Norte;Colisão Lateral;1;;;1;;;;;;;2;;;;
18/12/2018;23:44:00;684;sem vítima;510,6;BR-153/GO;Sul;Colisão Traseira;2;;;;;;;;;;3;;;;
19/12/2018;01:17:00;23;com vítima;122,9;BR-060/GO;Norte;Saida de Pista;1;;;;;;;;;;0;1;;;
19/12/2018;02:39:00;59;sem vítima;40,6;BR-060/GO;Sul;Colisão Traseira;1;;1;;;;;;;;2;;;;
19/12/2018;06:11:00;100;sem vítima;51,5;BR-153/MG;Sul;Choque - Elemento de Drenagem;;;1;;;;;;;;1;;;;
19/12/2018;07:57:00;155;com vítima;368;BR-262/MG;Oeste;Capotamento;;;;;;;;;;1;0;1;1;;
19/12/2018;09:06:00;189;sem vítima;395;BR-262/MG;Oeste;Choque - Defensa, barreira ou "submarino";1;;;;;;;;;;2;;;;
19/12/2018;09:11:00;192;com vítima;507,1;BR-153/GO;Sul;Colisão Traseira;2;;;;;;;;;;1;1;;;
19/12/2018;10:30:00;245;sem vítima;358;BR-262/MG;Oeste;Saida de Pista;1;;;;;;;;;;4;;;;
19/12/2018;10:48:00;258;sem vítima;848;BR-262/MG;Oeste;Choque - Veiculo parado no acostamento;;;2;;;;;;;;2;;;;
19/12/2018;10:56:00;265;com vítima;763;BR-262/MG;Leste;Capotamento;;;;;;;;;;1;0;;;2;
19/12/2018;11:08:00;271;com vítima;536;BR-262/MG;Oeste;Choque - Arvore;1;;;;;;;;;;0;1;;;
19/12/2018;12:02:00;309;sem vítima;535;BR-153/GO;Sul;Capotamento;1;;;;;;;;;;1;;;;
19/12/2018;12:04:00;311;sem vítima;215;BR-153/MG;Sul;Colisão Traseira;1;;1;;;;;;;;2;;;;
19/12/2018;12:48:00;326;sem vítima;496;BR-153/GO;Sul;Colisão Traseira;1;;1;;;;;;;;2;;;;
19/12/2018;17:47:00;474;sem vítima;378;BR-262/MG;Leste;Tombamento;;;1;;;;;;;;1;;;;
19/12/2018;20:56:00;591;sem vítima;109;BR-153/MG;Norte;Colisão Transversal;1;;1;;;;;;;;4;;;;
20/12/2018;01:19:00;21;sem vítima;588,9;BR-153/GO;Norte;Tombamento;;;2;;;1;;;;;3;;;;
20/12/2018;07:31:00;93;com vítima;749;BR-262/MG;Oeste;Colisão Frontal;1;;2;;;;;;;1;3;;1;2;
20/12/2018;08:16:00;120;sem vítima;501,3;BR-153/GO;Norte;Engavetamento;3;;;;;;;;;;6;;;;
20/12/2018;10:11:00;208;com vítima;240;BR-153/MG;Sul;Choque - Arvore;1;;;;;;;;;;0;1;1;;
20/12/2018;11:38:00;264;sem vítima;130;BR-153/MG;Sul;Colisão Lateral;1;;1;;;;;;;;2;;;;
20/12/2018;13:04:00;313;sem vítima;7;BR-153/MG;Norte;Colisão Traseira;1;;1;;;;;;;;2;;;;
20/12/2018;13:14:00;318;sem vítima;25;BR-060/DF;Sul;Capotamento;;;;;;;;;;1;1;;;;
20/12/2018;13:24:00;322;sem vítima;561;BR-262/MG;Leste;Carreta deu L;;;1;;;;;;;;1;;;;
20/12/2018;13:32:00;327;com vítima;92,75;BR-060/GO;Norte;Colisão Transversal;1;;;1;;;;;;;0;1;;;1
20/12/2018;13:43:00;329;sem vítima;49,7;BR-060/GO;Sul;Saida de Pista;1;;;;;;;;;;1;;;;
20/12/2018;15:55:00;395;sem vítima;594;BR-262/MG;Leste;Tombamento;;;1;;;;;;;;1;;;;
20/12/2018;16:03:00;398;com vítima;11;BR-060/GO;Sul;Queda de Moto;;;;1;;;;;;;0;2;;;
20/12/2018;16:33:00;415;com vítima;10,65;BR-060/GO;Norte;Colisão Traseira;1;;1;;;;;;;;1;;1;;
20/12/2018;20:29:00;550;com vítima;362;BR-262/MG;Leste;Tombamento;;;1;;;;;;;;0;1;;;
20/12/2018;20:47:00;560;com vítima;847,668;BR-262/MG;Leste;Capotamento;1;;;;;;;;;;0;;;1;
20/12/2018;20:59:00;567;sem vítima;30;BR-060/GO;Norte;Saida de Pista;;;;;;;;;;1;5;;;;
20/12/2018;22:05:00;586;sem vítima;366;BR-262/MG;Oeste;Colisão Traseira;1;;1;;;;;;;;2;;;;
21/12/2018;01:46:00;32;com vítima;79;BR-060/GO;Norte;Saida de Pista;1;;;;;;;;;;0;2;;;
21/12/2018;06:37:00;80;sem vítima;71;BR-153/MG;Norte;Tombamento;;;1;;;;;;;;1;;;;
21/12/2018;06:52:00;87;sem vítima;16;BR-060/GO;Norte;Queda de Moto;;;;1;;;;;;;1;;;;
21/12/2018;07:16:00;99;sem vítima;444,8;BR-262/MG;Oeste;Queda de Moto;;;;;;;;;;1;1;;;;
21/12/2018;07:38:00;111;sem vítima;121,6;BR-153/MG;Sul;Colisão Traseira;1;;;;;;;;;1;5;;;;
21/12/2018;07:49:00;117;sem vítima;600,8;BR-262/MG;Leste;Colisão Traseira;;;2;;;;;;;;2;;;;
21/12/2018;09:30:00;193;com vítima;112;BR-153/MG;Sul;Colisão Lateral;2;;;;;;;;;;2;3;;;
21/12/2018;09:32:00;196;sem vítima;116;BR-153/MG;Sul;;1;;;;;;;;;;1;;;;
21/12/2018;13:06:00;362;sem vítima;490;BR-153/GO;Norte;Colisão Traseira;;;;1;;;;;;1;2;;;;
21/12/2018;14:22:00;403;sem vítima;496,5;BR-153/GO;Sul;Colisão Lateral;1;;1;;;;;;;;5;;;;
21/12/2018;15:20:00;438;sem vítima;637,6;BR-153/GO;Sul;Saida de Pista;1;;;;;;;;;;4;;;;
21/12/2018;15:41:00;453;sem vítima;659;BR-262/MG;Oeste;Saida de Pista;1;;;;;;;;;;1;;;;
21/12/2018;16:05:00;463;sem vítima;550,001;BR-262/MG;Leste;Engavetamento;2;;1;;;;;;;;4;;;;
21/12/2018;16:19:00;474;sem vítima;376;BR-262/MG;Oeste;Choque - Suporte de Sinalização;1;;;;;;;;;;1;;;;
21/12/2018;16:30:00;479;sem vítima;500,5;BR-153/GO;Sul;Colisão Lateral;1;;1;;;;;;;;2;;;;
21/12/2018;17:41:00;520;com vítima;58;BR-153/MG;Sul;Tombamento;;;1;;;;;;;;1;;1;;
21/12/2018;18:18:00;543;sem vítima;584,001;BR-262/MG;Oeste;Saida de Pista;1;;;;;;;;;;1;;;;
21/12/2018;19:49:00;612;sem vítima;58,799;BR-153/MG;Sul;Colisão Traseira;1;;;;;;;;;1;3;;;;
21/12/2018;20:45:00;647;sem vítima;122,1;BR-153/MG;Sul;Choque - Elemento de Drenagem;1;;;;;;;;;;1;;;;
21/12/2018;23:42:00;736;sem vítima;101,4;BR-060/GO;Sul;Capotamento;;;;;;;;;;1;1;;;;
22/12/2018;03:31:00;68;com vítima;509,3;BR-153/GO;Norte;Queda de Ciclista;;;;1;;;;;;;0;1;;;
22/12/2018;04:43:00;85;sem vítima;95,7;BR-060/GO;Sul;Choque - Elemento de Drenagem;1;;;;;;;;;;5;;;;
22/12/2018;07:21:00;138;sem vítima;530;BR-153/GO;Norte;Colisão Transversal;1;;1;;;;;;;;2;;;;
22/12/2018;08:04:00;157;sem vítima;120,2;BR-153/MG;Norte;Colisão Lateral;2;;2;;;;;;;;4;;;;
22/12/2018;08:57:00;200;com vítima;544;BR-153/GO;Sul;Capotamento;1;;;;;;;;;;0;1;;;
22/12/2018;09:56:00;259;com vítima;72;BR-060/GO;Sul;Capotamento;1;;;;;;;;;;2;2;;;