data;horario;n_da_ocorrencia;tipo_de_ocorrencia;km;trecho;sentido;tipo_de_acidente;automovel;bicicleta;caminhao;moto;onibus;outros;tracao_animal;transporte_de_cargas_especiais;trator_maquinas;utilitarios;ilesos;levemente_feridos;moderadamente_feridos;gravemente_feridos;mortos
22/12/2018;11:04:00;316;sem vítima;618;BR-153/GO;Sul;Capotamento;1;;;;;;;;;;1;;;;
22/12/2018;11:48:00;344;sem vítima;605,2;BR-262/MG;Leste;Colisão Traseira;2;;;;;;;;;;2;;;;
22/12/2018;12:57:00;388;sem vítima;608;BR-262/MG;Leste;Capotamento;1;;;;;;;;;;1;;;;
22/12/2018;13:16:00;398;com vítima;618,9;BR-153/GO;Norte;Tombamento;;;1;;;;;;;;0;1;;1;
22/12/2018;13:22:00;404;sem vítima;400;BR-262/MG;Leste;Colisão Traseira;2;;;;;;;;;;3;;;;
22/12/2018;14:34:00;455;com vítima;381;BR-262/MG;Leste;Capotamento;1;;;;;;;;;;0;2;;;
22/12/2018;14:36:00;458;sem vítima;24;BR-153/MG;Sul;Colisão Lateral;2;;;;;;;;;;6;;;;
22/12/2018;14:43:00;466;com vítima;585;BR-262/MG;Leste;Colisão Transversal;;;1;;;;;;;1;1;;;1;
22/12/2018;15:04:00;481;sem vítima;437;BR-262/MG;Leste;Choque - Defensa, barreira ou "submarino";1;;;;;;;;;;1;;;;
22/12/2018;15:32:00;490;com vítima;23,7;BR-153/MG;Norte;Saida de Pista;1;;;;;;;;;;1;2;1;;
22/12/2018;15:41:00;496;com vítima;501,8;BR-153/GO;Norte;Colisão Traseira;1;;;1;;;;;;;1;1;;;
22/12/2018;16:06:00;507;sem vítima;814;BR-262/MG;Leste;Choque - Defensa, barreira ou "submarino";1;;;;;;;;;;1;;;;
22/12/2018;16:54:00;537;sem vítima;856,3;BR-262/MG;Leste;Saida de Pista;1;;;;;;;;;;2;;;;
22/12/2018;18:04:00;581;sem vítima;4;BR-060/DF;Sul;Engavetamento;3;;;;;;;;;;3;;;;
22/12/2018;18:23:00;594;sem vítima;509;BR-153/GO;Sul;Colisão Lateral;1;;1;;;;;;;;2;;;;
22/12/2018;18:53:00;608;sem vítima;491,8;BR-153/GO;Norte;Tombamento;1;;;;;;;;;;3;;;;
22/12/2018;19:46:00;644;sem vítima;505,1;BR-153/GO;Sul;Colisão Traseira;2;;;;;;;;;;2;;;;
22/12/2018;19:47:00;646;sem vítima;84,4;BR-153/MG;Sul;Tombamento;;;1;;;;;;;;1;;;;
22/12/2018;20:44:00;680;sem vítima;514,899;BR-153/GO;Norte;Colisão Transversal;2;;;;;;;;;;2;;;;
22/12/2018;20:58:00;693;sem vítima;3,001;BR-060/DF;Sul;Queda de Moto;;;;1;;;;;;;1;;;;
22/12/2018;23:18:00;750;sem vítima;702;BR-153/GO;Norte;Choque - Elemento de Drenagem;1;;;;;;;;;;1;;;;
23/12/2018;00:34:00;14;sem vítima;708;BR-262/MG;Oeste;;1;;;;;;;;;;1;;;;
23/12/2018;01:40:00;34;com vítima;31,1;BR-060/GO;Sul;Atropelamento - Ciclista;1;1;;;;;;;;;2;1;;;
23/12/2018;03:00:00;52;sem vítima;444;BR-262/MG;Oeste;Queda de Ciclista;;;;1;;;;;;;2;;;;
23/12/2018;03:24:00;59;com vítima;812;BR-262/MG;Oeste;Choque - Suporte de Sinalização;1;;;;;;;;;;0;1;;;
23/12/2018;04:37:00;75;com vítima;498,7;BR-153/GO;Norte;Queda de Moto;;;;1;;;;;;;1;;1;;
23/12/2018;04:55:00;77;sem vítima;27,8;BR-060/GO;Sul;Saida de Pista;1;;;;;;;;;;1;;;;
23/12/2018;05:25:00;84;sem vítima;206,4;BR-153/MG;Sul;Colisão Lateral;1;;1;;1;;;;;;46;;;;
23/12/2018;06:50:00;110;sem vítima;22;BR-060/DF;Norte;Choque - Outros;1;;;;;;;;;;1;;;;
23/12/2018;06:53:00;113;sem vítima;67,4;BR-153/MG;Sul;Capotamento;1;;;;;;;;;;3;;;;
23/12/2018;07:29:00;119;sem vítima;418;BR-262/MG;Leste;Colisão Traseira;2;;;;;;;;;;2;;;;
23/12/2018;07:35:00;120;sem vítima;514;BR-153/GO;Sul;Colisão Traseira;2;;;;;;;;;;2;;;;
23/12/2018;08:07:00;131;com vítima;380,4;BR-262/MG;Oeste;Queda de Moto;;;;1;;;;;;;0;1;;;
23/12/2018;10:10:00;220;com vítima;17;BR-153/MG;Norte;Capotamento;1;;;;;;;;;;1;4;;;
23/12/2018;10:43:00;241;com vítima;640,899;BR-153/GO;Norte;Choque - Outros;1;;;;;;;;;;2;2;;;
23/12/2018;12:05:00;288;com vítima;2,6;BR-060/DF;Norte;Colisão Traseira;1;;;1;;;;;;;1;1;;;
23/12/2018;15:22:00;388;sem vítima;118;BR-060/GO;Norte;Colisão Lateral;2;;;;;;;;;;2;;;;
23/12/2018;15:24:00;389;sem vítima;12;BR-153/MG;Norte;Capotamento;1;;;;;;;;;;1;;;;
23/12/2018;15:26:00;390;com vítima;101;BR-060/GO;Norte;Colisão Lateral;1;;;1;;;;;;;1;2;;;
23/12/2018;15:52:00;400;sem vítima;92,5;BR-060/GO;Norte;Colisão Traseira;2;;;;;;;;;;2;;;;
23/12/2018;17:38:00;462;sem vítima;183;BR-153/MG;Norte;Colisão Traseira;;;2;;;;;;;;2;;;;
23/12/2018;18:04:00;477;sem vítima;553;BR-262/MG;Oeste;Capotamento;;;;;;;;;;1;4;;;;
23/12/2018;18:46:00;498;sem vítima;748;BR-262/MG;Leste;Saida de Pista;1;;;;;;;;;;1;;;;
23/12/2018;19:54:00;526;com vítima;443;BR-262/MG;Leste;Colisão Traseira;1;;;1;;;;;;;2;;1;;
23/12/2018;21:06:00;547;sem vítima;510;BR-153/GO;Sul;Colisão Traseira;;;;2;;;;;;;3;;;;
23/12/2018;23:46:00;590;sem vítima;506;BR-153/GO;Sul;Saida de Pista;1;;;;;;;;;;2;;;;
24/12/2018;00:58:00;18;sem vítima;506;BR-153/GO;Sul;Saida de Pista;1;;;;;;;;;;1;;;;
24/12/2018;06:17:00;69;sem vítima;540;BR-153/GO;Norte;Saida de Pista;1;;;;;;;;;;1;;;;
24/12/2018;06:42:00;81;sem vítima;594;BR-262/MG;Leste;Saida de Pista;1;;;;;;;;;;1;;;;
24/12/2018;06:44:00;82;sem vítima;453,2;BR-262/MG;Oeste;Saida de Pista;1;;;;;;;;;;1;;;;
24/12/2018;08:21:00;107;sem vítima;55;BR-060/GO;Norte;Choque - Elemento de Drenagem;1;;;;;;;;;;2;;;;
24/12/2018;14:54:00;312;sem vítima;11,4;BR-060/GO;Sul;Colisão Traseira;2;;;;;;;;;;5;;;;
24/12/2018;15:01:00;317;sem vítima;28,5;BR-060/DF;Norte;Saida de Pista;1;;;;;;;;;;2;;;;
24/12/2018;18:34:00;414;sem vítima;873;BR-262/MG;Oeste;Saida de Pista;1;;;;;;;;;;1;;;;
24/12/2018;19:03:00;426;sem vítima;388;BR-262/MG;Leste;;1;;;;;;;;;;1;;;;
24/12/2018;20:36:00;470;com vítima;439,67;BR-262/MG;Oeste;Colisão Traseira;;;1;1;;;;;;;1;1;;;
24/12/2018;21:03:00;485;sem vítima;370,2;BR-262/MG;Leste;Saida de Pista;1;;;;;;;;;;1;;;;
24/12/2018;22:09:00;501;com vítima;137;BR-060/GO;Sul;Atropelamento - Ciclista;1;1;;;;;;;;;1;;1;;
24/12/2018;23:00:00;512;sem vítima;364,4;BR-262/MG;Leste;Saida de Pista;1;;;;;;;;;;1;;;;
24/12/2018;23:23:00;520;sem vítima;88;BR-060/GO;Norte;Choque - Suporte de Sinalização;;;;1;;;;;;;1;;;;
24/12/2018;23:43:00;525;com vítima;815;BR-262/MG;Leste;Choque - Defensa, barreira ou "submarino";1;;;;;;;;;;0;2;;;
25/12/2018;00:49:00;12;sem vítima;45,6;BR-153/MG;Sul;Saida de Pista;1;;;;;;;;;;4;;;;
25/12/2018;06:09:00;46;sem vítima;13,7;BR-060/GO;Norte;Atropelamento de Animal;1;;;;;;;;;;4;;;;
25/12/2018;08:25:00;90;sem vítima;658;BR-262/MG;Oeste;Capotamento;1;;;;;;;;;;2;;;;
25/12/2018;16:05:00;256;sem vítima;607,2;BR-262/MG;Oeste;Capotamento;1;;;;;;;;;;2;;;;
25/12/2018;16:28:00;273;sem vítima;506,25;BR-153/GO;Sul;Colisão Traseira;3;;1;;;;;;;;6;;;;
25/12/2018;16:31:00;277;sem vítima;607;BR-262/MG;Oeste;Capotamento;1;;;;;;;;;;4;;;;
25/12/2018;16:59:00;294;sem vítima;508,5;BR-153/GO;Norte;Colisão Frontal;2;;;;;;;;;;2;;;;
25/12/2018;17:04:00;299;sem vítima;477;BR-262/MG;Oeste;Colisão Transversal;2;;;;;;;;;;6;;;;
25/12/2018;17:05:00;300;sem vítima;537;BR-153/GO;Sul;Capotamento;1;;;;;;;;;;3;;;;
25/12/2018;17:18:00;312;sem vítima;5,1;BR-153/MG;Sul;Saida de Pista;;;;;;;;;;1;2;;;;
25/12/2018;17:25:00;316;sem vítima;701;BR-153/GO;Sul;;;;;;;;;;;1;1;;;;
25/12/2018;17:26:00;317;sem vítima;582;BR-262/MG;Oeste;Choque - Elemento de Drenagem;;;1;;;;;;;;1;;;;
25/12/2018;17:33:00;328;com vítima;42,2;BR-153/MG;Norte;Capotamento;1;;;;;;;;;;0;2;1;1;
25/12/2018;18:28:00;360;sem vítima;575,4;BR-153/GO;Norte;Capotamento;1;;;;;;;;;;3;;;;
25/12/2018;19:29:00;397;sem vítima;507,1;BR-153/GO;Norte;Tombamento;1;;;;;;;;;;1;;;;
25/12/2018;21:00:00;453;sem vítima;443,367;BR-262/MG;Oeste;Capotamento;;;1;;;;;;;;1;;;;
25/12/2018;22:23:00;475;com vítima;513,001;BR-153/GO;Sul;Choque - Suporte de Sinalização;;;;;;1;;;;;1;;1;;
25/12/2018;23:28:00;508;sem vítima;478,17;BR-262/MG;Oeste;Colisão Lateral;;;2;;;;;;;;2;;;;
25/12/2018;23:40:00;514;com vítima;494,6;BR-153/GO;Sul;Atropelamento - Andarilho;;;1;;;;;;;1;2;;;;1
26/12/2018;06:11:00;62;com vítima;512;BR-153/GO;Sul;Choque - Poste;1;;;;;;;;;;1;;;1;
26/12/2018;06:25:00;66;sem vítima;386,072;BR-262/MG;Leste;Capotamento;1;;;;;;;;;;1;;;;
26/12/2018;06:39:00;69;sem vítima;494,8;BR-153/GO;Norte;Colisão Lateral;1;;1;;;;;;;;2;;;;
26/12/2018;08:09:00;96;com vítima;130,099;BR-153/MG;Sul;Colisão Traseira;2;;;;;;;;;;5;1;;;
26/12/2018;08:29:00;108;com vítima;827;BR-262/MG;Oeste;Queda de Ciclista;;1;;;;;;;;;0;1;;;
26/12/2018;08:55:00;127;com vítima;656;BR-262/MG;Leste;Saida de Pista;1;;;;;;;;;;3;1;;;
26/12/2018;09:45:00;162;sem vítima;101;BR-060/GO;Norte;Colisão Lateral;1;;1;;;;;;;;2;;;;
26/12/2018;10:30:00;194;sem vítima;11;BR-153/MG;Norte;Saida de Pista;;;;;;;;;;1;1;;;;
26/12/2018;11:49:00;254;com vítima;75,6;BR-060/GO;Sul;Queda de Moto;;;;1;;;;;;;0;1;;;
26/12/2018;12:12:00;265;sem vítima;479;BR-262/MG;Leste;Engavetamento;3;;;;;;;;;;3;;;;
26/12/2018;12:21:00;268;com vítima;110,5;BR-060/GO;Sul;Capotamento;1;;;;;;;;;;0;1;;;
26/12/2018;15:31:00;342;sem vítima;595;BR-153/GO;Norte;Saida de Pista;1;;;;;;;;;;1;;;;
26/12/2018;16:06:00;355;sem vítima;31;BR-060/DF;Norte;Colisão Traseira;1;;1;;;;;;;;2;;;;
26/12/2018;16:29:00;364;com vítima;628;BR-153/GO;Sul;Capotamento;1;;;;;;;;;;0;2;;1;
26/12/2018;17:43:00;413;sem vítima;129;BR-153/MG;Norte;Colisão Traseira;;;2;;;;;;;;3;;;;
26/12/2018;18:51:00;458;sem vítima;509,899;BR-153/GO;Sul;Queda de Moto;;;;1;;;;;;;1;;;;
26/12/2018;19:43:00;485;sem vítima;371,2;BR-262/MG;Leste;Saida de Pista;1;;;;;;;;;;1;;;;
27/12/2018;03:34:00;50;com vítima;526,567;BR-262/MG;Leste;Colisão Lateral;;;2;;;;;;;;2;;1;;
27/12/2018;06:05:00;71;sem vítima;667;BR-262/MG;Leste;Choque - Talude;1;;;;;;;;;;2;;;;
27/12/2018;06:18:00;74;sem vítima;25,9;BR-153/MG;Sul;Saida de Pista;1;;;;;;;;;;1;;;;
27/12/2018;06:59:00;80;com vítima;594;BR-262/MG;Leste;Capotamento;1;;;;;;;;;;2;2;;;
27/12/2018;07:05:00;81;sem vítima;587;BR-262/MG;Leste;Capotamento;1;;;;;;;;;;5;;;;
27/12/2018;07:51:00;95;sem vítima;586;BR-262/MG;Oeste;Colisão Lateral;1;;1;;;;;;;;2;;;;
27/12/2018;08:22:00;116;sem vítima;611;BR-262/MG;Oeste;Choque - Talude;1;;;;;;;;;;3;;;;
27/12/2018;10:39:00;202;sem vítima;640;BR-153/GO;Norte;Tombamento;;;1;;;;;;;;1;;;;
27/12/2018;10:55:00;213;com vítima;472,5;BR-262/MG;Oeste;Colisão Frontal;1;;1;;;;;;;;0;1;;;1
27/12/2018;11:22:00;229;sem vítima;594;BR-262/MG;Leste;Saida de Pista;;;1;;;;;;;;1;;;;
27/12/2018;11:22:00;230;com vítima;542;BR-153/GO;Norte;Queda de Moto;;;;1;;;;;;;1;1;;;
27/12/2018;12:36:00;263;sem vítima;584;BR-262/MG;Leste;Saida de Pista;1;;;;;;;;;;1;;;;
27/12/2018;12:54:00;272;com vítima;611,3;BR-262/MG;Leste;Capotamento;;;;;;;;;;1;1;1;;;
27/12/2018;13:03:00;278;com vítima;397,1;BR-262/MG;Leste;Tombamento;;;;;;;;;;1;1;1;;;
27/12/2018;13:56:00;293;sem vítima;387;BR-262/MG;Leste;Saida de Pista;1;;;;;;;;;;1;;;;
27/12/2018;14:24:00;305;com vítima;585;BR-262/MG;Oeste;Capotamento;;;;;;;;;;1;0;;2;;
27/12/2018;14:45:00;315;com vítima;446;BR-262/MG;Oeste;Queda de Moto;;;;1;;;;;;;0;2;;;
27/12/2018;14:49:00;318;sem vítima;482;BR-262/MG;Leste;Choque - Suporte de Sinalização;;;1;;;;;;;;1;;;;
27/12/2018;14:53:00;321;sem vítima;585;BR-262/MG;Leste;Choque - Talude;1;;;;;;;;;;1;;;;
27/12/2018;15:00:00;324;com vítima;413;BR-262/MG;Leste;Choque - Talude;1;;;;;;;;;;2;1;;;
27/12/2018;15:06:00;328;sem vítima;130;BR-153/MG;Norte;Saida de Pista;;;;;;;;;;1;2;;;;
27/12/2018;15:09:00;330;sem vítima;470;BR-262/MG;Oeste;Choque - Arvore;;;;;;;;;;1;1;;;;
27/12/2018;17:03:00;379;sem vítima;380;BR-262/MG;Leste;Choque - Elemento de Drenagem;1;;;;;;;;;;1;;;;
27/12/2018;17:16:00;386;sem vítima;380;BR-262/MG;Oeste;Choque - Elemento de Drenagem;1;;;;;;;;;;2;;;;
27/12/2018;17:27:00;391;sem vítima;398;BR-262/MG;Oeste;Colisão Lateral;;;1;;1;;;;;;2;;;;
27/12/2018;19:49:00;461;sem vítima;75;BR-060/GO;Norte;Capotamento;1;;;;;;;;;;1;;;;
27/12/2018;20:52:00;481;sem vítima;442;BR-262/MG;Leste;Queda de Moto;;;;1;;;;;;;1;;;;
27/12/2018;22:44:00;511;sem vítima;424;BR-262/MG;Oeste;Tombamento;;;1;;;;;;;;1;;;;
28/12/2018;00:54:00;8;sem vítima;506,399;BR-153/GO;Sul;Saida de Pista;1;;;;;;;;;;1;;;;
28/12/2018;00:58:00;10;com vítima;128,1;BR-060/GO;Norte;Capotamento;1;;;;;;;;;;0;2;;;
28/12/2018;05:21:00;37;sem vítima;56,7;BR-060/GO;Norte;Saida de Pista;1;;;;;;;;;;5;;;;
28/12/2018;07:30:00;67;sem vítima;29,199;BR-060/DF;Norte;Choque - Talude;1;;;;;;;;;;1;;;;
28/12/2018;08:16:00;92;sem vítima;508;BR-153/GO;Norte;Engavetamento;3;;;;;;;;;;3;;;;
28/12/2018;08:42:00;108;sem vítima;66;BR-060/GO;Sul;;1;;;;;;;;;;1;;;;
28/12/2018;08:42:00;109;com vítima;81,358;BR-060/GO;Sul;Saida de Pista;1;;;;;;;;;;0;2;2;;
28/12/2018;08:55:00;117;sem vítima;379;BR-262/MG;Leste;Saida de Pista;1;;;;;;;;;;1;;;;
28/12/2018;09:18:00;143;com vítima;149,8;BR-153/MG;Sul;Capotamento;1;;;;;;;;;;2;2;;;
28/12/2018;12:05:00;248;sem vítima;105;BR-060/GO;Sul;Choque - Elemento de Drenagem;1;;;;;;;;;;1;;;;
28/12/2018;12:30:00;258;sem vítima;504,3;BR-153/GO;Sul;Colisão Lateral;1;;1;;;;;;;;6;;;;
28/12/2018;15:54:00;353;com vítima;502,75;BR-153/GO;Sul;Choque - Outros;;;1;;;;;;;;1;1;;;
28/12/2018;17:09:00;376;sem vítima;438;BR-262/MG;Oeste;Saida de Pista;1;;;;;;;;;;1;;;;
28/12/2018;17:13:00;377;sem vítima;594;BR-262/MG;Leste;Colisão Traseira;2;;;;;;;;;;4;;;;
28/12/2018;17:32:00;383;sem vítima;360;BR-262/MG;Oeste;Colisão Traseira;2;;;;;;;;;;6;;;;
28/12/2018;18:39:00;422;sem vítima;594;BR-262/MG;Leste;Saida de Pista;;;;;;;;;;1;1;;;;
28/12/2018;19:23:00;445;sem vítima;589;BR-262/MG;Oeste;Tombamento;;;1;;;;;;;;1;;;;
28/12/2018;22:04:00;516;com vítima;242,5;BR-153/MG;Sul;Queda de Moto;;;;1;;;;;;;0;1;;;
29/12/2018;05:20:00;48;com vítima;35,6;BR-060/GO;Sul;Saida de Pista;1;;;;;;;;;;0;1;;;
29/12/2018;12:41:00;244;sem vítima;480;BR-262/MG;Leste;Engavetamento;4;;;;;;;;;;7;;;;
29/12/2018;13:43:00;271;sem vítima;38,3;BR-153/MG;Norte;Capotamento;;;;;;;;;;1;4;;;;
29/12/2018;13:48:00;273;sem vítima;38;BR-153/MG;Norte;Choque - Veiculo parado no acostamento;;;;1;;;;;;;1;;;;
29/12/2018;14:55:00;300;sem vítima;58;BR-153/MG;Norte;Colisão Traseira;2;;;;;;;;;;3;;;;
29/12/2018;15:33:00;314;com vítima;498,5;BR-153/GO;Sul;Queda de Moto;;;;1;;;;;;;1;1;;;
29/12/2018;15:39:00;319;sem vítima;21;BR-060/GO;Norte;Capotamento;1;;;;;;;;;;1;;;;
29/12/2018;13:51:00;335;com vítima;38;BR-153/MG;Norte;Atropelamento - Usuário;;;;;;;;;;;0;;;1;
29/12/2018;16:34:00;343;com vítima;584;BR-262/MG;Leste;Capotamento;1;;;;;;;;;;0;2;1;;1
29/12/2018;18:49:00;409;sem vítima;385,968;BR-262/MG;Oeste;Capotamento;1;;;;;;;;;;5;;;;
30/12/2018;03:40:00;40;com vítima;355,567;BR-262/MG;Oeste;Atropelamento - Andarilho;1;;;;;;;;;;1;;1;;
30/12/2018;03:45:00;42;sem vítima;767,05;BR-262/MG;Oeste;Saida de Pista;;;;;1;;;;;;1;;;;
30/12/2018;03:54:00;46;sem vítima;496,9;BR-153/GO;Norte;Choque - Arvore;1;;;;;;;;;;1;;;;
30/12/2018;06:09:00;60;sem vítima;409;BR-262/MG;Leste;Capotamento;1;;;;;;;;;;1;;;;
30/12/2018;06:38:00;65;com vítima;774;BR-262/MG;Leste;Choque - Arvore;1;;;;;;;;;;0;1;;;
30/12/2018;06:56:00;67;sem vítima;503,8;BR-153/GO;Sul;Colisão Lateral;1;;1;;;;;;;;2;;;;
30/12/2018;07:14:00;72;sem vítima;13,5;BR-153/MG;Sul;Tombamento;;;;;;;;;;1;2;;;;
30/12/2018;10:45:00;161;com vítima;510;BR-153/GO;Sul;Queda de Moto;;;;1;;;;;;;0;2;;;
30/12/2018;12:06:00;202;com vítima;42,9;BR-060/GO;Norte;Queda de Moto;;;;1;;;;;;;0;;1;;
30/12/2018;22:21:00;415;sem vítima;513,001;BR-153/GO;Sul;Colisão Lateral;1;;;;1;;;;;;2;;;;
30/12/2018;23:44:00;439;sem vítima;539,8;BR-262/MG;Oeste;Choque - Elemento de Drenagem;1;;;;;;;;;;2;;;;
31/12/2018;00:32:00;8;com vítima;356;BR-262/MG;Oeste;Atropelamento - Usuário;1;;;;;;;;;;1;1;;;
31/12/2018;04:53:00;46;com vítima;625,068;BR-262/MG;Oeste;Choque - Arvore;1;;;;;;;;;;0;1;;;
31/12/2018;12:55:00;284;sem vítima;534;BR-262/MG;Oeste;Choque - Elemento de Drenagem;1;;;;;;;;;;4;;;;
31/12/2018;17:30:00;408;com vítima;497;BR-153/GO;Norte;Engavetamento;4;;;;;;;;;;4;2;;;
31/12/2018;19:06:00;452;sem vítima;31;BR-060/GO;Sul;Colisão Traseira;2;;;;;;;;;;8;;;;
31/12/2018;23:10:00;518;com vítima;430;BR-262/MG;Oeste;Choque - Defensa, barreira ou "submarino";1;;;;;;;;;;0;1;;;
01/01/2019;02:58:00;15;sem vítima;514,9;BR-262/MG;Oeste;Saida de Pista;1;;;;;;;;;;1;;;;
01/01/2019;06:11:00;31;com vítima;412,5;BR-262/MG;Leste;Capotamento;1;;;;;;;;;;0;2;;;
01/01/2019;09:41:00;126;sem vítima;432;BR-262/MG;Leste;Choque - Defensa, barreira ou "submarino";1;;;;;;;;;;1;;;;
01/01/2019;11:13:00;186;sem vítima;522;BR-262/MG;Oeste;Saida de Pista;;;1;;;;;;;;1;;;;
01/01/2019;11:56:00;197;sem vítima;624,7;BR-262/MG;Leste;Choque - Talude;;;;;;;;;;1;1;;;;
01/01/2019;12:28:00;209;sem vítima;380;BR-262/MG;Oeste;Capotamento;;;;;;;;;;1;4;;;;
01/01/2019;13:00:00;220;sem vítima;388,5;BR-262/MG;Leste;Saida de Pista;1;;;;;;;;;;1;;;;
01/01/2019;13:15:00;226;sem vítima;608;BR-262/MG;Leste;Tombamento;;;1;;;;;;;;1;;;;
01/01/2019;20:08:00;380;sem vítima;559;BR-153/GO;Norte;Saida de Pista;;;;1;;;;;;;2;;;;
01/01/2019;21:23:00;411;com vítima;448;BR-262/MG;Leste;Atropelamento de Animal;1;;;;;;;;;;1;2;;;
01/01/2019;21:43:00;417;com vítima;106,099;BR-153/MG;Norte;Choque - Arvore;1;;;;;;;;;;2;2;;;
01/01/2019;22:11:00;424;com vítima;366;BR-262/MG;Oeste;Queda de Moto;;;;1;;;;;;;0;;1;;
01/01/2019;23:31:00;443;com vítima;497;BR-153/GO;Sul;Queda de Moto;;;;1;;;;;;;0;1;;;
02/01/2019;07:13:00;55;sem vítima;564;BR-153/GO;Norte;Choque - Elemento de Drenagem;1;;;;;;;;;;1;;;;
02/01/2019;12:12:00;224;sem vítima;499,9;BR-153/GO;Sul;Colisão Traseira;1;;;;;1;;;;;2;;;;
02/01/2019;14:08:00;268;sem vítima;102;BR-060/GO;Sul;Colisão Traseira;1;;;;;;;;;;1;;;;
02/01/2019;14:47:00;280;sem vítima;502,8;BR-153/GO;Sul;Colisão Lateral;;;1;;1;;;;;;2;;;;
02/01/2019;15:46:00;310;sem vítima;69;BR-060/GO;Sul;Atropelamento de Animal;1;;;;;;;;;;1;;;;
02/01/2019;15:51:00;314;sem vítima;640,5;BR-153/GO;Sul;Saida de Pista;1;;;;;;;;;;3;;;;
02/01/2019;16:16:00;333;sem vítima;102,2;BR-060/GO;Norte;Choque - Elemento de Drenagem;;;1;;;;;;;;1;;;;
03/01/2019;06:35:00;64;com vítima;514;BR-153/GO;Norte;Colisão Lateral;;;;1;1;;;;;;1;1;;;
03/01/2019;09:13:00;153;sem vítima;554,8;BR-262/MG;Oeste;Engavetamento;3;;;;;;;;;;9;;;;
03/01/2019;12:39:00;264;sem vítima;583;BR-262/MG;Oeste;Capotamento;1;;;;;;;;;;4;;;;
03/01/2019;13:22:00;285;sem vítima;439;BR-262/MG;Leste;Colisão Traseira;2;;;;;;;;;;4;;;;
03/01/2019;13:59:00;300;com vítima;819,5;BR-262/MG;Leste;Capotamento;;;;;;;;;;1;0;1;;;
03/01/2019;14:01:00;301;com vítima;88,9;BR-153/MG;Sul;Capotamento;1;;;;;;;;;;0;2;1;;
03/01/2019;14:37:00;319;sem vítima;113;BR-153/MG;Sul;Capotamento;;;;;;;;;;1;2;;;;
03/01/2019;15:50:00;367;com vítima;30;BR-153/MG;Norte;Capotamento;1;;;;;;;;;;0;1;;;
03/01/2019;17:07:00;408;sem vítima;750,7;BR-262/MG;Oeste;Saida de Pista;1;;1;;;;;;;;2;;;;
03/01/2019;21:13:00;526;sem vítima;505,468;BR-262/MG;Oeste;Colisão Traseira;1;;1;;;;;;;;2;;;;
03/01/2019;21:24:00;529;sem vítima;118,001;BR-060/GO;Sul;Colisão Lateral;1;;1;;;;;;;;3;;;;
04/01/2019;00:26:00;13;com vítima;4,5;BR-060/DF;Norte;Queda de Moto;;;;1;;;;;;;0;1;;;
04/01/2019;04:38:00;65;sem vítima;359,57;BR-262/MG;Oeste;Saida de Pista;1;;;;;;;;;;1;;;;
04/01/2019;05:50:00;75;sem vítima;693,99;BR-262/MG;Leste;Colisão Transversal;;;1;;;;;;;1;4;;;;
04/01/2019;06:51:00;91;sem vítima;595,4;BR-262/MG;Leste;Tombamento;;;1;;;;;;;;1;;;;
04/01/2019;10:11:00;190;sem vítima;440,5;BR-262/MG;Oeste;Saida de Pista;;;;;;;;;;1;1;;;;
04/01/2019;10:11:00;191;sem vítima;477,17;BR-262/MG;Leste;Colisão Lateral;1;;;1;;;;;;;4;;;;
04/01/2019;14:22:00;311;sem vítima;778,3;BR-262/MG;Leste;Colisão Traseira;1;;1;;;;;;;;2;;;;
04/01/2019;14:39:00;319;com vítima;106;BR-060/GO;Norte;Queda de Moto;;;;1;;;;;;;0;1;;;
04/01/2019;16:51:00;377;com vítima;510;BR-153/GO;Sul;Colisão Traseira;;1;1;;;;;;;;1;1;;;
04/01/2019;19:03:00;440;sem vítima;530,799;BR-153/GO;Sul;Choque - Suporte de Sinalização;1;;;;;;;;;;1;;;;
04/01/2019;23:22:00;526;sem vítima;78,299;BR-060/GO;Norte;Engavetamento;;;3;;;;;;;;3;;;;
05/01/2019;00:12:00;3;com vítima;78,5;BR-060/GO;Norte;Choque - Defensa, barreira ou "submarino";1;;;;;;;;;;0;1;;;
05/01/2019;05:30:00;47;sem vítima;360,468;BR-262/MG;Leste;Choque - Suporte de Sinalização;1;;;;;;;;;;2;;;;
05/01/2019;08:54:00;101;sem vítima;20;BR-153/MG;Norte;Tombamento;;;1;;;;;;;;1;;;;
05/01/2019;10:55:00;181;sem vítima;155,7;BR-153/MG;Sul;Choque - Arvore;;;1;;;;;;;;1;;;;
05/01/2019;11:01:00;184;sem vítima;23;BR-060/DF;Norte;Colisão Traseira;1;;;;;;;;;1;4;;;;
05/01/2019;11:16:00;192;sem vítima;608,7;BR-262/MG;Leste;Tombamento;1;;;;;;;;;;1;;;;
05/01/2019;11:27:00;198;sem vítima;507,6;BR-153/GO;Norte;Colisão Traseira;2;;;;;;;;;;2;;;;
05/01/2019;11:38:00;210;com vítima;401,27;BR-262/MG;Leste;Queda de Moto;;;;1;;;;;;;0;1;;;
05/01/2019;12:06:00;228;sem vítima;436,57;BR-262/MG;Leste;Colisão Traseira;2;;;;;;;;;;2;;;;
05/01/2019;12:13:00;231;sem vítima;164,5;BR-153/MG;Norte;Saida de Pista;1;;;;;;;;;;1;;;;
05/01/2019;13:17:00;256;com vítima;165,2;BR-153/MG;Norte;Choque - Arvore;1;;;;;;;;;;2;;1;;
05/01/2019;14:14:00;272;sem vítima;150,2;BR-153/MG;Norte;Choque - Arvore;1;;;;;;;;;;3;;;;
05/01/2019;14:49:00;286;sem vítima;403;BR-262/MG;Leste;Colisão Lateral;1;;1;;;;;;;;2;;;;
05/01/2019;21:13:00;419;sem vítima;506;BR-153/GO;Sul;Choque - Suporte de Sinalização;1;;;;;;;;;;1;;;;