data;horario;n_da_ocorrencia;tipo_de_ocorrencia;km;trecho;sentido;tipo_de_acidente;automovel;bicicleta;caminhao;moto;onibus;outros;tracao_animal;transporte_de_cargas_especiais;trator_maquinas;utilitarios;ilesos;levemente_feridos;moderadamente_feridos;gravemente_feridos;mortos
06/01/2019;06:25:00;38;com vítima;812;BR-262/MG;Oeste;Capotamento;;;;;;;;;;1;0;1;;;
06/01/2019;08:06:00;66;sem vítima;84;BR-060/GO;Sul;Choque - Suporte de Sinalização;1;;;;;;;;;;1;;;;
06/01/2019;10:39:00;122;sem vítima;123,9;BR-153/MG;Sul;Colisão Traseira;2;;;;;;;;;;7;;;;
06/01/2019;13:39:00;183;com vítima;147,8;BR-153/MG;Sul;Colisão Transversal;1;;1;;;;;;;;3;;1;1;1
06/01/2019;17:01:00;260;sem vítima;546;BR-153/GO;Norte;Choque - Arvore;1;;;;;;;;;;2;;;;
06/01/2019;17:34:00;279;sem vítima;485,5;BR-262/MG;Oeste;Colisão Lateral;1;;1;;;;;;;;4;;;;
06/01/2019;21:52:00;402;com vítima;27;BR-060/GO;Sul;Saida de Pista;1;;;;;;;;;;0;1;;;
07/01/2019;00:26:00;5;sem vítima;507;BR-153/GO;Sul;Choque - Suporte de Sinalização;;;;1;;;;;;;1;;;;
07/01/2019;04:31:00;52;sem vítima;28;BR-060/GO;Norte;Saida de Pista;2;;;;;;;;;;4;;;;
07/01/2019;05:51:00;67;com vítima;114,2;BR-060/GO;Sul;Choque - Veiculo parado no acostamento;1;;1;;1;;;;;;14;4;;;
07/01/2019;07:53:00;108;sem vítima;113,25;BR-153/MG;Norte;Colisão Traseira;1;;;;;;;;;;1;;;;
07/01/2019;10:03:00;194;sem vítima;792,264;BR-262/MG;Leste;Saida de Pista;;;;;;;;;;1;1;;;;
07/01/2019;10:16:00;198;sem vítima;573;BR-262/MG;Oeste;Colisão Traseira;2;;;;;;;;;;2;;;;
07/01/2019;10:57:00;226;com vítima;18,7;BR-060/GO;Sul;Capotamento;1;;;;;;;;;;2;1;1;;
07/01/2019;18:03:00;441;sem vítima;498,1;BR-153/GO;Norte;Engavetamento;2;;1;;;;;;;;3;;;;
07/01/2019;18:26:00;452;sem vítima;500,5;BR-153/GO;Sul;Colisão Traseira;2;;;;;;;;;;2;;;;
07/01/2019;19:45:00;500;sem vítima;0,8;BR-153/MG;Norte;Colisão Traseira;2;;;;;;;;;;2;;;;
08/01/2019;03:39:00;37;sem vítima;13,9;BR-153/MG;Sul;Choque - Defensa, barreira ou "submarino";;;1;;;;;;;;1;;;;
08/01/2019;07:52:00;100;sem vítima;100,099;BR-060/GO;Sul;Tombamento;;;1;;;;;;;;1;;;;
08/01/2019;18:07:00;453;sem vítima;188;BR-153/MG;Norte;Choque - Talude;;;1;;;;;;;;1;;;;
08/01/2019;18:09:00;456;com vítima;507;BR-153/GO;Norte;Queda de Ciclista;;;;1;;;;;;;0;1;;;
08/01/2019;18:26:00;463;sem vítima;803;BR-262/MG;Oeste;Colisão Traseira;2;;;;;1;;;;;4;;;;
08/01/2019;21:23:00;546;sem vítima;499;BR-262/MG;Leste;;;;1;;;;;;;;1;;;;
08/01/2019;21:37:00;554;sem vítima;524;BR-262/MG;Oeste;Choque - Arvore;1;;;;;;;;;;2;;;;
08/01/2019;21:42:00;557;sem vítima;497;BR-262/MG;Leste;Choque - Arvore;1;;;;;;;;;;3;;;;
09/01/2019;04:01:00;46;sem vítima;138;BR-060/GO;Sul;Choque - Defensa, barreira ou "submarino";;;1;;;;;;;;2;;;;
09/01/2019;04:29:00;51;sem vítima;443;BR-262/MG;Leste;Saida de Pista;1;;;;;;;;;;1;;;;
09/01/2019;06:14:00;67;sem vítima;508;BR-153/GO;Norte;Colisão Lateral;2;;;;;;;;;;2;;;;
09/01/2019;07:46:00;105;com vítima;506;BR-153/GO;Norte;Engavetamento;1;;;2;;;;;;;2;1;1;;
09/01/2019;13:47:00;319;sem vítima;539;BR-153/GO;Sul;Saida de Pista;1;;;;;;;;;;1;;;;
09/01/2019;14:24:00;328;sem vítima;29,6;BR-060/DF;Sul;Choque - Elemento de Drenagem;1;;;;;;;;;;1;;;;
09/01/2019;15:52:00;366;com vítima;29,5;BR-060/DF;Norte;Capotamento;1;;;;;;;;;;1;;1;;
09/01/2019;16:39:00;387;sem vítima;107;BR-060/GO;Norte;Colisão Lateral;1;;1;;;;;;;;2;;;;
09/01/2019;16:42:00;390;sem vítima;506;BR-153/GO;Sul;Queda de Moto;;;;1;;;;;;;1;;;;
09/01/2019;17:07:00;403;com vítima;6;BR-060/GO;Sul;Atropelamento - Ciclista;1;1;;;;;;;;;4;1;;;
09/01/2019;18:33:00;427;sem vítima;504;BR-153/GO;Norte;Colisão Traseira;2;;;;;;;;;;2;;;;
10/01/2019;00:38:00;3;sem vítima;768;BR-262/MG;Leste;Choque - Suporte de Sinalização;;;;;;;;;;1;1;;;;
10/01/2019;05:28:00;43;sem vítima;12;BR-153/MG;Norte;Capotamento;;;;;;;;;;1;4;;;;
10/01/2019;10:09:00;163;com vítima;511,5;BR-153/GO;Sul;Colisão Lateral;1;;;1;;;;;;;1;1;;;
10/01/2019;10:56:00;191;com vítima;579,2;BR-262/MG;Oeste;Colisão Transversal;1;;1;;;;;;;;1;1;;;
10/01/2019;11:08:00;196;sem vítima;498,5;BR-153/GO;Norte;Colisão Lateral;1;;;;;;;;;1;2;;;;
10/01/2019;12:25:00;230;sem vítima;225;BR-153/MG;Sul;Choque - Veiculo parado na pista;1;;1;;;;;;;;2;;;;
10/01/2019;18:25:00;408;sem vítima;60,299;BR-060/GO;Sul;Colisão Lateral;2;;;;;;;;;;2;;;;
10/01/2019;23:14:00;546;com vítima;97,9;BR-153/MG;Sul;Colisão Frontal;;;4;;;;;;;;1;;1;1;1
11/01/2019;06:56:00;84;sem vítima;97;BR-153/MG;Norte;Capotamento;;;1;;;;;;;;2;;;;
11/01/2019;07:11:00;89;sem vítima;552,4;BR-262/MG;Leste;Tombamento;;;1;;;;;;;;1;;;;
11/01/2019;11:40:00;245;com vítima;774,567;BR-262/MG;Leste;Capotamento;;;1;;;;;;;;1;1;;;
11/01/2019;11:43:00;248;sem vítima;49,7;BR-153/MG;Sul;Capotamento;;;1;;;;;;;;1;;;;
11/01/2019;13:22:00;287;com vítima;513;BR-262/MG;Oeste;Choque - Arvore;;;;;;;;;;1;2;2;1;;
11/01/2019;15:09:00;335;sem vítima;591;BR-153/GO;Norte;Choque - Outros;;;;;;;;;;1;1;;;;
11/01/2019;15:19:00;342;com vítima;30,3;BR-153/MG;Norte;Capotamento;1;;;;;;;;;;0;;1;;
11/01/2019;15:35:00;351;sem vítima;19;BR-060/GO;Sul;Colisão Traseira;1;;;;;;;;;1;2;;;;
11/01/2019;17:52:00;425;sem vítima;118,4;BR-060/GO;Sul;Colisão Lateral;2;;;;;;;;;;2;;;;
11/01/2019;19:12:00;469;sem vítima;12,001;BR-060/GO;Sul;Colisão Lateral;2;;;;;;;;;;3;;;;
11/01/2019;21:46:00;549;sem vítima;390;BR-262/MG;Oeste;Capotamento;1;;;;;;;;;;3;;;;
12/01/2019;00:53:00;18;sem vítima;518;BR-153/GO;Sul;Atropelamento de Animal;1;;;;;;;;;;1;;;;
12/01/2019;05:35:00;67;com vítima;802,5;BR-262/MG;Oeste;Capotamento;1;;;;;;;;;;1;;;1;
12/01/2019;06:02:00;71;sem vítima;505;BR-153/GO;Sul;Queda de Moto;;;;1;;;;;;;1;;;;
12/01/2019;06:15:00;74;sem vítima;371,971;BR-262/MG;Oeste;Colisão Transversal;;;2;;;;;;;;2;;;;
12/01/2019;11:01:00;218;sem vítima;18,6;BR-060/GO;Sul;Capotamento;1;;;;;;;;;;1;;;;
12/01/2019;11:48:00;237;com vítima;360,25;BR-262/MG;Oeste;Capotamento;1;;;;;;;;;;2;;1;;
12/01/2019;12:19:00;248;com vítima;27,6;BR-153/MG;Sul;Choque - Elemento de Drenagem;1;;;;;;;;;;4;1;;;
12/01/2019;13:21:00;276;sem vítima;359,5;BR-262/MG;Oeste;Colisão Lateral;1;;1;;;;;;;;2;;;;
12/01/2019;16:52:00;386;sem vítima;114;BR-060/GO;Norte;Capotamento;1;;;;;;;;;;1;;;;
12/01/2019;17:20:00;396;com vítima;435,9;BR-262/MG;Leste;Queda de Moto;;;;1;;;;;;;0;1;1;;
12/01/2019;18:07:00;418;sem vítima;508;BR-153/GO;Sul;Choque - Talude;;;1;;;;;;;;1;;;;
12/01/2019;18:18:00;428;sem vítima;511;BR-153/GO;Sul;Colisão Traseira;1;;1;;;;;;;;3;;;;
12/01/2019;20:31:00;485;com vítima;61,3;BR-060/GO;Norte;Queda de Moto;;;;1;;;;;;;0;1;;;
12/01/2019;21:03:00;493;sem vítima;90;BR-060/GO;Sul;Colisão Traseira;1;;1;;;;;;;;2;;;;
12/01/2019;22:02:00;515;com vítima;513;BR-153/GO;Sul;Queda de Moto;;;;1;;;;;;;0;;;1;
12/01/2019;22:11:00;517;sem vítima;121,7;BR-153/MG;Norte;Colisão Traseira;1;;;;;1;;;;;4;;;;
13/01/2019;00:19:00;8;com vítima;136;BR-060/GO;Sul;Choque - Elemento de Drenagem;1;;;;;;;;;;0;3;;;
13/01/2019;05:25:00;51;sem vítima;468;BR-262/MG;Oeste;Saida de Pista;1;;;;;;;;;;1;;;;
13/01/2019;09:09:00;130;sem vítima;44,7;BR-153/MG;Norte;Colisão Lateral;1;;1;;;;;;;;3;;;;
13/01/2019;09:28:00;142;sem vítima;557,7;BR-262/MG;Leste;Tombamento;;;1;;;;;;;;1;;;;
13/01/2019;11:10:00;191;com vítima;499,3;BR-153/GO;Sul;Queda de Moto;;;;1;;;;;;;0;2;;;
13/01/2019;12:25:00;217;com vítima;761,5;BR-262/MG;Leste;Capotamento;1;;;;;;;;;;1;;2;1;
13/01/2019;15:20:00;288;com vítima;3,8;BR-060/DF;Sul;Colisão Lateral;1;;;1;;;;;;;1;1;;;
13/01/2019;18:34:00;373;sem vítima;557;BR-153/GO;Sul;Capotamento;1;;;;;;;;;;3;;;;
14/01/2019;06:25:00;45;sem vítima;665,5;BR-262/MG;Oeste;Atropelamento de Animal;1;;;;;;;;;;1;;;;
14/01/2019;12:52:00;257;sem vítima;490;BR-153/GO;Norte;Saida de Pista;;;1;;;;;;;;1;;;;
14/01/2019;13:45:00;274;com vítima;53,9;BR-060/GO;Sul;Capotamento;1;;;;;;;;;;0;2;;;
14/01/2019;13:46:00;275;sem vítima;39;BR-060/GO;Norte;Saida de Pista;;;;;;;;;;1;1;;;;
14/01/2019;14:57:00;306;com vítima;23;BR-153/MG;Norte;Choque - Talude;;;;;;;;;;1;0;1;;;
14/01/2019;15:09:00;311;sem vítima;23;BR-153/MG;Sul;;1;;;;;;;;;;1;;;;
14/01/2019;17:34:00;394;com vítima;12;BR-153/MG;Sul;Colisão Frontal;2;;;;;;;;;;0;3;;;
14/01/2019;18:24:00;424;sem vítima;505,899;BR-153/GO;Sul;Engavetamento;1;;2;;;;;;;;3;;;;
14/01/2019;21:01:00;517;sem vítima;577,168;BR-262/MG;Oeste;Choque - Suporte de Sinalização;1;;;;;;;;;;1;;;;
14/01/2019;23:20:00;553;com vítima;490,001;BR-153/GO;Sul;Queda de Moto;;;;1;;;;;;;1;1;;;
15/01/2019;00:17:00;7;sem vítima;663,2;BR-153/GO;Norte;Colisão Traseira;;;2;;;;;;;;2;;;;
15/01/2019;01:22:00;26;com vítima;572,2;BR-153/GO;Sul;Capotamento;;;;;;;;;;1;0;1;;;
15/01/2019;06:10:00;79;sem vítima;128,992;BR-153/MG;Norte;Colisão Traseira;1;;1;;;;;;;;4;;;;
15/01/2019;10:25:00;201;sem vítima;36;BR-153/MG;Norte;Choque - Arvore;1;;;;;;;;;;4;;;;
15/01/2019;11:00:00;223;sem vítima;692;BR-153/GO;Norte;Colisão Traseira;2;;;;;;;;;;2;;;;
15/01/2019;17:56:00;406;sem vítima;357,4;BR-262/MG;Oeste;Saida de Pista;1;;;;;;;;;;1;;;;
15/01/2019;19:20:00;444;com vítima;19;BR-060/GO;Sul;Tombamento;1;;;;;;;;;;0;1;;;
15/01/2019;20:04:00;468;sem vítima;107,8;BR-060/GO;Sul;Tombamento;;;1;;;;;;;;2;;;;
15/01/2019;21:48:00;519;sem vítima;593;BR-153/GO;Sul;Colisão Traseira;;;2;;;;;;;;2;;;;
15/01/2019;22:59:00;541;com vítima;27,037;BR-153/MG;Norte;Tombamento;;;1;;;;;;;;0;2;;;
16/01/2019;03:44:00;54;sem vítima;509;BR-153/GO;Sul;Saida de Pista;1;;;;;;;;;;1;;;;
16/01/2019;06:01:00;79;com vítima;657,5;BR-153/GO;Sul;Colisão Traseira;;;2;;;;;;;;2;2;;;
16/01/2019;06:44:00;89;com vítima;593,4;BR-153/GO;Norte;Capotamento;1;;;;;;;;;;0;;2;;
16/01/2019;08:23:00;119;com vítima;26,1;BR-060/GO;Norte;Queda de Moto;;;;1;;;;;;;0;1;;;
16/01/2019;09:52:00;168;sem vítima;514;BR-153/GO;Sul;Colisão Traseira;2;;;;;;;;;;2;;;;
16/01/2019;10:26:00;191;sem vítima;2;BR-060/DF;Norte;Colisão Traseira;;;2;;;;;;;;2;;;;
16/01/2019;10:39:00;199;sem vítima;27;BR-153/MG;Norte;Colisão Traseira;2;;;;;;;;;1;8;;;;
16/01/2019;12:44:00;262;com vítima;17,8;BR-153/MG;Sul;Choque - Suporte de Sinalização;;;;1;;;;;;;1;;1;;
16/01/2019;14:50:00;319;sem vítima;504;BR-153/GO;Norte;;3;;;;;;;;;;3;;;;
16/01/2019;15:15:00;335;sem vítima;43;BR-060/GO;Sul;;;;1;;;;;;;1;2;;;;
16/01/2019;15:17:00;336;sem vítima;43;BR-060/GO;Sul;Colisão Traseira;;;1;;;;;;;1;3;;;;
16/01/2019;15:48:00;362;sem vítima;60;BR-153/MG;Norte;Saida de Pista;1;;;;;;;;;;3;;;;
16/01/2019;17:34:00;414;com vítima;608;BR-262/MG;Leste;Colisão Frontal;1;;1;;;;;;;;2;3;;;
16/01/2019;18:02:00;433;sem vítima;801;BR-262/MG;Oeste;Choque - Talude;;;;;;;;;;1;1;;;;
16/01/2019;18:30:00;446;com vítima;360;BR-262/MG;Leste;Saida de Pista;1;;;;;;;;;;1;;1;;
16/01/2019;18:30:00;447;com vítima;501;BR-153/GO;Sul;Engavetamento;4;;;;;;;;;;6;1;;;
17/01/2019;05:32:00;54;com vítima;6;BR-153/MG;Norte;Choque - Talude;1;;;;;;;;;;0;1;;;
17/01/2019;06:02:00;58;sem vítima;429,37;BR-262/MG;Leste;Colisão Traseira;;;2;;;;;;;;2;;;;
17/01/2019;06:44:00;70;com vítima;436,55;BR-262/MG;Oeste;Queda de Moto;;;;1;;;;;;;0;1;;;
17/01/2019;07:30:00;99;sem vítima;5,5;BR-060/GO;Sul;Tombamento;1;;;;;;;;;;1;;;;
17/01/2019;09:05:00;161;sem vítima;547;BR-262/MG;Leste;Choque - Veiculo parado na pista;1;;1;;;;;;;;2;;;;
17/01/2019;12:07:00;281;sem vítima;785,7;BR-262/MG;Oeste;Atropelamento de Animal;1;;;;;;;;;;1;;;;
17/01/2019;13:11:00;316;sem vítima;496;BR-153/GO;Norte;Queda de Moto;;;;1;;;;;;;1;;;;
17/01/2019;15:45:00;384;sem vítima;190;BR-153/MG;Sul;Colisão Lateral;1;;1;;;;;;;;5;;;;
17/01/2019;15:45:00;385;sem vítima;676;BR-153/GO;Sul;Capotamento;1;;;;;;;;;;2;;;;
17/01/2019;17:54:00;455;sem vítima;516,399;BR-153/GO;Sul;Colisão Lateral;2;;;;;;;;;;2;;;;
17/01/2019;18:18:00;465;com vítima;375;BR-262/MG;Leste;Queda de Moto;;;;1;;;;;;;0;;1;;
17/01/2019;19:17:00;493;com vítima;25,899;BR-060/DF;Sul;Capotamento;1;;;;;;;;;;1;1;;;
17/01/2019;22:33:00;553;com vítima;508,899;BR-153/GO;Norte;Colisão Traseira;;;1;1;;;;;;;1;;1;;
18/01/2019;01:39:00;13;sem vítima;80,7;BR-153/MG;Sul;Saida de Pista;;;1;;;;;;;;3;;;;
18/01/2019;08:28:00;111;com vítima;491,968;BR-262/MG;Oeste;Tombamento;;;1;;;;;;;;0;1;;;
18/01/2019;09:57:00;158;sem vítima;415,5;BR-262/MG;Leste;Choque - Elemento de Drenagem;1;;;;;;;;;;1;;;;
18/01/2019;10:17:00;164;sem vítima;106;BR-060/GO;Sul;Colisão Traseira;1;;1;;;;;;;;2;;;;
18/01/2019;12:39:00;237;sem vítima;50,3;BR-153/MG;Sul;Saida de Pista;1;;;;;;;;;;4;;;;
18/01/2019;12:40:00;238;sem vítima;539;BR-262/MG;Leste;Colisão Traseira;;;2;;;;;;;;2;;;;
18/01/2019;17:19:00;374;com vítima;527,5;BR-153/GO;Sul;Choque - Defensa, barreira ou "submarino";;;1;;;;;;;;1;2;1;;
18/01/2019;18:25:00;407;sem vítima;89;BR-060/GO;Sul;Colisão Traseira;1;;;;;;;;;1;2;;;;
18/01/2019;19:37:00;454;com vítima;622,299;BR-153/GO;Norte;Capotamento;1;;;;;;;;;;0;1;;1;
19/01/2019;00:44:00;18;sem vítima;510,6;BR-153/GO;Norte;Colisão Traseira;2;;;;;;;;;;2;;;;
19/01/2019;00:56:00;23;sem vítima;427,7;BR-262/MG;Oeste;Colisão Traseira;1;;;;;;;;;;2;;;;
19/01/2019;04:38:00;59;sem vítima;24;BR-060/DF;Sul;Saida de Pista;1;;;;;;;;;;1;;;;
19/01/2019;06:28:00;80;sem vítima;110;BR-060/GO;Sul;Capotamento;1;;;;;;;;;;1;;;;
19/01/2019;08:42:00;125;com vítima;499;BR-153/GO;Norte;Choque - Defensa, barreira ou "submarino";1;;;;;;;;;;0;1;;;
19/01/2019;09:31:00;144;sem vítima;499;BR-153/GO;Norte;Colisão Traseira;2;;;;;;;;;;2;;;;
19/01/2019;09:55:00;151;sem vítima;93;BR-060/GO;Sul;Choque - Defensa, barreira ou "submarino";1;;;;;;;;;;2;;;;
19/01/2019;10:48:00;187;com vítima;384;BR-262/MG;Oeste;Capotamento;1;;;;;;;;;;1;1;;;
19/01/2019;12:43:00;232;com vítima;71,5;BR-153/MG;Norte;Choque - Arvore;;;1;;;;;;;;1;;1;;
19/01/2019;13:52:00;254;sem vítima;20;BR-060/GO;Sul;Choque - Veiculo parado no acostamento;1;;1;;;;;;;;2;;;;
19/01/2019;15:28:00;310;com vítima;426,9;BR-262/MG;Leste;Queda de Moto;;;;1;;;;;;;1;1;;;
19/01/2019;15:35:00;314;sem vítima;2;BR-060/DF;Sul;Engavetamento;3;;;;;;;;;;4;;;;
19/01/2019;15:44:00;321;com vítima;462;BR-262/MG;Leste;Capotamento;1;;;;;;;;;;1;2;1;;
19/01/2019;16:22:00;353;sem vítima;594;BR-262/MG;Oeste;Colisão Transversal;;;2;;;;;;;;5;;;;
19/01/2019;18:36:00;418;sem vítima;14,199;BR-153/MG;Norte;Choque - Suporte de Sinalização;1;;;;;;;;;;3;;;;
19/01/2019;18:56:00;428;sem vítima;102;BR-060/GO;Sul;;;;;1;;;;;;;1;;;;
19/01/2019;19:26:00;451;sem vítima;235;BR-153/MG;Norte;Colisão Lateral;1;;1;;;;;;;;6;;;;
19/01/2019;20:58:00;492;sem vítima;412;BR-262/MG;Oeste;Choque - Elemento de Drenagem;1;;;;;;;;;;1;;;;
19/01/2019;21:21:00;508;sem vítima;0;BR-060/DF;Sul;;1;;;;;;;;;;1;;;;
19/01/2019;21:47:00;518;sem vítima;1,001;BR-060/DF;Sul;Colisão Lateral;2;;;;;;;;;;2;;;;
19/01/2019;22:51:00;534;sem vítima;506,1;BR-153/GO;Sul;Choque - Defensa, barreira ou "submarino";1;;;;;;;;;;1;;;;
19/01/2019;23:52:00;551;sem vítima;239,5;BR-153/MG;Norte;Colisão Lateral;2;;;;;;;;;;3;;;;
20/01/2019;06:03:00;58;sem vítima;64;BR-060/GO;Sul;Tombamento;;;1;;;;;;;;1;;;;
20/01/2019;07:53:00;87;sem vítima;10;BR-153/MG;Norte;Tombamento;;;1;;;;;;;;1;;;;
20/01/2019;09:05:00;132;com vítima;4,3;BR-060/GO;Sul;Queda de Moto;;;;1;;;;;;;0;;1;;
20/01/2019;10:21:00;167;sem vítima;28,7;BR-060/GO;Sul;Saida de Pista;1;;;;;;;;;;1;;;;
20/01/2019;10:39:00;184;sem vítima;16;BR-060/GO;Norte;Colisão Traseira;2;;;;;;;;;;2;;;;
20/01/2019;11:43:00;204;sem vítima;124;BR-060/GO;Norte;Queda de Moto;;;;1;;;;;;;1;;;;
20/01/2019;14:38:00;280;sem vítima;45,9;BR-153/MG;Sul;Capotamento;1;;;;;;;;;;2;;;;
20/01/2019;15:09:00;287;com vítima;34;BR-153/MG;Sul;Choque - Talude;1;;;;;;;;;;2;1;;;
20/01/2019;15:13:00;289;com vítima;50,05;BR-153/MG;Sul;Capotamento;1;;;;;;;;;;0;2;;;
20/01/2019;15:27:00;296;sem vítima;75,5;BR-153/MG;Norte;Choque - Defensa, barreira ou "submarino";;;1;;;;;;;;2;;;;
20/01/2019;16:51:00;337;com vítima;2,258;BR-060/DF;Norte;Capotamento;3;;;;;;;;;;3;1;;;
20/01/2019;17:11:00;348;sem vítima;387,9;BR-262/MG;Oeste;Capotamento;;;;;;;;;;1;4;;;;
20/01/2019;17:50:00;369;sem vítima;4,8;BR-060/DF;Norte;Engavetamento;3;;;;;;;;;;3;;;;
20/01/2019;21:02:00;458;sem vítima;96;BR-060/GO;Norte;Queda de Ciclista;;;;1;;;;;;;1;;;;
21/01/2019;04:52:00;36;sem vítima;530;BR-262/MG;Oeste;Queda de Moto;;;;1;;;;;;;1;;;;
21/01/2019;12:59:00;261;sem vítima;482,3;BR-262/MG;Leste;Saida de Pista;1;;;;;;;;;;2;;;;
21/01/2019;14:31:00;305;sem vítima;663,889;BR-153/GO;Norte;Colisão Traseira;;;2;;;;;;;;2;;;;
22/01/2019;04:20:00;34;com vítima;385;BR-262/MG;Oeste;Capotamento;;;1;;;;;;;;0;;;;1
22/01/2019;05:34:00;40;sem vítima;764;BR-262/MG;Oeste;Choque - Suporte de Sinalização;1;;;;;;;;;;2;;;;
22/01/2019;08:09:00;83;sem vítima;600;BR-262/MG;Leste;Colisão Traseira;;;2;;;;;;;;2;;;;
22/01/2019;08:23:00;93;com vítima;7;BR-060/DF;Sul;Capotamento;1;;;;;;;;;;3;1;;;
22/01/2019;13:45:00;252;com vítima;511;BR-153/GO;Sul;Colisão Lateral;1;;;1;;;;;;;1;1;;;
22/01/2019;16:02:00;318;com vítima;580;BR-262/MG;Leste;Tombamento;;;1;;;;;;;;0;1;;;
22/01/2019;16:05:00;321;sem vítima;115,5;BR-153/MG;Sul;Colisão Frontal;1;;;;;;;;;1;3;;;;
22/01/2019;16:32:00;334;sem vítima;49;BR-153/MG;Norte;;1;;;;;;;;;;1;;;;
22/01/2019;16:43:00;345;sem vítima;9;BR-153/MG;Norte;Capotamento;1;;;;;;;;;;4;;;;
22/01/2019;16:53:00;350;sem vítima;515;BR-153/GO;Norte;Colisão Lateral;1;;;;1;;;;;;2;;;;
22/01/2019;17:49:00;378;sem vítima;380;BR-262/MG;Leste;Saida de Pista;1;;;;;;;;;;1;;;;
22/01/2019;18:44:00;400;sem vítima;32,5;BR-060/GO;Norte;Colisão Frontal;2;;;;;;;;;;5;;;;
22/01/2019;19:07:00;415;sem vítima;116;BR-060/GO;Norte;;1;;;;;;;;;;1;;;;
23/01/2019;03:30:00;89;com vítima;502,199;BR-153/GO;Sul;Colisão Traseira;1;;;1;;;;;;;1;1;;;
23/01/2019;10:36:00;269;sem vítima;663;BR-153/GO;Sul;Capotamento;1;;;;;;;;;;1;;;;
23/01/2019;11:22:00;294;com vítima;507;BR-153/GO;Norte;Queda de Moto;1;;;1;;;;;;;1;1;;;
23/01/2019;13:16:00;362;com vítima;94;BR-060/GO;Sul;Queda de Moto;;;;1;;;;;;;1;1;;;
23/01/2019;13:51:00;385;sem vítima;503,3;BR-153/GO;Sul;Colisão Frontal;1;;1;;;;;;;;2;;;;
23/01/2019;14:47:00;418;com vítima;855,05;BR-262/MG;Oeste;Colisão Traseira;1;;1;;;;;;;;1;2;;;
23/01/2019;15:06:00;425;sem vítima;527;BR-153/GO;Norte;Colisão Traseira;1;;1;;;;;;;;2;;;;
23/01/2019;15:34:00;433;com vítima;172,9;BR-153/MG;Sul;Queda de Moto;;;;1;;;;;;;1;1;;;
24/01/2019;03:00:00;37;sem vítima;23,8;BR-153/MG;Norte;Tombamento;;;1;;;;;;;;1;;;;
24/01/2019;04:25:00;51;com vítima;24,1;BR-153/MG;Norte;Colisão Traseira;1;;;1;;;;;;;2;;1;;
24/01/2019;08:51:00;144;com vítima;418,5;BR-262/MG;Leste;Atropelamento - Andarilho;;;1;;;;;;;;1;;1;;
24/01/2019;11:57:00;251;sem vítima;539,4;BR-262/MG;Leste;Queda de Ciclista;;;;1;;;;;;;1;;;;
24/01/2019;14:38:00;356;sem vítima;542,8;BR-153/GO;Sul;Capotamento;1;;;;;;;;;;1;;;;
24/01/2019;14:46:00;362;com vítima;507,95;BR-153/GO;Sul;Colisão Traseira;;;1;1;;;;;;;1;;1;;
24/01/2019;14:54:00;366;sem vítima;507,95;BR-153/GO;Sul;Queda de Moto;;;;1;;;;;;;1;;;;
24/01/2019;15:25:00;390;sem vítima;108;BR-060/GO;Norte;;;;1;;;;;;;1;2;;;;
24/01/2019;17:33:00;443;sem vítima;17;BR-060/GO;Sul;Colisão Lateral;1;;2;;;;;;;;3;;;;
24/01/2019;18:29:00;473;com vítima;420;BR-262/MG;Leste;Queda de Moto;;;;1;;;;;;;0;2;;;
24/01/2019;18:59:00;490;com vítima;96;BR-060/GO;Sul;Colisão Lateral;;;;2;;;;;;;0;2;;;
25/01/2019;02:51:00;28;sem vítima;440;BR-262/MG;Oeste;Atropelamento de Animal;;;1;;;;;;;;1;;;;
25/01/2019;03:39:00;34;sem vítima;695,299;BR-153/GO;Norte;Atropelamento de Animal;;;1;;;;;;;;1;;;;
25/01/2019;07:49:00;93;sem vítima;538,5;BR-262/MG;Leste;Colisão Traseira;1;;1;;;;;;;;3;;;;
25/01/2019;07:56:00;99;sem vítima;505,6;BR-153/GO;Norte;Colisão Traseira;2;;;;;;;;;;4;;;;
25/01/2019;15:17:00;363;sem vítima;130;BR-060/GO;Sul;Colisão Traseira;2;;;;;;;;;;2;;;;
25/01/2019;15:43:00;380;com vítima;368,71;BR-262/MG;Leste;Capotamento;1;;;;;;;;;;0;1;;;
25/01/2019;15:49:00;383;com vítima;574,7;BR-153/GO;Norte;Tombamento;;;1;;;;;;;;0;;;1;
25/01/2019;15:56:00;389;sem vítima;535;BR-153/GO;Sul;Choque - Elemento de Drenagem;;;1;;;;;;;;1;;;;
25/01/2019;16:17:00;398;sem vítima;82,9;BR-060/GO;Norte;Choque - Elemento de Drenagem;1;;;;;;;;;;1;;;;
25/01/2019;16:57:00;419;com vítima;241;BR-153/MG;Norte;Engavetamento;1;;;;1;;;;;1;48;1;;;
25/01/2019;18:24:00;466;sem vítima;43;BR-060/GO;Norte;Colisão Traseira;;;2;;;;;;;;3;;;;
25/01/2019;18:30:00;471;sem vítima;516;BR-153/GO;Sul;Colisão Lateral;1;;;;;1;;;;;2;;;;
25/01/2019;18:31:00;472;sem vítima;45;BR-153/MG;Sul;Capotamento;;;;;;;;;;1;1;;;;
25/01/2019;18:39:00;477;sem vítima;501;BR-153/GO;Sul;Engavetamento;3;;;;;;;;;;5;;;;
25/01/2019;22:56:00;576;com vítima;562,671;BR-262/MG;Leste;Atropelamento - Andarilho;;;;;;1;;;;;1;;1;;
25/01/2019;23:10:00;580;com vítima;685;BR-262/MG;Leste;Colisão Lateral;1;;1;;;;;;;;1;1;;;
26/01/2019;05:33:00;53;com vítima;607,947;BR-262/MG;Leste;Tombamento;;;1;;;;;;;;1;;1;;
26/01/2019;10:13:00;166;sem vítima;584;BR-262/MG;Leste;Saida de Pista;1;;;;;;;;;;1;;;;