data;horario;n_da_ocorrencia;tipo_de_ocorrencia;km;trecho;sentido;tipo_de_acidente;automovel;bicicleta;caminhao;moto;onibus;outros;tracao_animal;transporte_de_cargas_especiais;trator_maquinas;utilitarios;ilesos;levemente_feridos;moderadamente_feridos;gravemente_feridos;mortos
26/01/2019;11:08:00;193;sem vítima;91,8;BR-060/GO;Norte;Choque - Elemento de Drenagem;;;1;;;;;;;;1;;;;
26/01/2019;11:09:00;195;com vítima;584;BR-262/MG;Leste;Colisão Traseira;1;;;;;;;;;1;7;1;;;
26/01/2019;12:02:00;216;sem vítima;74,9;BR-060/GO;Norte;Choque - Elemento de Drenagem;1;;;;;;;;;;1;;;;
26/01/2019;12:17:00;223;sem vítima;54;BR-060/GO;Norte;Choque - Elemento de Drenagem;1;;;;;;;;;;1;;;;
26/01/2019;12:59:00;253;sem vítima;28;BR-060/DF;Norte;Capotamento;1;;;;;;;;;;3;;;;
26/01/2019;13:36:00;273;sem vítima;494;BR-153/GO;Sul;Queda de Moto;;;;1;;;;;;;2;;;;
26/01/2019;13:49:00;278;com vítima;3;BR-060/DF;Norte;Colisão Traseira;;;;1;;;;;;1;1;1;;;
26/01/2019;14:39:00;296;sem vítima;426,5;BR-262/MG;Leste;Saida de Pista;1;;;;;;;;;;1;;;;
26/01/2019;14:47:00;300;sem vítima;515,6;BR-153/GO;Sul;Capotamento;1;;;;;;;;;;2;;;;
26/01/2019;14:58:00;307;sem vítima;422;BR-262/MG;Leste;Saida de Pista;1;;;;;;;;;;1;;;;
26/01/2019;15:37:00;325;sem vítima;507;BR-153/GO;Norte;Choque - Elemento de Drenagem;1;;;;;;;;;;1;;;;
26/01/2019;16:20:00;349;sem vítima;547;BR-153/GO;Norte;Colisão Lateral;2;;;;;;;;;;6;;;;
26/01/2019;17:06:00;370;com vítima;492,001;BR-153/GO;Sul;Queda de Moto;;;;1;;;;;;;0;;1;;
26/01/2019;17:21:00;378;sem vítima;383;BR-262/MG;Oeste;Saida de Pista;1;;;;;;;;;;1;;;;
26/01/2019;17:44:00;390;sem vítima;450,5;BR-262/MG;Oeste;Saida de Pista;1;;;;;;;;;;1;;;;
26/01/2019;18:05:00;399;sem vítima;386,072;BR-262/MG;Oeste;Saida de Pista;1;;;;;;;;;;1;;;;
26/01/2019;18:15:00;403;sem vítima;131,8;BR-153/MG;Sul;Choque - Suporte de Sinalização;;;1;;;;;;;;1;;;;
26/01/2019;18:45:00;415;sem vítima;380;BR-262/MG;Oeste;Capotamento;1;;;;;;;;;;1;;;;
26/01/2019;18:50:00;417;com vítima;380,1;BR-262/MG;Leste;Choque - Elemento de Drenagem;1;;;;;;;;;;2;1;;;
26/01/2019;19:09:00;423;com vítima;17;BR-153/MG;Sul;Atropelamento - Ciclista;;1;1;;;;;;;;1;;;;1
26/01/2019;22:05:00;482;sem vítima;588,1;BR-153/GO;Norte;Saida de Pista;1;;;;;;;;;;1;;;;
26/01/2019;22:45:00;494;sem vítima;94,7;BR-060/GO;Norte;Colisão Traseira;2;;;;;;;;;;2;;;;
26/01/2019;23:37:00;504;com vítima;10,199;BR-060/GO;Norte;Capotamento;1;;;;;;;;;;0;1;;;
27/01/2019;02:45:00;27;com vítima;499,8;BR-153/GO;Sul;Choque - Defensa, barreira ou "submarino";;;;;1;;;;;;32;11;;;2
27/01/2019;07:25:00;59;sem vítima;611;BR-153/GO;Norte;Colisão Traseira;2;;;;;;;;;;7;;;;
27/01/2019;11:31:00;166;sem vítima;17,8;BR-060/GO;Norte;Saida de Pista;1;;;;;;;;;;1;;;;
27/01/2019;16:04:00;254;sem vítima;501;BR-153/GO;Sul;Capotamento;1;;;;;;;;;;1;;;;
27/01/2019;16:15:00;263;sem vítima;499,9;BR-153/GO;Sul;Colisão Lateral;1;;1;;;;;;;;5;;;;
27/01/2019;17:02:00;283;sem vítima;499,9;BR-153/GO;Sul;Colisão Traseira;2;;;;;;;;;;2;;;;
27/01/2019;17:22:00;292;sem vítima;502;BR-153/GO;Norte;Colisão Lateral;1;;;1;;;;;;;2;;;;
27/01/2019;17:56:00;312;com vítima;473;BR-262/MG;Oeste;Colisão Traseira;2;;;;;;;;;;3;1;;;
27/01/2019;17:58:00;313;com vítima;695,8;BR-153/GO;Norte;Queda de Moto;;;;1;;;;;;;0;1;;;
27/01/2019;18:04:00;316;sem vítima;457;BR-262/MG;Oeste;Colisão Traseira;2;;;;;;;;;;5;;;;
27/01/2019;18:09:00;322;sem vítima;26,001;BR-060/DF;Sul;Capotamento;1;;;;;;;;;;1;;;;
27/01/2019;18:19:00;326;sem vítima;5;BR-060/DF;Norte;;1;;;;;;;;;;1;;;;
27/01/2019;18:53:00;342;sem vítima;465,37;BR-262/MG;Leste;Colisão Traseira;2;;;;;;;;;;5;;;;
27/01/2019;22:20:00;438;sem vítima;12,699;BR-153/MG;Sul;Saida de Pista;;;;;;;;;;1;4;;;;
28/01/2019;09:33:00;130;com vítima;363;BR-262/MG;Oeste;Capotamento;;;;;;;;;;1;0;3;1;;
28/01/2019;10:25:00;151;com vítima;505;BR-153/GO;Norte;Engavetamento;3;;;;;;;;;;3;1;1;;
28/01/2019;13:51:00;229;sem vítima;117;BR-060/GO;Sul;;;;;1;;;;;;;1;;;;
28/01/2019;14:26:00;242;sem vítima;59,5;BR-060/GO;Norte;Colisão Lateral;1;;;;;;;;;;1;;;;
28/01/2019;14:55:00;261;sem vítima;675;BR-262/MG;Leste;Colisão Lateral;;;2;;;;;;;;2;;;;
28/01/2019;18:26:00;366;com vítima;498;BR-153/GO;Sul;Engavetamento;3;;;;;;;;;;3;1;;;
28/01/2019;23:32:00;452;com vítima;58;BR-153/MG;Norte;Colisão Lateral;;;2;;;;;;;;1;;1;;
29/01/2019;01:52:00;19;com vítima;384;BR-262/MG;Leste;Tombamento;;;1;;;;;;;;0;2;;;
29/01/2019;10:02:00;184;sem vítima;745;BR-262/MG;Leste;Engavetamento;;;3;;;;;;;;3;;;;
29/01/2019;11:07:00;223;sem vítima;8,65;BR-060/GO;Sul;Queda de Moto;;;;1;;;;;;;2;;;;
29/01/2019;12:33:00;270;sem vítima;107;BR-060/GO;Norte;Colisão Traseira;1;;1;;;;;;;;6;;;;
29/01/2019;13:34:00;292;com vítima;683,4;BR-153/GO;Sul;Capotamento;1;;;;;;;;;;1;1;1;;
29/01/2019;14:42:00;323;sem vítima;2;BR-060/DF;Norte;Colisão Lateral;1;;;1;;;;;;;2;;;;
29/01/2019;17:55:00;435;sem vítima;727;BR-262/MG;Oeste;Colisão Traseira;;;2;;;;;;;;2;;;;
29/01/2019;20:46:00;516;com vítima;1,1;BR-060/DF;Norte;Atropelamento - Andarilho;;;;1;;;;;;;0;1;1;;1
29/01/2019;21:54:00;538;sem vítima;4;BR-060/DF;Sul;Colisão Lateral;2;;;;;;;;;;2;;;;
29/01/2019;22:24:00;540;sem vítima;448,8;BR-262/MG;Oeste;Colisão Traseira;;;;;;1;;;;1;2;;;;
30/01/2019;00:59:00;9;com vítima;117;BR-060/GO;Norte;Atropelamento - Andarilho;1;;;;;;;;;;1;;1;;
30/01/2019;06:45:00;51;sem vítima;446,57;BR-262/MG;Leste;Colisão Transversal;1;;;1;;;;;;;2;;;;
30/01/2019;09:14:00;115;sem vítima;514;BR-153/GO;Norte;Colisão Transversal;2;;;;;;;;;;2;;;;
30/01/2019;10:21:00;156;sem vítima;46;BR-153/MG;Norte;Tombamento;;;1;;;;;;;;1;;;;
30/01/2019;10:55:00;172;sem vítima;57,2;BR-153/MG;Sul;Saida de Pista;1;;;;;;;;;;1;;;;
30/01/2019;15:28:00;304;com vítima;94,3;BR-060/GO;Sul;Queda de Moto;;;;1;;;;;;;0;2;;;
30/01/2019;23:54:00;561;sem vítima;63,799;BR-060/GO;Sul;Colisão Traseira;1;;;;;;;;;;1;;;;
31/01/2019;02:33:00;40;sem vítima;40,1;BR-060/GO;Sul;Saida de Pista;1;;;;;;;;;;1;;;;
31/01/2019;09:11:00;156;com vítima;121,5;BR-060/GO;Sul;Colisão Frontal;1;;;;1;;;;;;5;;1;;
31/01/2019;09:33:00;163;sem vítima;506;BR-153/GO;Sul;Colisão Traseira;2;;;;;;;;;;2;;;;
31/01/2019;12:37:00;262;sem vítima;640;BR-153/GO;Norte;Colisão Traseira;1;;1;;;;;;;;2;;;;
31/01/2019;12:45:00;266;sem vítima;376;BR-262/MG;Leste;Saida de Pista;1;;;;;;;;;;1;;;;
31/01/2019;16:43:00;377;sem vítima;12,6;BR-060/DF;Sul;Capotamento;1;;;;;;;;;;1;;;;
31/01/2019;16:50:00;387;com vítima;58;BR-153/MG;Norte;Tombamento;;;1;;;;;;;;0;1;;;
31/01/2019;16:56:00;392;sem vítima;525;BR-262/MG;Leste;Colisão Traseira;;;2;;;;;;;;2;;;;
31/01/2019;17:09:00;396;sem vítima;41,2;BR-060/GO;Sul;Saida de Pista;1;;;;;;;;;;1;;;;
31/01/2019;19:18:00;471;sem vítima;1;BR-060/DF;Sul;Colisão Traseira;2;;;;;;;;;;2;;;;
31/01/2019;21:10:00;542;sem vítima;571;BR-262/MG;Leste;Saida de Pista;1;;;;;;;;;;1;;;;
31/01/2019;21:10:00;542;sem vítima;571;BR-262/MG;Leste;Saida de Pista;1;;;;;;;;;;1;;;;
01/02/2019;07:28:00;80;sem vítima;437;BR-262/MG;Oeste;Colisão Traseira;1;;;1;;;;;;;5;;;;
01/02/2019;14:49:00;337;sem vítima;431,5;BR-262/MG;Leste;Capotamento;1;;;;;;;;;;2;;;;
01/02/2019;14:53:00;342;com vítima;97,5;BR-060/GO;Sul;Colisão Traseira;2;;;;;;;;;;2;2;;;
01/02/2019;16:23:00;389;com vítima;494,15;BR-153/GO;Norte;Atropelamento - Ciclista;1;1;;;;;;;;;1;1;;;
02/02/2019;01:53:00;20;com vítima;39;BR-060/GO;Sul;Capotamento;1;;;;;;;;;;0;2;;;
02/02/2019;09:48:00;174;sem vítima;855,5;BR-262/MG;Leste;Saida de Pista;1;;;;;;;;;;1;;;;
02/02/2019;13:11:00;272;sem vítima;53,2;BR-060/GO;Sul;Capotamento;1;;;;;;;;;;1;;;;
02/02/2019;15:52:00;352;sem vítima;114;BR-153/MG;Sul;Colisão Frontal;;;3;;;;;;;;5;;;;
02/02/2019;17:51:00;403;sem vítima;4;BR-060/DF;Sul;Capotamento;1;;;;;;;;;;1;;;;
02/02/2019;19:00:00;436;sem vítima;14,3;BR-060/GO;Sul;Tombamento;1;;1;;;;;;;;2;;;;
02/02/2019;21:34:00;506;sem vítima;4,3;BR-060/DF;Sul;Colisão Traseira;2;;;;;;;;;;2;;;;
03/02/2019;08:01:00;105;sem vítima;360,266;BR-262/MG;Oeste;Colisão Lateral;1;;1;;;;;;;;2;;;;
03/02/2019;08:03:00;107;com vítima;497;BR-153/GO;Norte;Queda de Moto;;;;1;;;;;;;1;1;;;
03/02/2019;08:54:00;131;com vítima;138;BR-060/GO;Norte;Colisão Frontal;1;;;1;;;;;;;3;1;;;
03/02/2019;10:16:00;160;sem vítima;42;BR-153/MG;Norte;Choque - Suporte de Sinalização;;;;;;;;;;1;1;;;;
03/02/2019;10:35:00;170;sem vítima;26;BR-153/MG;Sul;Colisão Traseira;2;;;;;;;;;;8;;;;
03/02/2019;11:46:00;191;sem vítima;657;BR-262/MG;Leste;Colisão Lateral;;;2;;;;;;;;2;;;;
03/02/2019;11:50:00;193;sem vítima;568,067;BR-262/MG;Oeste;Queda de Moto;;;;1;;;;;;;2;;;;
03/02/2019;12:04:00;200;sem vítima;566;BR-262/MG;Leste;Saida de Pista;1;;;;;;;;;;2;;;;
03/02/2019;17:50:00;374;sem vítima;493;BR-153/GO;Norte;Queda de Ciclista;;;;1;;;;;;;1;;;;
03/02/2019;18:31:00;402;com vítima;429;BR-262/MG;Leste;Colisão Transversal;1;;;1;;;;;;;0;2;;;
03/02/2019;18:55:00;416;com vítima;653,5;BR-262/MG;Oeste;Saida de Pista;1;;;;;;;;;;0;1;;;
03/02/2019;18:56:00;419;sem vítima;31,6;BR-060/GO;Sul;Colisão Frontal;2;;;;;;;;;;2;;;;
03/02/2019;19:46:00;452;sem vítima;133,9;BR-060/GO;Norte;Engavetamento;5;;;;;;;;;;6;;;;
03/02/2019;20:34:00;482;com vítima;665,2;BR-153/GO;Sul;Capotamento;1;;1;;;;;;;;0;1;;;1
03/02/2019;21:27:00;508;sem vítima;371;BR-262/MG;Oeste;Saida de Pista;1;;;;;;;;;;3;;;;
03/02/2019;22:11:00;526;com vítima;30,199;BR-060/DF;Sul;Atropelamento - Morador;;;;1;;;;;;;1;;;1;1
04/02/2019;04:32:00;55;sem vítima;703,1;BR-153/GO;Sul;Colisão Lateral;;;3;;;;;;;;3;;;;
04/02/2019;08:11:00;121;sem vítima;378;BR-262/MG;Oeste;Saida de Pista;1;;;;;;;;;;1;;;;
04/02/2019;11:00:00;239;com vítima;220,8;BR-153/MG;Sul;Colisão Frontal;;;1;;;;;;;1;1;;;;1
04/02/2019;11:10:00;244;com vítima;511,4;BR-153/GO;Norte;Choque - Veiculo parado na pista;;;2;;;;;;;;1;;1;;
04/02/2019;11:17:00;247;sem vítima;385;BR-262/MG;Oeste;Capotamento;1;;;;;;;;;;1;;;;
04/02/2019;12:22:00;266;sem vítima;128;BR-153/MG;Sul;Colisão Traseira;;;2;;;;;;;;2;;;;
04/02/2019;16:48:00;365;sem vítima;500;BR-153/GO;Sul;Colisão Traseira;2;;;;;;;;;;4;;;;
04/02/2019;17:41:00;394;com vítima;16,3;BR-153/MG;Sul;Capotamento;1;;;;;;;;;;1;1;;;
04/02/2019;19:29:00;439;sem vítima;498,065;BR-153/GO;Norte;Saida de Pista;1;;;;;;;;;;2;;;;
05/02/2019;07:30:00;73;sem vítima;506,2;BR-153/GO;Sul;Choque - Suporte de Sinalização;1;;;;;;;;;;1;;;;
05/02/2019;07:55:00;88;com vítima;492,2;BR-153/GO;Sul;Colisão Lateral;1;;;1;;;;;;;1;1;;;
05/02/2019;15:44:00;330;sem vítima;14;BR-060/DF;Norte;Saida de Pista;;;;;;;;;;1;1;;;;
05/02/2019;16:39:00;356;sem vítima;1;BR-060/GO;Sul;Tombamento;1;;;;;;;;;;4;;;;
05/02/2019;18:22:00;411;com vítima;494;BR-153/GO;Sul;Engavetamento;2;;;1;;;;;;;2;1;;;
05/02/2019;22:07:00;512;sem vítima;22,2;BR-060/GO;Sul;Tombamento;;;1;;;1;;;;;2;;;;
05/02/2019;23:42:00;545;sem vítima;497,9;BR-153/GO;Norte;Choque - Suporte de Sinalização;1;;;;;;;;;;1;;;;
06/02/2019;06:36:00;49;sem vítima;356,3;BR-262/MG;Oeste;Tombamento;;;2;;;;;;;;2;;;;
06/02/2019;06:52:00;53;com vítima;506;BR-153/GO;Norte;Atropelamento - Ciclista;;1;;1;;;;;;;0;2;;;
06/02/2019;06:36:00;63;sem vítima;356,5;BR-262/MG;Oeste;Choque - Defensa, barreira ou "submarino";;;1;;;;;;;;1;;;;
06/02/2019;07:13:00;64;sem vítima;479;BR-262/MG;Oeste;Colisão Lateral;1;;1;;;;;;;;2;;;;
06/02/2019;08:12:00;84;com vítima;501,4;BR-153/GO;Sul;Queda de Moto;;;;1;;;;;;;1;1;;;
06/02/2019;08:39:00;94;sem vítima;42,3;BR-153/MG;Norte;Colisão Traseira;;;2;;;;;;;;2;;;;
06/02/2019;09:09:00;116;sem vítima;509,3;BR-153/GO;Norte;Colisão Traseira;2;;;;;;;;;;2;;;;
06/02/2019;09:37:00;132;sem vítima;525;BR-262/MG;Oeste;Colisão Traseira;;;2;;;;;;;;2;;;;
06/02/2019;10:49:00;161;com vítima;381;BR-262/MG;Oeste;Capotamento;1;;;;;;;;;;0;1;;;
06/02/2019;12:22:00;214;sem vítima;13,6;BR-060/GO;Norte;Saida de Pista;1;;;;;;;;;;1;;;;
06/02/2019;12:51:00;223;sem vítima;608;BR-262/MG;Oeste;Saida de Pista;1;;;;;;;;;;1;;;;
06/02/2019;13:24:00;235;com vítima;381,5;BR-262/MG;Leste;Capotamento;1;;;;;;;;;;0;1;;;
06/02/2019;14:58:00;277;sem vítima;581;BR-262/MG;Oeste;Tombamento;;;1;;;;;;;;2;;;;
06/02/2019;15:15:00;286;sem vítima;586;BR-262/MG;Leste;Saida de Pista;1;;;;;;;;;;1;;;;
06/02/2019;15:26:00;290;sem vítima;584;BR-262/MG;Leste;Tombamento;1;;;;;;;;;;1;;;;
06/02/2019;17:36:00;353;sem vítima;500,2;BR-153/GO;Sul;Colisão Traseira;;;1;;;;;;;1;2;;;;
07/02/2019;07:15:00;55;com vítima;364;BR-262/MG;Oeste;Capotamento;1;;;;;;;;;;0;;1;;
07/02/2019;08:47:00;101;sem vítima;584;BR-262/MG;Leste;Saida de Pista;1;;;;;;;;;;1;;;;
07/02/2019;09:31:00;122;sem vítima;65,5;BR-153/MG;Sul;Choque - Defensa, barreira ou "submarino";;;1;;;;;;;;2;;;;
07/02/2019;10:03:00;137;com vítima;585;BR-262/MG;Oeste;Capotamento;;;;;;;;;;1;0;;1;;
07/02/2019;11:00:00;167;sem vítima;10,5;BR-153/MG;Norte;Capotamento;1;;;;;;;;;;1;;;;
07/02/2019;12:03:00;196;com vítima;567;BR-153/GO;Norte;Capotamento;1;;;;;;;;;;1;1;;;
07/02/2019;13:02:00;225;com vítima;56,9;BR-153/MG;Sul;Tombamento;;;1;;;;;;;;0;1;;;
07/02/2019;14:31:00;262;sem vítima;388;BR-262/MG;Oeste;Saida de Pista;;;1;;;;;;;;1;;;;
07/02/2019;21:31:00;468;sem vítima;585;BR-262/MG;Leste;Queda de Moto;;;;1;;;;;;;1;;;;
08/02/2019;00:59:00;15;com vítima;534;BR-153/GO;Sul;Atropelamento - Andarilho;;;1;;;;;;;;1;;;;1
08/02/2019;05:46:00;67;sem vítima;569;BR-262/MG;Leste;Tombamento;;;1;;;;;;;;1;;;;
08/02/2019;06:34:00;76;sem vítima;556;BR-262/MG;Leste;Colisão Lateral;1;;1;;;;;;;;2;;;;
08/02/2019;07:23:00;88;sem vítima;506,2;BR-153/GO;Norte;Colisão Traseira;2;;;;;;;;;;3;;;;
08/02/2019;08:20:00;119;sem vítima;506,4;BR-153/GO;Norte;Colisão Traseira;2;;;;;;;;;;2;;;;
08/02/2019;08:27:00;125;sem vítima;424;BR-262/MG;Leste;Saida de Pista;1;;;;;;;;;;1;;;;
08/02/2019;09:04:00;150;sem vítima;705;BR-262/MG;Oeste;Colisão Traseira;1;;1;;;;;;;;2;;;;
08/02/2019;11:53:00;227;sem vítima;558,5;BR-153/GO;Sul;Capotamento;1;;;;;;;;;;1;;;;
08/02/2019;14:49:00;307;sem vítima;72;BR-060/GO;Sul;Tombamento;;;1;;;;;;;;1;;;;
08/02/2019;15:01:00;309;com vítima;4,5;BR-153/MG;Norte;Capotamento;2;;;;;;;;;;1;1;;;
08/02/2019;15:09:00;311;sem vítima;568,5;BR-262/MG;Leste;Tombamento;;;1;;;;;;;;2;;;;
08/02/2019;15:18:00;315;sem vítima;95;BR-060/GO;Norte;Colisão Lateral;;;1;;;;;;;1;3;;;;
08/02/2019;16:27:00;350;sem vítima;68,3;BR-060/GO;Norte;Choque - Outros;1;;;;;;;;;;1;;;;
08/02/2019;16:46:00;357;com vítima;630;BR-262/MG;Oeste;Tombamento;;;1;;;;;;;;0;1;;;
08/02/2019;20:41:00;477;com vítima;92;BR-060/GO;Sul;Atropelamento - Ciclista;1;1;;;;;;;;;1;1;;;
08/02/2019;20:53:00;482;com vítima;97,599;BR-060/GO;Norte;Colisão Lateral;;;;2;;;;;;;0;3;;;
09/02/2019;00:10:00;5;com vítima;35,299;BR-060/GO;Norte;Capotamento;1;;;;;;;;;;2;;1;;
09/02/2019;01:49:00;18;com vítima;446,071;BR-262/MG;Oeste;Atropelamento - Morador;;;1;;;;;;;;1;;;;1
09/02/2019;06:07:00;54;com vítima;472,5;BR-262/MG;Leste;Colisão Frontal;3;;;;;;;;;;1;;2;;
09/02/2019;06:32:00;60;sem vítima;115,9;BR-060/GO;Sul;Queda de Moto;;;;1;;;;;;;1;;;;
09/02/2019;07:36:00;70;com vítima;620,87;BR-262/MG;Oeste;Choque - Outros;1;;;;;;;;;;0;;;;1
09/02/2019;10:15:00;150;sem vítima;3,1;BR-153/MG;Sul;Capotamento;;;;;;;;;;1;3;;;;
09/02/2019;11:38:00;193;com vítima;508,4;BR-153/GO;Norte;Colisão Traseira;;;1;1;;;;;;;2;1;1;;
09/02/2019;15:07:00;281;sem vítima;521,5;BR-153/GO;Sul;Colisão Lateral;1;;1;;;;;;;;5;;;;
09/02/2019;17:40:00;360;sem vítima;520;BR-262/MG;Leste;Colisão Lateral;1;;1;;;;;;;;2;;;;
09/02/2019;18:05:00;375;sem vítima;360;BR-262/MG;Leste;Saida de Pista;1;;;;;;;;;;1;;;;
09/02/2019;18:54:00;396;com vítima;819;BR-262/MG;Oeste;Choque - Defensa, barreira ou "submarino";1;;;;;;;;;;0;4;;;
09/02/2019;19:37:00;408;com vítima;137;BR-060/GO;Sul;Colisão Frontal;2;;;;;;;;;;0;3;2;;
09/02/2019;22:59:00;481;sem vítima;433,168;BR-262/MG;Oeste;Capotamento;1;;;;;;;;;;1;;;;
10/02/2019;00:19:00;2;sem vítima;391;BR-262/MG;Oeste;Colisão Lateral;1;;1;;;;;;;;2;;;;
10/02/2019;05:04:00;42;com vítima;534,7;BR-153/GO;Sul;Capotamento;1;;;;;1;;;;;1;1;;;
10/02/2019;06:22:00;48;sem vítima;409;BR-262/MG;Oeste;Saida de Pista;1;;;;;;;;;;1;;;;
10/02/2019;07:41:00;71;sem vítima;608;BR-262/MG;Oeste;Saida de Pista;1;;;;;;;;;;4;;;;
10/02/2019;08:08:00;89;com vítima;376,5;BR-262/MG;Oeste;Queda de Ciclista;;;;1;;;;;;;0;;1;;
10/02/2019;10:11:00;139;sem vítima;375,5;BR-262/MG;Leste;Choque - Talude;1;;;;;;;;;;1;;;;
10/02/2019;10:47:00;158;com vítima;625,5;BR-262/MG;Leste;Capotamento;;;;;;;;;;1;0;2;;;
10/02/2019;11:59:00;193;com vítima;606;BR-262/MG;Leste;Capotamento;1;;;;;;;;;;0;1;;;
10/02/2019;13:05:00;230;com vítima;15,599;BR-060/DF;Sul;Capotamento;1;;;;;;;;;;0;;1;;1
10/02/2019;15:23:00;283;sem vítima;46,9;BR-060/GO;Norte;Choque - Talude;1;;;;;;;;;;1;;;;
10/02/2019;16:40:00;318;sem vítima;73,3;BR-060/GO;Norte;Choque - Elemento de Drenagem;1;;;;;;;;;;1;;;;
10/02/2019;16:58:00;327;sem vítima;508,9;BR-153/GO;Sul;Colisão Traseira;2;;;;;;;;;;3;;;;
10/02/2019;17:31:00;344;sem vítima;3;BR-060/DF;Sul;Choque - Arvore;1;;;;;;;;;;4;;;;
10/02/2019;18:12:00;361;sem vítima;361,069;BR-262/MG;Leste;Saida de Pista;1;;;;;;;;;;1;;;;
10/02/2019;18:27:00;364;sem vítima;220;BR-153/MG;Norte;Colisão Lateral;1;;;1;;;;;;;5;;;;
10/02/2019;18:33:00;365;sem vítima;45;BR-153/MG;Sul;Capotamento;1;;;;;;;;;;2;;;;
10/02/2019;18:50:00;374;sem vítima;45;BR-153/MG;Sul;Choque - Defensa, barreira ou "submarino";1;;;;;;;;;;1;;;;
10/02/2019;19:31:00;401;sem vítima;373;BR-262/MG;Leste;Colisão Lateral;1;;;;;1;;;;;2;;;;
10/02/2019;19:51:00;412;sem vítima;50,5;BR-153/MG;Sul;Saida de Pista;1;;;;;;;;;;1;;;;
10/02/2019;20:48:00;441;sem vítima;418;BR-262/MG;Oeste;Colisão Traseira;2;;;;;;;;;;6;;;;
10/02/2019;20:54:00;445;sem vítima;537;BR-153/GO;Norte;Saida de Pista;;;1;;;;;;;;1;;;;
10/02/2019;23:38:00;470;com vítima;522,9;BR-153/GO;Norte;Choque - Outros;1;;;;;;;;;;0;;1;;
11/02/2019;02:21:00;23;com vítima;5;BR-060/GO;Sul;Capotamento;1;;;;;;;;;;0;1;;;
11/02/2019;04:35:00;29;sem vítima;4;BR-060/DF;Sul;Saida de Pista;1;;;;;;;;;;1;;;;
11/02/2019;06:47:00;46;sem vítima;446;BR-262/MG;Oeste;Atropelamento - Andarilho;1;;;;;;;;;;2;;;;
11/02/2019;07:17:00;54;com vítima;507,8;BR-153/GO;Norte;Colisão Traseira;1;;;1;;;;;;;1;1;;;
11/02/2019;09:07:00;116;sem vítima;686;BR-153/GO;Norte;Colisão Lateral;;;1;;;;;;;1;2;;;;
11/02/2019;09:34:00;130;sem vítima;36,4;BR-060/GO;Sul;Colisão Lateral;1;;1;;;;;;;;2;;;;
11/02/2019;15:41:00;305;com vítima;507,9;BR-153/GO;Sul;Atropelamento - Usuário;1;;;;;;;;;;1;1;;;
11/02/2019;16:07:00;319;sem vítima;538;BR-262/MG;Oeste;Choque - Elemento de Drenagem;1;;;;;;;;;;1;;;;
11/02/2019;16:33:00;333;sem vítima;137,3;BR-060/GO;Norte;Colisão Traseira;1;;1;;;;;;;;3;;;;
11/02/2019;17:16:00;353;sem vítima;1,1;BR-060/GO;Norte;Choque - Elemento de Drenagem;1;;;;;;;;;;1;;;;
11/02/2019;17:53:00;372;sem vítima;58;BR-153/MG;Sul;Choque - Talude;;;1;;;;;;;;1;;;;
11/02/2019;18:04:00;377;sem vítima;502,9;BR-153/GO;Sul;Colisão Traseira;2;;;;;;;;;;2;;;;
11/02/2019;19:23:00;420;sem vítima;58;BR-153/MG;Sul;Capotamento;;;1;;;;;;;;2;;;;
12/02/2019;02:50:00;30;com vítima;617,399;BR-153/GO;Sul;Atropelamento de Animal;1;;;;;;;;;;0;1;;;
12/02/2019;07:36:00;80;sem vítima;368,489;BR-262/MG;Oeste;Choque - Defensa, barreira ou "submarino";1;;;;;;;;;;1;;;;
12/02/2019;08:03:00;89;sem vítima;364;BR-262/MG;Leste;Colisão Lateral;1;1;;;;;;;;;2;;;;
12/02/2019;10:32:00;193;sem vítima;610;BR-262/MG;Leste;Tombamento;;;1;;;;;;;;1;;;;
12/02/2019;15:34:00;312;sem vítima;233,8;BR-153/MG;Norte;Choque - Defensa, barreira ou "submarino";;;1;;;;;;;;1;;;;
12/02/2019;18:36:00;415;sem vítima;519,001;BR-153/GO;Norte;Choque - Elemento de Drenagem;1;;;;;;;;;;1;;;;
12/02/2019;20:35:00;459;sem vítima;519;BR-153/GO;Norte;Choque - Elemento de Drenagem;1;;;;;;;;;;2;;;;
12/02/2019;21:26:00;484;com vítima;522,2;BR-262/MG;Oeste;Colisão Traseira;1;;1;;;;;;;;1;1;;;
13/02/2019;07:18:00;65;sem vítima;530;BR-153/GO;Norte;Colisão Frontal;2;;;;;;;;;;3;;;;
13/02/2019;08:03:00;88;sem vítima;40,5;BR-153/MG;Sul;Capotamento;1;;;;;;;;;;3;;;;
13/02/2019;08:37:00;102;sem vítima;589,9;BR-153/GO;Sul;Colisão Traseira;;;2;;;;;;;;2;;;;
13/02/2019;08:57:00;119;com vítima;503;BR-153/GO;Norte;Queda de Moto;;;;1;;;;;;;0;2;;;
13/02/2019;12:02:00;218;com vítima;447;BR-262/MG;Oeste;Colisão Transversal;1;;;1;;;;;;;1;1;;;
13/02/2019;12:39:00;239;sem vítima;384,5;BR-262/MG;Oeste;Choque - Elemento de Drenagem;1;;;;;;;;;;1;;;;
13/02/2019;13:18:00;269;com vítima;513,7;BR-153/GO;Norte;Queda de Moto;;;;1;;;;;;;0;;;1;
13/02/2019;15:31:00;332;sem vítima;524,3;BR-153/GO;Sul;Saida de Pista;1;;;;;;;;;;1;;;;
13/02/2019;16:16:00;360;sem vítima;511;BR-153/GO;Sul;Colisão Traseira;1;;1;;;;;;;;2;;;;
13/02/2019;16:57:00;379;com vítima;558;BR-153/GO;Norte;Capotamento;1;;;;;;;;;;1;2;;;
13/02/2019;17:16:00;388;sem vítima;558,1;BR-153/GO;Norte;Saida de Pista;1;;;;;;;;;;1;;;;
13/02/2019;19:03:00;462;com vítima;594,8;BR-262/MG;Leste;Saida de Pista;;;1;;;;;;;;0;;;1;