data;horario;n_da_ocorrencia;tipo_de_ocorrencia;km;trecho;sentido;tipo_de_acidente;automovel;bicicleta;caminhao;moto;onibus;outros;tracao_animal;transporte_de_cargas_especiais;trator_maquinas;utilitarios;ilesos;levemente_feridos;moderadamente_feridos;gravemente_feridos;mortos
14/02/2019;00:12:00;4;com vítima;10,85;BR-060/GO;Sul;Colisão Traseira;;;2;;;;;;;;1;;;;1
14/02/2019;07:17:00;61;com vítima;137;BR-060/GO;Sul;Atropelamento - Morador;;;;1;;;;;;;0;;2;;
14/02/2019;07:42:00;66;com vítima;90,4;BR-060/GO;Sul;Colisão Traseira;2;;;;;;;;;;1;1;1;;
14/02/2019;08:17:00;84;sem vítima;620,22;BR-153/GO;Sul;Tombamento;1;;;;;;;;;;1;;;;
14/02/2019;12:01:00;242;sem vítima;575;BR-262/MG;Leste;Choque - Talude;1;;;;;;;;;;1;;;;
14/02/2019;13:51:00;290;com vítima;385;BR-262/MG;Oeste;Capotamento;1;;;;;;;;;;0;1;;;
14/02/2019;15:01:00;329;sem vítima;537,9;BR-262/MG;Leste;Colisão Transversal;1;;1;;;;;;;;2;;;;
14/02/2019;15:43:00;359;com vítima;96,5;BR-060/GO;Norte;Queda de Moto;;;;1;;;;;;;0;1;;;
15/02/2019;05:47:00;41;sem vítima;47,8;BR-060/GO;Norte;Choque - Elemento de Drenagem;1;;;;;;;;;;2;;;;
15/02/2019;06:30:00;48;com vítima;508,4;BR-153/GO;Sul;Choque - Veiculo parado na pista;2;;;;;;;;;;1;1;;;
15/02/2019;06:56:00;53;sem vítima;508,4;BR-153/GO;Sul;Colisão Traseira;1;;1;;;1;;;;;5;;;;
15/02/2019;08:02:00;76;sem vítima;687;BR-262/MG;Oeste;Queda de Moto;;;;1;;;;;;;1;;;;
15/02/2019;10:35:00;162;com vítima;388,255;BR-262/MG;Oeste;Colisão Transversal;2;;;;;;;;;;3;;1;;
15/02/2019;10:38:00;164;sem vítima;607,783;BR-262/MG;Oeste;Saida de Pista;;;1;;;;;;;;1;;;;
15/02/2019;10:49:00;170;sem vítima;466,089;BR-262/MG;Leste;Saida de Pista;1;;;;;;;;;;1;;;;
15/02/2019;15:18:00;293;sem vítima;31,3;BR-060/DF;Norte;Colisão Traseira;1;;1;;;;;;;;2;;;;
15/02/2019;17:35:00;380;com vítima;499;BR-153/GO;Sul;Colisão Lateral;;;;1;;;;;;;1;1;;;
15/02/2019;19:20:00;446;sem vítima;124;BR-153/MG;Sul;Choque - Elemento de Drenagem;;;;;;;;;;1;1;;;;
15/02/2019;19:54:00;463;sem vítima;740;BR-262/MG;Leste;Capotamento;1;;;;;;;;;;1;;;;
15/02/2019;23:04:00;547;com vítima;913;BR-262/MG;Oeste;Tombamento;;;1;;;;;;;;0;1;;;
16/02/2019;02:09:00;29;com vítima;5,2;BR-060/DF;Sul;Choque - Poste;1;;;;;;;;;;0;;1;;
16/02/2019;04:49:00;48;com vítima;498,5;BR-153/GO;Norte;Queda de Moto;;;;1;;;;;;;0;1;;;
16/02/2019;05:07:00;54;com vítima;492,4;BR-262/MG;Leste;Queda de Moto;;;;1;;;;;;;0;;;1;1
16/02/2019;05:50:00;58;com vítima;520;BR-153/GO;Norte;Choque - Elemento de Drenagem;1;;;;;;;;;;0;1;;;
16/02/2019;08:08:00;81;com vítima;104;BR-153/MG;Sul;Colisão Frontal;1;;1;;;;;;;;1;;;;2
16/02/2019;08:17:00;87;sem vítima;593,5;BR-262/MG;Leste;Capotamento;;;;;;;;;;1;1;;;;
16/02/2019;08:18:00;88;sem vítima;37,5;BR-153/MG;Sul;Saida de Pista;;;;;;;;;;1;1;;;;
16/02/2019;08:20:00;90;com vítima;27,5;BR-153/MG;Norte;Colisão Lateral;1;;1;;;;;;;;2;;1;;
16/02/2019;08:29:00;95;sem vítima;28,2;BR-153/MG;Norte;Capotamento;1;;;;;;;;;;1;;;;
16/02/2019;08:41:00;103;com vítima;361,37;BR-262/MG;Leste;Capotamento;1;;;;;;;;;;0;1;;;
16/02/2019;08:50:00;107;sem vítima;229,3;BR-153/MG;Norte;Capotamento;1;;;;;;;;;;3;;;;
16/02/2019;09:34:00;125;com vítima;901;BR-262/MG;Leste;Choque - Elemento de Drenagem;;;;;;;;;;1;0;1;;;
16/02/2019;09:49:00;134;sem vítima;510;BR-262/MG;Oeste;Saida de Pista;;;2;;;;;;;;2;;;;
16/02/2019;10:03:00;145;sem vítima;37,5;BR-153/MG;Sul;Choque - Veiculo parado na pista;2;;1;;;;;;;;4;;;;
16/02/2019;10:59:00;162;sem vítima;591;BR-153/GO;Sul;Choque - Elemento de Drenagem;1;;;;;;;;;;1;;;;
16/02/2019;11:25:00;169;sem vítima;571,05;BR-153/GO;Sul;Carreta deu L;;;1;;;;;;;;1;;;;
16/02/2019;12:16:00;184;com vítima;379;BR-262/MG;Leste;Capotamento;1;;;;;;;;;;0;2;;;
16/02/2019;15:18:00;254;sem vítima;402;BR-262/MG;Leste;Saida de Pista;1;;;;;;;;;;1;;;;
16/02/2019;15:29:00;264;com vítima;0,8;BR-060/GO;Norte;Capotamento;1;;;;;;;;;;2;1;1;1;
16/02/2019;17:21:00;311;sem vítima;519,899;BR-153/GO;Sul;Saida de Pista;1;;;;;;;;;;5;;;;
16/02/2019;17:22:00;312;com vítima;179,5;BR-153/MG;Sul;Choque - Talude;;;;;;;;;;1;0;;1;;
16/02/2019;18:13:00;327;com vítima;401,5;BR-262/MG;Oeste;Choque - Defensa, barreira ou "submarino";1;;;;;;;;;;1;;1;;
16/02/2019;19:04:00;339;sem vítima;25,5;BR-060/GO;Sul;Saida de Pista;1;;;;;;;;;;1;;;;
16/02/2019;19:06:00;340;com vítima;129,9;BR-153/MG;Norte;Colisão Lateral;;;2;;;;;;;;2;1;;;
16/02/2019;19:55:00;361;sem vítima;28,5;BR-060/GO;Norte;Choque - Suporte de Sinalização;1;;;;;;;;;;1;;;;
16/02/2019;21:14:00;380;sem vítima;503,985;BR-153/GO;Norte;Choque - Suporte de Sinalização;1;;;;;;;;;;1;;;;
16/02/2019;21:29:00;384;com vítima;95,7;BR-060/GO;Sul;Colisão Transversal;1;;;1;;;;;;;1;1;;;
16/02/2019;21:51:00;389;com vítima;452;BR-262/MG;Oeste;Tombamento;1;;;;;;;;;;0;1;;;
17/02/2019;01:10:00;16;sem vítima;34;BR-060/GO;Sul;Saida de Pista;1;;;;;;;;;;2;;;;
17/02/2019;03:33:00;26;sem vítima;505,8;BR-153/GO;Norte;Saida de Pista;1;;;;;;;;;;2;;;;
17/02/2019;08:04:00;68;sem vítima;119;BR-060/GO;Norte;Saida de Pista;1;;;;;;;;;;1;;;;
17/02/2019;08:31:00;79;sem vítima;558;BR-153/GO;Norte;Choque - Defensa, barreira ou "submarino";1;;;;;;;;;;1;;;;
17/02/2019;10:27:00;147;com vítima;28,5;BR-060/DF;Norte;Capotamento;1;;;;;;;;;;0;2;;;
17/02/2019;10:32:00;152;com vítima;584;BR-262/MG;Leste;Capotamento;1;;;;;;;;;;2;1;;;
17/02/2019;11:41:00;180;com vítima;530;BR-153/GO;Sul;Colisão Frontal;2;;;;;;;;;;1;;1;;
17/02/2019;11:42:00;181;sem vítima;80;BR-060/GO;Sul;Saida de Pista;1;;;;;1;;;;;2;;;;
17/02/2019;11:42:00;182;com vítima;594;BR-262/MG;Oeste;Colisão Traseira;;;2;;;;;;;;2;;1;;
17/02/2019;12:00:00;194;com vítima;608;BR-262/MG;Leste;Capotamento;1;;;;;;;;;;0;1;;;
17/02/2019;12:09:00;200;sem vítima;685;BR-153/GO;Sul;Colisão Lateral;1;;1;;;;;;;;2;;;;
17/02/2019;12:34:00;216;sem vítima;511;BR-153/GO;Sul;Carreta deu L;;;1;;;;;;;;1;;;;
17/02/2019;13:39:00;247;com vítima;380;BR-262/MG;Leste;Capotamento;1;;;;;;;;;;2;2;;;
17/02/2019;13:46:00;250;sem vítima;616,8;BR-153/GO;Norte;Capotamento;;;;;;;;;;1;4;;;;
17/02/2019;13:54:00;258;sem vítima;380;BR-262/MG;Leste;Choque - Elemento de Drenagem;1;;;;;;;;;;1;;;;
17/02/2019;14:14:00;270;com vítima;448;BR-262/MG;Oeste;Capotamento;1;;;;;;;;;;1;2;;;
17/02/2019;15:21:00;299;sem vítima;388;BR-262/MG;Oeste;Saida de Pista;1;;;;;;;;;;1;;;;
17/02/2019;17:32:00;365;sem vítima;41;BR-060/GO;Sul;Queda de Moto;;;;1;;;;;;;1;;;;
17/02/2019;18:19:00;392;sem vítima;380;BR-262/MG;Leste;Saida de Pista;1;;;;;;;;;;3;;;;
17/02/2019;18:54:00;404;sem vítima;382,37;BR-262/MG;Leste;Capotamento;1;;;;;;;;;;4;;;;
17/02/2019;21:03:00;473;sem vítima;109,3;BR-060/GO;Norte;Colisão Traseira;1;;1;;;;;;;;2;;;;
17/02/2019;21:28:00;482;sem vítima;396,567;BR-262/MG;Oeste;Saida de Pista;1;;;;;;;;;;1;;;;
18/02/2019;06:46:00;69;sem vítima;369;BR-262/MG;Oeste;Choque - Defensa, barreira ou "submarino";1;;;;;;;;;;1;;;;
18/02/2019;06:57:00;74;sem vítima;5;BR-060/DF;Sul;Tombamento;1;;;;;;;;;;1;;;;
18/02/2019;07:35:00;109;sem vítima;93;BR-060/GO;Norte;Choque - Defensa, barreira ou "submarino";1;;;;;;;;;;1;;;;
18/02/2019;07:41:00;112;sem vítima;385;BR-262/MG;Oeste;Capotamento;1;;;;;;;;;;1;;;;
18/02/2019;07:52:00;122;com vítima;124,8;BR-060/GO;Sul;Capotamento;1;;;;;;;;;;0;1;1;;
18/02/2019;13:27:00;345;sem vítima;101;BR-060/GO;Norte;Saida de Pista;1;;;;;;;;;;1;;;;
18/02/2019;13:33:00;347;sem vítima;608;BR-262/MG;Leste;Capotamento;1;;;;;;;;;;1;;;;
18/02/2019;13:42:00;351;sem vítima;385;BR-262/MG;Leste;Choque - Elemento de Drenagem;1;;;;;;;;;;3;;;;
18/02/2019;14:39:00;370;sem vítima;130;BR-153/MG;Norte;Colisão Traseira;2;;;;;;;;;;2;;;;
18/02/2019;15:18:00;389;sem vítima;401,5;BR-262/MG;Leste;Capotamento;1;;;;;;;;;;1;;;;
18/02/2019;16:25:00;418;sem vítima;526;BR-262/MG;Leste;Saida de Pista;1;;;;;;;;;;1;;;;
19/02/2019;02:09:00;21;com vítima;8,3;BR-060/DF;Norte;Colisão Traseira;;;2;;;;;;;;1;;;;1
19/02/2019;04:37:00;39;sem vítima;34,3;BR-153/MG;Sul;Saida de Pista;;;1;;;;;;;;1;;;;
19/02/2019;07:27:00;66;com vítima;494,1;BR-153/GO;Sul;Choque - Veiculo parado na pista;;;;1;;1;;;;;2;1;;;
19/02/2019;07:34:00;74;com vítima;137,8;BR-060/GO;Norte;Colisão Transversal;;;;2;;;;;;;1;1;;;
19/02/2019;10:07:00;198;sem vítima;129;BR-060/GO;Sul;Capotamento;1;;;;;;;;;;3;;;;
19/02/2019;11:42:00;260;sem vítima;539;BR-262/MG;Oeste;Saida de Pista;;;1;;;;;;;;1;;;;
19/02/2019;11:50:00;266;sem vítima;500,9;BR-153/GO;Sul;Colisão Traseira;1;;;1;;;;;;;2;;;;
19/02/2019;12:43:00;285;sem vítima;533;BR-153/GO;Sul;Carreta deu L;;;1;;;;;;;;1;;;;
19/02/2019;13:57:00;312;sem vítima;365;BR-262/MG;Leste;Colisão Traseira;1;;1;;;;;;;;2;;;;
19/02/2019;14:03:00;315;com vítima;114,5;BR-153/MG;Sul;Colisão Lateral;;;2;;;;;;;;1;1;;;
19/02/2019;17:06:00;400;sem vítima;41;BR-060/GO;Norte;Choque - Talude;1;;;;;;;;;;1;;;;
19/02/2019;17:10:00;402;sem vítima;549;BR-262/MG;Leste;Colisão Traseira;1;;1;;;;;;;;3;;;;
19/02/2019;22:18:00;509;sem vítima;540;BR-262/MG;Oeste;Saida de Pista;1;;;;;1;;;;;5;;;;
20/02/2019;06:20:00;71;com vítima;536,15;BR-153/GO;Sul;Capotamento;;;;;;;;;;1;2;1;;;
20/02/2019;10:29:00;249;com vítima;508;BR-153/GO;Sul;Colisão Lateral;;;;1;;;;;;1;1;1;;;
20/02/2019;11:02:00;272;sem vítima;159,8;BR-153/MG;Norte;Tombamento;;;1;;;;;;;;1;;;;
20/02/2019;12:15:00;308;com vítima;639;BR-153/GO;Norte;Capotamento;;;;;;;;;;1;0;;;1;
20/02/2019;13:01:00;340;sem vítima;700;BR-262/MG;Oeste;Saida de Pista;1;;1;;;;;;;;8;;;;
20/02/2019;13:13:00;345;sem vítima;362;BR-262/MG;Leste;Queda de Moto;;;;1;;;;;;;1;;;;
20/02/2019;13:37:00;354;sem vítima;594;BR-262/MG;Oeste;Tombamento;;;1;;;;;;;;1;;;;
20/02/2019;15:38:00;419;sem vítima;111,5;BR-060/GO;Norte;Choque - Elemento de Drenagem;;;1;;;;;;;;1;;;;
20/02/2019;16:54:00;451;sem vítima;815;BR-262/MG;Leste;Colisão Traseira;2;;;;;;;;;;2;;;;
20/02/2019;18:52:00;505;com vítima;472;BR-262/MG;Leste;Engavetamento;;;3;;;;;;;;2;1;;;
20/02/2019;21:24:00;569;sem vítima;762;BR-262/MG;Leste;Saida de Pista;;;1;;;;;;;;1;;;;
21/02/2019;00:54:00;8;sem vítima;63;BR-153/MG;Sul;Colisão Lateral;;;2;;;;;;;;3;;;;
21/02/2019;05:58:00;48;sem vítima;41,5;BR-060/GO;Norte;Saida de Pista;1;;;;;;;;;;4;;;;
21/02/2019;07:51:00;96;sem vítima;495,5;BR-153/GO;Sul;Engavetamento;4;;;;;;;;;;7;;;;
21/02/2019;08:20:00;113;com vítima;112,2;BR-153/MG;Sul;Colisão Frontal;;;3;;;;;;;;0;3;;;
21/02/2019;12:37:00;248;sem vítima;494,6;BR-153/GO;Sul;Engavetamento;1;;;;;;;;;2;3;;;;
21/02/2019;14:24:00;295;sem vítima;70,5;BR-153/MG;Norte;Tombamento;;;1;;;;;;;;1;;;;
21/02/2019;15:19:00;314;com vítima;30,2;BR-060/GO;Sul;Queda de Moto;;;;1;;;;;;;0;1;;;
21/02/2019;15:35:00;331;sem vítima;21,8;BR-153/MG;Norte;Saida de Pista;;;1;;;;;;;;2;;;;
21/02/2019;18:13:00;404;sem vítima;533;BR-153/GO;Sul;Capotamento;1;;;;;;;;;;2;;;;
21/02/2019;18:20:00;407;com vítima;97;BR-060/GO;Sul;Queda de Moto;;;;1;;;;;;;1;1;;;
21/02/2019;20:31:00;457;com vítima;703;BR-153/GO;Norte;Colisão Frontal;;;2;;;;;;;;0;;1;;1
22/02/2019;03:47:00;33;sem vítima;427;BR-262/MG;Oeste;Colisão Traseira;;;2;;;;;;;;2;;;;
22/02/2019;05:53:00;59;com vítima;2;BR-153/MG;Norte;Colisão Traseira;1;;;1;;;;;;;1;1;;;
22/02/2019;10:02:00;189;com vítima;781;BR-262/MG;Oeste;Choque - Talude;1;;;;;;;;;;0;1;;;
22/02/2019;10:31:00;209;sem vítima;537,5;BR-153/GO;Norte;Saida de Pista;1;;;;;;;;;;2;;;;
22/02/2019;10:33:00;211;com vítima;511,4;BR-153/GO;Sul;Queda de Moto;;;;1;;;;;;;0;;1;;
22/02/2019;15:37:00;363;sem vítima;473,038;BR-262/MG;Oeste;Colisão Traseira;1;;;;;;;;;;3;;;;
22/02/2019;15:40:00;379;sem vítima;138;BR-060/GO;Norte;Choque - Poste;;;1;;;;;;;;1;;;;
22/02/2019;17:55:00;422;com vítima;509,001;BR-153/GO;Norte;Colisão Lateral;1;;;1;;;;;;;1;1;;1;
22/02/2019;22:31:00;545;sem vítima;588;BR-153/GO;Norte;Saida de Pista;1;;;;;;;;;;1;;;;
22/02/2019;23:58:00;570;sem vítima;408;BR-262/MG;Oeste;Choque - Objeto sobre a pista;;;;1;;;;;;;2;;;;
23/02/2019;02:00:00;26;com vítima;445;BR-262/MG;Leste;Queda de Moto;;;;1;;;;;;;1;;1;;
23/02/2019;08:01:00;87;com vítima;230;BR-153/MG;Norte;Choque - Defensa, barreira ou "submarino";1;;;;;;;;;;0;1;;;
23/02/2019;08:07:00;93;com vítima;510,4;BR-153/GO;Sul;Colisão Lateral;1;;;1;;;;;;;3;1;;;
23/02/2019;08:08:00;94;com vítima;504,3;BR-153/GO;Norte;Queda de Moto;;;1;1;;;;;;;1;2;;;
23/02/2019;08:26:00;107;sem vítima;502,9;BR-153/GO;Sul;Colisão Traseira;1;;;1;;;;;;;2;;;;
23/02/2019;09:00:00;129;sem vítima;468;BR-262/MG;Oeste;Colisão Traseira;1;;1;;;;;;;;2;;;;
23/02/2019;11:02:00;194;com vítima;46,5;BR-060/GO;Norte;Choque - Talude;1;;;;;;;;;;0;1;;;
23/02/2019;12:56:00;248;sem vítima;559,6;BR-262/MG;Oeste;Tombamento;;;1;;;;;;;;1;;;;
23/02/2019;14:03:00;283;sem vítima;89;BR-153/MG;Norte;Choque - Elemento de Drenagem;1;;;;;;;;;;1;;;;
23/02/2019;14:14:00;286;com vítima;630,6;BR-262/MG;Leste;Colisão Frontal;1;;1;;;;;;;;1;;;1;
23/02/2019;15:50:00;337;sem vítima;187;BR-153/MG;Norte;Choque - Talude;;;1;;;;;;;;1;;;;
23/02/2019;19:31:00;442;sem vítima;789;BR-262/MG;Leste;Saida de Pista;;;1;;;;;;;;1;;;;
23/02/2019;19:35:00;443;sem vítima;628,001;BR-262/MG;Leste;Saida de Pista;1;;;;;;;;;;1;;;;
23/02/2019;20:12:00;461;sem vítima;855,1;BR-262/MG;Oeste;Choque - Talude;1;;;;;;;;;;1;;;;
23/02/2019;22:10:00;510;sem vítima;35,2;BR-060/GO;Norte;Saida de Pista;1;;;;;;;;;;1;;;;
24/02/2019;00:17:00;5;com vítima;405,065;BR-262/MG;Oeste;Choque - Arvore;1;;;;;;;;;;0;;1;;1
24/02/2019;04:16:00;55;sem vítima;607,5;BR-262/MG;Oeste;Saida de Pista;1;;;;;;;;;;1;;;;
24/02/2019;04:22:00;58;sem vítima;645,5;BR-262/MG;Leste;Saida de Pista;1;;;;;;;;;;2;;;;
24/02/2019;07:18:00;91;com vítima;535,6;BR-153/GO;Sul;Queda de Moto;;;;1;;;;;;;0;2;;;
24/02/2019;10:18:00;169;com vítima;88,4;BR-060/GO;Sul;Choque - Suporte de Sinalização;;;;1;;;;;;;0;1;;;
24/02/2019;10:47:00;184;com vítima;78,1;BR-153/MG;Norte;Queda de Moto;;;;1;;;;;;;1;1;;;
24/02/2019;11:18:00;200;sem vítima;360;BR-262/MG;Leste;Colisão Lateral;2;;;;;;;;;;2;;;;
24/02/2019;14:02:00;267;com vítima;23,4;BR-060/GO;Sul;Capotamento;;;;;;;;;;1;1;3;1;;
24/02/2019;14:04:00;268;sem vítima;58;BR-153/MG;Sul;Tombamento;;;1;;;;;;;;1;;;;
24/02/2019;14:19:00;274;sem vítima;24,8;BR-060/GO;Sul;Choque - Defensa, barreira ou "submarino";1;;;;;;;;;;3;;;;
24/02/2019;16:33:00;352;sem vítima;612;BR-153/GO;Norte;Saida de Pista;;;;;;;;;;1;4;;;;
24/02/2019;17:41:00;398;sem vítima;118,4;BR-060/GO;Norte;Colisão Lateral;2;;;;;;;;;;4;;;;
24/02/2019;17:56:00;405;com vítima;8,599;BR-153/MG;Norte;Tombamento;;;1;;;;;;;;0;1;;;
24/02/2019;18:57:00;431;sem vítima;359;BR-262/MG;Leste;Saida de Pista;1;;;;;;;;;;1;;;;
24/02/2019;21:26:00;487;com vítima;26;BR-153/MG;Sul;Tombamento;;;1;;;;;;;;0;1;;;
24/02/2019;22:17:00;502;sem vítima;494,8;BR-153/GO;Norte;Saida de Pista;1;;;;;;;;;;1;;;;
24/02/2019;22:28:00;506;com vítima;509;BR-153/GO;Sul;Queda de Moto;;;;1;;;;;;;0;1;;;
24/02/2019;23:08:00;521;sem vítima;503,5;BR-153/GO;Sul;Capotamento;1;;;;;;;;;;1;;;;
25/02/2019;06:53:00;67;com vítima;675,6;BR-153/GO;Sul;Capotamento;;;1;;;;;;;;0;1;;;
25/02/2019;07:07:00;71;com vítima;10,5;BR-060/GO;Sul;Saida de Pista;1;;;;;;;;;;0;;1;;
25/02/2019;07:22:00;81;sem vítima;506;BR-153/GO;Norte;Colisão Traseira;1;;;;;1;;;;;2;;;;
25/02/2019;07:34:00;86;com vítima;494,9;BR-153/GO;Sul;Colisão Traseira;;;;1;;;;;;1;3;1;;;
25/02/2019;07:39:00;92;com vítima;507;BR-153/GO;Norte;Colisão Traseira;1;;;1;;;;;;;4;1;;;
25/02/2019;08:52:00;115;com vítima;494,3;BR-153/GO;Sul;Colisão Traseira;;;;1;;;;;;1;1;;2;;
25/02/2019;12:36:00;244;sem vítima;449;BR-262/MG;Leste;Colisão Transversal;1;;1;;;;;;;;2;;;;
25/02/2019;12:47:00;248;sem vítima;108;BR-060/GO;Norte;Engavetamento;1;;1;;;;;;;1;6;;;;
25/02/2019;15:09:00;305;sem vítima;1;BR-060/DF;Norte;Choque - Elemento de Drenagem;1;;;;;;;;;;1;;;;
25/02/2019;15:24:00;316;sem vítima;562;BR-153/GO;Sul;Choque - Arvore;1;;;;;;;;;;1;;;;
25/02/2019;22:06:00;480;com vítima;603,671;BR-262/MG;Oeste;Choque - Talude;;;1;;;;;;;;0;1;;;
26/02/2019;02:33:00;38;sem vítima;172;BR-153/MG;Sul;Saida de Pista;;;;;;;;;;1;1;;;;
26/02/2019;06:16:00;59;com vítima;93,2;BR-060/GO;Sul;Colisão Traseira;2;;;;;;;;;;1;1;;;
26/02/2019;08:55:00;152;com vítima;494,3;BR-153/GO;Norte;Choque - Veiculo parado no acostamento;1;;;1;;;;;;;1;1;;;
26/02/2019;09:37:00;178;sem vítima;506;BR-153/GO;Norte;Colisão Lateral;1;;;1;;;;;;;2;;;;
26/02/2019;10:11:00;197;sem vítima;600;BR-262/MG;Leste;Colisão Traseira;1;;;;;;;;;1;2;;;;
26/02/2019;10:26:00;205;com vítima;598;BR-262/MG;Leste;Colisão Transversal;1;;;;;;;;;1;0;2;1;;
26/02/2019;10:34:00;210;sem vítima;16,4;BR-153/MG;Sul;Tombamento;;;1;;;;;;;;1;;;;
26/02/2019;13:57:00;300;com vítima;508;BR-153/GO;Sul;Colisão Lateral;1;;;1;;;;;;;1;1;;;
26/02/2019;16:37:00;416;sem vítima;358;BR-262/MG;Oeste;Carreta deu L;;;1;;;;;;;;1;;;;
26/02/2019;19:29:00;489;com vítima;116,299;BR-153/MG;Sul;Colisão Frontal;;;2;;;;;;;;1;1;;;
26/02/2019;21:29:00;528;sem vítima;383,968;BR-262/MG;Oeste;Saida de Pista;1;;;;;;;;;;2;;;;
27/02/2019;06:34:00;62;sem vítima;630,5;BR-153/GO;Norte;Saida de Pista;1;;;;;;;;;;2;;;;
27/02/2019;07:18:00;76;com vítima;501,2;BR-153/GO;Sul;Colisão Traseira;1;;;1;;;;;;;1;;1;;
27/02/2019;08:30:00;110;com vítima;503,4;BR-153/GO;Norte;Colisão Traseira;1;;;1;;;;;;;1;1;;;
27/02/2019;09:58:00;166;sem vítima;58;BR-153/MG;Sul;Colisão Lateral;1;;1;;;;;;;;2;;;;
27/02/2019;11:02:00;207;com vítima;539,8;BR-153/GO;Norte;Queda de Moto;;;;1;;;;;;;0;1;;;
27/02/2019;12:44:00;282;sem vítima;418;BR-262/MG;Leste;Colisão Traseira;;;2;;;;;;;;2;;;;
27/02/2019;18:34:00;453;sem vítima;43;BR-153/MG;Norte;Saida de Pista;;;1;;;;;;;;1;;;;
27/02/2019;19:32:00;480;com vítima;441,067;BR-262/MG;Oeste;Queda de Moto;;;;1;;;;;;;0;1;;;
28/02/2019;02:37:00;28;sem vítima;371,468;BR-262/MG;Leste;Saida de Pista;;;1;;;;;;;;1;;;;
28/02/2019;05:40:00;47;sem vítima;538,868;BR-262/MG;Oeste;Saida de Pista;1;;;;;;;;;;1;;;;
28/02/2019;06:46:00;65;com vítima;360;BR-262/MG;Leste;Queda de Moto;;;;1;;;;;;;0;1;;;
28/02/2019;06:51:00;66;sem vítima;561;BR-153/GO;Sul;Colisão Lateral;1;;;;;;;;;;1;;;;
28/02/2019;07:07:00;69;sem vítima;2;BR-060/DF;Norte;Colisão Traseira;2;;;;;;;;;;3;;;;
28/02/2019;07:59:00;98;com vítima;501;BR-153/GO;Norte;Queda de Moto;;;;1;;;;;;;0;1;;;
28/02/2019;07:59:00;99;sem vítima;584;BR-262/MG;Leste;Saida de Pista;1;;;;;;;;;;2;;;;
28/02/2019;09:43:00;148;sem vítima;96;BR-060/GO;Sul;Colisão Lateral;1;;1;;;;;;;;3;;;;
28/02/2019;09:45:00;150;sem vítima;478;BR-262/MG;Oeste;Colisão Lateral;1;;;;;;;;;1;2;;;;
28/02/2019;10:02:00;160;sem vítima;510,4;BR-153/GO;Norte;Colisão Traseira;2;;;;;;;;;;4;;;;
28/02/2019;11:14:00;211;com vítima;28,24;BR-060/GO;Norte;Colisão Traseira;2;;;;;;;;;;5;1;;;
28/02/2019;13:03:00;258;sem vítima;136;BR-060/GO;Sul;Tombamento;;;1;;;;;;;;1;;;;
28/02/2019;13:33:00;278;sem vítima;634,1;BR-153/GO;Sul;Tombamento;;;1;;;;;;;;1;;;;
28/02/2019;14:12:00;295;sem vítima;9;BR-060/DF;Sul;Colisão Traseira;2;;;;;;;;;;2;;;;
28/02/2019;15:34:00;328;sem vítima;74,8;BR-153/MG;Norte;Tombamento;;;1;;;;;;;;1;;;;
28/02/2019;16:06:00;351;com vítima;500,8;BR-153/GO;Sul;Queda de Moto;;;;1;;;;;;;0;1;;;
28/02/2019;16:11:00;354;com vítima;535,6;BR-153/GO;Norte;Tombamento;;;1;;;;;;;;2;1;;;
28/02/2019;16:59:00;382;sem vítima;379,4;BR-262/MG;Leste;Choque - Talude;;;1;;;;;;;;1;;;;
28/02/2019;19:00:00;445;sem vítima;19,2;BR-060/DF;Sul;Saida de Pista;1;;;;;;;;;;1;;;;
01/03/2019;01:58:00;30;com vítima;729,5;BR-262/MG;Oeste;Capotamento;;;1;;;;;;;;0;;;1;
01/03/2019;05:32:00;62;sem vítima;618;BR-153/GO;Norte;Choque - Elemento de Drenagem;1;;1;;;;;;;;2;;;;
01/03/2019;05:51:00;65;com vítima;464;BR-262/MG;Leste;Tombamento;;;1;;;;;;;;0;1;;;
01/03/2019;07:19:00;89;sem vítima;57,2;BR-153/MG;Norte;Choque - Talude;1;;;;;;;;;;1;;;;
01/03/2019;07:36:00;97;com vítima;506;BR-153/GO;Sul;Colisão Traseira;1;;;1;;;;;;;1;;1;;
01/03/2019;08:02:00;109;com vítima;500;BR-153/GO;Sul;Colisão Traseira;1;;;1;;;;;;;1;1;;;
01/03/2019;08:20:00;118;com vítima;501;BR-153/GO;Norte;Queda de Moto;;;;1;;;;;;;1;1;;;
01/03/2019;13:13:00;288;com vítima;598;BR-153/GO;Norte;Capotamento;1;;;;;;;;;;0;2;;;
01/03/2019;13:46:00;311;sem vítima;499;BR-153/GO;Sul;Engavetamento;4;;;;;;;;;;6;;;;
01/03/2019;14:31:00;335;sem vítima;514;BR-153/GO;Sul;Capotamento;1;;;;;;;;;;1;;;;
01/03/2019;14:34:00;338;sem vítima;625,9;BR-153/GO;Sul;Tombamento;;;1;;;;;;;1;4;;;;
01/03/2019;14:46:00;346;sem vítima;534,5;BR-262/MG;Leste;Colisão Traseira;1;;1;;;;;;;;2;;;;
01/03/2019;15:32:00;373;sem vítima;22;BR-153/MG;Sul;Choque - Elemento de Drenagem;1;;;;;;;;;;1;;;;
01/03/2019;15:52:00;384;sem vítima;39;BR-153/MG;Sul;Saida de Pista;1;;;;;1;;;;;2;;;;
01/03/2019;16:17:00;399;sem vítima;447;BR-262/MG;Leste;Capotamento;2;;;;;;;;;;2;;;;
01/03/2019;17:04:00;428;sem vítima;354;BR-262/MG;Oeste;Colisão Traseira;2;;;;;;;;;;2;;;;
01/03/2019;17:21:00;439;sem vítima;594;BR-262/MG;Leste;Saida de Pista;;;1;;;;;;;;1;;;;
01/03/2019;17:53:00;453;sem vítima;79;BR-060/GO;Sul;Colisão Traseira;2;;;;;;;;;;2;;;;