data;horario;n_da_ocorrencia;tipo_de_ocorrencia;km;trecho;sentido;tipo_de_acidente;automovel;bicicleta;caminhao;moto;onibus;outros;tracao_animal;transporte_de_cargas_especiais;trator_maquinas;utilitarios;ilesos;levemente_feridos;moderadamente_feridos;gravemente_feridos;mortos
01/03/2019;21:53:00;563;sem vítima;385;BR-262/MG;Oeste;Saida de Pista;1;;;;;;;;;;1;;;;
01/03/2019;22:18:00;570;com vítima;82;BR-060/GO;Sul;Capotamento;1;;;;;;;;;;0;4;1;;
02/03/2019;06:07:00;63;com vítima;16;BR-060/DF;Sul;Queda de Ciclista;;2;;;;;;;;;1;;1;;
02/03/2019;06:12:00;65;sem vítima;114;BR-060/GO;Norte;Choque - Talude;1;;;;;;;;;;1;;;;
02/03/2019;07:11:00;85;sem vítima;706;BR-262/MG;Leste;Colisão Traseira;;;1;;1;;;;;;2;;;;
02/03/2019;07:22:00;88;sem vítima;663;BR-153/GO;Sul;Engavetamento;3;;;;;;;;;;3;;;;
02/03/2019;07:23:00;89;sem vítima;496,5;BR-153/GO;Sul;Queda de Moto;;;;1;;;;;;;1;;;;
02/03/2019;07:30:00;92;sem vítima;4;BR-060/DF;Sul;Colisão Lateral;1;;;;1;;;;;;2;;;;
02/03/2019;07:31:00;94;com vítima;607;BR-262/MG;Leste;Choque - Talude;1;;;;;;;;;;1;1;;;
02/03/2019;07:33:00;95;sem vítima;506;BR-153/GO;Norte;Colisão Lateral;;;1;1;;;;;;;2;;;;
02/03/2019;07:50:00;103;com vítima;716;BR-262/MG;Leste;Tombamento;;;1;;;;;;;;0;1;;;
02/03/2019;07:53:00;107;sem vítima;666;BR-153/GO;Sul;Choque - Elemento de Drenagem;1;;;;;;;;;;1;;;;
02/03/2019;08:17:00;115;com vítima;585,9;BR-262/MG;Leste;Colisão Frontal;3;;;;;;;;;;6;1;2;;
02/03/2019;10:05:00;180;sem vítima;131;BR-060/GO;Sul;Colisão Traseira;2;;;;;;;;;;2;;;;
02/03/2019;10:06:00;182;sem vítima;209,8;BR-153/MG;Norte;Colisão Lateral;1;;;;;;;;;1;2;;;;
02/03/2019;11:04:00;208;com vítima;505,5;BR-153/GO;Sul;Colisão Traseira;1;;;1;;1;;;;;2;1;;;
02/03/2019;12:25:00;255;sem vítima;501,1;BR-153/GO;Sul;;1;;;1;;;;;;;2;;;;
02/03/2019;12:39:00;261;sem vítima;499,2;BR-153/GO;Norte;Choque - Suporte de Sinalização;1;;;;;;;;;;1;;;;
02/03/2019;13:26:00;285;sem vítima;22;BR-153/MG;Norte;Saida de Pista;1;;;;;;;;;;1;;;;
02/03/2019;15:54:00;353;com vítima;389;BR-262/MG;Leste;Engavetamento;3;;;;;;;;;;5;1;;;
02/03/2019;17:31:00;403;com vítima;516,3;BR-153/GO;Sul;Queda de Ciclista;;;;1;;;;;;;0;1;;;
02/03/2019;19:00:00;445;sem vítima;245;BR-153/MG;Sul;Colisão Lateral;1;;;1;;;;;;;2;;;;
03/03/2019;00:46:00;13;com vítima;95;BR-060/GO;Sul;Saida de Pista;1;;;;;;;;;;0;1;;;
03/03/2019;02:31:00;26;sem vítima;596;BR-153/GO;Sul;Capotamento;1;;;;;;;;;;3;;;;
03/03/2019;04:19:00;33;sem vítima;58;BR-153/MG;Sul;Tombamento;;;1;;;;;;;;1;;;;
03/03/2019;05:52:00;42;com vítima;5;BR-060/DF;Norte;Choque - Talude;1;;;;;;;;;;0;1;;;
03/03/2019;07:20:00;54;sem vítima;551,8;BR-262/MG;Leste;Carreta deu L;;;1;;;;;;;;1;;;;
03/03/2019;09:55:00;119;com vítima;53;BR-060/GO;Norte;Queda de Moto;;;;1;;;;;;;0;1;;;
03/03/2019;11:34:00;162;sem vítima;13;BR-153/MG;Norte;Saida de Pista;;;;;;;;;;1;1;;;;
03/03/2019;12:07:00;171;com vítima;438,5;BR-262/MG;Leste;Colisão Traseira;1;;1;;;;;;;;2;3;;;
03/03/2019;13:32:00;209;sem vítima;16;BR-060/GO;Norte;Saida de Pista;1;;;;;;;;;;1;;;;
03/03/2019;13:33:00;210;com vítima;471;BR-262/MG;Leste;Capotamento;1;;;;;;;;;;1;2;;;
03/03/2019;14:48:00;233;sem vítima;516;BR-262/MG;Oeste;Colisão Traseira;1;;1;;;;;;;;4;;;;
03/03/2019;16:19:00;274;sem vítima;436;BR-262/MG;Leste;Saida de Pista;1;;;;;;;;;;1;;;;
03/03/2019;18:51:00;325;sem vítima;64,6;BR-060/GO;Norte;Queda de Ciclista;;;;1;;;;;;;2;;;;
03/03/2019;19:05:00;327;com vítima;506,199;BR-153/GO;Norte;Queda de Moto;;;;1;;;;;;;0;1;;;
03/03/2019;20:35:00;359;com vítima;514,001;BR-153/GO;Sul;Queda de Moto;;;;1;;;;;;;0;;1;;
03/03/2019;23:09:00;400;sem vítima;30,699;BR-060/DF;Sul;Colisão Traseira;1;;;1;;;;;;;2;;;;
04/03/2019;01:59:00;18;com vítima;109,599;BR-060/GO;Norte;Tombamento;;;1;;;;;;;;1;1;;;
04/03/2019;03:06:00;24;com vítima;912;BR-262/MG;Leste;Capotamento;1;;;;;;;;;;0;1;;;
04/03/2019;06:21:00;46;sem vítima;166,2;BR-153/MG;Sul;Saida de Pista;1;;;;;;;;;;1;;;;
04/03/2019;10:59:00;171;com vítima;127;BR-060/GO;Norte;Colisão Traseira;;;;1;;;;;;1;2;;1;;
04/03/2019;12:29:00;221;com vítima;797;BR-262/MG;Leste;Queda de Moto;;;;1;;;;;;;1;1;;;
05/03/2019;00:08:00;2;com vítima;438,8;BR-262/MG;Leste;Atropelamento de Animal;1;;;;;;;;;;0;;1;1;
05/03/2019;00:08:00;7;sem vítima;438,8;BR-262/MG;Leste;Atropelamento - Outros;1;;;;;;;;;;2;;;;
05/03/2019;00:50:00;10;com vítima;493,699;BR-153/GO;Sul;Colisão Frontal;1;;;1;;;;;;;1;;;1;
05/03/2019;00:53:00;11;sem vítima;479;BR-262/MG;Oeste;Carreta deu L;1;;1;;;;;;;;2;;;;
05/03/2019;02:17:00;24;sem vítima;4,8;BR-060/DF;Norte;Capotamento;1;;;;;;;;;;3;;;;
05/03/2019;05:51:00;38;sem vítima;423;BR-262/MG;Oeste;Colisão Transversal;1;;;;;;;;;;1;;;;
05/03/2019;07:58:00;96;com vítima;407;BR-262/MG;Leste;Queda de Ciclista;;1;;;;;;;;;0;;1;;
05/03/2019;12:27:00;301;sem vítima;84;BR-060/GO;Norte;Saida de Pista;1;;;;;;;;;;1;;;;
05/03/2019;12:39:00;308;sem vítima;2;BR-060/GO;Norte;Capotamento;1;;;;;;;;;;1;;;;
05/03/2019;13:43:00;334;com vítima;2,1;BR-060/GO;Sul;Atropelamento - Usuário;;;;;;;;;;1;1;1;;;
05/03/2019;16:22:00;419;sem vítima;481,1;BR-262/MG;Oeste;Colisão Lateral;2;;;;;;;;;;2;;;;
05/03/2019;16:39:00;432;sem vítima;100,8;BR-060/GO;Sul;Saida de Pista;1;;;;;;;;;;1;;;;
05/03/2019;17:40:00;473;com vítima;591;BR-153/GO;Norte;Capotamento;1;;;;;;;;;;1;2;;;
05/03/2019;18:23:00;492;com vítima;131;BR-060/GO;Sul;Colisão Traseira;2;;;;;;;;;;4;1;;;
05/03/2019;18:28:00;496;sem vítima;353;BR-262/MG;Oeste;Capotamento;1;;;;;;;;;;1;;;;
05/03/2019;19:18:00;524;com vítima;104;BR-060/GO;Sul;Capotamento;1;;;;;;;;;;0;;1;;
05/03/2019;19:47:00;538;sem vítima;105;BR-060/GO;Norte;Choque - Defensa, barreira ou "submarino";1;;;;;;;;;;1;;;;
05/03/2019;21:28:00;580;sem vítima;408;BR-262/MG;Leste;Queda de Moto;;;;1;;;;;;;2;;;;
05/03/2019;23:09:00;614;com vítima;28;BR-060/DF;Norte;Colisão Traseira;2;;;;;;;;;;3;2;;;
06/03/2019;11:32:00;329;com vítima;813;BR-262/MG;Oeste;Colisão Traseira;1;;;1;;;;;;;1;1;;;
06/03/2019;12:13:00;353;sem vítima;512;BR-153/GO;Sul;Colisão Traseira;;;2;;;;;;;;2;;;;
06/03/2019;13:52:00;396;sem vítima;443,968;BR-262/MG;Leste;Choque - Suporte de Sinalização;1;;;;;;;;;;1;;;;
06/03/2019;14:35:00;412;sem vítima;626,9;BR-153/GO;Sul;Capotamento;1;;;;;;;;;;1;;;;
06/03/2019;15:14:00;425;com vítima;363,6;BR-262/MG;Oeste;Capotamento;;;;;;;;;;1;0;1;;;
06/03/2019;16:01:00;439;sem vítima;603,978;BR-153/GO;Sul;Capotamento;;;1;;;;;;;;1;;;;
06/03/2019;16:10:00;445;com vítima;380,5;BR-262/MG;Leste;Capotamento;1;;;;;;;;;;2;;1;;
06/03/2019;18:27:00;492;com vítima;94,3;BR-060/GO;Sul;Engavetamento;3;;1;1;;;;;;;6;1;;;
06/03/2019;19:59:00;526;sem vítima;30,1;BR-060/GO;Norte;Colisão Traseira;1;;1;;;;;;;;2;;;;
06/03/2019;21:31:00;551;sem vítima;507,971;BR-262/MG;Oeste;Tombamento;;;1;;;;;;;;1;;;;
06/03/2019;21:35:00;553;com vítima;33,9;BR-060/GO;Norte;Colisão Traseira;1;;1;;;;;;;;1;2;;;
07/03/2019;04:06:00;36;sem vítima;389;BR-262/MG;Oeste;Choque - Outros;;;1;;;;;;;;1;;;;
07/03/2019;06:06:00;51;com vítima;491,9;BR-153/GO;Norte;Colisão Lateral;;;;2;;;;;;;2;;1;;
07/03/2019;06:55:00;61;sem vítima;2,9;BR-060/DF;Norte;Engavetamento;1;;;;;;;;;;1;;;;
07/03/2019;08:31:00;122;sem vítima;494,9;BR-153/GO;Norte;Colisão Traseira;1;;1;;;1;;;;;3;;;;
07/03/2019;10:01:00;180;sem vítima;362;BR-262/MG;Leste;Capotamento;1;;;;;;;;;;3;;;;
07/03/2019;10:19:00;200;com vítima;484,5;BR-262/MG;Leste;Choque - Talude;1;;;;;;;;;;0;1;;;
07/03/2019;12:40:00;274;sem vítima;480;BR-262/MG;Leste;Choque - Elemento de Drenagem;1;;;;;;;;;;1;;;;
07/03/2019;13:36:00;306;com vítima;116;BR-060/GO;Norte;Capotamento;;;;;;;;;;1;1;1;;;
07/03/2019;15:46:00;363;com vítima;889;BR-262/MG;Oeste;Capotamento;;;;;;;;;;1;2;;;1;
07/03/2019;17:40:00;399;sem vítima;59,5;BR-153/MG;Norte;Colisão Traseira;1;;;;;;;;;1;3;;;;
07/03/2019;18:26:00;426;com vítima;125,799;BR-153/MG;Norte;Tombamento;;;1;;;;;;;;0;1;1;;
07/03/2019;20:51:00;478;sem vítima;510,1;BR-153/GO;Norte;Colisão Traseira;2;;;;;;;;;;2;;;;
07/03/2019;20:55:00;479;com vítima;134,2;BR-060/GO;Sul;Queda de Ciclista;;;;1;;;;;;;1;1;;;
07/03/2019;22:50:00;533;sem vítima;475,3;BR-262/MG;Leste;Colisão Traseira;1;;;;;;;;;1;2;;;;
07/03/2019;23:42:00;544;com vítima;657,3;BR-153/GO;Sul;Colisão Traseira;1;;1;;;;;;;;1;1;;;
08/03/2019;01:20:00;19;sem vítima;494;BR-262/MG;Leste;Saida de Pista;;;1;;;;;;;;1;;;;
08/03/2019;06:46:00;51;sem vítima;210;BR-153/MG;Sul;Choque - Elemento de Drenagem;1;;;;;;;;;;1;;;;
08/03/2019;07:54:00;81;sem vítima;495,5;BR-153/GO;Sul;Colisão Traseira;2;;;;;;;;;;2;;;;
08/03/2019;08:04:00;86;sem vítima;366;BR-262/MG;Leste;Saida de Pista;1;;;;;;;;;1;2;;;;
08/03/2019;10:24:00;180;sem vítima;218;BR-153/MG;Sul;Capotamento;;;;;;;;;;1;1;;;;
08/03/2019;15:17:00;337;sem vítima;0,3;BR-153/MG;Norte;Saida de Pista;1;;;;;;;;;;1;;;;
08/03/2019;16:46:00;375;sem vítima;621;BR-262/MG;Leste;Colisão Traseira;1;;1;;;;;;;;2;;;;
08/03/2019;17:39:00;404;com vítima;499;BR-153/GO;Sul;Colisão Lateral;1;;;1;;;;;;;2;1;1;;
08/03/2019;18:58:00;441;sem vítima;58,899;BR-153/MG;Norte;Colisão Traseira;;;2;;;;;;;;2;;;;
08/03/2019;19:33:00;459;com vítima;1,8;BR-153/MG;Norte;Colisão Lateral;;;1;1;;;;;;;2;1;;;
09/03/2019;00:03:00;1;com vítima;516;BR-153/GO;Norte;Queda de Moto;;;;1;;;;;;;0;1;;;
09/03/2019;04:47:00;64;sem vítima;52,6;BR-060/GO;Norte;Capotamento;1;;;;;;;;;;1;;;;
09/03/2019;05:22:00;71;sem vítima;479,4;BR-262/MG;Oeste;Colisão Traseira;1;;1;;;;;;;;2;;;;
09/03/2019;06:38:00;85;sem vítima;81,2;BR-060/GO;Sul;Capotamento;1;;;;;;;;;;1;;;;
09/03/2019;07:18:00;101;com vítima;106;BR-060/GO;Sul;Queda de Ciclista;;;;1;;;;;;;0;2;;;
09/03/2019;07:37:00;109;com vítima;380;BR-262/MG;Oeste;Queda de Moto;;;;1;;;;;;;0;1;;;
09/03/2019;10:07:00;247;com vítima;385;BR-262/MG;Oeste;Queda de Moto;;;;1;;;;;;;0;1;;;
09/03/2019;11:39:00;316;sem vítima;99,965;BR-060/GO;Sul;Engavetamento;2;;1;;;;;;;;3;;;;
09/03/2019;12:24:00;326;com vítima;485;BR-262/MG;Oeste;Queda de Moto;;;;1;;;;;;;1;1;;;
09/03/2019;13:05:00;345;sem vítima;604,5;BR-153/GO;Sul;;1;;;;;;;;;;1;;;;
09/03/2019;14:53:00;387;sem vítima;21;BR-153/MG;Sul;Choque - Elemento de Drenagem;1;;;;;;;;;;1;;;;
09/03/2019;18:07:00;480;sem vítima;133;BR-060/GO;Sul;Capotamento;;;1;;;;;;;;1;;;;
09/03/2019;19:18:00;513;com vítima;622;BR-262/MG;Oeste;Colisão Lateral;1;;;;1;;;;;;29;1;;;
09/03/2019;23:22:00;597;sem vítima;171;BR-153/MG;Norte;Saida de Pista;1;;;;;;;;;;1;;;;
10/03/2019;10:11:00;270;com vítima;4,958;BR-060/GO;Norte;Queda de Moto;1;;;1;;;;;;;1;;;1;
10/03/2019;13:48:00;423;sem vítima;13;BR-060/DF;Sul;Choque - Suporte de Sinalização;1;;;;;;;;;;1;;;;
10/03/2019;15:26:00;474;sem vítima;138;BR-060/GO;Norte;Colisão Frontal;2;;;;;;;;;;2;;;;
10/03/2019;17:15:00;555;sem vítima;58;BR-153/MG;Sul;Colisão Lateral;1;;1;;;;;;;;5;;;;
10/03/2019;17:20:00;559;sem vítima;197;BR-153/MG;Sul;Colisão Lateral;;;1;;;;;;;1;3;;;;
10/03/2019;18:04:00;583;com vítima;611;BR-262/MG;Oeste;Carreta deu L;;;1;;;;;;;;0;;1;;
10/03/2019;18:04:00;597;sem vítima;611;BR-262/MG;Oeste;Colisão Traseira;1;;1;;;;;;;;4;;;;
10/03/2019;18:25:00;601;sem vítima;232;BR-153/MG;Norte;Colisão Traseira;2;;;;;;;;;;2;;;;
10/03/2019;19:19:00;626;sem vítima;517;BR-153/GO;Sul;Colisão Traseira;;;2;;;;;;;;2;;;;
10/03/2019;19:25:00;628;sem vítima;59;BR-153/MG;Sul;Colisão Traseira;2;;;;;;;;;;2;;;;
10/03/2019;21:31:00;669;sem vítima;24,9;BR-060/GO;Norte;Colisão Traseira;;;;;1;1;;;;1;7;;;;
11/03/2019;02:50:00;32;com vítima;58;BR-153/MG;Norte;Colisão Lateral;;;1;;1;;;;;;19;1;1;;
11/03/2019;06:06:00;60;com vítima;9,7;BR-060/DF;Norte;Atropelamento - Usuário;2;;;1;;;;;;;2;1;;;1
11/03/2019;07:16:00;80;sem vítima;2,95;BR-060/DF;Sul;Colisão Transversal;1;;;1;;;;;;;2;;;;
11/03/2019;07:32:00;84;sem vítima;371;BR-262/MG;Oeste;Choque - Elemento de Drenagem;1;;;;;;;;;;1;;;;
11/03/2019;07:55:00;95;com vítima;502,95;BR-153/GO;Norte;Engavetamento;1;;;2;;;;;;;3;1;;;
11/03/2019;08:09:00;111;sem vítima;502,5;BR-153/GO;Sul;Engavetamento;3;;;;;;;;;;3;;;;
11/03/2019;08:42:00;134;sem vítima;18,7;BR-060/GO;Norte;Colisão Traseira;2;;;;;;;;;;2;;;;
11/03/2019;11:46:00;248;com vítima;92,7;BR-060/GO;Sul;Colisão Transversal;1;;;;;;;;;1;1;1;;;
11/03/2019;14:12:00;358;sem vítima;513;BR-153/GO;Sul;Choque - Defensa, barreira ou "submarino";1;;;;;;;;;;1;;;;
11/03/2019;16:48:00;437;sem vítima;541,8;BR-153/GO;Norte;Colisão Traseira;;;2;;;;;;;;2;;;;
11/03/2019;17:58:00;474;com vítima;115,099;BR-060/GO;Norte;Capotamento;;;;;1;;;;;;0;1;;;
12/03/2019;03:13:00;25;sem vítima;68,001;BR-060/GO;Sul;Capotamento;1;;;;;;;;;;5;;;;
12/03/2019;07:54:00;78;com vítima;507;BR-153/GO;Norte;Queda de Moto;;;;1;;;;;;;0;1;;1;
12/03/2019;09:26:00;154;sem vítima;606,7;BR-153/GO;Sul;Colisão Traseira;1;;;;;;;;;1;3;;;;
12/03/2019;09:58:00;176;com vítima;811;BR-262/MG;Leste;Colisão Traseira;1;;;;;;;;;1;1;1;;;
12/03/2019;13:38:00;276;com vítima;104,8;BR-060/GO;Sul;Tombamento;;;1;;;;;;;;0;1;;;
12/03/2019;13:42:00;278;sem vítima;611,5;BR-262/MG;Leste;Colisão Frontal;;;2;;;;;;;;2;;;;
12/03/2019;14:56:00;310;sem vítima;125,5;BR-060/GO;Sul;Colisão Traseira;;;1;;;;;;;;1;;;;
12/03/2019;15:00:00;313;com vítima;95;BR-060/GO;Norte;Queda de Moto;;;;1;;;;;;;0;1;;;
12/03/2019;15:25:00;325;sem vítima;764,3;BR-262/MG;Oeste;Saida de Pista;;;1;;;;;;;;1;;;;
12/03/2019;17:06:00;366;sem vítima;27,5;BR-060/DF;Sul;Capotamento;;;;;;;;;;1;1;;;;
12/03/2019;17:51:00;396;sem vítima;656;BR-153/GO;Sul;;1;;1;;;1;;;;;3;;;;
12/03/2019;18:30:00;410;com vítima;369,567;BR-262/MG;Oeste;Queda de Moto;;;;1;;;;;;;0;1;;;
12/03/2019;18:48:00;421;com vítima;227;BR-153/MG;Sul;Colisão Traseira;;;1;1;;;;;;;1;1;;;
12/03/2019;23:01:00;505;com vítima;357,2;BR-262/MG;Leste;Atropelamento de Animal;;;;1;;;;;;;0;;1;;
13/03/2019;01:47:00;19;sem vítima;639;BR-262/MG;Leste;Saida de Pista;1;;;;;;;;;;1;;;;
13/03/2019;05:18:00;44;com vítima;687,4;BR-153/GO;Norte;Colisão Traseira;1;;1;;;;;;;;2;2;;;
13/03/2019;05:25:00;45;com vítima;366,37;BR-262/MG;Leste;Colisão Traseira;;;2;;;;;;;;0;1;;;1
13/03/2019;07:16:00;78;com vítima;495,5;BR-153/GO;Sul;Colisão Traseira;1;;;1;;;;;;;1;1;;;
13/03/2019;07:20:00;81;com vítima;368,8;BR-262/MG;Leste;Engavetamento;6;;4;;;;;;;1;10;1;;;
13/03/2019;08:00:00;105;sem vítima;369;BR-262/MG;Leste;Colisão Lateral;;;2;;;;;;;;2;;;;
13/03/2019;08:41:00;147;sem vítima;497;BR-153/GO;Sul;Colisão Lateral;1;;;1;;1;;;;;2;;;;
13/03/2019;10:06:00;231;sem vítima;64,95;BR-153/MG;Norte;Tombamento;;;1;;;;;;;;1;;;;
13/03/2019;10:22:00;237;com vítima;532;BR-153/GO;Norte;Choque - Defensa, barreira ou "submarino";1;;;;;;;;;;1;1;;;
13/03/2019;13:28:00;319;com vítima;403;BR-262/MG;Leste;Tombamento;;;2;;;;;;;;0;1;1;;
13/03/2019;15:58:00;396;sem vítima;504,699;BR-153/GO;Sul;Saida de Pista;1;;;;;;;;;;1;;;;
13/03/2019;17:50:00;445;sem vítima;472;BR-262/MG;Oeste;Colisão Lateral;;;1;;1;;;;;;3;;;;
13/03/2019;21:53:00;539;com vítima;439;BR-262/MG;Oeste;Queda de Moto;;;;1;;;;;;;0;;1;;
13/03/2019;22:16:00;547;sem vítima;373,274;BR-262/MG;Oeste;Colisão Traseira;;;2;;;;;;;;2;;;;
13/03/2019;22:40:00;552;sem vítima;402,37;BR-262/MG;Leste;Colisão Traseira;2;;;;;;;;;;2;;;;
13/03/2019;23:12:00;557;sem vítima;22,899;BR-153/MG;Sul;Saida de Pista;1;;;;;;;;;;1;;;;
14/03/2019;05:14:00;33;sem vítima;357,269;BR-262/MG;Leste;Atropelamento de Animal;1;;;;;;;;;;1;;;;
14/03/2019;07:48:00;80;com vítima;508,456;BR-153/GO;Sul;Colisão Lateral;;;1;1;;;;;;;2;;1;;
14/03/2019;10:57:00;182;sem vítima;573;BR-262/MG;Leste;Capotamento;;;;;;;;;;1;2;;;;
14/03/2019;11:11:00;190;sem vítima;15;BR-060/DF;Sul;Capotamento;;;;;;;;;;1;1;;;;
14/03/2019;12:01:00;219;sem vítima;511,8;BR-153/GO;Sul;Colisão Lateral;1;;1;;;;;;;;2;;;;
14/03/2019;12:09:00;225;sem vítima;509;BR-262/MG;Oeste;Capotamento;1;;;;;;;;;;1;;;;
14/03/2019;12:29:00;243;sem vítima;568;BR-262/MG;Oeste;Choque - Suporte de Sinalização;;;1;;;;;;;;1;;;;
14/03/2019;14:41:00;320;com vítima;510;BR-153/GO;Sul;Colisão Traseira;;;1;1;;;;;;;1;;1;;
14/03/2019;16:27:00;385;sem vítima;107;BR-060/GO;Sul;Colisão Lateral;;;1;;;;;;;1;2;;;;
14/03/2019;17:22:00;412;sem vítima;583;BR-262/MG;Leste;Tombamento;;;1;;;;;;;;1;;;;
14/03/2019;20:09:00;491;com vítima;99;BR-060/GO;Sul;Choque - Defensa, barreira ou "submarino";1;;;;;;;;;;0;1;;;
14/03/2019;21:27:00;521;com vítima;814;BR-262/MG;Leste;Capotamento;1;;;;;;;;;;0;1;;;
14/03/2019;21:49:00;528;sem vítima;409,468;BR-262/MG;Oeste;Queda de Moto;;;;1;;;;;;;1;;;;
15/03/2019;00:01:00;1;com vítima;750;BR-262/MG;Oeste;Choque - Arvore;;;;;1;;;;;;44;4;;;
15/03/2019;00:01:00;30;sem vítima;750;BR-262/MG;Oeste;Carreta deu L;;;1;;;;;;;;1;;;;
15/03/2019;05:37:00;47;com vítima;751;BR-262/MG;Leste;Colisão Traseira;;;1;;1;;;;;;2;1;;;
15/03/2019;07:32:00;71;com vítima;94,3;BR-060/GO;Sul;Engavetamento;5;;;;;;;;;1;8;3;;;
15/03/2019;07:33:00;72;com vítima;505,6;BR-153/GO;Norte;Colisão Traseira;1;;;1;;;;;;;1;;;1;
15/03/2019;08:19:00;95;com vítima;677;BR-262/MG;Leste;Colisão Transversal;1;1;;;;;;;;;1;1;;;
15/03/2019;09:30:00;138;sem vítima;610;BR-153/GO;Norte;Colisão Traseira;;;2;;;;;;;;2;;;;
15/03/2019;10:50:00;200;com vítima;97;BR-060/GO;Sul;Colisão Traseira;2;;;;;;;;;;6;1;;;
15/03/2019;15:14:00;335;sem vítima;594;BR-262/MG;Oeste;Saida de Pista;;;1;;;;;;;;1;;;;
15/03/2019;15:48:00;353;sem vítima;2;BR-153/MG;Sul;Tombamento;;;1;;;;;;;;1;;;;
15/03/2019;16:03:00;362;sem vítima;77;BR-153/MG;Sul;Saida de Pista;;;1;;;;;;;;1;;;;
15/03/2019;16:58:00;385;sem vítima;584,9;BR-262/MG;Oeste;Capotamento;1;;;;;;;;;;3;;;;
15/03/2019;17:16:00;400;sem vítima;27,5;BR-060/DF;Norte;Tombamento;1;;;;;;;;;;3;;;;
15/03/2019;17:29:00;405;com vítima;498;BR-153/GO;Sul;Engavetamento;2;;;;;;;;;1;2;1;;;
15/03/2019;19:12:00;452;com vítima;354,4;BR-262/MG;Leste;Colisão Traseira;1;;1;;;;;;;;1;1;;;
15/03/2019;19:21:00;459;sem vítima;621,799;BR-153/GO;Norte;Tombamento;;;1;;;;;;;;3;;;;
15/03/2019;19:58:00;480;com vítima;504;BR-153/GO;Sul;Colisão Lateral;1;;;1;;;;;;;1;1;;;
15/03/2019;20:09:00;492;sem vítima;503;BR-153/GO;Sul;Choque - Outros;1;;1;;;;;;;;2;;;;
16/03/2019;02:10:00;25;sem vítima;41,1;BR-060/GO;Norte;Choque - Talude;1;;;;;;;;;;1;;;;
16/03/2019;04:36:00;44;sem vítima;380,668;BR-262/MG;Oeste;Choque - Defensa, barreira ou "submarino";1;;;;;;;;;;1;;;;
16/03/2019;07:40:00;77;com vítima;423;BR-262/MG;Leste;Queda de Ciclista;;1;;;;;;;;;0;;1;;
16/03/2019;09:11:00;130;sem vítima;561,6;BR-153/GO;Sul;Capotamento;1;;;;;;;;;;2;;;;
16/03/2019;10:28:00;194;sem vítima;358;BR-262/MG;Leste;Saida de Pista;1;;;;;;;;;;2;;;;
16/03/2019;11:01:00;216;sem vítima;501,5;BR-153/GO;Sul;Colisão Lateral;1;;;1;;;;;;;2;;;;
16/03/2019;12:51:00;275;com vítima;2,85;BR-060/DF;Sul;Colisão Traseira;1;;;;;;;;;1;1;2;;;
16/03/2019;12:59:00;280;com vítima;1,9;BR-060/DF;Sul;Colisão Lateral;1;;;1;;;;;;;1;2;;;
16/03/2019;15:06:00;349;com vítima;363,471;BR-262/MG;Leste;Choque - Veiculo parado no acostamento;;;1;;;;;;;1;2;1;;;
16/03/2019;15:06:00;350;com vítima;574;BR-153/GO;Sul;Capotamento;1;;;;;;;;;;0;2;;;
16/03/2019;15:41:00;391;com vítima;403,971;BR-262/MG;Oeste;Capotamento;1;;;;;;;;;;0;;;2;
16/03/2019;15:54:00;407;sem vítima;358,571;BR-262/MG;Oeste;Saida de Pista;1;;;;;;;;;;1;;;;
16/03/2019;16:43:00;422;sem vítima;506,8;BR-153/GO;Sul;Colisão Traseira;2;;;;;;;;;;2;;;;
16/03/2019;17:32:00;448;sem vítima;512;BR-153/GO;Sul;Colisão Traseira;2;;;;;;;;;;2;;;;
16/03/2019;17:34:00;449;sem vítima;578,2;BR-153/GO;Norte;Colisão Lateral;1;;;1;;;;;;;2;;;;
16/03/2019;17:34:00;450;com vítima;29,5;BR-060/GO;Norte;Colisão Traseira;1;;;1;;;;;;;0;2;;1;
16/03/2019;19:42:00;506;sem vítima;4,5;BR-060/DF;Sul;Queda de Moto;;;;1;;;;;;;1;;;;
16/03/2019;20:14:00;523;sem vítima;32,1;BR-060/GO;Sul;Atropelamento - Morador;;;;1;;;;;;;2;;;;
16/03/2019;20:41:00;532;sem vítima;748,4;BR-262/MG;Oeste;Tombamento;;;1;;;;;;;;1;;;;
16/03/2019;21:35:00;552;sem vítima;27,1;BR-153/MG;Norte;Colisão Lateral;1;;1;;;;;;;;2;;;;
16/03/2019;23:57:00;588;sem vítima;378,67;BR-262/MG;Oeste;Saida de Pista;1;;;;;;;;;;1;;;;
17/03/2019;02:21:00;21;sem vítima;65,5;BR-060/GO;Norte;Choque - Outros;1;;;;;;;;;;1;;;;
17/03/2019;03:14:00;30;com vítima;839,668;BR-262/MG;Oeste;Choque - Suporte de Sinalização;1;;;;;;;;;;0;1;;;
17/03/2019;06:58:00;64;com vítima;498;BR-153/GO;Norte;Colisão Lateral;1;;;1;;;;;;;2;1;;;
17/03/2019;09:42:00;121;sem vítima;563;BR-262/MG;Leste;Choque - Talude;1;;;;;;;;;;1;;;;
17/03/2019;10:04:00;138;sem vítima;20,8;BR-153/MG;Sul;Choque - Defensa, barreira ou "submarino";;;1;;;;;;;;1;;;;
17/03/2019;10:14:00;146;sem vítima;95;BR-060/GO;Sul;Choque - Outros;1;;;;;;;;;;1;;;;
17/03/2019;15:10:00;294;sem vítima;154,9;BR-153/MG;Norte;Colisão Traseira;1;;1;;;;;;;;2;;;;
17/03/2019;15:11:00;295;com vítima;583,9;BR-262/MG;Oeste;Colisão Frontal;1;;1;;;;;;;;1;;;1;
17/03/2019;16:23:00;320;sem vítima;496,3;BR-153/GO;Norte;Colisão Frontal;2;;;;;;;;;;2;;;;
17/03/2019;16:56:00;337;sem vítima;840,5;BR-262/MG;Leste;Saida de Pista;1;;;;;;;;;;1;;;;