data;horario;n_da_ocorrencia;tipo_de_ocorrencia;km;trecho;sentido;tipo_de_acidente;automovel;bicicleta;caminhao;moto;onibus;outros;tracao_animal;transporte_de_cargas_especiais;trator_maquinas;utilitarios;ilesos;levemente_feridos;moderadamente_feridos;gravemente_feridos;mortos
17/03/2019;17:09:00;344;sem vítima;3;BR-060/GO;Norte;Engavetamento;4;;;;;;;;;;4;;;;
17/03/2019;23:04:00;484;sem vítima;43;BR-060/GO;Norte;Colisão Lateral;1;;1;;;;;;;;4;;;;
18/03/2019;07:17:00;65;sem vítima;493,5;BR-153/GO;Norte;Colisão Traseira;1;;;1;;;;;;;2;;;;
18/03/2019;07:27:00;68;sem vítima;495;BR-153/GO;Sul;Engavetamento;3;;;;;;;;;;3;;;;
18/03/2019;07:55:00;87;com vítima;124,3;BR-153/MG;Sul;Queda de Moto;;;;1;;;;;;;0;;;1;
18/03/2019;08:06:00;89;sem vítima;694;BR-262/MG;Oeste;Tombamento;;;1;;;;;;;;1;;;;
18/03/2019;13:27:00;357;sem vítima;89;BR-060/GO;Norte;Choque - Elemento de Drenagem;1;;;;;;;;;;1;;;;
18/03/2019;13:36:00;359;sem vítima;494,5;BR-153/GO;Sul;Colisão Traseira;2;;;;;;;;;;2;;;;
18/03/2019;13:55:00;370;sem vítima;495;BR-153/GO;Sul;Colisão Traseira;2;;;;;;;;;;6;;;;
18/03/2019;14:42:00;389;sem vítima;119;BR-060/GO;Sul;Choque - Arvore;1;;;;;;;;;;1;;;;
18/03/2019;16:19:00;428;sem vítima;523;BR-262/MG;Oeste;Capotamento;;;1;;;;;;;;2;;;;
18/03/2019;16:55:00;444;sem vítima;479,5;BR-262/MG;Oeste;Choque - Elemento de Drenagem;1;;;;;;;;;;1;;;;
18/03/2019;17:10:00;453;com vítima;577;BR-262/MG;Leste;Tombamento;;;1;;;;;;;;0;1;;;
18/03/2019;17:14:00;456;sem vítima;577;BR-262/MG;Leste;Colisão Traseira;1;;2;;;;;;;;7;;;;
18/03/2019;19:25:00;505;com vítima;767,5;BR-262/MG;Leste;Colisão Frontal;;;1;;;;;;;1;1;;;;1
18/03/2019;23:50:00;587;sem vítima;62;BR-060/GO;Norte;Saida de Pista;1;;;;;;;;;;1;;;;
19/03/2019;08:21:00;122;sem vítima;502,8;BR-153/GO;Norte;Engavetamento;3;;;;;;;;;1;4;;;;
19/03/2019;10:02:00;202;com vítima;145,308;BR-153/MG;Sul;Colisão Frontal;;;2;;;;;;;1;1;1;;;1
19/03/2019;11:16:00;233;com vítima;444,567;BR-262/MG;Leste;Capotamento;1;;;;;;;;;;0;1;;;
19/03/2019;11:33:00;240;sem vítima;543,5;BR-153/GO;Sul;Choque - Defensa, barreira ou "submarino";1;;;;;;;;;;1;;;;
19/03/2019;11:48:00;250;com vítima;227;BR-153/MG;Norte;Capotamento;1;;;;;;;;;;0;;1;;
19/03/2019;13:43:00;293;sem vítima;376;BR-262/MG;Oeste;Choque - Defensa, barreira ou "submarino";1;;;;;;;;;;1;;;;
19/03/2019;15:29:00;343;sem vítima;596,3;BR-153/GO;Sul;Colisão Traseira;2;;;;;;;;;;2;;;;
19/03/2019;17:05:00;378;sem vítima;25,5;BR-153/MG;Sul;Saida de Pista;1;;;;;;;;;;2;;;;
19/03/2019;19:06:00;431;com vítima;356,4;BR-262/MG;Oeste;Queda de Moto;;;;1;;;;;;;0;1;;;
19/03/2019;19:37:00;444;com vítima;48,2;BR-153/MG;Sul;Choque - Elemento de Drenagem;;;1;;;;;;;;0;;1;;
19/03/2019;19:53:00;454;com vítima;614,5;BR-262/MG;Oeste;Colisão Lateral;;;1;;1;;;;;;21;2;;;
20/03/2019;08:52:00;124;sem vítima;357;BR-262/MG;Leste;Capotamento;1;;;;;;;;;;1;;;;
20/03/2019;10:00:00;170;sem vítima;70,5;BR-153/MG;Norte;Tombamento;;;1;;;;;;;;1;;;;
20/03/2019;10:24:00;181;sem vítima;65,5;BR-153/MG;Sul;Colisão Traseira;;;1;;;;;;;1;2;;;;
20/03/2019;12:30:00;273;com vítima;521;BR-153/GO;Norte;Colisão Transversal;;;1;1;;;;;;;1;1;;;
20/03/2019;13:18:00;288;com vítima;811;BR-262/MG;Leste;Choque - Veiculo parado no acostamento;2;;;;;;;;;;2;1;;;
20/03/2019;16:36:00;387;com vítima;576,8;BR-262/MG;Leste;Colisão Traseira;;;3;;;;;;;;2;;;1;
20/03/2019;17:08:00;405;sem vítima;601,8;BR-262/MG;Leste;Colisão Traseira;;;1;;;;;;;1;6;;;;
20/03/2019;17:29:00;420;com vítima;24,1;BR-060/DF;Norte;Capotamento;1;;;;;;;;;;0;2;;;
20/03/2019;17:42:00;428;sem vítima;443,47;BR-262/MG;Leste;Colisão Traseira;1;;;1;;;;;;;3;;;;
20/03/2019;21:15:00;500;sem vítima;638,399;BR-153/GO;Norte;Choque - Talude;1;;;;;;;;;;1;;;;
20/03/2019;22:22:00;516;sem vítima;773,072;BR-262/MG;Leste;Choque - Suporte de Sinalização;1;;;;;;;;;;1;;;;
21/03/2019;03:03:00;32;sem vítima;678,299;BR-153/GO;Sul;Saida de Pista;1;;;;;;;;;;1;;;;
21/03/2019;10:46:00;199;sem vítima;605,8;BR-153/GO;Norte;Tombamento;;;1;;;;;;;;1;;;;
21/03/2019;11:03:00;206;com vítima;527;BR-262/MG;Oeste;Saida de Pista;;;1;;;;;;;;0;;1;;
21/03/2019;11:38:00;228;com vítima;109;BR-060/GO;Norte;Colisão Lateral;1;;;1;;;;;;;2;1;;;
21/03/2019;12:05:00;239;sem vítima;476;BR-262/MG;Leste;Saida de Pista;1;;;;;;;;;;1;;;;
21/03/2019;12:12:00;244;com vítima;503,3;BR-153/GO;Sul;Colisão Lateral;1;;;1;;;;;;;1;1;;;
21/03/2019;14:13:00;288;com vítima;590;BR-262/MG;Oeste;Colisão Lateral;1;;;1;;;;;;;1;;1;;
21/03/2019;14:36:00;294;sem vítima;75,6;BR-153/MG;Norte;Choque - Elemento de Drenagem;;;1;;;;;;;;1;;;;
21/03/2019;15:56:00;335;com vítima;368;BR-262/MG;Oeste;Colisão Frontal;;1;;;;;;;;1;1;;1;;
21/03/2019;16:20:00;343;sem vítima;537,9;BR-262/MG;Leste;Engavetamento;3;;1;;;;;;;;4;;;;
21/03/2019;16:29:00;349;sem vítima;513;BR-153/GO;Sul;Engavetamento;1;;2;;;;;;;;3;;;;
21/03/2019;18:15:00;396;sem vítima;605,9;BR-153/GO;Norte;Tombamento;;;2;;;;;;;;3;;;;
21/03/2019;18:50:00;413;sem vítima;699,399;BR-153/GO;Sul;Capotamento;1;;1;;;;;;;;5;;;;
21/03/2019;19:19:00;421;sem vítima;356;BR-262/MG;Oeste;Saida de Pista;;;1;;;;;;;;1;;;;
21/03/2019;20:55:00;450;com vítima;435;BR-262/MG;Oeste;Capotamento;1;;;;;;;;;;0;1;;;
21/03/2019;21:26:00;460;com vítima;692,3;BR-153/GO;Sul;Atropelamento - Usuário;;;;;;1;;;;;1;;;;1
21/03/2019;21:45:00;467;sem vítima;32,5;BR-060/GO;Sul;Colisão Traseira;1;;1;;;;;;;;2;;;;
21/03/2019;22:22:00;473;sem vítima;137;BR-060/GO;Norte;Atropelamento de Animal;1;;;;;;;;;;1;;;;
21/03/2019;22:24:00;474;sem vítima;465,269;BR-262/MG;Oeste;Colisão Lateral;1;;2;;;;;;;;6;;;;
21/03/2019;23:00:00;482;sem vítima;447,468;BR-262/MG;Leste;Colisão Transversal;1;;1;;;;;;;;2;;;;
22/03/2019;00:58:00;18;sem vítima;509;BR-262/MG;Leste;Tombamento;;;1;;;;;;;;1;;;;
22/03/2019;07:22:00;86;com vítima;359;BR-262/MG;Oeste;Queda de Moto;;;;1;;;;;;;0;1;;;
22/03/2019;09:24:00;156;sem vítima;645;BR-262/MG;Oeste;Engavetamento;;;5;;;;;;;;5;;;;
22/03/2019;11:02:00;219;sem vítima;382;BR-262/MG;Oeste;Capotamento;1;;;;;;;;;;1;;;;
22/03/2019;13:54:00;298;sem vítima;95;BR-060/GO;Sul;Engavetamento;2;;1;;;;;;;;8;;;;
22/03/2019;16:01:00;354;com vítima;406,03;BR-262/MG;Leste;Capotamento;1;;;;;;;;;;0;;1;;1
22/03/2019;20:02:00;453;sem vítima;23;BR-060/GO;Norte;Colisão Lateral;1;;1;;;;;;;;5;;;;
22/03/2019;20:04:00;454;sem vítima;516;BR-153/GO;Norte;Colisão Traseira;2;;;;;;;;;;3;;;;
22/03/2019;22:27:00;510;sem vítima;415,37;BR-262/MG;Leste;Colisão Traseira;;;2;;;;;;;;2;;;;
22/03/2019;23:44:00;527;com vítima;210;BR-153/MG;Norte;Capotamento;;;;;;;;;;1;0;1;;;
23/03/2019;00:55:00;11;sem vítima;504;BR-153/GO;Norte;Colisão Frontal;1;;;1;;;;;;;2;;;;
23/03/2019;04:31:00;53;com vítima;506,8;BR-153/GO;Norte;Queda de Moto;;;;1;;;;;;;0;;;;1
23/03/2019;05:38:00;59;sem vítima;16;BR-060/GO;Sul;Capotamento;1;;;;;;;;;;4;;;;
23/03/2019;06:25:00;67;sem vítima;575,467;BR-262/MG;Leste;Capotamento;1;;;;;;;;;;3;;;;
23/03/2019;11:22:00;212;com vítima;136,5;BR-060/GO;Sul;Colisão Frontal;1;;;1;;;;;;;1;1;;;
23/03/2019;14:43:00;316;com vítima;92,7;BR-060/GO;Sul;Colisão Transversal;2;;;;;;;;;;3;1;;;
23/03/2019;17:39:00;444;com vítima;4,5;BR-060/GO;Norte;Choque - Defensa, barreira ou "submarino";;;1;;;;;;;;0;;;;1
23/03/2019;18:45:00;471;sem vítima;8,4;BR-060/DF;Norte;Capotamento;1;;;;;;;;;;1;;;;
24/03/2019;05:04:00;51;com vítima;519,2;BR-153/GO;Norte;Colisão Traseira;;;;1;1;;;;;;45;;;1;1
24/03/2019;05:28:00;53;sem vítima;505,8;BR-153/GO;Sul;Choque - Arvore;1;;;;;;;;;;1;;;;
24/03/2019;08:11:00;92;com vítima;377,37;BR-262/MG;Leste;Colisão Frontal;1;;;1;;;;;;;1;;1;;
24/03/2019;10:27:00;177;com vítima;353,879;BR-262/MG;Leste;Queda de Moto;;;;1;;;;;;;0;2;;;
24/03/2019;15:02:00;277;sem vítima;30,2;BR-153/MG;Sul;Capotamento;1;;1;;;;;;;;2;;;;
24/03/2019;16:13:00;314;sem vítima;801;BR-262/MG;Leste;Colisão Traseira;2;;;;;;;;;;6;;;;
24/03/2019;16:46:00;330;sem vítima;505,8;BR-153/GO;Norte;Colisão Lateral;2;;;;;;;;;;2;;;;
24/03/2019;18:19:00;362;com vítima;50,1;BR-060/GO;Sul;Colisão Traseira;2;;;;;;;;;;6;2;;;
24/03/2019;19:07:00;383;sem vítima;4,7;BR-060/DF;Sul;Engavetamento;4;;;;;;;;;;5;;;;
24/03/2019;20:40:00;418;sem vítima;446;BR-262/MG;Leste;Saida de Pista;;;;;;;;;;1;2;;;;
25/03/2019;01:21:00;25;com vítima;511,5;BR-153/GO;Norte;Queda de Moto;;;;1;;;;;;;1;1;;;
25/03/2019;07:07:00;68;com vítima;31,399;BR-060/GO;Norte;Atropelamento de Animal;;;;1;;;;;;;0;1;;;
25/03/2019;07:33:00;78;com vítima;101;BR-060/GO;Norte;Choque - Elemento de Drenagem;1;;;;;;;;;;2;1;;;
25/03/2019;09:10:00;160;com vítima;795;BR-262/MG;Leste;Capotamento;1;;;;;;;;;;0;3;;;
25/03/2019;09:24:00;173;sem vítima;499;BR-153/GO;Norte;Colisão Lateral;1;;1;;;;;;;;2;;;;
25/03/2019;09:29:00;177;sem vítima;500;BR-153/GO;Norte;Colisão Lateral;1;;1;;;;;;;;2;;;;
25/03/2019;10:14:00;195;com vítima;622,3;BR-153/GO;Sul;Choque - Elemento de Drenagem;1;;;;;;;;;;0;1;;;
25/03/2019;11:56:00;264;com vítima;53,253;BR-060/GO;Norte;Capotamento;1;;;;;;;;;;2;1;1;;
25/03/2019;15:14:00;352;sem vítima;495,15;BR-153/GO;Sul;Colisão Lateral;1;;1;;;;;;;;2;;;;
25/03/2019;17:05:00;403;com vítima;499;BR-153/GO;Norte;Queda de Moto;;;;1;;;;;;;0;2;;;
26/03/2019;07:32:00;82;sem vítima;502;BR-153/GO;Norte;Engavetamento;2;;;;;;;;;1;5;;;;
26/03/2019;08:58:00;137;sem vítima;417,7;BR-262/MG;Oeste;Tombamento;;;1;;;;;;;;1;;;;
26/03/2019;09:59:00;188;sem vítima;43;BR-060/GO;Sul;Choque - Outros;;;1;;;;;;;;1;;;;
26/03/2019;14:47:00;346;com vítima;114,9;BR-060/GO;Sul;Tombamento;;;1;;;;;;;;0;1;;;
26/03/2019;16:21:00;401;com vítima;510,712;BR-153/GO;Norte;Choque - Suporte de Sinalização;;;1;;;;;;;;0;1;;;
26/03/2019;18:19:00;465;sem vítima;502,8;BR-153/GO;Sul;Colisão Traseira;1;;;;;;;;;1;4;;;;
26/03/2019;21:45:00;547;sem vítima;89;BR-060/GO;Sul;Colisão Traseira;1;;1;;;;;;;;2;;;;
27/03/2019;07:03:00;85;sem vítima;504;BR-153/GO;Sul;Choque - Defensa, barreira ou "submarino";1;;;;;;;;;;2;;;;
27/03/2019;07:19:00;93;sem vítima;490;BR-153/GO;Norte;Colisão Lateral;1;;1;;;;;;;;3;;;;
27/03/2019;08:14:00;124;sem vítima;508;BR-153/GO;Norte;Colisão Traseira;;;;1;;;;;;;1;;;;
27/03/2019;09:05:00;183;sem vítima;501,5;BR-153/GO;Norte;Colisão Traseira;2;;;;;;;;;;2;;;;
27/03/2019;09:07:00;185;sem vítima;502,8;BR-153/GO;Norte;Colisão Traseira;2;;;;;;;;;;4;;;;
27/03/2019;13:05:00;313;sem vítima;508;BR-153/GO;Norte;Colisão Lateral;;;1;;;;;;;1;2;;;;
27/03/2019;13:23:00;323;sem vítima;127,5;BR-060/GO;Sul;Capotamento;;;1;;;;;;;;2;;;;
27/03/2019;13:59:00;346;com vítima;28;BR-060/DF;Norte;Choque - Talude;1;;;;;;;;;;2;2;;;
27/03/2019;14:55:00;368;sem vítima;575;BR-153/GO;Norte;Choque - Elemento de Drenagem;1;;;;;;;;;;1;;;;
27/03/2019;16:36:00;410;sem vítima;109;BR-060/GO;Norte;Queda de Moto;;;;1;;;;;;;1;;;;
27/03/2019;17:43:00;442;sem vítima;498;BR-153/GO;Sul;Engavetamento;4;;;;;;;;;;5;;;;
28/03/2019;07:28:00;63;sem vítima;28;BR-060/GO;Sul;Choque - Talude;;;;;;;;;;1;2;;;;
28/03/2019;07:36:00;66;sem vítima;504;BR-153/GO;Norte;Colisão Lateral;2;;;;;;;;;;2;;;;
28/03/2019;07:47:00;74;com vítima;32;BR-153/MG;Norte;Tombamento;;;1;;;;;;;;1;2;;;
28/03/2019;09:44:00;139;sem vítima;372,486;BR-262/MG;Leste;Capotamento;1;;;;;1;;;;;3;;;;
28/03/2019;10:54:00;169;sem vítima;749;BR-262/MG;Leste;Carreta deu L;;;1;;;;;;;;1;;;;
28/03/2019;16:30:00;302;sem vítima;23,9;BR-060/GO;Norte;Colisão Traseira;1;;;;;;;;;;1;;;;
28/03/2019;18:17:00;348;sem vítima;698,7;BR-153/GO;Sul;Capotamento;1;;;;;1;;;;;2;;;;
28/03/2019;18:41:00;357;com vítima;427,4;BR-262/MG;Oeste;Colisão Traseira;1;;1;;;;;;;;1;1;;;
28/03/2019;18:41:00;358;sem vítima;97;BR-060/GO;Norte;Saida de Pista;1;;;;;;;;;;1;;;;
29/03/2019;00:10:00;3;com vítima;509,1;BR-153/GO;Norte;Colisão Traseira;2;;;;;;;;;;0;2;;;
29/03/2019;00:25:00;5;sem vítima;550,9;BR-262/MG;Leste;Colisão Traseira;;;2;;;;;;;;2;;;;
29/03/2019;00:45:00;13;sem vítima;589,05;BR-153/GO;Norte;Saida de Pista;1;;;;;;;;;;2;;;;
29/03/2019;01:55:00;20;sem vítima;357,8;BR-262/MG;Leste;Colisão Traseira;;;2;;;;;;;;2;;;;
29/03/2019;05:53:00;49;com vítima;97;BR-060/GO;Sul;Queda de Moto;;;;1;;;;;;;0;1;;;
29/03/2019;05:55:00;50;com vítima;97,5;BR-060/GO;Sul;Colisão Traseira;2;;;;;;;;;;1;1;;;
29/03/2019;07:25:00;71;com vítima;359;BR-262/MG;Leste;Colisão Transversal;2;;;;;;;;;;0;2;;;
29/03/2019;07:46:00;77;sem vítima;500,85;BR-153/GO;Sul;Colisão Traseira;2;;;;;;;;;;2;;;;
29/03/2019;08:04:00;88;com vítima;501;BR-153/GO;Norte;Atropelamento - Andarilho;;;;1;;;;;;;1;1;1;;
29/03/2019;16:47:00;319;sem vítima;499;BR-153/GO;Sul;Engavetamento;3;;;;;;;;;;4;;;;
29/03/2019;23:08:00;487;sem vítima;777;BR-262/MG;Oeste;Saida de Pista;1;;;;;;;;;;1;;;;
29/03/2019;23:48:00;500;sem vítima;496,1;BR-153/GO;Sul;Colisão Traseira;2;;;;;;;;;;2;;;;
30/03/2019;07:56:00;93;sem vítima;23;BR-060/GO;Sul;Tombamento;1;;;;;1;;;;;4;;;;
30/03/2019;08:18:00;112;com vítima;384;BR-262/MG;Leste;Capotamento;1;;;;;;;;;;0;1;;;
30/03/2019;09:51:00;176;com vítima;18,486;BR-060/GO;Sul;Queda de Moto;;;;1;;;;;;;0;1;;;
30/03/2019;11:02:00;214;com vítima;533,7;BR-153/GO;Sul;Colisão Transversal;;;;2;;;;;;;0;1;2;;
30/03/2019;13:21:00;263;com vítima;462;BR-262/MG;Oeste;Capotamento;1;;;;;;;;;;2;1;1;;
30/03/2019;14:00:00;279;com vítima;823,5;BR-262/MG;Leste;Colisão Traseira;1;;1;;;;;;;;1;;1;;1
30/03/2019;14:04:00;281;com vítima;585;BR-153/GO;Norte;Choque - Outros;1;;;;;;;;;;0;1;;;
30/03/2019;14:08:00;282;sem vítima;506;BR-153/GO;Sul;Colisão Traseira;2;;;;;;;;;;2;;;;
30/03/2019;15:28:00;311;sem vítima;388,5;BR-262/MG;Oeste;Choque - Talude;1;;;;;;;;;;1;;;;
30/03/2019;18:12:00;390;com vítima;456,2;BR-262/MG;Oeste;Colisão Frontal;1;;1;;;;;;;;1;1;;;
30/03/2019;19:14:00;415;com vítima;100,8;BR-060/GO;Sul;Atropelamento - Ciclista;;1;;1;;;;;;;1;;1;;
30/03/2019;21:01:00;453;sem vítima;453;BR-262/MG;Oeste;Saida de Pista;1;;;;;;;;;;1;;;;
30/03/2019;21:02:00;455;com vítima;516;BR-153/GO;Norte;Colisão Traseira;;;1;1;;;;;;;1;;1;;
31/03/2019;03:00:00;37;com vítima;396,5;BR-262/MG;Oeste;Queda de Moto;;;;1;;;;;;;0;1;;;
31/03/2019;07:22:00;67;com vítima;18,2;BR-060/GO;Sul;Queda de Moto;;;;1;;;;;;;0;1;;;
31/03/2019;10:48:00;191;sem vítima;4,7;BR-153/MG;Norte;Saida de Pista;1;;;;;;;;;;2;;;;
31/03/2019;12:23:00;246;sem vítima;646;BR-262/MG;Leste;Saida de Pista;1;;;;;;;;;;1;;;;
31/03/2019;12:45:00;254;com vítima;510;BR-153/GO;Sul;Colisão Lateral;1;;;1;;;;;;;1;1;;;
31/03/2019;13:44:00;274;sem vítima;567;BR-262/MG;Leste;Colisão Traseira;;;2;;;;;;;;2;;;;
31/03/2019;16:52:00;346;com vítima;870;BR-262/MG;Leste;Capotamento;1;;;;;;;;;;0;1;;;
31/03/2019;17:28:00;357;com vítima;428,5;BR-262/MG;Oeste;Queda de Ciclista;;1;;;;;;;;;0;1;;;
31/03/2019;17:29:00;358;com vítima;137;BR-060/GO;Sul;Capotamento;1;;;;;;;;;;3;;2;;
31/03/2019;18:03:00;371;com vítima;375;BR-262/MG;Oeste;Queda de Moto;;;;1;;;;;;;0;;1;;
31/03/2019;19:09:00;414;sem vítima;580,2;BR-262/MG;Leste;Saida de Pista;1;;;;;;;;;;1;;;;
31/03/2019;19:13:00;419;sem vítima;5;BR-060/DF;Sul;Engavetamento;3;;;;;;;;;;3;;;;
31/03/2019;19:17:00;421;sem vítima;137,8;BR-060/GO;Norte;Saida de Pista;1;;;;;;;;;;5;;;;
31/03/2019;19:51:00;434;com vítima;5,599;BR-060/DF;Sul;Colisão Transversal;1;;;1;;;;;;;1;1;;;
31/03/2019;20:29:00;446;sem vítima;1,1;BR-060/DF;Sul;Colisão Traseira;1;;;1;;;;;;;2;;;;
31/03/2019;22:58:00;488;com vítima;2,9;BR-060/DF;Sul;Colisão Lateral;2;;;;;;;;;;1;3;;;
01/04/2019;07:17:00;82;com vítima;505,8;BR-153/GO;Norte;Colisão Traseira;1;;;1;;;;;;;1;2;;;
01/04/2019;13:35:00;256;sem vítima;525,95;BR-153/GO;Norte;Saida de Pista;1;;;;;1;;;;;3;;;;
01/04/2019;15:31:00;306;com vítima;381;BR-262/MG;Leste;Colisão Traseira;1;;1;;;;;;;;1;2;;;
01/04/2019;15:55:00;314;sem vítima;509;BR-153/GO;Norte;Engavetamento;2;;1;;;;;;;;3;;;;
01/04/2019;17:17:00;353;sem vítima;607,4;BR-262/MG;Leste;Saida de Pista;1;;;;;;;;;;1;;;;
01/04/2019;18:52:00;410;sem vítima;501;BR-153/GO;Sul;Engavetamento;3;;;;;;;;;;3;;;;
01/04/2019;20:39:00;452;com vítima;13,4;BR-153/MG;Norte;Tombamento;;;1;;;;;;;;0;1;;;
01/04/2019;21:15:00;463;sem vítima;130,3;BR-060/GO;Sul;Colisão Traseira;;;1;;1;;;;;;2;;;;
01/04/2019;21:28:00;468;sem vítima;362;BR-262/MG;Leste;Choque - Poste;;;;;1;;;;;;1;;;;
01/04/2019;23:22:00;496;sem vítima;694,399;BR-153/GO;Norte;Saida de Pista;1;;;;;;;;;;1;;;;
02/04/2019;06:28:00;50;com vítima;124,2;BR-060/GO;Sul;Choque - Talude;;;;1;;;;;;;0;;1;;
02/04/2019;13:23:00;286;sem vítima;494;BR-153/GO;Sul;Engavetamento;2;;2;;;;;;;;5;;;;
02/04/2019;14:30:00;317;com vítima;508,5;BR-153/GO;Norte;Queda de Ciclista;;;2;1;;;;;;;2;1;;;
02/04/2019;15:13:00;335;sem vítima;554,5;BR-262/MG;Oeste;Colisão Traseira;;;2;;;;;;;;2;;;;
02/04/2019;16:47:00;383;com vítima;439;BR-262/MG;Oeste;Colisão Traseira;1;;;1;;1;;;;;4;1;;;
02/04/2019;17:00:00;387;sem vítima;500,5;BR-153/GO;Sul;Colisão Traseira;2;;;;;;;;;;2;;;;
02/04/2019;17:29:00;399;sem vítima;594;BR-262/MG;Leste;Choque - Talude;;;1;;;;;;;;1;;;;
02/04/2019;17:56:00;413;com vítima;0,5;BR-060/DF;Sul;Colisão Traseira;;;1;1;;;;;;;1;;;;1
03/04/2019;07:32:00;79;sem vítima;507;BR-153/GO;Norte;Colisão Traseira;2;;;;;;;;;;2;;;;
03/04/2019;10:39:00;203;com vítima;13,9;BR-060/DF;Norte;Colisão Traseira;2;;;;;;;;;;3;1;1;;
03/04/2019;11:03:00;221;sem vítima;413;BR-262/MG;Leste;Queda de Moto;;;1;1;;;;;;;3;;;;
03/04/2019;11:58:00;243;com vítima;510;BR-153/GO;Norte;Colisão Lateral;1;;;1;;;;;;;1;1;;;
03/04/2019;17:04:00;380;sem vítima;230,5;BR-153/MG;Norte;Tombamento;1;;1;;;;;;;;3;;;;
03/04/2019;19:43:00;441;com vítima;12;BR-060/GO;Sul;Atropelamento - Morador;;;;;;1;;;;;1;;;;1
03/04/2019;19:44:00;442;com vítima;647,5;BR-153/GO;Norte;Colisão Lateral;;;1;;;;;;;1;4;1;;;
04/04/2019;07:47:00;93;com vítima;4,3;BR-060/DF;Norte;Colisão Traseira;1;;;1;;;;;;;1;1;;;
04/04/2019;08:29:00;111;sem vítima;439;BR-262/MG;Oeste;Choque - Suporte de Sinalização;1;;;;;;;;;;1;;;;
04/04/2019;10:08:00;170;com vítima;26;BR-060/DF;Norte;Capotamento;1;;;;;;;;;;0;1;;;
04/04/2019;13:05:00;268;com vítima;83,8;BR-153/MG;Norte;Tombamento;;;1;;;;;;;;0;1;;;
04/04/2019;13:50:00;290;sem vítima;16,3;BR-153/MG;Sul;Saida de Pista;;;1;;;;;;;;1;;;;
04/04/2019;13:58:00;295;com vítima;408;BR-262/MG;Leste;Capotamento;1;;;;;;;;;;0;2;;;
04/04/2019;15:04:00;335;sem vítima;624;BR-153/GO;Norte;Saida de Pista;1;;;;;;;;;;1;;;;
04/04/2019;15:56:00;354;com vítima;405;BR-262/MG;Leste;Queda de Moto;;;;1;;;;;;;0;1;;;
04/04/2019;16:33:00;362;com vítima;591;BR-153/GO;Norte;Choque - Elemento de Drenagem;;;1;;;;;;;;0;1;;;
04/04/2019;21:39:00;465;com vítima;511,1;BR-153/GO;Sul;Colisão Traseira;1;;1;;;;;;;;1;2;;;
04/04/2019;21:48:00;471;sem vítima;116,5;BR-060/GO;Sul;Saida de Pista;;;1;;;;;;;;1;;;;
04/04/2019;22:24:00;486;com vítima;40;BR-153/MG;Norte;Tombamento;;;1;;;;;;;;0;1;;;
04/04/2019;22:38:00;493;sem vítima;505,05;BR-153/GO;Sul;Queda de Moto;1;;;1;;;;;;;2;;;;
04/04/2019;22:57:00;499;sem vítima;101;BR-060/GO;Norte;Engavetamento;4;;;;;;;;;;4;;;;
04/04/2019;23:16:00;502;sem vítima;56,5;BR-060/GO;Sul;Choque - Suporte de Sinalização;1;;;;;;;;;;1;;;;
04/04/2019;23:41:00;510;sem vítima;779,4;BR-262/MG;Leste;Carreta deu L;;;1;;;;;;;;1;;;;
05/04/2019;00:26:00;10;sem vítima;107,2;BR-153/MG;Sul;Atropelamento de Animal;;;;;1;;;;;;2;;;;
05/04/2019;02:44:00;38;sem vítima;824,1;BR-262/MG;Leste;Choque - Suporte de Sinalização;;;1;;;;;;;;1;;;;
05/04/2019;07:54:00;95;com vítima;499;BR-153/GO;Sul;Engavetamento;5;;;;;;;;;;10;1;;;
05/04/2019;08:21:00;109;sem vítima;498,4;BR-153/GO;Sul;Engavetamento;5;;;;;;;;;;5;;;;
05/04/2019;10:16:00;160;com vítima;628,1;BR-153/GO;Norte;Capotamento;1;;;;;;;;;;0;1;;;
05/04/2019;16:07:00;318;sem vítima;23;BR-060/DF;Sul;Saida de Pista;;;;;;;;;;1;1;;;;
05/04/2019;16:30:00;330;com vítima;79;BR-060/GO;Sul;Colisão Traseira;1;;1;;;;;;;;1;1;;;
05/04/2019;17:22:00;353;sem vítima;499;BR-153/GO;Sul;Choque - Defensa, barreira ou "submarino";1;;;;;;;;;;2;;;;
05/04/2019;20:23:00;454;com vítima;123,599;BR-060/GO;Sul;Capotamento;1;;;;;;;;;;0;2;;;
05/04/2019;22:22:00;496;com vítima;499,199;BR-153/GO;Sul;Capotamento;1;;;;;;;;;;1;1;;;
06/04/2019;01:07:00;15;com vítima;367,67;BR-262/MG;Leste;Queda de Moto;;;;1;;;;;;;1;1;;;
06/04/2019;01:40:00;22;com vítima;673;BR-153/GO;Sul;Tombamento;;;1;;;;;;;;0;1;;;
06/04/2019;02:04:00;30;com vítima;97;BR-060/GO;Sul;Queda de Moto;1;;;;;;;;;;0;1;;;
06/04/2019;03:16:00;45;sem vítima;761,7;BR-262/MG;Oeste;Tombamento;;;1;;;;;;;;1;;;;
06/04/2019;04:43:00;60;com vítima;595;BR-262/MG;Oeste;Colisão Frontal;;;3;;;;;;;;0;2;1;1;
06/04/2019;05:00:00;64;com vítima;500;BR-153/GO;Sul;Colisão Traseira;1;;;1;;1;;;;;2;1;;;
06/04/2019;06:08:00;72;sem vítima;44,3;BR-153/MG;Norte;Tombamento;;;1;;;;;;;;1;;;;
06/04/2019;06:27:00;76;sem vítima;74,299;BR-153/MG;Sul;Colisão Traseira;;;2;;;;;;;;2;;;;
06/04/2019;06:36:00;80;com vítima;505,65;BR-153/GO;Sul;Colisão Traseira;1;;;1;;;;;;;1;;1;;
06/04/2019;07:46:00;105;sem vítima;29,7;BR-060/DF;Norte;Choque - Suporte de Sinalização;1;;;;;;;;;;1;;;;