data;horario;n_da_ocorrencia;tipo_de_ocorrencia;km;trecho;sentido;tipo_de_acidente;automovel;bicicleta;caminhao;moto;onibus;outros;tracao_animal;transporte_de_cargas_especiais;trator_maquinas;utilitarios;ilesos;levemente_feridos;moderadamente_feridos;gravemente_feridos;mortos
06/04/2019;09:27:00;143;sem vítima;385;BR-262/MG;Oeste;Capotamento;1;;;;;;;;;;1;;;;
06/04/2019;09:34:00;145;sem vítima;381;BR-262/MG;Oeste;Choque - Talude;1;;;;;;;;;;1;;;;
06/04/2019;09:43:00;148;sem vítima;511,5;BR-153/GO;Sul;Colisão Traseira;1;;;1;;;;;;;2;;;;
06/04/2019;11:26:00;191;sem vítima;81;BR-060/GO;Norte;Capotamento;1;;;;;;;;;;1;;;;
06/04/2019;13:35:00;247;com vítima;575;BR-262/MG;Leste;Colisão Transversal;1;;1;;;;;;;;1;;1;;
06/04/2019;14:40:00;265;sem vítima;358;BR-262/MG;Oeste;Saida de Pista;;;;;;;;;;1;1;;;;
06/04/2019;16:25:00;315;sem vítima;590;BR-153/GO;Sul;Capotamento;1;;;;;;;;;;1;;;;
06/04/2019;16:29:00;317;sem vítima;512,6;BR-153/GO;Sul;Queda de Moto;;;;1;;;;;;;1;;;;
06/04/2019;17:00:00;335;com vítima;522,1;BR-153/GO;Sul;Atropelamento - Morador;;;;;;;;;;1;1;1;;;1
06/04/2019;19:10:00;394;com vítima;137;BR-060/GO;Sul;Colisão Lateral;;;;1;;1;;;;;2;1;;;
06/04/2019;20:57:00;427;com vítima;704,167;BR-262/MG;Oeste;Colisão Lateral;2;;;;;;;;;;1;1;;;
06/04/2019;22:49:00;452;com vítima;12;BR-060/DF;Norte;Saida de Pista;1;;;;;;;;;;0;1;;;
07/04/2019;07:29:00;71;sem vítima;52,3;BR-153/MG;Sul;Capotamento;1;;;;;;;;;;2;;;;
07/04/2019;10:21:00;166;sem vítima;450;BR-262/MG;Leste;Colisão Traseira;2;;;;;;;;;;2;;;;
07/04/2019;13:33:00;242;sem vítima;109;BR-060/GO;Norte;Choque - Elemento de Drenagem;1;;;;;;;;;;1;;;;
07/04/2019;14:30:00;265;sem vítima;103,9;BR-060/GO;Sul;Saida de Pista;1;;;;;;;;;;1;;;;
07/04/2019;14:38:00;268;sem vítima;115,9;BR-060/GO;Sul;Saida de Pista;1;;;;;;;;;;1;;;;
07/04/2019;18:38:00;392;sem vítima;136;BR-060/GO;Sul;Colisão Traseira;2;;;;;;;;;;7;;;;
07/04/2019;19:52:00;418;sem vítima;113;BR-060/GO;Norte;Colisão Lateral;1;;;;;1;;;;;2;;;;
08/04/2019;06:11:00;57;sem vítima;229;BR-153/MG;Sul;Choque - Arvore;;;;;;;;;;1;1;;;;
08/04/2019;07:23:00;78;com vítima;611;BR-262/MG;Leste;Colisão Traseira;;;2;;;;;;;;1;1;;;
08/04/2019;07:48:00;85;sem vítima;607;BR-262/MG;Oeste;Colisão Traseira;1;;1;;;;;;;;3;;;;
08/04/2019;07:56:00;90;com vítima;498;BR-153/GO;Sul;Engavetamento;3;;1;;;;;;;;3;1;;;
08/04/2019;08:09:00;98;com vítima;28;BR-060/DF;Norte;Choque - Suporte de Sinalização;1;;;;;;;;;;0;1;;;
08/04/2019;09:50:00;150;com vítima;584;BR-262/MG;Leste;Capotamento;;;;;;;;;;1;4;2;;;
08/04/2019;10:30:00;177;com vítima;363,6;BR-262/MG;Oeste;Capotamento;1;;;;;;;;;;0;1;;;
08/04/2019;14:18:00;294;com vítima;21,3;BR-153/MG;Sul;Capotamento;1;;;;;;;;;;0;1;;;
08/04/2019;15:30:00;313;com vítima;547,2;BR-262/MG;Oeste;Engavetamento;1;;2;;;;;;;;3;;2;;
08/04/2019;15:59:00;324;sem vítima;129;BR-060/GO;Norte;Colisão Traseira;1;;1;;;;;;;;2;;;;
08/04/2019;16:40:00;338;sem vítima;21,5;BR-060/GO;Sul;Colisão Traseira;2;;;;;;;;;;2;;;;
08/04/2019;17:09:00;342;sem vítima;128,9;BR-060/GO;Norte;Colisão Traseira;2;;;;;;;;;;2;;;;
08/04/2019;18:11:00;368;com vítima;510,07;BR-262/MG;Oeste;Colisão Traseira;2;;;;;;;;;1;6;;1;;
08/04/2019;18:21:00;377;com vítima;830;BR-262/MG;Oeste;Colisão Traseira;2;;;;;;;;;;1;2;;;
08/04/2019;20:24:00;434;sem vítima;608,5;BR-262/MG;Leste;Tombamento;;;1;;;;;;;;1;;;;
08/04/2019;21:08:00;447;sem vítima;383,2;BR-262/MG;Oeste;Tombamento;;;1;;;;;;;;1;;;;
08/04/2019;21:51:00;462;sem vítima;598,2;BR-262/MG;Leste;Saida de Pista;;;;;;;;;;1;1;;;;
09/04/2019;04:23:00;34;com vítima;73,799;BR-153/MG;Norte;Choque - Arvore;;;1;;;;;;;;0;2;;;
09/04/2019;07:28:00;59;sem vítima;1,8;BR-153/MG;Norte;Saida de Pista;;;2;;;;;;;;2;;;;
09/04/2019;08:14:00;83;sem vítima;517;BR-153/GO;Norte;Capotamento;1;;;;;;;;;;1;;;;
09/04/2019;15:36:00;325;sem vítima;503,4;BR-153/GO;Sul;Choque - Defensa, barreira ou "submarino";1;;;;;;;;;;1;;;;
09/04/2019;15:57:00;333;sem vítima;576;BR-262/MG;Leste;Capotamento;;;;;;;;;;1;1;;;;
09/04/2019;16:38:00;347;sem vítima;581;BR-262/MG;Leste;Tombamento;;;1;;;;;;;;2;;;;
09/04/2019;16:25:00;359;sem vítima;686;BR-153/GO;Norte;Choque - Veiculo parado na pista;1;;1;;;;;;;;2;;;;
09/04/2019;17:16:00;366;sem vítima;902;BR-262/MG;Leste;Saida de Pista;1;;;;;;;;;;3;;;;
09/04/2019;18:05:00;390;sem vítima;514;BR-153/GO;Sul;Colisão Lateral;2;;;;;;;;;;2;;;;
09/04/2019;19:24:00;421;sem vítima;59;BR-060/GO;Norte;Choque - Defensa, barreira ou "submarino";1;;;;;;;;;;2;;;;
10/04/2019;08:10:00;83;com vítima;493;BR-153/GO;Sul;Colisão Traseira;;;2;;;;;;;;1;1;1;;
10/04/2019;08:25:00;93;com vítima;516;BR-153/GO;Sul;Atropelamento - Usuário;;;1;;;;;;;;1;;1;;
10/04/2019;09:23:00;121;sem vítima;501;BR-153/GO;Sul;Colisão Lateral;2;;;;;;;;;;2;;;;
10/04/2019;12:31:00;245;sem vítima;114,3;BR-060/GO;Sul;Saida de Pista;;;;;;1;;;;1;2;;;;
10/04/2019;13:22:00;259;sem vítima;98;BR-060/GO;Norte;Colisão Traseira;;;2;;;;;;;;3;;;;
10/04/2019;14:25:00;283;sem vítima;827;BR-262/MG;Leste;Tombamento;;;1;;;;;;;;1;;;;
10/04/2019;14:41:00;292;sem vítima;83;BR-060/GO;Norte;Choque - Elemento de Drenagem;1;;;;;;;;;;1;;;;
10/04/2019;16:25:00;327;sem vítima;509;BR-153/GO;Norte;Colisão Traseira;1;;;;;;;;;1;2;;;;
10/04/2019;17:44:00;361;sem vítima;20;BR-060/GO;Sul;Colisão Traseira;;;1;;;;;;;1;2;;;;
10/04/2019;18:13:00;375;sem vítima;129;BR-060/GO;Sul;Saida de Pista;1;;1;;;;;;;;2;;;;
11/04/2019;06:11:00;57;sem vítima;66;BR-153/MG;Norte;Carreta deu L;;;1;;;;;;;;1;;;;
11/04/2019;06:14:00;58;com vítima;499;BR-153/GO;Sul;Queda de Moto;;;;1;;;;;;;0;1;;;
11/04/2019;07:21:00;88;com vítima;4,65;BR-060/GO;Norte;Capotamento;1;;;;;;;;;;0;1;;;
11/04/2019;07:27:00;92;com vítima;494,3;BR-153/GO;Norte;Atropelamento - Usuário;1;;;1;;;;;;;1;;1;;
11/04/2019;07:59:00;116;sem vítima;495,5;BR-153/GO;Sul;Colisão Traseira;2;;;;;;;;;;2;;;;
11/04/2019;08:40:00;140;sem vítima;97;BR-060/GO;Norte;Colisão Traseira;1;;;;;;;;;1;2;;;;
11/04/2019;08:54:00;151;sem vítima;495;BR-153/GO;Norte;Colisão Traseira;2;;;;;;;;;;2;;;;
11/04/2019;08:54:00;153;com vítima;499;BR-153/GO;Sul;Colisão Traseira;1;;;1;;;;;;;1;1;;;
11/04/2019;16:06:00;351;sem vítima;489;BR-262/MG;Oeste;Colisão Lateral;1;;1;;;;;;;;2;;;;
11/04/2019;17:33:00;395;sem vítima;71,7;BR-153/MG;Sul;Saida de Pista;;;1;;;;;;;;1;;;;
11/04/2019;18:40:00;424;com vítima;504;BR-153/GO;Sul;Queda de Moto;;;;1;;;;;;;0;1;;;
11/04/2019;19:40:00;442;sem vítima;13;BR-060/GO;Norte;Colisão Traseira;1;;;;;1;;;;;2;;;;
12/04/2019;00:16:00;3;com vítima;631,6;BR-153/GO;Sul;Colisão Traseira;1;;1;;;;;;;;1;1;;;
12/04/2019;02:17:00;61;com vítima;523,8;BR-262/MG;Oeste;Tombamento;;;1;;;1;;;;;1;1;;;
12/04/2019;04:10:00;80;sem vítima;557;BR-262/MG;Leste;Tombamento;;;1;;;1;;;;;2;;;;
12/04/2019;05:46:00;92;com vítima;478;BR-262/MG;Oeste;Colisão Transversal;2;;;;;;;;;;4;1;;;
12/04/2019;06:37:00;102;com vítima;520;BR-153/GO;Norte;Queda de Moto;;;;1;;;;;;;1;1;;;
12/04/2019;09:35:00;196;sem vítima;518,7;BR-153/GO;Sul;Choque - Elemento de Drenagem;1;;1;;;;;;;;2;;;;
12/04/2019;11:54:00;271;com vítima;507,5;BR-153/GO;Sul;Colisão Traseira;1;;;1;;1;;;;;2;;1;;
12/04/2019;11:55:00;273;com vítima;246;BR-153/MG;Sul;Saida de Pista;1;;;;;;;;;1;2;1;;;
12/04/2019;11:59:00;275;sem vítima;518,15;BR-153/GO;Sul;Tombamento;;;;;;1;;;;1;2;;;;
12/04/2019;13:28:00;306;com vítima;79;BR-153/MG;Sul;Colisão Lateral;1;;1;;;;;;;;2;2;;;
12/04/2019;15:04:00;345;com vítima;48,1;BR-060/GO;Norte;Choque - Elemento de Drenagem;1;;;;;;;;;;0;;1;;
12/04/2019;16:27:00;380;sem vítima;460;BR-262/MG;Oeste;Colisão Lateral;1;;1;;;;;;;;2;;;;
12/04/2019;16:59:00;392;sem vítima;497;BR-153/GO;Norte;Colisão Lateral;1;;;1;;;;;;;2;;;;
12/04/2019;17:10:00;401;sem vítima;497;BR-153/GO;Sul;Engavetamento;4;;;;;;;;;;4;;;;
12/04/2019;17:24:00;409;sem vítima;499,5;BR-153/GO;Sul;Engavetamento;2;;;;;;;;;;4;;;;
12/04/2019;17:55:00;428;sem vítima;91;BR-060/GO;Sul;Choque - Defensa, barreira ou "submarino";1;;;;;;;;;;1;;;;
12/04/2019;18:01:00;431;sem vítima;46,5;BR-060/GO;Norte;Saida de Pista;1;;;;;;;;;;1;;;;
12/04/2019;18:26:00;440;sem vítima;505;BR-153/GO;Norte;Colisão Traseira;2;;;;;;;;;;2;;;;
12/04/2019;18:43:00;451;com vítima;503;BR-153/GO;Norte;Engavetamento;3;;1;;;;;;;;5;2;;;
12/04/2019;18:47:00;454;com vítima;93;BR-060/GO;Norte;Queda de Moto;;;;1;;;;;;;1;1;;;
12/04/2019;19:09:00;463;com vítima;496;BR-153/GO;Sul;Colisão Lateral;1;;;1;;;;;;;1;1;;;
12/04/2019;20:45:00;499;com vítima;8;BR-060/DF;Sul;Colisão Traseira;1;;;1;;;;;;;1;1;;;
12/04/2019;21:20:00;519;sem vítima;23,699;BR-060/GO;Sul;Choque - Talude;1;;;;;;;;;;1;;;;
12/04/2019;21:56:00;533;sem vítima;100;BR-060/GO;Norte;Engavetamento;2;;1;;;;;;;;3;;;;
12/04/2019;22:31:00;542;com vítima;80;BR-153/MG;Sul;Tombamento;;;1;;;;;;;;0;1;;;
13/04/2019;02:55:00;34;sem vítima;49;BR-060/GO;Norte;Capotamento;1;;;;;;;;;;1;;;;
13/04/2019;05:31:00;55;sem vítima;210;BR-153/MG;Norte;Tombamento;;;1;;;;;;;;1;;;;
13/04/2019;06:22:00;66;com vítima;509;BR-153/GO;Sul;Colisão Lateral;;;1;1;;;;;;;1;1;;;
13/04/2019;07:44:00;98;com vítima;387,5;BR-262/MG;Oeste;Queda de Ciclista;;1;;;;;;;;;0;;1;;
13/04/2019;09:01:00;132;com vítima;10;BR-060/DF;Sul;Queda de Ciclista;;1;;;;;;;;;0;;;1;
13/04/2019;09:45:00;160;sem vítima;460,3;BR-262/MG;Oeste;Tombamento;;;;;;1;;;;1;2;;;;
13/04/2019;11:20:00;209;sem vítima;395;BR-262/MG;Leste;Saida de Pista;;;1;;;;;;;;1;;;;
13/04/2019;15:23:00;327;sem vítima;379;BR-262/MG;Leste;Saida de Pista;;;1;;;;;;;;1;;;;
13/04/2019;15:36:00;335;sem vítima;475;BR-262/MG;Leste;Choque - Defensa, barreira ou "submarino";1;;;;;;;;;;3;;;;
13/04/2019;17:20:00;381;sem vítima;558,6;BR-153/GO;Sul;Choque - Outros;1;;;;;;;;;;1;;;;
13/04/2019;18:32:00;410;sem vítima;549,2;BR-153/GO;Norte;Saida de Pista;1;;;;;;;;;;1;;;;
13/04/2019;19:09:00;422;com vítima;449,95;BR-262/MG;Oeste;Choque - Arvore;1;;;;;;;;;;1;1;;;
13/04/2019;19:52:00;440;sem vítima;437;BR-262/MG;Oeste;Choque - Veiculo parado no acostamento;1;;1;;;;;;;;3;;;;
13/04/2019;20:40:00;453;sem vítima;400;BR-262/MG;Leste;Choque - Elemento de Drenagem;;;1;;;;;;;;1;;;;
14/04/2019;01:47:00;16;sem vítima;470,5;BR-262/MG;Oeste;Saida de Pista;1;;;;;;;;;;1;;;;
14/04/2019;01:49:00;17;sem vítima;652;BR-262/MG;Leste;Tombamento;;;1;;;;;;;;1;;;;
14/04/2019;02:27:00;22;com vítima;33,029;BR-060/GO;Norte;Colisão Traseira;1;;1;;;;;;;;1;2;;;
14/04/2019;08:13:00;89;sem vítima;583;BR-153/GO;Norte;Choque - Arvore;1;;;;;;;;;;2;;;;
14/04/2019;08:19:00;91;com vítima;513;BR-153/GO;Sul;Choque - Veiculo parado na pista;1;;;1;;;;;;;1;;1;;
14/04/2019;10:44:00;136;com vítima;863;BR-262/MG;Oeste;Colisão Traseira;1;;1;;;;;;;;0;1;1;;1
14/04/2019;11:02:00;146;com vítima;131;BR-060/GO;Norte;Choque - Talude;1;;;;;;;;;;0;1;;;
14/04/2019;11:25:00;150;com vítima;659;BR-262/MG;Leste;Capotamento;1;;;;;;;;;;2;2;;;
14/04/2019;12:20:00;165;sem vítima;578;BR-262/MG;Leste;Saida de Pista;1;;;;;;;;;;1;;;;
14/04/2019;12:28:00;167;com vítima;69;BR-060/GO;Norte;Queda de Moto;;;;1;;;;;;;0;1;;;
14/04/2019;14:18:00;199;sem vítima;577;BR-262/MG;Leste;Capotamento;;;1;;;;;;;;1;;;;
14/04/2019;14:20:00;200;sem vítima;608;BR-262/MG;Oeste;Capotamento;1;;;;;;;;;;1;;;;
14/04/2019;15:33:00;229;sem vítima;430;BR-262/MG;Leste;Tombamento;;;1;;;;;;;;1;;;;
14/04/2019;17:01:00;259;sem vítima;598;BR-262/MG;Leste;Saida de Pista;;;1;;;;;;;;1;;;;
14/04/2019;17:03:00;261;com vítima;542;BR-153/GO;Sul;Capotamento;1;;;;;;;;;;3;1;;;
14/04/2019;17:14:00;265;sem vítima;518;BR-153/GO;Norte;Engavetamento;2;;;;;;;;;1;3;;;;
14/04/2019;18:13:00;287;sem vítima;395;BR-262/MG;Oeste;Saida de Pista;1;;;;;;;;;;3;;;;
14/04/2019;19:36:00;321;sem vítima;156,8;BR-153/MG;Sul;Saida de Pista;1;;;;;;;;;;4;;;;
15/04/2019;02:11:00;22;sem vítima;579,5;BR-262/MG;Leste;Carreta deu L;;;1;;;;;;;;1;;;;
15/04/2019;06:30:00;55;sem vítima;595,5;BR-262/MG;Leste;Tombamento;1;;;;;;;;;;1;;;;
15/04/2019;06:37:00;59;sem vítima;584;BR-262/MG;Leste;Capotamento;1;;;;;;;;;;1;;;;
15/04/2019;07:51:00;85;sem vítima;495;BR-153/GO;Sul;Colisão Traseira;2;;;;;;;;;;2;;;;
15/04/2019;08:08:00;100;sem vítima;240;BR-153/MG;Sul;Colisão Lateral;1;;1;;;1;;;;1;4;;;;
15/04/2019;08:24:00;104;com vítima;501;BR-153/GO;Sul;Choque - Suporte de Sinalização;;;;1;;;;;;;0;1;;;
15/04/2019;11:48:00;204;com vítima;574,6;BR-153/GO;Sul;Choque - Outros;1;;;;;;;;;;0;1;;;
15/04/2019;12:26:00;222;com vítima;602,5;BR-153/GO;Norte;Capotamento;1;;;;;;;;;;0;2;;;
15/04/2019;12:30:00;225;com vítima;353,5;BR-262/MG;Oeste;Engavetamento;;;3;;;;;;;;2;1;;;
15/04/2019;14:49:00;278;sem vítima;97;BR-060/GO;Norte;Colisão Lateral;1;;2;;;;;;;;3;;;;
15/04/2019;15:29:00;290;sem vítima;381;BR-262/MG;Oeste;Tombamento;1;;;;;;;;;;1;;;;
15/04/2019;15:57:00;300;sem vítima;379;BR-262/MG;Oeste;Choque - Elemento de Drenagem;;;;;;;;;;1;1;;;;
15/04/2019;16:07:00;304;com vítima;90;BR-060/GO;Sul;Queda de Moto;;;;1;;;;;;;1;1;;;
15/04/2019;16:57:00;323;sem vítima;372,9;BR-262/MG;Oeste;Choque - Elemento de Drenagem;1;;;;;;;;;;1;;;;
15/04/2019;21:19:00;412;sem vítima;11,4;BR-060/DF;Norte;Capotamento;1;;;;;;;;;;1;;;;
15/04/2019;23:47:00;444;sem vítima;137;BR-060/GO;Norte;Colisão Traseira;2;;;;;;;;;;2;;;;
16/04/2019;02:52:00;28;com vítima;82,6;BR-153/MG;Sul;Choque - Defensa, barreira ou "submarino";;;3;;;;;;;;2;;;;1
16/04/2019;03:09:00;30;com vítima;10;BR-153/MG;Sul;Capotamento;1;;;;;;;;;;0;1;;;
16/04/2019;04:25:00;39;sem vítima;447;BR-262/MG;Oeste;Saida de Pista;1;;;;;;;;;;1;;;;
16/04/2019;06:12:00;56;sem vítima;129;BR-060/GO;Sul;Colisão Traseira;;;1;;;;;;;1;2;;;;
16/04/2019;06:31:00;58;sem vítima;501;BR-153/GO;Norte;Colisão Traseira;2;;;;;;;;;;2;;;;
16/04/2019;07:44:00;80;sem vítima;83;BR-153/MG;Sul;Tombamento;;;1;;;;;;;;1;;;;
16/04/2019;08:38:00;112;sem vítima;385;BR-262/MG;Oeste;Tombamento;1;;;;;;;;;;1;;;;
16/04/2019;09:54:00;143;sem vítima;558,2;BR-153/GO;Sul;Choque - Elemento de Drenagem;1;;;;;;;;;;2;;;;
16/04/2019;10:51:00;174;sem vítima;380;BR-262/MG;Leste;Tombamento;1;;;;;;;;;;1;;;;
16/04/2019;10:55:00;176;sem vítima;508;BR-153/GO;Norte;Colisão Traseira;2;;;;;;;;;;2;;;;
16/04/2019;11:33:00;201;sem vítima;395;BR-262/MG;Oeste;Colisão Lateral;;;1;;;;;;;1;2;;;;
16/04/2019;12:17:00;221;com vítima;651;BR-262/MG;Oeste;Colisão Frontal;1;;1;;;;;;;;1;;1;;
16/04/2019;12:49:00;231;sem vítima;633;BR-153/GO;Sul;Colisão Lateral;2;;;;;;;;;;3;;;;
16/04/2019;16:45:00;331;com vítima;611;BR-153/GO;Norte;Capotamento;1;;;;;;;;;;0;2;;;
16/04/2019;17:10:00;341;sem vítima;594;BR-262/MG;Oeste;Colisão Traseira;;;1;1;;;;;;;2;;;;
16/04/2019;22:06:00;440;sem vítima;497,6;BR-153/GO;Norte;Colisão Lateral;2;;;;;;;;;;2;;;;
16/04/2019;22:28:00;445;sem vítima;410,668;BR-262/MG;Leste;Tombamento;;;1;;;;;;;;1;;;;
16/04/2019;22:41:00;447;sem vítima;499;BR-153/GO;Sul;Queda de Moto;;;;1;;;;;;;1;;;;
17/04/2019;00:59:00;18;sem vítima;509,899;BR-153/GO;Sul;Queda de Moto;;;;1;;;;;;;1;;;;
17/04/2019;02:06:00;29;com vítima;58,799;BR-060/GO;Norte;Choque - Defensa, barreira ou "submarino";1;;;;;;;;;;0;;1;;
17/04/2019;03:40:00;41;com vítima;420,471;BR-262/MG;Oeste;Tombamento;;;1;;;;;;;;0;1;;;
17/04/2019;06:51:00;70;sem vítima;378;BR-262/MG;Leste;Tombamento;1;;;;;;;;;;1;;;;
17/04/2019;07:30:00;86;com vítima;505,3;BR-153/GO;Norte;Colisão Traseira;1;;;1;;;;;;;1;1;;;
17/04/2019;07:34:00;87;sem vítima;608;BR-153/GO;Sul;Choque - Talude;1;;;;;;;;;;2;;;;
17/04/2019;08:05:00;103;com vítima;499;BR-153/GO;Sul;Colisão Traseira;1;;;1;;;;;;;1;;1;;
17/04/2019;08:10:00;109;sem vítima;95;BR-060/GO;Norte;Colisão Traseira;2;;;;;;;;;;2;;;;
17/04/2019;08:33:00;126;sem vítima;129,5;BR-060/GO;Sul;Colisão Traseira;1;;;1;;;;;;;2;;;;
17/04/2019;08:50:00;134;com vítima;554;BR-153/GO;Norte;Capotamento;1;;;;;;;;;;2;1;;;
17/04/2019;15:13:00;312;sem vítima;600;BR-153/GO;Norte;Saida de Pista;2;;;;;;;;;;2;;;;
17/04/2019;18:06:00;396;sem vítima;371,2;BR-262/MG;Leste;Saida de Pista;1;;;;;;;;;;1;;;;
17/04/2019;18:47:00;411;com vítima;224,8;BR-153/MG;Norte;Colisão Frontal;1;;;;;;;;;1;1;1;1;;
17/04/2019;23:51:00;510;sem vítima;616,299;BR-153/GO;Sul;Capotamento;1;;;;;;;;;;1;;;;
18/04/2019;04:42:00;45;sem vítima;858;BR-262/MG;Leste;Capotamento;1;;;;;;;;;;1;;;;
18/04/2019;05:52:00;48;sem vítima;109;BR-060/GO;Norte;Colisão Traseira;2;;;;;;;;;;2;;;;
18/04/2019;11:21:00;190;sem vítima;671,5;BR-153/GO;Norte;Colisão Traseira;;;2;;;;;;;;2;;;;
18/04/2019;12:34:00;224;com vítima;87;BR-060/GO;Sul;Capotamento;;;;1;;;;;;;0;1;;;
18/04/2019;13:33:00;254;sem vítima;832;BR-262/MG;Leste;Choque - Defensa, barreira ou "submarino";1;;;;;;;;;;1;;;;
18/04/2019;13:41:00;258;com vítima;496;BR-153/GO;Sul;Queda de Moto;;;;1;;;;;;;0;2;;;
18/04/2019;16:15:00;345;com vítima;534;BR-153/GO;Sul;Queda de Moto;;;;1;;;;;;;0;1;1;;
18/04/2019;16:27:00;353;com vítima;55;BR-060/GO;Norte;Colisão Traseira;1;;;1;;;;;;;1;;1;;
18/04/2019;16:57:00;370;com vítima;25;BR-060/GO;Sul;Choque - Suporte de Sinalização;;;1;;;;;;;;0;1;;;
18/04/2019;17:08:00;378;com vítima;6;BR-060/GO;Norte;Tombamento;;;1;;;;;;;;1;1;;;
18/04/2019;17:26:00;389;com vítima;499;BR-153/GO;Sul;Colisão Traseira;1;;;1;;;;;;;1;1;;;
18/04/2019;19:45:00;466;sem vítima;501;BR-153/GO;Sul;Engavetamento;1;;2;;;;;;;;5;;;;
18/04/2019;20:43:00;494;com vítima;359;BR-262/MG;Leste;Queda de Moto;1;;;1;;;;;;;1;1;1;;
18/04/2019;21:51:00;531;com vítima;513;BR-153/GO;Norte;Queda de Moto;;;;1;;;;;;;0;1;;;
19/04/2019;00:40:00;21;com vítima;491;BR-153/GO;Sul;Queda de Moto;;;;1;;;;;;;0;;1;;
19/04/2019;03:51:00;51;com vítima;497;BR-153/GO;Sul;Queda de Moto;;;;1;;;;;;;0;1;;;
19/04/2019;05:02:00;58;sem vítima;436;BR-262/MG;Leste;Saida de Pista;1;;;;;;;;;;3;;;;
19/04/2019;08:17:00;105;sem vítima;501;BR-153/GO;Norte;Colisão Traseira;1;;1;;;;;;;;2;;;;
19/04/2019;09:18:00;138;com vítima;591;BR-262/MG;Oeste;Queda de Moto;;;;1;;;;;;;0;2;;;
19/04/2019;10:35:00;208;com vítima;132,5;BR-153/MG;Sul;Colisão Traseira;;;;2;;;;;;;0;1;1;;
19/04/2019;19:10:00;454;sem vítima;1,2;BR-060/GO;Norte;Saida de Pista;1;;;;;;;;;;2;;;;
20/04/2019;01:07:00;17;com vítima;4,6;BR-060/DF;Norte;Queda de Moto;;;;1;;;;;;;0;1;;;
20/04/2019;01:47:00;30;com vítima;513;BR-153/GO;Norte;Queda de Moto;1;;;1;;;;;;;1;1;;;
20/04/2019;06:14:00;51;sem vítima;94;BR-060/GO;Norte;Saida de Pista;1;;;;;;;;;;1;;;;
20/04/2019;09:55:00;130;com vítima;496;BR-153/GO;Sul;Engavetamento;1;;;1;;;;;;1;2;;1;;
20/04/2019;18:43:00;399;com vítima;101,6;BR-060/GO;Sul;Atropelamento - Morador;1;;;;;;;;;;1;;;;1
20/04/2019;18:55:00;408;com vítima;493,4;BR-153/GO;Norte;Queda de Moto;;;;1;;;;;;;0;1;;;
20/04/2019;20:12:00;437;sem vítima;396,4;BR-262/MG;Oeste;Queda de Moto;;;;1;;;;;;;2;;;;
20/04/2019;21:01:00;465;sem vítima;371;BR-262/MG;Oeste;Choque - Suporte de Sinalização;1;;;;;;;;;;1;;;;
20/04/2019;22:09:00;489;com vítima;503,3;BR-153/GO;Sul;Queda de Moto;;;;1;;;;;;;0;1;;;
20/04/2019;23:28:00;508;sem vítima;699,299;BR-153/GO;Norte;Choque - Talude;1;;;;;;;;;;1;;;;
20/04/2019;23:40:00;512;sem vítima;584,299;BR-153/GO;Sul;Saida de Pista;;;1;;;;;;;;1;;;;
21/04/2019;01:07:00;7;com vítima;369,6;BR-262/MG;Oeste;Atropelamento - Ciclista;1;;;;;;;;;;1;;;;1
21/04/2019;07:44:00;63;com vítima;106,6;BR-060/GO;Sul;Queda de Moto;;;;1;;;;;;;0;2;;;
21/04/2019;10:09:00;108;sem vítima;665;BR-153/GO;Norte;Saida de Pista;;;;;;;;;;1;1;;;;
21/04/2019;10:42:00;129;sem vítima;58;BR-153/MG;Norte;Colisão Traseira;;;2;;;;;;;;2;;;;
21/04/2019;11:09:00;147;com vítima;534,2;BR-153/GO;Norte;Queda de Moto;;;;1;;;;;;;0;1;;;
21/04/2019;13:23:00;198;com vítima;16;BR-060/GO;Norte;Queda de Moto;;;;1;;;;;;;1;1;;;
21/04/2019;16:44:00;317;com vítima;507,3;BR-153/GO;Norte;Colisão Traseira;1;;;1;;;;;;;1;1;;;
21/04/2019;16:48:00;320;sem vítima;491;BR-153/GO;Norte;Tombamento;;;1;;;;;;;;1;;;;
21/04/2019;17:27:00;349;sem vítima;450,5;BR-262/MG;Oeste;Colisão Traseira;2;;;;;;;;;;2;;;;
21/04/2019;17:44:00;361;com vítima;401;BR-262/MG;Leste;Capotamento;1;;;;;;;;;;2;1;;;
21/04/2019;19:02:00;408;sem vítima;81,9;BR-153/MG;Norte;Saida de Pista;1;;;;;;;;;;5;;;;
21/04/2019;22:19:00;492;sem vítima;46,2;BR-060/GO;Norte;Colisão Traseira;1;;1;;;;;;;;2;;;;
21/04/2019;22:28:00;498;sem vítima;4,9;BR-060/GO;Norte;Choque - Talude;;;;;;;;;;1;1;;;;
22/04/2019;06:10:00;67;com vítima;32;BR-153/MG;Norte;Tombamento;;;1;;;;;;;;0;1;;;
22/04/2019;06:43:00;74;sem vítima;442;BR-262/MG;Oeste;Capotamento;1;;;;;;;;;;4;;;;
22/04/2019;06:45:00;76;sem vítima;470,3;BR-262/MG;Oeste;Colisão Lateral;1;;1;;;;;;;;2;;;;
22/04/2019;07:15:00;89;sem vítima;501;BR-153/GO;Sul;Engavetamento;2;;;;;;;;;1;3;;;;
22/04/2019;08:20:00;125;sem vítima;363;BR-262/MG;Oeste;Colisão Traseira;1;;1;;;;;;;;2;;;;
22/04/2019;08:26:00;129;sem vítima;498;BR-153/GO;Sul;Engavetamento;4;;;;;;;;;;4;;;;
22/04/2019;12:53:00;252;sem vítima;514;BR-153/GO;Norte;Colisão Lateral;2;;;;;;;;;;2;;;;
22/04/2019;15:23:00;303;sem vítima;28;BR-060/GO;Norte;Capotamento;1;;;;;;;;;;2;;;;