data;horario;n_da_ocorrencia;tipo_de_ocorrencia;km;trecho;sentido;tipo_de_acidente;automovel;bicicleta;caminhao;moto;onibus;outros;tracao_animal;transporte_de_cargas_especiais;trator_maquinas;utilitarios;ilesos;levemente_feridos;moderadamente_feridos;gravemente_feridos;mortos
22/04/2019;16:39:00;334;sem vítima;34;BR-060/GO;Norte;Choque - Talude;1;;;;;;;;;;2;;;;
22/04/2019;18:44:00;394;com vítima;356;BR-262/MG;Oeste;Engavetamento;4;;1;1;;;;;;;5;2;;;
22/04/2019;18:49:00;399;com vítima;509;BR-153/GO;Sul;Colisão Lateral;;;;2;;;;;;;1;;1;;
23/04/2019;05:58:00;50;com vítima;420;BR-262/MG;Oeste;Colisão Traseira;;;1;;;1;;;;;2;;1;;
23/04/2019;06:55:00;60;sem vítima;40,4;BR-060/GO;Norte;Colisão Traseira;1;;1;;;;;;;;2;;;;
23/04/2019;07:49:00;82;com vítima;507,8;BR-153/GO;Norte;Queda de Moto;;;;1;;;;;;;0;1;;;
23/04/2019;07:52:00;85;sem vítima;654;BR-153/GO;Norte;Choque - Elemento de Drenagem;1;;;;;;;;;;4;;;;
23/04/2019;11:08:00;185;sem vítima;235;BR-153/MG;Sul;Colisão Traseira;;;;;;;;;;1;1;;;;
23/04/2019;12:25:00;222;com vítima;17;BR-060/DF;Norte;Choque - Arvore;1;;;;;;;;;;0;1;;;
23/04/2019;12:35:00;227;sem vítima;608;BR-262/MG;Leste;Capotamento;;;;;;;;;;1;1;;;;
23/04/2019;13:48:00;258;sem vítima;483;BR-262/MG;Leste;Colisão Lateral;3;;1;;;1;;;;;6;;;;
23/04/2019;13:50:00;260;sem vítima;47;BR-153/MG;Sul;Capotamento;1;;;;;;;;;;2;;;;
23/04/2019;14:22:00;276;sem vítima;127;BR-060/GO;Norte;Capotamento;;;;;;;;;;1;1;;;;
23/04/2019;14:38:00;282;com vítima;23;BR-060/DF;Sul;Capotamento;1;;;;;;;;;;4;;1;;
23/04/2019;20:35:00;416;sem vítima;663;BR-153/GO;Sul;Choque - Defensa, barreira ou "submarino";1;;;;;;;;;;5;;;;
23/04/2019;22:32:00;443;sem vítima;364;BR-262/MG;Leste;Saida de Pista;1;;;;;;;;;;1;;;;
24/04/2019;07:42:00;89;sem vítima;92;BR-153/MG;Sul;Tombamento;;;1;;;;;;;;1;;;;
24/04/2019;10:47:00;190;com vítima;118;BR-060/GO;Norte;Colisão Transversal;1;;;1;;;;;;;1;1;;;
24/04/2019;18:41:00;383;sem vítima;498;BR-153/GO;Sul;Engavetamento;3;;;;;;;;;;3;;;;
24/04/2019;19:03:00;388;com vítima;504,1;BR-153/GO;Sul;Queda de Moto;;;;1;;;;;;;0;1;;;
24/04/2019;22:46:00;453;com vítima;15,199;BR-060/GO;Sul;Choque - Talude;1;;;;;;;;;;1;1;;;
25/04/2019;00:08:00;3;com vítima;601;BR-262/MG;Oeste;Colisão Frontal;;;3;;;;;;;;2;;;;1
25/04/2019;00:30:00;8;sem vítima;473;BR-262/MG;Leste;Tombamento;;;1;;;;;;;;1;;;;
25/04/2019;14:37:00;269;com vítima;504;BR-153/GO;Sul;Queda de Moto;;;;1;;;;;;;0;;1;;
25/04/2019;16:55:00;333;com vítima;94,5;BR-060/GO;Norte;Colisão Lateral;1;;;1;;;;;;;2;1;;;
26/04/2019;00:32:00;11;com vítima;589,2;BR-153/GO;Sul;Tombamento;;;1;;;;;;;;1;1;;;
26/04/2019;03:12:00;41;sem vítima;68,5;BR-153/MG;Sul;Saida de Pista;;;1;;;;;;;;1;;;;
26/04/2019;05:37:00;57;com vítima;57;BR-153/MG;Norte;Colisão Traseira;1;;1;;;;;;;;1;;;1;
26/04/2019;08:52:00;137;com vítima;30;BR-060/GO;Sul;Colisão Lateral;;;1;;;;;;;1;2;1;;;
26/04/2019;09:05:00;147;sem vítima;683;BR-153/GO;Sul;Colisão Traseira;1;;1;;;;;;;;2;;;;
26/04/2019;10:39:00;200;com vítima;504;BR-153/GO;Norte;Colisão Lateral;1;;;1;;;;;;;1;1;;;
26/04/2019;11:08:00;218;sem vítima;212;BR-153/MG;Sul;Colisão Lateral;1;;1;;;;;;;;4;;;;
26/04/2019;13:25:00;272;com vítima;89;BR-060/GO;Norte;Colisão Traseira;;;2;;;;;;;;2;1;;;
26/04/2019;14:13:00;301;sem vítima;437;BR-262/MG;Oeste;Choque - Talude;;;1;;;;;;;;1;;;;
26/04/2019;17:10:00;378;com vítima;493,5;BR-153/GO;Norte;Atropelamento - Usuário;1;;;;;;;;;;0;;1;;1
26/04/2019;17:14:00;381;sem vítima;501;BR-153/GO;Sul;Engavetamento;1;;1;;;;;;;1;3;;;;
26/04/2019;21:18:00;499;com vítima;441;BR-262/MG;Leste;Colisão Traseira;;;1;2;;;;;;;1;2;;;
26/04/2019;21:43:00;511;sem vítima;506;BR-153/GO;Sul;Capotamento;1;;;;;;;;;;1;;;;
26/04/2019;23:17:00;542;sem vítima;871;BR-262/MG;Oeste;Saida de Pista;1;;;;;;;;;;1;;;;
27/04/2019;05:53:00;55;sem vítima;461;BR-262/MG;Oeste;Atropelamento de Animal;;;;1;;;;;;;1;;;;
27/04/2019;07:39:00;87;sem vítima;363;BR-262/MG;Oeste;Choque - Elemento de Drenagem;1;;;;;;;;;;1;;;;
27/04/2019;08:01:00;96;sem vítima;677,8;BR-262/MG;Oeste;Colisão Traseira;1;;;;;;;;;1;2;;;;
27/04/2019;13:14:00;223;sem vítima;138;BR-153/MG;Norte;Choque - Poste;1;;1;;;;;;;;2;;;;
27/04/2019;13:48:00;245;com vítima;509;BR-153/GO;Norte;Queda de Moto;;;1;1;;;;;;;1;1;;;
27/04/2019;14:27:00;269;sem vítima;641;BR-153/GO;Norte;Colisão Traseira;1;;;;;;;;;;2;;;;
27/04/2019;16:45:00;331;com vítima;0,3;BR-153/MG;Sul;Choque - Suporte de Sinalização;1;;;;;;;;;;0;;1;;
27/04/2019;16:53:00;337;sem vítima;355;BR-262/MG;Leste;Capotamento;1;;;;;;;;;;1;;;;
27/04/2019;16:56:00;338;sem vítima;438;BR-262/MG;Oeste;Queda de Moto;;;;1;;;;;;;2;;;;
27/04/2019;16:59:00;341;com vítima;29;BR-060/DF;Norte;Capotamento;1;;;;;;;;;;1;1;1;;
27/04/2019;17:36:00;361;sem vítima;94;BR-060/GO;Norte;Colisão Traseira;1;;1;;;;;;;;2;;;;
28/04/2019;05:32:00;39;com vítima;380;BR-262/MG;Oeste;Capotamento;1;;;;;;;;;;0;1;;;
28/04/2019;07:28:00;61;com vítima;111;BR-060/GO;Sul;Capotamento;1;;;;;;;;;;0;1;1;;
28/04/2019;11:39:00;166;com vítima;3;BR-060/DF;Sul;Capotamento;1;;;;;;;;;1;3;1;;;
28/04/2019;15:50:00;284;sem vítima;549;BR-262/MG;Leste;Colisão Lateral;1;;1;;;;;;;;2;;;;
28/04/2019;16:09:00;295;sem vítima;82,5;BR-060/GO;Norte;Capotamento;1;;;;;;;;;;1;;;;
28/04/2019;16:22:00;305;com vítima;238;BR-153/MG;Norte;Choque - Arvore;;;1;;;;;;;;0;;1;;
28/04/2019;19:04:00;375;com vítima;495;BR-153/GO;Sul;Colisão Traseira;;;1;1;;;;;;;2;;1;;
28/04/2019;21:47:00;433;sem vítima;505,8;BR-153/GO;Norte;Choque - Defensa, barreira ou "submarino";1;;;;;;;;;;1;;;;
28/04/2019;22:21:00;447;sem vítima;210;BR-153/MG;Sul;Capotamento;1;;;;;;;;;;1;;;;
28/04/2019;23:12:00;464;com vítima;409,67;BR-262/MG;Leste;Atropelamento de Animal;;;;1;;;;;;;0;1;;;
29/04/2019;04:00:00;26;com vítima;497,1;BR-153/GO;Norte;Colisão Lateral;1;;;1;;;;;;;1;1;;;
29/04/2019;07:06:00;55;com vítima;490,4;BR-153/GO;Norte;Colisão Lateral;;1;;1;;;;;;;1;1;;;
29/04/2019;09:29:00;131;sem vítima;137;BR-060/GO;Norte;Colisão Traseira;1;;1;;;;;;;;2;;;;
29/04/2019;10:44:00;177;com vítima;496;BR-153/GO;Norte;Atropelamento - Andarilho;1;;;;;;;;;;1;;;1;
29/04/2019;11:36:00;216;sem vítima;496;BR-153/GO;Norte;Objeto lançado contra veículo;2;;1;;;;;;;;3;;;;
29/04/2019;11:37:00;217;sem vítima;480,4;BR-262/MG;Oeste;Saida de Pista;;;;;;;;;;1;2;;;;
29/04/2019;19:36:00;412;sem vítima;505,6;BR-153/GO;Norte;Choque - Defensa, barreira ou "submarino";1;;1;;;;;;;;2;;;;
29/04/2019;23:35:00;484;com vítima;509,3;BR-153/GO;Sul;Queda de Moto;;;;1;;;;;;;0;1;;;
30/04/2019;07:29:00;64;sem vítima;495,399;BR-153/GO;Sul;Colisão Traseira;2;;;;;;;;;;2;;;;
30/04/2019;09:46:00;126;com vítima;508,4;BR-153/GO;Norte;Queda de Moto;;;1;1;;;;;;;1;;1;;
30/04/2019;16:14:00;296;sem vítima;572,7;BR-153/GO;Norte;Choque - Objeto não identificado;1;;;;;;;;;;3;;;;
30/04/2019;17:49:00;335;com vítima;514;BR-153/GO;Sul;Queda de Ciclista;;;;1;;;;;;;0;1;;;
30/04/2019;18:20:00;349;com vítima;516;BR-153/GO;Norte;Colisão Lateral;;1;;1;;;;;;;0;1;1;;
30/04/2019;18:46:00;362;sem vítima;105;BR-060/GO;Sul;Capotamento;1;;;;;;;;;;1;;;;
30/04/2019;19:27:00;373;com vítima;32;BR-060/GO;Norte;Choque - Arvore;1;;;;;;;;;;0;1;;;
30/04/2019;19:43:00;377;sem vítima;593;BR-153/GO;Norte;Choque - Elemento de Drenagem;1;;;;;;;;;;1;;;;
01/06/2019;00:04:00;1;sem vítima;8;BR-153/MG;Sul;Saida de Pista;;;1;;;;;;;1;2;;;;
01/06/2019;07:38:00;71;sem vítima;3;BR-060/DF;Sul;Colisão Traseira;1;;1;;;;;;;;2;;;;
01/06/2019;10:37:00;169;sem vítima;570;BR-153/GO;Sul;Colisão Traseira;;;1;;;;;;;;1;;;;
01/06/2019;11:54:00;203;sem vítima;497;BR-153/GO;Sul;Choque - Poste;1;;;;;;;;;;1;;;;
01/06/2019;12:25:00;212;sem vítima;497;BR-153/GO;Sul;Colisão Traseira;1;;1;;;;;;;;2;;;;
01/06/2019;17:04:00;317;sem vítima;30,8;BR-060/GO;Norte;Colisão Lateral;1;;1;;;;;;;;2;;;;
02/06/2019;02:08:00;22;com vítima;431;BR-262/MG;Oeste;Colisão Traseira;2;;;;;;;;;;6;;1;;
02/06/2019;07:48:00;85;sem vítima;368,9;BR-262/MG;Leste;Capotamento;1;;;;;;;;;;1;;;;
02/06/2019;07:52:00;88;com vítima;50,5;BR-153/MG;Sul;Capotamento;;;;;;;;;;1;2;2;;;
02/06/2019;09:03:00;112;com vítima;575;BR-262/MG;Oeste;Capotamento;1;;;;;;;;;;4;1;;;
02/06/2019;11:09:00;168;sem vítima;94;BR-060/GO;Norte;Choque - Outros;1;;;;;;;;;;2;;;;
02/06/2019;11:41:00;182;com vítima;452,5;BR-262/MG;Oeste;Colisão Traseira;1;;1;;;;;;;;2;1;;;
02/06/2019;12:07:00;191;sem vítima;95;BR-060/GO;Sul;Capotamento;1;;;;;;;;;;2;;;;
02/06/2019;12:57:00;212;sem vítima;120;BR-060/GO;Norte;Colisão Lateral;1;;1;;;;;;;;3;;;;
02/06/2019;18:52:00;354;sem vítima;43,2;BR-153/MG;Norte;Tombamento;;;1;;;;;;;;1;;;;
02/06/2019;19:45:00;372;sem vítima;748;BR-262/MG;Oeste;Colisão Lateral;1;;1;;;;;;;;2;;;;
02/06/2019;19:46:00;373;com vítima;802,2;BR-262/MG;Leste;Colisão Traseira;1;;;1;;;;;;;1;1;;;
02/06/2019;22:51:00;420;com vítima;500,8;BR-153/GO;Sul;Queda de Moto;;;;1;;;;;;;0;;1;;
03/06/2019;06:36:00;53;com vítima;447,5;BR-262/MG;Leste;Colisão Transversal;2;;;1;;;;;;;7;1;;;
03/06/2019;06:53:00;57;com vítima;696,157;BR-153/GO;Sul;Colisão Lateral;1;;;1;;;;;;;1;1;;;
03/06/2019;09:33:00;163;sem vítima;111;BR-060/GO;Norte;Colisão Lateral;1;;;;;;;;;;1;;;;
03/06/2019;12:12:00;269;sem vítima;24,5;BR-153/MG;Sul;Capotamento;;;;;;;;;;1;1;;;;
03/06/2019;12:37:00;280;com vítima;410;BR-262/MG;Oeste;Choque - Talude;1;;;;;;;;;;1;3;;;
03/06/2019;15:38:00;356;sem vítima;587;BR-262/MG;Leste;Capotamento;1;;;;;;;;;;1;;;;
03/06/2019;16:09:00;372;sem vítima;582;BR-262/MG;Leste;Choque - Talude;1;;;;;;;;;;1;;;;
03/06/2019;17:21:00;397;sem vítima;355;BR-262/MG;Oeste;Choque - Defensa, barreira ou "submarino";;;1;;;;;;;;1;;;;
03/06/2019;17:43:00;404;sem vítima;378;BR-262/MG;Oeste;Saida de Pista;;;;;;;;;;1;1;;;;
03/06/2019;18:52:00;426;sem vítima;443,1;BR-262/MG;Leste;Saida de Pista;1;;;;;;;;;;1;;;;
03/06/2019;19:30:00;445;com vítima;5;BR-060/DF;Norte;Queda de Moto;;;;1;;;;;;;0;2;;;
03/06/2019;20:13:00;460;sem vítima;899,28;BR-262/MG;Leste;Choque - Talude;;;2;;;;;;;;2;;;;
04/06/2019;02:20:00;26;com vítima;504;BR-262/MG;Leste;Capotamento;1;;;;;;;;;;1;4;;;
04/06/2019;04:13:00;38;sem vítima;209,858;BR-153/MG;Sul;Choque - Talude;;;1;;;;;;;;1;;;;
04/06/2019;05:44:00;49;com vítima;2,9;BR-060/DF;Norte;Choque - Veiculo parado na pista;1;;;1;;;;;;;1;1;;;
04/06/2019;06:22:00;57;com vítima;520;BR-153/GO;Norte;Capotamento;1;;;;;;;;;;0;1;;;
04/06/2019;12:53:00;291;sem vítima;501;BR-153/GO;Norte;Engavetamento;3;;;;;;;;;;3;;;;
04/06/2019;18:13:00;419;com vítima;512,702;BR-153/GO;Norte;Colisão Traseira;1;;;1;;;;;;;1;1;;;
05/06/2019;04:10:00;53;sem vítima;26,852;BR-060/GO;Norte;Tombamento;;;1;;;;;;;;1;;;;
05/06/2019;13:32:00;309;sem vítima;801;BR-262/MG;Leste;Colisão Traseira;2;;;;;;;;;;2;;;;
05/06/2019;15:04:00;360;com vítima;700;BR-262/MG;Leste;Queda de Moto;;;;1;;;;;;;0;2;;;
05/06/2019;15:07:00;361;sem vítima;494;BR-153/GO;Norte;Queda de Moto;;;;1;;;;;;;1;;;;
05/06/2019;17:04:00;420;sem vítima;96;BR-060/GO;Norte;Colisão Transversal;2;;;;;;;;;;2;;;;
05/06/2019;17:31:00;437;com vítima;506;BR-153/GO;Sul;Colisão Traseira;1;;;1;;;;;;;1;1;;;
05/06/2019;17:47:00;450;com vítima;500;BR-153/GO;Sul;Colisão Lateral;;;1;1;;;;;;;3;1;;;
05/06/2019;18:27:00;470;sem vítima;92;BR-060/GO;Sul;Queda de Moto;;;;1;;;;;;;1;;;;
05/06/2019;18:54:00;478;com vítima;27,7;BR-060/GO;Norte;Colisão Traseira;1;;1;;;;;;;;1;2;;;
05/06/2019;19:14:00;485;com vítima;531;BR-153/GO;Norte;Colisão Lateral;1;;;1;;;;;;;1;;;1;
06/06/2019;03:17:00;34;sem vítima;600,2;BR-262/MG;Leste;Choque - Defensa, barreira ou "submarino";;;1;;;;;;;;1;;;;
06/06/2019;05:23:00;51;com vítima;15,5;BR-153/MG;Sul;Capotamento;;;;;;;;;;1;0;1;;;
06/06/2019;06:51:00;65;com vítima;446;BR-262/MG;Leste;Colisão Transversal;3;;;;;;;;;;1;3;1;;
06/06/2019;08:12:00;110;sem vítima;500;BR-153/GO;Sul;Colisão Traseira;3;;2;;;;;;;;5;;;;
06/06/2019;09:17:00;168;sem vítima;10,1;BR-060/GO;Sul;Capotamento;1;;;;;;;;;;1;;;;
06/06/2019;15:05:00;330;sem vítima;161;BR-153/MG;Norte;Tombamento;;;1;;;;;;;;1;;;;
06/06/2019;17:36:00;395;com vítima;96;BR-060/GO;Norte;Colisão Traseira;1;;;1;;;;;;;1;1;;;
06/06/2019;18:12:00;417;sem vítima;498;BR-153/GO;Sul;Colisão Traseira;2;;;;;;;;;;2;;;;
06/06/2019;18:34:00;426;com vítima;3;BR-060/DF;Sul;Colisão Traseira;1;;;1;;;;;;;1;1;;;
06/06/2019;19:01:00;436;sem vítima;118;BR-060/GO;Norte;Colisão Lateral;2;;;;;;;;;;2;;;;
06/06/2019;19:04:00;438;com vítima;523;BR-153/GO;Sul;Queda de Moto;;;;1;;;;;;;0;1;;;
06/06/2019;20:32:00;475;sem vítima;541;BR-262/MG;Oeste;Colisão Traseira;;;2;;;;;;;;2;;;;
06/06/2019;20:57:00;484;sem vítima;819;BR-262/MG;Leste;Atropelamento de Animal;;;1;;;;;;;;1;;;;
06/06/2019;21:23:00;492;com vítima;802;BR-262/MG;Leste;Atropelamento - Andarilho;1;;;;;;;;;;2;;;;1
06/06/2019;22:24:00;510;com vítima;557;BR-153/GO;Norte;Colisão Traseira;;;2;;;;;;;;2;1;;;
07/06/2019;05:39:00;50;com vítima;563;BR-153/GO;Norte;Capotamento;1;;;;;;;;;;1;;1;;
07/06/2019;07:41:00;75;sem vítima;510,3;BR-153/GO;Norte;Colisão Lateral;1;;;1;;;;;;;4;;;;
07/06/2019;08:47:00;116;sem vítima;505;BR-153/GO;Norte;Colisão Traseira;1;;;;;;;;;1;2;;;;
07/06/2019;09:10:00;132;com vítima;519,4;BR-153/GO;Sul;Queda de Moto;;;;1;;;;;;;0;1;;;
07/06/2019;09:15:00;138;sem vítima;694,7;BR-262/MG;Leste;Colisão Traseira;2;;;;;;;;;;2;;;;
07/06/2019;13:03:00;284;sem vítima;595,8;BR-153/GO;Norte;Colisão Traseira;;;1;;;;;;;1;3;;;;
07/06/2019;13:06:00;287;sem vítima;541;BR-262/MG;Leste;Engavetamento;;;2;;1;;;;;;31;;;;
07/06/2019;15:09:00;349;com vítima;79,538;BR-060/GO;Sul;Saida de Pista;1;;;;;;;;;;0;1;;;
07/06/2019;15:11:00;350;sem vítima;0,8;BR-153/MG;Sul;Colisão Traseira;1;;;;;;;;;1;5;;;;
07/06/2019;16:31:00;393;sem vítima;515;BR-153/GO;Sul;Queda de Moto;;;;1;;;;;;;1;;;;
07/06/2019;17:02:00;403;sem vítima;498;BR-153/GO;Sul;Colisão Traseira;2;;;;;;;;;;2;;;;
07/06/2019;18:19:00;441;com vítima;4;BR-060/DF;Sul;Colisão Traseira;1;;;1;;;;;;;1;1;;;
07/06/2019;18:51:00;458;sem vítima;500;BR-153/GO;Norte;Colisão Transversal;1;;1;;;;;;;;2;;;;
07/06/2019;19:12:00;475;sem vítima;508;BR-153/GO;Sul;Engavetamento;5;;1;1;;;;;;;9;;;;
07/06/2019;19:52:00;489;sem vítima;648;BR-153/GO;Sul;Choque - Suporte de Sinalização;1;;;;;;;;;;1;;;;
07/06/2019;20:09:00;496;sem vítima;509,3;BR-153/GO;Norte;Colisão Traseira;;;2;;;;;;;;2;;;;
07/06/2019;22:54:00;544;com vítima;4;BR-060/DF;Sul;Queda de Moto;;;;1;;;;;;;0;;1;;
08/06/2019;02:26:00;22;sem vítima;82;BR-153/MG;Sul;Atropelamento de Animal;;;1;;;;;;;;1;;;;
08/06/2019;02:42:00;26;sem vítima;69,17;BR-153/MG;Sul;Atropelamento de Animal;;;1;;;;;;;;1;;;;
08/06/2019;02:46:00;27;sem vítima;245,756;BR-153/MG;Sul;Choque - Elemento de Drenagem;1;;;;;;;;;;1;;;;
08/06/2019;05:01:00;44;sem vítima;16,5;BR-060/GO;Norte;Capotamento;1;;;;;;;;;;1;;;;
08/06/2019;07:05:00;69;com vítima;87,381;BR-153/MG;Sul;Choque - Arvore;1;;;;;;;;;;0;1;;;
08/06/2019;09:13:00;94;com vítima;405;BR-262/MG;Leste;Colisão Transversal;;;1;1;;;;;;;1;;1;;
08/06/2019;10:53:00;158;sem vítima;18,5;BR-060/GO;Sul;Colisão Traseira;2;;;;;;;;;;2;;;;
08/06/2019;14:22:00;271;sem vítima;387;BR-262/MG;Leste;Colisão Transversal;1;;;1;;;;;;;4;;;;
08/06/2019;14:52:00;288;sem vítima;402;BR-262/MG;Oeste;Colisão Frontal;1;;1;;;;;;;;2;;;;
08/06/2019;15:26:00;316;com vítima;91,2;BR-060/GO;Sul;Capotamento;1;;;;;;;;;;1;2;;;
08/06/2019;16:47:00;355;com vítima;371;BR-262/MG;Leste;Colisão Transversal;1;;;1;;;;;;;1;1;;;
08/06/2019;20:17:00;431;sem vítima;685,8;BR-153/GO;Norte;Colisão Traseira;1;;;;1;;;;;;2;;;;
08/06/2019;20:52:00;441;sem vítima;365;BR-262/MG;Leste;Atropelamento de Animal;1;;;;;;;;;;1;;;;
09/06/2019;00:56:00;13;sem vítima;502;BR-262/MG;Leste;Atropelamento de Animal;1;;;;;;;;;;1;;;;
09/06/2019;03:22:00;33;com vítima;494,394;BR-153/GO;Norte;Capotamento;1;;;;;;;;;;1;1;;;
09/06/2019;04:20:00;39;com vítima;503,265;BR-153/GO;Sul;Queda de Moto;;;;1;;;;;;;0;1;;;
09/06/2019;04:58:00;42;com vítima;372;BR-262/MG;Leste;Saida de Pista;1;;;;;1;;;;;4;1;;;
09/06/2019;06:52:00;57;sem vítima;375;BR-262/MG;Leste;Choque - Elemento de Drenagem;1;;;;;;;;;;3;;;;
09/06/2019;08:03:00;66;com vítima;47,5;BR-060/GO;Sul;Queda de Moto;;;;1;;;;;;;0;1;;;
09/06/2019;11:35:00;164;com vítima;900;BR-262/MG;Leste;Tombamento;;;1;;;;;;;;0;1;;;
09/06/2019;15:29:00;274;com vítima;505,9;BR-153/GO;Norte;Colisão Lateral;;;;1;;;;;;1;1;1;;;
09/06/2019;17:08:00;318;com vítima;378,5;BR-262/MG;Oeste;Capotamento;1;;;;;;;;;;4;1;;;
09/06/2019;18:34:00;375;sem vítima;514;BR-153/GO;Norte;Engavetamento;3;;;;;1;;;;;4;;;;
09/06/2019;18:56:00;384;sem vítima;245;BR-153/MG;Sul;Colisão Lateral;2;;;;;;;;;;2;;;;
09/06/2019;18:56:00;385;sem vítima;245;BR-153/MG;Sul;Colisão Traseira;2;;;;;;;;;;2;;;;
09/06/2019;22:45:00;463;sem vítima;615;BR-262/MG;Oeste;Capotamento;1;;;;;;;;;;1;;;;
10/06/2019;00:45:00;7;sem vítima;82;BR-060/GO;Sul;Saida de Pista;1;;;;;;;;;;1;;;;
10/06/2019;06:28:00;29;com vítima;548;BR-153/GO;Sul;Colisão Traseira;;;1;;;;;;;1;2;;2;1;
10/06/2019;06:45:00;33;com vítima;506;BR-153/GO;Sul;Colisão Traseira;2;;;1;;;;;;;2;;1;;
10/06/2019;06:49:00;36;sem vítima;380;BR-262/MG;Leste;Colisão Lateral;1;;1;;;;;;;;2;;;;
10/06/2019;07:03:00;41;com vítima;3;BR-060/DF;Norte;Colisão Traseira;1;;;1;;;;;;;1;1;;;
10/06/2019;07:20:00;46;com vítima;507;BR-153/GO;Norte;Colisão Lateral;;;;1;;;;;;1;1;1;;;
10/06/2019;07:35:00;53;sem vítima;4,5;BR-060/DF;Sul;Choque - Poste;1;;;;;;;;;;1;;;;
10/06/2019;07:50:00;61;sem vítima;4;BR-060/DF;Norte;Engavetamento;3;;;;;;;;;;3;;;;
10/06/2019;08:00:00;65;sem vítima;506,9;BR-153/GO;Norte;Engavetamento;2;;;;;;;;;;2;;;;
10/06/2019;08:27:00;78;sem vítima;506,1;BR-153/GO;Norte;Colisão Traseira;2;;;;;;;;;;2;;;;
10/06/2019;08:12:00;80;com vítima;507,02;BR-153/GO;Norte;Colisão Traseira;;;1;1;;;;;;;1;;1;;
10/06/2019;08:40:00;86;sem vítima;506,055;BR-153/GO;Norte;Engavetamento;3;;;;;;;;;;3;;;;
10/06/2019;10:25:00;152;sem vítima;101,5;BR-060/GO;Norte;Engavetamento;2;;;;;;;;;1;3;;;;
10/06/2019;15:50:00;275;sem vítima;742,5;BR-262/MG;Leste;Colisão Traseira;;;2;;;;;;;;2;;;;
10/06/2019;16:04:00;280;sem vítima;549;BR-262/MG;Oeste;Saida de Pista;;;1;;;;;;;;1;;;;
10/06/2019;18:22:00;333;sem vítima;499;BR-153/GO;Sul;Colisão Traseira;2;;;;;;;;;;2;;;;
10/06/2019;20:10:00;376;com vítima;482;BR-262/MG;Oeste;Colisão Traseira;;;1;;;;;;;1;1;1;;;
10/06/2019;21:10:00;390;sem vítima;611;BR-262/MG;Leste;Colisão Lateral;;;2;;;;;;;;2;;;;
11/06/2019;00:15:00;4;sem vítima;502;BR-262/MG;Leste;Atropelamento de Animal;1;;;;;;;;;;1;;;;
11/06/2019;02:07:00;31;sem vítima;18;BR-153/MG;Sul;Saida de Pista;;;1;;;;;;;;1;;;;
11/06/2019;06:27:00;61;sem vítima;118;BR-060/GO;Sul;Capotamento;1;;;;;1;;;;;2;;;;
11/06/2019;07:43:00;84;sem vítima;495;BR-153/GO;Sul;Engavetamento;2;;;;;;;;;1;3;;;;
11/06/2019;08:41:00;120;sem vítima;544;BR-262/MG;Oeste;Choque - Outros;;;;;;;;;;1;2;;;;
11/06/2019;09:23:00;148;sem vítima;500;BR-153/GO;Norte;Colisão Lateral;1;;1;;;;;;;;2;;;;
11/06/2019;13:21:00;259;sem vítima;18;BR-153/MG;Norte;Choque - Outros;1;;;;;;;;;;1;;;;
11/06/2019;13:53:00;269;sem vítima;116;BR-060/GO;Norte;Capotamento;1;;;;;;;;;;1;;;;
11/06/2019;14:21:00;280;sem vítima;96;BR-060/GO;Sul;Choque - Suporte de Sinalização;1;;;;;;;;;;1;;;;
11/06/2019;15:09:00;300;sem vítima;15,7;BR-060/GO;Sul;Colisão Traseira;;;2;;;;;;;;2;;;;
11/06/2019;21:33:00;479;sem vítima;69,857;BR-060/GO;Norte;Capotamento;2;;;;;;;;;;3;;;;
11/06/2019;23:57:00;534;sem vítima;397;BR-262/MG;Oeste;Atropelamento de Animal;1;;;;;;;;;;1;;;;
12/06/2019;00:00:00;1;com vítima;510,891;BR-153/GO;Sul;Colisão Traseira;1;;1;;;;;;;;1;1;;;
12/06/2019;00:50:00;9;com vítima;21,429;BR-060/DF;Norte;Colisão Traseira;1;;;1;;;;;;;0;1;;;1
12/06/2019;07:20:00;141;sem vítima;119,95;BR-060/GO;Sul;Colisão Traseira;1;;;;;;;;;1;2;;;;
12/06/2019;09:37:00;156;com vítima;427,594;BR-262/MG;Oeste;Capotamento;1;;;;;;;;;;0;;1;;
12/06/2019;10:16:00;179;com vítima;446;BR-262/MG;Oeste;Atropelamento - Andarilho;;;1;;;;;;;;1;;1;;
12/06/2019;10:37:00;190;sem vítima;108,5;BR-153/MG;Sul;Saida de Pista;1;;;;;;;;;;2;;;;
12/06/2019;12:18:00;240;com vítima;358;BR-262/MG;Oeste;Capotamento;1;;;;;;;;;;3;;1;;
12/06/2019;15:51:00;332;sem vítima;600;BR-153/GO;Sul;Colisão Traseira;;;2;;;;;;;;2;;;;
13/06/2019;02:19:00;31;com vítima;462,1;BR-262/MG;Oeste;Colisão Traseira;;;2;;;;;;;;1;;1;;
13/06/2019;03:08:00;39;sem vítima;356;BR-262/MG;Oeste;Choque - Defensa, barreira ou "submarino";1;;;;;;;;;;1;;;;
13/06/2019;05:44:00;56;sem vítima;850;BR-262/MG;Leste;Tombamento;;;1;;;;;;;;1;;;;
13/06/2019;06:28:00;59;com vítima;575;BR-153/GO;Sul;Colisão Traseira;1;;1;;;1;;;;;3;2;1;;
13/06/2019;07:29:00;73;sem vítima;85,258;BR-060/GO;Norte;Colisão Traseira;;;2;;;;;;;;2;;;;
13/06/2019;07:31:00;75;sem vítima;494;BR-153/GO;Sul;Colisão Traseira;2;;;;;;;;;;2;;;;
13/06/2019;07:52:00;87;com vítima;499;BR-153/GO;Norte;Colisão Traseira;2;;;;;;;;;;2;1;;;
13/06/2019;08:56:00;117;sem vítima;501;BR-153/GO;Norte;Colisão Traseira;2;;;;;;;;;;2;;;;