data;horario;n_da_ocorrencia;tipo_de_ocorrencia;km;trecho;sentido;tipo_de_acidente;automovel;bicicleta;caminhao;moto;onibus;outros;tracao_animal;transporte_de_cargas_especiais;trator_maquinas;utilitarios;ilesos;levemente_feridos;moderadamente_feridos;gravemente_feridos;mortos
13/06/2019;10:53:00;179;com vítima;114;BR-153/MG;Sul;Colisão Frontal;;;4;;;;;;;;2;2;;;
13/06/2019;10:59:00;185;com vítima;69;BR-153/MG;Norte;Colisão Frontal;2;;;;;;;;;;1;1;3;;1
13/06/2019;13:59:00;255;com vítima;358;BR-262/MG;Oeste;Queda de Moto;;;;1;;;;;;;0;;1;;
13/06/2019;14:33:00;267;com vítima;36,35;BR-060/GO;Sul;Queda de Moto;;;;1;;;;;;;0;2;;;
13/06/2019;18:14:00;345;sem vítima;506;BR-153/GO;Norte;Colisão Traseira;1;;;;;;;;;1;2;;;;
13/06/2019;18:46:00;354;sem vítima;506;BR-153/GO;Sul;Engavetamento;3;;;;;;;;;;3;;;;
13/06/2019;19:00:00;359;sem vítima;94;BR-060/GO;Norte;Atropelamento de Animal;;;;;;;;;;1;1;;;;
13/06/2019;19:51:00;381;com vítima;46;BR-060/GO;Norte;Atropelamento - Usuário;1;;;;;;;;;;2;1;;;
14/06/2019;00:09:00;3;com vítima;504;BR-153/GO;Sul;Colisão Traseira;;;1;1;;;;;;;1;2;;;
14/06/2019;00:55:00;12;com vítima;443,8;BR-262/MG;Oeste;Capotamento;1;;;;;;;;;;0;2;;;
14/06/2019;01:21:00;18;sem vítima;618;BR-153/GO;Sul;Queda de Moto;;;;1;;;;;;;1;;;;
14/06/2019;09:26:00;164;sem vítima;70;BR-060/GO;Sul;Saida de Pista;1;;;;;;;;;;1;;;;
14/06/2019;11:34:00;233;sem vítima;508;BR-153/GO;Norte;Engavetamento;4;;;;;;;;;;7;;;;
14/06/2019;16:18:00;367;sem vítima;118;BR-060/GO;Norte;Colisão Lateral;2;;;;;;;;;;2;;;;
14/06/2019;16:19:00;368;sem vítima;5;BR-153/MG;Sul;Choque - Defensa, barreira ou "submarino";1;;;;;;;;;;1;;;;
14/06/2019;17:32:00;399;sem vítima;2;BR-153/MG;Sul;Capotamento;1;;;;;;;;;;3;;;;
14/06/2019;18:05:00;421;sem vítima;360;BR-262/MG;Leste;Colisão Traseira;1;;1;;;;;;;;2;;;;
14/06/2019;19:06:00;444;com vítima;32,4;BR-060/GO;Sul;Colisão Traseira;1;;;1;;;;;;;1;1;;;
14/06/2019;21:08:00;493;sem vítima;413;BR-262/MG;Leste;Colisão Traseira;1;;1;;;;;;;;2;;;;
14/06/2019;21:23:00;498;com vítima;506;BR-153/GO;Norte;Colisão Transversal;1;;;1;;;;;;;1;1;;;
14/06/2019;21:46:00;505;sem vítima;71,6;BR-153/MG;Norte;Choque - Outros;;;1;;;;;;;;1;;;;
14/06/2019;23:13:00;529;sem vítima;530;BR-262/MG;Oeste;Atropelamento de Animal;;;1;;;;;;;;1;;;;
14/06/2019;23:37:00;542;sem vítima;530;BR-262/MG;Oeste;Atropelamento de Animal;1;;;;;;;;;;2;;;;
14/06/2019;23:53:00;549;sem vítima;14;BR-153/MG;Sul;Tombamento;1;;;;;1;;;;;2;;;;
15/06/2019;03:05:00;43;com vítima;97,3;BR-060/GO;Sul;Capotamento;;;;;;;;;;1;0;1;;;
15/06/2019;03:45:00;50;com vítima;103,67;BR-060/GO;Norte;Capotamento;1;;;;;;;;;;0;1;1;;
15/06/2019;04:55:00;60;sem vítima;96;BR-060/GO;Sul;Colisão Traseira;1;;;;1;;;;;;2;;;;
15/06/2019;05:49:00;65;com vítima;502;BR-153/GO;Norte;Colisão Traseira;;;;1;;;;;;1;1;1;;;
15/06/2019;10:06:00;161;com vítima;135;BR-060/GO;Sul;Queda de Moto;;;;1;;;;;;;0;2;;;
15/06/2019;11:37:00;206;sem vítima;360,5;BR-262/MG;Leste;Choque - Defensa, barreira ou "submarino";1;;;;;;;;;;1;;;;
15/06/2019;20:14:00;387;com vítima;507;BR-153/GO;Sul;Colisão Traseira;1;;;1;;;;;;;1;1;;;
15/06/2019;21:59:00;433;sem vítima;95;BR-060/GO;Norte;Tombamento;1;;;;;;;;;;1;;;;
15/06/2019;22:51:00;453;sem vítima;496;BR-153/GO;Sul;Saida de Pista;1;;;;;;;;;;1;;;;
15/06/2019;23:01:00;457;sem vítima;881,5;BR-262/MG;Leste;Colisão Traseira;1;;1;;;;;;;;2;;;;
16/06/2019;01:10:00;16;sem vítima;517;BR-153/GO;Sul;Saida de Pista;1;;;;;;;;;;1;;;;
16/06/2019;02:44:00;39;com vítima;426,912;BR-262/MG;Leste;Colisão Frontal;2;;;;;;;;;;0;;1;;1
16/06/2019;04:52:00;56;sem vítima;500;BR-153/GO;Norte;Choque - Veiculo parado na pista;3;;;;;;;;;;3;;;;
16/06/2019;06:58:00;74;com vítima;3,554;BR-060/DF;Sul;Colisão Traseira;1;;;1;;;;;;;1;1;;;
16/06/2019;08:31:00;105;com vítima;9;BR-060/DF;Sul;Queda de Moto;;1;;1;;;;;;;1;;1;;
16/06/2019;10:23:00;154;sem vítima;42;BR-153/MG;Sul;Saida de Pista;1;;;;;;;;;;1;;;;
16/06/2019;12:28:00;207;com vítima;442,5;BR-262/MG;Leste;Colisão Transversal;1;1;;;;;;;;;1;;;1;
16/06/2019;13:01:00;217;sem vítima;390;BR-262/MG;Oeste;Queda de Moto;;;;1;;;;;;;2;;;;
16/06/2019;13:54:00;230;sem vítima;500,6;BR-153/GO;Norte;Choque - Defensa, barreira ou "submarino";1;;;;;;;;;;1;;;;
16/06/2019;17:21:00;319;com vítima;778,1;BR-262/MG;Leste;Queda de Moto;;;;1;;;;;;;0;;1;;
16/06/2019;18:32:00;343;sem vítima;4,3;BR-060/DF;Sul;Colisão Traseira;2;;;;;;;;;;6;;;;
16/06/2019;19:10:00;353;sem vítima;4,6;BR-060/DF;Sul;Colisão Traseira;2;;;;;;;;;;5;;;;
16/06/2019;20:51:00;393;sem vítima;22,356;BR-060/DF;Sul;Choque - Talude;1;;;;;;;;;;1;;;;
16/06/2019;23:07:00;434;sem vítima;68;BR-060/GO;Norte;Saida de Pista;1;;;;;;;;;;2;;;;
17/06/2019;07:46:00;103;com vítima;116;BR-060/GO;Norte;Colisão Lateral;1;;1;;;;;;;;1;1;;;
17/06/2019;07:57:00;105;sem vítima;495;BR-153/GO;Sul;Engavetamento;5;;;;;;;;;;5;;;;
17/06/2019;09:07:00;147;sem vítima;666;BR-153/GO;Sul;Tombamento;;;;;;;;;;1;1;;;;
17/06/2019;10:41:00;228;com vítima;419;BR-262/MG;Leste;Capotamento;1;;;;;;;;;;1;1;;;
17/06/2019;13:30:00;299;sem vítima;407;BR-262/MG;Leste;Tombamento;;;;;;;;;;1;2;;;;
17/06/2019;14:49:00;330;sem vítima;23,4;BR-153/MG;Norte;Choque - Suporte de Sinalização;1;;;;;;;;;;2;;;;
17/06/2019;14:59:00;335;sem vítima;505,5;BR-153/GO;Norte;Colisão Traseira;2;;;;;;;;;;3;;;;
17/06/2019;15:51:00;350;com vítima;558,8;BR-153/GO;Sul;Capotamento;;;2;;;;;;;;1;;1;;
17/06/2019;18:05:00;408;com vítima;702,5;BR-153/GO;Norte;Capotamento;1;;;;;;;;;;0;1;;;
17/06/2019;18:47:00;421;sem vítima;501;BR-153/GO;Sul;Colisão Traseira;2;;;;;;;;;;2;;;;
17/06/2019;19:00:00;431;sem vítima;443;BR-262/MG;Leste;Colisão Traseira;2;;;;;;;;;;4;;;;
17/06/2019;19:29:00;439;sem vítima;500,2;BR-153/GO;Sul;Colisão Traseira;1;;1;;;;;;;;2;;;;
17/06/2019;20:29:00;460;sem vítima;801,15;BR-262/MG;Oeste;Saida de Pista;1;;;;;;;;;;5;;;;
17/06/2019;21:13:00;475;sem vítima;100;BR-060/GO;Sul;Saida de Pista;1;;;;;;;;;;1;;;;
17/06/2019;22:29:00;492;com vítima;619;BR-153/GO;Sul;Colisão Traseira;;;2;;;;;;;;1;1;;;
18/06/2019;07:30:00;89;sem vítima;501;BR-153/GO;Sul;Queda de Moto;;;;1;;;;;;;1;;;;
18/06/2019;08:03:00;111;com vítima;365;BR-262/MG;Leste;Queda de Moto;;;;1;;;;;;;1;1;;;
18/06/2019;08:03:00;112;sem vítima;498;BR-153/GO;Sul;Colisão Traseira;2;;;;;;;;;;2;;;;
18/06/2019;08:56:00;155;sem vítima;496,8;BR-153/GO;Norte;Colisão Traseira;;;;1;;;;;;1;2;;;;
18/06/2019;13:13:00;289;sem vítima;93,45;BR-060/GO;Sul;Choque - Defensa, barreira ou "submarino";1;;;;;;;;;;1;;;;
18/06/2019;15:46:00;364;sem vítima;109;BR-060/GO;Norte;Colisão Traseira;;;2;;;;;;;;2;;;;
18/06/2019;17:44:00;418;sem vítima;526,2;BR-262/MG;Oeste;Saida de Pista;1;;;;;;;;;;1;;;;
18/06/2019;22:38:00;508;sem vítima;5;BR-153/MG;Sul;Colisão Traseira;;;2;;;;;;;;2;;;;
18/06/2019;22:45:00;509;com vítima;108,725;BR-060/GO;Norte;Capotamento;1;;;;;;;;;;0;;1;;
19/06/2019;05:45:00;54;com vítima;79,1;BR-153/MG;Norte;Tombamento;;;1;;;1;;;;;1;1;;;
19/06/2019;08:37:00;116;sem vítima;501;BR-153/GO;Norte;Colisão Traseira;1;;;;;1;;;;;2;;;;
19/06/2019;10:19:00;184;sem vítima;494;BR-153/GO;Sul;Colisão Lateral;1;;;1;;;;;;;2;;;;
19/06/2019;15:55:00;355;sem vítima;501,5;BR-153/GO;Sul;Colisão Traseira;2;;;;;;;;;;2;;;;
19/06/2019;17:41:00;424;sem vítima;497;BR-153/GO;Norte;Engavetamento;3;;;;;;;;;;3;;;;
19/06/2019;18:17:00;446;com vítima;17,417;BR-153/MG;Norte;Tombamento;;;;;;;;;;1;0;1;;;
19/06/2019;18:51:00;463;com vítima;6,26;BR-060/DF;Sul;Colisão Traseira;1;;;1;;;;;;;1;1;;;
19/06/2019;20:59:00;512;com vítima;459,05;BR-262/MG;Oeste;Colisão Frontal;2;;;;;;;;;;1;1;1;;1
19/06/2019;22:35:00;545;sem vítima;507,047;BR-153/GO;Sul;Choque - Defensa, barreira ou "submarino";1;;;;;;;;;;1;;;;
20/06/2019;06:04:00;62;sem vítima;507;BR-153/GO;Norte;Colisão Lateral;1;;;;1;;;;;;2;;;;
20/06/2019;09:43:00;164;com vítima;431,5;BR-262/MG;Oeste;Capotamento;1;;;;;;;;;;0;2;;;
20/06/2019;09:44:00;165;com vítima;107;BR-060/GO;Sul;Queda de Moto;;;;1;;;;;;;0;2;;;
20/06/2019;10:09:00;173;sem vítima;574;BR-153/GO;Norte;Choque - Elemento de Drenagem;1;;;;;;;;;;1;;;;
20/06/2019;11:20:00;204;com vítima;549,15;BR-262/MG;Oeste;Engavetamento;1;;2;;;;;;;;2;1;1;;
20/06/2019;12:45:00;243;com vítima;94,95;BR-060/GO;Sul;Engavetamento;3;;;;;;;;;;4;1;;;
20/06/2019;17:34:00;374;sem vítima;358;BR-262/MG;Leste;Saida de Pista;1;;;;;;;;;;1;;;;
20/06/2019;19:53:00;432;sem vítima;22;BR-060/GO;Sul;Capotamento;1;;;;;;;;;;2;;;;
20/06/2019;21:00:00;462;sem vítima;9;BR-060/DF;Sul;Choque - Defensa, barreira ou "submarino";1;;;;;1;;;;;2;;;;
21/06/2019;07:49:00;75;sem vítima;510;BR-153/GO;Norte;Colisão Lateral;1;;1;;;;;;;;3;;;;
21/06/2019;08:06:00;91;sem vítima;118,2;BR-060/GO;Norte;Colisão Lateral;2;;;;;;;;;;2;;;;
21/06/2019;11:28:00;196;com vítima;560;BR-153/GO;Norte;Colisão Traseira;2;;;;;;;;;;2;1;;;
21/06/2019;15:00:00;296;sem vítima;495;BR-153/GO;Sul;Colisão Lateral;1;;1;;;;;;;;4;;;;
21/06/2019;15:55:00;322;sem vítima;37;BR-060/GO;Norte;Choque - Veiculo parado na pista;1;;1;;;;;;;;2;;;;
21/06/2019;16:54:00;355;sem vítima;516;BR-153/GO;Sul;Colisão Traseira;1;;1;;;;;;;;2;;;;
21/06/2019;21:34:00;486;sem vítima;362;BR-262/MG;Leste;Colisão Lateral;;;1;;;;;;;;1;;;;
21/06/2019;22:43:00;510;sem vítima;45;BR-060/GO;Sul;Colisão Traseira;2;;;;;;;;;;4;;;;
22/06/2019;00:20:00;8;com vítima;702,155;BR-153/GO;Norte;Colisão Frontal;1;;;;;;;;;1;4;1;;;
22/06/2019;00:29:00;9;sem vítima;783;BR-262/MG;Oeste;Atropelamento de Animal;1;;;;;;;;;;1;;;;
22/06/2019;01:57:00;23;sem vítima;635,5;BR-262/MG;Leste;Saida de Pista;;;1;;;;;;;;1;;;;
22/06/2019;03:16:00;32;sem vítima;725;BR-262/MG;Leste;Saida de Pista;1;;;;;;;;;;2;;;;
22/06/2019;04:39:00;39;com vítima;695,1;BR-153/GO;Norte;Colisão Frontal;1;;;1;;;;;;;1;;1;;
22/06/2019;07:03:00;57;sem vítima;553;BR-262/MG;Leste;Choque - Talude;;;1;;;;;;;;1;;;;
22/06/2019;15:49:00;292;sem vítima;538;BR-262/MG;Leste;Engavetamento;;;2;;;;;;;1;4;;;;
22/06/2019;19:35:00;402;sem vítima;240;BR-153/MG;Norte;Choque - Veiculo parado na pista;2;;;;;;;;;;2;;;;
22/06/2019;21:09:00;434;sem vítima;100;BR-060/GO;Norte;Colisão Traseira;2;;;;;;;;;;7;;;;
22/06/2019;21:15:00;436;sem vítima;9;BR-060/GO;Sul;Colisão Traseira;2;;;;;;;;;;2;;;;
23/06/2019;01:01:00;16;sem vítima;395,855;BR-262/MG;Oeste;Atropelamento de Animal;1;;;;;;;;;;1;;;;
23/06/2019;04:24:00;59;sem vítima;100;BR-060/GO;Sul;Colisão Frontal;1;;;;;;;;1;;2;;;;
23/06/2019;09:44:00;136;sem vítima;48,3;BR-060/GO;Norte;Choque - Suporte de Sinalização;1;;;;;;;;;;2;;;;
23/06/2019;11:55:00;178;com vítima;394;BR-262/MG;Leste;Colisão Lateral;;;;1;;;;;;1;1;;1;;
23/06/2019;12:26:00;186;com vítima;82,1;BR-060/GO;Sul;Capotamento;1;;;;;1;;;;;1;;1;;
23/06/2019;12:38:00;192;sem vítima;124;BR-060/GO;Norte;Capotamento;1;;;;;;;;;;1;;;;
23/06/2019;12:55:00;197;com vítima;506;BR-153/GO;Norte;Queda de Moto;;;;1;;;;;;;0;1;;;
23/06/2019;14:38:00;235;com vítima;816,4;BR-262/MG;Leste;Capotamento;1;;;;;;;;;;0;1;;;
23/06/2019;15:55:00;274;sem vítima;460;BR-262/MG;Leste;Queda de Moto;;;;1;;;;;;;2;;;;
23/06/2019;16:50:00;302;sem vítima;15,9;BR-060/GO;Norte;Colisão Lateral;2;;;;;;;;;;2;;;;
23/06/2019;17:12:00;316;com vítima;620;BR-262/MG;Leste;Capotamento;2;;;;;;;;;;3;1;;;
23/06/2019;17:29:00;324;sem vítima;496;BR-153/GO;Sul;Colisão Lateral;1;;;1;;;;;;;2;;;;
23/06/2019;17:54:00;340;com vítima;44,868;BR-153/MG;Norte;Colisão Traseira;1;;1;;;;;;;;1;2;;;
23/06/2019;18:24:00;348;sem vítima;435,2;BR-262/MG;Oeste;Colisão Traseira;2;;;;;;;;;;2;;;;
23/06/2019;18:34:00;354;com vítima;237,907;BR-153/MG;Sul;Capotamento;1;;;;;;;;;;0;;3;;
23/06/2019;19:19:00;376;com vítima;32;BR-060/GO;Sul;Colisão Transversal;2;;;;;;;;;;3;3;;;
23/06/2019;19:42:00;387;sem vítima;78,998;BR-153/MG;Sul;Tombamento;;;1;;;;;;;;1;;;;
23/06/2019;21:12:00;422;com vítima;93;BR-060/GO;Norte;Colisão Lateral;1;;;2;;;;;;;2;2;;;
23/06/2019;21:23:00;429;com vítima;32;BR-060/GO;Norte;Queda de Moto;;;;1;;;;;;;0;1;;;
23/06/2019;22:02:00;446;sem vítima;138;BR-060/GO;Norte;Colisão Traseira;2;;;;;;;;;;3;;;;
24/06/2019;01:29:00;23;sem vítima;21;BR-060/GO;Sul;Choque - Objeto sobre a pista;1;;;;;;;;;;1;;;;
24/06/2019;02:09:00;29;com vítima;547,324;BR-153/GO;Norte;Capotamento;;;1;;;;;;;;0;;;;1
24/06/2019;07:19:00;98;com vítima;615;BR-262/MG;Oeste;Capotamento;1;;;;;;;;;;0;;1;;
24/06/2019;07:20:00;99;sem vítima;12;BR-060/GO;Norte;Colisão Traseira;1;;1;;;;;;;;2;;;;
24/06/2019;08:19:00;128;sem vítima;42;BR-153/MG;Norte;Choque - Elemento de Drenagem;1;;;;;;;;;;1;;;;
24/06/2019;11:26:00;247;com vítima;2;BR-060/DF;Norte;Atropelamento - Usuário;;;1;;;;;;;;1;1;;;
24/06/2019;13:33:00;323;com vítima;502,5;BR-153/GO;Sul;Engavetamento;;;2;1;;;;;;;2;;1;;
24/06/2019;14:46:00;355;sem vítima;511,015;BR-153/GO;Sul;Colisão Lateral;;;2;;;;;;;1;3;;;;
24/06/2019;15:14:00;379;sem vítima;801;BR-262/MG;Oeste;Choque - Talude;1;;;;;;;;;;2;;;;
24/06/2019;16:18:00;403;sem vítima;515,123;BR-153/GO;Norte;Colisão Traseira;1;;;1;;;;;;;3;;;;
24/06/2019;17:42:00;459;com vítima;812,12;BR-262/MG;Oeste;Capotamento;1;;;;;;;;;;0;1;;;
24/06/2019;19:26:00;499;com vítima;387;BR-262/MG;Leste;Atropelamento - Morador;;;;1;;;;;;;0;1;;;1
24/06/2019;20:00:00;509;sem vítima;497,098;BR-262/MG;Oeste;Saida de Pista;1;;;;;;;;;;1;;;;
24/06/2019;20:52:00;529;sem vítima;575;BR-153/GO;Sul;Tombamento;;;1;;;;;;;;1;;;;
24/06/2019;21:46:00;553;com vítima;58,736;BR-153/MG;Sul;Queda de Moto;;;;1;;;;;;;0;;1;;
24/06/2019;22:56:00;577;com vítima;506;BR-153/GO;Sul;Saida de Pista;1;;;;;;;;;;0;1;;;
25/06/2019;04:04:00;43;sem vítima;13;BR-060/GO;Norte;Colisão Traseira;;;1;;;;;;;1;2;;;;
25/06/2019;04:14:00;45;com vítima;767,9;BR-262/MG;Oeste;Tombamento;;;;;;;;;;1;10;2;;;
25/06/2019;08:08:00;97;com vítima;4;BR-060/DF;Norte;Colisão Traseira;1;;;1;;;;;;;1;1;;;
25/06/2019;08:53:00;125;com vítima;506;BR-153/GO;Norte;Colisão Traseira;2;;;1;;;;;;;2;1;;;
25/06/2019;09:31:00;156;com vítima;510;BR-153/GO;Norte;Queda de Moto;;;;1;;;;;;;0;1;;;
25/06/2019;09:42:00;164;sem vítima;507;BR-153/GO;Norte;Colisão Traseira;;;;;;;;;;2;2;;;;
25/06/2019;11:06:00;214;com vítima;511;BR-153/GO;Sul;Colisão Traseira;1;;;1;;;;;;;1;1;;;
25/06/2019;13:53:00;303;sem vítima;4;BR-060/GO;Norte;Tombamento;;;1;;;;;;;;1;;;;
25/06/2019;14:08:00;309;sem vítima;508;BR-153/GO;Norte;Colisão Traseira;1;;1;;;;;;;;2;;;;
25/06/2019;22:36:00;536;sem vítima;564;BR-153/GO;Norte;Saida de Pista;;;1;;;;;;;;1;;;;
25/06/2019;22:53:00;539;sem vítima;26;BR-060/GO;Norte;Atropelamento de Animal;1;;;;;;;;;;1;;;;
26/06/2019;00:06:00;4;sem vítima;35;BR-060/GO;Sul;Saida de Pista;;;1;;;;;;;;1;;;;
26/06/2019;01:57:00;30;com vítima;586,976;BR-153/GO;Norte;Choque - Objeto sobre a pista;;;;;;;;;;1;0;1;1;;
26/06/2019;09:39:00;153;sem vítima;443;BR-262/MG;Leste;Choque - Elemento de Drenagem;;;;;;;;;;1;1;;;;
26/06/2019;15:17:00;286;sem vítima;70,3;BR-153/MG;Norte;Saida de Pista;;;1;;;;;;;;1;;;;
26/06/2019;17:29:00;355;sem vítima;500;BR-153/GO;Norte;Colisão Traseira;2;;;;;;;;;;2;;;;
26/06/2019;21:06:00;437;sem vítima;73;BR-060/GO;Norte;Saida de Pista;1;;;;;;;;;;2;;;;
26/06/2019;23:55:00;488;sem vítima;560;BR-153/GO;Norte;Saida de Pista;;;1;;;;;;;;1;;;;
27/06/2019;04:34:00;37;sem vítima;42;BR-153/MG;Norte;Choque - Objeto sobre a pista;1;;1;;;;;;;;3;;;;
27/06/2019;09:09:00;127;sem vítima;505;BR-153/GO;Sul;Tombamento;;;;;;;;;;1;1;;;;
27/06/2019;12:16:00;247;com vítima;367;BR-262/MG;Leste;Queda de Moto;;;;1;;;;;;;0;2;;;
27/06/2019;14:25:00;303;sem vítima;129;BR-060/GO;Norte;Saida de Pista;1;;;;;;;;;;1;;;;
27/06/2019;16:36:00;368;sem vítima;564;BR-153/GO;Norte;Saida de Pista;;;1;;;;;;;;1;;;;
27/06/2019;16:49:00;374;sem vítima;357;BR-262/MG;Leste;Colisão Lateral;1;;1;;;;;;;;2;;;;
27/06/2019;17:30:00;403;com vítima;501,408;BR-153/GO;Norte;Colisão Traseira;;;1;1;;;;;;;1;1;;;
27/06/2019;18:44:00;430;sem vítima;359;BR-262/MG;Oeste;Saida de Pista;1;;;;;;;;;;1;;;;
27/06/2019;20:41:00;469;sem vítima;33;BR-060/GO;Norte;Colisão Traseira;2;;;;;1;;;;;3;;;;
27/06/2019;21:43:00;496;com vítima;372,23;BR-262/MG;Leste;Colisão Traseira;2;;;;;;;;;;6;2;;;
27/06/2019;22:44:00;517;com vítima;506;BR-153/GO;Norte;Queda de Moto;;;;1;;;;;;;1;;1;;
28/06/2019;06:07:00;56;sem vítima;701;BR-153/GO;Norte;Atropelamento de Animal;1;;;;;1;;;;;2;;;;
28/06/2019;07:21:00;83;sem vítima;441;BR-262/MG;Leste;Colisão Traseira;1;;;1;;;;;;;2;;;;
28/06/2019;08:37:00;120;sem vítima;495;BR-153/GO;Sul;Engavetamento;6;;;;;;;;;1;7;;;;
28/06/2019;08:40:00;122;sem vítima;494,5;BR-153/GO;Sul;Engavetamento;5;;;;;;;;;;5;;;;
28/06/2019;10:03:00;192;sem vítima;493,8;BR-153/GO;Sul;Colisão Traseira;1;;1;;;;;;;;3;;;;
28/06/2019;14:54:00;340;com vítima;97;BR-060/GO;Sul;Colisão Transversal;;;;1;1;;;;;;3;;1;;
28/06/2019;15:46:00;372;sem vítima;109;BR-060/GO;Sul;Choque - Talude;1;;;;;;;;;;1;;;;
28/06/2019;17:44:00;431;com vítima;507;BR-153/GO;Sul;Capotamento;1;;;;;;;;;;0;1;;;
28/06/2019;18:26:00;446;sem vítima;395;BR-262/MG;Oeste;Capotamento;1;;;;;;;;;;1;;;;
28/06/2019;19:14:00;479;sem vítima;501;BR-153/GO;Sul;Colisão Traseira;2;;;;;;;;;;5;;;;
28/06/2019;20:02:00;502;sem vítima;47;BR-060/GO;Sul;Choque - Objeto sobre a pista;1;;;;;;;;;;1;;;;
28/06/2019;20:52:00;523;sem vítima;22,15;BR-060/DF;Sul;Capotamento;1;;;;;1;;;;;2;;;;
29/06/2019;06:33:00;83;sem vítima;611,1;BR-153/GO;Sul;Capotamento;1;;;;;;;;;;1;;;;
29/06/2019;08:38:00;133;com vítima;37;BR-153/MG;Norte;Capotamento;1;;;;;;;;;;0;;1;;
29/06/2019;08:46:00;138;com vítima;56,65;BR-060/GO;Sul;Colisão Frontal;2;;;;;;;;;;0;;3;1;
29/06/2019;11:35:00;206;sem vítima;379;BR-262/MG;Oeste;Choque - Defensa, barreira ou "submarino";1;;;;;;;;;;1;;;;
29/06/2019;13:42:00;257;sem vítima;132,5;BR-060/GO;Norte;Colisão Traseira;2;;;;;;;;;;5;;;;
29/06/2019;14:37:00;276;com vítima;190,1;BR-153/MG;Sul;Queda de Moto;;;;1;;;;;;;0;1;;;
29/06/2019;16:24:00;322;com vítima;224,5;BR-153/MG;Norte;Queda de Moto;;;;1;;;;;;;0;1;;;
29/06/2019;18:55:00;388;sem vítima;361,486;BR-262/MG;Oeste;Capotamento;2;;;;;;;;;;4;;;;
29/06/2019;19:28:00;404;com vítima;0;BR-060/DF;Norte;Engavetamento;4;;;;;;;;;;3;3;;;
30/06/2019;01:36:00;31;sem vítima;508,6;BR-153/GO;Sul;Choque - Suporte de Sinalização;1;;;;;;;;;;1;;;;
30/06/2019;02:51:00;40;sem vítima;507,914;BR-153/GO;Sul;Colisão Traseira;2;;;;;;;;;;2;;;;
30/06/2019;04:23:00;50;sem vítima;88,55;BR-060/GO;Norte;Capotamento;1;;;;;;;;;;1;;;;
30/06/2019;06:14:00;69;sem vítima;516,545;BR-153/GO;Norte;Capotamento;1;;;;;;;;;;1;;;;
30/06/2019;09:22:00;137;sem vítima;6,075;BR-060/GO;Sul;Colisão Traseira;2;;;;;;;;;;2;;;;
30/06/2019;16:16:00;329;com vítima;93,4;BR-060/GO;Sul;Queda de Moto;;;;1;;;;;;;0;;;2;
30/06/2019;16:26:00;336;com vítima;227,2;BR-153/MG;Norte;Colisão Transversal;;;1;1;;;;;;;1;;;2;
30/06/2019;17:41:00;379;sem vítima;477;BR-262/MG;Leste;Colisão Lateral;2;;;;;;;;;;5;;;;
30/06/2019;17:43:00;381;com vítima;31,444;BR-060/GO;Norte;Colisão Lateral;;;;1;;;;;;1;1;;1;;
30/06/2019;18:31:00;407;sem vítima;818;BR-262/MG;Leste;Atropelamento de Animal;1;;;;;;;;;;3;;;;
30/06/2019;19:26:00;435;com vítima;98;BR-153/MG;Sul;Choque - Defensa, barreira ou "submarino";1;;;;;;;;;;3;1;;;
30/06/2019;19:59:00;454;sem vítima;830;BR-262/MG;Oeste;Atropelamento de Animal;1;;;;;;;;;;4;;;;
30/06/2019;20:39:00;470;sem vítima;94,129;BR-060/GO;Norte;Colisão Traseira;1;;1;;;;;;;;2;;;;
30/06/2019;21:06:00;482;com vítima;507,738;BR-153/GO;Norte;Queda de Moto;;;;1;;;;;;;0;;1;;
30/06/2019;21:36:00;490;com vítima;20,427;BR-060/DF;Sul;Choque - Defensa, barreira ou "submarino";1;;;;;;;;;;1;1;1;;
30/06/2019;21:58:00;495;sem vítima;912,2;BR-262/MG;Oeste;Capotamento;1;;1;;;;;;;;2;;;;
30/06/2019;23:27:00;520;sem vítima;15,5;BR-060/DF;Norte;Colisão Lateral;1;;;;;;;;;;1;;;;
01/05/2019;03:51:00;34;sem vítima;109;BR-060/GO;Norte;Saida de Pista;1;;;;;;;;;;2;;;;
01/05/2019;08:43:00;74;sem vítima;838;BR-262/MG;Oeste;Colisão Lateral;2;;;;;;;;;;2;;;;
01/05/2019;10:09:00;103;com vítima;20;BR-060/DF;Norte;Queda de Ciclista;;1;;;;;;;;;0;1;;;
01/05/2019;10:57:00;116;com vítima;244;BR-153/MG;Norte;Colisão Traseira;2;;;;;;;;;;4;1;;;
01/05/2019;11:18:00;128;sem vítima;39;BR-060/GO;Sul;Capotamento;;;;;;;;;;1;1;;;;
01/05/2019;13:12:00;160;com vítima;107;BR-060/GO;Sul;Colisão Lateral;1;;1;;;;;;;;1;1;;;
01/05/2019;19:28:00;294;com vítima;111;BR-060/GO;Sul;Capotamento;2;;;;;;;;;;1;2;;1;
01/05/2019;22:21:00;358;sem vítima;540;BR-153/GO;Sul;Colisão Lateral;2;;;;;;;;;;4;;;;
01/05/2019;23:45:00;372;com vítima;501;BR-153/GO;Sul;Colisão Lateral;1;;;1;;;;;;;2;1;;;
02/05/2019;01:29:00;13;com vítima;632,7;BR-153/GO;Norte;Capotamento;;;;;;;;;;1;0;1;;;
02/05/2019;08:14:00;72;com vítima;44,9;BR-153/MG;Norte;Colisão Traseira;;;2;;;;;;;;1;1;;;
02/05/2019;10:39:00;150;sem vítima;363,9;BR-262/MG;Leste;Capotamento;1;;;;;;;;;;1;;;;
02/05/2019;13:49:00;246;sem vítima;769;BR-262/MG;Leste;Saida de Pista;1;;;;;;;;;;1;;;;