data;horario;n_da_ocorrencia;tipo_de_ocorrencia;km;trecho;sentido;tipo_de_acidente;automovel;bicicleta;caminhao;moto;onibus;outros;tracao_animal;transporte_de_cargas_especiais;trator_maquinas;utilitarios;ilesos;levemente_feridos;moderadamente_feridos;gravemente_feridos;mortos
02/05/2019;13:56:00;247;com vítima;96;BR-060/GO;Sul;Colisão Transversal;1;;;1;;;;;;;1;;;;1
02/05/2019;15:37:00;299;sem vítima;577;BR-153/GO;Sul;Capotamento;;;;;;;;;;1;2;;;;
02/05/2019;16:42:00;336;com vítima;431;BR-262/MG;Oeste;Engavetamento;1;;4;;;;;;;;4;;1;;
02/05/2019;17:06:00;341;com vítima;109;BR-153/MG;Norte;Colisão Frontal;;;3;;;;;;;;0;3;;1;
02/05/2019;17:20:00;346;com vítima;496;BR-153/GO;Sul;Atropelamento - Morador;;;;;;;;;;1;1;1;;;
02/05/2019;18:02:00;364;com vítima;94,7;BR-060/GO;Norte;Colisão Lateral;1;;;1;;;;;;;1;1;;;
02/05/2019;18:28:00;374;com vítima;113;BR-060/GO;Sul;Colisão Traseira;2;;;;;1;;;;;2;;;1;
02/05/2019;18:30:00;376;sem vítima;501;BR-153/GO;Sul;Colisão Traseira;2;;;;;;;;;;2;;;;
02/05/2019;21:02:00;429;sem vítima;524,87;BR-262/MG;Leste;Colisão Traseira;;;2;;;;;;;;2;;;;
03/05/2019;05:38:00;51;com vítima;590;BR-262/MG;Oeste;Capotamento;1;;;;;;;;;;0;2;1;;
03/05/2019;06:58:00;65;com vítima;494,4;BR-153/GO;Norte;Colisão Traseira;1;;;1;;;;;;;2;1;;;
03/05/2019;07:27:00;78;sem vítima;128,2;BR-060/GO;Norte;Tombamento;;;1;;;;;;;;1;;;;
03/05/2019;07:36:00;84;com vítima;509,5;BR-153/GO;Norte;Colisão Traseira;1;;;1;;1;;;;;3;1;;;
03/05/2019;11:04:00;185;sem vítima;7,5;BR-060/GO;Sul;Capotamento;;;;;;;;;;1;1;;;;
03/05/2019;13:59:00;257;sem vítima;20;BR-060/GO;Sul;Colisão Traseira;2;;;;;;;;;;2;;;;
03/05/2019;14:34:00;271;com vítima;478;BR-262/MG;Oeste;Colisão Transversal;1;;;1;;;;;;;1;;;1;
03/05/2019;16:22:00;305;sem vítima;27,7;BR-060/GO;Norte;Colisão Lateral;1;;1;;;;;;;;2;;;;
03/05/2019;17:25:00;338;sem vítima;586;BR-153/GO;Sul;Choque - Talude;1;;;;;;;;;;2;;;;
03/05/2019;18:15:00;365;sem vítima;400;BR-262/MG;Oeste;Saida de Pista;1;;;;;;;;;;1;;;;
03/05/2019;19:06:00;392;com vítima;592,6;BR-153/GO;Norte;Atropelamento - Andarilho;1;;;;;;;;;;1;;;;1
03/05/2019;21:00:00;431;sem vítima;511;BR-153/GO;Norte;Colisão Lateral;2;;;;;;;;;;2;;;;
03/05/2019;21:07:00;433;com vítima;581,9;BR-153/GO;Sul;Atropelamento - Andarilho;1;;;;;;;;;;1;;;;1
03/05/2019;23:26:00;463;sem vítima;556,2;BR-153/GO;Sul;Saida de Pista;1;;;;;;;;;;1;;;;
04/05/2019;03:34:00;35;com vítima;0,2;BR-153/MG;Norte;Saida de Pista;1;;;;;;;;;;0;1;;;
04/05/2019;05:33:00;47;sem vítima;83;BR-060/GO;Sul;Saida de Pista;;;2;;;;;;;;2;;;;
04/05/2019;11:24:00;119;com vítima;493;BR-153/GO;Sul;Colisão Traseira;1;;;1;;;;;;;1;;;1;
04/05/2019;13:11:00;149;com vítima;417;BR-262/MG;Leste;Queda de Moto;;;1;1;;;;;;;1;;1;;
04/05/2019;13:46:00;159;sem vítima;609;BR-262/MG;Leste;Tombamento;;;;;;;;;;1;1;;;;
04/05/2019;16:26:00;199;com vítima;802;BR-262/MG;Leste;Choque - Talude;1;;;;;;;;;;0;1;;;
04/05/2019;17:45:00;224;sem vítima;547;BR-262/MG;Oeste;Colisão Traseira;2;;;;;;;;;;2;;;;
04/05/2019;20:35:00;276;com vítima;522;BR-153/GO;Norte;Queda de Moto;;;;1;;;;;;;1;1;;;
05/05/2019;04:57:00;49;sem vítima;659;BR-153/GO;Sul;Saida de Pista;1;;;;;;;;;;1;;;;
05/05/2019;07:52:00;76;com vítima;769,95;BR-262/MG;Oeste;Capotamento;1;;;;;;;;;;0;;;;1
05/05/2019;09:21:00;109;sem vítima;494;BR-153/GO;Norte;Tombamento;1;;;;;;;;;;1;;;;
05/05/2019;09:56:00;122;sem vítima;626;BR-262/MG;Leste;Tombamento;;;1;;;;;;;;1;;;;
05/05/2019;11:25:00;143;sem vítima;439;BR-262/MG;Oeste;Queda de Moto;;;;1;;;;;;;1;;;;
05/05/2019;15:35:00;223;com vítima;9;BR-060/DF;Norte;Queda de Moto;;;;1;;;;;;;0;2;;;
05/05/2019;16:13:00;233;com vítima;367;BR-262/MG;Oeste;Colisão Frontal;2;;;;;;;;;;0;2;;2;
05/05/2019;23:40:00;377;sem vítima;595,799;BR-153/GO;Sul;Capotamento;;;1;;;;;;;;1;;;;
06/05/2019;04:12:00;24;sem vítima;210;BR-153/MG;Sul;Choque - Suporte de Sinalização;;;;;;;;;;1;1;;;;
06/05/2019;07:16:00;67;sem vítima;633,5;BR-262/MG;Leste;Choque - Arvore;1;;;;;;;;;;1;;;;
06/05/2019;07:41:00;84;sem vítima;78;BR-060/GO;Sul;Colisão Traseira;1;;;;1;;;;;;2;;;;
06/05/2019;08:18:00;99;sem vítima;501;BR-153/GO;Sul;Colisão Traseira;2;;;;;;;;;;2;;;;
06/05/2019;08:53:00;117;sem vítima;501,8;BR-153/GO;Norte;Colisão Traseira;2;;;;;;;;;;2;;;;
06/05/2019;11:11:00;194;com vítima;776,87;BR-262/MG;Leste;Queda de Moto;;;;1;;;;;;;0;2;;;
06/05/2019;13:12:00;251;com vítima;219,8;BR-153/MG;Norte;Saida de Pista;;;1;;;;;;;;0;1;;;
06/05/2019;21:19:00;451;com vítima;502,062;BR-153/GO;Sul;Atropelamento - Usuário;;;;1;;;;;;;1;1;;;
06/05/2019;22:52:00;475;sem vítima;4,423;BR-060/DF;Norte;Colisão Lateral;1;;;1;;;;;;;2;;;;
07/05/2019;00:22:00;4;sem vítima;137,281;BR-060/GO;Norte;Colisão Traseira;2;;;;;;;;;;2;;;;
07/05/2019;01:37:00;15;com vítima;480;BR-262/MG;Oeste;Colisão Frontal;1;;1;;;;;;;;1;;;1;1
07/05/2019;07:53:00;87;sem vítima;570;BR-262/MG;Leste;Tombamento;;;1;;;;;;;;1;;;;
07/05/2019;20:43:00;450;sem vítima;662;BR-262/MG;Leste;Choque - Defensa, barreira ou "submarino";;;;;;;;;;1;2;;;;
07/05/2019;20:55:00;458;com vítima;662;BR-262/MG;Leste;Colisão Lateral;;;2;;;;;;;1;3;1;1;;
08/05/2019;05:22:00;49;sem vítima;702;BR-153/GO;Norte;Choque - Elemento de Drenagem;1;;;;;;;;;;1;;;;
08/05/2019;07:48:00;87;sem vítima;500,05;BR-153/GO;Sul;Colisão Traseira;2;;;;;;;;;;2;;;;
08/05/2019;10:21:00;151;sem vítima;0,5;BR-060/DF;Norte;Colisão Lateral;1;;1;;;;;;;;3;;;;
08/05/2019;12:08:00;187;com vítima;506;BR-153/GO;Sul;Choque - Defensa, barreira ou "submarino";1;;;;;;;;;;0;;1;;
08/05/2019;13:38:00;213;sem vítima;364;BR-262/MG;Leste;Colisão Traseira;2;;;;;;;;;;2;;;;
08/05/2019;13:49:00;221;sem vítima;490;BR-262/MG;Leste;Choque - Elemento de Drenagem;1;;;;;;;;;;1;;;;
08/05/2019;13:56:00;222;com vítima;452;BR-262/MG;Leste;Capotamento;1;;;;;;;;;;0;2;;;
08/05/2019;14:09:00;233;sem vítima;394,5;BR-262/MG;Leste;Choque - Defensa, barreira ou "submarino";1;;;;;;;;;;1;;;;
08/05/2019;14:34:00;248;com vítima;75;BR-060/GO;Norte;Queda de Moto;;;;1;;;;;;;0;1;;;
08/05/2019;15:12:00;267;com vítima;369;BR-262/MG;Leste;Colisão Traseira;;;;;1;;;;;1;1;;1;;
08/05/2019;15:20:00;272;sem vítima;528;BR-153/GO;Sul;Choque - Outros;1;;;;;;;;;;2;;;;
08/05/2019;15:40:00;281;com vítima;448;BR-262/MG;Leste;Queda de Moto;;;;1;;;;;;;0;1;;;
08/05/2019;16:50:00;314;com vítima;464,3;BR-262/MG;Leste;Colisão Lateral;;;2;;;1;;;;;2;;;;1
08/05/2019;17:49:00;343;sem vítima;431;BR-262/MG;Leste;Saida de Pista;1;;;;;;;;;;3;;;;
08/05/2019;18:17:00;359;sem vítima;435;BR-262/MG;Leste;Choque - Outros;1;;;1;;;;;;;2;;;;
08/05/2019;19:52:00;393;com vítima;102,6;BR-153/MG;Sul;Colisão Lateral;1;;1;;;;;;;;2;1;;;
08/05/2019;21:52:00;431;sem vítima;432;BR-262/MG;Oeste;Choque - Defensa, barreira ou "submarino";1;;;;;;;;;;1;;;;
08/05/2019;22:37:00;445;sem vítima;555;BR-262/MG;Oeste;Tombamento;;;1;;;;;;;;1;;;;
09/05/2019;06:35:00;66;sem vítima;493,7;BR-153/GO;Norte;Colisão Traseira;;;1;;;;;;;1;2;;;;
09/05/2019;06:43:00;69;com vítima;16;BR-060/GO;Norte;Choque - Elemento de Drenagem;1;;1;;;;;;;;1;1;;;
09/05/2019;07:45:00;85;sem vítima;17,7;BR-060/GO;Norte;Tombamento;;;1;;;;;;;;2;;;;
09/05/2019;11:39:00;181;com vítima;504;BR-153/GO;Sul;Queda de Moto;;;1;1;;;;;;;1;1;;;
09/05/2019;12:50:00;211;sem vítima;514,2;BR-153/GO;Sul;Colisão Lateral;1;;1;;;;;;;;3;;;;
09/05/2019;16:41:00;300;sem vítima;802;BR-262/MG;Oeste;Engavetamento;3;;;;;;;;;;3;;;;
09/05/2019;19:10:00;359;com vítima;92;BR-060/GO;Sul;Colisão Transversal;1;;;1;;;;;;;1;1;;;
10/05/2019;07:32:00;84;sem vítima;502,2;BR-153/GO;Norte;Engavetamento;3;;;;;;;;;;3;;;;
10/05/2019;07:56:00;94;com vítima;501,2;BR-153/GO;Sul;Colisão Traseira;1;;;1;;;;;;;1;2;;;
10/05/2019;08:36:00;129;com vítima;233,2;BR-153/MG;Norte;Tombamento;;;2;;;;;;;;1;1;;;
10/05/2019;09:51:00;180;com vítima;98,2;BR-060/GO;Norte;Choque - Defensa, barreira ou "submarino";1;;;;;;;;;;0;1;;;
10/05/2019;13:45:00;307;sem vítima;657;BR-153/GO;Norte;Capotamento;1;;;;;;;;;;4;;;;
10/05/2019;18:15:00;447;sem vítima;434,8;BR-262/MG;Leste;Queda de Moto;;;;1;;;;;;;1;;;;
10/05/2019;18:19:00;450;sem vítima;473,4;BR-262/MG;Oeste;Colisão Traseira;2;;;;;;;;;;3;;;;
10/05/2019;20:32:00;513;sem vítima;696,5;BR-153/GO;Sul;Choque - Suporte de Sinalização;1;;;;;;;;;;1;;;;
11/05/2019;03:29:00;48;com vítima;3,147;BR-153/MG;Norte;Colisão Traseira;;;2;;;;;;;;1;;;1;1
11/05/2019;05:51:00;69;com vítima;747;BR-262/MG;Oeste;Choque - Suporte de Sinalização;1;;;;;;;;;;1;1;;;
11/05/2019;12:44:00;240;sem vítima;28;BR-060/GO;Sul;Atropelamento de Animal;1;;;;;;;;;;1;;;;
11/05/2019;14:06:00;272;sem vítima;370,9;BR-262/MG;Leste;Queda de Moto;;;;1;;;;;;;1;;;;
11/05/2019;14:50:00;306;sem vítima;4,6;BR-060/DF;Sul;Colisão Lateral;1;;;;;;;;;1;2;;;;
11/05/2019;15:47:00;335;com vítima;188;BR-153/MG;Norte;Choque - Talude;;;;;;;;;;1;0;1;;;
11/05/2019;16:48:00;363;com vítima;92,9;BR-060/GO;Sul;Queda de Moto;;;;1;;;;;;;0;1;;;
11/05/2019;19:19:00;414;sem vítima;33,5;BR-060/GO;Norte;Colisão Traseira;1;;1;;;;;;;;2;;;;
11/05/2019;20:20:00;435;sem vítima;31,2;BR-060/GO;Sul;Colisão Traseira;1;;1;;;;;;;;3;;;;
11/05/2019;21:20:00;458;sem vítima;412,25;BR-262/MG;Oeste;Capotamento;1;;;;;;;;;;1;;;;
11/05/2019;21:45:00;467;sem vítima;541,2;BR-153/GO;Sul;Choque - Suporte de Sinalização;1;;;;;;;;;;1;;;;
11/05/2019;22:54:00;489;com vítima;361;BR-262/MG;Oeste;Queda de Moto;;;;1;;;;;;;0;1;;;
12/05/2019;00:59:00;16;com vítima;835,248;BR-262/MG;Oeste;Choque - Suporte de Sinalização;1;;;;;;;;;;0;2;4;;1
12/05/2019;03:07:00;33;sem vítima;765;BR-262/MG;Leste;Colisão Frontal;1;;1;;;;;;;;4;;;;
12/05/2019;04:06:00;36;sem vítima;83;BR-060/GO;Sul;Capotamento;1;;;;;;;;;;1;;;;
12/05/2019;05:51:00;49;sem vítima;495;BR-153/GO;Norte;Colisão Traseira;2;;;;;;;;;;2;;;;
12/05/2019;07:36:00;68;sem vítima;616,3;BR-153/GO;Sul;Colisão Traseira;1;;1;;;;;;;;2;;;;
12/05/2019;10:04:00;122;sem vítima;6;BR-060/DF;Sul;Colisão Traseira;2;;;;;;;;;;2;;;;
12/05/2019;10:44:00;141;com vítima;681;BR-153/GO;Norte;Tombamento;1;;;;;;;;;;0;1;;;
12/05/2019;13:10:00;187;com vítima;358;BR-262/MG;Oeste;Saida de Pista;1;;1;;;;;;;;1;1;;;
12/05/2019;14:21:00;212;com vítima;435;BR-262/MG;Oeste;Queda de Moto;;;;1;;1;;;;;1;1;;;
12/05/2019;14:42:00;218;com vítima;506;BR-153/GO;Norte;Queda de Moto;;;;1;;;;;;;0;1;;;
12/05/2019;15:19:00;231;com vítima;28,7;BR-060/GO;Sul;Colisão Traseira;1;;1;;;;;;;;1;1;;;
12/05/2019;16:32:00;253;sem vítima;224;BR-153/MG;Sul;Colisão Lateral;1;;1;;;;;;;;5;;;;
12/05/2019;17:14:00;277;sem vítima;450,8;BR-262/MG;Leste;Colisão Traseira;1;;;;;;;;;1;7;;;;
12/05/2019;18:04:00;304;sem vítima;5;BR-060/GO;Sul;Choque - Defensa, barreira ou "submarino";1;;;;;;;;;;1;;;;
12/05/2019;18:29:00;317;sem vítima;497;BR-262/MG;Leste;Choque - Arvore;1;;;;;;;;;;2;;;;
12/05/2019;18:33:00;320;com vítima;368;BR-262/MG;Leste;Colisão Lateral;1;;;1;;;;;;;1;1;;;
12/05/2019;19:43:00;352;sem vítima;509;BR-153/GO;Norte;Colisão Traseira;2;;;;;;;;;;2;;;;
12/05/2019;19:51:00;356;com vítima;549;BR-262/MG;Leste;Queda de Moto;;;;1;;;;;;;0;;1;;
12/05/2019;20:05:00;363;sem vítima;31;BR-060/DF;Norte;Saida de Pista;;;;;;;;;;1;3;;;;
12/05/2019;20:35:00;377;sem vítima;450;BR-262/MG;Leste;Colisão Traseira;2;;;;;;;;;;5;;;;
12/05/2019;22:47:00;418;com vítima;516;BR-262/MG;Leste;Colisão Traseira;2;;;;;;;;;;1;;2;;
13/05/2019;03:44:00;30;sem vítima;227;BR-153/MG;Sul;Capotamento;1;;;;;;;;;;1;;;;
13/05/2019;06:32:00;51;sem vítima;16;BR-060/DF;Sul;Choque - Suporte de Sinalização;1;;;;;;;;;;1;;;;
13/05/2019;06:51:00;63;com vítima;229,6;BR-153/MG;Norte;Queda de Moto;;;;1;;;;;;;0;2;;;
13/05/2019;07:22:00;74;sem vítima;41;BR-060/GO;Sul;Capotamento;1;;;;;;;;;;4;;;;
13/05/2019;07:55:00;100;sem vítima;52;BR-060/GO;Norte;Colisão Lateral;2;;;;;;;;;;2;;;;
13/05/2019;08:00:00;103;com vítima;503;BR-153/GO;Sul;Colisão Traseira;1;;;1;;;;;;;2;1;;;
13/05/2019;08:09:00;109;com vítima;503;BR-153/GO;Norte;Colisão Traseira;;;;1;;;;;;1;2;1;;;
13/05/2019;09:59:00;158;sem vítima;9;BR-060/GO;Norte;Choque - Talude;1;;;;;;;;;;1;;;;
13/05/2019;11:43:00;202;sem vítima;549;BR-262/MG;Oeste;Colisão Traseira;2;;;;;;;;;;2;;;;
13/05/2019;18:41:00;356;com vítima;226;BR-153/MG;Sul;Colisão Transversal;1;;1;;;;;;;;0;1;;1;
13/05/2019;19:32:00;371;sem vítima;9;BR-060/DF;Sul;Colisão Traseira;2;;;;;;;;;;2;;;;
13/05/2019;22:57:00;424;com vítima;97;BR-060/GO;Norte;Atropelamento de Animal;;;;1;;;;;;;0;1;;;
14/05/2019;01:55:00;27;sem vítima;391,5;BR-262/MG;Oeste;Capotamento;1;;;;;;;;;;1;;;;
14/05/2019;05:48:00;55;com vítima;388;BR-262/MG;Oeste;Colisão Traseira;;;2;;;;;;;;3;;1;;1
14/05/2019;07:12:00;72;com vítima;4;BR-060/DF;Norte;Colisão Traseira;1;;;;1;;;;;;3;1;;;
14/05/2019;10:02:00;166;com vítima;133;BR-060/GO;Sul;Colisão Traseira;;;;1;;1;;;;;1;1;;;
14/05/2019;11:37:00;214;sem vítima;405;BR-262/MG;Leste;Tombamento;;;;;;;;;1;;1;;;;
14/05/2019;11:51:00;218;sem vítima;388;BR-262/MG;Oeste;Choque - Suporte de Sinalização;;;1;;;;;;;;1;;;;
14/05/2019;16:11:00;315;com vítima;187,5;BR-153/MG;Sul;Colisão Traseira;;;1;;;;;;;1;1;3;;;
14/05/2019;18:54:00;386;sem vítima;499,134;BR-153/GO;Sul;Colisão Traseira;1;;1;;;;;;;;2;;;;
14/05/2019;22:38:00;476;sem vítima;772;BR-262/MG;Oeste;Saida de Pista;1;;;;;;;;;;1;;;;
14/05/2019;23:24:00;493;sem vítima;424,035;BR-262/MG;Oeste;Colisão Traseira;;;2;;;;;;;;2;;;;
14/05/2019;23:46:00;500;sem vítima;422;BR-262/MG;Leste;Capotamento;1;;;;;;;;;;1;;;;
15/05/2019;02:27:00;31;com vítima;457;BR-262/MG;Oeste;Choque - Arvore;;;;1;;;;;;;0;;;1;
15/05/2019;09:45:00;149;com vítima;508;BR-153/GO;Norte;Colisão Traseira;;;;1;;1;;;;;1;1;;;
15/05/2019;12:45:00;221;com vítima;514;BR-153/GO;Norte;Colisão Lateral;;;1;1;;;;;;;1;1;;;
15/05/2019;16:46:00;304;sem vítima;586;BR-262/MG;Leste;Carreta deu L;;;1;;;;;;;;1;;;;
15/05/2019;17:01:00;315;com vítima;545;BR-262/MG;Leste;Capotamento;;;;;;;;;;1;0;2;3;;
15/05/2019;17:12:00;325;sem vítima;385;BR-262/MG;Leste;Choque - Elemento de Drenagem;1;;;;;;;;;;1;;;;
15/05/2019;17:24:00;332;com vítima;499;BR-153/GO;Sul;Colisão Traseira;1;;;1;;;;;;;1;1;;;
15/05/2019;18:22:00;357;com vítima;354;BR-262/MG;Leste;Queda de Moto;;;;1;;;;;;;0;;1;;
15/05/2019;18:35:00;365;sem vítima;502;BR-153/GO;Norte;Colisão Traseira;2;;;;;;;;;;2;;;;
15/05/2019;19:09:00;387;sem vítima;137;BR-060/GO;Sul;Colisão Lateral;1;;1;;;;;;;;2;;;;
15/05/2019;19:17:00;393;sem vítima;8,5;BR-060/GO;Norte;Choque - Elemento de Drenagem;1;;;;;;;;;;2;;;;
15/05/2019;19:20:00;395;sem vítima;358;BR-262/MG;Oeste;Choque - Elemento de Drenagem;1;;;;;;;;;;1;;;;
15/05/2019;20:04:00;413;com vítima;507;BR-153/GO;Sul;Capotamento;1;;;;;1;;;;;1;1;;;
16/05/2019;05:53:00;56;sem vítima;118;BR-060/GO;Norte;Colisão Lateral;2;;;;;;;;;;2;;;;
16/05/2019;13:04:00;242;sem vítima;92;BR-060/GO;Sul;Colisão Traseira;;;2;;;;;;;;2;;;;
16/05/2019;14:58:00;280;sem vítima;185;BR-153/MG;Norte;Colisão Traseira;;;1;;;;;;;;1;;;;
16/05/2019;16:17:00;314;sem vítima;586;BR-262/MG;Leste;Tombamento;;;1;;;;;;;;1;;;;
16/05/2019;16:21:00;316;com vítima;503,9;BR-153/GO;Norte;Atropelamento - Outros;;;1;1;;;;;;;1;1;;;
16/05/2019;18:06:00;347;com vítima;507;BR-153/GO;Sul;Queda de Moto;;;;1;;;;;;;0;1;;;
16/05/2019;18:20:00;354;com vítima;506;BR-153/GO;Sul;Engavetamento;3;;;;;;;;;;2;1;;;
16/05/2019;18:44:00;360;sem vítima;500;BR-153/GO;Sul;Colisão Traseira;2;;;;;;;;;;2;;;;
16/05/2019;19:14:00;365;com vítima;695;BR-262/MG;Oeste;Colisão Lateral;2;;;;;;;;;;2;1;;;
16/05/2019;19:25:00;369;sem vítima;504;BR-153/GO;Sul;Engavetamento;3;;;;;;;;;;3;;;;
16/05/2019;20:34:00;382;sem vítima;580;BR-262/MG;Leste;Saida de Pista;1;;;;;;;;;;2;;;;
16/05/2019;23:27:00;426;sem vítima;517;BR-262/MG;Leste;Saida de Pista;1;;;;;;;;;;1;;;;
17/05/2019;01:48:00;28;com vítima;581,5;BR-262/MG;Leste;Capotamento;;;;;;;;;;1;11;3;;;
17/05/2019;05:29:00;58;sem vítima;28,857;BR-153/MG;Sul;Capotamento;;;;;1;;;;;;1;;;;
17/05/2019;06:42:00;70;sem vítima;506;BR-153/GO;Norte;Engavetamento;8;;;;;;;;;;8;;;;
17/05/2019;07:21:00;79;com vítima;567;BR-262/MG;Oeste;Tombamento;;;1;;;;;;;;0;;2;;
17/05/2019;07:29:00;82;sem vítima;506;BR-153/GO;Sul;Colisão Traseira;2;;;;;;;;;;2;;;;
17/05/2019;07:48:00;94;sem vítima;506;BR-153/GO;Norte;Engavetamento;3;;;1;;;;;;;4;;;;
17/05/2019;08:06:00;104;com vítima;726;BR-262/MG;Leste;Capotamento;;;;;;;;;;1;0;2;;;
17/05/2019;08:09:00;105;sem vítima;576;BR-262/MG;Leste;Choque - Talude;1;;;;;;;;;;1;;;;
17/05/2019;08:56:00;126;sem vítima;29;BR-060/GO;Sul;Colisão Lateral;1;;1;;;;;;;;2;;;;
17/05/2019;10:08:00;158;sem vítima;611;BR-262/MG;Leste;Capotamento;;;1;;;;;;;;1;;;;
17/05/2019;11:47:00;197;sem vítima;443;BR-262/MG;Leste;Choque - Defensa, barreira ou "submarino";1;;;;;;;;;;1;;;;
17/05/2019;13:53:00;240;sem vítima;386;BR-262/MG;Oeste;Colisão Traseira;2;;;;;;;;;;2;;;;
17/05/2019;15:23:00;273;sem vítima;525,8;BR-153/GO;Sul;Choque - Arvore;;;1;;;;;;;;1;;;;
17/05/2019;15:27:00;276;sem vítima;601,2;BR-262/MG;Leste;Tombamento;;;1;;;;;;;;1;;;;
17/05/2019;15:41:00;284;sem vítima;505;BR-153/GO;Sul;Engavetamento;3;;;;;;;;;;3;;;;
17/05/2019;15:55:00;292;sem vítima;383;BR-262/MG;Leste;Choque - Cancela de Pedagio;1;;;;;;;;;;1;;;;
17/05/2019;15:59:00;293;sem vítima;584;BR-262/MG;Leste;Saida de Pista;1;;;;;;;;;;1;;;;
17/05/2019;16:11:00;298;com vítima;380,8;BR-262/MG;Leste;Capotamento;1;;;;;;;;;;1;1;;;
17/05/2019;16:24:00;301;sem vítima;508;BR-153/GO;Norte;Engavetamento;2;;1;;;;;;;;3;;;;
17/05/2019;16:50:00;311;sem vítima;369;BR-262/MG;Leste;Colisão Lateral;1;;1;;;;;;;;2;;;;
17/05/2019;17:25:00;334;sem vítima;485;BR-262/MG;Oeste;Engavetamento;1;;2;;;;;;;;3;;;;
17/05/2019;17:31:00;338;com vítima;593,5;BR-262/MG;Leste;Choque - Talude;1;;;;;;;;;;0;1;;;
17/05/2019;18:21:00;362;sem vítima;503;BR-153/GO;Sul;Engavetamento;2;;;;;;;;;1;4;;;;
17/05/2019;18:40:00;370;com vítima;32;BR-060/GO;Norte;Atropelamento - Morador;;;;;;1;;;;;1;;1;;
17/05/2019;19:25:00;386;sem vítima;501;BR-153/GO;Sul;Colisão Traseira;2;;;;;;;;;;3;;;;
17/05/2019;20:26:00;415;sem vítima;12;BR-060/DF;Sul;Saida de Pista;;;1;;;;;;;;1;;;;
17/05/2019;20:49:00;425;com vítima;141,382;BR-153/MG;Sul;Atropelamento de Animal;;;;1;;;;;;;0;1;;;
17/05/2019;22:30:00;469;sem vítima;55,1;BR-153/MG;Sul;Capotamento;1;;;;;;;;;;1;;;;
17/05/2019;22:58:00;478;sem vítima;4,7;BR-060/GO;Norte;Capotamento;;;;;;;;;;1;2;;;;
17/05/2019;23:14:00;483;sem vítima;4,6;BR-060/GO;Sul;Choque - Talude;1;;;;;;;;;;3;;;;
18/05/2019;01:05:00;10;sem vítima;13,5;BR-153/MG;Norte;Tombamento;;;1;;;;;;;;1;;;;
18/05/2019;02:26:00;28;com vítima;134;BR-060/GO;Sul;Capotamento;1;;;;;;;;;;0;;1;;
18/05/2019;03:21:00;38;sem vítima;36;BR-060/GO;Norte;Colisão Lateral;1;;1;;;;;;;;2;;;;
18/05/2019;05:22:00;53;sem vítima;50;BR-060/GO;Sul;Colisão Traseira;;;2;;;;;;;;4;;;;
18/05/2019;06:18:00;61;sem vítima;507,3;BR-153/GO;Norte;Choque - Elemento de Drenagem;1;;;;;;;;;;1;;;;
18/05/2019;06:45:00;66;sem vítima;187;BR-153/MG;Sul;Colisão Traseira;;;2;;;;;;;;3;;;;
18/05/2019;06:54:00;69;com vítima;516;BR-153/GO;Norte;Queda de Ciclista;;1;;;;;;;;;0;1;;;
18/05/2019;07:30:00;77;com vítima;598;BR-153/GO;Sul;Capotamento;;;;;;;;;;1;0;2;;;
18/05/2019;08:11:00;95;sem vítima;524;BR-262/MG;Leste;Colisão Traseira;;;2;;;;;;;;2;;;;
18/05/2019;10:59:00;196;com vítima;96;BR-060/GO;Norte;Colisão Traseira;1;;;;;;;;;1;1;2;;;
18/05/2019;11:27:00;213;com vítima;537;BR-153/GO;Sul;Choque - Elemento de Drenagem;1;;;;;;;;;;0;2;;;
18/05/2019;12:50:00;250;sem vítima;586;BR-262/MG;Leste;Capotamento;;;;;;;;;;1;1;;;;
18/05/2019;14:53:00;288;com vítima;536,4;BR-153/GO;Sul;Queda de Moto;;;;1;;;;;;;0;1;;;
18/05/2019;17:32:00;363;sem vítima;401,3;BR-262/MG;Leste;Colisão Traseira;1;;1;;;;;;;;2;;;;
18/05/2019;19:18:00;399;sem vítima;543,05;BR-153/GO;Sul;Saida de Pista;1;;;;;;;;;;2;;;;
18/05/2019;19:34:00;409;com vítima;692,9;BR-153/GO;Norte;Capotamento;1;;;;;;;;;;0;2;;;
18/05/2019;19:54:00;417;com vítima;812,655;BR-262/MG;Leste;Atropelamento de Animal;;;;1;;;;;;;0;1;;;
18/05/2019;20:02:00;419;sem vítima;372;BR-262/MG;Oeste;Choque - Objeto sobre a pista;1;;;;;;;;;;1;;;;
18/05/2019;21:39:00;458;sem vítima;650;BR-262/MG;Leste;Choque - Talude;1;;;;;;;;;;1;;;;
19/05/2019;11:54:00;197;sem vítima;691,8;BR-153/GO;Norte;Saida de Pista;1;;;;;;;;;;2;;;;
19/05/2019;12:42:00;215;com vítima;388;BR-262/MG;Leste;Queda de Moto;;;;1;;;;;;;0;;1;;
19/05/2019;12:55:00;222;sem vítima;566;BR-153/GO;Sul;Choque - Defensa, barreira ou "submarino";1;;;;;;;;;;1;;;;
19/05/2019;13:19:00;229;sem vítima;413;BR-262/MG;Oeste;Capotamento;1;;;;;;;;;;1;;;;
19/05/2019;14:14:00;246;sem vítima;496;BR-153/GO;Norte;Choque - Defensa, barreira ou "submarino";1;;;;;;;;;;2;;;;
19/05/2019;14:20:00;248;sem vítima;592,8;BR-153/GO;Sul;Choque - Elemento de Drenagem;1;;;;;;;;;;1;;;;
19/05/2019;16:59:00;328;com vítima;516;BR-153/GO;Norte;Engavetamento;2;;;;;;;;;1;0;7;;;
19/05/2019;18:11:00;357;com vítima;118;BR-060/GO;Norte;Queda de Moto;;;;1;;;;;;;1;1;;;
19/05/2019;20:59:00;421;com vítima;820,384;BR-262/MG;Oeste;Queda de Moto;;;;1;;;;;;;0;;2;;