data;horario;n_da_ocorrencia;tipo_de_ocorrencia;km;trecho;sentido;tipo_de_acidente;automovel;bicicleta;caminhao;moto;onibus;outros;tracao_animal;transporte_de_cargas_especiais;trator_maquinas;utilitarios;ilesos;levemente_feridos;moderadamente_feridos;gravemente_feridos;mortos
20/05/2019;02:01:00;27;sem vítima;20,537;BR-060/DF;Norte;Capotamento;1;;;;;;;;;;2;;;;
20/05/2019;06:28:00;64;com vítima;430;BR-262/MG;Leste;Queda de Moto;;;;1;;;;;;;0;;1;;
20/05/2019;07:35:00;93;sem vítima;503;BR-153/GO;Norte;Colisão Traseira;2;;;;;;;;;;2;;;;
20/05/2019;07:42:00;101;com vítima;423;BR-262/MG;Leste;Colisão Traseira;;;1;1;;;;;;;1;;;1;
20/05/2019;08:42:00;146;sem vítima;99;BR-060/GO;Sul;Colisão Traseira;1;;1;;;;;;;;2;;;;
20/05/2019;08:48:00;150;sem vítima;494;BR-153/GO;Sul;Engavetamento;;;3;;;;;;;;3;;;;
20/05/2019;08:58:00;157;com vítima;508,5;BR-153/GO;Sul;Colisão Traseira;1;;;1;;;;;;;1;;1;;
20/05/2019;12:05:00;261;sem vítima;490;BR-153/GO;Sul;Colisão Lateral;2;;;;;;;;;;2;;;;
20/05/2019;14:04:00;293;sem vítima;490,2;BR-153/GO;Norte;Colisão Lateral;1;;1;;;;;;;;2;;;;
20/05/2019;15:42:00;337;com vítima;607,9;BR-262/MG;Oeste;Colisão Frontal;1;;1;;;;;;;;1;;1;1;
20/05/2019;16:06:00;354;com vítima;502,9;BR-153/GO;Norte;Colisão Lateral;1;;;1;;;;;;;1;;1;;
20/05/2019;18:30:00;403;sem vítima;500,5;BR-153/GO;Sul;Queda de Moto;;;;1;;1;;;;;2;;;;
20/05/2019;19:13:00;418;sem vítima;652,5;BR-153/GO;Norte;Atropelamento de Animal;1;;;;;;;;;;1;;;;
21/05/2019;04:29:00;31;com vítima;148;BR-153/MG;Sul;Tombamento;;;1;;;1;;;;;1;2;;;
21/05/2019;07:17:00;57;com vítima;513;BR-153/GO;Sul;Colisão Traseira;1;;;1;;;;;;;2;;1;;
21/05/2019;08:14:00;83;sem vítima;499;BR-153/GO;Sul;Colisão Traseira;2;;;;;;;;;;2;;;;
21/05/2019;11:18:00;184;com vítima;522,5;BR-153/GO;Sul;Capotamento;1;;;;;;;;;;0;1;;;
21/05/2019;11:24:00;188;com vítima;115;BR-060/GO;Norte;Colisão Traseira;;;2;;;;;;;;1;;1;;
21/05/2019;16:37:00;323;sem vítima;499;BR-153/GO;Sul;Colisão Traseira;1;;;1;;;;;;;2;;;;
21/05/2019;18:41:00;385;com vítima;508;BR-153/GO;Sul;Atropelamento - Andarilho;;;;1;;;;;;;1;1;;;
21/05/2019;19:16:00;398;com vítima;442;BR-262/MG;Leste;Engavetamento;2;;1;;;;;;;;2;1;;;
21/05/2019;22:47:00;457;com vítima;136;BR-060/GO;Sul;Tombamento;;;1;;;;;;;;0;1;;;
22/05/2019;06:42:00;76;com vítima;626;BR-262/MG;Leste;Tombamento;;;1;;;;;;;;0;1;;;
22/05/2019;07:42:00;97;com vítima;503;BR-153/GO;Sul;Colisão Traseira;1;;;1;;;;;;;2;1;;;
22/05/2019;07:54:00;100;sem vítima;501,7;BR-153/GO;Sul;Colisão Traseira;2;;;;;;;;;;2;;;;
22/05/2019;09:31:00;167;sem vítima;527;BR-153/GO;Norte;Carreta deu L;;;1;;;;;;;;1;;;;
22/05/2019;12:59:00;273;sem vítima;782;BR-262/MG;Leste;Colisão Lateral;;;1;;;;;;;1;2;;;;
22/05/2019;15:51:00;344;sem vítima;505,4;BR-153/GO;Sul;Engavetamento;4;;;;;;;;;;4;;;;
22/05/2019;16:41:00;370;sem vítima;0,2;BR-153/MG;Sul;Colisão Traseira;;;2;;;;;;;;2;;;;
23/05/2019;01:12:00;17;com vítima;507;BR-153/GO;Norte;Queda de Moto;;;;1;;;;;;;0;1;;;
23/05/2019;04:01:00;47;sem vítima;39;BR-153/MG;Sul;Choque - Elemento de Drenagem;1;;;;;;;;;;1;;;;
23/05/2019;08:05:00;103;com vítima;494;BR-153/GO;Norte;Colisão Traseira;1;;;1;;;;;;;1;1;;;
23/05/2019;08:32:00;117;sem vítima;498;BR-153/GO;Norte;Colisão Traseira;;;2;;;;;;;;2;;;;
23/05/2019;09:07:00;133;com vítima;97,8;BR-060/GO;Norte;Capotamento;1;;;;;;;;;;0;2;;;
23/05/2019;12:54:00;248;sem vítima;530;BR-262/MG;Oeste;Colisão Lateral;1;;1;;;;;;;;2;;;;
23/05/2019;13:25:00;260;com vítima;62;BR-060/GO;Sul;Capotamento;2;;;;;;;;;;3;;1;;
23/05/2019;13:46:00;271;com vítima;497;BR-153/GO;Sul;Choque - Defensa, barreira ou "submarino";1;;;;;;;;;;0;1;;;
23/05/2019;14:47:00;302;sem vítima;541;BR-153/GO;Sul;Colisão Lateral;1;;1;;;;;;;;4;;;;
23/05/2019;17:44:00;378;sem vítima;501,1;BR-153/GO;Sul;Colisão Traseira;1;;;;;;;;;1;2;;;;
23/05/2019;17:50:00;382;com vítima;388;BR-262/MG;Oeste;Queda de Moto;;;;1;;;;;;;0;;1;;
23/05/2019;18:51:00;413;sem vítima;517,5;BR-153/GO;Norte;Saida de Pista;1;;;;;;;;;;1;;;;
23/05/2019;18:57:00;415;com vítima;9;BR-060/DF;Norte;Capotamento;1;;;;;;;;;;0;;;1;
23/05/2019;19:04:00;418;com vítima;502;BR-153/GO;Norte;Colisão Traseira;1;;;1;;;;;;;2;;1;;
23/05/2019;19:08:00;422;com vítima;0,8;BR-060/DF;Norte;Colisão Traseira;1;1;;;;;;;;;1;1;;;
24/05/2019;00:50:00;10;sem vítima;60,027;BR-060/GO;Norte;Atropelamento de Animal;1;;;;;;;;;;1;;;;
24/05/2019;04:28:00;40;sem vítima;640,01;BR-153/GO;Norte;Tombamento;;;1;;;;;;;;1;;;;
24/05/2019;05:56:00;51;sem vítima;619;BR-153/GO;Norte;Capotamento;;;1;;;;;;;;1;;;;
24/05/2019;09:45:00;141;sem vítima;227,9;BR-153/MG;Sul;Colisão Lateral;1;;;;;;;;;1;2;;;;
24/05/2019;13:26:00;240;com vítima;96,698;BR-060/GO;Sul;Saida de Pista;;;;;;;;;;1;1;2;;;
24/05/2019;14:25:00;265;sem vítima;494;BR-153/GO;Sul;Colisão Lateral;1;;1;;;;;;;;3;;;;
24/05/2019;15:13:00;281;sem vítima;483,5;BR-262/MG;Oeste;Colisão Traseira;2;;;;;;;;;;2;;;;
24/05/2019;15:47:00;292;com vítima;761;BR-262/MG;Leste;Colisão Frontal;1;;1;1;;;;;;;1;1;;1;
24/05/2019;16:15:00;301;sem vítima;38;BR-153/MG;Norte;Saida de Pista;;;;;;;;;;1;1;;;;
24/05/2019;16:56:00;316;com vítima;604;BR-262/MG;Oeste;Engavetamento;1;;2;;;1;;;;;4;;2;;
24/05/2019;16:59:00;318;sem vítima;29;BR-060/GO;Sul;Capotamento;1;;;;;;;;;;5;;;;
24/05/2019;17:57:00;344;com vítima;496;BR-153/GO;Sul;Queda de Moto;;;;1;;;;;;;0;2;;;
24/05/2019;19:10:00;366;sem vítima;444;BR-262/MG;Oeste;Saida de Pista;1;;;;;;;;;;1;;;;
24/05/2019;19:26:00;373;sem vítima;517;BR-153/GO;Sul;Tombamento;;;1;;;;;;;;1;;;;
24/05/2019;19:59:00;381;sem vítima;498;BR-153/GO;Norte;Queda de Moto;;;;1;;;;;;;1;;;;
24/05/2019;20:08:00;387;sem vítima;498;BR-153/GO;Norte;Colisão Traseira;2;;;;;;;;;;2;;;;
24/05/2019;20:33:00;393;com vítima;104;BR-060/GO;Sul;Atropelamento - Morador;;;;;;1;;;;;1;;;;1
24/05/2019;22:23:00;423;sem vítima;32;BR-060/GO;Sul;Colisão Lateral;1;;1;;;;;;;;2;;;;
24/05/2019;23:32:00;440;com vítima;148;BR-153/MG;Sul;Tombamento;;;1;;;;;;;;0;;1;;
25/05/2019;00:05:00;1;sem vítima;364;BR-262/MG;Oeste;Capotamento;1;;;;;;;;;;1;;;;
25/05/2019;10:45:00;154;com vítima;360;BR-262/MG;Oeste;Queda de Moto;;;;1;;;;;;;1;1;;;
25/05/2019;19:17:00;291;com vítima;439;BR-262/MG;Oeste;Capotamento;1;;;;;;;;;;1;3;;;
25/05/2019;20:14:00;311;sem vítima;371;BR-262/MG;Oeste;Capotamento;1;;;;;;;;;;1;;;;
25/05/2019;22:02:00;330;sem vítima;516;BR-153/GO;Sul;Colisão Traseira;2;;;;;;;;;;3;;;;
25/05/2019;22:31:00;337;com vítima;799;BR-262/MG;Leste;Queda de Moto;;;;1;;;;;;;0;;1;;
25/05/2019;22:44:00;341;sem vítima;22;BR-060/DF;Norte;Saida de Pista;1;;;;;;;;;;1;;;;
26/05/2019;05:36:00;43;sem vítima;759;BR-262/MG;Leste;Capotamento;1;;;;;;;;;;4;;;;
26/05/2019;07:31:00;63;sem vítima;425,8;BR-262/MG;Oeste;Capotamento;1;;;;;;;;;;1;;;;
26/05/2019;08:02:00;76;sem vítima;129;BR-060/GO;Sul;Choque - Elemento de Drenagem;1;;;;;;;;;;1;;;;
26/05/2019;14:59:00;259;sem vítima;593,8;BR-153/GO;Norte;Objeto lançado contra veículo;1;;;;;;;;;;4;;;;
26/05/2019;15:00:00;260;com vítima;359;BR-262/MG;Leste;Colisão Traseira;;1;;;;1;;;;;1;;1;;
26/05/2019;15:26:00;271;com vítima;51;BR-060/GO;Norte;Queda de Moto;;;;1;;;;;;;0;1;;;
26/05/2019;15:28:00;273;com vítima;30;BR-060/DF;Norte;Colisão Traseira;1;;;;;;;;;1;2;2;;;
26/05/2019;16:50:00;312;com vítima;475,9;BR-262/MG;Leste;Colisão Frontal;3;;1;;1;;;;;;9;1;1;;
26/05/2019;18:55:00;367;sem vítima;822;BR-262/MG;Leste;Choque - Suporte de Sinalização;1;;;;;;;;;;1;;;;
26/05/2019;19:42:00;385;com vítima;529,5;BR-153/GO;Norte;Engavetamento;1;;2;;;;;;;;7;1;;;
26/05/2019;19:45:00;386;sem vítima;474;BR-262/MG;Oeste;Colisão Transversal;2;;;;;;;;;;2;;;;
26/05/2019;20:20:00;395;com vítima;503,05;BR-153/GO;Sul;Queda de Moto;;;;1;;;;;;;0;1;;;
27/05/2019;06:47:00;60;sem vítima;10,5;BR-153/MG;Sul;Saida de Pista;1;;;;;;;;;;1;;;;
27/05/2019;07:13:00;72;sem vítima;634;BR-153/GO;Sul;Queda de Moto;;;;1;;;;;;;1;;;;
27/05/2019;07:19:00;73;sem vítima;408;BR-262/MG;Leste;Engavetamento;6;;;;;;;;;;6;;;;
27/05/2019;07:51:00;92;sem vítima;494;BR-153/GO;Sul;Colisão Traseira;2;;;;;;;;;;2;;;;
27/05/2019;08:01:00;96;com vítima;535;BR-153/GO;Norte;Capotamento;1;;1;;;;;;;;2;2;;;
27/05/2019;09:05:00;127;sem vítima;500;BR-153/GO;Sul;Engavetamento;3;;;;;;;;;;3;;;;
27/05/2019;14:49:00;279;sem vítima;453;BR-262/MG;Leste;Colisão Traseira;2;;;;;;;;;;2;;;;
28/05/2019;00:17:00;6;sem vítima;5;BR-153/MG;Sul;Tombamento;;;1;;;;;;;;2;;;;
28/05/2019;01:04:00;12;sem vítima;510;BR-153/GO;Norte;Colisão Traseira;2;;;;;;;;;;2;;;;
28/05/2019;07:59:00;104;sem vítima;495;BR-153/GO;Sul;Colisão Traseira;;;;;;;;;;2;2;;;;
28/05/2019;08:38:00;127;sem vítima;495,1;BR-153/GO;Sul;Colisão Traseira;2;;;;;;;;;;2;;;;
28/05/2019;09:07:00;143;com vítima;591;BR-153/GO;Norte;Capotamento;1;;;;;;;;;;0;1;;;
28/05/2019;09:46:00;160;com vítima;505,4;BR-153/GO;Sul;Colisão Traseira;1;;;2;;;;;;;2;1;;;
28/05/2019;10:12:00;171;sem vítima;675;BR-262/MG;Oeste;Colisão Traseira;1;;1;;;;;;;;5;;;;
28/05/2019;10:31:00;179;com vítima;94;BR-060/GO;Norte;Queda de Moto;;;;1;;;;;;;0;2;;;
28/05/2019;11:46:00;227;sem vítima;518;BR-153/GO;Norte;Saida de Pista;1;;;;;;;;;;2;;;;
28/05/2019;11:50:00;228;sem vítima;501;BR-153/GO;Sul;Colisão Traseira;1;;;;;;;;;1;2;;;;
28/05/2019;15:18:00;308;sem vítima;499;BR-153/GO;Sul;Colisão Lateral;1;;1;;;;;;;;2;;;;
28/05/2019;16:40:00;331;com vítima;615;BR-153/GO;Sul;Colisão Lateral;1;;;1;;;;;;;2;1;;;
28/05/2019;17:06:00;342;com vítima;665,8;BR-153/GO;Sul;Capotamento;;;;;;;;;;1;0;1;;;
29/05/2019;05:37:00;44;sem vítima;365,5;BR-262/MG;Leste;Atropelamento de Animal;1;;;;;;;;;;1;;;;
29/05/2019;07:32:00;63;sem vítima;494,5;BR-153/GO;Sul;Engavetamento;4;;;;;;;;;;4;;;;
29/05/2019;09:35:00;123;com vítima;766;BR-262/MG;Leste;Capotamento;1;;;;;;;;;;0;;1;;
29/05/2019;09:43:00;126;sem vítima;573,5;BR-153/GO;Sul;Capotamento;1;;;;;;;;;;3;;;;
29/05/2019;13:23:00;218;sem vítima;608;BR-153/GO;Sul;Choque - Elemento de Drenagem;1;;;;;;;;;;1;;;;
29/05/2019;21:27:00;407;sem vítima;588;BR-153/GO;Norte;Choque - Objeto não identificado;;;1;;;;;;;;1;;;;
30/05/2019;06:22:00;60;sem vítima;506;BR-153/GO;Sul;Choque - Defensa, barreira ou "submarino";1;;;;;;;;;;2;;;;
30/05/2019;07:18:00;71;sem vítima;94;BR-153/MG;Norte;Colisão Lateral;;;1;;;;;;;1;3;;;;
30/05/2019;07:39:00;79;com vítima;493;BR-153/GO;Sul;Colisão Traseira;;;;2;;;;;;;1;1;;;
30/05/2019;07:53:00;83;sem vítima;800,5;BR-262/MG;Oeste;Colisão Traseira;2;;;;;;;;;;2;;;;
30/05/2019;08:55:00;117;com vítima;492;BR-153/GO;Norte;Capotamento;2;;1;1;;;;;;;3;1;;;
30/05/2019;13:14:00;248;sem vítima;503,5;BR-153/GO;Sul;Colisão Lateral;1;;1;;;;;;;;2;;;;
30/05/2019;15:40:00;309;sem vítima;540,5;BR-262/MG;Oeste;Saida de Pista;1;;;;;;;;;;1;;;;
30/05/2019;16:15:00;328;com vítima;497;BR-262/MG;Oeste;Colisão Frontal;1;;1;;;;;;;;0;2;;;2
30/05/2019;17:27:00;369;sem vítima;500,2;BR-153/GO;Sul;Colisão Traseira;2;;;;;;;;;;2;;;;
30/05/2019;19:00:00;412;sem vítima;93,413;BR-060/GO;Norte;Choque - Defensa, barreira ou "submarino";;;1;;;;;;;;1;;;;
31/05/2019;08:28:00;103;sem vítima;509;BR-153/GO;Norte;Colisão Traseira;;;2;;;;;;;;2;;;;
31/05/2019;11:05:00;205;sem vítima;245,5;BR-153/MG;Norte;Choque - Elemento de Drenagem;1;;;;;;;;;;1;;;;
31/05/2019;15:40:00;331;sem vítima;537,8;BR-262/MG;Leste;Engavetamento;1;;3;;;;;;;;4;;;;
31/05/2019;15:52:00;339;sem vítima;538;BR-262/MG;Leste;Colisão Lateral;1;;1;;;;;;;;3;;;;
31/05/2019;17:47:00;405;sem vítima;508;BR-153/GO;Norte;Colisão Traseira;2;;;;;;;;;;2;;;;
31/05/2019;18:59:00;437;sem vítima;512;BR-153/GO;Sul;Queda de Moto;;;;1;;;;;;;1;;;;
31/05/2019;19:00:00;438;com vítima;437;BR-262/MG;Oeste;Colisão Traseira;;;;1;;;;;;1;1;;1;;
31/05/2019;19:12:00;443;com vítima;92;BR-060/GO;Norte;Colisão Frontal;1;;;1;;;;;;;1;;;;1
31/05/2019;19:32:00;450;sem vítima;0,3;BR-153/MG;Norte;Tombamento;;;3;;;;;;;;5;;;;
31/05/2019;19:37:00;455;sem vítima;129;BR-060/GO;Sul;Capotamento;1;;;;;;;;;;1;;;;
31/05/2019;23:56:00;522;sem vítima;472;BR-262/MG;Oeste;Colisão Transversal;;;1;;;;;;;1;2;;;;
01/08/2019;08:08:00;94;sem vítima;501;BR-153/GO;Norte;Engavetamento;4;;;;;;;;;;6;;;;
01/08/2019;08:27:00;102;com vítima;755;BR-262/MG;Oeste;Tombamento;;;1;;;;;;;;0;1;;;
01/08/2019;11:52:00;222;sem vítima;477;BR-262/MG;Oeste;Colisão Traseira;1;;1;;;;;;;;5;;;;
01/08/2019;13:30:00;266;com vítima;33;BR-153/MG;Norte;Colisão Lateral;1;;2;;;;;;;;6;1;;;
01/08/2019;14:20:00;286;com vítima;493;BR-153/GO;Norte;Queda de Moto;;;;1;;;;;;;1;1;;;
01/08/2019;14:49:00;295;sem vítima;25;BR-060/GO;Sul;Choque - Defensa, barreira ou "submarino";1;;;;;;;;;;3;;;;
01/08/2019;17:15:00;368;sem vítima;444;BR-262/MG;Leste;Atropelamento - Andarilho;;;;1;;;;;;;2;;;;
01/08/2019;18:54:00;410;sem vítima;574;BR-153/GO;Norte;Colisão Traseira;1;;;;;;;;;1;3;;;;
01/08/2019;20:47:00;460;sem vítima;520;BR-153/GO;Norte;Colisão Lateral;2;;;;;;;;;;2;;;;
01/08/2019;21:09:00;468;com vítima;655,5;BR-153/GO;Sul;Choque - Objeto sobre a pista;1;;;;;;;;;;2;1;;;
01/08/2019;21:27:00;471;com vítima;364;BR-262/MG;Leste;Colisão Lateral;;;;1;;1;;;;;1;1;;;
01/08/2019;23:30:00;505;sem vítima;628;BR-153/GO;Norte;Tombamento;;;1;;;;;;;;1;;;;
02/08/2019;07:45:00;76;com vítima;520;BR-153/GO;Sul;Colisão Traseira;1;;;1;;;;;;;2;;1;;
02/08/2019;13:27:00;243;sem vítima;5,9;BR-153/MG;Sul;Colisão Traseira;2;;;;;;;;;;4;;;;
02/08/2019;13:50:00;253;com vítima;506,458;BR-153/GO;Norte;Queda de Moto;;;;1;;;;;;;0;;;1;
02/08/2019;14:54:00;293;sem vítima;508;BR-153/GO;Norte;Engavetamento;3;;;;;;;;;;3;;;;
02/08/2019;16:50:00;367;com vítima;417;BR-262/MG;Oeste;Capotamento;1;;;;;1;;;;;2;1;;;
02/08/2019;17:12:00;381;sem vítima;480;BR-262/MG;Leste;Choque - Elemento de Drenagem;;;1;;;1;;;;;2;;;;
02/08/2019;17:36:00;392;sem vítima;509;BR-153/GO;Norte;Engavetamento;4;;;;;;;;;;5;;;;
02/08/2019;17:50:00;402;sem vítima;499;BR-153/GO;Sul;Engavetamento;3;;1;;;;;;;;4;;;;
02/08/2019;19:27:00;450;com vítima;32;BR-060/GO;Sul;Atropelamento - Andarilho;1;;;;;;;;;;1;;1;;
02/08/2019;20:37:00;481;com vítima;95;BR-060/GO;Sul;Capotamento;1;;;;;;;;;;0;;1;;
02/08/2019;21:18:00;505;sem vítima;210;BR-153/MG;Norte;Saida de Pista;1;;;;;;;;;;1;;;;
02/08/2019;23:56:00;557;com vítima;93,042;BR-060/GO;Norte;Atropelamento - Outros;1;;;1;;;;;;;1;;;1;
03/08/2019;04:29:00;48;sem vítima;409,8;BR-262/MG;Leste;Atropelamento de Animal;;;;;;;;;;1;1;;;;
03/08/2019;04:36:00;49;sem vítima;374;BR-262/MG;Leste;Capotamento;1;;;;;;;;;;2;;;;
03/08/2019;06:14:00;67;sem vítima;10;BR-060/DF;Sul;Choque - Suporte de Sinalização;1;;;;;;;;;;1;;;;
03/08/2019;06:57:00;85;com vítima;660;BR-153/GO;Norte;Colisão Lateral;1;;;1;;;;;;;1;1;;;
03/08/2019;06:58:00;87;com vítima;379;BR-262/MG;Leste;Capotamento;1;;;;;;;;;;0;1;;;
03/08/2019;08:01:00;107;sem vítima;16;BR-060/GO;Norte;Choque - Elemento de Drenagem;1;;;;;;;;;;1;;;;
03/08/2019;09:06:00;142;sem vítima;87;BR-060/GO;Norte;Choque - Defensa, barreira ou "submarino";1;;;;;;;;;;1;;;;
03/08/2019;09:54:00;164;sem vítima;25,5;BR-060/DF;Sul;Choque - Objeto sobre a pista;1;;1;;;;;;;;2;;;;
03/08/2019;10:06:00;168;sem vítima;479;BR-262/MG;Oeste;Colisão Traseira;;;1;;;;;;;1;2;;;;
03/08/2019;19:15:00;420;com vítima;800;BR-262/MG;Oeste;Choque - Poste/;1;;;;;;;;;;0;1;;;
03/08/2019;19:33:00;425;com vítima;369;BR-262/MG;Oeste;Colisão Traseira;1;;;;;;;;;1;1;;1;;
03/08/2019;20:05:00;441;sem vítima;514;BR-153/GO;Norte;Colisão Lateral;2;;;;;;;;;;2;;;;
03/08/2019;21:38:00;475;com vítima;803;BR-262/MG;Oeste;Colisão Traseira;1;;1;;;;;;;;1;1;1;;
04/08/2019;02:07:00;32;com vítima;436,999;BR-262/MG;Oeste;Capotamento;1;;;;;;;;;;1;1;;;
04/08/2019;02:20:00;33;sem vítima;358;BR-262/MG;Oeste;Capotamento;1;;;;;;;;;;1;;;;
04/08/2019;02:54:00;42;sem vítima;354;BR-262/MG;Leste;Queda de Moto;;;;1;;;;;;;1;;;;
04/08/2019;05:04:00;63;sem vítima;383;BR-262/MG;Leste;Capotamento;1;;;;;;;;;;1;;;;
04/08/2019;05:25:00;67;com vítima;699;BR-153/GO;Sul;Choque - Veiculo parado no acostamento;1;;;;1;;;;;;2;;1;;
04/08/2019;07:40:00;91;sem vítima;244;BR-153/MG;Sul;Atropelamento de Animal;;;;;;;;;;1;1;;;;
04/08/2019;14:08:00;236;sem vítima;45;BR-153/MG;Norte;Tombamento;;;1;;;;;;;;1;;;;
04/08/2019;16:15:00;302;sem vítima;608;BR-262/MG;Oeste;Choque - Talude;1;;;;;;;;;;1;;;;
04/08/2019;16:50:00;318;com vítima;559,56;BR-153/GO;Sul;Choque - Talude;1;;;;;;;;;;1;2;1;;
04/08/2019;17:28:00;334;com vítima;554;BR-262/MG;Oeste;Tombamento;;;1;;;;;;;;0;;1;;
04/08/2019;17:53:00;347;sem vítima;388;BR-262/MG;Oeste;Colisão Lateral;2;;;;;;;;;;4;;;;
04/08/2019;18:57:00;365;sem vítima;519,8;BR-262/MG;Leste;Colisão Traseira;;;2;;;;;;;;2;;;;
04/08/2019;18:59:00;366;sem vítima;44;BR-060/GO;Sul;Colisão Traseira;1;;1;;;;;;;;2;;;;
04/08/2019;19:30:00;378;sem vítima;519;BR-262/MG;Leste;Saida de Pista;;;1;;;;;;;;1;;;;
04/08/2019;19:31:00;379;sem vítima;557;BR-262/MG;Leste;Capotamento;;;;;;;;;;1;1;;;;
04/08/2019;20:16:00;402;sem vítima;406;BR-262/MG;Leste;Colisão Traseira;2;;;;;;;;;;2;;;;
04/08/2019;20:58:00;414;sem vítima;362,3;BR-262/MG;Oeste;Capotamento;1;;;;;;;;;;1;;;;
05/08/2019;05:51:00;40;sem vítima;514;BR-153/GO;Norte;Colisão Lateral;2;;;;;;;;;;2;;;;
05/08/2019;06:48:00;56;sem vítima;636;BR-262/MG;Leste;Objeto lançado contra veículo;1;;;;;1;;;;;2;;;;
05/08/2019;07:21:00;68;com vítima;558;BR-153/GO;Sul;Capotamento;1;;;;;;;;;;0;;1;;
05/08/2019;07:52:00;81;com vítima;802;BR-262/MG;Leste;Saida de Pista;1;;;;;;;;;;0;1;;;
05/08/2019;11:28:00;218;sem vítima;500;BR-153/GO;Norte;Colisão Transversal;1;;1;;;;;;;;3;;;;
05/08/2019;11:35:00;224;sem vítima;672;BR-153/GO;Sul;Tombamento;;;1;;;;;;;;1;;;;
05/08/2019;11:42:00;226;com vítima;643;BR-153/GO;Norte;Capotamento;1;;;;;;;;;;0;;1;;
05/08/2019;13:56:00;289;sem vítima;79;BR-153/MG;Sul;Tombamento;;;1;;;;;;;;1;;;;
05/08/2019;15:48:00;336;sem vítima;52;BR-153/MG;Sul;Capotamento;1;;;;;;;;;;2;;;;
05/08/2019;16:40:00;397;sem vítima;503;BR-153/GO;Sul;Colisão Traseira;1;;;1;;;;;;;2;;;;
05/08/2019;18:26:00;441;sem vítima;537,2;BR-153/GO;Norte;Choque - Outros;;;;;;;;;;1;4;;;;
05/08/2019;22:30:00;519;com vítima;801,787;BR-262/MG;Oeste;Capotamento;1;;;;;;;;;;0;1;;;
06/08/2019;09:20:00;150;sem vítima;503;BR-153/GO;Sul;Engavetamento;1;;1;;;1;;;;;3;;;;
06/08/2019;11:22:00;227;sem vítima;762;BR-262/MG;Oeste;Engavetamento;1;;2;;;;;;;;3;;;;
06/08/2019;12:04:00;251;com vítima;417,9;BR-262/MG;Leste;Queda de Moto;;;;1;;;;;;;0;;1;;
06/08/2019;17:29:00;401;sem vítima;501;BR-153/GO;Norte;Colisão Traseira;2;;;;;;;;;;2;;;;
06/08/2019;17:43:00;409;sem vítima;138;BR-060/GO;Sul;Objeto lançado contra veículo;;;2;;;;;;;;2;;;;
06/08/2019;17:44:00;410;com vítima;503;BR-153/GO;Sul;Engavetamento;3;;;;;;;;;;3;1;;;
07/08/2019;00:46:00;11;sem vítima;88,382;BR-060/GO;Sul;Colisão Traseira;1;;1;;;;;;;;3;;;;
07/08/2019;04:14:00;58;sem vítima;576,324;BR-262/MG;Leste;Saida de Pista;1;;;;;;;;;;1;;;;
07/08/2019;08:51:00;145;com vítima;700;BR-153/GO;Sul;Atropelamento - Sem Informação;;;;;;1;;;;;1;1;;;
07/08/2019;09:08:00;162;sem vítima;748;BR-262/MG;Oeste;Saida de Pista;1;;;;;;;;;;1;;;;
07/08/2019;10:18:00;199;sem vítima;2,5;BR-060/DF;Sul;Choque - Suporte de Sinalização;1;;;;;;;;;;1;;;;
07/08/2019;10:22:00;205;sem vítima;367,5;BR-262/MG;Oeste;Choque - Elemento de Drenagem;1;;;;;;;;;;2;;;;
07/08/2019;12:20:00;263;com vítima;494;BR-153/GO;Norte;Queda de Moto;;;;1;;;;;;;0;1;;;
07/08/2019;12:43:00;272;com vítima;103;BR-060/GO;Norte;Capotamento;1;;;;;;;;;;0;2;;;
07/08/2019;16:11:00;362;sem vítima;500,2;BR-153/GO;Sul;Engavetamento;2;;1;;;1;;;;;4;;;;
07/08/2019;17:33:00;404;sem vítima;20,9;BR-060/GO;Norte;Saida de Pista;1;;;;;;;;;;1;;;;
07/08/2019;21:37:00;482;sem vítima;93;BR-060/GO;Norte;Saida de Pista;1;;;;;;;;;;1;;;;
08/08/2019;01:53:00;39;sem vítima;615;BR-153/GO;Sul;Tombamento;;;2;;;;;;;;2;;;;
08/08/2019;04:18:00;61;sem vítima;613;BR-262/MG;Leste;Colisão Lateral;;;2;;;;;;;;2;;;;
08/08/2019;04:44:00;64;com vítima;408;BR-262/MG;Leste;Capotamento;1;;;;;;;;;;0;1;;;
08/08/2019;07:35:00;99;com vítima;679;BR-262/MG;Oeste;Queda de Moto;;;;1;;;;;;;0;1;1;;
08/08/2019;07:41:00;103;sem vítima;92;BR-060/GO;Sul;Colisão Lateral;1;;1;;;;;;;;2;;;;
08/08/2019;10:25:00;206;sem vítima;137;BR-060/GO;Sul;Colisão Frontal;2;;;;;;;;;;2;;;;
08/08/2019;10:29:00;209;com vítima;661;BR-153/GO;Norte;Colisão Lateral;1;;1;;;;;;;;1;1;;;
08/08/2019;11:54:00;260;sem vítima;10,5;BR-153/MG;Sul;Choque - Defensa, barreira ou "submarino";;;;;;;;;;1;1;;;;
08/08/2019;12:14:00;272;sem vítima;128;BR-060/GO;Sul;Colisão Traseira;;;2;;;;;;;;2;;;;
08/08/2019;14:25:00;330;sem vítima;757,8;BR-262/MG;Oeste;Saida de Pista;1;;;;;;;;;;5;;;;
08/08/2019;16:21:00;387;com vítima;131,5;BR-153/MG;Sul;Colisão Lateral;;;2;;;;;;;;1;1;;;
08/08/2019;18:15:00;449;com vítima;360;BR-262/MG;Oeste;Colisão Traseira;;;1;1;;;;;;;1;;1;;
08/08/2019;18:55:00;461;sem vítima;850;BR-262/MG;Leste;Choque - Objeto sobre a pista;3;;;;;;;;;;3;;;;