data;horario;n_da_ocorrencia;tipo_de_ocorrencia;km;trecho;sentido;tipo_de_acidente;automovel;bicicleta;caminhao;moto;onibus;outros;tracao_animal;transporte_de_cargas_especiais;trator_maquinas;utilitarios;ilesos;levemente_feridos;moderadamente_feridos;gravemente_feridos;mortos
08/08/2019;20:26:00;495;sem vítima;515;BR-153/GO;Sul;Choque - Objeto sobre a pista;1;;;;;;;;;;1;;;;
09/08/2019;07:30:00;93;sem vítima;500,2;BR-153/GO;Sul;Colisão Traseira;1;;;1;;;;;;;2;;;;
09/08/2019;07:40:00;100;sem vítima;635;BR-153/GO;Sul;Saida de Pista;1;;;;;;;;;;1;;;;
09/08/2019;07:47:00;104;com vítima;509;BR-153/GO;Norte;Queda de Moto;;;;1;;;;;;;0;;1;;
09/08/2019;08:10:00;120;sem vítima;508;BR-153/GO;Norte;Engavetamento;4;;;;;;;;;;4;;;;
09/08/2019;10:15:00;241;sem vítima;401;BR-262/MG;Oeste;Choque - Defensa, barreira ou "submarino";1;;;;;;;;;;2;;;;
09/08/2019;10:27:00;255;com vítima;501,9;BR-262/MG;Oeste;Colisão Traseira;1;;;;;;;;;1;1;;1;;
09/08/2019;11:25:00;282;sem vítima;175,3;BR-153/MG;Norte;Choque - Poste/;1;;;;;;;;;;1;;;;
09/08/2019;15:20:00;426;com vítima;403;BR-262/MG;Oeste;Tombamento;;;1;;;;;;;;2;1;1;;
09/08/2019;15:50:00;439;sem vítima;516;BR-153/GO;Norte;Colisão Transversal;2;;;;;;;;;;3;;;;
09/08/2019;17:26:00;507;sem vítima;406,406;BR-262/MG;Leste;Choque - Talude;;;1;;;;;;;;1;;;;
09/08/2019;17:35:00;516;sem vítima;116;BR-060/GO;Sul;Colisão Traseira;2;;;;;;;;;;4;;;;
09/08/2019;18:13:00;535;com vítima;508;BR-153/GO;Norte;Engavetamento;3;;;;;;;;;;2;2;;;
09/08/2019;18:37:00;550;sem vítima;667;BR-262/MG;Leste;Saida de Pista;;;;;;;;;;1;1;;;;
09/08/2019;18:57:00;561;sem vítima;632;BR-262/MG;Oeste;Choque - Outros;1;;;;;;;;;;1;;;;
09/08/2019;19:16:00;572;sem vítima;549;BR-153/GO;Norte;Colisão Traseira;;;2;;;;;;;;2;;;;
09/08/2019;19:26:00;579;sem vítima;514;BR-153/GO;Norte;Colisão Lateral;2;;;;;;;;;;6;;;;
09/08/2019;20:06:00;599;sem vítima;513;BR-262/MG;Leste;Choque - Veiculo parado na pista;2;;;;;;;;;;2;;;;
10/08/2019;05:26:00;66;sem vítima;28;BR-060/GO;Norte;Saida de Pista;1;;;;;;;;;;1;;;;
10/08/2019;06:56:00;91;com vítima;3,3;BR-060/DF;Norte;Choque - Veiculo parado no acostamento;2;;;;;;;;;;1;1;;;
10/08/2019;07:44:00;107;sem vítima;5;BR-060/DF;Norte;Engavetamento;4;;;;;;;;;;4;;;;
10/08/2019;11:19:00;215;sem vítima;90;BR-060/GO;Norte;Queda de Moto;;;;1;;;;;;;1;;;;
10/08/2019;11:22:00;216;sem vítima;90;BR-060/GO;Sul;Colisão Traseira;2;;;;;;;;;;2;;;;
10/08/2019;11:31:00;221;sem vítima;138;BR-060/GO;Norte;Choque - Outros;;;1;;;;;;;;1;;;;
10/08/2019;11:53:00;232;sem vítima;359,5;BR-262/MG;Leste;Colisão Traseira;2;;;;;;;;;;3;;;;
10/08/2019;12:40:00;252;com vítima;234;BR-153/MG;Sul;Capotamento;1;;;;;;;;;;3;;;1;
10/08/2019;12:54:00;265;sem vítima;505,5;BR-262/MG;Leste;Colisão Lateral;1;;1;;;1;;;;;3;;;;
10/08/2019;13:14:00;272;com vítima;372,8;BR-262/MG;Oeste;Capotamento;1;;;;;;;;;;0;2;1;;
10/08/2019;14:05:00;296;sem vítima;652,3;BR-153/GO;Norte;Choque - Elemento de Drenagem;;;2;;;;;;;;2;;;;
10/08/2019;14:28:00;306;com vítima;575;BR-153/GO;Norte;Capotamento;1;;;;;;;;;;1;1;;;
10/08/2019;19:43:00;423;sem vítima;4;BR-060/DF;Sul;Engavetamento;4;;;;;;;;;;4;;;;
10/08/2019;20:16:00;430;com vítima;827;BR-262/MG;Leste;Colisão Lateral;;;1;;;;;;;1;1;;1;;
10/08/2019;21:19:00;442;sem vítima;91;BR-060/GO;Sul;Colisão Traseira;2;;;;;;;;;;2;;;;
10/08/2019;21:20:00;444;com vítima;493;BR-153/GO;Norte;Queda de Moto;1;;;1;;;;;;;1;;1;;
10/08/2019;23:21:00;491;com vítima;59;BR-153/MG;Sul;Queda de Moto;;;;1;;;;;;;0;1;;;
11/08/2019;02:06:00;38;sem vítima;95;BR-060/GO;Norte;Colisão Traseira;1;;1;;;;;;;;2;;;;
11/08/2019;02:48:00;51;com vítima;513,664;BR-153/GO;Norte;Colisão Lateral;;;;2;;;;;;;0;1;1;;
11/08/2019;10:54:00;187;com vítima;10,2;BR-060/GO;Norte;Queda de Moto;;;;1;;;;;;;0;;;1;
11/08/2019;13:15:00;242;com vítima;777,9;BR-262/MG;Oeste;Colisão Traseira;2;;;;;;;;;;5;1;;;
11/08/2019;15:20:00;302;com vítima;514;BR-153/GO;Norte;Colisão Traseira;2;;;;;;;;;;3;1;;;
11/08/2019;15:46:00;325;sem vítima;555,3;BR-262/MG;Leste;Colisão Traseira;2;;;;;;;;;;6;;;;
11/08/2019;15:53:00;331;com vítima;384;BR-262/MG;Oeste;Queda de Moto;;;;1;;;;;;;0;1;;;
11/08/2019;17:06:00;380;sem vítima;555;BR-153/GO;Sul;Queda de Moto;;;;1;;;;;;;1;;;;
11/08/2019;19:55:00;464;sem vítima;0,708;BR-060/DF;Norte;Atropelamento - Sem Informação;1;;;;;;;;;;2;;;;
11/08/2019;19:59:00;467;com vítima;23,376;BR-060/GO;Sul;Capotamento;1;;;;;;;;;;1;;1;;
11/08/2019;22:06:00;514;com vítima;551,5;BR-262/MG;Oeste;Colisão Traseira;1;;1;;;;;;;;4;;2;;
11/08/2019;22:14:00;518;sem vítima;499;BR-262/MG;Oeste;Queda de Moto;;;;1;;;;;;;1;;;;
11/08/2019;22:31:00;522;sem vítima;23,887;BR-153/MG;Norte;Capotamento;1;;;;;;;;;;1;;;;
11/08/2019;23:22:00;538;sem vítima;551;BR-262/MG;Oeste;Colisão Traseira;;;1;;1;;;;;;33;;;;
12/08/2019;00:02:00;1;sem vítima;612,8;BR-262/MG;Leste;Atropelamento de Animal;1;;;;;;;;;;1;;;;
12/08/2019;07:18:00;104;sem vítima;495;BR-153/GO;Sul;Engavetamento;3;;;;;;;;;;3;;;;
12/08/2019;07:47:00;131;sem vítima;495;BR-153/GO;Norte;Colisão Traseira;2;;;;;;;;;;2;;;;
12/08/2019;08:43:00;199;sem vítima;55,3;BR-060/GO;Sul;Saida de Pista;1;;;;;;;;;;1;;;;
12/08/2019;10:03:00;276;sem vítima;539,356;BR-262/MG;Oeste;Capotamento;;;1;;;;;;;;1;;;;
12/08/2019;12:24:00;365;sem vítima;2;BR-060/GO;Sul;Choque - Elemento de Drenagem;;;1;;;;;;;;1;;;;
12/08/2019;12:38:00;374;sem vítima;514;BR-153/GO;Sul;Colisão Traseira;2;;;;;;;;;;2;;;;
12/08/2019;16:59:00;523;sem vítima;504;BR-153/GO;Norte;Colisão Traseira;1;;;;1;;;;;;2;;;;
12/08/2019;17:10:00;528;sem vítima;99;BR-060/GO;Sul;Tombamento;;;1;;;;;;;;1;;;;
12/08/2019;23:13:00;664;com vítima;563;BR-262/MG;Leste;Choque - Talude;1;;;;;;;;;;0;;1;;
13/08/2019;00:08:00;4;com vítima;1,5;BR-060/DF;Norte;Choque - Poste/;1;;;;;;;;;;0;1;;;
13/08/2019;02:45:00;46;com vítima;768;BR-262/MG;Leste;Choque - Elemento de Drenagem;1;;;;;;;;;;0;1;;;
13/08/2019;08:05:00;134;com vítima;496;BR-153/GO;Sul;Queda de Moto;;;;1;;;;;;;0;1;;;
13/08/2019;08:07:00;136;sem vítima;506;BR-153/GO;Sul;Colisão Traseira;2;;;;;;;;;;4;;;;
13/08/2019;08:15:00;143;sem vítima;495;BR-153/GO;Sul;Queda de Moto;;;;1;;;;;;;1;;;;
13/08/2019;08:36:00;152;sem vítima;490;BR-153/GO;Norte;Colisão Lateral;2;;;;;;;;;;2;;;;
13/08/2019;09:29:00;192;sem vítima;500;BR-153/GO;Norte;Colisão Traseira;1;;1;;;;;;;;2;;;;
13/08/2019;10:48:00;262;sem vítima;500;BR-153/GO;Sul;Engavetamento;2;;1;;;;;;;;3;;;;
13/08/2019;11:03:00;275;sem vítima;499,5;BR-153/GO;Sul;Engavetamento;1;;;2;;;;;;;3;;;;
13/08/2019;11:08:00;281;sem vítima;108;BR-060/GO;Norte;Choque - Defensa, barreira ou "submarino";1;;;;;;;;;;1;;;;
13/08/2019;11:29:00;297;sem vítima;89;BR-153/MG;Norte;Colisão Traseira;;;2;;;;;;;;2;;;;
13/08/2019;13:12:00;361;sem vítima;725;BR-262/MG;Leste;Colisão Traseira;;;2;;;;;;;;2;;;;
13/08/2019;13:52:00;376;com vítima;513;BR-262/MG;Leste;Engavetamento;3;;1;;;;;;;;7;1;;;
13/08/2019;14:24:00;392;sem vítima;694;BR-262/MG;Oeste;Colisão Traseira;1;;1;;;;;;;;2;;;;
13/08/2019;15:00:00;416;sem vítima;417;BR-262/MG;Leste;Choque - Defensa, barreira ou "submarino";1;;;;;;;;;;1;;;;
13/08/2019;15:26:00;434;com vítima;763;BR-262/MG;Oeste;Objeto lançado contra veículo;2;;;;;;;;;1;5;1;;;
13/08/2019;17:59:00;513;sem vítima;507,9;BR-153/GO;Norte;Colisão Traseira;2;;;;;;;;;;2;;;;
13/08/2019;18:33:00;530;sem vítima;506;BR-153/GO;Norte;Colisão Traseira;2;;;;;;;;;;2;;;;
13/08/2019;18:53:00;544;sem vítima;506;BR-153/GO;Norte;Colisão Traseira;2;;;;;;;;;;2;;;;
13/08/2019;19:34:00;553;com vítima;444;BR-262/MG;Oeste;Colisão Transversal;;1;;1;;;;;;;1;1;;;
13/08/2019;20:25:00;576;sem vítima;524;BR-153/GO;Norte;Atropelamento de Animal;1;;;;;;;;;;2;;;;
13/08/2019;22:45:00;639;sem vítima;417,297;BR-262/MG;Leste;Atropelamento de Animal;;;1;;;;;;;;1;;;;
13/08/2019;23:40:00;652;sem vítima;577;BR-153/GO;Norte;Capotamento;1;;;;;;;;;;2;;;;
14/08/2019;02:04:00;32;com vítima;7,01;BR-060/DF;Norte;Tombamento;;;1;;;;;;;;0;1;;;
14/08/2019;03:04:00;37;sem vítima;556;BR-153/GO;Norte;Colisão Traseira;;;2;;;;;;;;2;;;;
14/08/2019;07:17:00;81;com vítima;6,767;BR-060/DF;Norte;Colisão Traseira;1;;;1;;;;;;;1;1;;;
14/08/2019;12:32:00;253;sem vítima;506;BR-153/GO;Sul;Capotamento;1;;;;;;;;;;1;;;;
14/08/2019;13:44:00;279;sem vítima;503,5;BR-153/GO;Sul;Colisão Traseira;1;;;;;1;;;;;2;;;;
14/08/2019;15:35:00;327;sem vítima;784;BR-262/MG;Oeste;Colisão Traseira;1;;;;;;;;;1;2;;;;
14/08/2019;18:27:00;411;sem vítima;393,7;BR-262/MG;Oeste;Colisão Lateral;1;;1;;;;;;;;2;;;;
14/08/2019;18:30:00;414;com vítima;506;BR-153/GO;Sul;Engavetamento;3;;;;;;;;;;4;;;1;
14/08/2019;19:10:00;431;sem vítima;496;BR-153/GO;Sul;Colisão Lateral;1;;1;;;;;;;;2;;;;
14/08/2019;21:00:00;483;com vítima;681,9;BR-153/GO;Sul;Atropelamento de Animal;;;1;;;;;;;;1;1;;;
14/08/2019;22:38:00;524;com vítima;148;BR-153/MG;Norte;Tombamento;;;1;;;;;;;;0;1;;;
15/08/2019;00:24:00;11;sem vítima;580;BR-153/GO;Norte;Colisão Traseira;;;2;;;;;;;;2;;;;
15/08/2019;05:54:00;102;sem vítima;492;BR-153/GO;Norte;Colisão Traseira;1;;1;;;;;;;;2;;;;
15/08/2019;07:18:00;133;com vítima;494;BR-153/GO;Sul;Engavetamento;3;;;;;;;;;;3;1;;;
15/08/2019;07:30:00;137;com vítima;510;BR-153/GO;Sul;Choque - Veiculo parado na pista;;;;1;1;;;;;;1;1;;;
15/08/2019;09:43:00;230;sem vítima;3;BR-060/DF;Sul;Colisão Traseira;2;;;;;1;;;;;3;;;;
15/08/2019;14:00:00;366;com vítima;537;BR-153/GO;Sul;Choque - Arvore;1;;;;;;;;;;1;2;;;
15/08/2019;14:17:00;373;com vítima;509;BR-262/MG;Leste;Queda de Moto;;;;1;;;;;;;0;;1;;
15/08/2019;14:28:00;380;sem vítima;58;BR-153/MG;Sul;Colisão Lateral;;;1;;;;;;;1;2;;;;
15/08/2019;14:38:00;386;sem vítima;23,7;BR-153/MG;Norte;Choque - Talude;;;;;;1;;;;1;2;;;;
15/08/2019;17:41:00;477;sem vítima;354;BR-262/MG;Leste;Engavetamento;3;;;;;;;;;;6;;;;
15/08/2019;23:28:00;624;sem vítima;116;BR-060/GO;Sul;Capotamento;1;;;;;;;;;;1;;;;
16/08/2019;07:00:00;101;sem vítima;440;BR-262/MG;Oeste;Colisão Traseira;1;;;;;1;;;;;2;;;;
16/08/2019;07:31:00;108;com vítima;500,6;BR-153/GO;Sul;Engavetamento;10;;;;;;;;;;9;1;;;
16/08/2019;07:50:00;117;com vítima;507,364;BR-153/GO;Norte;Colisão Traseira;1;;;1;;;;;;;1;1;;;
16/08/2019;08:44:00;157;sem vítima;18,5;BR-060/GO;Sul;Choque - Elemento de Drenagem;1;;;;;;;;;;2;;;;
16/08/2019;08:45:00;158;com vítima;515,38;BR-153/GO;Sul;Colisão Traseira;1;;;1;;1;;;;;2;1;;;
16/08/2019;10:57:00;228;sem vítima;78;BR-060/GO;Norte;Tombamento;1;;;;;;;;;;1;;;;
16/08/2019;11:34:00;253;sem vítima;78;BR-060/GO;Norte;Colisão Lateral;1;;1;;;;;;;;2;;;;
16/08/2019;12:26:00;284;sem vítima;727;BR-262/MG;Leste;Choque - Outros;;;;;;;;;;1;1;;;;
16/08/2019;12:42:00;298;com vítima;122,5;BR-153/MG;Norte;Tombamento;;;1;;;;;;;;0;1;;;
16/08/2019;13:54:00;336;sem vítima;500;BR-153/GO;Sul;Queda de Moto;;;;1;;;;;;;1;;;;
16/08/2019;18:18:00;488;com vítima;493;BR-153/GO;Sul;Queda de Moto;;;;1;;;;;;;0;2;;;
16/08/2019;19:30:00;519;sem vítima;388;BR-262/MG;Leste;Colisão Lateral;1;;1;;;;;;;;2;;;;
16/08/2019;19:56:00;531;sem vítima;59,3;BR-060/GO;Norte;Queda de Moto;;;;1;;;;;;;1;;;;
17/08/2019;03:23:00;41;sem vítima;494;BR-262/MG;Leste;Colisão Traseira;1;;;;;1;;;;;3;;;;
17/08/2019;03:39:00;43;com vítima;531,9;BR-262/MG;Oeste;Capotamento;1;;;;;;;;;;0;2;1;;
17/08/2019;10:33:00;206;sem vítima;692;BR-153/GO;Norte;Colisão Traseira;2;;;;;;;;;;6;;;;
17/08/2019;12:17:00;256;sem vítima;497;BR-153/GO;Norte;Colisão Traseira;2;;;;;;;;;;2;;;;
17/08/2019;13:51:00;296;sem vítima;685;BR-153/GO;Norte;Colisão Traseira;1;;1;;;;;;;;5;;;;
17/08/2019;15:56:00;370;com vítima;108,417;BR-060/GO;Norte;Colisão Lateral;1;;;1;;;;;;;1;;1;1;
17/08/2019;19:30:00;458;com vítima;443;BR-262/MG;Oeste;Atropelamento - Usuário;1;;;;;;;;;;1;1;;;
17/08/2019;19:50:00;464;sem vítima;444;BR-262/MG;Leste;Colisão Traseira;2;;;;;;;;;;2;;;;
18/08/2019;01:14:00;16;com vítima;3;BR-060/DF;Sul;Queda de Moto;1;;;1;;;;;;;1;1;;;
18/08/2019;02:14:00;27;sem vítima;29;BR-153/MG;Sul;Choque - Veiculo parado na pista;;;2;;;;;;;;2;;;;
18/08/2019;03:20:00;36;sem vítima;355;BR-262/MG;Oeste;Choque - Defensa, barreira ou "submarino";1;;;;;;;;;;1;;;;
18/08/2019;06:25:00;58;sem vítima;137;BR-060/GO;Sul;Choque - Defensa, barreira ou "submarino";1;;;;;;;;;;1;;;;
18/08/2019;11:23:00;187;sem vítima;535;BR-153/GO;Norte;Choque - Elemento de Drenagem;1;;;;;1;;;;;2;;;;
18/08/2019;15:58:00;333;com vítima;608;BR-153/GO;Norte;Queda de Ciclista;;1;;;;;;;;;0;1;;;
18/08/2019;19:33:00;470;sem vítima;518;BR-153/GO;Norte;Capotamento;1;;;;;;;;;;2;;;;
18/08/2019;19:52:00;482;com vítima;32;BR-060/GO;Sul;Colisão Traseira;2;;;;;;;;;;0;2;;;
18/08/2019;20:06:00;495;com vítima;70,345;BR-060/GO;Sul;Capotamento;1;;;;;;;;;;0;1;;;
18/08/2019;20:22:00;503;com vítima;510;BR-262/MG;Oeste;Colisão Frontal;2;;;;;;;;;;0;;1;3;
18/08/2019;22:46:00;560;com vítima;467;BR-262/MG;Leste;Colisão Lateral;1;;1;;;;;;;;1;3;;;
18/08/2019;23:52:00;585;sem vítima;79;BR-060/GO;Sul;Choque - Objeto sobre a pista;1;;;;;;;;;;1;;;;
19/08/2019;00:10:00;1;sem vítima;79;BR-060/GO;Sul;Choque - Objeto sobre a pista;1;;;;;;;;;;1;;;;
19/08/2019;00:44:00;15;sem vítima;79;BR-060/GO;Sul;Choque - Objeto sobre a pista;1;;;;;;;;;;1;;;;
19/08/2019;07:48:00;158;sem vítima;81,1;BR-153/MG;Norte;Choque - Defensa, barreira ou "submarino";;;1;;;;;;;;1;;;;
19/08/2019;08:35:00;195;sem vítima;495,5;BR-153/GO;Sul;Queda de Moto;;;;1;;;;;;;1;;;;
19/08/2019;09:20:00;224;sem vítima;505,45;BR-153/GO;Sul;Colisão Lateral;1;;1;;;;;;;;3;;;;
19/08/2019;11:30:00;309;sem vítima;119;BR-060/GO;Sul;Colisão Traseira;2;;1;;;;;;;;6;;;;
19/08/2019;12:16:00;329;com vítima;2;BR-060/DF;Norte;Colisão Transversal;;1;;1;;;;;;;1;1;;;
19/08/2019;13:51:00;369;sem vítima;520;BR-262/MG;Leste;Colisão Lateral;1;;;;;1;;;;;3;;;;
19/08/2019;15:33:00;425;sem vítima;547;BR-262/MG;Leste;Tombamento;;;1;;;;;;;;1;;;;
19/08/2019;19:44:00;532;com vítima;438;BR-262/MG;Leste;Atropelamento - Usuário;;;;1;;;;;;;0;2;;;
20/08/2019;08:13:00;147;com vítima;138;BR-060/GO;Norte;Atropelamento - Ciclista;;1;;1;;;;;;;1;1;;;
20/08/2019;10:39:00;278;com vítima;520;BR-262/MG;Oeste;Colisão Lateral;1;;1;;;;;;;;2;2;;;
20/08/2019;12:12:00;331;sem vítima;26;BR-153/MG;Sul;Colisão Lateral;;;1;;;;;;1;;2;;;;
20/08/2019;12:16:00;333;sem vítima;500,8;BR-153/GO;Norte;Colisão Traseira;;;;1;;;;;;1;3;;;;
20/08/2019;20:12:00;557;sem vítima;474,7;BR-262/MG;Leste;Colisão Lateral;;;1;;1;;;;;;3;;;;
20/08/2019;22:03:00;594;sem vítima;507,5;BR-153/GO;Sul;Colisão Lateral;1;;;1;;;;;;;2;;;;
20/08/2019;22:53:00;605;sem vítima;46;BR-153/MG;Norte;Colisão Traseira;;;2;;;;;;;;2;;;;
20/08/2019;23:35:00;615;sem vítima;491;BR-153/GO;Norte;Choque - Defensa, barreira ou "submarino";1;;;;;1;;;;;2;;;;
21/08/2019;01:07:00;17;sem vítima;850,6;BR-262/MG;Oeste;Tombamento;;;1;;;;;;;;1;;;;
21/08/2019;01:58:00;30;sem vítima;389;BR-262/MG;Leste;Choque - Outros;;;1;;;;;;;;1;;;;
21/08/2019;06:37:00;63;sem vítima;900;BR-262/MG;Oeste;Choque - Talude;;;;;1;;;;;;5;;;;
21/08/2019;07:37:00;87;sem vítima;26;BR-060/GO;Norte;Colisão Lateral;1;;1;;;;;;;;4;;;;
21/08/2019;09:40:00;155;sem vítima;400;BR-262/MG;Oeste;Queda de Moto;;;;1;;;;;;;1;;;;
21/08/2019;10:14:00;173;com vítima;505,3;BR-153/GO;Norte;Queda de Moto;;;;1;;;;;;;0;1;;;
21/08/2019;11:49:00;226;sem vítima;124;BR-060/GO;Norte;Queda de Moto;;;;1;;;;;;;1;;;;
21/08/2019;12:25:00;237;sem vítima;638;BR-262/MG;Oeste;Colisão Traseira;1;;1;;;;;;;;2;;;;
21/08/2019;16:41:00;342;com vítima;501,4;BR-153/GO;Sul;Colisão Traseira;;;1;1;;;;;;;1;1;;;
21/08/2019;17:18:00;365;com vítima;494,5;BR-153/GO;Norte;Choque - Veiculo parado no acostamento;1;;;1;;;;;;;3;;;1;
21/08/2019;18:43:00;397;com vítima;93;BR-060/GO;Norte;Colisão Lateral;1;;;1;;;;;;;1;;1;;
21/08/2019;19:21:00;411;com vítima;2;BR-060/DF;Norte;Colisão Transversal;2;;;;;;;;;;2;;1;;
21/08/2019;23:26:00;498;com vítima;513,496;BR-153/GO;Sul;Queda de Moto;;;;1;;;;;;;0;1;;;
21/08/2019;23:53:00;503;sem vítima;513;BR-153/GO;Sul;Colisão Traseira;1;;;;1;;;;;;2;;;;
22/08/2019;00:45:00;14;sem vítima;622;BR-262/MG;Oeste;Saida de Pista;;;1;;;;;;;;1;;;;
22/08/2019;01:31:00;29;sem vítima;545;BR-153/GO;Norte;Choque - Elemento de Drenagem;1;;;;;;;;;;1;;;;
22/08/2019;06:26:00;76;com vítima;568;BR-262/MG;Leste;Colisão Frontal;;;2;;;;;;;;0;;;;2
22/08/2019;06:47:00;85;sem vítima;567,5;BR-262/MG;Oeste;Choque - Talude;;;1;;;;;;;;1;;;;
22/08/2019;07:05:00;87;sem vítima;495,3;BR-153/GO;Sul;Colisão Traseira;1;;;;;;;;;1;3;;;;
22/08/2019;07:10:00;89;sem vítima;508,9;BR-153/GO;Norte;Queda de Moto;;;;1;;;;;;;1;;;;
22/08/2019;07:50:00;108;com vítima;848,45;BR-262/MG;Oeste;Tombamento;;;1;;;;;;;;0;;;;1
22/08/2019;08:05:00;117;sem vítima;497;BR-153/GO;Norte;Queda de Moto;;;;1;;;;;;;1;;;;
22/08/2019;08:10:00;123;com vítima;515;BR-153/GO;Norte;Colisão Lateral;;;;1;;;;;;1;1;1;;;
22/08/2019;08:13:00;124;com vítima;498;BR-153/GO;Norte;Colisão Traseira;1;;;1;;;;;;;2;1;;;
22/08/2019;09:50:00;195;sem vítima;500;BR-153/GO;Sul;Engavetamento;3;;;;;;;;;;3;;;;
22/08/2019;09:52:00;196;sem vítima;500;BR-153/GO;Sul;Colisão Traseira;2;;;;;;;;;;2;;;;
22/08/2019;11:23:00;247;com vítima;742;BR-262/MG;Oeste;Queda de Moto;;;;1;;;;;;;0;1;;;
22/08/2019;13:30:00;314;com vítima;671,5;BR-262/MG;Oeste;Colisão Lateral;1;;;1;;;;;;;1;;1;;
22/08/2019;13:36:00;317;com vítima;491;BR-153/GO;Norte;Colisão Traseira;;;;1;;1;;;;;1;1;;;
22/08/2019;13:39:00;320;sem vítima;594;BR-153/GO;Sul;Colisão Lateral;;;1;;;;;;;1;2;;;;
22/08/2019;13:48:00;326;sem vítima;532,4;BR-153/GO;Sul;Objeto lançado contra veículo;2;;;;;;;;;;2;;;;
22/08/2019;15:52:00;385;sem vítima;752;BR-262/MG;Oeste;Engavetamento;;;3;;;;;;;;3;;;;
22/08/2019;16:40:00;411;sem vítima;12,3;BR-060/DF;Sul;Colisão Traseira;;;1;;1;;;;;;2;;;;
22/08/2019;17:07:00;418;sem vítima;415,5;BR-262/MG;Oeste;Saida de Pista;1;;;;;;;;;;1;;;;
22/08/2019;18:28:00;461;sem vítima;502;BR-153/GO;Sul;Colisão Traseira;2;;;;;;;;;;2;;;;
22/08/2019;18:55:00;476;sem vítima;551;BR-262/MG;Leste;Colisão Lateral;;;2;;;;;;;;2;;;;
22/08/2019;20:47:00;526;com vítima;494;BR-153/GO;Norte;Queda de Moto;;;;1;;;;;;;0;1;;;
22/08/2019;21:31:00;551;com vítima;136,2;BR-060/GO;Sul;Queda de Moto;;;;1;;;;;;;1;1;;;
22/08/2019;22:31:00;588;com vítima;23,87;BR-153/MG;Norte;Choque - Talude;;;1;;;;;;;;0;1;;;
22/08/2019;22:45:00;600;sem vítima;57;BR-060/GO;Sul;Colisão Traseira;;;2;;;;;;;;2;;;;
23/08/2019;00:27:00;11;com vítima;496;BR-153/GO;Norte;Colisão Traseira;1;;;1;;;;;;;1;2;;;
23/08/2019;05:41:00;82;sem vítima;485,406;BR-262/MG;Oeste;Colisão Lateral;1;;1;;;;;;;;2;;;;
23/08/2019;07:20:00;120;sem vítima;365;BR-262/MG;Leste;Colisão Lateral;1;;1;;;;;;;;2;;;;
23/08/2019;09:02:00;185;sem vítima;463;BR-262/MG;Leste;Colisão Traseira;;;1;;1;;;;;;20;;;;
23/08/2019;09:20:00;196;sem vítima;505,9;BR-153/GO;Sul;Colisão Lateral;2;;1;;;;;;;;3;;;;
23/08/2019;11:37:00;275;sem vítima;736;BR-262/MG;Oeste;Choque - Elemento de Drenagem;;;1;;;;;;;;1;;;;
23/08/2019;16:08:00;413;sem vítima;193;BR-153/MG;Sul;Engavetamento;1;;2;;;;;;;;4;;;;
23/08/2019;16:59:00;441;sem vítima;136;BR-060/GO;Sul;Capotamento;1;;;;;;;;;;1;;;;
23/08/2019;17:01:00;442;sem vítima;498;BR-153/GO;Sul;Engavetamento;2;;;;;;;;;1;3;;;;
23/08/2019;17:59:00;471;sem vítima;24;BR-060/DF;Sul;Saida de Pista;1;;;;;;;;;;3;;;;
23/08/2019;19:36:00;523;sem vítima;506;BR-153/GO;Sul;Colisão Traseira;2;;;;;;;;;;2;;;;
23/08/2019;19:38:00;524;sem vítima;498;BR-153/GO;Sul;Colisão Traseira;2;;;;;;;;;;4;;;;
23/08/2019;19:39:00;527;com vítima;426,543;BR-262/MG;Oeste;Atropelamento - Sem Informação;1;;;;;;;;;;2;;;;1
24/08/2019;00:44:00;17;com vítima;386,7;BR-262/MG;Oeste;Capotamento;1;;;;;;;;;;0;1;;;
24/08/2019;02:38:00;60;sem vítima;689,3;BR-262/MG;Leste;Choque - Talude;1;;;;;;;;;;1;;;;
24/08/2019;03:52:00;71;sem vítima;493;BR-153/GO;Norte;Colisão Lateral;;;;1;;1;;;;;2;;;;
24/08/2019;07:00:00;104;sem vítima;21;BR-153/MG;Norte;Colisão Traseira;2;;1;;;;;;;;3;;;;
24/08/2019;07:36:00;115;com vítima;495;BR-153/GO;Norte;Atropelamento - Outros;;;1;;;;;;;;1;;1;;
24/08/2019;12:01:00;268;sem vítima;477;BR-262/MG;Leste;Colisão Lateral;2;;;;;;;;;;2;;;;
24/08/2019;12:23:00;277;sem vítima;632;BR-153/GO;Sul;Colisão Traseira;1;;1;;;;;;;;2;;;;
24/08/2019;12:25:00;278;com vítima;97;BR-060/GO;Sul;Colisão Lateral;;;;2;;;;;;;1;1;;;
24/08/2019;13:42:00;312;sem vítima;121,556;BR-060/GO;Norte;Choque - Suporte de Sinalização;2;;;;;;;;;;4;;;;
24/08/2019;17:37:00;435;com vítima;33;BR-060/GO;Norte;Choque - Defensa, barreira ou "submarino";1;;;;;;;;;;0;2;;;
24/08/2019;18:33:00;457;com vítima;433;BR-262/MG;Leste;Atropelamento - Sem Informação;;;1;;;;;;;;1;;;;1
24/08/2019;18:50:00;468;sem vítima;505;BR-153/GO;Sul;Colisão Traseira;1;;;;;1;;;;;2;;;;
24/08/2019;20:05:00;513;com vítima;36,1;BR-060/GO;Sul;Capotamento;1;;;;;;;;;;0;;1;;
24/08/2019;20:27:00;525;sem vítima;0;BR-060/GO;Norte;Choque - Objeto sobre a pista;1;;;;;;;;;;1;;;;
24/08/2019;20:36:00;533;sem vítima;512;BR-153/GO;Norte;Choque - Suporte de Sinalização;1;;;;;;;;;;1;;;;