data;horario;n_da_ocorrencia;tipo_de_ocorrencia;km;trecho;sentido;tipo_de_acidente;automovel;bicicleta;caminhao;moto;onibus;outros;tracao_animal;transporte_de_cargas_especiais;trator_maquinas;utilitarios;ilesos;levemente_feridos;moderadamente_feridos;gravemente_feridos;mortos
24/08/2019;21:36:00;579;sem vítima;399;BR-262/MG;Leste;Choque - Defensa, barreira ou "submarino";1;;;;;;;;;;1;;;;
24/08/2019;23:14:00;637;sem vítima;69;BR-153/MG;Sul;Colisão Lateral;2;;;;;;;;;;5;;;;
25/08/2019;04:33:00;58;com vítima;783;BR-262/MG;Leste;Choque - Talude;1;;;;;;;;;;0;1;;;
25/08/2019;04:33:00;59;com vítima;711;BR-262/MG;Leste;Colisão Traseira;2;;;;;;;;;;4;1;2;;1
25/08/2019;05:34:00;63;sem vítima;441;BR-262/MG;Leste;Capotamento;1;;;;;;;;;;1;;;;
25/08/2019;07:20:00;82;sem vítima;507;BR-153/GO;Norte;Capotamento;1;;;;;;;;;;1;;;;
25/08/2019;08:01:00;92;sem vítima;631;BR-153/GO;Sul;Colisão Traseira;1;;1;;;;;;;;2;;;;
25/08/2019;08:10:00;97;com vítima;5,809;BR-060/DF;Sul;Choque - Talude;1;;;;;;;;;;0;;;1;
25/08/2019;08:55:00;116;sem vítima;631;BR-262/MG;Leste;Colisão Lateral;1;;1;;;;;;;;2;;;;
25/08/2019;13:18:00;223;sem vítima;511,4;BR-153/GO;Sul;Colisão Lateral;1;;;;;;;;;1;3;;;;
25/08/2019;16:19:00;311;sem vítima;525;BR-153/GO;Norte;Choque - Elemento de Drenagem;1;;;;;1;;;;;5;;;;
25/08/2019;17:03:00;337;sem vítima;411;BR-262/MG;Leste;Atropelamento de Animal;1;;;;;;;;;;1;;;;
25/08/2019;17:45:00;365;sem vítima;490,937;BR-153/GO;Norte;Colisão Traseira;1;;1;;;;;;;;2;;;;
25/08/2019;18:02:00;377;com vítima;554;BR-153/GO;Sul;Queda de Moto;;;;1;;;;;;;1;1;;;
25/08/2019;18:31:00;393;com vítima;245;BR-153/MG;Norte;Colisão Frontal;2;;;1;;;;;;;4;3;1;;
25/08/2019;19:33:00;417;sem vítima;520;BR-153/GO;Sul;Choque - Talude;1;;;;;;;;;;1;;;;
25/08/2019;20:33:00;443;sem vítima;446,5;BR-262/MG;Oeste;Capotamento;1;;;;;;;;;;1;;;;
25/08/2019;21:15:00;466;sem vítima;446;BR-262/MG;Leste;Colisão Traseira;1;;;;;1;;;;;2;;;;
25/08/2019;23:39:00;517;sem vítima;360,5;BR-262/MG;Oeste;Choque - Elemento de Drenagem;1;;;;;;;;;;1;;;;
26/08/2019;01:00:00;15;sem vítima;810,7;BR-262/MG;Oeste;Choque - Defensa, barreira ou "submarino";1;;;;;;;;;;1;;;;
26/08/2019;01:54:00;19;sem vítima;434;BR-262/MG;Leste;Choque - Elemento de Drenagem;1;;;;;;;;;;1;;;;
26/08/2019;03:20:00;32;sem vítima;655;BR-153/GO;Norte;Atropelamento de Animal;;;;;;;;;;1;1;;;;
26/08/2019;07:31:00;66;com vítima;41,8;BR-060/GO;Norte;Queda de Moto;;;;1;;;;;;;0;;;1;
26/08/2019;07:44:00;75;sem vítima;502,8;BR-153/GO;Norte;Colisão Traseira;1;;;;;1;;;;;2;;;;
26/08/2019;08:02:00;85;sem vítima;717;BR-262/MG;Oeste;Saida de Pista;1;;;;;;;;;;2;;;;
26/08/2019;11:05:00;185;sem vítima;619;BR-262/MG;Leste;Saida de Pista;1;;;;;1;;;;;2;;;;
26/08/2019;12:12:00;215;sem vítima;500,8;BR-153/GO;Sul;Colisão Traseira;;;;;;1;;;;1;2;;;;
26/08/2019;12:39:00;219;sem vítima;393,95;BR-262/MG;Oeste;Colisão Lateral;1;;1;;;;;;;;2;;;;
26/08/2019;12:50:00;226;sem vítima;118;BR-060/GO;Sul;Colisão Lateral;2;;;;;;;;;;6;;;;
26/08/2019;13:02:00;232;sem vítima;108;BR-153/MG;Sul;Colisão Transversal;1;;1;;;;;;;;2;;;;
26/08/2019;14:23:00;265;com vítima;428,9;BR-262/MG;Leste;Queda de Moto;;;;1;;;;;;;0;2;;;
26/08/2019;14:25:00;267;sem vítima;118;BR-060/GO;Norte;Colisão Traseira;2;;;;;;;;;;2;;;;
26/08/2019;14:50:00;276;com vítima;360;BR-262/MG;Oeste;Queda de Moto;;;;1;;;;;;;0;1;1;;
26/08/2019;15:07:00;281;com vítima;496;BR-153/GO;Norte;Atropelamento - Ciclista;;1;;;;1;;;;;1;;1;;
26/08/2019;15:08:00;282;sem vítima;132;BR-060/GO;Norte;Choque - Suporte de Sinalização;1;;;;;;;;;;1;;;;
26/08/2019;16:22:00;313;com vítima;636;BR-262/MG;Oeste;Capotamento;1;;;;;;;;;;0;1;;;
26/08/2019;16:31:00;323;com vítima;530,1;BR-153/GO;Norte;Capotamento;1;;;;;;;;;;0;1;;;
26/08/2019;17:48:00;365;com vítima;510,7;BR-153/GO;Sul;Colisão Lateral;;;1;1;;;;;;;1;;1;;
26/08/2019;18:55:00;395;com vítima;496;BR-153/GO;Sul;Queda de Moto;;;;1;;;;;;;0;;;1;
26/08/2019;19:03:00;399;com vítima;508,3;BR-153/GO;Norte;Colisão Traseira;1;;1;1;;;;;;;4;;;;1
26/08/2019;22:40:00;490;sem vítima;97,558;BR-060/GO;Sul;Choque - Defensa, barreira ou "submarino";;;2;;;;;;;;2;;;;
27/08/2019;00:23:00;11;sem vítima;509;BR-153/GO;Norte;Colisão Traseira;2;;;;;;;;;;2;;;;
27/08/2019;02:30:00;43;sem vítima;748;BR-262/MG;Oeste;Tombamento;;;1;;;;;;;;1;;;;
27/08/2019;07:42:00;112;sem vítima;494;BR-153/GO;Sul;Colisão Traseira;2;;;;;;;;;;3;;;;
27/08/2019;07:45:00;117;com vítima;505,9;BR-153/GO;Norte;Colisão Traseira;;;1;1;;1;;;;;2;;;1;
27/08/2019;08:57:00;189;com vítima;130;BR-060/GO;Sul;Capotamento;1;;;;;;;;;;0;;;1;
27/08/2019;10:57:00;272;com vítima;505,15;BR-153/GO;Norte;Colisão Lateral;1;;;1;;;;;;;1;1;;;
27/08/2019;14:00:00;380;sem vítima;22;BR-060/DF;Sul;Choque - Talude;1;;;;;;;;;;1;;;;
27/08/2019;14:49:00;397;com vítima;814;BR-262/MG;Leste;Capotamento;1;;;;;;;;;;0;1;;;
27/08/2019;15:54:00;435;sem vítima;3;BR-153/MG;Sul;Choque - Outros;1;;;;;;;;;;1;;;;
27/08/2019;15:55:00;437;sem vítima;585,8;BR-262/MG;Leste;Choque - Arvore;1;;;;;;;;;;1;;;;
27/08/2019;16:40:00;470;sem vítima;494,2;BR-153/GO;Norte;Choque - Defensa, barreira ou "submarino";;;1;;;;;;;;1;;;;
27/08/2019;18:01:00;512;sem vítima;501;BR-153/GO;Sul;Colisão Traseira;2;;;;;;;;;;3;;;;
27/08/2019;19:17:00;548;sem vítima;503;BR-153/GO;Sul;Engavetamento;1;;1;;;;;;;1;3;;;;
27/08/2019;20:09:00;571;sem vítima;450;BR-262/MG;Oeste;Choque - Elemento de Drenagem;1;;1;;;;;;;;2;;;;
27/08/2019;21:46:00;616;sem vítima;601,5;BR-262/MG;Leste;Atropelamento de Animal;;;1;;;;;;;;1;;;;
27/08/2019;22:19:00;625;com vítima;96,619;BR-060/GO;Sul;Colisão Lateral;1;;;1;;;;;;;1;1;;;
28/08/2019;09:02:00;190;com vítima;499;BR-153/GO;Sul;Queda de Moto;;;;1;;;;;;;0;1;1;;
28/08/2019;09:34:00;210;sem vítima;499;BR-153/GO;Sul;Colisão Traseira;2;;;;;;;;;;2;;;;
28/08/2019;10:56:00;271;com vítima;572;BR-153/GO;Sul;Tombamento;;;1;;;;;;;1;1;2;;;
28/08/2019;13:26:00;346;sem vítima;774;BR-262/MG;Leste;Colisão Lateral;;;2;;;;;;;;2;;;;
28/08/2019;17:32:00;436;sem vítima;358;BR-262/MG;Leste;Colisão Traseira;2;;;;;;;;;;5;;;;
28/08/2019;18:45:00;466;sem vítima;423;BR-262/MG;Leste;Atropelamento de Animal;1;;;;;;;;;;1;;;;
28/08/2019;19:44:00;491;com vítima;810,5;BR-262/MG;Oeste;Colisão Traseira;2;;;;;;;;;;0;5;;;
28/08/2019;19:54:00;496;sem vítima;96;BR-060/GO;Norte;Colisão Traseira;2;;;;;;;;;;4;;;;
28/08/2019;22:19:00;533;sem vítima;359,5;BR-262/MG;Leste;Choque - Elemento de Drenagem;1;;;;;1;;;;;3;;;;
29/08/2019;04:00:00;55;com vítima;30,5;BR-153/MG;Sul;Tombamento;;;1;;;;;;;;0;;1;;
29/08/2019;04:05:00;57;sem vítima;390;BR-262/MG;Oeste;Choque - Elemento de Drenagem;1;;;;;;;;;;1;;;;
29/08/2019;05:35:00;71;sem vítima;443;BR-262/MG;Oeste;Atropelamento de Animal;;;1;;;;;;;;1;;;;
29/08/2019;08:07:00;141;com vítima;4;BR-060/DF;Norte;Colisão Traseira;1;;;1;;;;;;;2;1;;;
29/08/2019;11:17:00;256;com vítima;219;BR-153/MG;Norte;Colisão Traseira;;;2;;;;;;;;1;1;;;
29/08/2019;12:38:00;287;sem vítima;101;BR-060/GO;Sul;Colisão Traseira;2;;;;;;;;;;2;;;;
29/08/2019;13:28:00;307;com vítima;356;BR-262/MG;Oeste;Capotamento;1;;;;;;;;;;0;2;;;
29/08/2019;13:37:00;317;sem vítima;129;BR-060/GO;Sul;Choque - Talude;;;1;;;;;;;;1;;;;
29/08/2019;15:18:00;366;sem vítima;438;BR-262/MG;Oeste;Colisão Transversal;1;;1;;;;;;;;2;;;;
29/08/2019;15:19:00;368;sem vítima;693;BR-262/MG;Oeste;Engavetamento;;;;;;;;;;3;4;;;;
29/08/2019;18:55:00;464;sem vítima;106;BR-060/GO;Norte;Queda de Moto;;;;1;;;;;;;2;;;;
29/08/2019;19:55:00;493;sem vítima;87,8;BR-060/GO;Sul;Choque - Elemento de Drenagem;1;;;;;2;;;;;3;;;;
29/08/2019;20:11:00;501;sem vítima;508;BR-153/GO;Norte;Colisão Lateral;1;;1;;;;;;;;2;;;;
29/08/2019;21:56:00;548;sem vítima;130;BR-153/MG;Sul;Colisão Traseira;;;2;;;;;;;;2;;;;
30/08/2019;00:00:00;2;com vítima;11,275;BR-060/GO;Sul;Colisão Traseira;;;2;;;;;;;;1;1;;;
30/08/2019;06:25:00;71;sem vítima;25,7;BR-060/GO;Sul;Capotamento;1;;;;;;;;;;1;;;;
30/08/2019;06:46:00;77;sem vítima;542;BR-153/GO;Sul;Capotamento;1;;;;;;;;;;1;;;;
30/08/2019;08:08:00;105;com vítima;495,8;BR-153/GO;Sul;Colisão Traseira;1;;1;1;;;;;;;3;;;;1
30/08/2019;08:12:00;108;com vítima;495,5;BR-153/GO;Sul;Colisão Traseira;2;;;;;;;;;;3;1;;;
30/08/2019;10:07:00;181;com vítima;540;BR-153/GO;Norte;Capotamento;1;;;;;;;;;;2;2;1;;
30/08/2019;11:48:00;221;sem vítima;800,8;BR-262/MG;Oeste;Colisão Traseira;;;2;;;;;;;;2;;;;
30/08/2019;12:16:00;233;sem vítima;367;BR-262/MG;Leste;Choque - Arvore;1;;;;;;;;;;2;;;;
30/08/2019;12:31:00;239;com vítima;110;BR-060/GO;Norte;Colisão Traseira;1;;;;;;;;;1;4;1;;;
30/08/2019;13:56:00;278;com vítima;92,1;BR-060/GO;Norte;Colisão Traseira;1;;1;;;;;;;;2;1;;;
30/08/2019;14:22:00;294;sem vítima;360;BR-262/MG;Oeste;Choque - Defensa, barreira ou "submarino";1;;;;;;;;;;1;;;;
30/08/2019;15:42:00;347;com vítima;99;BR-060/GO;Norte;Colisão Lateral;1;;;1;;;;;;;1;1;;;
30/08/2019;19:04:00;467;sem vítima;501;BR-153/GO;Sul;Colisão Traseira;3;;;;;;;;;;8;;;;
31/08/2019;04:25:00;66;com vítima;520;BR-153/GO;Norte;Colisão Frontal;2;;;;;;;;;;3;1;;;
31/08/2019;11:46:00;221;com vítima;245;BR-153/MG;Sul;Colisão Transversal;1;;;1;;;;;;;1;1;;;
31/08/2019;12:21:00;236;com vítima;507,6;BR-153/GO;Norte;Atropelamento - Andarilho;1;;;;;;;;;;1;;1;;
31/08/2019;14:22:00;282;sem vítima;7;BR-060/DF;Sul;Colisão Lateral;1;;1;;;;;;;;6;;;;
31/08/2019;20:08:00;456;sem vítima;130;BR-153/MG;Norte;Colisão Lateral;2;;;;;;;;;;4;;;;
01/07/2019;00:48:00;15;com vítima;57,939;BR-153/MG;Sul;Tombamento;;;1;;;;;;;;0;1;;;
01/07/2019;01:59:00;33;sem vítima;575;BR-262/MG;Leste;Saida de Pista;;;1;;;;;;;;1;;;;
01/07/2019;03:14:00;46;com vítima;5;BR-060/DF;Sul;Queda de Moto;;;;1;;;;;;;0;2;;;
01/07/2019;06:26:00;67;sem vítima;9;BR-060/DF;Sul;Colisão Traseira;;;1;1;;;;;;;2;;;;
01/07/2019;07:46:00;92;com vítima;693,5;BR-153/GO;Norte;Capotamento;1;;;;;;;;;;0;;1;;
01/07/2019;07:51:00;96;com vítima;511,372;BR-153/GO;Sul;Colisão Lateral;1;;;1;;;;;;;1;1;;;
01/07/2019;07:53:00;99;com vítima;82,266;BR-060/GO;Sul;Capotamento;1;;;;;;;;;;0;1;;;
01/07/2019;09:03:00;135;com vítima;504,5;BR-153/GO;Norte;Queda de Moto;;;;1;;;;;;;1;1;;;
01/07/2019;09:32:00;158;sem vítima;557;BR-153/GO;Norte;Choque - Elemento de Drenagem;1;;;;;;;;;;2;;;;
01/07/2019;11:11:00;218;sem vítima;99,8;BR-060/GO;Norte;Choque - Defensa, barreira ou "submarino";1;;1;;;;;;;;2;;;;
01/07/2019;13:14:00;272;sem vítima;422;BR-262/MG;Leste;Choque - Defensa, barreira ou "submarino";;;;;;;;;;1;1;;;;
01/07/2019;13:37:00;289;sem vítima;445;BR-262/MG;Leste;Colisão Traseira;1;;;1;;;;;;;2;;;;
01/07/2019;16:32:00;366;com vítima;472,884;BR-262/MG;Leste;Colisão Lateral;;;2;;;;;;;;1;;;;1
01/07/2019;16:33:00;368;com vítima;529,5;BR-153/GO;Sul;Queda de Moto;;;;1;;;;;;;0;1;;;
01/07/2019;20:30:00;488;com vítima;512;BR-153/GO;Sul;Queda de Moto;;;;1;;;;;;;0;1;;;
02/07/2019;01:33:00;18;sem vítima;47,382;BR-153/MG;Sul;Choque - Defensa, barreira ou "submarino";;;1;;;;;;;;3;;;;
02/07/2019;07:00:00;60;sem vítima;514;BR-153/GO;Norte;Colisão Lateral;2;;;;;;;;;;2;;;;
02/07/2019;07:22:00;69;sem vítima;494;BR-153/GO;Norte;Colisão Traseira;1;;1;;;;;;;;2;;;;
02/07/2019;08:04:00;94;sem vítima;115,5;BR-060/GO;Norte;Colisão Traseira;1;;;;;1;;;;;2;;;;
02/07/2019;08:14:00;103;sem vítima;472,289;BR-262/MG;Oeste;Colisão Traseira;1;;1;;;;;;;;3;;;;
02/07/2019;09:56:00;172;sem vítima;496;BR-153/GO;Sul;Colisão Traseira;2;;;;;;;;;;2;;;;
02/07/2019;11:53:00;239;com vítima;92;BR-060/GO;Norte;Queda de Moto;;;;1;;;;;;;0;1;;;
02/07/2019;16:21:00;350;com vítima;496,175;BR-262/MG;Leste;Capotamento;1;;;;;;;;;;0;1;;;
02/07/2019;18:07:00;419;sem vítima;136,26;BR-060/GO;Norte;Saida de Pista;1;;;;;;;;;;1;;;;
02/07/2019;18:35:00;427;sem vítima;505;BR-153/GO;Sul;Colisão Lateral;1;;1;;;;;;;;2;;;;
03/07/2019;01:13:00;13;sem vítima;353;BR-262/MG;Leste;Colisão Traseira;1;;1;;;;;;;;2;;;;
03/07/2019;05:24:00;56;sem vítima;534,941;BR-153/GO;Norte;Colisão Traseira;;;2;;;;;;;;2;;;;
03/07/2019;07:40:00;85;sem vítima;92,9;BR-060/GO;Sul;Colisão Traseira;1;;;1;;;;;;;2;;;;
03/07/2019;08:22:00;109;sem vítima;550;BR-262/MG;Leste;Choque - Defensa, barreira ou "submarino";;;1;;;;;;;;1;;;;
03/07/2019;08:27:00;116;sem vítima;778;BR-262/MG;Leste;Colisão Traseira;;;2;;;;;;;;2;;;;
03/07/2019;10:22:00;172;sem vítima;69;BR-153/MG;Norte;Colisão Transversal;2;;;;;;;;;;6;;;;
03/07/2019;11:37:00;199;sem vítima;568,1;BR-153/GO;Norte;Saida de Pista;1;;;;;;;;;;5;;;;
03/07/2019;15:03:00;306;com vítima;508,7;BR-153/GO;Norte;Colisão Traseira;1;;;1;;;;;;;1;1;;;
03/07/2019;18:28:00;413;sem vítima;530;BR-153/GO;Norte;Tombamento;;;1;;;;;;;;1;;;;
03/07/2019;20:47:00;470;sem vítima;444;BR-262/MG;Oeste;Atropelamento de Animal;;;1;;;;;;;;1;;;;
03/07/2019;20:50:00;474;com vítima;564;BR-153/GO;Sul;Queda de Moto;;;;1;;;;;;;0;1;;;
03/07/2019;21:04:00;477;com vítima;547,2;BR-262/MG;Leste;Tombamento;;;1;;;;;;;;0;2;;;
03/07/2019;21:15:00;484;sem vítima;786;BR-262/MG;Leste;Colisão Traseira;1;;1;;;;;;;;2;;;;
03/07/2019;22:06:00;494;com vítima;455;BR-262/MG;Oeste;Colisão Frontal;1;;1;;;;;;;;1;;1;1;
03/07/2019;23:49:00;518;com vítima;544;BR-262/MG;Oeste;Tombamento;;;2;;;;;;;;1;1;;;
04/07/2019;04:01:00;37;sem vítima;95;BR-153/MG;Norte;Capotamento;1;;;;;;;;;;1;;;;
04/07/2019;08:12:00;100;com vítima;24;BR-060/DF;Sul;Capotamento;1;;;;;;;;;;2;2;;;
04/07/2019;10:44:00;204;sem vítima;687,3;BR-153/GO;Sul;Saida de Pista;;;1;;;;;;;;1;;;;
04/07/2019;14:53:00;336;sem vítima;1;BR-153/MG;Norte;Colisão Lateral;1;;;;1;;;;;;2;;;;
04/07/2019;16:47:00;383;sem vítima;500;BR-153/GO;Sul;Engavetamento;5;;;;;;;;;;5;;;;
04/07/2019;17:15:00;395;sem vítima;528;BR-153/GO;Norte;Colisão Traseira;1;;;;;;;;;;1;;;;
04/07/2019;19:41:00;469;sem vítima;494,6;BR-153/GO;Sul;Colisão Lateral;1;;1;;;;;;;;2;;;;
04/07/2019;20:55:00;497;sem vítima;96;BR-060/GO;Norte;Colisão Traseira;1;;1;;;;;;;;3;;;;
05/07/2019;02:28:00;23;com vítima;439;BR-262/MG;Leste;Capotamento;1;;;;;;;;;;0;;1;;
05/07/2019;03:43:00;26;com vítima;511,535;BR-153/GO;Sul;Queda de Moto;;;;1;;;;;;;0;;;1;
05/07/2019;06:41:00;44;sem vítima;118,7;BR-153/MG;Norte;Capotamento;1;;;;;;;;;;1;;;;
05/07/2019;07:59:00;78;sem vítima;101;BR-060/GO;Norte;Capotamento;1;;;;;;;;;1;2;;;;
05/07/2019;08:11:00;89;sem vítima;101;BR-060/GO;Norte;Colisão Traseira;2;;;;;;;;;;2;;;;
05/07/2019;12:02:00;209;com vítima;128;BR-153/MG;Norte;Colisão Traseira;2;;;;;;;;;;6;1;1;;
05/07/2019;12:41:00;226;sem vítima;0,2;BR-153/MG;Sul;Tombamento;;;1;;;;;;;;1;;;;
05/07/2019;13:04:00;233;sem vítima;34;BR-153/MG;Sul;Choque - Elemento de Drenagem;1;;;;;;;;;;1;;;;
05/07/2019;18:00:00;358;com vítima;539;BR-262/MG;Oeste;Tombamento;;;1;;;;;;;;0;1;;;
05/07/2019;18:06:00;366;sem vítima;4,402;BR-060/DF;Norte;Colisão Lateral;1;;;1;;;;;;;2;;;;
05/07/2019;21:53:00;454;sem vítima;675,382;BR-153/GO;Norte;Saida de Pista;1;;;;;;;;;;3;;;;
05/07/2019;22:17:00;464;sem vítima;699,079;BR-153/GO;Sul;Choque - Defensa, barreira ou "submarino";1;;;;;;;;;;1;;;;
06/07/2019;03:14:00;45;com vítima;436,292;BR-262/MG;Leste;Queda de Moto;;;;1;;;;;;;0;;1;;
06/07/2019;05:51:00;71;sem vítima;468;BR-262/MG;Oeste;Choque - Elemento de Drenagem;;;;;;;;;;1;1;;;;
06/07/2019;06:23:00;78;sem vítima;617;BR-153/GO;Sul;Atropelamento de Animal;;;1;;;;;;;;1;;;;
06/07/2019;08:07:00;123;com vítima;492;BR-153/GO;Sul;Atropelamento - Morador;;;;;;;;;;1;1;;1;;
06/07/2019;11:17:00;217;com vítima;95;BR-060/GO;Sul;Queda de Moto;;;;1;;;;;;;0;1;;;
06/07/2019;15:46:00;327;sem vítima;93;BR-060/GO;Sul;Colisão Frontal;1;1;;;;;;;;;2;;;;
06/07/2019;16:06:00;335;com vítima;574,319;BR-153/GO;Sul;Capotamento;1;;;;;;;;;;3;1;;;
06/07/2019;16:58:00;350;com vítima;365;BR-262/MG;Leste;Colisão Traseira;1;;;1;;;;;;;2;1;;;
06/07/2019;17:11:00;358;sem vítima;96;BR-060/GO;Sul;Tombamento;1;;;;;;;;;;2;;;;
06/07/2019;17:37:00;371;com vítima;498,9;BR-153/GO;Norte;Queda de Moto;;;;1;;;;;;;0;1;;;
06/07/2019;19:34:00;419;com vítima;148;BR-153/MG;Norte;Colisão Transversal;2;;;;;;;;;;2;;1;;
06/07/2019;19:37:00;422;com vítima;505,57;BR-153/GO;Norte;Queda de Moto;1;;;1;;;;;;;1;1;;;
06/07/2019;21:13:00;454;sem vítima;3,8;BR-060/GO;Sul;Saida de Pista;1;;;;;;;;;;1;;;;
06/07/2019;22:15:00;466;com vítima;0,8;BR-060/DF;Sul;Atropelamento - Andarilho;1;;;;;;;;;;1;;;;1
07/07/2019;04:21:00;31;com vítima;651,619;BR-153/GO;Sul;Colisão Traseira;1;;;;1;;;;;;27;1;;;
07/07/2019;04:32:00;36;sem vítima;502;BR-262/MG;Leste;Capotamento;1;;;;;;;;;;1;;;;
07/07/2019;06:16:00;45;sem vítima;372;BR-262/MG;Leste;Capotamento;1;;;;;;;;;;4;;;;
07/07/2019;06:23:00;46;sem vítima;365;BR-262/MG;Oeste;Choque - Talude;1;;;;;;;;;;1;;;;
07/07/2019;07:14:00;54;com vítima;362;BR-262/MG;Leste;Colisão Traseira;2;;;;;;;;;;3;;2;;
07/07/2019;07:33:00;56;sem vítima;634;BR-262/MG;Leste;Capotamento;1;;;;;;;;;;1;;;;
07/07/2019;10:58:00;158;com vítima;504,2;BR-262/MG;Leste;Capotamento;1;;;;;;;;;;0;3;;;
07/07/2019;14:35:00;243;sem vítima;3;BR-060/DF;Norte;Colisão Lateral;2;;;;;;;;;;2;;;;
07/07/2019;16:07:00;297;com vítima;655;BR-153/GO;Sul;Capotamento;1;;;;;;;;;;1;2;;;
07/07/2019;16:52:00;320;sem vítima;43;BR-060/GO;Norte;Saida de Pista;1;;;;;;;;;;1;;;;
07/07/2019;16:56:00;321;sem vítima;28,1;BR-060/GO;Sul;Engavetamento;;;3;;;;;;;;3;;;;
07/07/2019;17:37:00;335;sem vítima;29;BR-060/DF;Sul;Queda de Moto;;;;1;;;;;;;2;;;;
07/07/2019;23:57:00;473;sem vítima;354;BR-262/MG;Leste;Colisão Lateral;2;;;;;;;;;;2;;;;
08/07/2019;04:06:00;44;sem vítima;112;BR-060/GO;Sul;Tombamento;;;1;;;;;;;;1;;;;
08/07/2019;07:44:00;84;com vítima;518;BR-153/GO;Norte;Queda de Moto;;;;1;;;;;;;0;;1;;
08/07/2019;10:54:00;229;sem vítima;3;BR-060/GO;Norte;Choque - Defensa, barreira ou "submarino";1;;;;;;;;;;3;;;;
08/07/2019;11:29:00;248;com vítima;505;BR-153/GO;Sul;Colisão Traseira;1;;;1;;;;;;;1;1;;;
08/07/2019;15:01:00;336;sem vítima;574;BR-153/GO;Norte;Tombamento;;;1;;;;;;;;3;;;;
08/07/2019;16:14:00;359;sem vítima;6;BR-060/DF;Sul;Choque - Poste/;1;;;;;;;;;;1;;;;
08/07/2019;18:06:00;403;com vítima;495;BR-262/MG;Leste;Capotamento;1;;;;;;;;;;0;2;;;
08/07/2019;18:32:00;416;sem vítima;545;BR-153/GO;Norte;Colisão Lateral;1;;1;;;;;;;;2;;;;
08/07/2019;18:40:00;419;sem vítima;491;BR-153/GO;Norte;Choque - Defensa, barreira ou "submarino";1;;;;;;;;;;1;;;;
08/07/2019;18:41:00;420;sem vítima;501;BR-153/GO;Sul;Engavetamento;4;;;;;;;;;;4;;;;
08/07/2019;21:10:00;478;sem vítima;438;BR-262/MG;Oeste;Choque - Veiculo parado na pista;1;;1;;;;;;;;2;;;;
09/07/2019;01:08:00;11;sem vítima;532;BR-153/GO;Norte;Atropelamento de Animal;;;1;;;;;;;;1;;;;
09/07/2019;08:34:00;120;sem vítima;97;BR-060/GO;Sul;Colisão Traseira;;;1;;1;;;;;;26;;;;
09/07/2019;09:11:00;149;sem vítima;129;BR-060/GO;Norte;Tombamento;1;;;;;1;;;;;2;;;;
09/07/2019;09:49:00;172;com vítima;16,1;BR-060/GO;Sul;Choque - Elemento de Drenagem;1;;;;;;;;;;0;1;;;
09/07/2019;13:52:00;287;sem vítima;366;BR-262/MG;Leste;Capotamento;1;;;;;1;;;;;2;;;;
09/07/2019;14:20:00;299;sem vítima;512;BR-153/GO;Norte;Saida de Pista;1;;;;;;;;;;1;;;;
09/07/2019;14:25:00;302;com vítima;39;BR-060/GO;Norte;Colisão Traseira;;;2;;;;;;;2;13;;3;1;
09/07/2019;15:32:00;326;sem vítima;39;BR-060/GO;Sul;Choque - Defensa, barreira ou "submarino";;;1;;;;;;;;1;;;;
09/07/2019;15:58:00;336;com vítima;783;BR-262/MG;Oeste;Capotamento;;;1;;;;;;;;0;;1;;
09/07/2019;16:09:00;343;sem vítima;368;BR-262/MG;Leste;Colisão Traseira;2;;;;;;;;;;2;;;;
09/07/2019;16:46:00;363;sem vítima;95;BR-060/GO;Sul;Colisão Traseira;;;1;1;;;;;;;2;;;;
09/07/2019;18:32:00;396;sem vítima;499;BR-153/GO;Sul;Colisão Traseira;1;;;1;;;;;;;2;;;;
09/07/2019;19:31:00;423;sem vítima;507;BR-153/GO;Norte;Colisão Traseira;2;;;;;;;;;;2;;;;
09/07/2019;20:20:00;439;sem vítima;406,1;BR-262/MG;Leste;Colisão Traseira;;;2;;;;;;;;2;;;;
09/07/2019;21:52:00;469;com vítima;81,123;BR-153/MG;Sul;Colisão Traseira;;;2;;;;;;;;1;1;;;
09/07/2019;22:41:00;480;com vítima;148;BR-153/MG;Sul;Choque - Suporte de Sinalização;;;1;;;;;;;;0;1;;;
10/07/2019;00:14:00;2;com vítima;2,163;BR-153/MG;Sul;Colisão Lateral;;;2;;;;;;;;1;1;;;
10/07/2019;04:01:00;48;sem vítima;642,5;BR-153/GO;Norte;Tombamento;;;;;;;;;;1;1;;;;
10/07/2019;04:06:00;50;sem vítima;116;BR-060/GO;Norte;Colisão Traseira;;;2;;;;;;;;2;;;;
10/07/2019;07:00:00;90;com vítima;452;BR-262/MG;Oeste;Colisão Transversal;;;1;;;;;;;1;1;1;;;
10/07/2019;07:58:00;112;com vítima;496;BR-153/GO;Sul;Colisão Lateral;;;1;1;;;;;;1;2;1;;;
10/07/2019;08:13:00;125;com vítima;496,2;BR-153/GO;Sul;Engavetamento;3;;;1;;;;;;;3;;1;;
10/07/2019;15:19:00;297;sem vítima;599;BR-153/GO;Sul;Capotamento;1;;;;;;;;;;3;;;;
10/07/2019;18:08:00;389;sem vítima;366;BR-262/MG;Oeste;Tombamento;1;;;;;;;;;;1;;;;
10/07/2019;20:04:00;431;sem vítima;646,807;BR-153/GO;Norte;Colisão Lateral;;;2;;;;;;;;2;;;;
10/07/2019;21:41:00;464;com vítima;363;BR-262/MG;Leste;Tombamento;1;;1;;;;;;;;1;1;;;
10/07/2019;21:48:00;466;sem vítima;505,113;BR-153/GO;Norte;Queda de Moto;;;;1;;;;;;;1;;;;