data;horario;n_da_ocorrencia;tipo_de_ocorrencia;km;trecho;sentido;tipo_de_acidente;automovel;bicicleta;caminhao;moto;onibus;outros;tracao_animal;transporte_de_cargas_especiais;trator_maquinas;utilitarios;ilesos;levemente_feridos;moderadamente_feridos;gravemente_feridos;mortos
11/07/2019;00:07:00;1;sem vítima;172;BR-153/MG;Sul;Choque - Suporte de Sinalização;1;;;;;;;;;;1;;;;
11/07/2019;04:38:00;45;sem vítima;66,41;BR-060/GO;Sul;Choque - Elemento de Drenagem;;;1;;;;;;;;1;;;;
11/07/2019;06:18:00;64;com vítima;624;BR-153/GO;Sul;Colisão Traseira;1;;1;;;;;;;;0;2;;1;
11/07/2019;07:13:00;82;com vítima;496;BR-153/GO;Norte;Colisão Traseira;1;;;1;;;;;;;1;1;;;
11/07/2019;07:46:00;98;sem vítima;494,5;BR-153/GO;Sul;Engavetamento;2;;;;;;;;;1;3;;;;
11/07/2019;07:55:00;105;sem vítima;24,5;BR-153/MG;Sul;Colisão Lateral;;;2;;;;;;;;2;;;;
11/07/2019;09:13:00;177;sem vítima;100;BR-060/GO;Sul;Colisão Lateral;1;;1;;;;;;;;2;;;;
11/07/2019;10:33:00;218;sem vítima;27,5;BR-060/GO;Sul;Colisão Traseira;;;2;;;;;;;;2;;;;
11/07/2019;16:22:00;382;sem vítima;99;BR-060/GO;Sul;Colisão Traseira;2;;;;;;;;;;2;;;;
11/07/2019;18:26:00;437;sem vítima;501,152;BR-153/GO;Sul;Colisão Lateral;1;;1;1;;;;;;;3;;;;
11/07/2019;18:28:00;439;com vítima;439;BR-262/MG;Oeste;Colisão Traseira;;1;;;;1;;;;;1;;;1;
11/07/2019;18:47:00;452;com vítima;520,159;BR-153/GO;Sul;Atropelamento - Sem Informação;;;;;1;;;;;;1;;1;;
11/07/2019;18:47:00;453;sem vítima;395;BR-262/MG;Oeste;Choque - Elemento de Drenagem;1;;;;;;;;;;1;;;;
11/07/2019;19:04:00;462;sem vítima;417;BR-262/MG;Leste;Saida de Pista;;;;;;;;;;1;1;;;;
11/07/2019;21:52:00;531;sem vítima;508;BR-153/GO;Sul;Queda de Moto;;;;1;;;;;;;1;;;;
12/07/2019;07:25:00;89;sem vítima;109;BR-060/GO;Norte;Choque - Elemento de Drenagem;1;;;;;;;;;;4;;;;
12/07/2019;07:45:00;101;sem vítima;6;BR-060/GO;Sul;Capotamento;1;;;;;;;;;;4;;;;
12/07/2019;09:55:00;208;sem vítima;389;BR-262/MG;Oeste;Choque - Outros;;;1;;;;;;;;1;;;;
12/07/2019;13:59:00;356;sem vítima;101;BR-060/GO;Norte;Choque - Veiculo parado no acostamento;2;;;;;;;;;;2;;;;
12/07/2019;14:16:00;362;com vítima;423;BR-262/MG;Leste;Capotamento;1;;;;;;;;;;0;1;;;
12/07/2019;14:45:00;380;com vítima;599,1;BR-153/GO;Norte;Tombamento;;;1;;;1;;;;;2;1;;;
12/07/2019;15:24:00;406;sem vítima;226;BR-153/MG;Sul;Colisão Traseira;1;;1;;;;;;;;2;;;;
12/07/2019;15:55:00;425;com vítima;439;BR-262/MG;Oeste;Engavetamento;2;;;;;;;;;2;3;;1;;
12/07/2019;21:21:00;580;sem vítima;113,558;BR-060/GO;Sul;Colisão Lateral;2;;;;;;;;;;2;;;;
12/07/2019;21:45:00;592;sem vítima;197;BR-153/MG;Sul;Capotamento;1;;;;;;;;;;1;;;;
13/07/2019;02:28:00;27;com vítima;67;BR-060/GO;Norte;Colisão Frontal;;1;;;;1;;;;;1;;;;1
13/07/2019;03:32:00;38;sem vítima;33;BR-153/MG;Norte;Atropelamento de Animal;1;;;;;;;;;;1;;;;
13/07/2019;05:05:00;51;sem vítima;705;BR-262/MG;Leste;Choque - Talude;1;;;;;;;;;;1;;;;
13/07/2019;06:04:00;61;com vítima;219;BR-153/MG;Norte;Colisão Transversal;1;;1;;;;;;;;1;;1;;1
13/07/2019;07:07:00;75;sem vítima;678;BR-262/MG;Leste;Colisão Traseira;2;;;;;;;;;;8;;;;
13/07/2019;07:51:00;91;sem vítima;3;BR-060/DF;Norte;Colisão Traseira;1;;;;;1;;;;;2;;;;
13/07/2019;08:54:00;135;sem vítima;509;BR-153/GO;Norte;Colisão Traseira;1;;;;;;;;;1;2;;;;
13/07/2019;11:57:00;227;sem vítima;495;BR-153/GO;Sul;Colisão Traseira;2;;;;;;;;;;2;;;;
13/07/2019;12:22:00;239;com vítima;158,7;BR-153/MG;Sul;Tombamento;;;1;;;;;;;;0;1;;;
13/07/2019;15:59:00;329;com vítima;50;BR-153/MG;Sul;Colisão Traseira;1;;1;;;;;;;;1;3;;;
13/07/2019;19:29:00;408;sem vítima;512;BR-262/MG;Oeste;Colisão Lateral;1;;1;;;;;;;;2;;;;
13/07/2019;23:24:00;487;com vítima;487,3;BR-262/MG;Oeste;Colisão Frontal;2;;1;;;;;;;;1;1;;;1
14/07/2019;02:19:00;27;com vítima;148;BR-153/MG;Sul;Tombamento;;;1;;;;;;;;0;1;;1;
14/07/2019;03:45:00;37;sem vítima;12,197;BR-060/DF;Norte;Capotamento;1;;;;;;;;;;2;;;;
14/07/2019;09:40:00;132;com vítima;740;BR-262/MG;Leste;Capotamento;1;;;;;;;;;;0;2;;;
14/07/2019;10:29:00;160;sem vítima;462;BR-262/MG;Oeste;Colisão Traseira;2;;;;;;;;;;4;;;;
14/07/2019;11:33:00;199;com vítima;118,5;BR-060/GO;Norte;Colisão Traseira;2;;;;;;;;;;3;1;;;
14/07/2019;11:34:00;200;sem vítima;487;BR-262/MG;Oeste;Engavetamento;1;;;;;1;;;;;2;;;;
14/07/2019;13:17:00;242;com vítima;369;BR-262/MG;Leste;Colisão Traseira;1;;;1;;;;;;;0;2;;1;
14/07/2019;14:45:00;297;sem vítima;73;BR-153/MG;Sul;Atropelamento de Animal;1;;;;;;;;;;1;;;;
14/07/2019;16:32:00;341;com vítima;813;BR-262/MG;Leste;Atropelamento - Usuário;1;;;;;;;;;;1;;1;;
14/07/2019;17:50:00;395;sem vítima;3;BR-153/MG;Norte;Choque - Suporte de Sinalização;1;;;;;;;;;;1;;;;
14/07/2019;18:26:00;413;sem vítima;389;BR-262/MG;Oeste;Colisão Traseira;1;;1;;;;;;;;2;;;;
14/07/2019;18:53:00;432;sem vítima;517;BR-262/MG;Oeste;Capotamento;1;;;;;;;;;;1;;;;
14/07/2019;19:45:00;446;sem vítima;429;BR-262/MG;Oeste;Saida de Pista;2;;1;;;;;;;;4;;;;
14/07/2019;19:38:00;452;sem vítima;6,4;BR-060/DF;Sul;Colisão Lateral;1;;;;;1;;;;;2;;;;
14/07/2019;21:11:00;490;com vítima;113,9;BR-060/GO;Sul;Queda de Moto;;;;1;;;;;;;0;;;2;
14/07/2019;23:11:00;535;sem vítima;512;BR-153/GO;Sul;Colisão Traseira;1;;;1;;;;;;;2;;;;
14/07/2019;23:30:00;544;com vítima;24;BR-060/GO;Norte;Queda de Moto;;;;1;;;;;;;0;;;1;
15/07/2019;04:10:00;49;sem vítima;356;BR-262/MG;Oeste;Capotamento;1;;;;;;;;;;1;;;;
15/07/2019;04:46:00;54;sem vítima;38;BR-060/GO;Sul;Tombamento;;;1;;;;;;;;2;;;;
15/07/2019;06:29:00;62;sem vítima;492;BR-153/GO;Norte;Queda de Moto;;;;1;;;;;;;1;;;;
15/07/2019;09:46:00;180;sem vítima;514;BR-153/GO;Norte;Colisão Transversal;2;;;;;;;;;;6;;;;
15/07/2019;13:48:00;337;com vítima;78,3;BR-153/MG;Sul;Saida de Pista;;;1;;;;;;;;0;4;;;
15/07/2019;14:21:00;364;sem vítima;107;BR-060/GO;Norte;Colisão Lateral;1;;1;;;;;;;;2;;;;
15/07/2019;14:37:00;373;sem vítima;403;BR-262/MG;Leste;Choque - Arvore;1;;;;;;;;;;1;;;;
15/07/2019;15:33:00;407;com vítima;4,8;BR-060/GO;Norte;Tombamento;;;1;;;;;;;;0;;1;;
15/07/2019;18:29:00;491;com vítima;498,027;BR-153/GO;Norte;Colisão Traseira;;;1;1;;;;;;;1;;;1;
15/07/2019;18:32:00;494;sem vítima;5,236;BR-060/GO;Sul;Choque - Veiculo parado no acostamento;2;;;;;;;;;;2;;;;
15/07/2019;19:27:00;514;com vítima;27;BR-060/DF;Sul;Colisão Transversal;1;1;;;;;;;;;2;1;;;1
16/07/2019;06:22:00;53;sem vítima;27,1;BR-060/DF;Norte;Tombamento;;;1;;;;;;;;2;;;;
16/07/2019;14:28:00;318;com vítima;500,5;BR-153/GO;Sul;Colisão Traseira;;1;;;;;;;;1;1;1;;;
16/07/2019;18:24:00;450;sem vítima;565;BR-153/GO;Sul;Colisão Lateral;1;;1;;;;;;;;2;;;;
16/07/2019;18:28:00;452;com vítima;526;BR-153/GO;Sul;Choque - Objeto sobre a pista;;;;1;;;;;;;0;1;;;
16/07/2019;18:30:00;454;sem vítima;454,2;BR-262/MG;Oeste;Colisão Lateral;1;;1;;;;;;;1;3;;;;
16/07/2019;19:00:00;467;sem vítima;499;BR-153/GO;Sul;Colisão Traseira;2;;;;;;;;;;3;;;;
16/07/2019;19:44:00;479;sem vítima;379;BR-262/MG;Oeste;Choque - Veiculo parado no acostamento;;;1;;;;;;;1;2;;;;
16/07/2019;19:55:00;482;com vítima;218,7;BR-153/MG;Sul;Colisão Traseira;1;;;1;;;;;;;1;2;;;
16/07/2019;22:27:00;543;com vítima;514,5;BR-262/MG;Leste;Saida de Pista;1;;;;;;;;;;0;1;;;
16/07/2019;22:57:00;553;sem vítima;353;BR-262/MG;Oeste;Capotamento;1;;;;;;;;;;1;;;;
17/07/2019;01:25:00;25;sem vítima;43,6;BR-153/MG;Sul;Saida de Pista;1;;;;;;;;;;2;;;;
17/07/2019;05:17:00;52;com vítima;53;BR-060/GO;Sul;Tombamento;;;1;;;;;;;;2;;1;;
17/07/2019;07:25:00;73;sem vítima;510,8;BR-153/GO;Norte;Colisão Traseira;1;;1;;;;;;;;2;;;;
17/07/2019;12:17:00;213;sem vítima;377;BR-262/MG;Oeste;Queda de Moto;;;;1;;;;;;;1;;;;
17/07/2019;12:40:00;222;com vítima;415;BR-262/MG;Oeste;Capotamento;1;;;;;;;;;;0;;;;1
17/07/2019;14:10:00;252;com vítima;485;BR-262/MG;Oeste;Colisão Transversal;1;;1;;;;;;;;1;2;;;
17/07/2019;14:59:00;277;sem vítima;388;BR-262/MG;Leste;Colisão Traseira;1;;1;;;;;;;;2;;;;
17/07/2019;15:15:00;283;sem vítima;415,6;BR-262/MG;Leste;Tombamento;;;1;;;;;;;;1;;;;
17/07/2019;18:01:00;363;com vítima;403;BR-262/MG;Leste;Queda de Moto;;;;1;;;;;;;1;1;;;
17/07/2019;18:07:00;366;com vítima;442,542;BR-262/MG;Oeste;Atropelamento - Outros;;;;;;;;;;1;1;1;;;
17/07/2019;18:39:00;380;sem vítima;460;BR-262/MG;Leste;Choque - Arvore;1;;;;;;;;;;3;;;;
17/07/2019;21:26:00;444;com vítima;512,427;BR-153/GO;Sul;Atropelamento - Outros;1;;;1;;;;;;;2;;1;;
17/07/2019;21:42:00;452;sem vítima;634,1;BR-153/GO;Norte;Choque - Talude;;;1;;;;;;;;1;;;;
18/07/2019;03:16:00;52;sem vítima;423,646;BR-262/MG;Leste;Saida de Pista;1;;;;;;;;;;2;;;;
18/07/2019;07:22:00;107;com vítima;437;BR-262/MG;Leste;Queda de Moto;1;;;1;;;;;;;1;1;;;
18/07/2019;07:52:00;123;sem vítima;507,6;BR-153/GO;Norte;Tombamento;;;1;;;;;;;;1;;;;
18/07/2019;09:01:00;163;sem vítima;479;BR-262/MG;Leste;Colisão Traseira;2;;;;;;;;;;2;;;;
18/07/2019;10:35:00;226;sem vítima;218,3;BR-153/MG;Norte;Colisão Transversal;1;;1;;;1;;;;;6;;;;
18/07/2019;12:02:00;277;sem vítima;118;BR-060/GO;Sul;Colisão Transversal;2;;;;;;;;;;2;;;;
18/07/2019;13:02:00;302;sem vítima;33,4;BR-153/MG;Sul;Tombamento;;;1;;;;;;;;1;;;;
18/07/2019;13:11:00;309;sem vítima;750;BR-262/MG;Oeste;Colisão Traseira;;;2;;;;;;;;2;;;;
18/07/2019;13:21:00;318;sem vítima;500;BR-153/GO;Sul;Engavetamento;4;;;;;1;;;;;6;;;;
18/07/2019;16:41:00;428;sem vítima;8;BR-153/MG;Norte;Choque - Elemento de Drenagem;1;;;;;;;;;;1;;;;
18/07/2019;17:02:00;438;sem vítima;507,4;BR-153/GO;Sul;Colisão Traseira;;;;1;;1;;;;;2;;;;
18/07/2019;17:23:00;451;sem vítima;97;BR-060/GO;Sul;Colisão Lateral;1;;;1;;;;;;;2;;;;
18/07/2019;18:51:00;488;sem vítima;512;BR-262/MG;Oeste;Choque - Outros;;;1;;;;;;;;1;;;;
18/07/2019;19:06:00;495;sem vítima;385,8;BR-262/MG;Leste;Atropelamento de Animal;1;;;;;;;;;;1;;;;
18/07/2019;19:12:00;497;com vítima;558,203;BR-153/GO;Norte;Colisão Traseira;;;1;1;;;;;;;1;;;1;
19/07/2019;05:00:00;50;com vítima;505,768;BR-153/GO;Norte;Colisão Traseira;1;;;1;;;;;;;1;1;;;
19/07/2019;08:06:00;122;sem vítima;509,33;BR-153/GO;Norte;Queda de Moto;;;;1;;;;;;;1;;;;
19/07/2019;12:30:00;310;com vítima;547,7;BR-262/MG;Leste;Tombamento;1;;2;;;;;;;1;3;5;1;;
19/07/2019;12:53:00;319;com vítima;14;BR-153/MG;Norte;Capotamento;;;;;;;;;;1;0;;1;;
19/07/2019;13:39:00;340;com vítima;872;BR-262/MG;Oeste;Choque - Talude;1;;;;;;;;;;0;;1;;
19/07/2019;16:51:00;442;com vítima;216,5;BR-153/MG;Norte;Capotamento;1;;;;;;;;;;0;1;;;
19/07/2019;17:06:00;451;sem vítima;82;BR-153/MG;Norte;Colisão Traseira;;;2;;;;;;;;3;;;;
19/07/2019;17:24:00;459;com vítima;403;BR-262/MG;Oeste;Engavetamento;3;;;1;;;;;;;6;1;;;
19/07/2019;17:41:00;465;sem vítima;491;BR-153/GO;Sul;Engavetamento;3;;;;;;;;;;3;;;;
19/07/2019;18:30:00;489;sem vítima;36;BR-060/GO;Sul;Capotamento;1;;;;;;;;;;2;;;;
19/07/2019;19:34:00;521;sem vítima;448;BR-262/MG;Oeste;Choque - Arvore;1;;;;;;;;;;1;;;;
19/07/2019;19:58:00;534;sem vítima;101;BR-153/MG;Norte;Saida de Pista;1;;;;;;;;;;1;;;;
19/07/2019;20:22:00;542;sem vítima;441;BR-262/MG;Oeste;Choque - Talude;1;;;;;;;;;;1;;;;
19/07/2019;23:25:00;602;com vítima;7;BR-060/DF;Norte;Atropelamento - Andarilho;;;;1;;;;;;;1;;;1;
20/07/2019;02:40:00;34;sem vítima;57,97;BR-153/MG;Norte;Tombamento;;;1;;;;;;;;1;;;;
20/07/2019;03:52:00;42;sem vítima;459;BR-262/MG;Leste;Atropelamento de Animal;;;1;;;;;;;;1;;;;
20/07/2019;09:02:00;131;sem vítima;8;BR-060/GO;Sul;Queda de Moto;;;;1;;;;;;;1;;;;
20/07/2019;09:52:00;169;sem vítima;240;BR-153/MG;Sul;Colisão Traseira;;;2;;;;;;;;2;;;;
20/07/2019;11:05:00;206;sem vítima;423;BR-262/MG;Leste;Saida de Pista;1;;;;;;;;;;1;;;;
20/07/2019;15:27:00;332;com vítima;499,4;BR-153/GO;Norte;Choque - Veiculo parado na pista;1;;;1;;;;;;;2;;1;;
20/07/2019;16:24:00;367;com vítima;245;BR-153/MG;Sul;Choque - Talude;1;;;;;;;;;;0;1;;;
20/07/2019;17:13:00;390;sem vítima;508;BR-262/MG;Leste;Atropelamento de Animal;1;;;;;;;;;;1;;;;
20/07/2019;21:54:00;454;sem vítima;360;BR-262/MG;Oeste;Capotamento;1;;;;;;;;;;1;;;;
21/07/2019;02:16:00;24;sem vítima;802;BR-262/MG;Leste;Colisão Traseira;2;;;;;;;;;;6;;;;
21/07/2019;02:25:00;25;com vítima;553;BR-262/MG;Oeste;Tombamento;;;1;;;;;;;;0;;;1;
21/07/2019;08:26:00;93;com vítima;669;BR-153/GO;Sul;Tombamento;;;1;;;;;;;;0;3;;;
21/07/2019;11:41:00;165;com vítima;508;BR-153/GO;Norte;Queda de Moto;;;;1;;;;;;;0;;;1;
21/07/2019;12:42:00;180;sem vítima;509;BR-153/GO;Norte;Colisão Traseira;1;;;;;1;;;;;2;;;;
21/07/2019;13:32:00;189;sem vítima;507;BR-153/GO;Sul;Choque - Elemento de Drenagem;1;;;;;1;;;;;4;;;;
21/07/2019;14:05:00;198;sem vítima;633;BR-262/MG;Leste;Colisão Traseira;1;;;;;1;;;;1;3;;;;
21/07/2019;15:10:00;228;com vítima;475;BR-262/MG;Oeste;Colisão Lateral;2;;;;;;;;;;1;1;;;
21/07/2019;16:13:00;247;sem vítima;96;BR-060/GO;Norte;Capotamento;1;;;;;;;;;;2;;;;
21/07/2019;17:55:00;284;sem vítima;506;BR-153/GO;Norte;Engavetamento;3;;;;;;;;;;4;;;;
21/07/2019;18:00:00;288;sem vítima;513;BR-153/GO;Sul;Capotamento;1;;;;;;;;;;2;;;;
21/07/2019;19:41:00;330;com vítima;521;BR-153/GO;Sul;Colisão Transversal;2;;;;;;;;;;2;;1;;
21/07/2019;22:41:00;408;sem vítima;354;BR-262/MG;Oeste;Choque - Talude;1;;;;;;;;;;1;;;;
21/07/2019;23:37:00;422;sem vítima;4,282;BR-060/DF;Norte;Choque - Suporte de Sinalização;1;;;;;;;;;;1;;;;
22/07/2019;00:31:00;7;sem vítima;369;BR-262/MG;Oeste;Capotamento;1;;;;;;;;;;1;;;;
22/07/2019;02:51:00;25;sem vítima;447;BR-262/MG;Oeste;Atropelamento de Animal;;;1;;;;;;;;1;;;;
22/07/2019;06:24:00;61;sem vítima;404;BR-262/MG;Leste;Colisão Traseira;1;;;;;;;;;;1;;;;
22/07/2019;06:00:00;63;com vítima;67;BR-153/MG;Sul;Tombamento;;;1;;;;;;;;0;1;;;
22/07/2019;07:50:00;83;sem vítima;89;BR-060/GO;Sul;Colisão Traseira;1;;;;1;;;;;;7;;;;
22/07/2019;07:58:00;87;sem vítima;505;BR-153/GO;Sul;Colisão Traseira;2;;;;;;;;;;3;;;;
22/07/2019;08:55:00;121;sem vítima;890;BR-262/MG;Leste;Tombamento;;;1;;;;;;;;1;;;;
22/07/2019;09:25:00;138;com vítima;405;BR-262/MG;Oeste;Tombamento;;;1;;;;;;;;0;1;;;
22/07/2019;12:42:00;226;com vítima;575;BR-262/MG;Leste;Capotamento;1;;;;;;;;;;0;1;2;;
22/07/2019;15:53:00;310;com vítima;613;BR-153/GO;Sul;Capotamento;1;;;;;;;;;;0;1;;;
22/07/2019;18:01:00;372;sem vítima;499,4;BR-153/GO;Sul;Colisão Traseira;2;;;;;;;;;;2;;;;
23/07/2019;00:15:00;10;com vítima;75,814;BR-153/MG;Norte;Tombamento;;;1;;;;;;;;0;1;;;
23/07/2019;03:59:00;61;com vítima;409;BR-262/MG;Leste;Capotamento;;;;;;1;;;;1;2;;1;1;
23/07/2019;06:19:00;81;sem vítima;139,2;BR-153/MG;Sul;Tombamento;;;1;;;;;;;;1;;;;
23/07/2019;07:05:00;91;sem vítima;437;BR-262/MG;Leste;Capotamento;1;;;;;;;;;;1;;;;
23/07/2019;14:27:00;280;sem vítima;524;BR-262/MG;Leste;Choque - Outros;1;;;;;;;;;;1;;;;
23/07/2019;20:46:00;448;com vítima;501;BR-153/GO;Norte;Queda de Moto;;;;1;;;;;;;1;1;;;
23/07/2019;23:32:00;507;sem vítima;515;BR-153/GO;Norte;Colisão Lateral;2;;;;;;;;;;2;;;;
24/07/2019;05:18:00;40;com vítima;552,25;BR-262/MG;Leste;Tombamento;;;1;;;;;;;;0;;1;;
24/07/2019;06:21:00;48;sem vítima;380;BR-262/MG;Leste;Choque - Defensa, barreira ou "submarino";;;1;;;;;;;;1;;;;
24/07/2019;07:31:00;86;com vítima;51;BR-060/GO;Norte;Colisão Traseira;;;1;;;;;;;1;1;1;;;
24/07/2019;07:50:00;93;com vítima;495;BR-153/GO;Sul;Colisão Traseira;1;;;1;;;;;;;1;;1;;
24/07/2019;12:38:00;273;sem vítima;525,4;BR-262/MG;Leste;Colisão Traseira;2;;;;;;;;;;2;;;;
24/07/2019;14:15:00;320;com vítima;124;BR-060/GO;Norte;Saida de Pista;;;1;;;;;;;;0;;1;;
24/07/2019;14:30:00;330;sem vítima;78;BR-153/MG;Norte;Tombamento;;;2;;;;;;;;2;;;;
24/07/2019;15:39:00;362;com vítima;135,2;BR-060/GO;Sul;Capotamento;;;;;;;;;;1;0;1;;;
24/07/2019;18:00:00;438;sem vítima;514;BR-153/GO;Sul;Colisão Traseira;;;;1;;1;;;;;2;;;;
24/07/2019;18:27:00;450;com vítima;802;BR-262/MG;Leste;Queda de Moto;;;;1;;;;;;;0;1;;;
24/07/2019;21:59:00;536;com vítima;524;BR-262/MG;Leste;Atropelamento - Ciclista;;1;1;;;;;;;;1;1;;;
25/07/2019;02:50:00;57;sem vítima;500;BR-153/GO;Sul;Capotamento;;;;;;;;;;1;1;;;;
25/07/2019;07:26:00;98;sem vítima;537;BR-153/GO;Norte;Atropelamento de Animal;1;;;;;;;;;;1;;;;
25/07/2019;07:38:00;102;com vítima;623,098;BR-153/GO;Sul;Colisão Traseira;1;;1;;;;;;;;1;1;;;
25/07/2019;08:13:00;122;sem vítima;388;BR-262/MG;Oeste;Colisão Traseira;;;1;;;;;;;1;2;;;;
25/07/2019;10:36:00;215;com vítima;693;BR-262/MG;Oeste;Colisão Transversal;2;;;;;;;;;;1;1;;;
25/07/2019;10:45:00;219;sem vítima;18,3;BR-060/DF;Sul;Choque - Elemento de Drenagem;1;;;;;;;;;;1;;;;
25/07/2019;11:21:00;235;sem vítima;643,5;BR-262/MG;Oeste;Capotamento;1;;;;;1;;;;;2;;;;
25/07/2019;11:21:00;236;sem vítima;243,5;BR-153/MG;Sul;Colisão Traseira;1;;;;;;;;;1;2;;;;
25/07/2019;12:21:00;264;com vítima;537;BR-153/GO;Sul;Capotamento;;;;;;1;;;;1;4;2;;;
25/07/2019;15:39:00;348;com vítima;595;BR-153/GO;Sul;Colisão Lateral;;;1;;;;;;;1;1;1;;1;
25/07/2019;16:46:00;370;sem vítima;553;BR-262/MG;Leste;Colisão Traseira;;;2;;;;;;;;2;;;;
25/07/2019;16:52:00;372;sem vítima;509;BR-153/GO;Sul;Colisão Lateral;1;;1;;;;;;;;2;;;;
25/07/2019;18:24:00;416;sem vítima;155;BR-153/MG;Sul;Colisão Transversal;1;;1;;;;;;;;4;;;;
25/07/2019;18:55:00;427;sem vítima;99,688;BR-060/GO;Norte;Colisão Traseira;2;;;;;;;;;;2;;;;
26/07/2019;01:54:00;32;sem vítima;903,1;BR-262/MG;Oeste;Saida de Pista;;;1;;;;;;;;1;;;;
26/07/2019;05:29:00;66;com vítima;504,3;BR-153/GO;Norte;Queda de Moto;;;;1;;;;;;;0;1;;;
26/07/2019;07:15:00;93;sem vítima;514;BR-153/GO;Norte;Colisão Transversal;1;;;1;;;;;;;2;;;;
26/07/2019;08:35:00;132;com vítima;637;BR-262/MG;Oeste;Colisão Transversal;3;;;;;;;;;;1;1;1;1;6
26/07/2019;10:24:00;198;com vítima;117;BR-060/GO;Sul;Colisão Traseira;2;;;;;;;;;;4;1;;;
26/07/2019;11:13:00;221;sem vítima;504;BR-153/GO;Norte;Colisão Traseira;1;;1;;;;;;;;2;;;;
26/07/2019;11:26:00;230;sem vítima;505;BR-153/GO;Norte;Colisão Traseira;2;;;;;;;;;;2;;;;
26/07/2019;13:03:00;276;sem vítima;543;BR-153/GO;Sul;Choque - Talude;1;;;;;1;;;;;3;;;;
26/07/2019;14:28:00;327;sem vítima;511,5;BR-262/MG;Leste;Choque - Objeto sobre a pista;;;;1;;;;;;;1;;;;
26/07/2019;14:41:00;331;sem vítima;657;BR-153/GO;Norte;Choque - Suporte de Sinalização;1;;;;;;;;;;1;;;;
26/07/2019;22:12:00;565;com vítima;511,498;BR-153/GO;Sul;Colisão Traseira;1;;;1;;;;;;;1;;;2;
27/07/2019;00:36:00;9;sem vítima;355,32;BR-262/MG;Leste;Capotamento;;;;;;;;;;1;1;;;;
27/07/2019;04:21:00;69;sem vítima;97,311;BR-060/GO;Norte;Colisão Traseira;2;;;;;;;;;;4;;;;
27/07/2019;05:52:00;81;com vítima;129,267;BR-060/GO;Sul;Colisão Traseira;1;;1;;;;;;;;1;1;;1;
27/07/2019;10:31:00;193;com vítima;11;BR-060/GO;Sul;Colisão Traseira;;;1;1;;;;;;;1;;1;;
27/07/2019;11:11:00;204;sem vítima;118;BR-060/GO;Norte;Colisão Transversal;2;;;;;;;;;;4;;;;
27/07/2019;17:42:00;366;sem vítima;853,5;BR-262/MG;Oeste;Saida de Pista;1;;;;;;;;;;2;;;;
27/07/2019;19:01:00;404;sem vítima;573;BR-262/MG;Oeste;Choque - Talude;1;;;;;;;;;;1;;;;
27/07/2019;19:21:00;410;sem vítima;880;BR-262/MG;Oeste;Atropelamento de Animal;1;;;;;;;;;;5;;;;
27/07/2019;19:35:00;416;com vítima;448;BR-262/MG;Oeste;Colisão Traseira;1;;;1;;;;;;;5;1;;;
27/07/2019;20:15:00;431;com vítima;364;BR-262/MG;Oeste;Atropelamento - Andarilho;;;;1;;;;;;;1;;1;;
27/07/2019;20:39:00;434;com vítima;448;BR-262/MG;Leste;Colisão Traseira;2;;;;;;;;;;2;;1;;
27/07/2019;22:02:00;457;sem vítima;99;BR-060/GO;Sul;Colisão Traseira;1;;;;;;;;;1;5;;;;
27/07/2019;23:36:00;491;sem vítima;356;BR-262/MG;Oeste;Atropelamento de Animal;1;;;;;;;;;;1;;;;
28/07/2019;02:09:00;21;sem vítima;499;BR-153/GO;Sul;Queda de Moto;;;;1;;;;;;;2;;;;
28/07/2019;03:35:00;30;sem vítima;702;BR-262/MG;Oeste;Choque - Talude;1;;;;;;;;;;1;;;;
28/07/2019;04:46:00;41;sem vítima;362;BR-262/MG;Oeste;Capotamento;1;;;;;;;;;;1;;;;
28/07/2019;05:39:00;52;sem vítima;811;BR-262/MG;Oeste;Choque - Defensa, barreira ou "submarino";1;;;;;;;;;;1;;;;
28/07/2019;14:07:00;277;com vítima;129;BR-060/GO;Norte;Choque - Defensa, barreira ou "submarino";1;;;;;;;;;;3;1;;;
28/07/2019;15:42:00;327;sem vítima;550;BR-262/MG;Leste;Colisão Lateral;2;;;;;;;;;;6;;;;
28/07/2019;15:54:00;333;sem vítima;428;BR-262/MG;Oeste;Choque - Veiculo parado no acostamento;2;;;;;;;;;;2;;;;
28/07/2019;17:12:00;383;sem vítima;446,2;BR-262/MG;Oeste;Colisão Traseira;1;;1;;;;;;;;2;;;;
28/07/2019;17:38:00;406;com vítima;415;BR-262/MG;Oeste;Tombamento;;;1;;;;;;;;0;;;1;
29/07/2019;06:34:00;41;com vítima;536,15;BR-153/GO;Norte;Tombamento;;;1;;;;;;;;0;1;;;
29/07/2019;07:09:00;58;sem vítima;634;BR-262/MG;Leste;Choque - Suporte de Sinalização;;;1;;;;;;;;2;;;;
29/07/2019;08:03:00;84;sem vítima;501;BR-153/GO;Sul;Colisão Lateral;1;;1;;;;;;;;2;;;;
29/07/2019;08:05:00;85;com vítima;89;BR-060/GO;Sul;Queda de Moto;;;;1;;;;;;;0;1;;;
29/07/2019;08:23:00;95;com vítima;519;BR-153/GO;Sul;Queda de Moto;;;;1;;;;;;;1;1;;;
29/07/2019;08:25:00;96;com vítima;501,4;BR-153/GO;Sul;Colisão Traseira;1;;;1;;;;;;;1;1;;;
29/07/2019;08:36:00;101;sem vítima;43;BR-060/GO;Norte;Colisão Traseira;1;;;;;1;;;;;6;;;;
29/07/2019;10:44:00;165;com vítima;654;BR-262/MG;Oeste;Capotamento;1;;;;;;;;;;0;;1;;
29/07/2019;11:17:00;181;com vítima;566;BR-153/GO;Norte;Capotamento;1;;;;;;;;;;0;1;;;