data;horario;n_da_ocorrencia;tipo_de_ocorrencia;km;trecho;sentido;tipo_de_acidente;automovel;bicicleta;caminhao;moto;onibus;outros;tracao_animal;transporte_de_cargas_especiais;trator_maquinas;utilitarios;ilesos;levemente_feridos;moderadamente_feridos;gravemente_feridos;mortos
29/07/2019;12:55:00;218;sem vítima;507;BR-153/GO;Sul;Colisão Traseira;2;;;;;;;;;;2;;;;
29/07/2019;13:18:00;231;sem vítima;243;BR-153/MG;Norte;Atropelamento de Animal;;;;;;;;;;1;1;;;;
29/07/2019;13:25:00;235;sem vítima;493;BR-153/GO;Sul;Queda de Moto;;;;1;;;;;;;2;;;;
29/07/2019;14:38:00;262;com vítima;62,5;BR-153/MG;Sul;Colisão Lateral;;;3;;;;;;;;2;;1;;
29/07/2019;19:30:00;396;sem vítima;800;BR-262/MG;Oeste;Capotamento;1;;;;;;;;;;1;;;;
29/07/2019;19:46:00;401;sem vítima;405;BR-262/MG;Leste;Capotamento;1;;;;;;;;;;4;;;;
30/07/2019;07:24:00;99;sem vítima;438;BR-262/MG;Oeste;Colisão Traseira;;;1;2;;;;;;;3;;;;
30/07/2019;11:01:00;217;sem vítima;577;BR-262/MG;Oeste;Choque - Outros;1;;;;;;;;;;1;;;;
30/07/2019;11:21:00;225;sem vítima;377;BR-262/MG;Oeste;Choque - Defensa, barreira ou "submarino";1;;;;;;;;;;1;;;;
30/07/2019;13:32:00;279;sem vítima;528;BR-262/MG;Oeste;Colisão Transversal;2;;;;;;;;;;2;;;;
30/07/2019;14:13:00;297;sem vítima;499;BR-153/GO;Norte;Queda de Moto;;;;1;;;;;;;1;;;;
30/07/2019;18:46:00;454;sem vítima;684;BR-153/GO;Norte;Saida de Pista;1;;;;;;;;;;1;;;;
31/07/2019;05:05:00;51;com vítima;137;BR-060/GO;Sul;Atropelamento - Ciclista;1;1;;;;;;;;;1;1;;;
31/07/2019;05:14:00;52;sem vítima;128;BR-060/GO;Norte;Colisão Traseira;;;1;;1;;;;;;19;;;;
31/07/2019;06:08:00;59;com vítima;780,5;BR-262/MG;Oeste;Colisão Frontal;;;2;;1;;;;;;16;;1;;
31/07/2019;07:42:00;85;com vítima;402,905;BR-262/MG;Oeste;Capotamento;;;1;;;;;;;;0;1;;;
31/07/2019;07:50:00;89;sem vítima;127,5;BR-060/GO;Sul;Engavetamento;3;;;;;;;;;;9;;;;
31/07/2019;07:53:00;90;sem vítima;764;BR-262/MG;Leste;Tombamento;;;1;;;;;;;;2;;;;
31/07/2019;08:21:00;102;sem vítima;573;BR-262/MG;Leste;Colisão Traseira;1;;1;;;;;;;;2;;;;
31/07/2019;11:29:00;199;com vítima;69,5;BR-060/GO;Sul;Queda de Ciclista;;1;;;;;;;;;0;;1;;
31/07/2019;14:02:00;269;sem vítima;92;BR-060/GO;Norte;Choque - Elemento de Drenagem;1;;;;;;;;;;1;;;;
31/07/2019;15:37:00;316;sem vítima;553,8;BR-262/MG;Leste;Tombamento;;;1;;;;;;;;1;;;;
31/07/2019;17:04:00;360;com vítima;812;BR-262/MG;Leste;Queda de Moto;1;;;1;;;;;;;1;;1;;
31/07/2019;19:31:00;444;com vítima;503;BR-153/GO;Norte;Queda de Moto;;;;1;;;;;;;0;;1;;
31/07/2019;20:09:00;465;sem vítima;504;BR-153/GO;Norte;Colisão Traseira;2;;;1;;;;;;;3;;;;
31/07/2019;20:51:00;479;sem vítima;514;BR-153/GO;Norte;Colisão Lateral;2;;;;;;;;;;2;;;;
01/09/2019;00:30:00;13;com vítima;401;BR-262/MG;Oeste;Capotamento;1;;;;;;;;;;0;2;1;;
01/09/2019;07:28:00;112;sem vítima;4;BR-060/DF;Norte;Colisão Transversal;1;;;1;;;;;;;2;;;;
01/09/2019;07:40:00;116;com vítima;460;BR-262/MG;Leste;Colisão Lateral;1;;;;1;;;;;;17;;1;;
01/09/2019;11:38:00;219;sem vítima;630;BR-153/GO;Norte;Colisão Traseira;1;;1;;;;;;;;2;;;;
01/09/2019;11:46:00;223;sem vítima;392;BR-262/MG;Leste;Choque - Objeto sobre a pista;1;;;;;;;;;;1;;;;
01/09/2019;12:06:00;231;com vítima;39;BR-060/GO;Norte;Queda de Moto;;;;1;;;;;;;1;;1;;
01/09/2019;12:44:00;242;com vítima;421;BR-262/MG;Leste;Queda de Moto;;;;1;;;;;;;0;2;;;
01/09/2019;16:41:00;341;sem vítima;436;BR-262/MG;Leste;Capotamento;1;;;;;;;;;;1;;;;
01/09/2019;16:55:00;352;com vítima;817;BR-262/MG;Oeste;Queda de Moto;;;;1;;;;;;;1;1;;;
01/09/2019;18:27:00;391;sem vítima;98;BR-060/GO;Sul;Capotamento;1;;;;;;;;;;1;;;;
01/09/2019;19:37:00;427;com vítima;7;BR-060/DF;Sul;Choque - Elemento de Drenagem;1;;;;;;;;;;0;1;;;
01/09/2019;21:37:00;469;sem vítima;96;BR-060/GO;Sul;Queda de Moto;;;;1;;;;;;;1;;;;
02/09/2019;07:41:00;89;sem vítima;495,5;BR-153/GO;Sul;Colisão Traseira;2;;;;;;;;;;2;;;;
02/09/2019;08:08:00;103;com vítima;31,506;BR-060/GO;Sul;Atropelamento - Morador;1;;;;;;;;;;2;;;;1
02/09/2019;09:07:00;155;sem vítima;4;BR-060/DF;Sul;Colisão Traseira;1;;1;;;;;;;;3;;;;
02/09/2019;11:17:00;236;sem vítima;693;BR-262/MG;Leste;Colisão Lateral;1;;1;;;;;;;;4;;;;
02/09/2019;11:58:00;260;com vítima;0;BR-060/DF;Sul;Colisão Transversal;;1;;1;;;;;;;2;;1;;
02/09/2019;13:13:00;291;com vítima;369;BR-262/MG;Oeste;Tombamento;;;1;;;;;;;;0;1;;;
02/09/2019;17:48:00;426;sem vítima;527;BR-153/GO;Norte;Tombamento;;;1;;;;;;;;1;;;;
02/09/2019;19:34:00;472;com vítima;505,2;BR-153/GO;Sul;Colisão Transversal;1;;;1;;;;;;;1;;;1;
03/09/2019;00:38:00;13;com vítima;148;BR-153/MG;Norte;Capotamento;;;;;1;;;;;;11;4;2;1;
03/09/2019;07:00:00;71;com vítima;513,6;BR-153/GO;Sul;Colisão Traseira;1;;;1;;;;;;;1;1;;;
03/09/2019;07:06:00;75;sem vítima;95;BR-060/GO;Sul;Capotamento;2;;;;;;;;;;2;;;;
03/09/2019;07:43:00;93;com vítima;8;BR-060/DF;Norte;Queda de Moto;;;;1;;;;;;;1;1;;;
03/09/2019;08:35:00;128;sem vítima;43;BR-060/GO;Sul;Choque - Defensa, barreira ou "submarino";1;;;;;;;;;;2;;;;
03/09/2019;09:43:00;178;sem vítima;495;BR-153/GO;Sul;Colisão Traseira;;;;;;;;;;2;2;;;;
03/09/2019;11:47:00;243;sem vítima;96;BR-060/GO;Sul;Colisão Traseira;2;;;;;;;;;;2;;;;
03/09/2019;12:35:00;261;sem vítima;461,85;BR-262/MG;Oeste;Colisão Lateral;;;2;;;;;;;;2;;;;
03/09/2019;13:04:00;272;sem vítima;493;BR-153/GO;Norte;Capotamento;1;;;;;;;;;;1;;;;
03/09/2019;13:06:00;274;sem vítima;365;BR-262/MG;Oeste;Choque - Defensa, barreira ou "submarino";1;;;;;;;;;;1;;;;
03/09/2019;16:56:00;450;com vítima;502;BR-153/GO;Sul;Colisão Lateral;1;;;;;1;;;;;1;1;;;
03/09/2019;17:36:00;478;com vítima;94,1;BR-153/MG;Sul;Colisão Traseira;;;2;;;;;;;;0;3;;;
03/09/2019;18:52:00;516;com vítima;552,4;BR-153/GO;Sul;Atropelamento - Ciclista;1;1;;;;;;;;;1;;;;1
03/09/2019;19:16:00;524;sem vítima;505;BR-153/GO;Sul;Colisão Traseira;1;;1;;;;;;;;3;;;;
03/09/2019;20:39:00;558;sem vítima;675;BR-262/MG;Leste;Choque - Objeto sobre a pista;1;;;;;;;;;;1;;;;
03/09/2019;22:22:00;607;com vítima;46;BR-153/MG;Sul;Queda de Moto;;;;1;;;;;;;0;;1;;
03/09/2019;23:11:00;626;com vítima;98;BR-060/GO;Sul;Colisão Traseira;1;;;;1;;;;;;2;2;;;
03/09/2019;23:23:00;634;com vítima;685;BR-153/GO;Norte;Queda de Moto;;;;1;;;;;;;0;1;;;
04/09/2019;01:38:00;25;sem vítima;493;BR-262/MG;Leste;Tombamento;;;1;;;;;;;;2;;;;
04/09/2019;07:49:00;112;sem vítima;93;BR-060/GO;Sul;Colisão Lateral;1;;1;;;;;;;;2;;;;
04/09/2019;08:36:00;149;com vítima;3;BR-060/DF;Sul;Colisão Traseira;1;;;1;;;;;;;1;1;;;
04/09/2019;12:18:00;277;sem vítima;491;BR-153/GO;Sul;Atropelamento - Morador;1;;;;;;;;;;2;;;;
04/09/2019;16:09:00;412;com vítima;568;BR-262/MG;Oeste;Capotamento;1;;;;;;;;;;1;1;;;
04/09/2019;16:21:00;422;sem vítima;123;BR-060/GO;Norte;Colisão Transversal;1;;;;;;;;;1;2;;;;
04/09/2019;16:27:00;430;com vítima;49;BR-060/GO;Sul;Colisão Traseira;1;;1;;;;;;;;1;1;1;;
04/09/2019;17:26:00;464;sem vítima;175;BR-153/MG;Norte;Choque- Placa/Suporte Sinalização;;;1;;;;;;;;1;;;;
04/09/2019;17:40:00;475;sem vítima;501;BR-153/GO;Sul;Colisão Traseira;1;;;;;1;;;;;2;;;;
04/09/2019;19:14:00;519;sem vítima;547;BR-153/GO;Sul;Choque - Objeto sobre a pista;1;;;;;;;;;;1;;;;
04/09/2019;20:04:00;544;sem vítima;2;BR-060/GO;Sul;Colisão Transversal;1;;;;;;;;;1;2;;;;
04/09/2019;20:29:00;554;com vítima;493;BR-153/GO;Norte;Queda de Moto;;;;1;;;;;;;0;1;;;
05/09/2019;06:42:00;100;sem vítima;497;BR-153/GO;Sul;Colisão Lateral;2;;;;;;;;;;2;;;;
05/09/2019;07:27:00;117;sem vítima;4;BR-060/DF;Sul;Colisão Lateral;;;2;;;;;;;;2;;;;
05/09/2019;07:31:00;119;sem vítima;498;BR-153/GO;Sul;Colisão Lateral;2;;1;;;;;;;;3;;;;
05/09/2019;07:32:00;121;sem vítima;494,8;BR-153/GO;Norte;Colisão Lateral;1;;;1;;;;;;;2;;;;
05/09/2019;08:09:00;141;sem vítima;501;BR-153/GO;Norte;Colisão Lateral;1;;1;;;;;;;;3;;;;
05/09/2019;08:50:00;178;sem vítima;502;BR-153/GO;Norte;Colisão Traseira;2;;;;;;;;;;2;;;;
05/09/2019;09:47:00;213;sem vítima;795;BR-262/MG;Oeste;Engavetamento;;;3;;;;;;;;3;;;;
05/09/2019;10:31:00;243;sem vítima;101;BR-060/GO;Norte;Colisão Traseira;2;;;;;;;;;;2;;;;
05/09/2019;12:57:00;316;com vítima;507;BR-153/GO;Sul;Queda de Moto;;;;1;;;;;;;0;;2;;
05/09/2019;13:45:00;334;com vítima;511,3;BR-153/GO;Sul;Queda de Moto;;;;1;;;;;;;0;;1;;
05/09/2019;14:42:00;363;sem vítima;389;BR-262/MG;Oeste;Choque - Talude;;;1;;;;;;;;1;;;;
05/09/2019;16:20:00;405;sem vítima;125;BR-060/GO;Sul;Colisão Lateral;1;;1;;;;;;;;2;;;;
05/09/2019;16:53:00;426;sem vítima;31,5;BR-060/GO;Sul;Colisão Traseira;2;;;;;;;;;;2;;;;
05/09/2019;17:12:00;438;com vítima;2;BR-060/GO;Norte;Colisão Traseira;1;;1;;;;;;;;1;1;;;
05/09/2019;17:31:00;451;sem vítima;365;BR-262/MG;Oeste;Colisão Traseira;1;;;;;1;;;;;2;;;;
05/09/2019;20:27:00;568;com vítima;14,5;BR-060/GO;Norte;Atropelamento de Animal;1;;;;;;;;;;0;;2;;
05/09/2019;22:03:00;599;com vítima;863,5;BR-262/MG;Oeste;Choque - Veiculo parado no acostamento;1;;1;;;;;;;;2;;1;;
06/09/2019;00:22:00;7;sem vítima;426;BR-262/MG;Oeste;Capotamento;1;;;;;;;;;;1;;;;
06/09/2019;09:06:00;179;com vítima;775;BR-262/MG;Oeste;Queda de Moto;;;;1;;;;;;;0;1;;;
06/09/2019;10:54:00;242;com vítima;627;BR-153/GO;Norte;Colisão Traseira;;;2;;;;;;;;1;1;;;
06/09/2019;12:11:00;293;com vítima;508;BR-153/GO;Norte;Colisão Traseira;2;;;;;;;;;;1;1;;;
06/09/2019;16:29:00;416;sem vítima;498,5;BR-153/GO;Sul;Engavetamento;3;;;;;;;;;;3;;;;
06/09/2019;17:05:00;440;com vítima;52;BR-060/GO;Sul;Queda de Moto;;;;1;;;;;;;0;1;1;;
06/09/2019;17:27:00;457;sem vítima;4;BR-060/GO;Norte;Choque - Talude;;;1;;;;;;;;1;;;;
06/09/2019;18:11:00;489;com vítima;506,5;BR-153/GO;Norte;Queda de Moto;;;;1;;;;;;;0;1;;;
06/09/2019;19:33:00;543;com vítima;531;BR-153/GO;Sul;Queda de Moto;;;;1;;;;;;;0;2;;;
06/09/2019;20:31:00;581;com vítima;134;BR-060/GO;Norte;Queda de Moto;;;;1;;;;;;;0;1;;;
06/09/2019;20:41:00;588;sem vítima;499,5;BR-153/GO;Sul;Engavetamento;3;;;;;;;;;;3;;;;
06/09/2019;21:21:00;613;sem vítima;34;BR-153/MG;Norte;Tombamento;;;1;;;1;;;;;2;;;;
06/09/2019;21:36:00;627;sem vítima;468,81;BR-262/MG;Leste;Colisão Traseira;1;;1;;;;;;;;2;;;;
06/09/2019;22:30:00;657;sem vítima;40;BR-060/GO;Sul;Saida de Pista;1;;;;;;;;;;4;;;;
06/09/2019;23:56:00;688;sem vítima;34,1;BR-153/MG;Norte;Choque - Veiculo parado no acostamento;1;;1;;;1;;;;;3;;;;
07/09/2019;01:20:00;26;com vítima;515;BR-153/GO;Sul;Colisão Traseira;1;;;1;;;;;;;1;1;;;
07/09/2019;02:11:00;41;sem vítima;42;BR-060/GO;Sul;Colisão Traseira;1;;1;;;;;;;;2;;;;
07/09/2019;02:20:00;45;sem vítima;148;BR-153/MG;Norte;Choque- Placa/Suporte Sinalização;;;1;;;;;;;;1;;;;
07/09/2019;02:46:00;53;sem vítima;463,3;BR-262/MG;Oeste;Choque - Defensa, barreira ou "submarino";1;;;;;;;;;;1;;;;
07/09/2019;04:52:00;72;com vítima;508,9;BR-153/GO;Sul;Queda de Moto;;;;1;;;;;;;0;;1;;
07/09/2019;05:15:00;77;sem vítima;132,9;BR-060/GO;Norte;Colisão Traseira;1;;;;;1;;;;;2;;;;
07/09/2019;10:22:00;228;sem vítima;362;BR-262/MG;Leste;Queda de Ciclista;;2;;;;;;;;;2;;;;
07/09/2019;10:28:00;230;sem vítima;433;BR-262/MG;Leste;Capotamento;1;;;;;;;;;;2;;;;
07/09/2019;10:40:00;243;sem vítima;131,2;BR-060/GO;Norte;Engavetamento;4;;;;;;;;;;7;;;;
07/09/2019;11:36:00;276;sem vítima;101,36;BR-060/GO;Norte;Colisão Traseira;2;;;;;;;;;;2;;;;
07/09/2019;13:05:00;333;sem vítima;771;BR-262/MG;Oeste;Choque - Talude;;;;;;1;;;;1;2;;;;
07/09/2019;13:33:00;347;com vítima;485;BR-262/MG;Leste;Capotamento;1;;;;;;;;;;0;1;;;
07/09/2019;14:02:00;364;com vítima;460;BR-262/MG;Oeste;Capotamento;1;;;;;;;;;;0;;;1;
07/09/2019;15:38:00;399;com vítima;229,5;BR-153/MG;Sul;Tombamento;;;1;;;;;;;;0;;;1;
07/09/2019;15:41:00;400;sem vítima;648;BR-153/GO;Sul;Saida de Pista;;;1;;;;;;;;2;;;;
07/09/2019;16:16:00;415;sem vítima;757;BR-262/MG;Oeste;Choque - Arvore;;;1;;;;;;;;3;;;;
07/09/2019;21:11:00;556;com vítima;442,05;BR-262/MG;Leste;Queda de Moto;;;;1;;;;;;;0;1;;;
07/09/2019;23:10:00;597;com vítima;357,424;BR-262/MG;Oeste;Colisão Frontal;1;;;;;;;;;1;2;;3;;
08/09/2019;03:50:00;60;sem vítima;359;BR-262/MG;Oeste;Atropelamento de Animal;1;;;;;;;;;;2;;;;
08/09/2019;05:12:00;70;sem vítima;506,588;BR-153/GO;Sul;Capotamento;1;;;;;;;;;;1;;;;
08/09/2019;07:44:00;99;com vítima;368,56;BR-262/MG;Oeste;Choque - Outros;1;;;;;;;;;;0;1;;;
08/09/2019;09:15:00;151;sem vítima;117;BR-060/GO;Sul;Colisão Transversal;2;;;;;;;;;;2;;;;
08/09/2019;11:32:00;227;sem vítima;58;BR-153/MG;Norte;Tombamento;;;1;;;;;;;;1;;;;
08/09/2019;12:53:00;263;sem vítima;442;BR-262/MG;Leste;Colisão Traseira;1;;;;;1;;;;;3;;;;
08/09/2019;13:51:00;282;com vítima;597,73;BR-153/GO;Norte;Colisão Lateral;;;1;;;;;;;1;4;1;;;
08/09/2019;15:57:00;366;sem vítima;687,1;BR-262/MG;Leste;Colisão Traseira;1;;1;;;;;;;;2;;;;
08/09/2019;16:06:00;370;com vítima;615;BR-262/MG;Leste;Colisão Frontal;;;1;;;;;;;1;1;;;;1
08/09/2019;16:59:00;416;sem vítima;14;BR-060/GO;Norte;Colisão Traseira;;;;;2;;;;;;2;;;;
08/09/2019;17:13:00;424;sem vítima;14;BR-060/GO;Norte;Saida de Pista;1;;;;;;;;;;1;;;;
08/09/2019;17:39:00;440;sem vítima;234;BR-153/MG;Sul;Saida de Pista;1;;;;;;;;;;2;;;;
08/09/2019;18:39:00;481;com vítima;114,8;BR-153/MG;Norte;Engavetamento;1;;2;;;;;;;;2;1;1;;
08/09/2019;19:07:00;502;com vítima;8,5;BR-153/MG;Sul;Capotamento;1;;;;;;;;;;4;;1;;
08/09/2019;19:14:00;504;sem vítima;13;BR-060/GO;Norte;Colisão Traseira;2;;;;;;;;;;2;;;;
08/09/2019;20:21:00;542;sem vítima;372;BR-262/MG;Leste;Choque - Outros;1;;;;;;;;;;1;;;;
08/09/2019;20:23:00;544;com vítima;363,7;BR-262/MG;Oeste;Atropelamento - Outros;1;;;;;;;;;;0;1;;;2
08/09/2019;21:26:00;573;sem vítima;364;BR-262/MG;Leste;Colisão Traseira;2;;;;;;;;;;3;;;;
09/09/2019;01:26:00;18;sem vítima;575;BR-262/MG;Leste;Colisão Lateral;2;;;;;;;;;;5;;;;
09/09/2019;07:20:00;123;com vítima;509;BR-153/GO;Norte;Engavetamento;6;;2;2;;;;;;;12;2;;;
09/09/2019;12:23:00;312;com vítima;811;BR-262/MG;Leste;Colisão Traseira;1;;;1;;;;;;;1;;;1;
09/09/2019;15:37:00;417;com vítima;509;BR-262/MG;Oeste;Choque- Placa/Suporte Sinalização;1;;;;;;;;;;1;1;;;
09/09/2019;16:35:00;443;sem vítima;544,24;BR-153/GO;Sul;Colisão Traseira;;;;;;;;;;2;2;;;;
09/09/2019;16:35:00;444;com vítima;814;BR-262/MG;Oeste;Colisão Lateral;2;;;;;;;;;;3;2;1;;
09/09/2019;17:54:00;479;sem vítima;388;BR-262/MG;Oeste;Tombamento;;;1;;;;;;;;1;;;;
09/09/2019;18:28:00;501;com vítima;499,3;BR-153/GO;Sul;Colisão Transversal;;;1;1;;;;;;;1;;1;;
09/09/2019;20:32:00;551;com vítima;826,854;BR-262/MG;Leste;Queda de Moto;;;;1;;;;;;;0;1;;;
09/09/2019;20:36:00;554;sem vítima;182;BR-153/MG;Sul;Atropelamento de Animal;1;;;;;;;;;;1;;;;
10/09/2019;02:15:00;44;com vítima;31;BR-060/GO;Norte;Choque - Veiculo parado no acostamento;1;;1;;;;;;;;0;1;1;;
10/09/2019;05:40:00;79;com vítima;582;BR-262/MG;Oeste;Tombamento;;;1;;;;;;;;0;1;;;
10/09/2019;07:04:00;102;sem vítima;131;BR-060/GO;Sul;Tombamento;;;1;;;;;;;;1;;;;
10/09/2019;09:17:00;182;sem vítima;157;BR-153/MG;Sul;Colisão Traseira;1;;1;;;;;;;;2;;;;
10/09/2019;09:44:00;199;com vítima;460;BR-262/MG;Leste;Colisão Lateral;;;;1;;;;;;1;1;1;;;
10/09/2019;10:08:00;211;sem vítima;855,7;BR-262/MG;Oeste;Colisão Transversal;2;;;;;;;;;;2;;;;
10/09/2019;17:18:00;414;sem vítima;21;BR-153/MG;Norte;Colisão Traseira;1;;1;;;;;;;;2;;;;
10/09/2019;17:42:00;432;com vítima;463;BR-262/MG;Leste;Colisão Lateral;1;;1;;;;;;;;1;1;;;
10/09/2019;17:42:00;433;sem vítima;594;BR-153/GO;Sul;Tombamento;;;1;;;;;;;;1;;;;
10/09/2019;18:44:00;460;com vítima;495,726;BR-153/GO;Norte;Atropelamento - Morador;;;;1;;;;;;;1;1;;;
11/09/2019;02:22:00;30;com vítima;129;BR-060/GO;Sul;Colisão Traseira;;;1;;;1;;;;;1;1;;;
11/09/2019;06:29:00;83;sem vítima;739;BR-262/MG;Leste;Tombamento;;;1;;;;;;;;1;;;;
11/09/2019;07:39:00;118;com vítima;92;BR-060/GO;Sul;Atropelamento - Morador;1;;;;;;;;;;1;1;;;
11/09/2019;08:22:00;150;sem vítima;672,12;BR-262/MG;Leste;Objeto lançado contra veículo;1;;1;;;1;;;;;3;;;;
11/09/2019;10:14:00;225;sem vítima;769;BR-262/MG;Leste;Colisão Traseira;;;2;;;;;;;;2;;;;
11/09/2019;11:08:00;266;sem vítima;513;BR-262/MG;Leste;Colisão Traseira;2;;;;;;;;;;2;;;;
11/09/2019;11:17:00;273;com vítima;4;BR-060/DF;Norte;Capotamento;1;;;;;;;;;;0;1;;;
11/09/2019;13:04:00;331;com vítima;117,23;BR-060/GO;Norte;Colisão Transversal;1;;;1;;;;;;;1;2;;;
11/09/2019;13:33:00;344;sem vítima;516;BR-153/GO;Norte;Colisão Lateral;2;;;;;;;;;;3;;;;
11/09/2019;14:00:00;361;sem vítima;722;BR-262/MG;Oeste;Colisão Traseira;;;2;;;;;;;;2;;;;
11/09/2019;14:27:00;380;sem vítima;788,15;BR-262/MG;Leste;Colisão Traseira;2;;;;;;;;;;4;;;;
11/09/2019;15:10:00;401;sem vítima;694,155;BR-153/GO;Sul;Capotamento;1;;;;;;;;;;1;;;;
11/09/2019;18:41:00;505;com vítima;478;BR-262/MG;Oeste;Colisão Lateral;1;;1;;;;;;;;2;1;2;;
11/09/2019;19:55:00;548;com vítima;244;BR-153/MG;Norte;Queda de Moto;;;;1;;;;;;;0;1;;;
12/09/2019;05:52:00;95;com vítima;512;BR-153/GO;Sul;Queda de Moto;;;;1;;;;;;;0;1;;;
12/09/2019;07:04:00;117;sem vítima;443,25;BR-262/MG;Oeste;Atropelamento de Animal;1;;;;;;;;;;2;;;;
12/09/2019;07:17:00;125;sem vítima;494,55;BR-153/GO;Sul;Engavetamento;2;;;;;;;;;1;5;;;;
12/09/2019;08:21:00;164;sem vítima;650;BR-262/MG;Oeste;Choque - Talude;1;;;;;;;;;;1;;;;
12/09/2019;10:04:00;243;sem vítima;517;BR-153/GO;Sul;Tombamento;;;1;;;;;;;;1;;;;
12/09/2019;12:51:00;327;com vítima;92;BR-060/GO;Norte;Queda de Moto;;;;1;;;;;;;0;1;;;
12/09/2019;16:25:00;419;sem vítima;499;BR-153/GO;Sul;Engavetamento;1;;1;;;;;;;1;3;;;;
12/09/2019;17:26:00;459;sem vítima;501;BR-153/GO;Sul;Engavetamento;3;;;;;;;;;;3;;;;
12/09/2019;18:46:00;498;sem vítima;802;BR-262/MG;Oeste;Colisão Lateral;2;;;;;;;;;;2;;;;
12/09/2019;20:13:00;551;com vítima;535;BR-153/GO;Norte;Capotamento;1;;;;;;;;;;0;;1;;
13/09/2019;05:39:00;90;sem vítima;529,675;BR-153/GO;Sul;Colisão Traseira;2;;;;;;;;;;2;;;;
13/09/2019;07:56:00;137;com vítima;495,2;BR-153/GO;Sul;Colisão Traseira;;;;1;;1;;;;;1;1;;;
13/09/2019;08:26:00;159;sem vítima;500;BR-153/GO;Sul;Colisão Traseira;2;;;;;;;;;;2;;;;
13/09/2019;10:59:00;248;sem vítima;469;BR-262/MG;Leste;Colisão Traseira;2;;;;;;;;;;4;;;;
13/09/2019;15:43:00;421;com vítima;660;BR-153/GO;Norte;Capotamento;1;;;;;;;;;;0;1;;;
13/09/2019;16:46:00;465;sem vítima;437;BR-262/MG;Oeste;Choque - Defensa, barreira ou "submarino";1;;;;;;;;;;1;;;;
13/09/2019;16:21:00;496;sem vítima;115;BR-060/GO;Sul;Colisão Lateral;;;1;;;;;;;1;2;;;;
13/09/2019;17:30:00;498;sem vítima;785,8;BR-262/MG;Oeste;Queda de Moto;;;;1;;;;;;;2;;;;
13/09/2019;18:04:00;521;sem vítima;439;BR-262/MG;Leste;Colisão Traseira;2;;;;;;;;;;2;;;;
13/09/2019;18:12:00;526;sem vítima;501;BR-153/GO;Sul;Colisão Transversal;1;;1;;;;;;;;2;;;;
13/09/2019;18:19:00;531;sem vítima;438;BR-262/MG;Leste;Colisão Traseira;2;;;;;;;;;;2;;;;
13/09/2019;18:39:00;539;sem vítima;439,2;BR-262/MG;Leste;Colisão Traseira;2;;;;;;;;;;2;;;;
13/09/2019;19:03:00;550;sem vítima;801;BR-262/MG;Leste;Colisão Traseira;2;;;;;;;;;;3;;;;
13/09/2019;19:18:00;560;sem vítima;2;BR-060/GO;Sul;Colisão Lateral;1;;1;;;;;;;;5;;;;
13/09/2019;21:45:00;628;sem vítima;356;BR-262/MG;Leste;Atropelamento de Animal;;;;;;;;;;1;1;;;;
13/09/2019;22:55:00;654;sem vítima;688;BR-262/MG;Leste;Tombamento;;;1;;;1;;;;;2;;;;
13/09/2019;23:36:00;664;com vítima;500;BR-153/GO;Norte;Choque - Defensa, barreira ou "submarino";;;;1;;;;;;;0;2;;;
14/09/2019;03:30:00;55;sem vítima;651;BR-262/MG;Oeste;Tombamento;;;1;;;;;;;;2;;;;
14/09/2019;07:08:00;97;sem vítima;506;BR-153/GO;Sul;Saida de Pista;1;;;;;;;;;;1;;;;
14/09/2019;08:09:00;118;com vítima;435,5;BR-262/MG;Leste;Queda de Moto;;;;1;;;;;;;0;1;;;
14/09/2019;10:36:00;185;sem vítima;500;BR-153/GO;Norte;Engavetamento;3;;;;;;;;;;3;;;;
14/09/2019;10:44:00;191;sem vítima;496;BR-153/GO;Norte;Colisão Traseira;;;;;;;;;;2;3;;;;
14/09/2019;13:46:00;284;sem vítima;664,471;BR-262/MG;Leste;Choque - Arvore;;;1;;;;;;;;1;;;;
14/09/2019;15:44:00;345;sem vítima;80;BR-060/GO;Sul;Saida de Pista;1;;;;;;;;;;2;;;;
14/09/2019;16:56:00;380;com vítima;136;BR-060/GO;Sul;Colisão Lateral;1;;;1;;;;;;;1;1;1;;
14/09/2019;17:19:00;391;sem vítima;21;BR-060/GO;Sul;Colisão Lateral;1;;1;;;;;;;;2;;;;
14/09/2019;17:20:00;392;com vítima;405;BR-262/MG;Oeste;Capotamento;1;;;;;;;;;;0;1;;;
14/09/2019;17:30:00;396;sem vítima;427;BR-262/MG;Leste;Capotamento;1;;;;;;;;;;1;;;;
14/09/2019;21:56:00;534;sem vítima;108;BR-060/GO;Norte;Choque - Defensa, barreira ou "submarino";2;;;;;;;;;;3;;;;
15/09/2019;02:30:00;26;sem vítima;505;BR-153/GO;Sul;Colisão Lateral;;;;1;;1;;;;;3;;;;
15/09/2019;02:59:00;30;sem vítima;30;BR-060/DF;Norte;Colisão Traseira;;;2;;;;;;;;2;;;;
15/09/2019;03:23:00;33;com vítima;11,6;BR-060/DF;Sul;Queda de Moto;;;;1;;;;;;;0;1;;;
15/09/2019;03:44:00;36;sem vítima;504;BR-262/MG;Oeste;Queda de Moto;;;;1;;;;;;;1;;;;
15/09/2019;06:06:00;66;sem vítima;508,3;BR-153/GO;Norte;Colisão Transversal;1;;1;;;;;;;;2;;;;
15/09/2019;07:19:00;87;com vítima;866,045;BR-262/MG;Oeste;Tombamento;;;1;;;;;;;;0;1;;;
15/09/2019;10:03:00;164;sem vítima;49;BR-153/MG;Norte;Capotamento;1;;;;;;;;;;1;;;;
15/09/2019;10:17:00;175;sem vítima;20,76;BR-153/MG;Norte;Choque - Elemento de Drenagem;1;;;;;;;;;;1;;;;