data;horario;n_da_ocorrencia;tipo_de_ocorrencia;km;trecho;sentido;tipo_de_acidente;automovel;bicicleta;caminhao;moto;onibus;outros;tracao_animal;transporte_de_cargas_especiais;trator_maquinas;utilitarios;ilesos;levemente_feridos;moderadamente_feridos;gravemente_feridos;mortos
15/09/2019;14:53:00;342;com vítima;693;BR-153/GO;Norte;Colisão Traseira;1;;1;;;;;;;;2;1;;;
15/09/2019;15:07:00;349;sem vítima;495;BR-153/GO;Sul;Colisão Lateral;1;;1;;;;;;;;2;;;;
15/09/2019;17:08:00;424;com vítima;31;BR-060/DF;Norte;Colisão Traseira;1;;;;;1;;;;;1;3;;;
15/09/2019;17:29:00;432;sem vítima;498;BR-153/GO;Sul;Colisão Traseira;1;;1;;;;;;;;2;;;;
15/09/2019;18:18:00;463;sem vítima;0;BR-060/GO;Norte;Colisão Traseira;2;;;;;;;;;;2;;;;
15/09/2019;21:11:00;542;sem vítima;529,7;BR-153/GO;Sul;Saida de Pista;1;;;;;;;;;;3;;;;
15/09/2019;21:48:00;556;sem vítima;792;BR-262/MG;Oeste;Colisão Traseira;2;;;;;;;;;;3;;;;
15/09/2019;22:43:00;571;sem vítima;579;BR-262/MG;Oeste;Choque - Defensa, barreira ou "submarino";1;;;;;;;;;;5;;;;
15/09/2019;23:51:00;585;sem vítima;426,5;BR-262/MG;Leste;Choque - Objeto sobre a pista;1;;;;;;;;;;1;;;;
16/09/2019;07:07:00;88;sem vítima;434;BR-262/MG;Oeste;Saida de Pista;1;;;;;;;;;;1;;;;
16/09/2019;07:32:00;98;sem vítima;499;BR-153/GO;Sul;Engavetamento;4;;;;;;;;;;4;;;;
16/09/2019;07:54:00;113;sem vítima;210,15;BR-153/MG;Norte;Tombamento;;;1;;;;;;;;1;;;;
16/09/2019;08:02:00;117;sem vítima;125,5;BR-060/GO;Norte;Colisão Traseira;1;;1;;;;;;;;2;;;;
16/09/2019;08:43:00;152;sem vítima;502,9;BR-153/GO;Norte;Colisão Traseira;2;;;;;;;;;;2;;;;
16/09/2019;08:48:00;156;sem vítima;503;BR-153/GO;Norte;Colisão Traseira;2;;;;;;;;;;2;;;;
16/09/2019;16:18:00;404;sem vítima;622;BR-262/MG;Leste;Choque - Elemento de Drenagem;1;;;;;;;;;;1;;;;
16/09/2019;17:02:00;431;sem vítima;783;BR-262/MG;Oeste;Tombamento;;;1;;;;;;;;1;;;;
17/09/2019;00:02:00;2;sem vítima;514;BR-153/GO;Norte;Colisão Lateral;2;;;;;;;;;;7;;;;
17/09/2019;01:44:00;18;com vítima;420;BR-262/MG;Leste;Colisão Traseira;;;2;;;;;;;;1;;;1;
17/09/2019;02:51:00;36;com vítima;436,2;BR-262/MG;Oeste;Capotamento;;;1;;;;;;;;0;;;;1
17/09/2019;04:56:00;56;sem vítima;92;BR-060/GO;Norte;Saida de Pista;;;1;;;;;;;;1;;;;
17/09/2019;07:11:00;95;sem vítima;556;BR-262/MG;Oeste;Colisão Lateral;;;3;;;;;;;;3;;;;
17/09/2019;07:31:00;105;sem vítima;642;BR-153/GO;Norte;Colisão Traseira;1;;1;;;;;;;;4;;;;
17/09/2019;07:33:00;107;com vítima;514;BR-153/GO;Norte;Queda de Moto;;;;1;;;;;;;0;1;;;
17/09/2019;07:38:00;110;com vítima;503;BR-153/GO;Norte;Engavetamento;4;;;;;;;;;;3;1;;;
17/09/2019;07:52:00;118;com vítima;16;BR-060/GO;Norte;Capotamento;1;;;;;1;;;;;1;1;;;
17/09/2019;07:57:00;120;sem vítima;501;BR-153/GO;Sul;Colisão Traseira;2;;;;;;;;;;2;;;;
17/09/2019;13:45:00;335;sem vítima;500;BR-153/GO;Sul;Colisão Traseira;;;2;;;;;;;;4;;;;
17/09/2019;14:01:00;339;com vítima;398;BR-262/MG;Oeste;Colisão Transversal;1;;;1;;;;;;;1;;1;;
17/09/2019;15:55:00;404;sem vítima;500,5;BR-153/GO;Norte;Queda de Moto;;;;1;;;;;;;1;;;;
17/09/2019;16:46:00;429;sem vítima;507;BR-153/GO;Norte;Colisão Lateral;;;2;;;;;;;;2;;;;
17/09/2019;17:52:00;462;sem vítima;509;BR-153/GO;Norte;Engavetamento;2;;;;;2;;;;;4;;;;
17/09/2019;18:35:00;489;com vítima;449;BR-262/MG;Leste;Atropelamento - Ciclista;;1;;1;;;;;;;1;;1;;
17/09/2019;21:23:00;563;sem vítima;495;BR-153/GO;Norte;Choque- Placa/Suporte Sinalização;1;;;;;;;;;;1;;;;
17/09/2019;22:51:00;595;sem vítima;582,9;BR-153/GO;Norte;Capotamento;1;;;;;;;;;;1;;;;
17/09/2019;23:40:00;611;com vítima;500,8;BR-153/GO;Norte;Choque - Defensa, barreira ou "submarino";1;;;;;;;;;;0;1;;;
18/09/2019;05:06:00;72;sem vítima;404;BR-262/MG;Leste;Capotamento;;;1;;;;;;;;1;;;;
18/09/2019;06:56:00;103;sem vítima;479;BR-262/MG;Leste;Tombamento;1;;;;;1;;;;;2;;;;
18/09/2019;07:52:00;129;sem vítima;500;BR-153/GO;Sul;Colisão Lateral;1;;1;;;;;;;;2;;;;
18/09/2019;16:01:00;399;sem vítima;543;BR-153/GO;Norte;Saida de Pista;1;;;;;;;;;;1;;;;
18/09/2019;16:26:00;419;sem vítima;419;BR-262/MG;Leste;Queda de Moto;;;;1;;;;;;;2;;;;
18/09/2019;17:18:00;444;com vítima;404;BR-262/MG;Oeste;Colisão Traseira;;;1;1;;;;;;;1;;;;1
18/09/2019;19:28:00;516;sem vítima;508,757;BR-153/GO;Norte;Colisão Lateral;1;;1;;;;;;;;2;;;;
18/09/2019;19:39:00;519;com vítima;33,85;BR-060/GO;Sul;Atropelamento - Andarilho;;;;;;;;;;1;1;;;1;
19/09/2019;03:53:00;66;com vítima;671,8;BR-262/MG;Oeste;Tombamento;;;1;;;;;;;;0;1;;;
19/09/2019;07:01:00;123;com vítima;492;BR-153/GO;Norte;Colisão Transversal;;1;;1;;;;;;;1;;1;;
19/09/2019;07:22:00;138;sem vítima;43;BR-060/GO;Norte;Colisão Traseira;;;;1;;1;;;;;2;;;;
19/09/2019;09:31:00;234;sem vítima;671;BR-262/MG;Oeste;Colisão Traseira;2;;;;;1;;;;;3;;;;
19/09/2019;18:29:00;579;sem vítima;507,5;BR-153/GO;Sul;Queda de Moto;;;;1;;;;;;;1;;;;
19/09/2019;18:53:00;592;sem vítima;506;BR-153/GO;Norte;Capotamento;1;;;;;;;;;;1;;;;
19/09/2019;18:57:00;593;com vítima;507;BR-153/GO;Sul;Engavetamento;2;;1;1;;;;;;;5;2;;;
19/09/2019;23:14:00;703;sem vítima;4;BR-060/DF;Sul;Colisão Lateral;2;;;;;;;;;;3;;;;
20/09/2019;00:11:00;2;sem vítima;13;BR-060/DF;Sul;Capotamento;1;;;;;;;;;;1;;;;
20/09/2019;09:48:00;206;sem vítima;495;BR-153/GO;Sul;Saida de Pista;1;;;;;;;;;;1;;;;
20/09/2019;10:02:00;214;sem vítima;148;BR-153/MG;Norte;Colisão Lateral;1;;1;;;;;;;;2;;;;
20/09/2019;11:30:00;267;sem vítima;567,5;BR-262/MG;Leste;Colisão Frontal;2;;;;;;;;;;4;;;;
20/09/2019;12:12:00;296;com vítima;575;BR-153/GO;Norte;Capotamento;1;;;;;;;;;;0;1;;;
20/09/2019;14:06:00;362;sem vítima;136;BR-060/GO;Norte;Objeto lançado contra veículo;1;;;;;;;;;;1;;;;
20/09/2019;14:19:00;371;com vítima;101,15;BR-060/GO;Norte;Queda de Moto;;;;1;;1;;;;;1;1;;;
20/09/2019;16:30:00;472;com vítima;90;BR-060/GO;Sul;Colisão Traseira;1;;;1;;;;;;;1;1;;;
20/09/2019;17:08:00;496;sem vítima;501;BR-153/GO;Sul;Engavetamento;3;;;;;;;;;;3;;;;
20/09/2019;17:23:00;507;sem vítima;500;BR-153/GO;Sul;Colisão Traseira;;;1;;;;;;;1;2;;;;
20/09/2019;17:57:00;529;com vítima;507,5;BR-153/GO;Sul;Colisão Traseira;;;;2;;;;;;;1;1;;;
20/09/2019;19:04:00;555;sem vítima;668;BR-153/GO;Norte;Colisão Traseira;1;;1;;;;;;;;4;;;;
20/09/2019;19:45:00;575;com vítima;118;BR-060/GO;Sul;Colisão Transversal;1;;1;;;;;;;;1;1;;;
20/09/2019;19:45:00;578;sem vítima;185;BR-153/MG;Sul;Saida de Pista;;;1;;;;;;;;1;;;;
20/09/2019;21:06:00;620;sem vítima;129;BR-060/GO;Sul;Choque - Elemento de Drenagem;2;;;;;;;;;;2;;;;
21/09/2019;00:07:00;6;sem vítima;3;BR-153/MG;Norte;Choque - Defensa, barreira ou "submarino";1;;;;;;;;;;1;;;;
21/09/2019;04:18:00;76;com vítima;454;BR-262/MG;Leste;Capotamento;1;;;;;;;;;;2;2;;;
21/09/2019;07:42:00;144;sem vítima;93;BR-060/GO;Norte;Choque - Defensa, barreira ou "submarino";1;;;;;;;;;;1;;;;
21/09/2019;09:04:00;203;com vítima;415;BR-262/MG;Oeste;Queda de Moto;;;;1;;;;;;;0;1;;;
21/09/2019;14:23:00;364;sem vítima;15,5;BR-060/GO;Sul;Saida de Pista;;;1;;;;;;;;1;;;;
21/09/2019;22:43:00;640;com vítima;136,5;BR-153/MG;Norte;Colisão Traseira;;;1;;;;;;;1;0;2;;;
22/09/2019;03:14:00;60;com vítima;47;BR-060/GO;Norte;Capotamento;1;;;;;;;;;;0;;1;;
22/09/2019;05:01:00;81;com vítima;96;BR-060/GO;Norte;Choque - Talude;1;;;;;;;;;;0;1;;;
22/09/2019;09:17:00;194;com vítima;172,5;BR-153/MG;Sul;Queda de Moto;;;;1;;;;;;;0;1;;;
22/09/2019;13:05:00;297;sem vítima;91;BR-060/GO;Norte;Choque - Elemento de Drenagem;1;;;;;;;;;;1;;;;
22/09/2019;13:11:00;300;com vítima;21;BR-060/GO;Norte;Colisão Traseira;2;;;;;;;;;;1;1;;;
22/09/2019;14:29:00;337;com vítima;543;BR-153/GO;Norte;Choque - Talude;;;;1;;;;;;;0;1;;;
22/09/2019;15:07:00;357;sem vítima;578;BR-153/GO;Norte;Saida de Pista;1;;;;;;;;;;1;;;;
22/09/2019;15:07:00;358;sem vítima;619,5;BR-153/GO;Sul;Choque - Elemento de Drenagem;1;;;;;;;;;;2;;;;
22/09/2019;15:35:00;374;sem vítima;584;BR-153/GO;Norte;Choque - Outros;;;2;;;;;;;;2;;;;
22/09/2019;16:51:00;416;sem vítima;479;BR-262/MG;Leste;Colisão Lateral;2;;;;;;;;;;3;;;;
22/09/2019;17:30:00;439;com vítima;359;BR-262/MG;Leste;Queda de Moto;;;;1;;;;;;;0;1;;;
22/09/2019;18:58:00;491;sem vítima;436;BR-262/MG;Leste;Atropelamento de Animal;1;;;;;;;;;;1;;;;
22/09/2019;19:24:00;508;sem vítima;0,5;BR-153/MG;Norte;Colisão Lateral;2;;;;;1;;;;;8;;;;
22/09/2019;20:08:00;529;sem vítima;516,105;BR-153/GO;Norte;Engavetamento;4;;;;;;;;;;8;;;;
22/09/2019;21:09:00;558;sem vítima;78;BR-153/MG;Sul;Choque - Talude;1;;;;;;;;;;1;;;;
22/09/2019;21:36:00;568;sem vítima;587;BR-262/MG;Oeste;Saida de Pista;;;1;;;;;;;;1;;;;
22/09/2019;21:40:00;570;sem vítima;519;BR-262/MG;Leste;Tombamento;;;1;;;;;;;;1;;;;
23/09/2019;05:09:00;57;sem vítima;59;BR-153/MG;Norte;Choque - Elemento de Drenagem;1;;;;;;;;;;5;;;;
23/09/2019;07:04:00;77;com vítima;13;BR-153/MG;Sul;Tombamento;;;1;;;;;;;;0;1;;;
23/09/2019;07:22:00;83;sem vítima;445,8;BR-262/MG;Leste;Colisão Traseira;2;;;;;;;;;;2;;;;
23/09/2019;07:29:00;84;sem vítima;534,2;BR-262/MG;Oeste;Capotamento;1;;;;;;;;;;1;;;;
23/09/2019;07:58:00;93;sem vítima;506,2;BR-153/GO;Norte;Choque- Placa/Suporte Sinalização;1;;;;;;;;;;1;;;;
23/09/2019;08:42:00;121;com vítima;778;BR-262/MG;Oeste;Colisão Traseira;2;;;;;;;;;;2;1;;;
23/09/2019;09:04:00;129;sem vítima;783,2;BR-262/MG;Leste;Colisão Traseira;2;;;;;;;;;;5;;;;
23/09/2019;09:15:00;138;sem vítima;498;BR-153/GO;Sul;Engavetamento;2;;;;;;;;;2;4;;;;
23/09/2019;09:18:00;141;sem vítima;500;BR-153/GO;Sul;Colisão Traseira;1;;1;;;;;;;;3;;;;
23/09/2019;14:27:00;318;sem vítima;558;BR-153/GO;Norte;Capotamento;;;1;;;;;;;;1;;;;
23/09/2019;17:56:00;440;com vítima;99;BR-060/GO;Sul;Colisão Transversal;;1;;1;;;;;;;0;2;;;
23/09/2019;18:48:00;456;sem vítima;107,65;BR-060/GO;Norte;Colisão Traseira;1;;1;;;;;;;;2;;;;
24/09/2019;01:24:00;20;com vítima;621;BR-153/GO;Norte;Capotamento;;;1;;;;;;;;0;;;;2
24/09/2019;06:07:00;64;com vítima;505;BR-153/GO;Norte;Queda de Moto;;;;1;;;;;;;0;;1;;
24/09/2019;06:33:00;72;com vítima;435,15;BR-262/MG;Leste;Colisão Traseira;;;;1;;1;;;;;1;1;;;
24/09/2019;06:44:00;76;sem vítima;542;BR-153/GO;Sul;Saida de Pista;;;;;;;;;;1;2;;;;
24/09/2019;10:01:00;203;sem vítima;465;BR-262/MG;Oeste;Colisão Traseira;2;;;;;;;;;;2;;;;
24/09/2019;14:26:00;334;sem vítima;743;BR-262/MG;Oeste;Saida de Pista;;;1;;;;;;;;1;;;;
24/09/2019;14:40:00;344;sem vítima;11;BR-060/GO;Sul;Colisão Traseira;1;;1;;;;;;;;2;;;;
24/09/2019;15:38:00;364;com vítima;635;BR-153/GO;Sul;Colisão Traseira;;;;;1;1;;;;;28;;2;;
24/09/2019;17:06:00;419;sem vítima;743;BR-262/MG;Oeste;Colisão Traseira;;;2;;;;;;;;2;;;;
24/09/2019;18:14:00;442;sem vítima;447;BR-262/MG;Leste;Colisão Traseira;1;;;1;;;;;;;3;;;;
24/09/2019;20:16:00;484;sem vítima;492;BR-153/GO;Norte;Colisão Traseira;1;;1;;;;;;;;2;;;;
24/09/2019;20:48:00;496;com vítima;501;BR-153/GO;Sul;Colisão Lateral;2;;;1;;;;;;;2;1;;;
25/09/2019;01:59:00;24;sem vítima;679;BR-262/MG;Leste;Choque - Defensa, barreira ou "submarino";1;;;;;;;;;;3;;;;
25/09/2019;05:37:00;59;sem vítima;746;BR-262/MG;Leste;Choque - Talude;1;;;;;;;;;;1;;;;
25/09/2019;07:22:00;97;sem vítima;507;BR-153/GO;Norte;Engavetamento;2;;;1;;;;;;;3;;;;
25/09/2019;07:36:00;108;com vítima;499,05;BR-153/GO;Sul;Colisão Traseira;1;;;1;;;;;;;1;1;;;
25/09/2019;08:33:00;135;com vítima;612;BR-262/MG;Oeste;Capotamento;1;;;;;;;;;;0;;1;;
25/09/2019;08:34:00;136;sem vítima;504;BR-153/GO;Norte;Engavetamento;3;;;;;;;;;;5;;;;
25/09/2019;08:44:00;142;sem vítima;496;BR-153/GO;Norte;Colisão Traseira;;;1;;1;;;;;;2;;;;
25/09/2019;08:51:00;148;sem vítima;591;BR-262/MG;Leste;Choque - Talude;;;;;;;;;;1;1;;;;
25/09/2019;08:57:00;152;sem vítima;594;BR-262/MG;Oeste;Colisão Lateral;1;;1;;;;;;;;2;;;;
25/09/2019;09:53:00;178;sem vítima;659,9;BR-262/MG;Oeste;Choque - Elemento de Drenagem;1;;;;;;;;;;1;;;;
25/09/2019;12:31:00;263;sem vítima;610;BR-262/MG;Leste;Saida de Pista;;;1;;;;;;;;1;;;;
25/09/2019;13:02:00;275;sem vítima;482;BR-262/MG;Oeste;Capotamento;1;;;;;;;;;;1;;;;
25/09/2019;13:41:00;292;sem vítima;518;BR-153/GO;Norte;Choque - Elemento de Drenagem;;;1;;;;;;;;1;;;;
25/09/2019;14:03:00;300;sem vítima;544;BR-262/MG;Oeste;Capotamento;1;;;;;;;;;;1;;;;
25/09/2019;16:16:00;353;com vítima;607;BR-262/MG;Oeste;Capotamento;1;;;;;;;;;;0;;1;;
25/09/2019;16:21:00;357;com vítima;381;BR-262/MG;Leste;Choque - Elemento de Drenagem;1;;;;;;;;;;2;1;;;
25/09/2019;17:19:00;379;sem vítima;58;BR-153/MG;Norte;Carreta deu L;;;1;;;;;;;;1;;;;
25/09/2019;17:26:00;382;sem vítima;232;BR-153/MG;Sul;Saida de Pista;;;1;;;;;;;;1;;;;
25/09/2019;18:09:00;397;sem vítima;575,5;BR-262/MG;Oeste;Capotamento;;;;;;;;;;1;1;;;;
25/09/2019;18:34:00;407;sem vítima;127;BR-060/GO;Sul;Carreta deu L;;;1;;;;;;;;1;;;;
25/09/2019;19:07:00;419;sem vítima;467;BR-262/MG;Leste;Choque - Outros;1;;;;;;;;;;2;;;;
25/09/2019;19:42:00;436;sem vítima;491;BR-153/GO;Sul;Queda de Moto;;;;1;;;;;;;1;;;;
25/09/2019;19:58:00;444;com vítima;465;BR-262/MG;Leste;Saida de Pista;;;1;;;;;;;;0;1;;;
25/09/2019;22:23:00;499;sem vítima;31;BR-060/GO;Sul;Colisão Lateral;2;;;;;;;;;;2;;;;
25/09/2019;23:35:00;521;sem vítima;608;BR-262/MG;Oeste;Tombamento;;;1;;;;;;;;1;;;;
26/09/2019;05:02:00;58;sem vítima;579;BR-262/MG;Oeste;Saida de Pista;;;1;;;;;;;;2;;;;
26/09/2019;06:23:00;73;sem vítima;659,7;BR-153/GO;Sul;Colisão Traseira;;;1;;;;;;;1;5;;;;
26/09/2019;06:34:00;76;com vítima;534;BR-262/MG;Oeste;Tombamento;;;1;;;;;;;;1;;1;;
26/09/2019;06:35:00;77;sem vítima;365;BR-262/MG;Oeste;Colisão Traseira;;;2;;;;;;;;2;;;;
26/09/2019;08:41:00;128;com vítima;7;BR-060/DF;Sul;Colisão Traseira;2;;;;;;;;;;1;1;;;
26/09/2019;10:29:00;180;com vítima;364;BR-262/MG;Oeste;Engavetamento;3;;1;;;;;;;;3;1;;;
26/09/2019;11:21:00;197;sem vítima;504;BR-153/GO;Sul;Colisão Traseira;2;;;;;;;;;;2;;;;
26/09/2019;11:29:00;199;sem vítima;362,6;BR-262/MG;Leste;Engavetamento;2;;;;;;;;;1;3;;;;
26/09/2019;12:37:00;233;sem vítima;380;BR-262/MG;Oeste;Saida de Pista;;;;;;;;;;1;1;;;;
26/09/2019;12:57:00;237;sem vítima;380;BR-262/MG;Oeste;Choque - Outros;1;;;;;;;;;;1;;;;
26/09/2019;13:01:00;238;sem vítima;382;BR-262/MG;Oeste;Capotamento;1;;;;;;;;;;1;;;;
26/09/2019;13:05:00;239;sem vítima;382;BR-262/MG;Oeste;Colisão Traseira;;;1;;;;;;;1;2;;;;
26/09/2019;13:12:00;241;com vítima;608;BR-262/MG;Oeste;Capotamento;1;;;;;;;;;;0;1;;;
26/09/2019;13:13:00;243;sem vítima;32;BR-060/GO;Norte;Colisão Lateral;2;;;;;;;;;;2;;;;
26/09/2019;13:48:00;251;com vítima;504;BR-153/GO;Sul;Colisão Lateral;;;1;1;;;;;;;1;;1;;
26/09/2019;13:50:00;252;sem vítima;189;BR-153/MG;Norte;Colisão Traseira;;;1;1;;;;;;;3;;;;
26/09/2019;13:53:00;253;sem vítima;597;BR-262/MG;Leste;Colisão Lateral;1;;1;;;;;;;;2;;;;
26/09/2019;14:05:00;262;sem vítima;844;BR-262/MG;Oeste;Saida de Pista;1;;;;;;;;;;2;;;;
26/09/2019;15:08:00;289;sem vítima;594;BR-262/MG;Oeste;Saida de Pista;;;1;;;;;;;;1;;;;
26/09/2019;16:05:00;314;com vítima;378;BR-262/MG;Oeste;Choque - Elemento de Drenagem;1;;;;;;;;;;0;;2;;
26/09/2019;17:20:00;347;sem vítima;538;BR-262/MG;Leste;Colisão Traseira;2;;;;;;;;;;2;;;;
26/09/2019;17:40:00;354;sem vítima;380;BR-262/MG;Leste;Tombamento;1;;;;;;;;;;1;;;;
26/09/2019;18:32:00;377;sem vítima;500;BR-153/GO;Sul;Colisão Traseira;2;;;;;;;;;;2;;;;
26/09/2019;19:16:00;392;sem vítima;601;BR-262/MG;Oeste;Saida de Pista;1;;;;;;;;;;2;;;;
26/09/2019;19:58:00;407;com vítima;549;BR-262/MG;Oeste;Colisão Frontal;1;;1;;;;;;;;1;;1;;
26/09/2019;20:28:00;419;com vítima;31;BR-153/MG;Norte;Tombamento;;;2;;;;;;;;1;1;;;
26/09/2019;20:41:00;429;sem vítima;381,555;BR-262/MG;Leste;Capotamento;1;;;;;;;;;;1;;;;
26/09/2019;22:17:00;466;sem vítima;688;BR-153/GO;Norte;Choque - Outros;;;1;;;;;;;;1;;;;
27/09/2019;03:35:00;39;sem vítima;98;BR-153/MG;Sul;Saida de Pista;;;1;;;;;;;;1;;;;
27/09/2019;07:18:00;86;sem vítima;373,5;BR-262/MG;Leste;Objeto lançado contra veículo;2;;;;;;;;;;2;;;;
27/09/2019;07:35:00;93;sem vítima;551,1;BR-262/MG;Leste;Tombamento;;;1;;;;;;;;1;;;;
27/09/2019;11:52:00;269;com vítima;90,15;BR-060/GO;Norte;Atropelamento - Ciclista;;;;1;;;;;;;1;1;;;
27/09/2019;12:17:00;281;sem vítima;500,5;BR-153/GO;Sul;Engavetamento;3;;;;;1;;;;;4;;;;
27/09/2019;13:12:00;310;sem vítima;102,2;BR-153/MG;Sul;Capotamento;;;;;;;;;;1;1;;;;
27/09/2019;13:22:00;313;sem vítima;9,7;BR-060/DF;Norte;Capotamento;1;;;;;;;;;;2;;;;
27/09/2019;15:54:00;394;sem vítima;364;BR-262/MG;Oeste;Engavetamento;3;;;;;;;;;;3;;;;
27/09/2019;16:02:00;398;sem vítima;500;BR-153/GO;Sul;Colisão Traseira;;;2;;;;;;;;2;;;;
27/09/2019;16:31:00;421;sem vítima;581,8;BR-262/MG;Leste;Choque - Talude;1;;;;;;;;;;1;;;;
27/09/2019;17:06:00;433;sem vítima;508;BR-153/GO;Norte;Colisão Traseira;1;;1;;;;;;;;2;;;;
27/09/2019;17:14:00;441;com vítima;88,3;BR-060/GO;Sul;Colisão Traseira;;;;1;;1;;;;;1;1;;;
27/09/2019;17:38:00;447;sem vítima;107,8;BR-060/GO;Sul;Colisão Traseira;1;;1;;;;;;;;2;;;;
27/09/2019;18:42:00;476;sem vítima;120;BR-060/GO;Norte;Colisão Traseira;;;;;;1;;;;1;2;;;;
27/09/2019;19:42:00;510;com vítima;92;BR-060/GO;Norte;Atropelamento - Ciclista;;1;;;;1;;;;;1;;;1;
27/09/2019;20:18:00;526;sem vítima;634;BR-262/MG;Leste;Saida de Pista;;;1;;;;;;;;1;;;;
27/09/2019;22:42:00;588;com vítima;516;BR-153/GO;Sul;Atropelamento - Ciclista;1;1;;;;;;;;;3;;1;;
27/09/2019;23:52:00;615;sem vítima;143,5;BR-153/MG;Norte;Colisão Lateral;1;;1;;;;;;;;2;;;;
28/09/2019;00:33:00;12;sem vítima;27,5;BR-060/GO;Norte;Saida de Pista;1;;;;;;;;;;1;;;;
28/09/2019;01:07:00;22;sem vítima;13,5;BR-153/MG;Sul;Capotamento;1;;;;;;;;;;1;;;;
28/09/2019;01:53:00;35;com vítima;246,5;BR-153/MG;Norte;Colisão Frontal;1;;1;;;;;;;;3;;;;1
28/09/2019;06:40:00;93;sem vítima;653,25;BR-262/MG;Leste;Choque - Elemento de Drenagem;;;1;;;;;;;;2;;;;
28/09/2019;07:09:00;98;sem vítima;15,5;BR-153/MG;Sul;Capotamento;1;;;;;;;;;;3;;;;
28/09/2019;08:47:00;163;com vítima;682,3;BR-153/GO;Sul;Choque- Placa/Suporte Sinalização;;;;1;;;;;;;0;1;;;
28/09/2019;10:44:00;243;sem vítima;492,33;BR-153/GO;Norte;Colisão Lateral;1;;1;;;;;;;;5;;;;
28/09/2019;11:32:00;268;sem vítima;137,2;BR-060/GO;Sul;Colisão Traseira;1;;1;;;;;;;;2;;;;
28/09/2019;11:55:00;277;com vítima;378;BR-262/MG;Oeste;Queda de Moto;;;;1;;;;;;;0;;1;;
28/09/2019;14:54:00;350;sem vítima;690;BR-262/MG;Leste;Colisão Traseira;;;2;;;;;;;;2;;;;
28/09/2019;15:40:00;368;sem vítima;732,95;BR-262/MG;Oeste;Capotamento;1;;;;;;;;;1;3;;;;
28/09/2019;19:32:00;474;com vítima;25,5;BR-060/DF;Norte;Capotamento;3;;;1;;;;;;;3;2;;;
28/09/2019;19:33:00;475;com vítima;135;BR-060/GO;Sul;Capotamento;1;;;;;;;;;;0;;1;;
28/09/2019;21:06:00;501;sem vítima;23;BR-060/GO;Norte;Queda de Moto;;;;1;;;;;;;1;;;;
28/09/2019;22:05:00;521;com vítima;694;BR-153/GO;Sul;Queda de Moto;;;;1;;;;;;;1;1;;;
28/09/2019;23:09:00;546;com vítima;481;BR-262/MG;Leste;Capotamento;1;;;;;;;;;;1;3;;;
28/09/2019;23:23:00;549;sem vítima;136;BR-060/GO;Sul;Engavetamento;2;;;;;;;;;;6;;;;
29/09/2019;02:55:00;47;com vítima;412;BR-262/MG;Oeste;Capotamento;1;;;;;;;;;;0;1;;;
29/09/2019;07:36:00;120;sem vítima;48;BR-060/GO;Sul;Capotamento;1;;;;;;;;;;2;;;;
29/09/2019;12:40:00;364;sem vítima;28;BR-060/DF;Sul;Colisão Traseira;2;;;;;;;;;;4;;;;
29/09/2019;14:12:00;399;sem vítima;667,2;BR-153/GO;Norte;Colisão Lateral;;;1;;;;;;;1;2;;;;
29/09/2019;15:27:00;433;sem vítima;4;BR-060/DF;Norte;Colisão Lateral;2;;;;;;;;;;4;;;;
29/09/2019;19:45:00;587;com vítima;40,206;BR-060/GO;Norte;Engavetamento;4;;;;;;;;;;11;2;1;;
29/09/2019;22:20:00;667;com vítima;138;BR-060/GO;Norte;Choque - Defensa, barreira ou "submarino";1;;;;;;;;;;0;1;;;
29/09/2019;22:58:00;677;sem vítima;4,7;BR-060/DF;Norte;Choque- Poste/Equipamento;2;;;;1;;;;;;3;;;;
30/09/2019;00:37:00;13;sem vítima;784;BR-262/MG;Oeste;Colisão Traseira;1;;;;;;;;;1;3;;;;
30/09/2019;06:18:00;62;sem vítima;402;BR-262/MG;Leste;Choque - Defensa, barreira ou "submarino";;;1;;;;;;;;1;;;;
30/09/2019;08:01:00;116;sem vítima;106;BR-153/MG;Norte;Colisão Lateral;1;;1;;;;;;;;2;;;;
30/09/2019;08:05:00;121;com vítima;779;BR-262/MG;Leste;Tombamento;;;1;;;;;;;;0;1;;;1
30/09/2019;08:06:00;123;sem vítima;618;BR-153/GO;Sul;Choque - Elemento de Drenagem;;;;;;;;;;1;1;;;;
30/09/2019;08:21:00;133;sem vítima;499;BR-153/GO;Sul;Colisão Traseira;2;;;;;;;;;;2;;;;
30/09/2019;08:44:00;145;sem vítima;482;BR-262/MG;Oeste;Colisão Traseira;2;;;;;1;;;;;4;;;;
30/09/2019;13:20:00;283;sem vítima;13;BR-153/MG;Sul;Saida de Pista;1;;;;;;;;;;1;;;;
30/09/2019;20:09:00;476;com vítima;608;BR-262/MG;Leste;Carreta deu L;;;1;;;;;;;;0;1;;;
01/12/2019;06:21:00;56;com vítima;568;BR-153/GO;Norte;Choque - Arvore;1;;;;;;;;;;0;;;1;
01/12/2019;07:21:00;71;sem vítima;528;BR-262/MG;Leste;Choque - Outros;1;;1;;;;;;;;2;;;;
01/12/2019;12:30:00;192;sem vítima;42;BR-060/GO;Sul;Saida de Pista;;;;;;;;;;1;1;;;;
01/12/2019;14:50:00;265;sem vítima;418;BR-262/MG;Oeste;Saida de Pista;1;;;;;;;;;;1;;;;
01/12/2019;15:21:00;278;sem vítima;407;BR-262/MG;Leste;Choque - Elemento de Drenagem;;;1;;;;;;;;1;;;;
01/12/2019;15:51:00;292;sem vítima;501;BR-153/GO;Norte;Colisão Traseira;2;;;;;;;;;;6;;;;