data;horario;n_da_ocorrencia;tipo_de_ocorrencia;km;trecho;sentido;tipo_de_acidente;automovel;bicicleta;caminhao;moto;onibus;outros;tracao_animal;transporte_de_cargas_especiais;trator_maquinas;utilitarios;ilesos;levemente_feridos;moderadamente_feridos;gravemente_feridos;mortos
01/12/2019;16:02:00;296;sem vítima;501,2;BR-153/GO;Norte;Colisão Traseira;;;;;;;;;;2;2;;;;
01/12/2019;18:06:00;337;sem vítima;172;BR-153/MG;Norte;Saida de Pista;;;;;;;;;;1;1;;;;
01/12/2019;19:46:00;399;sem vítima;564;BR-153/GO;Sul;Saida de Pista;1;;;;;;;;;;5;;;;
01/12/2019;22:25:00;461;sem vítima;364;BR-262/MG;Leste;Choque - Elemento de Drenagem;1;;;;;;;;;;1;;;;
02/12/2019;00:51:00;15;sem vítima;367;BR-262/MG;Oeste;Choque - Elemento de Drenagem;1;;;;;;;;;;3;;;;
02/12/2019;04:35:00;49;sem vítima;559;BR-262/MG;Oeste;Choque - Elemento de Drenagem;;;;;;1;;;;1;2;;;;
02/12/2019;04:52:00;54;sem vítima;590;BR-153/GO;Sul;Saida de Pista;;;1;;;;;;;;1;;;;
02/12/2019;06:03:00;67;sem vítima;516;BR-153/GO;Norte;Colisão Traseira;;;2;;;;;;;;2;;;;
02/12/2019;06:56:00;89;sem vítima;668;BR-262/MG;Leste;Colisão Traseira;1;;;;;1;;;;;2;;;;
02/12/2019;08:23:00;135;sem vítima;501;BR-153/GO;Sul;Engavetamento;3;;;;;1;;;;;4;;;;
02/12/2019;10:14:00;215;sem vítima;509;BR-153/GO;Sul;Engavetamento;2;;2;;;1;;;;;7;;;;
02/12/2019;10:21:00;220;sem vítima;557;BR-153/GO;Sul;Colisão Traseira;;;;;;;;;;1;2;;;;
02/12/2019;11:45:00;296;com vítima;509;BR-153/GO;Sul;Colisão Traseira;;;1;;;;;;;1;1;1;;;
02/12/2019;13:36:00;357;sem vítima;381;BR-262/MG;Leste;Capotamento;1;;;;;;;;;;2;;;;
02/12/2019;13:43:00;361;sem vítima;372;BR-262/MG;Leste;Colisão Transversal;;;1;;;;;;;1;2;;;;
02/12/2019;14:42:00;381;sem vítima;863;BR-262/MG;Oeste;Saida de Pista;1;;;;;;;;;;1;;;;
02/12/2019;15:42:00;427;sem vítima;133,936;BR-060/GO;Sul;Queda de Moto;;;;1;;;;;;;1;;;;
02/12/2019;16:34:00;458;sem vítima;636;BR-262/MG;Oeste;Saida de Pista;;;1;;;;;;;;1;;;;
02/12/2019;17:24:00;487;com vítima;514;BR-153/GO;Norte;Colisão Traseira;;;;1;1;;;;;;1;1;;;
02/12/2019;18:33:00;525;sem vítima;408;BR-262/MG;Oeste;Saida de Pista;;;1;;;;;;;;1;;;;
02/12/2019;22:51:00;634;sem vítima;512;BR-262/MG;Leste;Choque - Objeto sobre a pista;1;;;;;;;;;;1;;;;
02/12/2019;22:53:00;635;sem vítima;363;BR-262/MG;Oeste;Saida de Pista;;;1;;;;;;;;1;;;;
03/12/2019;00:43:00;12;sem vítima;21;BR-153/MG;Norte;Tombamento;;;1;;;;;;;;1;;;;
03/12/2019;05:16:00;51;sem vítima;375;BR-262/MG;Oeste;Atropelamento de Animal;1;;;;;;;;;;1;;;;
03/12/2019;05:53:00;60;sem vítima;878;BR-262/MG;Oeste;Saida de Pista;;;;;1;;;;;;1;;;;
03/12/2019;06:54:00;74;sem vítima;577;BR-262/MG;Leste;Colisão Traseira;;;2;;;1;;;;;3;;;;
03/12/2019;07:38:00;93;sem vítima;97;BR-060/GO;Norte;Colisão Lateral;1;;1;;;;;;;;2;;;;
03/12/2019;08:10:00;117;sem vítima;558;BR-153/GO;Norte;Tombamento;;;;;;;;;;1;1;;;;
03/12/2019;10:20:00;259;com vítima;101;BR-060/GO;Sul;Colisão Lateral;2;;;;;;;;;;0;2;;;
03/12/2019;11:13:00;303;sem vítima;99;BR-060/GO;Sul;Engavetamento;3;;;;;;;;;;3;;;;
03/12/2019;11:42:00;321;sem vítima;611;BR-262/MG;Oeste;Choque - Elemento de Drenagem;1;;;;;;;;;;1;;;;
03/12/2019;11:54:00;329;sem vítima;615;BR-262/MG;Leste;Capotamento;;;;;;;;;;1;2;;;;
03/12/2019;12:18:00;366;sem vítima;479;BR-262/MG;Leste;Colisão Traseira;;;2;;;;;;;;2;;;;
03/12/2019;12:29:00;380;sem vítima;491;BR-153/GO;Norte;Saida de Pista;1;;;;;;;;;;1;;;;
03/12/2019;13:21:00;417;sem vítima;829,1;BR-262/MG;Oeste;Saida de Pista;1;;;;;;;;;;1;;;;
03/12/2019;13:52:00;429;com vítima;505;BR-153/GO;Norte;Colisão Lateral;;;;1;;;;;;1;2;1;;;
03/12/2019;14:39:00;445;sem vítima;545,9;BR-262/MG;Oeste;Choque - Talude;1;;;;;;;;;;1;;;;
03/12/2019;15:19:00;464;sem vítima;469;BR-262/MG;Oeste;Choque - Elemento de Drenagem;;;1;;;;;;;;1;;;;
03/12/2019;16:11:00;495;sem vítima;525;BR-153/GO;Norte;Tombamento;1;;;;;1;;;;;2;;;;
03/12/2019;16:45:00;515;sem vítima;493;BR-262/MG;Oeste;Colisão Lateral;;;2;;;;;;;;2;;;;
03/12/2019;21:09:00;652;sem vítima;210;BR-153/MG;Sul;Saida de Pista;1;;;;;;;;;;2;;;;
04/12/2019;00:25:00;7;sem vítima;26;BR-060/GO;Sul;Saida de Pista;1;;;;;;;;;;1;;;;
04/12/2019;01:51:00;23;sem vítima;586;BR-262/MG;Leste;Saida de Pista;1;;;;;;;;;;2;;;;
04/12/2019;03:10:00;39;sem vítima;704;BR-262/MG;Oeste;Saida de Pista;1;;;;;;;;;;2;;;;
04/12/2019;06:51:00;86;sem vítima;20;BR-153/MG;Norte;Atropelamento de Animal;;;1;;;;;;;;1;;;;
04/12/2019;09:35:00;202;sem vítima;53;BR-060/GO;Sul;Choque - Talude;1;;;;;;;;;;2;;;;
04/12/2019;10:08:00;224;com vítima;815,8;BR-262/MG;Oeste;Colisão Traseira;;1;;;;1;;;;;1;1;;;
04/12/2019;10:26:00;235;sem vítima;227;BR-153/MG;Sul;Saida de Pista;;;;;;;;;;1;1;;;;
04/12/2019;11:04:00;247;com vítima;367;BR-262/MG;Leste;Capotamento;1;;;;;;;;;;0;;1;;
04/12/2019;11:34:00;261;sem vítima;387;BR-262/MG;Leste;Colisão Traseira;1;;1;;;;;;;;2;;;;
04/12/2019;13:57:00;323;sem vítima;543;BR-153/GO;Sul;Saida de Pista;1;;;;;;;;;;2;;;;
04/12/2019;14:11:00;326;sem vítima;79;BR-153/MG;Sul;Saida de Pista;1;;;;;;;;;;1;;;;
04/12/2019;14:56:00;350;sem vítima;195;BR-153/MG;Norte;Choque - Barreira;;;1;;;;;;;;1;;;;
04/12/2019;15:09:00;355;sem vítima;635;BR-262/MG;Oeste;Choque - Elemento de Drenagem;1;;;;;;;;;;1;;;;
04/12/2019;15:15:00;357;sem vítima;607;BR-262/MG;Oeste;Choque - Talude;1;;;;;;;;;;1;;;;
04/12/2019;15:33:00;362;sem vítima;61;BR-060/GO;Norte;Colisão Traseira;1;;;;;;;;;1;2;;;;
04/12/2019;16:43:00;400;com vítima;701;BR-153/GO;Sul;Capotamento;;;;;;;;;;1;2;2;;;
04/12/2019;16:49:00;404;sem vítima;135;BR-060/GO;Sul;;;;1;;;;;;;;1;;;;
04/12/2019;18:38:00;451;com vítima;28,6;BR-060/DF;Norte;Capotamento;1;;;;;;;;;;1;1;;;
04/12/2019;21:23:00;532;com vítima;610;BR-153/GO;Sul;Atropelamento - Morador;;;1;;;;;;;;1;;;;1
04/12/2019;22:35:00;551;sem vítima;510;BR-153/GO;Norte;Choque - Talude;1;;;;;;;;;;1;;;;
04/12/2019;23:47:00;574;sem vítima;508;BR-153/GO;Norte;Choque - Defensa;1;;;;;;;;;;1;;;;
05/12/2019;00:24:00;6;com vítima;40,9;BR-060/GO;Sul;;;;1;;;;;;;;0;;1;;
05/12/2019;07:47:00;104;com vítima;851;BR-262/MG;Leste;Tombamento;;;1;;;;;;;;0;;;;1
05/12/2019;11:23:00;242;sem vítima;579;BR-262/MG;Oeste;Colisão Lateral;;;2;;;;;;;;2;;;;
05/12/2019;13:01:00;297;com vítima;519;BR-262/MG;Oeste;Tombamento;;;1;;;;;;;;1;1;;;
05/12/2019;13:03:00;298;sem vítima;515;BR-153/GO;Norte;Colisão Traseira;1;;1;;;;;;;;2;;;;
05/12/2019;15:47:00;376;sem vítima;134;BR-060/GO;Sul;Engavetamento;2;;1;;;;;;;;3;;;;
05/12/2019;16:18:00;399;sem vítima;549,15;BR-262/MG;Oeste;Choque- Placa/Suporte Sinalização;;;;;;;;;;1;1;;;;
05/12/2019;16:58:00;413;sem vítima;230;BR-153/MG;Sul;Colisão Transversal;1;;;;;1;;;;;2;;;;
05/12/2019;19:42:00;494;sem vítima;1,8;BR-153/MG;Norte;Colisão Traseira;2;;;;;;;;;;4;;;;
05/12/2019;20:01:00;508;sem vítima;503;BR-262/MG;Leste;Engavetamento;2;;1;;;;;;;;3;;;;
05/12/2019;20:27:00;516;com vítima;519;BR-262/MG;Oeste;Colisão Transversal;1;;1;;;1;;;;;2;1;;;
05/12/2019;20:38:00;521;com vítima;363;BR-262/MG;Oeste;Colisão Traseira;1;;1;;;;;;;;2;1;;;
05/12/2019;20:48:00;524;com vítima;355;BR-262/MG;Oeste;Saida de Pista;1;;;;;;;;;;0;1;;;
05/12/2019;22:00:00;548;sem vítima;413;BR-262/MG;Leste;Colisão Traseira;2;;;;;;;;;;2;;;;
05/12/2019;22:15:00;552;com vítima;366;BR-262/MG;Oeste;Saida de Pista;1;;;;;;;;;;0;1;;;
06/12/2019;06:47:00;88;sem vítima;467;BR-262/MG;Leste;Colisão Traseira;1;;;;;1;;;;;2;;;;
06/12/2019;07:03:00;96;sem vítima;378;BR-262/MG;Leste;Capotamento;1;;;;;;;;;;1;;;;
06/12/2019;07:10:00;101;com vítima;500;BR-153/GO;Sul;Queda de Moto;;;;1;;;;;;;0;1;1;;
06/12/2019;07:12:00;103;sem vítima;385;BR-262/MG;Leste;Choque - Elemento de Drenagem;1;;;;;;;;;;1;;;;
06/12/2019;07:52:00;131;sem vítima;654;BR-153/GO;Sul;Saida de Pista;1;;;;;;;;;;1;;;;
06/12/2019;10:30:00;293;com vítima;36;BR-060/GO;Sul;Capotamento;1;;;;;;;;;;0;;1;;
06/12/2019;12:29:00;379;sem vítima;12,3;BR-060/GO;Norte;Capotamento;1;;;;;;;;;;1;;;;
06/12/2019;13:18:00;408;com vítima;382;BR-262/MG;Oeste;Capotamento;;;;;;;;;;1;0;3;1;1;
06/12/2019;16:03:00;495;sem vítima;597;BR-153/GO;Norte;Saida de Pista;1;;;;;;;;;;2;;;;
06/12/2019;16:07:00;498;com vítima;40,9;BR-060/GO;Sul;Tombamento;;;;;;;;;;1;0;2;;;
06/12/2019;16:09:00;501;sem vítima;55;BR-060/GO;Norte;Saida de Pista;1;;;;;;;;;;1;;;;
06/12/2019;16:38:00;521;sem vítima;510;BR-153/GO;Norte;Engavetamento;3;;;;;;;;;;5;;;;
06/12/2019;17:01:00;533;sem vítima;480;BR-262/MG;Leste;Colisão Traseira;1;;1;;;;;;;;2;;;;
06/12/2019;18:13:00;569;com vítima;381;BR-262/MG;Leste;Capotamento;1;;;;;;;;;;0;1;;;
06/12/2019;18:13:00;570;com vítima;220,5;BR-153/MG;Norte;Capotamento;1;;;;;;;;;;0;3;;;
06/12/2019;18:16:00;572;sem vítima;381;BR-262/MG;Leste;Saida de Pista;1;;;;;;;;;;2;;;;
06/12/2019;18:36:00;584;sem vítima;38;BR-153/MG;Norte;Colisão Traseira;2;;;;;;;;;;3;;;;
06/12/2019;19:04:00;597;com vítima;493;BR-153/GO;Norte;Colisão Lateral;1;;;1;;;;;;;1;1;;;
06/12/2019;19:15:00;606;sem vítima;497;BR-153/GO;Sul;Colisão Traseira;1;;;;;1;;;;;2;;;;
06/12/2019;19:41:00;619;com vítima;357;BR-262/MG;Oeste;Atropelamento - Sem Informação;;;;;1;;;;;;1;;1;;
06/12/2019;21:28:00;658;sem vítima;129;BR-060/GO;Norte;Saida de Pista;1;;;;;;;;;;1;;;;
06/12/2019;22:16:00;686;sem vítima;9;BR-153/MG;Sul;Choque - Elemento de Drenagem;1;;;;;;;;;;1;;;;
07/12/2019;01:50:00;31;com vítima;477;BR-262/MG;Oeste;Colisão Lateral;1;;1;;;;;;;;1;1;;;
07/12/2019;05:24:00;58;sem vítima;641;BR-153/GO;Sul;Atropelamento de Animal;1;;;;;;;;;;1;;;;
07/12/2019;07:59:00;144;sem vítima;432;BR-262/MG;Oeste;Atropelamento - Ciclista;1;2;;;;;;;;;4;;;;
07/12/2019;08:55:00;189;sem vítima;517;BR-262/MG;Leste;Colisão Traseira;1;;;1;;;;;;;2;;;;
07/12/2019;10:08:00;236;sem vítima;594;BR-262/MG;Oeste;Tombamento;;;1;;;;;;;;1;;;;
07/12/2019;10:23:00;246;sem vítima;43;BR-060/GO;Sul;Colisão Lateral;2;;;;;;;;;;8;;;;
07/12/2019;10:35:00;257;sem vítima;513;BR-153/GO;Sul;Choque- Placa/Suporte Sinalização;1;;;;;;;;;;1;;;;
07/12/2019;10:37:00;260;sem vítima;381;BR-262/MG;Leste;Choque - Talude;1;;;;;;;;;;1;;;;
07/12/2019;15:13:00;416;sem vítima;26;BR-060/DF;Sul;Capotamento;;;;;;;;;;1;1;;;;
07/12/2019;15:28:00;422;com vítima;396;BR-262/MG;Oeste;Queda de Moto;;;;;;2;;;;;1;2;;;
07/12/2019;16:13:00;446;sem vítima;8;BR-060/DF;Norte;Choque- Placa/Suporte Sinalização;1;;;;;;;;;;3;;;;
07/12/2019;16:34:00;462;sem vítima;493;BR-153/GO;Sul;Choque - Defensa;1;;;;;;;;;;1;;;;
07/12/2019;16:53:00;469;com vítima;5;BR-060/GO;Sul;Capotamento;1;;;;;;;;;;0;;1;;
07/12/2019;17:24:00;492;sem vítima;45,8;BR-060/GO;Sul;Choque - Defensa;1;;;;;;;;;;2;;;;
07/12/2019;17:52:00;508;sem vítima;492;BR-153/GO;Sul;Colisão Traseira;2;;;;;;;;;;4;;;;
07/12/2019;17:52:00;509;sem vítima;410;BR-262/MG;Oeste;Choque - Defensa;1;;;;;;;;;;3;;;;
07/12/2019;19:32:00;578;sem vítima;35;BR-060/GO;Sul;Saida de Pista;1;;;;;;;;;;1;;;;
07/12/2019;22:10:00;649;sem vítima;506;BR-153/GO;Sul;Saida de Pista;1;;;;;;;;;;1;;;;
07/12/2019;22:48:00;668;com vítima;443;BR-262/MG;Leste;Queda de Moto;;;;1;;;;;;;0;2;;;
07/12/2019;23:18:00;678;sem vítima;24;BR-060/DF;Norte;Colisão Traseira;1;;;1;;;;;;;2;;;;
08/12/2019;01:43:00;21;com vítima;775,8;BR-262/MG;Oeste;Tombamento;1;;;;;;;;;;0;1;;;
08/12/2019;08:06:00;113;sem vítima;2,5;BR-060/GO;Norte;Colisão Lateral;1;;;;;;;;;1;2;;;;
08/12/2019;08:49:00;143;com vítima;43;BR-060/GO;Norte;Colisão Traseira;1;;;1;;;;;;;4;1;;;
08/12/2019;15:04:00;379;sem vítima;56,6;BR-060/GO;Norte;Saida de Pista;;;;;;;;;;1;2;;;;
08/12/2019;15:19:00;388;com vítima;100;BR-060/GO;Norte;Colisão Traseira;2;;;;;;;;;;4;1;;;
08/12/2019;15:23:00;393;sem vítima;127;BR-060/GO;Sul;Saida de Pista;;;1;;;;;;;;1;;;;
08/12/2019;15:40:00;403;com vítima;378;BR-262/MG;Oeste;Queda de Moto;;;;1;;;;;;;0;1;;;
08/12/2019;16:01:00;421;com vítima;669;BR-153/GO;Sul;Capotamento;1;;;;;;;;;;3;2;;;
08/12/2019;16:14:00;429;com vítima;124,2;BR-060/GO;Sul;Engavetamento;3;;;;;;;;;;2;;1;;
08/12/2019;16:16:00;432;sem vítima;124,05;BR-060/GO;Sul;Engavetamento;3;;;;;;;;;;3;;;;
08/12/2019;18:39:00;497;sem vítima;501;BR-153/GO;Sul;Colisão Traseira;3;;;;;;;;;;4;;;;
08/12/2019;19:40:00;514;com vítima;523,1;BR-262/MG;Leste;Atropelamento - Andarilho;;;1;;;;;;;;1;;;1;
08/12/2019;21:31:00;563;com vítima;799;BR-262/MG;Leste;Capotamento;1;;;;;;;;;;0;1;;;
08/12/2019;23:21:00;602;com vítima;101,5;BR-060/GO;Norte;Queda de Moto;;;;1;;;;;;;0;;1;;
09/12/2019;00:14:00;1;sem vítima;3,5;BR-060/GO;Norte;Colisão Traseira;1;;1;;;;;;;;2;;;;
09/12/2019;05:52:00;81;com vítima;99;BR-060/GO;Sul;Queda de Moto;;;;1;;;;;;;0;1;;;
09/12/2019;07:26:00;121;sem vítima;583;BR-262/MG;Leste;Choque - Talude;1;;;;;;;;;;1;;;;
09/12/2019;08:24:00;164;com vítima;500;BR-153/GO;Norte;Queda de Moto;;;;1;;;;;;;0;1;;;
09/12/2019;08:44:00;174;sem vítima;502;BR-153/GO;Norte;Colisão Transversal;1;;1;;;;;;;;2;;;;
09/12/2019;09:08:00;196;com vítima;64;BR-153/MG;Norte;Capotamento;;;1;;;;;;;;0;1;;;
09/12/2019;10:04:00;228;sem vítima;502;BR-153/GO;Norte;;1;;;;;;;;;1;2;;;;
09/12/2019;10:14:00;234;sem vítima;106,5;BR-060/GO;Norte;Capotamento;1;;;;;;;;;;2;;;;
09/12/2019;12:15:00;298;sem vítima;10,4;BR-153/MG;Norte;Choque - Elemento de Drenagem;1;;1;;;;;;;;3;;;;
09/12/2019;13:17:00;323;sem vítima;417;BR-262/MG;Leste;Saida de Pista;1;;;;;;;;;;1;;;;
09/12/2019;15:13:00;365;com vítima;639;BR-153/GO;Norte;Saida de Pista;1;;;;;;;;;;2;1;;;
09/12/2019;15:45:00;386;com vítima;168;BR-153/MG;Norte;Colisão Frontal;;;2;;;;;;;;1;;1;;
09/12/2019;16:52:00;411;sem vítima;411;BR-262/MG;Oeste;Choque - Elemento de Drenagem;1;;;;;;;;;;1;;;;
09/12/2019;17:43:00;426;sem vítima;381;BR-262/MG;Leste;Choque - Elemento de Drenagem;1;;;;;;;;;;1;;;;
09/12/2019;18:58:00;454;sem vítima;456;BR-262/MG;Leste;Colisão Traseira;1;;1;;;;;;;;2;;;;
09/12/2019;20:32:00;489;sem vítima;116;BR-060/GO;Sul;Saida de Pista;1;;;;;;;;;;1;;;;
09/12/2019;20:44:00;493;com vítima;498;BR-262/MG;Leste;Capotamento;1;;;;;;;;;;0;2;;;
09/12/2019;22:25:00;521;sem vítima;600;BR-153/GO;Sul;Colisão Traseira;;;2;;;;;;;;2;;;;
09/12/2019;22:56:00;529;com vítima;16,8;BR-153/MG;Norte;Atropelamento - Morador;1;;;;;;;;;;1;;;;1
09/12/2019;23:34:00;538;com vítima;135;BR-060/GO;Sul;Saida de Pista;1;;;;;;;;;;0;1;;;
09/12/2019;23:35:00;539;sem vítima;479,7;BR-262/MG;Oeste;Choque - Elemento de Drenagem;;;1;;;;;;;;1;;;;
10/12/2019;05:18:00;51;com vítima;114;BR-153/MG;Sul;Tombamento;;;1;;;;;;;;0;;1;;
10/12/2019;05:23:00;52;sem vítima;553;BR-262/MG;Oeste;Colisão Traseira;;;2;;;;;;;;2;;;;
10/12/2019;06:05:00;64;com vítima;5;BR-060/DF;Norte;Colisão Traseira;;;1;1;;;;;;;1;;1;;
10/12/2019;06:07:00;65;sem vítima;25;BR-060/DF;Norte;Capotamento;1;;;;;;;;;;1;;;;
10/12/2019;13:34:00;300;sem vítima;107;BR-060/GO;Sul;Colisão Traseira;2;;;;;;;;;;2;;;;
10/12/2019;13:37:00;302;sem vítima;532;BR-153/GO;Norte;Capotamento;;;1;;;;;;;;1;;;;
10/12/2019;13:42:00;309;com vítima;5,401;BR-060/GO;Norte;Colisão Traseira;2;;;;;;;;;;5;;1;;
10/12/2019;14:08:00;321;com vítima;5,401;BR-060/DF;Norte;Atropelamento - Usuário;2;;;;;;;;;;1;1;1;1;2
10/12/2019;14:21:00;328;sem vítima;439;BR-262/MG;Leste;Choque- Placa/Suporte Sinalização;1;;;;;;;;;;1;;;;
10/12/2019;15:02:00;343;com vítima;620;BR-153/GO;Norte;Capotamento;1;;;;;;;;;;0;1;;;
10/12/2019;15:12:00;351;com vítima;137;BR-060/GO;Norte;Capotamento;1;;;;;;;;;;0;5;;;
10/12/2019;15:16:00;353;com vítima;605;BR-262/MG;Leste;Tombamento;;;1;;;;;;;;0;;1;;
10/12/2019;17:34:00;417;sem vítima;501;BR-153/GO;Sul;Engavetamento;2;;;;;1;;;;;3;;;;
10/12/2019;19:15:00;465;com vítima;507,5;BR-153/GO;Sul;Colisão Lateral;;;;2;;;;;;;0;2;;;
10/12/2019;19:58:00;477;sem vítima;0;BR-060/GO;Norte;Colisão Lateral;1;;;;;1;;;;;2;;;;
10/12/2019;20:08:00;481;sem vítima;19;BR-060/GO;Norte;Choque - Elemento de Drenagem;1;;;;;;;;;;2;;;;
10/12/2019;22:29:00;535;sem vítima;903,096;BR-262/MG;Oeste;Tombamento;;;1;;;;;;;;1;;;;
10/12/2019;23:27:00;556;sem vítima;650;BR-153/GO;Sul;Colisão Traseira;;;2;;;;;;;;2;;;;
10/12/2019;23:38:00;563;com vítima;594,3;BR-262/MG;Leste;Capotamento;;;1;;;;;;;;0;;1;;1
11/12/2019;07:07:00;86;com vítima;101;BR-060/GO;Sul;Colisão Traseira;1;;;1;;;;;;;0;1;1;;
11/12/2019;08:38:00;144;sem vítima;385;BR-262/MG;Oeste;Capotamento;1;;;;;;;;;;1;;;;
11/12/2019;10:49:00;237;sem vítima;50,6;BR-153/MG;Sul;Choque - Arvore;;;1;;;;;;;;1;;;;
11/12/2019;12:37:00;292;sem vítima;22;BR-060/DF;Sul;Saida de Pista;1;;;;;;;;;;1;;;;
11/12/2019;14:01:00;335;sem vítima;36;BR-060/GO;Norte;Choque - Talude;1;;;;;;;;;;4;;;;
11/12/2019;16:30:00;436;sem vítima;379;BR-262/MG;Leste;Choque - Defensa;1;;;;;;;;;;1;;;;
11/12/2019;16:42:00;443;sem vítima;132;BR-060/GO;Sul;Saida de Pista;;;1;;;;;;;;1;;;;
11/12/2019;16:51:00;444;sem vítima;555;BR-262/MG;Oeste;Colisão Lateral;;;3;;;;;;;;3;;;;
11/12/2019;18:16:00;481;sem vítima;517;BR-153/GO;Sul;Saida de Pista;1;;;;;;;;;;1;;;;
11/12/2019;18:21:00;484;sem vítima;12;BR-060/DF;Norte;Queda de Moto;;;;1;;;;;;;1;;;;
11/12/2019;18:31:00;486;sem vítima;96;BR-060/GO;Norte;Choque - Veiculo parado no acostamento;1;;1;;;;;;;;2;;;;
11/12/2019;19:18:00;498;sem vítima;402;BR-262/MG;Oeste;Saida de Pista;1;;;;;;;;;;1;;;;
11/12/2019;19:26:00;505;sem vítima;588;BR-262/MG;Leste;Saida de Pista;;;1;;;;;;;;1;;;;
11/12/2019;19:27:00;507;com vítima;509;BR-153/GO;Sul;Atropelamento - Outros;;;;;;1;;;;;1;1;;;
11/12/2019;19:29:00;509;sem vítima;534;BR-153/GO;Sul;Atropelamento de Animal;1;;;;;;;;;;1;;;;
11/12/2019;22:07:00;567;sem vítima;430;BR-262/MG;Leste;Tombamento;;;1;;;;;;;;1;;;;
11/12/2019;22:20:00;574;sem vítima;430;BR-262/MG;Oeste;Choque - Defensa;1;;;;;;;;;;1;;;;
12/12/2019;04:27:00;40;sem vítima;520;BR-153/GO;Sul;Capotamento;1;;;;;;;;;;1;;;;
12/12/2019;05:33:00;50;com vítima;361,2;BR-262/MG;Oeste;Colisão Frontal;2;;;;;;;;;;1;2;;;
12/12/2019;07:32:00;88;sem vítima;605;BR-153/GO;Sul;Choque - Elemento de Drenagem;1;;;;;;;;;;1;;;;
12/12/2019;07:52:00;99;com vítima;607;BR-153/GO;Sul;Capotamento;1;;;;;;;;;;2;1;;;
12/12/2019;07:57:00;102;com vítima;591;BR-153/GO;Sul;Capotamento;1;;;;;;;;;;0;1;;;
12/12/2019;10:34:00;187;sem vítima;644;BR-262/MG;Oeste;Saida de Pista;1;;;;;;;;;;1;;;;
12/12/2019;11:27:00;214;com vítima;31;BR-060/GO;Norte;Queda de Moto;;;;1;;;;;;;0;;1;;
12/12/2019;11:35:00;226;sem vítima;378;BR-262/MG;Oeste;Choque - Elemento de Drenagem;1;;;;;;;;;;1;;;;
12/12/2019;12:19:00;241;sem vítima;369;BR-262/MG;Leste;Choque - Elemento de Drenagem;1;;;;;;;;;;1;;;;
12/12/2019;14:53:00;315;sem vítima;421;BR-262/MG;Oeste;Tombamento;;;1;;;;;;;;1;;;;
12/12/2019;16:57:00;364;com vítima;12,4;BR-060/DF;Norte;Colisão Lateral;;1;;;1;;;;;;1;1;;;
12/12/2019;17:05:00;371;com vítima;116;BR-153/MG;Sul;Engavetamento;1;;4;;;;;;;;4;3;;;
12/12/2019;18:59:00;427;sem vítima;114;BR-060/GO;Norte;Saida de Pista;1;;;;;;;;;;1;;;;
12/12/2019;22:12:00;537;sem vítima;413;BR-262/MG;Leste;Colisão Lateral;1;;1;;;;;;;;2;;;;
13/12/2019;06:54:00;123;sem vítima;38,2;BR-153/MG;Norte;Saida de Pista;1;;;;;;;;;;1;;;;
13/12/2019;07:52:00;163;sem vítima;188;BR-153/MG;Sul;Colisão Traseira;1;;1;;;;;;;;2;;;;
13/12/2019;09:06:00;214;sem vítima;547,2;BR-262/MG;Leste;Choque- Placa/Suporte Sinalização;1;;;;;;;;;;1;;;;
13/12/2019;10:06:00;257;sem vítima;96;BR-060/GO;Sul;Colisão Transversal;2;;;;;;;;;;2;;;;
13/12/2019;10:11:00;260;sem vítima;0;BR-060/DF;Norte;Colisão Traseira;1;;;1;;;;;;;2;;;;
13/12/2019;10:27:00;266;com vítima;500;BR-153/GO;Sul;Colisão Lateral;1;;;1;;;;;;;1;1;;;
13/12/2019;10:56:00;279;sem vítima;500;BR-153/GO;Sul;Colisão Lateral;1;;2;;;;;;;;3;;;;
13/12/2019;11:20:00;292;sem vítima;92,5;BR-060/GO;Sul;Colisão Lateral;2;;;;;;;;;;2;;;;
13/12/2019;13:23:00;359;sem vítima;28;BR-060/GO;Norte;Choque - Elemento de Drenagem;1;;;;;;;;;;2;;;;
13/12/2019;14:31:00;383;sem vítima;505;BR-153/GO;Sul;Colisão Traseira;1;;;;;;;;;;1;;;;
13/12/2019;15:04:00;405;sem vítima;858;BR-262/MG;Oeste;Choque - Defensa;1;;;;;;;;;;1;;;;
13/12/2019;16:05:00;443;com vítima;439,5;BR-262/MG;Oeste;Choque - Elemento de Drenagem;;;;;1;;;;;;4;1;;;
13/12/2019;17:00:00;465;sem vítima;57,2;BR-153/MG;Sul;Capotamento;1;;;;;;;;;;1;;;;
13/12/2019;17:46:00;482;sem vítima;504,9;BR-153/GO;Norte;Engavetamento;1;;2;;;;;;;;3;;;;
13/12/2019;18:43:00;508;com vítima;589;BR-153/GO;Norte;Tombamento;;;1;;;;;;;;0;1;;;
13/12/2019;19:20:00;532;sem vítima;505;BR-153/GO;Norte;Engavetamento;3;;;;;;;;;;3;;;;
13/12/2019;20:34:00;570;sem vítima;852;BR-262/MG;Oeste;Atropelamento de Animal;1;;;;;;;;;;1;;;;
13/12/2019;21:58:00;612;sem vítima;58;BR-153/MG;Norte;Saida de Pista;;;1;;;;;;;;1;;;;
14/12/2019;00:56:00;11;sem vítima;7;BR-153/MG;Sul;Saida de Pista;;;1;;;;;;;;1;;;;
14/12/2019;01:28:00;17;sem vítima;598;BR-153/GO;Sul;Colisão Traseira;2;;;;;;;;;;2;;;;
14/12/2019;02:48:00;31;com vítima;493,578;BR-153/GO;Norte;Tombamento;;;;;;;;;;1;0;1;;;
14/12/2019;04:40:00;45;com vítima;658,591;BR-153/GO;Sul;Colisão Traseira;1;;1;;;;;;;;1;;1;;
14/12/2019;05:05:00;51;sem vítima;136,944;BR-060/GO;Norte;Choque - Outros;1;;;;;;;;;;1;;;;