data;horario;n_da_ocorrencia;tipo_de_ocorrencia;km;trecho;sentido;tipo_de_acidente;automovel;bicicleta;caminhao;moto;onibus;outros;tracao_animal;transporte_de_cargas_especiais;trator_maquinas;utilitarios;ilesos;levemente_feridos;moderadamente_feridos;gravemente_feridos;mortos
14/12/2019;05:09:00;52;sem vítima;521,452;BR-153/GO;Sul;Tombamento;;;1;;;;;;;;1;;;;
14/12/2019;06:53:00;90;sem vítima;642,48;BR-153/GO;Norte;Saida de Pista;1;;;;;;;;;;4;;;;
14/12/2019;08:11:00;132;sem vítima;353;BR-262/MG;Leste;Colisão Lateral;1;;;;;1;;;;;2;;;;
14/12/2019;09:08:00;181;sem vítima;504;BR-153/GO;Norte;Engavetamento;4;;;;;;;;;;4;;;;
14/12/2019;09:25:00;195;sem vítima;426;BR-262/MG;Leste;Colisão Lateral;;;2;;;;;;;;2;;;;
14/12/2019;12:52:00;351;sem vítima;490;BR-153/GO;Norte;Colisão Lateral;2;;;;;;;;;;2;;;;
14/12/2019;14:06:00;393;com vítima;365;BR-262/MG;Oeste;Engavetamento;2;;;;;1;;;;;3;1;;;
14/12/2019;16:43:00;492;sem vítima;389;BR-262/MG;Leste;Colisão Traseira;1;;1;;;;;;;;2;;;;
14/12/2019;18:45:00;561;com vítima;17;BR-153/MG;Norte;Queda de Moto;;;;1;;;;;;;0;1;;;
14/12/2019;19:42:00;590;sem vítima;5;BR-060/DF;Norte;Colisão Traseira;2;;;;;;;;;;2;;;;
14/12/2019;20:50:00;622;com vítima;94;BR-060/GO;Norte;Colisão Traseira;2;;;;;;;;;;1;1;;;
14/12/2019;21:37:00;643;com vítima;362;BR-262/MG;Oeste;Colisão Traseira;;;;1;;1;;;;;1;;;;1
14/12/2019;23:08:00;667;sem vítima;27;BR-060/GO;Sul;Choque - Defensa;;;;;;1;;;;1;2;;;;
15/12/2019;03:21:00;58;sem vítima;100;BR-060/GO;Sul;Choque - Elemento de Drenagem;1;;;;;;;;;;1;;;;
15/12/2019;05:47:00;77;sem vítima;622;BR-153/GO;Norte;Atropelamento de Animal;1;;;;;;;;;;1;;;;
15/12/2019;05:50:00;79;com vítima;9;BR-060/DF;Norte;Queda de Moto;;;;1;;;;;;;0;1;;;
15/12/2019;07:55:00;138;sem vítima;47,2;BR-060/GO;Sul;Queda de Moto;;;;1;;;;;;;1;;;;
15/12/2019;08:00:00;139;sem vítima;558;BR-153/GO;Norte;Queda de Moto;;;;1;;;;;;;1;;;;
15/12/2019;08:47:00;187;sem vítima;906;BR-262/MG;Oeste;Choque - Outros;;;1;;;;;;;1;2;;;;
15/12/2019;10:53:00;309;sem vítima;27;BR-060/DF;Sul;Choque - Objeto sobre a pista;1;;;;;;;;;;1;;;;
15/12/2019;13:47:00;426;sem vítima;367;BR-262/MG;Oeste;Colisão Traseira;2;;;;;;;;;;2;;;;
15/12/2019;13:56:00;431;sem vítima;556,9;BR-153/GO;Sul;Capotamento;1;;;;;;;;;;1;;;;
15/12/2019;15:18:00;477;com vítima;798,5;BR-262/MG;Oeste;Queda de Moto;;;;1;;;;;;;0;1;;;
15/12/2019;15:25:00;484;sem vítima;506;BR-153/GO;Norte;Choque - Defensa;1;;;;;;;;;;1;;;;
15/12/2019;15:49:00;492;sem vítima;109;BR-060/GO;Sul;Saida de Pista;;;;;;;;;;1;1;;;;
15/12/2019;18:33:00;600;com vítima;415;BR-262/MG;Leste;Choque - Talude;1;;;;;;;;;;1;1;2;1;
15/12/2019;19:41:00;643;com vítima;29;BR-060/GO;Sul;Capotamento;1;;;;;;;;;;0;2;;;
15/12/2019;20:18:00;662;sem vítima;356,2;BR-262/MG;Oeste;Atropelamento de Animal;1;;;;;;;;;;1;;;;
16/12/2019;01:41:00;22;sem vítima;373,3;BR-262/MG;Oeste;Atropelamento de Animal;;;1;;;;;;;;1;;;;
16/12/2019;02:07:00;30;sem vítima;356,3;BR-262/MG;Oeste;Capotamento;1;;;;;;;;;;1;;;;
16/12/2019;03:21:00;43;sem vítima;546;BR-262/MG;Oeste;Tombamento;1;;;;;;;;;;1;;;;
16/12/2019;07:35:00;104;sem vítima;492;BR-153/GO;Sul;Colisão Traseira;1;;;1;;;;;;;2;;;;
16/12/2019;07:44:00;107;com vítima;9,4;BR-060/DF;Sul;Colisão Traseira;1;;;1;;;;;;;1;1;;;
16/12/2019;07:45:00;108;sem vítima;492;BR-153/GO;Sul;Queda de Moto;;;;1;;;;;;;1;;;;
16/12/2019;09:19:00;173;sem vítima;679;BR-262/MG;Leste;Colisão Lateral;1;;1;;;;;;;;2;;;;
16/12/2019;09:50:00;210;sem vítima;504;BR-153/GO;Norte;Colisão Traseira;2;;;;;;;;;;2;;;;
16/12/2019;13:05:00;304;sem vítima;120;BR-060/GO;Sul;Saida de Pista;1;;;;;;;;;;3;;;;
16/12/2019;14:39:00;334;sem vítima;127,5;BR-060/GO;Sul;Choque - Objeto sobre a pista;1;;;;;;;;;;1;;;;
16/12/2019;20:14:00;543;com vítima;395;BR-262/MG;Oeste;Queda de Moto;;;;1;;;;;;;0;1;;;
16/12/2019;22:00:00;582;sem vítima;367;BR-262/MG;Leste;Colisão Traseira;2;;;;;;;;;;2;;;;
17/12/2019;04:45:00;74;sem vítima;685;BR-153/GO;Sul;Choque - Cancela de Pedagio;;;1;;;;;;;;1;;;;
17/12/2019;06:53:00;105;com vítima;509;BR-153/GO;Norte;Colisão Traseira;1;;;1;;;;;;;1;1;;;
17/12/2019;11:11:00;332;sem vítima;237,3;BR-153/MG;Sul;Saida de Pista;2;;;;;;;;;;2;;;;
17/12/2019;11:33:00;355;sem vítima;405;BR-262/MG;Leste;Choque - Elemento de Drenagem;1;;;;;;;;;;1;;;;
17/12/2019;12:13:00;377;sem vítima;371;BR-262/MG;Leste;Capotamento;1;;;;;;;;;;1;;;;
17/12/2019;13:58:00;428;sem vítima;11;BR-153/MG;Sul;Capotamento;1;;;;;;;;;;1;;;;
17/12/2019;16:44:00;521;com vítima;444;BR-262/MG;Oeste;Capotamento;1;;;;;;;;;;1;1;;;
17/12/2019;18:41:00;595;sem vítima;801,005;BR-262/MG;Oeste;Colisão Traseira;3;;;;;;;;;;3;;;;
17/12/2019;19:55:00;632;com vítima;509;BR-153/GO;Norte;Colisão Traseira;1;;;1;;;;;;;3;1;;;
17/12/2019;19:58:00;633;com vítima;441,9;BR-262/MG;Leste;Queda de Moto;;;;1;;;;;;;0;1;1;;
18/12/2019;00:30:00;6;sem vítima;716;BR-262/MG;Oeste;Atropelamento de Animal;1;;;;;;;;;;1;;;;
18/12/2019;02:47:00;49;com vítima;588;BR-153/GO;Sul;Capotamento;1;;;;;;;;;;0;1;;;
18/12/2019;08:03:00;157;sem vítima;511,9;BR-153/GO;Norte;Colisão Traseira;1;;;1;;;;;;;2;;;;
18/12/2019;08:18:00;168;sem vítima;495;BR-153/GO;Sul;Colisão Traseira;1;;1;;;;;;;;2;;;;
18/12/2019;10:17:00;273;sem vítima;370;BR-262/MG;Oeste;Choque - Talude;;;;;;;;;;1;1;;;;
18/12/2019;13:23:00;404;sem vítima;26;BR-060/DF;Norte;Capotamento;1;;;;;;;;;;1;;;;
18/12/2019;14:22:00;452;sem vítima;389;BR-262/MG;Oeste;Tombamento;;;1;;;;;;;;1;;;;
18/12/2019;15:52:00;498;sem vítima;109;BR-060/GO;Norte;Colisão Traseira;;;;;;1;;;;1;2;;;;
18/12/2019;16:02:00;501;com vítima;27;BR-060/DF;Norte;Capotamento;1;;;;;;;;;;0;2;;;
18/12/2019;19:46:00;618;sem vítima;582;BR-153/GO;Sul;Choque - Talude;;;;;;;;;;1;1;;;;
18/12/2019;20:27:00;636;com vítima;76;BR-060/GO;Sul;Capotamento;1;;;;;;;;;;0;2;;;
18/12/2019;22:19:00;690;sem vítima;100;BR-153/MG;Sul;Saida de Pista;;;1;;;;;;;;1;;;;
18/12/2019;22:40:00;696;sem vítima;6,2;BR-060/GO;Sul;Tombamento;1;;1;;;;;;;;2;;;;
19/12/2019;05:06:00;49;com vítima;58,9;BR-153/MG;Norte;Colisão Traseira;;;2;;;;;;;;1;;1;;
19/12/2019;07:15:00;87;sem vítima;507;BR-153/GO;Sul;Colisão Lateral;1;;;1;;;;;;;2;;;;
19/12/2019;08:14:00;135;sem vítima;492,5;BR-153/GO;Sul;Colisão Lateral;2;;;;;;;;;;2;;;;
19/12/2019;09:46:00;212;sem vítima;560,3;BR-153/GO;Sul;Choque - Elemento de Drenagem;1;;;;;;;;;;3;;;;
19/12/2019;11:52:00;309;com vítima;121,5;BR-153/MG;Sul;Saida de Pista;;;1;;;1;;;;;2;1;;;
19/12/2019;12:05:00;317;com vítima;383;BR-262/MG;Oeste;Colisão Traseira;;;2;;;;;;;;1;1;;;1
19/12/2019;12:54:00;343;com vítima;608;BR-262/MG;Leste;Colisão Frontal;2;;;;;;;;;;0;;3;;1
19/12/2019;14:03:00;381;sem vítima;81;BR-153/MG;Norte;Choque - Defensa;;;1;;;;;;;;1;;;;
19/12/2019;14:24:00;392;sem vítima;403;BR-262/MG;Oeste;Choque - Talude;1;;;;;;;;;;1;;;;
19/12/2019;15:33:00;426;sem vítima;514;BR-153/GO;Norte;Colisão Lateral;1;;1;;;;;;;;2;;;;
19/12/2019;18:10:00;503;sem vítima;381;BR-262/MG;Leste;Capotamento;1;;;;;;;;;;3;;;;
19/12/2019;22:10:00;631;com vítima;657;BR-153/GO;Sul;Colisão Traseira;;;1;;;;;;;1;1;3;;;
19/12/2019;22:14:00;635;sem vítima;243;BR-153/MG;Sul;Colisão Transversal;1;;1;;;;;;;;2;;;;
19/12/2019;22:22:00;637;com vítima;560,5;BR-262/MG;Oeste;Tombamento;;;1;;;;;;;;0;1;;1;
20/12/2019;02:22:00;44;sem vítima;516;BR-153/GO;Norte;Colisão Traseira;;;2;;;;;;;;2;;;;
20/12/2019;02:28:00;45;sem vítima;530;BR-153/GO;Norte;Tombamento;;;1;;;;;;;;1;;;;
20/12/2019;04:37:00;64;sem vítima;73;BR-060/GO;Sul;Colisão Traseira;;;2;;;;;;;;2;;;;
20/12/2019;08:30:00;164;sem vítima;500;BR-153/GO;Sul;Colisão Traseira;2;;;;;;;;;;2;;;;
20/12/2019;09:55:00;220;com vítima;4,5;BR-153/MG;Sul;Capotamento;1;;;;;;;;;;0;2;;;
20/12/2019;13:34:00;347;sem vítima;593;BR-262/MG;Leste;Choque - Talude;;;;;;;;;;1;1;;;;
20/12/2019;14:02:00;365;sem vítima;594;BR-262/MG;Oeste;Carreta deu L;;;1;;;;;;;;1;;;;
20/12/2019;14:32:00;385;sem vítima;587;BR-262/MG;Leste;Saida de Pista;;;1;;;;;;;;1;;;;
20/12/2019;14:48:00;390;com vítima;628;BR-153/GO;Norte;Choque - Arvore;1;;;;;;;;;;0;1;;;
20/12/2019;15:03:00;401;com vítima;611;BR-262/MG;Leste;Saida de Pista;;;1;;;;;;;;0;2;;;
20/12/2019;16:41:00;455;com vítima;78;BR-060/GO;Sul;Tombamento;;;1;;;;;;;;0;;1;1;
20/12/2019;17:53:00;494;sem vítima;503;BR-153/GO;Sul;Colisão Lateral;1;;1;;;;;;;;2;;;;
20/12/2019;18:20:00;506;sem vítima;549;BR-262/MG;Leste;Capotamento;;;;;;;;;;1;2;;;;
20/12/2019;18:23:00;509;sem vítima;514;BR-153/GO;Norte;Colisão Lateral;2;;;;;;;;;;2;;;;
20/12/2019;18:34:00;518;com vítima;570;BR-153/GO;Sul;Capotamento;1;;;;;;;;;;0;3;;;
20/12/2019;19:28:00;551;sem vítima;504;BR-153/GO;Sul;Colisão Traseira;2;;;;;;;;;;2;;;;
20/12/2019;19:29:00;552;sem vítima;622;BR-262/MG;Leste;Carreta deu L;;;1;;;;;;;;1;;;;
20/12/2019;19:44:00;558;sem vítima;540;BR-262/MG;Oeste;Capotamento;1;;;;;;;;;;2;;;;
20/12/2019;20:54:00;584;sem vítima;445;BR-262/MG;Leste;Saida de Pista;1;;;;;;;;;;1;;;;
20/12/2019;22:13:00;622;sem vítima;408;BR-262/MG;Oeste;Choque - Elemento de Drenagem;1;;;;;;;;;;2;;;;
20/12/2019;22:30:00;629;sem vítima;45,5;BR-153/MG;Sul;Saida de Pista;;;1;;;;;;;;1;;;;
21/12/2019;01:46:00;31;sem vítima;213;BR-153/MG;Sul;Saida de Pista;;;;;;;;;;1;2;;;;
21/12/2019;01:54:00;32;sem vítima;514;BR-153/GO;Norte;Colisão Lateral;2;;;;;;;;;;2;;;;
21/12/2019;03:11:00;47;sem vítima;436,395;BR-262/MG;Leste;Capotamento;1;;;;;;;;;;1;;;;
21/12/2019;04:56:00;73;sem vítima;401,007;BR-262/MG;Leste;Choque - Barreira;1;;;;;;;;;;1;;;;
21/12/2019;06:19:00;96;sem vítima;594,5;BR-262/MG;Leste;Choque - Outros;;;1;;;;;;;;1;;;;
21/12/2019;07:49:00;134;sem vítima;441;BR-262/MG;Leste;Choque - Defensa;;;;;;1;;;;1;2;;;;
21/12/2019;09:45:00;215;sem vítima;722;BR-262/MG;Leste;Choque - Talude;;;1;;;;;;;;1;;;;
21/12/2019;10:08:00;229;sem vítima;500,5;BR-153/GO;Norte;Colisão Traseira;1;;;;;;;;;1;2;;;;
21/12/2019;11:17:00;272;com vítima;240,5;BR-153/MG;Norte;Capotamento;;;;;;;;;;1;1;1;;;
21/12/2019;11:33:00;279;sem vítima;608;BR-262/MG;Oeste;Capotamento;1;;;;;;;;;;1;;;;
21/12/2019;11:41:00;285;com vítima;511;BR-153/GO;Sul;Queda de Moto;;;;1;;;;;;;0;1;;;
21/12/2019;12:50:00;334;com vítima;108;BR-153/MG;Sul;Colisão Traseira;;;2;;;;;;;;1;1;;;
21/12/2019;14:51:00;386;com vítima;111;BR-060/GO;Sul;Queda de Moto;;;;1;;;;;;;0;2;;;
21/12/2019;16:02:00;423;sem vítima;58,1;BR-153/MG;Sul;Choque - Outros;;;1;;;;;;;;1;;;;
21/12/2019;16:13:00;431;com vítima;533,7;BR-262/MG;Leste;Capotamento;;;1;;;;;;;;0;1;;;1
21/12/2019;18:25:00;482;sem vítima;515,6;BR-153/GO;Norte;Colisão Traseira;1;;1;;;;;;;;2;;;;
21/12/2019;19:52:00;529;sem vítima;227;BR-153/MG;Sul;Queda de Moto;;;;1;;;;;;;1;;;;
21/12/2019;23:47:00;620;sem vítima;590;BR-262/MG;Leste;Colisão Transversal;2;;;;;;;;;;2;;;;
22/12/2019;03:48:00;66;sem vítima;33;BR-153/MG;Norte;Colisão Traseira;1;;1;;;;;;;;2;;;;
22/12/2019;04:11:00;70;com vítima;93;BR-060/GO;Norte;Atropelamento de Animal;;;;1;;;;;;;0;1;;;
22/12/2019;05:18:00;80;com vítima;494;BR-153/GO;Norte;Colisão Traseira;2;;;;;;;;;;4;1;1;;
22/12/2019;05:36:00;86;com vítima;14;BR-060/GO;Norte;Queda de Moto;;;;1;;;;;;;0;;1;;
22/12/2019;08:30:00;157;sem vítima;117;BR-060/GO;Sul;Colisão Traseira;1;;1;;;;;;;;2;;;;
22/12/2019;08:51:00;170;com vítima;628;BR-153/GO;Norte;Capotamento;1;;;;;;;;;;0;;1;;
22/12/2019;13:25:00;331;sem vítima;505;BR-262/MG;Leste;Choque - Outros;1;;;;;;;;;;1;;;;
22/12/2019;15:14:00;392;sem vítima;3;BR-060/GO;Sul;Capotamento;;;;;;;;;;1;1;;;;
22/12/2019;15:27:00;400;sem vítima;87;BR-060/GO;Sul;Choque - Elemento de Drenagem;1;;;;;;;;;;2;;;;
22/12/2019;15:32:00;407;com vítima;520;BR-153/GO;Norte;Colisão Traseira;1;;1;;;;;;;;1;2;;;
22/12/2019;17:01:00;452;sem vítima;47;BR-060/GO;Norte;Choque - Outros;1;;;;;;;;;;1;;;;
22/12/2019;17:24:00;464;sem vítima;45;BR-153/MG;Sul;Saida de Pista;;;;;;;;;;1;5;;;;
22/12/2019;18:22:00;496;sem vítima;834,4;BR-262/MG;Oeste;Atropelamento de Animal;1;;;;;;;;;;1;;;;
22/12/2019;18:37:00;503;com vítima;656;BR-262/MG;Oeste;Saida de Pista;1;;;;;;;;;;0;1;;;
22/12/2019;19:44:00;536;sem vítima;55;BR-153/MG;Norte;Saida de Pista;1;;;;;;;;;;7;;;;
23/12/2019;00:12:00;5;com vítima;506;BR-153/GO;Sul;Choque - Outros;;;;1;;;;;;;0;1;;;
23/12/2019;02:06:00;25;sem vítima;566,2;BR-153/GO;Sul;Capotamento;1;;;;;;;;;;1;;;;
23/12/2019;05:42:00;49;com vítima;79;BR-060/GO;Norte;Queda de Moto;;;;1;;;;;;;0;1;;;
23/12/2019;07:13:00;99;com vítima;505,85;BR-153/GO;Sul;Queda de Moto;;;;1;;;;;;;0;;1;;
23/12/2019;11:16:00;312;sem vítima;36,9;BR-060/GO;Sul;Choque - Elemento de Drenagem;1;;;;;;;;;;1;;;;
23/12/2019;11:43:00;330;sem vítima;129,5;BR-060/GO;Sul;Queda de Moto;;;;1;;;;;;;2;;;;
23/12/2019;16:07:00;461;sem vítima;572,8;BR-153/GO;Sul;Capotamento;1;;;;;;;;;;1;;;;
23/12/2019;16:46:00;485;com vítima;597;BR-153/GO;Sul;Choque - Arvore;1;;;;;;;;;;0;;1;;
23/12/2019;18:24:00;544;sem vítima;548;BR-262/MG;Oeste;Choque - Elemento de Drenagem;1;;;;;;;;;;2;;;;
23/12/2019;19:52:00;602;sem vítima;220;BR-153/MG;Sul;Colisão Lateral;1;;1;;;;;;;;2;;;;
23/12/2019;23:34:00;681;sem vítima;548;BR-262/MG;Leste;Capotamento;;;;;;;;;;1;1;;;;
24/12/2019;01:14:00;13;com vítima;497;BR-153/GO;Sul;Colisão Traseira;1;;1;;;;;;;;1;1;;;
24/12/2019;01:32:00;16;sem vítima;580;BR-262/MG;Leste;Tombamento;;;1;;;;;;;;1;;;;
24/12/2019;01:45:00;23;sem vítima;540;BR-262/MG;Leste;Saida de Pista;;;1;;;;;;;;1;;;;
24/12/2019;03:59:00;46;sem vítima;380;BR-262/MG;Oeste;Saida de Pista;1;;;;;;;;;;1;;;;
24/12/2019;04:33:00;50;sem vítima;137;BR-060/GO;Norte;Choque - Elemento de Drenagem;1;;;;;;;;;;2;;;;
24/12/2019;04:59:00;54;sem vítima;667;BR-262/MG;Oeste;Choque - Arvore;1;;;;;;;;;;2;;;;
24/12/2019;05:21:00;61;sem vítima;0,2;BR-060/GO;Sul;Choque - Outros;1;;;;;;;;;;2;;;;
24/12/2019;05:59:00;70;com vítima;509;BR-262/MG;Oeste;Choque - Arvore;1;;;;;;;;;;0;1;;;
24/12/2019;06:50:00;80;sem vítima;95;BR-060/GO;Norte;Colisão Traseira;1;;;;;;;;;;1;;;;
24/12/2019;07:31:00;96;sem vítima;509,3;BR-262/MG;Leste;Colisão Traseira;2;;;;;;;;;;6;;;;
24/12/2019;07:32:00;99;com vítima;694;BR-262/MG;Oeste;Queda de Moto;1;;;1;;;;;;;1;1;;;
24/12/2019;07:49:00;111;com vítima;24;BR-060/DF;Norte;Engavetamento;3;;;;;;;;;1;3;1;;;
24/12/2019;08:27:00;131;sem vítima;509,5;BR-262/MG;Leste;Saida de Pista;;;;;;;;;;1;1;;;;
24/12/2019;09:39:00;170;sem vítima;43;BR-060/GO;Sul;Colisão Traseira;1;;1;;;;;;;;4;;;;
24/12/2019;11:04:00;206;sem vítima;401,5;BR-262/MG;Leste;Saida de Pista;1;;;;;;;;;;1;;;;
24/12/2019;11:09:00;209;sem vítima;371;BR-262/MG;Oeste;Choque - Elemento de Drenagem;1;;;;;;;;;;1;;;;
24/12/2019;11:39:00;228;com vítima;400,7;BR-262/MG;Leste;Saida de Pista;1;;;;;;;;;;1;;1;;
24/12/2019;12:10:00;250;com vítima;97;BR-060/GO;Sul;Colisão Traseira;2;;;;;;;;;;3;3;;;
24/12/2019;12:48:00;273;sem vítima;378;BR-262/MG;Leste;Colisão Lateral;1;;1;;;;;;;;2;;;;
24/12/2019;12:55:00;276;sem vítima;23;BR-153/MG;Norte;Capotamento;1;;;;;;;;;;4;;;;
24/12/2019;15:46:00;348;sem vítima;3;BR-060/DF;Norte;Capotamento;1;;;;;;;;;1;2;;;;
24/12/2019;16:08:00;360;sem vítima;549,8;BR-262/MG;Leste;Capotamento;1;;;;;;;;;;2;;;;
24/12/2019;18:18:00;429;sem vítima;609;BR-262/MG;Leste;Capotamento;1;;;;;;;;;;1;;;;
24/12/2019;19:04:00;462;sem vítima;801;BR-262/MG;Leste;Choque - Elemento de Drenagem;1;;;;;;;;;;4;;;;
24/12/2019;20:05:00;482;com vítima;97;BR-060/GO;Norte;Colisão Lateral;;;;2;;;;;;;1;;1;;
24/12/2019;20:25:00;488;com vítima;85,5;BR-060/GO;Norte;Colisão Traseira;1;;;1;;;;;;;1;;;1;
24/12/2019;20:35:00;492;com vítima;122;BR-060/GO;Sul;Saida de Pista;;;1;;;;;;;;0;;1;;
24/12/2019;21:15:00;503;com vítima;63;BR-060/GO;Sul;Atropelamento - Ciclista;1;;;;;;;;;;1;;;1;
25/12/2019;03:10:00;49;sem vítima;240;BR-153/MG;Sul;Atropelamento - Morador/Trabalhador;1;;;;;;;;;;2;;;;
25/12/2019;03:12:00;50;sem vítima;364;BR-262/MG;Oeste;Atropelamento de Animal;1;;;;;;;;;;1;;;;
25/12/2019;07:25:00;103;sem vítima;245;BR-153/MG;Sul;Saida de Pista;1;;;;;;;;;;2;;;;
25/12/2019;08:01:00;114;sem vítima;504;BR-153/GO;Sul;Choque - Outros;;;;1;;;;;;;1;;;;
25/12/2019;10:37:00;172;com vítima;74,5;BR-060/GO;Norte;Queda de Moto;;;;1;;;;;;;0;2;;;
25/12/2019;13:30:00;248;com vítima;639;BR-153/GO;Sul;Queda de Moto;;;;1;;;;;;;1;1;;;
25/12/2019;14:52:00;265;sem vítima;28,65;BR-060/GO;Norte;Choque - Elemento de Drenagem;1;;;;;;;;;;1;;;;
25/12/2019;15:01:00;266;sem vítima;25;BR-060/GO;Sul;Choque - Elemento de Drenagem;1;;;;;;;;;;2;;;;
25/12/2019;16:45:00;304;sem vítima;101;BR-060/GO;Norte;Colisão Traseira;2;;;;;;;;;;5;;;;
25/12/2019;16:51:00;307;sem vítima;609;BR-262/MG;Leste;Saida de Pista;1;;;;;;;;;;2;;;;
25/12/2019;17:34:00;329;sem vítima;97;BR-060/GO;Norte;Colisão Traseira;2;;;;;;;;;;5;;;;
25/12/2019;17:36:00;331;sem vítima;364;BR-262/MG;Leste;Colisão Traseira;2;;;;;;;;;;2;;;;
25/12/2019;19:25:00;384;com vítima;495;BR-153/GO;Norte;Colisão Lateral;;;;2;;;;;;;0;3;;;
25/12/2019;20:11:00;408;sem vítima;3;BR-060/DF;Sul;Colisão Traseira;2;;;;;;;;;;2;;;;
25/12/2019;22:24:00;446;sem vítima;17;BR-060/GO;Sul;Atropelamento de Animal;2;;;;;;;;;;3;;;;
26/12/2019;12:33:00;300;sem vítima;98;BR-060/GO;Norte;Engavetamento;4;;;;;;;;;;4;;;;
26/12/2019;12:59:00;313;com vítima;134,3;BR-060/GO;Norte;Choque - Talude;;;1;;;;;;;;0;1;;;
26/12/2019;13:41:00;330;sem vítima;654,2;BR-153/GO;Sul;Choque - Elemento de Drenagem;1;;;;;;;;;;4;;;;
26/12/2019;14:08:00;353;com vítima;498;BR-153/GO;Sul;Colisão Lateral;1;;;1;;;;;;;1;;1;;
26/12/2019;16:41:00;424;sem vítima;479;BR-262/MG;Leste;Colisão Traseira;2;;;;;;;;;;9;;;;
26/12/2019;17:23:00;455;sem vítima;32;BR-060/GO;Norte;Colisão Lateral;1;;1;;;;;;;;4;;;;
26/12/2019;17:48:00;467;sem vítima;5;BR-060/DF;Sul;Colisão Traseira;1;;1;;;;;;;;2;;;;
26/12/2019;19:30:00;529;com vítima;391;BR-262/MG;Oeste;Atropelamento de Animal;1;;1;;;;;;;;2;1;1;;
26/12/2019;21:48:00;595;sem vítima;111;BR-060/GO;Sul;Saida de Pista;1;;;;;;;;;;1;;;;
27/12/2019;04:55:00;57;sem vítima;2;BR-153/MG;Norte;Choque - Outros;;;;;;1;;;;1;2;;;;
27/12/2019;08:14:00;139;sem vítima;10;BR-060/DF;Norte;Queda de Moto;1;;;1;;;;;;;2;;;;
27/12/2019;08:43:00;155;sem vítima;529;BR-262/MG;Leste;Colisão Lateral;1;;1;;;;;;;;2;;;;
27/12/2019;10:48:00;238;com vítima;616;BR-153/GO;Norte;Choque - Elemento de Drenagem;1;;;;;;;;;;2;1;;;
27/12/2019;13:06:00;315;sem vítima;462;BR-262/MG;Leste;Colisão Traseira;2;;;;;;;;;;5;;;;
27/12/2019;13:40:00;341;sem vítima;364;BR-262/MG;Leste;Colisão Traseira;2;;;;;;;;;;2;;;;
27/12/2019;14:34:00;366;sem vítima;889,9;BR-262/MG;Oeste;Colisão Lateral;1;;1;;;;;;;;4;;;;
27/12/2019;15:22:00;402;sem vítima;9,25;BR-060/DF;Sul;Colisão Lateral;1;;;1;;;;;;;3;;;;
27/12/2019;15:40:00;415;sem vítima;575;BR-153/GO;Sul;Choque - Elemento de Drenagem;1;;;;;;;;;;1;;;;
27/12/2019;15:59:00;427;sem vítima;469;BR-262/MG;Oeste;Colisão Lateral;1;;;;;;;;;1;2;;;;
27/12/2019;17:00:00;457;sem vítima;452,5;BR-262/MG;Oeste;Colisão Traseira;2;;;;;;;;;;3;;;;
27/12/2019;21:30:00;579;sem vítima;130;BR-060/GO;Sul;Colisão Traseira;1;;;;;1;;;;;2;;;;
28/12/2019;01:22:00;13;sem vítima;364;BR-262/MG;Oeste;Colisão Traseira;2;;;;;;;;;;2;;;;
28/12/2019;04:46:00;40;sem vítima;64;BR-153/MG;Norte;Saida de Pista;1;;;;;;;;;;3;;;;
28/12/2019;04:46:00;41;sem vítima;439,8;BR-262/MG;Oeste;Atropelamento de Animal;;;1;;;;;;;;1;;;;
28/12/2019;05:29:00;46;sem vítima;643;BR-153/GO;Sul;Capotamento;1;;;;;;;;;;2;;;;
28/12/2019;14:54:00;276;sem vítima;21,2;BR-060/DF;Norte;Choque - Elemento de Drenagem;1;;;;;;;;;;2;;;;
28/12/2019;17:30:00;349;sem vítima;506;BR-153/GO;Norte;Engavetamento;2;;1;;;;;;;;3;;;;
28/12/2019;20:53:00;439;com vítima;357;BR-262/MG;Leste;Queda de Moto;;;;1;;;;;;;0;1;;;
28/12/2019;23:36:00;472;sem vítima;755,5;BR-262/MG;Oeste;Colisão Lateral;1;;1;;;;;;;;4;;;;
29/12/2019;00:51:00;7;sem vítima;607;BR-153/GO;Sul;Colisão Traseira;;;2;;;;;;;;2;;;;
29/12/2019;00:55:00;8;com vítima;90;BR-153/MG;Sul;Saida de Pista;1;;;;;;;;;;2;3;;;
29/12/2019;05:42:00;39;sem vítima;836;BR-262/MG;Oeste;Choque - Talude;1;;;;;;;;;;1;;;;
29/12/2019;05:44:00;40;com vítima;27;BR-060/GO;Norte;Capotamento;1;;;;;;;;;;0;;1;;
29/12/2019;06:32:00;51;sem vítima;10;BR-153/MG;Norte;Choque - Elemento de Drenagem;1;;;;;;;;;;2;;;;
29/12/2019;10:11:00;125;sem vítima;363;BR-262/MG;Oeste;Engavetamento;3;;;;;;;;;;3;;;;
29/12/2019;11:36:00;163;sem vítima;4,8;BR-060/DF;Norte;Colisão Traseira;1;;;;;1;;;;;2;;;;
29/12/2019;12:54:00;205;com vítima;241,3;BR-153/MG;Norte;Atropelamento - Usuário;1;;1;;;;;;;;2;1;;1;
29/12/2019;14:17:00;227;sem vítima;107;BR-060/GO;Sul;Colisão Traseira;;;1;;;;;;;1;3;;;;
29/12/2019;14:23:00;230;com vítima;718,15;BR-262/MG;Oeste;Capotamento;1;;;;;;;;;;1;1;;;
29/12/2019;15:29:00;257;sem vítima;426,1;BR-262/MG;Leste;Choque - Elemento de Drenagem;1;;;;;;;;;;2;;;;
29/12/2019;18:25:00;332;com vítima;96,5;BR-060/GO;Sul;Queda de Moto;;;;1;;;;;;;0;2;;;
29/12/2019;18:36:00;341;sem vítima;400,5;BR-262/MG;Leste;Saida de Pista;;;;;;;;;;1;1;;;;