data;horario;n_da_ocorrencia;tipo_de_ocorrencia;km;trecho;sentido;tipo_de_acidente;automovel;bicicleta;caminhao;moto;onibus;outros;tracao_animal;transporte_de_cargas_especiais;trator_maquinas;utilitarios;ilesos;levemente_feridos;moderadamente_feridos;gravemente_feridos;mortos
29/12/2019;20:31:00;382;sem vítima;635,404;BR-153/GO;Sul;Choque- Placa/Suporte Sinalização;1;;;;;;;;;;1;;;;
29/12/2019;23:25:00;421;sem vítima;356;BR-262/MG;Leste;Choque - Outros;2;;;;;;;;;;2;;;;
29/12/2019;23:53:00;429;sem vítima;102;BR-060/GO;Norte;Atropelamento de Animal;1;;;;;;;;;;1;;;;
30/12/2019;15:33:00;344;com vítima;468;BR-262/MG;Leste;Queda de Moto;;;;1;;;;;;;0;2;;;
30/12/2019;16:30:00;376;com vítima;575;BR-153/GO;Sul;Capotamento;1;;;;;1;;;;;1;1;;;
30/12/2019;17:03:00;387;com vítima;506;BR-153/GO;Norte;Engavetamento;2;;;1;;;;;;;2;1;;;
30/12/2019;18:50:00;437;com vítima;75;BR-060/GO;Sul;Atropelamento de Animal;;;;1;;;;;;;0;2;;;
30/12/2019;20:17:00;475;sem vítima;122;BR-060/GO;Sul;Tombamento;;;1;;;;;;;;1;;;;
30/12/2019;20:26:00;478;com vítima;3;BR-060/DF;Norte;Queda de Moto;;;;1;;;;;;;0;2;;;
30/12/2019;21:19:00;497;sem vítima;416;BR-262/MG;Oeste;Queda de Moto;;;;1;;;;;;;1;;;;
30/12/2019;21:25:00;501;com vítima;25;BR-060/GO;Sul;Choque - Elemento de Drenagem;1;;;;;1;;;;;3;2;;;
31/12/2019;02:49:00;23;sem vítima;192,6;BR-153/MG;Sul;Atropelamento de Animal;1;;;;;;;;;;5;;;;
31/12/2019;03:28:00;27;sem vítima;2;BR-060/DF;Sul;Capotamento;;;;;;;;;;1;1;;;;
31/12/2019;05:52:00;43;com vítima;90,7;BR-060/GO;Norte;Tombamento;;;1;;;;;;;;1;1;;;
31/12/2019;06:12:00;49;sem vítima;209,5;BR-153/MG;Norte;Tombamento;;;1;;;;;;;;3;;;;
31/12/2019;09:50:00;152;sem vítima;570;BR-153/GO;Sul;Capotamento;;;;;;;;;;1;3;;;;
31/12/2019;10:54:00;186;sem vítima;6,365;BR-153/MG;Norte;Capotamento;1;;;;;;;;;;1;;;;
31/12/2019;13:10:00;226;sem vítima;25;BR-060/GO;Sul;Choque - Defensa;1;;;;;;;;;;1;;;;
31/12/2019;13:35:00;235;sem vítima;25;BR-060/GO;Norte;Choque - Defensa;1;;;;;;;;;;1;;;;
31/12/2019;14:51:00;263;sem vítima;48,7;BR-060/GO;Norte;Choque- Placa/Suporte Sinalização;1;;;;;;;;;;2;;;;
31/12/2019;16:49:00;299;sem vítima;57,2;BR-060/GO;Norte;Saida de Pista;1;;;;;;;;;;1;;;;
31/12/2019;19:52:00;365;com vítima;439;BR-262/MG;Oeste;Colisão Lateral;;;;2;;;;;;;1;1;1;;
31/12/2019;20:47:00;377;sem vítima;619;BR-153/GO;Sul;Saida de Pista;;;;1;;;;;;;1;;;;
31/12/2019;22:29:00;411;sem vítima;621;BR-153/GO;Sul;Saida de Pista;;;;1;;;;;;;1;;;;
01/11/2019;03:17:00;45;sem vítima;567,5;BR-262/MG;Oeste;Saida de Pista;;;1;;;;;;;;1;;;;
01/11/2019;05:24:00;64;sem vítima;100;BR-153/MG;Norte;Capotamento;1;;;;;;;;;;2;;;;
01/11/2019;06:45:00;85;sem vítima;508;BR-153/GO;Norte;Colisão Traseira;2;;;;;;;;;;2;;;;
01/11/2019;07:53:00;118;com vítima;129,5;BR-060/GO;Sul;Colisão Lateral;;;1;2;;;;;;;3;1;;;
01/11/2019;08:09:00;127;com vítima;493;BR-153/GO;Sul;Queda de Moto;;;;1;;;;;;;0;1;;;
01/11/2019;09:08:00;171;sem vítima;512;BR-153/GO;Norte;Colisão Traseira;1;;;1;;;;;;;2;;;;
01/11/2019;10:16:00;220;sem vítima;580;BR-262/MG;Leste;Colisão Traseira;1;;;;;1;;;;;2;;;;
01/11/2019;12:52:00;308;sem vítima;47,5;BR-153/MG;Sul;Capotamento;;;;;;;;;;1;2;;;;
01/11/2019;14:47:00;359;sem vítima;28;BR-153/MG;Norte;Saida de Pista;1;;;;;;;;;;3;;;;
01/11/2019;14:54:00;363;sem vítima;708;BR-262/MG;Leste;Saida de Pista;;;;;;;;;;1;1;;;;
01/11/2019;14:57:00;365;com vítima;644;BR-262/MG;Leste;Capotamento;;;;;;;;;;1;0;1;;;
01/11/2019;16:16:00;391;sem vítima;381;BR-262/MG;Leste;Choque - Talude;1;;;;;;;;;;1;;;;
01/11/2019;16:34:00;405;sem vítima;118;BR-060/GO;Sul;Carreta deu L;;;2;;;;;;;;3;;;;
01/11/2019;16:55:00;412;sem vítima;32;BR-060/GO;Norte;Colisão Lateral;1;;;;;;;;;1;2;;;;
01/11/2019;17:23:00;426;sem vítima;579,3;BR-262/MG;Oeste;Tombamento;;;1;;;;;;;;1;;;;
01/11/2019;17:32:00;432;sem vítima;505,1;BR-153/GO;Sul;Engavetamento;4;;;;;;;;;;5;;;;
01/11/2019;18:22:00;454;sem vítima;495;BR-262/MG;Leste;Colisão Lateral;1;;1;;;;;;;;2;;;;
01/11/2019;19:05:00;475;com vítima;575;BR-262/MG;Leste;Colisão Frontal;1;;1;;;;;;;;0;;2;;
01/11/2019;19:14:00;477;sem vítima;50;BR-060/GO;Sul;Choque - Objeto sobre a pista;1;;;;;;;;;;1;;;;
01/11/2019;19:29:00;481;sem vítima;549;BR-262/MG;Leste;Choque - Talude;1;;;;;;;;;;3;;;;
01/11/2019;20:41:00;516;sem vítima;498,1;BR-153/GO;Sul;Engavetamento;4;;;;;;;;;;4;;;;
01/11/2019;21:19:00;528;sem vítima;514;BR-153/GO;Norte;Colisão Lateral;2;;;;;;;;;;2;;;;
01/11/2019;21:54:00;542;com vítima;502;BR-153/GO;Sul;Atropelamento - Morador/Trabalhador;;;;1;;;;;;;0;1;;1;
01/11/2019;22:04:00;546;sem vítima;504;BR-153/GO;Norte;Colisão Traseira;;;;1;;1;;;;;2;;;;
02/11/2019;01:49:00;35;sem vítima;5;BR-060/GO;Sul;Capotamento;1;;;;;;;;;;1;;;;
02/11/2019;07:42:00;135;com vítima;802,8;BR-262/MG;Leste;Atropelamento de Animal;;;;1;;;;;;;1;;1;;
02/11/2019;09:52:00;228;sem vítima;450;BR-262/MG;Oeste;Choque - Talude;1;;;;;;;;;;1;;;;
02/11/2019;19:13:00;528;sem vítima;243,868;BR-153/MG;Norte;Atropelamento de Animal;;;1;;;;;;;;1;;;;
02/11/2019;19:48:00;538;com vítima;535,157;BR-153/GO;Sul;Colisão Lateral;1;;;1;;;;;;;1;;1;;
02/11/2019;20:38:00;554;com vítima;479,088;BR-262/MG;Oeste;Choque - Defensa, barreira ou "submarino";;;;;;;;;;1;0;;1;;
02/11/2019;20:40:00;557;com vítima;228;BR-153/MG;Norte;Saida de Pista;1;;;;;;;;;;0;1;;;
03/11/2019;00:38:00;5;sem vítima;447;BR-262/MG;Oeste;Atropelamento de Animal;1;;;;;;;;;;2;;;;
03/11/2019;01:00:00;11;com vítima;662,85;BR-262/MG;Oeste;Choque - Arvore;;;;;;;;;;1;1;1;;;
03/11/2019;06:59:00;79;com vítima;35,8;BR-153/MG;Norte;Saida de Pista;1;;;;;;;;;;0;1;;;
03/11/2019;07:46:00;97;com vítima;575;BR-262/MG;Oeste;Tombamento;;;1;;;;;;;;0;;;1;
03/11/2019;14:21:00;313;sem vítima;796;BR-262/MG;Leste;Atropelamento de Animal;1;;;;;;;;;;1;;;;
03/11/2019;15:11:00;339;sem vítima;504,2;BR-153/GO;Sul;Colisão Traseira;2;;;;;;;;;;2;;;;
03/11/2019;15:37:00;350;com vítima;229,9;BR-153/MG;Sul;Queda em Ribanceira;1;;;;;;;;;;0;1;;;
03/11/2019;16:30:00;382;sem vítima;480,2;BR-262/MG;Leste;Engavetamento;2;;;;;1;;;;;3;;;;
03/11/2019;22:19:00;537;sem vítima;6,822;BR-060/DF;Sul;Choque- Poste/Equipamento;1;;;;;;;;;;1;;;;
04/11/2019;03:23:00;62;sem vítima;694,9;BR-153/GO;Sul;Atropelamento de Animal;1;;;;;;;;;;1;;;;
04/11/2019;04:37:00;84;com vítima;511,9;BR-153/GO;Sul;Queda de Moto;;;;1;;;;;;;0;1;;;
04/11/2019;06:01:00;116;sem vítima;588;BR-153/GO;Norte;Atropelamento de Animal;1;;;;;;;;;;1;;;;
04/11/2019;06:50:00;133;sem vítima;13;BR-153/MG;Norte;Capotamento;;;2;;;;;;;;2;;;;
04/11/2019;08:11:00;145;sem vítima;630;BR-262/MG;Oeste;Tombamento;;;1;;;;;;;;1;;;;
04/11/2019;11:32:00;312;sem vítima;58;BR-153/MG;Norte;Choque - Defensa, barreira ou "submarino";;;1;;;;;;;;1;;;;
04/11/2019;15:19:00;436;sem vítima;17;BR-060/GO;Sul;Colisão Traseira;;;2;;;;;;;;2;;;;
04/11/2019;15:33:00;445;sem vítima;500;BR-153/GO;Sul;Engavetamento;2;;;;;;;;;1;3;;;;
05/11/2019;05:36:00;49;sem vítima;626;BR-262/MG;Oeste;Saida de Pista;;;1;;;;;;;;1;;;;
05/11/2019;06:44:00;70;sem vítima;506,8;BR-153/GO;Sul;Queda de Moto;;;;1;;;;;;;1;;;;
05/11/2019;07:01:00;81;sem vítima;502;BR-153/GO;Norte;Engavetamento;3;;;;;;;;;;3;;;;
05/11/2019;07:41:00;98;sem vítima;504;BR-153/GO;Norte;Engavetamento;3;;;;;;;;;;3;;;;
05/11/2019;08:34:00;140;sem vítima;492;BR-153/GO;Sul;Colisão Traseira;;;1;;;;;;;1;2;;;;
05/11/2019;11:08:00;283;sem vítima;52,1;BR-153/MG;Norte;Colisão Traseira;;;;;;;;;;2;2;;;;
05/11/2019;11:27:00;299;sem vítima;450;BR-262/MG;Leste;Engavetamento;2;;1;;;;;;;;3;;;;
05/11/2019;11:41:00;306;com vítima;499;BR-153/GO;Sul;Queda de Moto;;;;1;;;;;;;0;;1;;
05/11/2019;14:26:00;387;com vítima;815;BR-262/MG;Leste;Capotamento;1;;;;;;;;;;0;1;;;
05/11/2019;14:57:00;397;sem vítima;628;BR-153/GO;Norte;Choque - Talude;1;;;;;;;;;;1;;;;
05/11/2019;15:39:00;416;com vítima;3;BR-060/DF;Sul;Colisão Lateral;1;;1;;;;;;;;4;;2;;
05/11/2019;17:30:00;466;sem vítima;532;BR-153/GO;Norte;Tombamento;;;1;;;;;;;;1;;;;
05/11/2019;17:37:00;469;sem vítima;505,5;BR-153/GO;Sul;Colisão Traseira;2;;;;;;;;;;2;;;;
05/11/2019;17:41:00;472;com vítima;470;BR-262/MG;Oeste;Colisão Transversal;;;1;1;;;;;;1;2;;;1;
05/11/2019;17:49:00;477;com vítima;101;BR-060/GO;Norte;Colisão Traseira;1;;;1;;;;;;;1;1;;;
05/11/2019;17:58:00;483;sem vítima;558,5;BR-153/GO;Norte;Saida de Pista;1;;;;;;;;;;1;;;;
05/11/2019;18:59:00;516;sem vítima;92;BR-060/GO;Sul;Atropelamento de Animal;1;;;;;;;;;;1;;;;
05/11/2019;20:17:00;552;sem vítima;98;BR-153/MG;Sul;Saida de Pista;1;;;;;;;;;;1;;;;
05/11/2019;21:22:00;576;sem vítima;425,3;BR-262/MG;Leste;Choque - Veiculo parado no acostamento;;;2;;;;;;;;2;;;;
06/11/2019;05:06:00;53;sem vítima;394,7;BR-262/MG;Oeste;Choque - Talude;1;;;;;;;;;;1;;;;
06/11/2019;05:54:00;60;sem vítima;361,2;BR-262/MG;Leste;Capotamento;1;;;;;;;;;;1;;;;
06/11/2019;08:44:00;177;com vítima;103,2;BR-060/GO;Norte;Capotamento;1;;;;;;;;;;0;;1;;
06/11/2019;12:14:00;338;sem vítima;16;BR-060/GO;Norte;Tombamento;;;1;;;;;;;;2;;;;
06/11/2019;15:44:00;448;sem vítima;431;BR-262/MG;Leste;Queda de Moto;;;;1;;;;;;;1;;;;
06/11/2019;15:57:00;459;sem vítima;741;BR-262/MG;Oeste;Colisão Traseira;;;1;;;;;;;1;4;;;;
06/11/2019;17:21:00;503;sem vítima;48;BR-153/MG;Norte;Capotamento;1;;;;;1;;;;;3;;;;
06/11/2019;20:19:00;573;com vítima;23,541;BR-060/GO;Norte;Colisão Traseira;;;1;;;;;;;1;4;1;;;
06/11/2019;20:38:00;581;com vítima;826;BR-262/MG;Oeste;Colisão Traseira;1;;1;;;;;;;;1;2;2;;
06/11/2019;20:39:00;582;sem vítima;507;BR-153/GO;Norte;Saida de Pista;1;;;;;;;;;;1;;;;
06/11/2019;21:56:00;605;sem vítima;531,829;BR-153/GO;Sul;Choque - Defensa, barreira ou "submarino";1;;;;;;;;;;1;;;;
06/11/2019;22:21:00;614;com vítima;552;BR-262/MG;Leste;Tombamento;;;1;;;;;;;;0;1;1;;
06/11/2019;22:53:00;619;com vítima;582;BR-262/MG;Leste;Capotamento;1;;;;;;;;;;0;;2;;
07/11/2019;04:23:00;65;sem vítima;699;BR-153/GO;Sul;Choque - Defensa, barreira ou "submarino";1;;;;;;;;;;1;;;;
07/11/2019;05:48:00;91;sem vítima;47,5;BR-153/MG;Sul;Choque - Elemento de Drenagem;;;1;;;;;;;;1;;;;
07/11/2019;07:28:00;159;sem vítima;508,5;BR-153/GO;Norte;Engavetamento;3;;;;;;;;;;7;;;;
07/11/2019;15:15:00;470;sem vítima;658;BR-262/MG;Leste;Saida de Pista;1;;;;;;;;;;1;;;;
07/11/2019;15:49:00;494;sem vítima;500,5;BR-153/GO;Norte;Colisão Lateral;1;;1;;;;;;;;2;;;;
07/11/2019;16:27:00;519;sem vítima;521,8;BR-153/GO;Norte;Colisão Traseira;1;;;;;;;;;1;2;;;;
07/11/2019;17:13:00;543;com vítima;121;BR-153/MG;Sul;Colisão Traseira;;;2;;;;;;;;1;2;;;
07/11/2019;17:42:00;557;sem vítima;500,5;BR-153/GO;Norte;Colisão Lateral;1;;1;;;;;;;;2;;;;
07/11/2019;18:50:00;592;com vítima;499;BR-153/GO;Sul;Colisão Lateral;;;;2;;1;;;;;4;1;;;
07/11/2019;21:17:00;649;sem vítima;631;BR-153/GO;Norte;Capotamento;1;;;;;;;;;;1;;;;
07/11/2019;22:58:00;683;sem vítima;643;BR-153/GO;Norte;Saida de Pista;1;;;;;;;;;;1;;;;
07/11/2019;23:02:00;685;sem vítima;478;BR-262/MG;Leste;Colisão Traseira;;;1;;1;;;;;;26;;;;
08/11/2019;02:46:00;45;sem vítima;360;BR-262/MG;Leste;Choque - Elemento de Drenagem;1;;;;;;;;;;1;;;;
08/11/2019;03:02:00;50;sem vítima;416,242;BR-262/MG;Leste;Colisão Traseira;;;1;;;;;;;1;2;;;;
08/11/2019;05:59:00;94;com vítima;190,5;BR-153/MG;Sul;Colisão Lateral;2;;;;;;;;;;0;5;;;2
08/11/2019;06:54:00;119;com vítima;505;BR-153/GO;Norte;Colisão Lateral;1;;;1;;;;;;;1;1;;;
08/11/2019;09:39:00;220;sem vítima;16;BR-060/GO;Norte;Capotamento;1;;;;;1;;;;;2;;;;
08/11/2019;10:35:00;259;sem vítima;20;BR-060/GO;Norte;Colisão Lateral;1;;;;;;;;;1;2;;;;
08/11/2019;12:29:00;325;com vítima;584;BR-262/MG;Leste;Capotamento;1;;;;;;;;;;4;;1;;
08/11/2019;12:41:00;330;com vítima;520;BR-153/GO;Norte;Queda de Moto;;;;1;;;;;;;1;;1;;
08/11/2019;13:08:00;343;com vítima;619;BR-153/GO;Sul;Capotamento;1;;1;;;;;;;;1;;1;;
08/11/2019;13:27:00;354;sem vítima;505;BR-153/GO;Norte;Colisão Traseira;2;;;;;;;;;;2;;;;
08/11/2019;13:28:00;355;sem vítima;559;BR-262/MG;Oeste;Tombamento;;;1;;;;;;;;1;;;;
08/11/2019;14:23:00;384;sem vítima;613;BR-262/MG;Oeste;Queda de Moto;;;;1;;;;;;;1;;;;
08/11/2019;15:39:00;404;com vítima;23,9;BR-060/GO;Norte;Choque - Arvore;1;;;;;;;;;;0;2;;;
08/11/2019;15:47:00;411;sem vítima;96;BR-060/GO;Norte;Colisão Traseira;2;;;;;;;;;;2;;;;
08/11/2019;16:35:00;436;com vítima;547;BR-262/MG;Leste;Queda de Moto;;;;1;;;;;;;0;1;;;
08/11/2019;16:58:00;452;com vítima;493;BR-153/GO;Sul;Colisão Lateral;1;;;1;;;;;;;1;1;;;
08/11/2019;18:40:00;506;sem vítima;100;BR-060/GO;Sul;Colisão Traseira;1;;;;;1;;;;;2;;;;
08/11/2019;19:16:00;521;com vítima;100;BR-060/GO;Norte;Engavetamento;3;;1;;;;;;;;2;2;;;
08/11/2019;19:17:00;522;com vítima;477;BR-262/MG;Oeste;Colisão Transversal;2;;;;;;;;;;1;2;;;
08/11/2019;19:41:00;530;sem vítima;133,9;BR-060/GO;Sul;Colisão Traseira;2;;;;;;;;;;2;;;;
08/11/2019;19:59:00;536;sem vítima;794;BR-262/MG;Leste;Colisão Traseira;3;;;;;;;;;;3;;;;
08/11/2019;20:08:00;540;sem vítima;444,963;BR-262/MG;Leste;Colisão Traseira;1;;1;;;;;;;;2;;;;
08/11/2019;23:59:00;625;sem vítima;139;BR-153/MG;Norte;Colisão Traseira;1;;;;;;;;;1;2;;;;
09/11/2019;00:55:00;15;com vítima;574,5;BR-262/MG;Leste;Saida de Pista;1;;;;;;;;;;0;1;;;
09/11/2019;05:54:00;79;com vítima;514;BR-153/GO;Norte;Colisão Lateral;1;;;1;;;;;;;1;;;1;
09/11/2019;10:33:00;254;sem vítima;17;BR-153/MG;Norte;Colisão Traseira;;;2;;;;;;;;2;;;;
09/11/2019;10:49:00;267;sem vítima;500;BR-153/GO;Sul;Colisão Traseira;1;;;1;;;;;;;2;;;;
09/11/2019;11:49:00;309;sem vítima;104;BR-060/GO;Sul;Capotamento;1;;;;;;;;;;1;;;;
09/11/2019;13:47:00;369;com vítima;92;BR-153/MG;Norte;Colisão Lateral;1;;1;;;;;;;;2;1;;;
09/11/2019;14:38:00;397;sem vítima;413;BR-262/MG;Oeste;Capotamento;1;;;;;;;;;;1;;;;
09/11/2019;14:47:00;407;sem vítima;69;BR-153/MG;Sul;Saida de Pista;;;1;;;;;;;;1;;;;
09/11/2019;15:27:00;427;sem vítima;83,501;BR-060/GO;Norte;Capotamento;1;;;;;;;;;;1;;;;
09/11/2019;16:38:00;460;sem vítima;31;BR-060/DF;Norte;Queda de Moto;;;;1;;;;;;;2;;;;
09/11/2019;17:53:00;495;sem vítima;663;BR-262/MG;Oeste;Choque - Arvore;;;1;;;;;;;;1;;;;
09/11/2019;18:04:00;499;com vítima;197;BR-153/MG;Sul;Colisão Lateral;2;;;;;;;;;;0;3;;;
09/11/2019;18:46:00;522;com vítima;502;BR-153/GO;Sul;Queda de Moto;;;;1;;;;;;;0;;2;;
09/11/2019;19:41:00;541;com vítima;393;BR-262/MG;Oeste;Queda de Moto;;;;1;;;;;;;0;2;;;
09/11/2019;20:25:00;565;sem vítima;380;BR-262/MG;Leste;Saida de Pista;1;;;;;;;;;;2;;;;
09/11/2019;20:29:00;569;com vítima;511,399;BR-153/GO;Sul;Colisão Traseira;1;;;;;;;;;1;2;;1;;
09/11/2019;22:18:00;606;com vítima;442;BR-262/MG;Leste;Atropelamento - Usuário;1;;;;;;;;;;1;;;2;
09/11/2019;22:41:00;618;sem vítima;388;BR-262/MG;Oeste;Saida de Pista;1;;;;;;;;;;1;;;;
09/11/2019;22:52:00;621;com vítima;683;BR-153/GO;Norte;Carreta deu L;;;1;;;;;;;;0;1;;;
10/11/2019;00:28:00;4;sem vítima;499;BR-153/GO;Sul;Colisão Traseira;3;;;;;;;;;;3;;;;
10/11/2019;00:43:00;9;com vítima;505,784;BR-153/GO;Norte;Colisão Traseira;1;;;1;;;;;;;1;;;;1
10/11/2019;05:22:00;70;sem vítima;355;BR-262/MG;Leste;Capotamento;1;;;;;;;;;;2;;;;
10/11/2019;06:05:00;84;sem vítima;413,7;BR-262/MG;Oeste;Capotamento;1;;;;;;;;;;1;;;;
10/11/2019;08:12:00;148;sem vítima;553;BR-153/GO;Norte;Colisão Traseira;;;2;;;;;;;;2;;;;
10/11/2019;10:14:00;223;com vítima;393;BR-262/MG;Leste;Colisão Traseira;2;;;;;;;;;;3;1;;;
10/11/2019;11:51:00;275;sem vítima;509;BR-153/GO;Sul;Choque - Defensa;1;;;;;;;;;;1;;;;
10/11/2019;13:34:00;317;sem vítima;767;BR-262/MG;Leste;Saida de Pista;;;1;;;;;;;;1;;;;
10/11/2019;14:16:00;334;com vítima;389;BR-262/MG;Oeste;Choque - Defensa, barreira ou "submarino";1;;;;;;;;;;1;1;;;
10/11/2019;14:44:00;345;sem vítima;108,508;BR-153/MG;Norte;Tombamento;;;1;;;;;;;;1;;;;
10/11/2019;14:46:00;346;com vítima;14,5;BR-060/DF;Sul;Capotamento;1;;;;;;;;;;0;1;;;
10/11/2019;14:59:00;347;sem vítima;643;BR-153/GO;Sul;Choque - Elemento de Drenagem;1;;;;;;;;;;3;;;;
10/11/2019;15:13:00;352;com vítima;388;BR-262/MG;Leste;Capotamento;1;;;;;;;;;;0;1;;;
10/11/2019;16:25:00;378;sem vítima;389;BR-262/MG;Oeste;Choque- Placa/Suporte Sinalização;1;;;;;;;;;;1;;;;
10/11/2019;16:41:00;386;com vítima;109;BR-060/GO;Norte;Choque - Defensa, barreira ou "submarino";1;;;;;;;;;;4;1;;;
11/11/2019;07:16:00;110;com vítima;500;BR-153/GO;Sul;Colisão Traseira;2;;;;;;;;;;3;1;;;
11/11/2019;09:08:00;194;sem vítima;1;BR-153/MG;Norte;Colisão Lateral;2;;;;;;;;;;2;;;;
11/11/2019;11:35:00;286;com vítima;155,9;BR-153/MG;Sul;Capotamento;1;;;;;;;;;;0;2;;;
11/11/2019;15:23:00;394;sem vítima;136,6;BR-060/GO;Sul;Tombamento;;;1;;;;;;;;1;;;;
11/11/2019;15:28:00;398;sem vítima;401,2;BR-262/MG;Leste;Colisão Traseira;2;;;;;;;;;;2;;;;
11/11/2019;16:59:00;431;com vítima;91;BR-153/MG;Norte;Colisão Traseira;1;;;;;;;;;1;1;1;;1;
11/11/2019;17:00:00;432;sem vítima;55;BR-060/GO;Sul;Choque - Objeto sobre a pista;1;;;;;;;;;;1;;;;
11/11/2019;19:52:00;507;com vítima;671,5;BR-262/MG;Oeste;Colisão Traseira;1;;;;;;;;;1;2;1;;;
12/11/2019;01:12:00;17;sem vítima;601,95;BR-262/MG;Leste;Tombamento;;;1;;;;;;;;1;;;;
12/11/2019;05:32:00;69;sem vítima;502;BR-153/GO;Sul;Choque- Poste/Equipamento;1;;;;;;;;;;1;;;;
12/11/2019;12:43:00;330;sem vítima;580;BR-262/MG;Leste;Queda de Moto;;;;1;;;;;;;1;;;;
12/11/2019;15:20:00;443;sem vítima;534;BR-153/GO;Norte;Colisão Traseira;;;2;;;;;;;;2;;;;
12/11/2019;17:13:00;518;com vítima;499;BR-153/GO;Sul;Colisão Lateral;1;;;1;;;;;;;1;1;1;;
12/11/2019;17:32:00;529;com vítima;811;BR-262/MG;Leste;Capotamento;1;;;;;;;;;;0;;1;;
12/11/2019;18:03:00;548;sem vítima;496;BR-153/GO;Sul;Engavetamento;3;;;;;;;;;;3;;;;
12/11/2019;20:03:00;620;sem vítima;498;BR-153/GO;Sul;Engavetamento;3;;;;;;;;;;3;;;;
12/11/2019;21:45:00;666;com vítima;497;BR-153/GO;Sul;Colisão Traseira;1;;;1;;1;;;;;2;;1;;
13/11/2019;02:36:00;43;com vítima;700;BR-262/MG;Oeste;Colisão Frontal;;;3;;;;;;;;2;1;;;
13/11/2019;05:08:00;66;sem vítima;28;BR-060/GO;Sul;Atropelamento de Animal;1;;;;;;;;;;1;;;;
13/11/2019;07:07:00;110;sem vítima;394;BR-262/MG;Oeste;Colisão Lateral;;;;;;;;;;2;2;;;;
13/11/2019;07:40:00;130;sem vítima;501;BR-153/GO;Norte;Colisão Lateral;1;;1;;;;;;;;2;;;;
13/11/2019;07:44:00;133;sem vítima;502;BR-153/GO;Norte;Colisão Traseira;1;;;1;;;;;;;2;;;;
13/11/2019;07:52:00;140;com vítima;0;BR-060/DF;Norte;Colisão Traseira;;;1;1;;;;;;;1;2;;;
13/11/2019;07:59:00;147;com vítima;501;BR-153/GO;Sul;Colisão Traseira;;;;1;;1;;;;;1;1;;;
13/11/2019;09:14:00;200;sem vítima;381;BR-262/MG;Oeste;Capotamento;1;;;;;;;;;;4;;;;
13/11/2019;11:25:00;292;sem vítima;93;BR-060/GO;Norte;Colisão Lateral;1;;1;;;;;;;;2;;;;
13/11/2019;12:49:00;351;com vítima;505;BR-153/GO;Sul;Colisão Traseira;;;;2;;;;;;;1;;1;;
13/11/2019;15:18:00;430;sem vítima;481;BR-262/MG;Leste;Colisão Traseira;;;1;;;;;;;1;3;;;;
13/11/2019;17:10:00;496;sem vítima;516;BR-153/GO;Norte;Colisão Traseira;1;;;;;1;;;;;2;;;;
13/11/2019;19:29:00;576;com vítima;93,8;BR-153/MG;Sul;Capotamento;;;;;;;;;;1;1;1;;;
13/11/2019;20:21:00;590;sem vítima;514;BR-153/GO;Sul;Colisão Lateral;1;;;;;;;;;1;5;;;;
13/11/2019;22:01:00;624;sem vítima;366;BR-262/MG;Oeste;Colisão Traseira;;;2;;;;;;;;2;;;;
13/11/2019;23:38:00;647;sem vítima;106;BR-060/GO;Sul;Colisão Traseira;1;;1;;;;;;;;2;;;;
14/11/2019;02:16:00;49;sem vítima;411,5;BR-262/MG;Leste;Choque - Objeto sobre a pista;;;1;;;;;;;;1;;;;
14/11/2019;05:56:00;85;sem vítima;655;BR-262/MG;Oeste;Saida de Pista;1;;;;;;;;;;2;;;;
14/11/2019;06:44:00;106;sem vítima;827;BR-262/MG;Oeste;Colisão Traseira;;;2;;;;;;;;2;;;;
14/11/2019;07:59:00;155;sem vítima;500,5;BR-153/GO;Norte;Colisão Lateral;1;;1;;;;;;;;2;;;;
14/11/2019;09:08:00;202;sem vítima;502,5;BR-153/GO;Norte;Colisão Traseira;2;;;;;;;;;;2;;;;
14/11/2019;09:30:00;211;sem vítima;504,1;BR-153/GO;Norte;Engavetamento;2;;;;;;;;;1;3;;;;
14/11/2019;11:49:00;291;com vítima;500;BR-153/GO;Sul;Engavetamento;4;;;;;;;;;;3;1;;;
14/11/2019;14:53:00;380;sem vítima;405;BR-262/MG;Leste;Saida de Pista;;;;;;;;;;1;3;;;;
14/11/2019;15:09:00;390;sem vítima;745;BR-262/MG;Leste;Engavetamento;1;;2;;;;;;;;4;;;;
14/11/2019;15:12:00;391;sem vítima;549;BR-262/MG;Leste;Colisão Lateral;1;;1;;;;;;;;5;;;;
14/11/2019;15:39:00;405;sem vítima;388;BR-262/MG;Oeste;Saida de Pista;1;;;;;;;;;;1;;;;
14/11/2019;15:39:00;406;com vítima;8,5;BR-153/MG;Norte;Queda de Moto;;;;1;;;;;;;0;;;1;
14/11/2019;15:58:00;415;sem vítima;495;BR-153/GO;Sul;Colisão Traseira;1;;;;;;;;;1;2;;;;
14/11/2019;16:15:00;424;sem vítima;363;BR-262/MG;Leste;Colisão Lateral;;;1;;;;;;;1;2;;;;
14/11/2019;16:42:00;439;sem vítima;380;BR-262/MG;Leste;Saida de Pista;1;;;;;;;;;;1;;;;
14/11/2019;17:05:00;456;sem vítima;38,7;BR-153/MG;Norte;Saida de Pista;1;;;;;;;;;;4;;;;
14/11/2019;17:28:00;463;sem vítima;62;BR-153/MG;Norte;Choque - Elemento de Drenagem;1;;;;;;;;;;1;;;;
14/11/2019;19:02:00;507;com vítima;145,117;BR-153/MG;Sul;Colisão Lateral;;;3;;;;;;;;2;1;;;
14/11/2019;20:21:00;556;sem vítima;499;BR-153/GO;Sul;Engavetamento;4;;;;;;;;;;4;;;;
14/11/2019;23:01:00;620;sem vítima;729;BR-262/MG;Leste;Tombamento;;;1;;;;;;;;1;;;;