data;horario;n_da_ocorrencia;tipo_de_ocorrencia;km;trecho;sentido;tipo_de_acidente;automovel;bicicleta;caminhao;moto;onibus;outros;tracao_animal;transporte_de_cargas_especiais;trator_maquinas;utilitarios;ilesos;levemente_feridos;moderadamente_feridos;gravemente_feridos;mortos
14/11/2019;23:15:00;625;com vítima;460;BR-262/MG;Oeste;Choque - Barreira;;;1;;;;;;;;0;;;;1
14/11/2019;23:54:00;634;sem vítima;460;BR-262/MG;Leste;Choque - Objeto sobre a pista;1;;;;;;;;;;1;;;;
15/11/2019;00:14:00;5;sem vítima;459,5;BR-262/MG;Oeste;Colisão Traseira;;;1;;1;;;;;;40;;;;
15/11/2019;01:35:00;25;sem vítima;461;BR-262/MG;Leste;Colisão Traseira;2;;;;;;;;;;5;;;;
15/11/2019;03:26:00;55;sem vítima;390;BR-262/MG;Leste;Choque - Elemento de Drenagem;1;;;;;;;;;;1;;;;
15/11/2019;03:41:00;57;com vítima;547;BR-262/MG;Oeste;Capotamento;;;;;;;;;;1;2;1;;;
15/11/2019;03:55:00;58;sem vítima;549;BR-262/MG;Oeste;Choque - Barreira;1;;;;;;;;;;4;;;;
15/11/2019;04:58:00;65;sem vítima;514;BR-153/GO;Norte;Colisão Lateral;2;;;;;;;;;;2;;;;
15/11/2019;07:08:00;113;sem vítima;380;BR-262/MG;Leste;Capotamento;1;;;;;;;;;;1;;;;
15/11/2019;07:46:00;133;com vítima;549;BR-262/MG;Leste;Choque - Talude;1;;;;;;;;;;3;1;;;
15/11/2019;07:48:00;134;sem vítima;604;BR-262/MG;Leste;Choque - Elemento de Drenagem;1;;;;;;;;;;1;;;;
15/11/2019;07:56:00;140;sem vítima;595;BR-262/MG;Leste;Capotamento;;;1;;;;;;;;1;;;;
15/11/2019;07:59:00;142;com vítima;382,5;BR-262/MG;Oeste;Queda de Moto;;;;1;;;;;;;0;;1;;
15/11/2019;08:56:00;173;sem vítima;588;BR-262/MG;Leste;Capotamento;;;;;;;;;;1;1;;;;
15/11/2019;09:48:00;205;sem vítima;385,8;BR-262/MG;Oeste;Capotamento;1;;;;;;;;;;3;;;;
15/11/2019;10:07:00;222;com vítima;103;BR-060/GO;Sul;Capotamento;;;;;;;;;;1;0;1;;;
15/11/2019;10:22:00;231;sem vítima;380,8;BR-262/MG;Oeste;Choque - Elemento de Drenagem;1;;;;;;;;;;4;;;;
15/11/2019;11:12:00;255;com vítima;109;BR-060/GO;Norte;Capotamento;1;;;;;;;;;;0;3;;;
15/11/2019;11:42:00;270;sem vítima;30;BR-060/DF;Norte;Choque - Elemento de Drenagem;1;;;;;;;;;;1;;;;
15/11/2019;12:13:00;290;sem vítima;120;BR-060/GO;Sul;Choque - Arvore;1;;;;;;;;;;1;;;;
15/11/2019;13:45:00;321;com vítima;79;BR-060/GO;Norte;Queda de Moto;;;;1;;;;;;;0;1;;;
15/11/2019;13:53:00;325;sem vítima;130;BR-060/GO;Sul;Colisão Traseira;2;;;;;;;;;;2;;;;
15/11/2019;14:43:00;354;com vítima;603;BR-153/GO;Norte;Capotamento;;;1;;;;;;;;0;1;;;
15/11/2019;14:56:00;360;com vítima;134,4;BR-153/MG;Norte;Colisão Traseira;;;2;;;;;;;;1;2;;;
15/11/2019;15:09:00;365;sem vítima;621,15;BR-153/GO;Norte;Saida de Pista;1;;;;;;;;;;3;;;;
15/11/2019;15:23:00;369;com vítima;385;BR-262/MG;Oeste;Capotamento;1;;;;;;;;;;2;1;;;
15/11/2019;15:23:00;370;sem vítima;608;BR-262/MG;Oeste;Saida de Pista;1;;;;;;;;;;1;;;;
15/11/2019;15:34:00;375;com vítima;385;BR-262/MG;Oeste;Colisão Traseira;1;;;;;;;;;1;0;2;;1;
15/11/2019;15:40:00;379;sem vítima;380;BR-262/MG;Leste;Choque - Elemento de Drenagem;;;;;;;;;;1;1;;;;
15/11/2019;16:11:00;389;com vítima;495;BR-153/GO;Sul;Queda de Moto;;;;1;;;;;;;0;1;;;
15/11/2019;16:33:00;404;sem vítima;497;BR-153/GO;Sul;Choque - Defensa, barreira ou "submarino";;;1;;;;;;;;1;;;;
15/11/2019;17:02:00;417;com vítima;656,156;BR-262/MG;Leste;Tombamento;;;;;;;;;;1;0;2;;;
15/11/2019;17:19:00;424;sem vítima;121,5;BR-060/GO;Sul;Colisão Traseira;2;;;;;;;;;;6;;;;
15/11/2019;17:23:00;427;sem vítima;104;BR-060/GO;Sul;Saida de Pista;;;1;;;;;;;;1;;;;
15/11/2019;18:23:00;447;sem vítima;684;BR-153/GO;Norte;Saida de Pista;;;1;;;;;;;;1;;;;
15/11/2019;19:44:00;484;sem vítima;595;BR-262/MG;Leste;Tombamento;;;1;;;;;;;;1;;;;
15/11/2019;21:31:00;532;sem vítima;549;BR-262/MG;Oeste;Choque - Elemento de Drenagem;1;;;;;;;;;;1;;;;
15/11/2019;21:39:00;535;sem vítima;16;BR-060/DF;Sul;Saida de Pista;1;;;;;;;;;;2;;;;
15/11/2019;22:06:00;543;com vítima;670;BR-153/GO;Norte;Saida de Pista;1;;;;;;;;;;0;1;;;
16/11/2019;01:56:00;40;com vítima;15;BR-060/DF;Sul;Tombamento;;;1;;;;;;;;0;1;;;
16/11/2019;10:21:00;240;com vítima;499;BR-153/GO;Sul;Colisão Traseira;1;;;1;;;;;;;1;;1;;
16/11/2019;10:43:00;261;sem vítima;498;BR-153/GO;Sul;Colisão Traseira;1;;;1;;;;;;;2;;;;
16/11/2019;12:49:00;317;sem vítima;575,5;BR-153/GO;Norte;Choque - Veiculo parado no acostamento;1;;1;;;;;;;;2;;;;
16/11/2019;13:34:00;334;sem vítima;502;BR-153/GO;Sul;Colisão Lateral;1;;1;;;;;;;;2;;;;
16/11/2019;14:57:00;365;com vítima;583,961;BR-262/MG;Oeste;Colisão Frontal;1;;;;1;;;;;;2;2;1;;5
16/11/2019;15:22:00;378;sem vítima;663,8;BR-153/GO;Norte;Capotamento;1;;;;;;;;;;2;;;;
16/11/2019;17:09:00;427;sem vítima;534;BR-262/MG;Leste;Choque - Talude;1;;;;;;;;;;1;;;;
16/11/2019;17:53:00;438;com vítima;107;BR-060/GO;Norte;Colisão Traseira;;;;1;;;;;;1;1;2;;;
16/11/2019;19:48:00;485;sem vítima;135;BR-060/GO;Norte;Colisão Traseira;1;;;;;;;;;;1;;;;
16/11/2019;21:57:00;541;sem vítima;96;BR-153/MG;Norte;Colisão Lateral;1;;1;;;;;;;;2;;;;
16/11/2019;23:07:00;561;com vítima;3;BR-153/MG;Norte;Choque - Defensa, barreira ou "submarino";;;;;;;;;;1;0;2;;;
17/11/2019;00:11:00;4;sem vítima;215;BR-153/MG;Norte;Capotamento;2;;;;;;;;;;4;;;;
17/11/2019;01:50:00;29;sem vítima;358;BR-262/MG;Oeste;Saida de Pista;1;;;;;;;;;;1;;;;
17/11/2019;06:58:00;91;com vítima;580,2;BR-153/GO;Sul;Capotamento;1;;;;;;;;;;1;1;;;
17/11/2019;09:46:00;187;sem vítima;20;BR-060/GO;Sul;Choque- Placa/Suporte Sinalização;;;;1;;;;;;;1;;;;
17/11/2019;11:13:00;244;sem vítima;481;BR-262/MG;Oeste;Colisão Traseira;2;;;;;;;;;;6;;;;
17/11/2019;11:13:00;245;com vítima;364;BR-262/MG;Oeste;Colisão Traseira;;;;2;;;;;;;1;2;;;
17/11/2019;11:34:00;260;sem vítima;583,224;BR-153/GO;Sul;Tombamento;;;1;;;;;;;;1;;;;
17/11/2019;12:04:00;268;com vítima;430;BR-262/MG;Oeste;Colisão Lateral;2;;;;;;;;;;1;3;;;
17/11/2019;16:07:00;411;sem vítima;22,2;BR-153/MG;Sul;Colisão Traseira;1;;;;;1;;;;;2;;;;
17/11/2019;16:32:00;434;sem vítima;484;BR-262/MG;Leste;Engavetamento;3;;;;;;;;;;9;;;;
17/11/2019;17:02:00;450;sem vítima;24;BR-153/MG;Norte;Colisão Traseira;2;;;;;;;;;;8;;;;
17/11/2019;17:24:00;460;sem vítima;640;BR-262/MG;Leste;Saida de Pista;1;;;;;;;;;;1;;;;
17/11/2019;19:48:00;550;sem vítima;58;BR-153/MG;Sul;Colisão Traseira;;;2;;;;;;;;2;;;;
17/11/2019;21:13:00;591;sem vítima;509;BR-153/GO;Sul;Colisão Lateral;;;;1;1;;;;;;2;;;;
18/11/2019;03:00:00;49;sem vítima;606;BR-153/GO;Sul;Saida de Pista;1;;;;;;;;;;3;;;;
18/11/2019;03:12:00;51;sem vítima;388;BR-262/MG;Oeste;Tombamento;;;1;;;;;;;;1;;;;
18/11/2019;04:19:00;57;com vítima;3;BR-060/GO;Sul;Capotamento;1;;;;;;;;;;0;;1;;
18/11/2019;05:45:00;77;com vítima;633;BR-153/GO;Norte;Saida de Pista;1;;;;;;;;;;0;4;1;;
18/11/2019;06:12:00;88;com vítima;561,8;BR-153/GO;Norte;Capotamento;1;;;;;;;;;;1;4;;;
18/11/2019;07:33:00;115;sem vítima;502,7;BR-153/GO;Norte;Colisão Traseira;2;;;;;;;;;;2;;;;
18/11/2019;08:01:00;135;com vítima;502,7;BR-153/GO;Norte;Colisão Traseira;1;;;1;;;;;;;1;1;;;
18/11/2019;08:52:00;162;sem vítima;504,3;BR-153/GO;Norte;Colisão Traseira;2;;;;;;;;;;2;;;;
18/11/2019;09:09:00;170;sem vítima;385;BR-262/MG;Oeste;Capotamento;1;;;;;;;;;;1;;;;
18/11/2019;10:36:00;210;sem vítima;595;BR-153/GO;Sul;Saida de Pista;1;;;;;;;;;;1;;;;
18/11/2019;10:41:00;212;sem vítima;6;BR-060/GO;Sul;Choque - Defensa;1;;;;;;;;;;1;;;;
18/11/2019;10:46:00;216;sem vítima;24;BR-060/DF;Norte;Choque - Arvore;1;;;;;;;;;;1;;;;
18/11/2019;13:01:00;255;sem vítima;380;BR-262/MG;Leste;Choque - Elemento de Drenagem;1;;;;;;;;;;1;;;;
18/11/2019;13:02:00;256;sem vítima;0,01;BR-153/MG;Sul;Carreta deu L;;;1;;;;;;;;1;;;;
18/11/2019;13:44:00;278;sem vítima;8,2;BR-153/MG;Sul;Saida de Pista;1;;;;;;;;;;1;;;;
18/11/2019;13:50:00;284;sem vítima;418;BR-262/MG;Leste;Choque - Defensa;1;;;;;;;;;;1;;;;
18/11/2019;14:44:00;308;sem vítima;112;BR-060/GO;Sul;Colisão Traseira;1;;1;;;;;;;;2;;;;
18/11/2019;14:45:00;310;sem vítima;243,15;BR-153/MG;Sul;Colisão Traseira;2;;;;;;;;;;2;;;;
18/11/2019;14:47:00;312;com vítima;104;BR-153/MG;Sul;Saida de Pista;1;;;;;;;;;;0;1;;;
18/11/2019;15:20:00;331;sem vítima;380;BR-262/MG;Leste;Choque - Elemento de Drenagem;1;;;;;;;;;;2;;;;
18/11/2019;15:26:00;333;sem vítima;381,6;BR-262/MG;Leste;Capotamento;1;;;;;;;;;;1;;;;
18/11/2019;15:35:00;337;sem vítima;494;BR-153/GO;Norte;Colisão Traseira;;;2;;;;;;;;2;;;;
18/11/2019;15:44:00;342;sem vítima;494,2;BR-153/GO;Norte;Colisão Traseira;1;;1;;1;;;;;;5;;;;
18/11/2019;15:56:00;348;sem vítima;58;BR-060/GO;Norte;Choque - Defensa, barreira ou "submarino";1;;;;;;;;;;4;;;;
18/11/2019;15:58:00;350;sem vítima;517;BR-153/GO;Sul;Saida de Pista;1;;;;;;;;;;1;;;;
18/11/2019;16:13:00;360;sem vítima;416;BR-262/MG;Oeste;Capotamento;1;;;;;;;;;;2;;;;
18/11/2019;17:12:00;389;com vítima;399;BR-262/MG;Leste;Saida de Pista;1;;;;;;;;;;1;1;;;
18/11/2019;17:26:00;394;sem vítima;499;BR-153/GO;Sul;Choque - Defensa, barreira ou "submarino";1;;;;;;;;;;1;;;;
18/11/2019;19:11:00;433;sem vítima;109;BR-060/GO;Sul;Colisão Traseira;2;;1;;;;;;;;3;;;;
18/11/2019;20:01:00;457;sem vítima;495;BR-153/GO;Norte;Engavetamento;3;;;;;;;;;;3;;;;
18/11/2019;22:03:00;502;com vítima;148;BR-153/MG;Sul;Tombamento;;;1;;;;;;;;0;1;;;
19/11/2019;03:50:00;43;com vítima;534;BR-153/GO;Sul;Saida de Pista;;;1;;;;;;;;0;1;;;
19/11/2019;06:40:00;90;com vítima;443,8;BR-262/MG;Oeste;Choque - Veiculo parado na pista;1;;;1;;;;;;;1;1;;;
19/11/2019;06:43:00;91;com vítima;507;BR-153/GO;Norte;Engavetamento;7;;;1;;1;;;;;14;1;;;
19/11/2019;07:23:00;106;com vítima;123;BR-060/GO;Sul;Queda de Ciclista;;;;1;;;;;;;0;1;;;
19/11/2019;08:06:00;130;sem vítima;506,9;BR-153/GO;Norte;Colisão Lateral;1;;1;;;;;;;;2;;;;
19/11/2019;08:06:00;131;sem vítima;597,5;BR-153/GO;Sul;Saida de Pista;1;;;;;;;;;;1;;;;
19/11/2019;08:07:00;132;com vítima;509;BR-153/GO;Norte;Colisão Traseira;1;;;1;;;;;;;1;;1;;
19/11/2019;12:53:00;263;sem vítima;4;BR-060/GO;Sul;Choque - Talude;;;1;;;;;;;;1;;;;
19/11/2019;13:52:00;285;com vítima;679;BR-262/MG;Leste;Colisão Frontal;2;;1;;;;;;;;1;2;;;1
19/11/2019;14:01:00;295;sem vítima;497;BR-153/GO;Norte;Choque - Objeto sobre a pista;2;;;;;;;;;;2;;;;
19/11/2019;14:51:00;323;sem vítima;543;BR-153/GO;Norte;Choque - Elemento de Drenagem;1;;;;;;;;;;1;;;;
19/11/2019;14:56:00;325;sem vítima;97,5;BR-060/GO;Norte;Saida de Pista;1;;;;;;;;;;1;;;;
19/11/2019;15:51:00;350;sem vítima;631;BR-262/MG;Oeste;Saida de Pista;;;1;;;;;;;;1;;;;
19/11/2019;16:22:00;365;com vítima;95;BR-153/MG;Sul;Saida de Pista;1;;;;;;;;;;1;2;;;
19/11/2019;19:29:00;478;sem vítima;698;BR-262/MG;Leste;Colisão Lateral;1;;1;;;;;;;;3;;;;
19/11/2019;20:30:00;508;sem vítima;369;BR-262/MG;Leste;Saida de Pista;1;;;;;;;;;;2;;;;
19/11/2019;21:59:00;544;sem vítima;659;BR-262/MG;Leste;Tombamento;;;1;;;;;;;;1;;;;
20/11/2019;05:06:00;59;sem vítima;370;BR-262/MG;Oeste;Tombamento;;;1;;;;;;;;1;;;;
20/11/2019;07:31:00;116;sem vítima;491,5;BR-153/GO;Sul;Colisão Lateral;1;;1;;;;;;;;2;;;;
20/11/2019;07:49:00;122;sem vítima;58;BR-153/MG;Sul;Choque - Talude;;;1;;;;;;;;1;;;;
20/11/2019;09:32:00;250;sem vítima;391;BR-262/MG;Leste;Saida de Pista;1;;;;;;;;;;1;;;;
20/11/2019;10:21:00;302;sem vítima;129;BR-060/GO;Norte;Saida de Pista;;;;;;;;;;1;1;;;;
20/11/2019;12:18:00;377;sem vítima;470;BR-262/MG;Leste;Colisão Transversal;1;;;;;;;;;1;2;;;;
20/11/2019;12:50:00;398;sem vítima;381;BR-262/MG;Oeste;Choque - Elemento de Drenagem;1;;;;;;;;;;3;;;;
20/11/2019;13:00:00;403;com vítima;120;BR-060/GO;Sul;Capotamento;;;1;;;;;;;;1;1;;;
20/11/2019;13:11:00;412;sem vítima;129,6;BR-060/GO;Sul;Choque - Talude;;;1;;;;;;;;2;;;;
20/11/2019;13:18:00;415;com vítima;23,2;BR-153/MG;Norte;Capotamento;;;1;;;;;;;;0;;;;1
20/11/2019;13:42:00;431;com vítima;95;BR-153/MG;Sul;Colisão Lateral;1;;;;1;;;;;;4;1;;;
20/11/2019;14:50:00;458;sem vítima;119;BR-060/GO;Sul;Choque- Placa/Suporte Sinalização;;;1;;;;;;;;1;;;;
20/11/2019;15:29:00;472;sem vítima;119;BR-060/GO;Norte;Tombamento;;;1;;;;;;;;3;;;;
20/11/2019;19:58:00;595;sem vítima;96,7;BR-060/GO;Sul;Saida de Pista;2;;;;;;;;;;3;;;;
20/11/2019;23:20:00;669;sem vítima;3;BR-060/DF;Sul;Saida de Pista;1;;;;;;;;;;1;;;;
21/11/2019;08:29:00;207;sem vítima;501;BR-153/GO;Norte;Colisão Traseira;1;;;;;1;;;;;2;;;;
21/11/2019;12:11:00;329;sem vítima;493;BR-153/GO;Sul;Colisão Traseira;1;;;;;;;;;1;2;;;;
21/11/2019;12:48:00;353;com vítima;570;BR-153/GO;Norte;Tombamento;1;;;;;;;;;;0;1;;;
21/11/2019;15:17:00;423;com vítima;398;BR-262/MG;Oeste;Queda de Moto;;;;1;;;;;;;0;;1;;
21/11/2019;15:38:00;435;sem vítima;406;BR-262/MG;Oeste;Tombamento;;;1;;;;;;;;1;;;;
21/11/2019;17:22:00;491;sem vítima;499;BR-153/GO;Sul;Colisão Traseira;2;;;;;;;;;;2;;;;
21/11/2019;17:28:00;496;sem vítima;25;BR-153/MG;Norte;Colisão Traseira;1;;1;;;;;;;;2;;;;
21/11/2019;17:44:00;509;sem vítima;356;BR-262/MG;Leste;Capotamento;1;;1;;;;;;;;2;;;;
21/11/2019;19:31:00;560;sem vítima;98;BR-060/GO;Sul;Choque - Defensa, barreira ou "submarino";1;;;;;;;;;;1;;;;
22/11/2019;03:35:00;42;sem vítima;210;BR-153/MG;Sul;Tombamento;;;1;;;;;;;;1;;;;
22/11/2019;06:33:00;86;sem vítima;592,8;BR-153/GO;Sul;Saida de Pista;1;;;;;;;;;;2;;;;
22/11/2019;07:14:00;102;sem vítima;443;BR-262/MG;Leste;Tombamento;;;1;;;;;;;;1;;;;
22/11/2019;11:51:00;252;com vítima;71;BR-060/GO;Sul;Queda de Moto;;;;1;;;;;;;1;;1;;
22/11/2019;13:21:00;294;sem vítima;629;BR-153/GO;Norte;Saida de Pista;1;;;;;;;;;;2;;;;
22/11/2019;15:28:00;342;com vítima;42,8;BR-060/GO;Sul;Capotamento;1;;;;;;;;;;0;1;;;
22/11/2019;15:33:00;347;com vítima;393;BR-262/MG;Oeste;Capotamento;1;;;;;;;;;;0;3;;;
22/11/2019;15:45:00;354;sem vítima;558,7;BR-153/GO;Norte;Capotamento;1;;;;;;;;;;1;;;;
22/11/2019;16:37:00;371;com vítima;29;BR-060/DF;Sul;Capotamento;1;;;;;;;;;;0;1;;;
22/11/2019;16:46:00;377;sem vítima;611,5;BR-262/MG;Oeste;Tombamento;;;1;;;;;;;;1;;;;
22/11/2019;16:50:00;378;com vítima;515;BR-153/GO;Norte;Colisão Traseira;2;;;;;;;;;;1;1;;;
22/11/2019;17:31:00;394;com vítima;101;BR-060/GO;Sul;Colisão Traseira;1;;;1;;;;;;;1;2;;;
22/11/2019;17:49:00;403;sem vítima;603;BR-262/MG;Leste;Saida de Pista;1;;;;;;;;;;1;;;;
22/11/2019;19:46:00;456;com vítima;501;BR-153/GO;Norte;Colisão Traseira;1;;;;1;;;;;;1;;1;;
22/11/2019;19:59:00;459;sem vítima;443;BR-262/MG;Oeste;Saida de Pista;1;;;;;;;;;;1;;;;
22/11/2019;20:09:00;461;sem vítima;7;BR-060/DF;Sul;Queda de Moto;;;;1;;;;;;;1;;;;
22/11/2019;20:16:00;464;sem vítima;395;BR-262/MG;Oeste;Choque - Elemento de Drenagem;1;;;;;;;;;;1;;;;
22/11/2019;20:18:00;465;sem vítima;406;BR-262/MG;Leste;Saida de Pista;1;;;;;;;;;;2;;;;
22/11/2019;20:27:00;472;sem vítima;449;BR-262/MG;Leste;Choque - Elemento de Drenagem;;;1;;;;;;;;1;;;;
22/11/2019;20:34:00;479;com vítima;519;BR-262/MG;Leste;Colisão Lateral;;;2;;;;;;;;1;;1;;
22/11/2019;21:59:00;509;sem vítima;549;BR-262/MG;Oeste;Saida de Pista;1;;;;;;;;;;1;;;;
22/11/2019;22:33:00;520;sem vítima;549,6;BR-262/MG;Oeste;Choque - Defensa, barreira ou "submarino";1;;;;;;;;;;2;;;;
23/11/2019;03:14:00;36;sem vítima;3;BR-153/MG;Sul;Colisão Lateral;1;;;;;;;;;1;2;;;;
23/11/2019;03:33:00;38;com vítima;97,5;BR-060/GO;Sul;Atropelamento - Sem Informação;1;;;;;;;;;;1;;;;1
23/11/2019;08:44:00;128;sem vítima;368;BR-262/MG;Leste;Choque - Barreira;1;;;;;;;;;;2;;;;
23/11/2019;08:49:00;134;com vítima;601,2;BR-153/GO;Norte;Saida de Pista;1;;;;;;;;;;1;1;;;
23/11/2019;12:11:00;245;sem vítima;210;BR-153/MG;Norte;Saida de Pista;;;1;;;;;;;;1;;;;
23/11/2019;12:29:00;256;sem vítima;536;BR-153/GO;Norte;Tombamento;;;1;;;;;;;;1;;;;
23/11/2019;14:29:00;284;sem vítima;521;BR-262/MG;Leste;Carreta deu L;;;1;;;;;;;;1;;;;
23/11/2019;15:03:00;300;com vítima;415;BR-262/MG;Leste;Choque - Arvore;1;;;;;;;;;;1;;2;;
23/11/2019;15:16:00;306;sem vítima;429;BR-262/MG;Leste;Saida de Pista;1;;;;;;;;;;1;;;;
23/11/2019;15:29:00;310;com vítima;476,5;BR-262/MG;Leste;Tombamento;;;1;;;;;;;;0;1;;;
23/11/2019;16:16:00;338;sem vítima;457;BR-262/MG;Leste;Colisão Traseira;2;;;;;;;;;;2;;;;
23/11/2019;16:38:00;341;sem vítima;405;BR-262/MG;Leste;Saida de Pista;1;;;;;;;;;;1;;;;
23/11/2019;18:48:00;388;sem vítima;456;BR-262/MG;Leste;Choque - Talude;;;1;;;;;;;;1;;;;
23/11/2019;20:49:00;452;sem vítima;9;BR-153/MG;Sul;Saida de Pista;1;;;;;;;;;;1;;;;
23/11/2019;21:27:00;469;com vítima;525;BR-262/MG;Oeste;Choque - Arvore;1;;;;;;;;;;0;1;;;
23/11/2019;22:00:00;481;sem vítima;798;BR-262/MG;Oeste;Queda de Moto;;;;1;;;;;;;1;;;;
24/11/2019;02:01:00;37;sem vítima;547;BR-262/MG;Oeste;Choque - Elemento de Drenagem;1;;;;;;;;;;2;;;;
24/11/2019;04:24:00;62;sem vítima;499;BR-153/GO;Norte;Colisão Traseira;1;;;;;;;;;1;2;;;;
24/11/2019;04:49:00;70;com vítima;230;BR-153/MG;Norte;Colisão Lateral;;;2;;;;;;;;1;1;;;
24/11/2019;08:20:00;141;com vítima;504;BR-153/GO;Norte;Queda de Moto;;;;1;;;;;;;0;1;;;
24/11/2019;14:59:00;336;sem vítima;433;BR-262/MG;Leste;Choque - Elemento de Drenagem;;;;;;;;;;1;1;;;;
24/11/2019;15:55:00;370;sem vítima;13;BR-060/DF;Sul;Saida de Pista;1;;;;;;;;;;1;;;;
24/11/2019;17:18:00;424;com vítima;221;BR-153/MG;Norte;Capotamento;1;;;;;;;;;;0;1;;;
24/11/2019;17:30:00;432;com vítima;584;BR-262/MG;Oeste;Capotamento;1;;;;;;;;;;0;3;1;1;
24/11/2019;17:50:00;446;sem vítima;378;BR-262/MG;Oeste;Choque - Defensa;1;;;;;;;;;;1;;;;
24/11/2019;18:06:00;453;com vítima;560;BR-153/GO;Norte;Capotamento;1;;;;;;;;;;1;1;1;;
24/11/2019;18:50:00;473;com vítima;498;BR-153/GO;Sul;Engavetamento;4;;;;;;;;;;4;1;;;
24/11/2019;19:33:00;494;sem vítima;97,5;BR-060/GO;Sul;Colisão Traseira;2;;;;;;;;;;2;;;;
24/11/2019;20:19:00;510;sem vítima;101;BR-060/GO;Sul;Colisão Traseira;2;;;;;;;;;;2;;;;
24/11/2019;21:05:00;531;com vítima;443,8;BR-262/MG;Oeste;Queda de Moto;;;;1;;;;;;;0;;1;;
24/11/2019;22:02:00;555;sem vítima;589;BR-153/GO;Sul;Choque - Veiculo parado no acostamento;1;;1;;;;;;;;2;;;;
25/11/2019;01:46:00;36;com vítima;508;BR-153/GO;Norte;Colisão Traseira;1;;1;;;;;;;;1;1;;;
25/11/2019;02:53:00;55;sem vítima;11;BR-060/DF;Norte;Colisão Traseira;1;;1;;;;;;;;2;;;;
25/11/2019;05:14:00;75;sem vítima;383;BR-262/MG;Leste;Choque - Defensa;1;;;;;;;;;;1;;;;
25/11/2019;05:57:00;80;sem vítima;606;BR-262/MG;Leste;Capotamento;1;;;;;;;;;;1;;;;
25/11/2019;06:20:00;87;com vítima;577;BR-153/GO;Norte;Capotamento;1;;;;;;;;;;1;1;;1;
25/11/2019;06:28:00;91;com vítima;172;BR-153/MG;Norte;Queda de Moto;;;;1;;;;;;;0;1;;;
25/11/2019;06:55:00;101;sem vítima;501;BR-153/GO;Norte;Colisão Lateral;1;;1;;;;;;;;2;;;;
25/11/2019;07:14:00;108;com vítima;506;BR-153/GO;Norte;Colisão Traseira;1;;;1;;;;;;;1;1;;;
25/11/2019;07:21:00;111;sem vítima;501;BR-153/GO;Sul;Engavetamento;3;;;;;;;;;;3;;;;
25/11/2019;07:29:00;116;sem vítima;246;BR-153/MG;Sul;Saida de Pista;;;1;;;;;;;;1;;;;
25/11/2019;07:29:00;117;com vítima;508;BR-153/GO;Norte;Colisão Traseira;1;;;1;;;;;;;1;1;;;
25/11/2019;08:19:00;138;sem vítima;12;BR-060/GO;Norte;Saida de Pista;;;1;;;;;;;;1;;;;
25/11/2019;09:04:00;173;com vítima;810,1;BR-262/MG;Leste;Queda de Moto;;;;1;;;;;;;0;1;1;;
25/11/2019;12:23:00;322;sem vítima;48,8;BR-153/MG;Norte;Saida de Pista;1;;;;;;;;;;3;;;;
25/11/2019;12:48:00;339;sem vítima;499;BR-153/GO;Sul;Engavetamento;3;;1;;;;;;;;4;;;;
25/11/2019;12:53:00;344;sem vítima;500;BR-153/GO;Sul;Engavetamento;3;;;;;;;;;;3;;;;
25/11/2019;13:34:00;369;sem vítima;93,5;BR-060/GO;Norte;Choque - Defensa;1;;;;;;;;;;1;;;;
25/11/2019;14:59:00;408;sem vítima;508;BR-153/GO;Norte;Choque - Defensa;1;;;;;;;;;;1;;;;
25/11/2019;15:39:00;426;sem vítima;100;BR-060/GO;Norte;Saida de Pista;;;1;;;;;;;;1;;;;
25/11/2019;15:40:00;427;com vítima;102;BR-060/GO;Norte;Saida de Pista;1;;;;;;;;;;1;1;;;
25/11/2019;16:40:00;458;sem vítima;435;BR-262/MG;Oeste;Saida de Pista;1;;;;;;;;;;1;;;;
25/11/2019;16:40:00;459;sem vítima;107;BR-060/GO;Sul;Colisão Lateral;1;;1;;;;;;;;2;;;;
25/11/2019;17:43:00;481;sem vítima;502;BR-153/GO;Sul;Colisão Traseira;2;;;;;;;;;;3;;;;
25/11/2019;19:02:00;516;com vítima;506;BR-153/GO;Sul;Queda de Moto;;;;1;;;;;;;0;;2;;
25/11/2019;19:39:00;540;sem vítima;549;BR-153/GO;Sul;Atropelamento de Animal;1;;;;;;;;;;1;;;;
25/11/2019;23:33:00;630;com vítima;617;BR-153/GO;Sul;Capotamento;1;;;;;;;;;;0;1;;;
26/11/2019;03:52:00;66;com vítima;38;BR-153/MG;Sul;Colisão Traseira;;;2;;;;;;;;2;1;;;
26/11/2019;04:04:00;70;sem vítima;99,9;BR-153/MG;Sul;Saida de Pista;;;1;;;;;;;;1;;;;
26/11/2019;07:40:00;122;sem vítima;41;BR-060/GO;Sul;Colisão Traseira;;;2;;;;;;;;2;;;;
26/11/2019;14:12:00;356;sem vítima;752;BR-262/MG;Leste;Queda de Moto;;;;1;;;;;;;1;;;;
26/11/2019;14:43:00;370;sem vítima;56,8;BR-060/GO;Sul;Choque - Talude;1;;;;;;;;;;1;;;;
26/11/2019;14:47:00;371;sem vítima;575;BR-153/GO;Norte;Choque - Elemento de Drenagem;1;;;;;;;;;;2;;;;
26/11/2019;16:02:00;397;sem vítima;172,5;BR-153/MG;Sul;Tombamento;;;1;;;;;;;;1;;;;
26/11/2019;21:02:00;535;com vítima;0,2;BR-153/MG;Norte;Colisão Frontal;1;;1;;;;;;;;1;1;;;
26/11/2019;21:59:00;546;sem vítima;4;BR-060/GO;Sul;Choque - Talude;;;;;;;;;;1;1;;;;
26/11/2019;22:38:00;560;com vítima;136;BR-060/GO;Norte;Colisão Lateral;;;1;;;;;;;1;1;1;;;