data;horario;n_da_ocorrencia;tipo_de_ocorrencia;km;trecho;sentido;tipo_de_acidente;automovel;bicicleta;caminhao;moto;onibus;outros;tracao_animal;transporte_de_cargas_especiais;trator_maquinas;utilitarios;ilesos;levemente_feridos;moderadamente_feridos;gravemente_feridos;mortos
27/11/2019;01:20:00;16;com vítima;12,918;BR-153/MG;Norte;Colisão Traseira;;;1;;1;;;;;;28;7;1;;
27/11/2019;04:25:00;41;sem vítima;501;BR-153/GO;Norte;Atropelamento - Andarilho;1;;;;;;;;;;2;;;;
27/11/2019;09:23:00;156;sem vítima;702;BR-153/GO;Sul;Carreta deu L;;;1;;;;;;;;1;;;;
27/11/2019;13:03:00;269;sem vítima;7;BR-153/MG;Norte;Saida de Pista;1;;;;;;;;;;1;;;;
27/11/2019;13:57:00;286;sem vítima;496;BR-153/GO;Sul;Colisão Traseira;1;;1;;;;;;;;2;;;;
27/11/2019;14:02:00;287;sem vítima;43;BR-060/GO;Norte;Colisão Traseira;;;2;;;;;;;;2;;;;
27/11/2019;18:06:00;394;sem vítima;495,2;BR-153/GO;Sul;Colisão Traseira;2;;;;;;;;;;2;;;;
27/11/2019;18:36:00;418;com vítima;369;BR-262/MG;Oeste;Queda de Moto;;;;1;;;;;;;0;1;;;
27/11/2019;19:37:00;440;com vítima;495;BR-153/GO;Norte;Colisão Lateral;1;;;1;;;;;;;1;1;;;
27/11/2019;20:38:00;472;sem vítima;518,696;BR-153/GO;Norte;Tombamento;;;1;;;;;;;;1;;;;
28/11/2019;07:30:00;108;com vítima;506;BR-153/GO;Norte;Colisão Traseira;;;;1;;1;;;;;2;1;;;
28/11/2019;07:33:00;110;com vítima;513;BR-153/GO;Sul;Colisão Traseira;;;;1;1;;;;;;1;1;;;
28/11/2019;08:18:00;131;sem vítima;506;BR-153/GO;Norte;Engavetamento;2;;;;;1;;;;1;4;;;;
28/11/2019;08:22:00;135;sem vítima;509;BR-153/GO;Sul;Colisão Lateral;1;;;;;1;;;;;2;;;;
28/11/2019;09:45:00;213;com vítima;506;BR-153/GO;Sul;Queda de Moto;;;;1;;;;;;;0;1;;;
28/11/2019;09:52:00;218;sem vítima;614;BR-262/MG;Leste;Colisão Traseira;1;;1;;;;;;;;2;;;;
28/11/2019;10:01:00;223;sem vítima;505,8;BR-153/GO;Sul;Colisão Traseira;;;;;;;;;;2;2;;;;
28/11/2019;12:00:00;305;com vítima;500;BR-153/GO;Sul;Colisão Traseira;1;;;1;;;;;;;1;1;;;
28/11/2019;12:57:00;346;sem vítima;548,5;BR-262/MG;Leste;Choque - Defensa;1;;;;;;;;;;5;;;;
28/11/2019;13:07:00;354;com vítima;505;BR-153/GO;Norte;Carreta deu L;;;1;;;;;;;;0;1;;;
28/11/2019;15:07:00;400;sem vítima;353;BR-262/MG;Oeste;Choque - Talude;1;;;;;;;;;;1;;;;
28/11/2019;15:42:00;416;sem vítima;497;BR-153/GO;Sul;Colisão Traseira;;;2;;;;;;;;2;;;;
28/11/2019;15:47:00;420;sem vítima;117;BR-060/GO;Sul;Engavetamento;3;;;;;;;;;;6;;;;
28/11/2019;16:26:00;447;sem vítima;469;BR-262/MG;Leste;Capotamento;;;1;;;;;;;;3;;;;
28/11/2019;16:56:00;466;sem vítima;598;BR-262/MG;Leste;Carreta deu L;;;1;;;;;;;;1;;;;
28/11/2019;17:13:00;472;sem vítima;0,5;BR-153/MG;Sul;Saida de Pista;;;1;;;;;;;;1;;;;
28/11/2019;17:54:00;496;com vítima;98;BR-060/GO;Sul;Colisão Lateral;1;;;1;;;;;;;1;1;;;
28/11/2019;19:20:00;536;com vítima;502;BR-153/GO;Norte;Colisão Lateral;;;;1;;1;;;;;1;1;;;
28/11/2019;19:32:00;545;sem vítima;633;BR-153/GO;Sul;Atropelamento de Animal;;;1;;;;;;;;1;;;;
28/11/2019;19:56:00;558;com vítima;355;BR-262/MG;Leste;Saida de Pista;1;;;;;;;;;;1;2;;;
28/11/2019;20:29:00;567;com vítima;703,5;BR-153/GO;Sul;Choque - Veiculo parado na pista;;;1;1;;;;;;;1;;1;;
28/11/2019;21:26:00;594;sem vítima;607;BR-262/MG;Oeste;Capotamento;1;;;;;;;;;;1;;;;
28/11/2019;23:10:00;630;sem vítima;76;BR-153/MG;Sul;Saida de Pista;1;;;;;;;;;;1;;;;
28/11/2019;23:29:00;642;sem vítima;649;BR-262/MG;Leste;Atropelamento de Animal;1;;;;;;;;;;1;;;;
29/11/2019;00:27:00;7;com vítima;399;BR-262/MG;Leste;Atropelamento - Morador;1;;;;;;;;;;2;;;1;
29/11/2019;06:25:00;92;sem vítima;508;BR-153/GO;Norte;Engavetamento;;;1;;;;;;;2;5;;;;
29/11/2019;06:42:00;100;sem vítima;526;BR-262/MG;Leste;Colisão Traseira;;;3;;;;;;;1;4;;;;
29/11/2019;07:08:00;115;sem vítima;399,9;BR-262/MG;Leste;Colisão Lateral;2;;;;;;;;;;2;;;;
29/11/2019;07:27:00;127;sem vítima;380;BR-262/MG;Leste;Saida de Pista;;;;;;;;;;1;1;;;;
29/11/2019;07:54:00;140;sem vítima;508,8;BR-153/GO;Norte;Engavetamento;3;;;;;;;;;;3;;;;
29/11/2019;09:37:00;217;com vítima;608;BR-262/MG;Oeste;Capotamento;1;;;;;;;;;;1;1;;;
29/11/2019;11:36:00;297;sem vítima;102;BR-060/GO;Norte;Engavetamento;3;;;;;;;;;;3;;;;
29/11/2019;11:43:00;305;sem vítima;500;BR-153/GO;Sul;Colisão Traseira;1;;;;;;;;;1;5;;;;
29/11/2019;12:10:00;317;com vítima;96;BR-060/GO;Sul;Colisão Lateral;1;;;1;;;;;;;1;2;;;
29/11/2019;12:41:00;333;sem vítima;104;BR-153/MG;Sul;Saida de Pista;;;;;;;;;;2;3;;;;
29/11/2019;13:10:00;343;com vítima;381;BR-262/MG;Leste;Queda de Moto;;;;1;;;;;;;0;1;;;
29/11/2019;13:11:00;344;sem vítima;353;BR-262/MG;Oeste;Colisão Lateral;1;;1;;;;;;;;2;;;;
29/11/2019;13:22:00;351;sem vítima;584;BR-262/MG;Leste;Capotamento;1;;;;;;;;;;1;;;;
29/11/2019;13:26:00;354;sem vítima;384;BR-262/MG;Oeste;Capotamento;1;;;;;;;;;;1;;;;
29/11/2019;13:45:00;363;com vítima;5;BR-060/DF;Sul;Choque - Arvore;1;;;;;;;;;;0;;;1;
29/11/2019;13:59:00;371;sem vítima;380;BR-262/MG;Leste;Choque - Talude;1;;;;;;;;;;1;;;;
29/11/2019;14:11:00;377;com vítima;13;BR-153/MG;Norte;Colisão Traseira;;;2;;;;;;;;1;1;;;
29/11/2019;14:31:00;388;sem vítima;608;BR-262/MG;Leste;Saida de Pista;1;;;;;;;;;;1;;;;
29/11/2019;14:36:00;392;com vítima;617;BR-153/GO;Sul;Tombamento;;;1;;;;;;;;0;;;1;
29/11/2019;16:31:00;457;sem vítima;500,3;BR-153/GO;Sul;Colisão Traseira;;;2;;;;;;;;2;;;;
29/11/2019;16:40:00;463;sem vítima;501;BR-153/GO;Sul;Engavetamento;3;;;;;;;;;;3;;;;
29/11/2019;17:38:00;502;com vítima;11;BR-060/DF;Norte;Choque- Poste/Equipamento;1;;;;;;;;;;0;;2;;
29/11/2019;17:47:00;506;com vítima;119;BR-060/GO;Sul;Saida de Pista;;;1;;;;;;;;0;;1;;
29/11/2019;17:54:00;508;com vítima;109;BR-060/GO;Sul;Colisão Lateral;1;;;1;;;;;;;1;1;;;
29/11/2019;18:01:00;512;sem vítima;82;BR-060/GO;Norte;Colisão Lateral;1;;1;;;;;;;;4;;;;
29/11/2019;18:23:00;524;com vítima;496;BR-153/GO;Sul;Colisão Lateral;;;;1;;;;;;1;1;1;;;
29/11/2019;20:05:00;570;sem vítima;594;BR-262/MG;Oeste;Choque - Elemento de Drenagem;1;;;;;;;;;;1;;;;
29/11/2019;20:22:00;579;com vítima;90;BR-060/GO;Sul;Colisão Traseira;1;;;;;1;;;;;2;1;;;
29/11/2019;21:12:00;596;sem vítima;460;BR-262/MG;Oeste;Colisão Lateral;1;;1;;;;;;;;2;;;;
29/11/2019;22:07:00;617;sem vítima;549;BR-262/MG;Leste;Saida de Pista;;;;;;;;;;1;1;;;;
30/11/2019;00:58:00;24;sem vítima;210;BR-153/MG;Norte;Tombamento;;;1;;;;;;;;1;;;;
30/11/2019;02:23:00;41;com vítima;511;BR-153/GO;Norte;Choque - Defensa;1;;;;;;;;;;0;2;;;
30/11/2019;02:45:00;47;sem vítima;502;BR-262/MG;Leste;Saida de Pista;;;1;;;;;;;;1;;;;
30/11/2019;03:39:00;57;com vítima;628;BR-262/MG;Oeste;Tombamento;1;;;;;;;;;;1;2;;;
30/11/2019;05:03:00;72;sem vítima;662;BR-153/GO;Norte;Saida de Pista;1;;;;;;;;;;1;;;;
30/11/2019;05:45:00;83;sem vítima;193;BR-153/MG;Sul;Tombamento;;;1;;;;;;;;1;;;;
30/11/2019;06:53:00;106;sem vítima;109,5;BR-060/GO;Norte;Colisão Traseira;1;;1;;;;;;;;2;;;;
30/11/2019;06:59:00;107;sem vítima;59;BR-060/GO;Norte;Choque - Defensa;1;;;;;;;;;;1;;;;
30/11/2019;07:27:00;112;com vítima;584;BR-262/MG;Oeste;Saida de Pista;1;;;;;;;;;;0;2;;;
30/11/2019;10:22:00;219;com vítima;616,5;BR-153/GO;Norte;Capotamento;1;;;;;;;;;;0;1;;;
30/11/2019;12:25:00;273;com vítima;96;BR-060/GO;Norte;Queda de Moto;;;;1;;;;;;;0;2;;;
30/11/2019;12:46:00;282;com vítima;9;BR-060/DF;Sul;Tombamento;;;1;;;;;;;;0;;1;;
30/11/2019;13:38:00;301;sem vítima;114;BR-060/GO;Sul;Capotamento;1;;;;;;;;;;1;;;;
30/11/2019;14:59:00;330;sem vítima;67;BR-153/MG;Sul;Colisão Transversal;;;1;;;;;;;1;4;;;;
30/11/2019;18:06:00;414;sem vítima;28;BR-060/DF;Norte;Saida de Pista;1;;;;;;;;;;1;;;;
30/11/2019;18:06:00;415;sem vítima;595;BR-262/MG;Leste;Saida de Pista;1;;;;;;;;;;2;;;;
30/11/2019;19:04:00;442;sem vítima;430;BR-262/MG;Leste;Saida de Pista;1;;;;;;;;;;1;;;;
30/11/2019;20:01:00;473;com vítima;465,6;BR-262/MG;Leste;Choque - Arvore;1;;;;;;;;;;0;1;;;
30/11/2019;20:41:00;490;sem vítima;521,3;BR-153/GO;Sul;Choque - Objeto sobre a pista;1;;;;;;;;;;1;;;;
30/11/2019;20:43:00;492;sem vítima;362;BR-262/MG;Oeste;Colisão Traseira;1;;;;;1;;;;;2;;;;
30/11/2019;20:57:00;501;com vítima;493;BR-153/GO;Sul;Queda de Moto;;;;1;;;;;;;0;1;;;
30/11/2019;23:46:00;535;sem vítima;643;BR-153/GO;Norte;Saida de Pista;1;;;;;;;;;;1;;;;
01/10/2019;02:26:00;44;sem vítima;104;BR-060/GO;Norte;Tombamento;;;1;;;1;;;;;2;;;;
01/10/2019;07:43:00;124;com vítima;626;BR-262/MG;Oeste;Tombamento;;;1;;;;;;;;0;1;;;
01/10/2019;08:59:00;200;sem vítima;509;BR-153/GO;Sul;Queda de Moto;;;;1;;;;;;;1;;;;
01/10/2019;13:08:00;348;sem vítima;783,6;BR-262/MG;Oeste;Colisão Traseira;1;;1;;;;;;;;6;;;;
01/10/2019;13:56:00;372;sem vítima;687;BR-262/MG;Oeste;Tombamento;;;1;;;;;;;;1;;;;
01/10/2019;16:39:00;437;sem vítima;505,9;BR-153/GO;Sul;Colisão Traseira;1;;1;;;;;;;;2;;;;
01/10/2019;17:53:00;471;sem vítima;501;BR-153/GO;Sul;Engavetamento;3;;1;;;;;;;;4;;;;
01/10/2019;19:19:00;502;sem vítima;95,434;BR-060/GO;Norte;Tombamento;1;;;;;;;;;;1;;;;
01/10/2019;21:52:00;564;sem vítima;367;BR-262/MG;Leste;Colisão Traseira;1;;1;;;;;;;;2;;;;
02/10/2019;01:56:00;28;sem vítima;670,6;BR-153/GO;Norte;Saida de Pista;1;;;;;;;;;;1;;;;
02/10/2019;03:40:00;46;sem vítima;356,562;BR-262/MG;Leste;Atropelamento de Animal;;;1;;;;;;;;3;;;;
02/10/2019;06:58:00;106;sem vítima;630;BR-262/MG;Leste;Tombamento;;;1;;;;;;;;1;;;;
02/10/2019;08:14:00;153;sem vítima;58;BR-153/MG;Sul;Tombamento;;;1;;;;;;;;1;;;;
02/10/2019;08:15:00;156;sem vítima;499,8;BR-153/GO;Sul;Colisão Lateral;1;;;1;;;;;;;3;;;;
02/10/2019;08:21:00;160;com vítima;615;BR-153/GO;Norte;Capotamento;1;;;;;1;;;;;1;2;;;
02/10/2019;10:05:00;226;sem vítima;138;BR-153/MG;Norte;Colisão Traseira;;;2;;;;;;;;2;;;;
02/10/2019;10:30:00;238;sem vítima;558,5;BR-153/GO;Sul;Capotamento;1;;;;;;;;;;1;;;;
02/10/2019;12:50:00;312;sem vítima;356;BR-262/MG;Oeste;Engavetamento;4;;;;;;;;;;4;;;;
02/10/2019;17:55:00;449;sem vítima;500;BR-153/GO;Norte;Choque - Arvore;1;;;;;;;;;;1;;;;
02/10/2019;18:21:00;460;sem vítima;511;BR-153/GO;Norte;Queda de Moto;;;;1;;;;;;;2;;;;
02/10/2019;22:27:00;537;sem vítima;55,34;BR-153/MG;Sul;Colisão Traseira;;;2;;;;;;;;2;;;;
02/10/2019;23:25:00;553;sem vítima;366,5;BR-262/MG;Leste;Queda de Moto;;;;1;;;;;;;1;;;;
03/10/2019;01:21:00;25;sem vítima;82,1;BR-060/GO;Sul;Colisão Traseira;1;;1;;;;;;;;2;;;;
03/10/2019;06:49:00;94;com vítima;11;BR-060/DF;Norte;Colisão Transversal;1;;1;;;;;;;;5;1;;;
03/10/2019;07:01:00;96;com vítima;123,1;BR-060/GO;Sul;Choque - Arvore;1;;;;;;;;;;1;1;;;
03/10/2019;07:04:00;99;sem vítima;565;BR-153/GO;Norte;Saida de Pista;;;1;;;;;;;;1;;;;
03/10/2019;07:53:00;123;com vítima;245;BR-153/MG;Sul;Colisão Lateral;1;;1;;;;;;;;1;1;;;
03/10/2019;09:42:00;178;sem vítima;496;BR-153/GO;Norte;Colisão Traseira;2;;;;;;;;;;2;;;;
03/10/2019;16:59:00;405;com vítima;399;BR-262/MG;Leste;Queda de Moto;;;;1;;;;;;;0;1;;;
03/10/2019;18:55:00;452;com vítima;504;BR-153/GO;Norte;Choque - Veiculo parado na pista;1;;;1;;;;;;;1;;1;;
03/10/2019;21:44:00;544;com vítima;699;BR-153/GO;Sul;Tombamento;;;1;;;;;;;;0;1;;;
03/10/2019;22:12:00;553;sem vítima;390;BR-262/MG;Oeste;Saida de Pista;;;1;;;;;;;;1;;;;
04/10/2019;06:17:00;66;sem vítima;19;BR-060/GO;Norte;Saida de Pista;;;;;;;;;;1;2;;;;
04/10/2019;06:24:00;70;sem vítima;747;BR-262/MG;Leste;Colisão Traseira;1;;1;;;;;;;;4;;;;
04/10/2019;06:41:00;76;sem vítima;733,5;BR-262/MG;Leste;Saida de Pista;1;;;;;;;;;;3;;;;
04/10/2019;07:44:00;103;com vítima;499;BR-153/GO;Sul;Colisão Traseira;1;;;1;;;;;;;1;1;;;
04/10/2019;09:58:00;190;sem vítima;136;BR-060/GO;Norte;Saida de Pista;1;;;;;;;;;;1;;;;
04/10/2019;12:48:00;289;sem vítima;124,2;BR-060/GO;Norte;Saida de Pista;1;;;;;;;;;;1;;;;
04/10/2019;13:27:00;307;sem vítima;495;BR-153/GO;Sul;Choque - Outros;1;;;;;;;;;;1;;;;
04/10/2019;14:27:00;327;com vítima;534;BR-153/GO;Norte;Colisão Lateral;1;;;;;;;;;1;1;1;;;
04/10/2019;15:53:00;378;sem vítima;500,4;BR-153/GO;Sul;Colisão Traseira;1;;;;;;;;;1;2;;;;
04/10/2019;15:57:00;381;sem vítima;96;BR-060/GO;Norte;Engavetamento;2;;;;;;;;;2;5;;;;
04/10/2019;17:17:00;433;sem vítima;658,7;BR-153/GO;Sul;Saida de Pista;;;;;;;;;;1;1;;;;
04/10/2019;17:25:00;437;com vítima;473;BR-262/MG;Oeste;Colisão Traseira;1;;1;;;;;;;;4;1;;;
04/10/2019;17:31:00;439;sem vítima;96;BR-060/GO;Norte;Colisão Traseira;1;;1;;;;;;;;4;;;;
04/10/2019;19:22:00;496;sem vítima;497;BR-153/GO;Sul;Colisão Lateral;1;;1;;;;;;;;2;;;;
04/10/2019;20:36:00;537;com vítima;429,9;BR-262/MG;Leste;Queda de Moto;;;;1;;;;;;;0;;1;;
04/10/2019;23:13:00;618;com vítima;620;BR-262/MG;Leste;Colisão Transversal;;;2;;;;;;;;1;1;;;
04/10/2019;23:30:00;624;sem vítima;670;BR-153/GO;Sul;Colisão Traseira;;;2;;;;;;;;2;;;;
05/10/2019;05:21:00;66;com vítima;32;BR-060/GO;Norte;Choque - Arvore;1;;;;;;;;;;1;;;1;
05/10/2019;05:41:00;70;sem vítima;392;BR-262/MG;Oeste;Saida de Pista;1;;;;;;;;;;1;;;;
05/10/2019;08:55:00;182;sem vítima;514;BR-153/GO;Norte;Colisão Transversal;2;;;;;;;;;;7;;;;
05/10/2019;09:07:00;189;com vítima;367;BR-262/MG;Leste;Colisão Traseira;1;;;1;;;;;;;2;1;;;
05/10/2019;13:01:00;305;com vítima;447;BR-262/MG;Oeste;Queda de Moto;;;;1;;1;;;;;1;1;;;
05/10/2019;14:24:00;344;com vítima;773;BR-262/MG;Oeste;Colisão Transversal;;;1;;;;;;;1;0;1;;;1
05/10/2019;15:24:00;382;sem vítima;773;BR-262/MG;Oeste;Choque - Veiculo parado na pista;2;;;;;;;;;;2;;;;
05/10/2019;17:15:00;417;sem vítima;431;BR-262/MG;Leste;Tombamento;;;1;;;;;;;;1;;;;
05/10/2019;19:12:00;460;sem vítima;495;BR-153/GO;Norte;Choque - Arvore;;;;;;;;;;1;1;;;;
05/10/2019;20:19:00;484;com vítima;32;BR-060/GO;Sul;Atropelamento - Morador;;;;;;1;;;;;1;;1;;
05/10/2019;22:24:00;539;com vítima;505;BR-153/GO;Sul;Queda de Moto;;;;1;;;;;;;0;1;;;
05/10/2019;22:46:00;552;sem vítima;58,651;BR-153/MG;Sul;Capotamento;1;;;;;;;;;;1;;;;
05/10/2019;23:03:00;555;sem vítima;7;BR-060/DF;Norte;Queda de Moto;;;;1;;;;;;;1;;;;
05/10/2019;23:04:00;556;sem vítima;80;BR-060/GO;Norte;Choque - Elemento de Drenagem;1;;;;;;;;;;2;;;;
06/10/2019;02:20:00;25;sem vítima;513;BR-153/GO;Sul;Colisão Frontal;2;;;;;;;;;;3;;;;
06/10/2019;04:10:00;39;sem vítima;513;BR-153/GO;Sul;Choque - Outros;;;;;;;;;;1;1;;;;
06/10/2019;08:06:00;109;com vítima;359;BR-262/MG;Leste;Capotamento;1;;;;;;;;;;0;;1;;
06/10/2019;10:17:00;240;com vítima;536;BR-153/GO;Norte;Capotamento;1;;;;;;;;;;0;;1;;
06/10/2019;11:29:00;281;com vítima;793;BR-262/MG;Oeste;Choque - Arvore;;;;1;;;;;;;0;;1;;
06/10/2019;13:56:00;321;com vítima;496;BR-153/GO;Norte;Colisão Lateral;1;;;1;;;;;;;1;1;;;
06/10/2019;14:56:00;344;com vítima;71;BR-060/GO;Sul;Capotamento;1;;;;;;;;;;4;1;;;
06/10/2019;15:49:00;370;sem vítima;137;BR-153/MG;Norte;Colisão Lateral;;;2;;;;;;;;2;;;;
06/10/2019;16:26:00;388;sem vítima;510;BR-262/MG;Oeste;Colisão Traseira;2;;;;;;;;;;2;;;;
06/10/2019;19:51:00;484;com vítima;59;BR-153/MG;Sul;Capotamento;1;;;;;;;;;;2;1;;1;
06/10/2019;20:27:00;499;sem vítima;654;BR-153/GO;Sul;Atropelamento de Animal;1;;;;;;;;;;1;;;;
06/10/2019;21:06:00;513;sem vítima;803;BR-262/MG;Leste;Saida de Pista;1;;;;;;;;;;1;;;;
06/10/2019;21:15:00;517;com vítima;30;BR-060/DF;Sul;Atropelamento - Andarilho;;;;;;;;;;1;1;;;1;
07/10/2019;00:27:00;8;sem vítima;514;BR-153/GO;Norte;Colisão Lateral;2;;;;;;;;;;3;;;;
07/10/2019;08:26:00;155;sem vítima;503;BR-153/GO;Sul;Engavetamento;2;;1;;;;;;;;3;;;;
07/10/2019;08:29:00;158;sem vítima;495;BR-153/GO;Sul;Engavetamento;3;;;;;;;;;;3;;;;
07/10/2019;08:50:00;173;sem vítima;499;BR-153/GO;Sul;Choque - Talude;2;;;;;;;;;;2;;;;
07/10/2019;13:21:00;364;sem vítima;901;BR-262/MG;Leste;Choque - Defensa, barreira ou "submarino";;;1;;;;;;;;1;;;;
07/10/2019;13:44:00;376;com vítima;492;BR-153/GO;Sul;Queda de Moto;;;;1;;;;;;;0;2;;;
07/10/2019;14:17:00;390;com vítima;27,5;BR-060/DF;Sul;Queda em Ribanceira;1;;;;;;;;;;2;;;1;
07/10/2019;14:26:00;394;sem vítima;610;BR-262/MG;Leste;Colisão Traseira;;;1;;;1;;;;;2;;;;
07/10/2019;15:42:00;430;sem vítima;29,1;BR-060/GO;Norte;Colisão Traseira;1;;1;;;;;;;;5;;;;
07/10/2019;16:27:00;453;sem vítima;128,5;BR-060/GO;Sul;Colisão Lateral;;;2;;;;;;;;2;;;;
07/10/2019;16:41:00;460;com vítima;516;BR-153/GO;Sul;Capotamento;1;;;;;;;;;;0;1;;;
07/10/2019;16:54:00;466;sem vítima;79;BR-153/MG;Norte;Saida de Pista;;;;;;;;;;1;1;;;;
07/10/2019;18:18:00;493;com vítima;68;BR-060/GO;Sul;Colisão Traseira;1;;1;;;;;;;;1;1;1;;
07/10/2019;18:56:00;510;com vítima;98;BR-060/GO;Sul;Choque - Veiculo parado na pista;;;1;1;;;;;;;1;1;;;
07/10/2019;19:06:00;517;sem vítima;210;BR-153/MG;Sul;Saida de Pista;1;;;;;;;;;;1;;;;
07/10/2019;19:14:00;522;sem vítima;0;BR-060/GO;Norte;Choque - Elemento de Drenagem;1;;;;;;;;;;1;;;;
07/10/2019;19:17:00;524;sem vítima;499;BR-153/GO;Norte;Colisão Traseira;2;;;;;;;;;;4;;;;
07/10/2019;20:02:00;550;sem vítima;512;BR-153/GO;Norte;Colisão Traseira;1;;;1;;;;;;;2;;;;
07/10/2019;20:17:00;555;com vítima;119;BR-060/GO;Sul;Colisão Traseira;;;2;;;;;;;;1;1;;;
07/10/2019;20:52:00;563;sem vítima;29;BR-060/GO;Sul;Atropelamento de Animal;1;;;;;;;;;;2;;;;
07/10/2019;22:56:00;604;sem vítima;424;BR-262/MG;Oeste;Choque - Defensa, barreira ou "submarino";;;1;;;;;;;;1;;;;
07/10/2019;23:14:00;608;sem vítima;386;BR-262/MG;Oeste;Colisão Traseira;;;2;;;;;;;;2;;;;
08/10/2019;02:22:00;17;com vítima;369;BR-262/MG;Leste;Choque - Elemento de Drenagem;1;;;;;;;;;;0;1;;;
08/10/2019;03:47:00;35;sem vítima;557;BR-153/GO;Norte;Choque - Elemento de Drenagem;;;1;;;;;;;;1;;;;
08/10/2019;04:51:00;43;sem vítima;47;BR-153/MG;Norte;Colisão Traseira;1;;;;;1;;;;;2;;;;
08/10/2019;05:32:00;49;sem vítima;362,7;BR-262/MG;Oeste;Tombamento;;;1;;;;;;;;2;;;;
08/10/2019;07:06:00;73;sem vítima;27;BR-060/GO;Norte;Choque - Veiculo parado na pista;;;1;;;1;;;;1;3;;;;
08/10/2019;08:09:00;107;com vítima;502;BR-153/GO;Sul;Colisão Lateral;3;;2;;;;;;;;5;;1;;
08/10/2019;11:36:00;227;com vítima;128;BR-060/GO;Sul;Choque - Veiculo parado no acostamento;1;;;1;;;;;;;1;1;;;
08/10/2019;16:14:00;336;com vítima;584;BR-262/MG;Oeste;Capotamento;1;;;;;;;;;;0;1;1;;
08/10/2019;17:54:00;374;com vítima;827,4;BR-262/MG;Leste;Choque - Defensa;;;;;;;;;;1;0;1;;;
08/10/2019;18:41:00;395;com vítima;359;BR-262/MG;Oeste;Queda de Moto;;;;1;;;;;;;0;1;;;
08/10/2019;19:49:00;424;sem vítima;75;BR-060/GO;Norte;Choque - Objeto sobre a pista;1;;;;;;;;;;1;;;;
08/10/2019;23:37:00;509;sem vítima;580;BR-262/MG;Leste;Saida de Pista;;;1;;;;;;;;2;;;;
09/10/2019;03:11:00;32;sem vítima;44;BR-060/GO;Norte;Choque - Defensa, barreira ou "submarino";;;;;;1;;;;1;2;;;;
09/10/2019;05:30:00;49;com vítima;24,5;BR-060/GO;Sul;Colisão Frontal;1;;1;;;;;;;;0;2;;;
09/10/2019;05:58:00;52;sem vítima;454;BR-262/MG;Oeste;Colisão Lateral;1;;;;;1;;;;;2;;;;
09/10/2019;06:13:00;56;sem vítima;630;BR-262/MG;Oeste;Choque - Arvore;;;;;;1;;;;1;3;;;;
09/10/2019;06:13:00;57;sem vítima;414,5;BR-262/MG;Leste;Capotamento;1;;;;;;;;;;1;;;;
09/10/2019;09:34:00;172;sem vítima;32,1;BR-060/GO;Norte;Colisão Traseira;1;;;;;;;;;1;2;;;;
09/10/2019;10:06:00;190;com vítima;30,8;BR-060/GO;Sul;Atropelamento - Usuário;;;;;;1;;;;;1;;1;;
09/10/2019;14:40:00;356;sem vítima;567;BR-153/GO;Sul;Capotamento;1;;;;;;;;;;2;;;;
09/10/2019;17:31:00;445;sem vítima;362;BR-262/MG;Leste;Colisão Traseira;1;;;;;1;;;;;2;;;;
09/10/2019;19:16:00;491;sem vítima;430;BR-262/MG;Oeste;Choque - Elemento de Drenagem;;;;;;;;;;1;3;;;;
09/10/2019;19:51:00;508;sem vítima;479,5;BR-262/MG;Oeste;Choque - Elemento de Drenagem;;;1;;;;;;;;1;;;;
09/10/2019;23:09:00;577;sem vítima;594;BR-262/MG;Leste;Saida de Pista;;;1;;;;;;;;1;;;;
09/10/2019;23:13:00;578;sem vítima;594;BR-262/MG;Leste;Colisão Traseira;;;2;;;;;;;;2;;;;
10/10/2019;01:13:00;18;sem vítima;727;BR-262/MG;Leste;Saida de Pista;1;;;;;;;;;;1;;;;
10/10/2019;02:07:00;26;sem vítima;69,5;BR-153/MG;Norte;Colisão Lateral;;;2;;;;;;;;2;;;;
10/10/2019;03:59:00;42;sem vítima;23,081;BR-060/DF;Sul;Capotamento;1;;;;;;;;;;1;;;;
10/10/2019;06:18:00;63;sem vítima;364;BR-262/MG;Leste;Colisão Traseira;1;;1;;;;;;;;2;;;;
10/10/2019;07:22:00;89;com vítima;118;BR-060/GO;Norte;Colisão Transversal;1;;;1;;;;;;;1;1;;;
10/10/2019;07:36:00;102;sem vítima;512,9;BR-153/GO;Norte;Colisão Lateral;;;2;;;;;;;;2;;;;
10/10/2019;07:43:00;106;sem vítima;101;BR-060/GO;Norte;Colisão Lateral;1;;;;;1;;;;;2;;;;
10/10/2019;08:01:00;112;sem vítima;501,2;BR-153/GO;Sul;Engavetamento;3;;;;;;;;;;3;;;;
10/10/2019;14:59:00;349;sem vítima;430,3;BR-262/MG;Oeste;Colisão Traseira;1;;2;;;;;;;;3;;;;
10/10/2019;15:03:00;353;sem vítima;612;BR-262/MG;Oeste;Engavetamento;;;3;;;;;;;;3;;;;
10/10/2019;16:04:00;381;sem vítima;19,7;BR-060/GO;Sul;Colisão Traseira;1;;1;;;;;;;;2;;;;
10/10/2019;16:58:00;409;sem vítima;558;BR-262/MG;Oeste;Capotamento;;;;;;;;;;1;1;;;;
10/10/2019;17:59:00;432;com vítima;594;BR-262/MG;Oeste;Colisão Traseira;;;2;;;;;;;;1;1;;;
10/10/2019;19:38:00;481;sem vítima;510;BR-153/GO;Sul;Colisão Traseira;2;;;;;;;;;;4;;;;
10/10/2019;20:25:00;492;sem vítima;800;BR-262/MG;Leste;Capotamento;1;;1;;;;;;;;2;;;;
10/10/2019;21:02:00;511;sem vítima;685;BR-153/GO;Sul;Tombamento;;;1;;;;;;;;1;;;;
10/10/2019;23:21:00;552;sem vítima;500,075;BR-153/GO;Norte;Colisão Traseira;1;;;1;;;;;;;2;;;;