data;horario;n_da_ocorrencia;tipo_de_ocorrencia;km;trecho;sentido;tipo_de_acidente;automovel;bicicleta;caminhao;moto;onibus;outros;tracao_animal;transporte_de_cargas_especiais;trator_maquinas;utilitarios;ilesos;levemente_feridos;moderadamente_feridos;gravemente_feridos;mortos
11/10/2019;03:48:00;49;com vítima;488;BR-262/MG;Leste;Capotamento;;;1;;;;;;;;0;1;;;
11/10/2019;05:25:00;51;sem vítima;603;BR-262/MG;Oeste;Capotamento;;;1;;;;;;;1;4;;;;
11/10/2019;06:57:00;63;sem vítima;30,5;BR-153/MG;Sul;Tombamento;;;1;;;;;;;;1;;;;
11/10/2019;07:04:00;68;sem vítima;362;BR-262/MG;Leste;Colisão Traseira;;;2;;;;;;;;2;;;;
11/10/2019;08:01:00;82;sem vítima;494;BR-153/GO;Sul;Engavetamento;3;;;;;;;;;;3;;;;
11/10/2019;09:11:00;100;sem vítima;500,1;BR-153/GO;Sul;Engavetamento;3;;;;;;;;;;3;;;;
11/10/2019;13:13:00;276;sem vítima;509;BR-153/GO;Sul;Colisão Traseira;1;;1;;;;;;;;2;;;;
11/10/2019;14:03:00;294;sem vítima;93;BR-060/GO;Norte;Capotamento;1;;;;;;;;;;1;;;;
11/10/2019;14:16:00;299;com vítima;101;BR-060/GO;Norte;Colisão Lateral;2;;;;;;;;;;5;1;;;
11/10/2019;16:52:00;388;com vítima;604,5;BR-262/MG;Leste;Capotamento;1;;;;;;;;;;3;1;;;
11/10/2019;18:08:00;430;sem vítima;508;BR-153/GO;Norte;Colisão Lateral;1;;;1;;;;;;;2;;;;
11/10/2019;18:33:00;440;sem vítima;507,464;BR-153/GO;Norte;Colisão Traseira;1;;;;;1;;;;;2;;;;
11/10/2019;18:37:00;444;sem vítima;582;BR-262/MG;Leste;Saida de Pista;1;;;;;;;;;;1;;;;
11/10/2019;19:12:00;463;sem vítima;506;BR-153/GO;Norte;Engavetamento;3;;;;;;;;;;4;;;;
11/10/2019;19:23:00;469;com vítima;9,44;BR-060/GO;Norte;Capotamento;1;;;;;;;;;;0;1;;;
11/10/2019;19:24:00;470;sem vítima;89;BR-060/GO;Sul;Colisão Lateral;;;;2;;;;;;;3;;;;
11/10/2019;21:05:00;527;com vítima;119,7;BR-060/GO;Norte;Atropelamento - Usuário;1;;;;;;;;;;1;;1;;
11/10/2019;21:06:00;528;com vítima;1;BR-060/DF;Norte;Choque - Arvore;1;;;;;;;;;;1;1;;;
11/10/2019;22:54:00;588;com vítima;117;BR-060/GO;Norte;Atropelamento - Morador;1;;;;;;;;;;1;;1;;
12/10/2019;02:13:00;22;com vítima;46,921;BR-060/GO;Norte;Tombamento;;;1;;;;;;;;0;1;;;
12/10/2019;10:20:00;205;sem vítima;539;BR-153/GO;Sul;Capotamento;1;;;;;;;;;;2;;;;
12/10/2019;12:12:00;281;com vítima;464;BR-262/MG;Leste;Capotamento;1;;;;;;;;;;0;1;3;;
12/10/2019;19:34:00;496;sem vítima;359;BR-262/MG;Leste;Colisão Traseira;1;;;;;1;;;;;2;;;;
12/10/2019;19:57:00;507;sem vítima;602;BR-262/MG;Oeste;Choque - Elemento de Drenagem;1;;;;;;;;;;1;;;;
13/10/2019;04:14:00;36;sem vítima;359;BR-262/MG;Leste;Choque - Outros;1;;;;;;;;;;1;;;;
13/10/2019;09:54:00;148;sem vítima;398,295;BR-262/MG;Oeste;Tombamento;;;1;;;;;;;;1;;;;
13/10/2019;10:06:00;154;sem vítima;542;BR-153/GO;Norte;Engavetamento;6;;;;;;;;;;14;;;;
13/10/2019;13:54:00;246;com vítima;586;BR-262/MG;Oeste;Capotamento;1;;;;;;;;;;0;;1;;
13/10/2019;17:24:00;357;com vítima;518;BR-153/GO;Sul;Atropelamento - Ciclista;1;1;;;;;;;;;1;;1;;
13/10/2019;17:26:00;362;com vítima;447;BR-262/MG;Leste;Queda de Moto;;;;1;;;;;;;1;1;;;
13/10/2019;17:44:00;372;com vítima;507;BR-153/GO;Norte;Queda de Moto;1;;;1;;;;;;;1;;1;;
13/10/2019;18:14:00;387;sem vítima;0;BR-060/DF;Norte;Choque - Arvore;1;;;;;;;;;;1;;;;
13/10/2019;18:55:00;413;sem vítima;497;BR-153/GO;Norte;Choque - Defensa, barreira ou "submarino";1;;;;;;;;;;1;;;;
13/10/2019;19:08:00;419;com vítima;494,87;BR-153/GO;Sul;Colisão Traseira;1;;;1;;;;;;;1;;;2;
13/10/2019;19:42:00;434;sem vítima;498;BR-153/GO;Sul;Choque - Elemento de Drenagem;1;;;;;;;;;;1;;;;
13/10/2019;20:12:00;453;com vítima;503,25;BR-153/GO;Sul;Choque - Defensa;;;;1;;;;;;;1;;1;;
13/10/2019;22:40:00;523;com vítima;862,042;BR-262/MG;Leste;Tombamento;1;;;;;;;;;;0;1;1;;
14/10/2019;14:06:00;377;sem vítima;495,9;BR-153/GO;Sul;Colisão Traseira;1;;;;;1;;;;;2;;;;
14/10/2019;14:39:00;391;sem vítima;500;BR-153/GO;Sul;Engavetamento;2;;1;;;;;;;;3;;;;
14/10/2019;15:21:00;414;com vítima;621;BR-262/MG;Leste;Tombamento;;;1;;;;;;;;0;1;;;
14/10/2019;15:28:00;418;sem vítima;500,8;BR-153/GO;Sul;Choque - Defensa;1;;;;;;;;;;1;;;;
14/10/2019;17:15:00;476;sem vítima;17;BR-060/DF;Norte;Saida de Pista;1;;;;;;;;;;1;;;;
14/10/2019;17:23:00;479;sem vítima;499,2;BR-153/GO;Norte;Engavetamento;1;;;;;2;;;;;3;;;;
14/10/2019;19:22:00;542;com vítima;3,5;BR-060/GO;Norte;Objeto lançado contra veículo;2;;;;;;;;;;2;;;1;
14/10/2019;19:24:00;544;sem vítima;664,2;BR-262/MG;Leste;Colisão Traseira;;;2;;;;;;;;2;;;;
14/10/2019;20:27:00;575;sem vítima;110,135;BR-060/GO;Sul;Saida de Pista;2;;1;;;;;;;;5;;;;
14/10/2019;21:35:00;603;com vítima;506;BR-153/GO;Sul;Queda de Moto;;;;1;;;;;;;0;2;;;
15/10/2019;00:53:00;25;sem vítima;60;BR-060/GO;Norte;Atropelamento de Animal;1;;;;;;;;;;1;;;;
15/10/2019;01:15:00;31;com vítima;4,5;BR-060/GO;Norte;Capotamento;1;;;;;;;;;;0;;1;;
15/10/2019;07:30:00;138;com vítima;520;BR-153/GO;Sul;Colisão Lateral;1;;;1;;;;;;;0;1;1;;
15/10/2019;08:35:00;193;sem vítima;614,5;BR-153/GO;Norte;Tombamento;;;1;;;;;;;;1;;;;
15/10/2019;08:40:00;198;com vítima;30;BR-060/DF;Norte;Atropelamento - Morador;1;;;;;;;;;;1;;1;;
15/10/2019;09:14:00;226;sem vítima;676;BR-262/MG;Oeste;Colisão Traseira;1;;1;;;;;;;;2;;;;
15/10/2019;09:26:00;246;sem vítima;502;BR-153/GO;Norte;Colisão Traseira;2;;;;;;;;;;2;;;;
15/10/2019;11:26:00;319;com vítima;376;BR-262/MG;Oeste;Capotamento;;;1;;;;;;;;0;1;;;
15/10/2019;14:29:00;439;sem vítima;27;BR-060/DF;Norte;Saida de Pista;;;;;;;;;;1;1;;;;
15/10/2019;15:08:00;460;com vítima;827,4;BR-262/MG;Oeste;Saida de Pista;;;1;;;;;;;;0;1;;;
15/10/2019;15:19:00;467;sem vítima;362;BR-262/MG;Oeste;Colisão Traseira;;;1;;;;;;;1;2;;;;
15/10/2019;16:05:00;493;sem vítima;406;BR-262/MG;Oeste;Colisão Traseira;1;;;;;1;;;;;2;;;;
15/10/2019;16:49:00;503;com vítima;136,6;BR-060/GO;Sul;Queda de Ciclista;;1;;;;;;;;;0;1;;;
15/10/2019;17:31:00;520;com vítima;365;BR-262/MG;Oeste;Queda de Moto;;;;1;;;;;;;1;1;;;
15/10/2019;17:45:00;525;com vítima;543;BR-153/GO;Norte;Capotamento;1;;;;;;;;;;0;;1;;
15/10/2019;19:08:00;581;sem vítima;617;BR-153/GO;Norte;Atropelamento de Animal;1;;;;;;;;;;1;;;;
15/10/2019;19:33:00;591;sem vítima;606;BR-153/GO;Sul;Choque - Objeto sobre a pista;1;;;;;;;;;;1;;;;
15/10/2019;19:33:00;592;sem vítima;606;BR-153/GO;Sul;Choque - Objeto sobre a pista;1;;;;;;;;;;1;;;;
15/10/2019;20:35:00;623;sem vítima;560;BR-153/GO;Sul;Capotamento;1;;;;;;;;;;1;;;;
15/10/2019;21:31:00;650;com vítima;638;BR-153/GO;Sul;Queda de Moto;;;;1;;;;;;;1;1;;;
15/10/2019;22:56:00;675;sem vítima;912;BR-262/MG;Oeste;Choque - Defensa, barreira ou "submarino";;;1;;;;;;;;1;;;;
16/10/2019;05:26:00;62;com vítima;28;BR-060/GO;Norte;Queda de Moto;;;;1;;;;;;;0;;;1;
16/10/2019;06:55:00;96;com vítima;516;BR-153/GO;Norte;Colisão Lateral;1;;;1;;;;;;;2;1;;;
16/10/2019;07:20:00;112;sem vítima;10;BR-153/MG;Sul;Saida de Pista;1;;;;;;;;;;1;;;;
16/10/2019;07:50:00;127;com vítima;494,5;BR-153/GO;Sul;Colisão Traseira;;;;1;;2;;;;;2;;;;1
16/10/2019;08:21:00;143;sem vítima;40;BR-060/GO;Sul;Choque - Elemento de Drenagem;1;;;;;;;;;;2;;;;
16/10/2019;09:05:00;176;com vítima;11;BR-060/DF;Sul;Colisão Lateral;1;;1;;;;;;;;4;1;;;
16/10/2019;10:09:00;230;com vítima;747,75;BR-262/MG;Oeste;Engavetamento;3;;4;;;4;;;;;11;;;1;1
16/10/2019;12:53:00;329;com vítima;793;BR-262/MG;Oeste;Capotamento;;;;;;;;;;1;0;1;;;
16/10/2019;16:19:00;427;sem vítima;12;BR-060/GO;Norte;Colisão Traseira;2;;;;;;;;;;2;;;;
17/10/2019;00:09:00;2;sem vítima;657;BR-153/GO;Sul;Saida de Pista;1;;;;;1;;;;;2;;;;
17/10/2019;06:04:00;74;sem vítima;89,2;BR-060/GO;Norte;Colisão Traseira;1;1;;;;;;;;;2;;;;
17/10/2019;07:57:00;133;sem vítima;508,2;BR-153/GO;Norte;Engavetamento;4;;;;;;;;;;6;;;;
17/10/2019;11:20:00;267;sem vítima;590,15;BR-262/MG;Oeste;Capotamento;1;;;;;;;;;;1;;;;
17/10/2019;15:14:00;376;sem vítima;875,5;BR-262/MG;Oeste;Saida de Pista;1;;;;;;;;;;1;;;;
17/10/2019;15:50:00;386;sem vítima;99;BR-060/GO;Sul;Colisão Lateral;1;;;1;;;;;;;2;;;;
17/10/2019;16:48:00;407;com vítima;3;BR-060/DF;Sul;Colisão Transversal;;;;1;;;;;;1;2;1;;;
17/10/2019;17:07:00;413;com vítima;116;BR-060/GO;Sul;Capotamento;1;;;;;;;;;;0;1;;;
17/10/2019;17:21:00;422;sem vítima;503;BR-153/GO;Sul;Colisão Traseira;;;2;;;;;;;;3;;;;
17/10/2019;18:45:00;459;com vítima;594;BR-153/GO;Sul;Capotamento;1;;;;;;;;;;0;1;;;
17/10/2019;19:48:00;486;com vítima;172;BR-153/MG;Sul;Capotamento;;;;;;;;;;1;1;2;;;
17/10/2019;20:50:00;509;sem vítima;467;BR-262/MG;Leste;Colisão Lateral;;;3;;;;;;;;3;;;;
18/10/2019;00:52:00;21;sem vítima;21,5;BR-060/GO;Sul;Choque - Defensa, barreira ou "submarino";;;1;;;;;;;;1;;;;
18/10/2019;03:40:00;50;com vítima;457;BR-262/MG;Oeste;Choque - Elemento de Drenagem;;;;;;;;;;1;4;1;;;
18/10/2019;07:10:00;116;com vítima;507,9;BR-153/GO;Norte;Colisão Lateral;1;;;1;;1;;;;;2;1;;1;
18/10/2019;10:24:00;264;com vítima;631;BR-153/GO;Norte;Queda de Moto;;;;1;;;;;;;0;2;;;
18/10/2019;12:16:00;343;sem vítima;429;BR-262/MG;Leste;Choque - Elemento de Drenagem;1;;;;;;;;;;1;;;;
18/10/2019;13:08:00;368;com vítima;651,15;BR-262/MG;Oeste;Capotamento;1;;;;;;;;;;1;;3;;
18/10/2019;14:26:00;407;sem vítima;426;BR-262/MG;Leste;Colisão Traseira;;;1;1;;;;;;;2;;;;
18/10/2019;14:26:00;408;com vítima;29;BR-060/DF;Sul;Capotamento;1;;;;;;;;;;0;3;;;
18/10/2019;15:45:00;446;sem vítima;128;BR-060/GO;Sul;Tombamento;;;1;;;;;;;;1;;;;
18/10/2019;15:47:00;447;com vítima;196;BR-153/MG;Norte;Colisão Traseira;2;;1;;;;;;;;2;3;;;
18/10/2019;17:03:00;488;sem vítima;600;BR-262/MG;Leste;Choque - Veiculo parado na pista;1;;1;;;;;;;;2;;;;
18/10/2019;18:15:00;524;sem vítima;544;BR-262/MG;Oeste;Atropelamento de Animal;1;;;;;;;;;;4;;;;
18/10/2019;19:09:00;555;com vítima;502;BR-153/GO;Norte;Colisão Traseira;1;;;1;;;;;;;1;2;;;
18/10/2019;19:11:00;557;com vítima;687,5;BR-262/MG;Oeste;Tombamento;;;1;;;;;;;;0;1;;;
18/10/2019;21:39:00;624;com vítima;412,5;BR-262/MG;Oeste;Colisão Lateral;1;;;1;;;;;;;1;;;;1
19/10/2019;06:01:00;90;sem vítima;14,23;BR-060/GO;Sul;Choque - Elemento de Drenagem;1;;;;;;;;;;1;;;;
19/10/2019;07:13:00;124;sem vítima;534;BR-153/GO;Sul;Atropelamento de Animal;1;;;;;;;;;;1;;;;
19/10/2019;07:41:00;143;com vítima;639;BR-262/MG;Oeste;Capotamento;;;1;;;;;;;;0;1;;;
19/10/2019;08:01:00;155;sem vítima;553,05;BR-262/MG;Leste;Tombamento;;;1;;;;;;;;1;;;;
19/10/2019;10:20:00;264;sem vítima;551;BR-153/GO;Norte;Colisão Traseira;1;;1;;;;;;;;3;;;;
19/10/2019;13:32:00;394;sem vítima;631,3;BR-153/GO;Sul;Colisão Traseira;;;1;;;;;;;1;2;;;;
19/10/2019;17:36:00;509;sem vítima;635;BR-262/MG;Leste;Engavetamento;1;;2;;;;;;;;3;;;;
19/10/2019;22:07:00;625;sem vítima;494;BR-153/GO;Norte;Colisão Traseira;2;;;;;;;;;;2;;;;
20/10/2019;00:46:00;13;com vítima;1,9;BR-060/DF;Norte;Colisão Traseira;2;;;;;;;;;;2;2;;;
20/10/2019;01:57:00;32;com vítima;506;BR-153/GO;Sul;Queda de Moto;;;;1;;;;;;;1;1;;;
20/10/2019;03:32:00;53;sem vítima;106,8;BR-060/GO;Sul;Saida de Pista;1;;;;;;;;;;1;;;;
20/10/2019;04:24:00;61;sem vítima;538;BR-262/MG;Oeste;Saida de Pista;1;;;;;;;;;;2;;;;
20/10/2019;06:23:00;80;sem vítima;127,8;BR-153/MG;Norte;Choque - Talude;1;;;;;;;;;;1;;;;
20/10/2019;06:35:00;83;com vítima;593;BR-153/GO;Sul;Choque - Talude;1;;;;;;;;;;0;1;;;
20/10/2019;07:56:00;113;com vítima;5;BR-060/DF;Sul;Atropelamento de Animal;;;;1;;;;;;;0;1;;;
20/10/2019;07:59:00;115;com vítima;53;BR-060/GO;Sul;Choque - Defensa, barreira ou "submarino";;;;1;;;;;;;0;;;1;
20/10/2019;13:57:00;288;com vítima;748;BR-262/MG;Leste;Queda de Moto;;;;1;;;;;;;0;1;;;
20/10/2019;15:50:00;348;sem vítima;44,3;BR-060/GO;Norte;Colisão Lateral;2;;;;;;;;;;2;;;;
20/10/2019;17:30:00;409;com vítima;96;BR-153/MG;Sul;Queda de Moto;;;;1;;;;;;;0;2;;;
20/10/2019;18:14:00;427;com vítima;834,9;BR-262/MG;Oeste;Saida de Pista;1;;;;;;;;;;0;;;1;
20/10/2019;18:55:00;452;com vítima;117,858;BR-060/GO;Norte;Atropelamento - Morador;1;;;;;;;;;;1;1;;;
20/10/2019;18:58:00;456;sem vítima;681;BR-153/GO;Sul;Colisão Traseira;;;2;;;;;;;;2;;;;
20/10/2019;19:05:00;461;com vítima;412;BR-262/MG;Leste;Queda de Moto;;;;1;;;;;;;1;1;;;
21/10/2019;03:05:00;38;sem vítima;798;BR-262/MG;Oeste;Tombamento;;;1;;;;;;;;1;;;;
21/10/2019;06:13:00;73;sem vítima;8;BR-060/GO;Norte;Saida de Pista;1;;;;;;;;;;1;;;;
21/10/2019;07:27:00;107;sem vítima;4,2;BR-060/DF;Norte;Engavetamento;3;;;;;;;;;;5;;;;
21/10/2019;08:05:00;133;sem vítima;503;BR-153/GO;Sul;Engavetamento;3;;;;;;;;;;3;;;;
21/10/2019;09:08:00;171;com vítima;607;BR-262/MG;Leste;Capotamento;1;;;;;;;;;;1;1;;;
21/10/2019;09:12:00;172;com vítima;896;BR-262/MG;Leste;Capotamento;1;;;;;;;;;;0;1;1;;
21/10/2019;10:29:00;208;com vítima;584;BR-262/MG;Leste;Capotamento;1;;;;;;;;;;1;;1;;
21/10/2019;13:46:00;294;com vítima;380;BR-262/MG;Leste;Choque - Elemento de Drenagem;1;;;;;;;;;;0;;1;;
21/10/2019;13:47:00;296;sem vítima;416;BR-262/MG;Leste;Tombamento;;;1;;;;;;;;1;;;;
21/10/2019;15:35:00;344;com vítima;554;BR-262/MG;Leste;Tombamento;;;1;;;;;;;;3;1;;;
21/10/2019;15:51:00;353;com vítima;29,3;BR-060/GO;Norte;Choque - Outros;2;;;;;;;;;;4;;;1;
21/10/2019;16:49:00;378;sem vítima;404;BR-262/MG;Leste;Capotamento;;;;;;;;;;1;1;;;;
21/10/2019;17:06:00;386;sem vítima;501;BR-153/GO;Sul;Colisão Traseira;1;;;1;;;;;;;2;;;;
21/10/2019;18:09:00;410;sem vítima;502;BR-153/GO;Sul;Colisão Traseira;2;;;;;;;;;;2;;;;
21/10/2019;18:21:00;415;com vítima;83;BR-060/GO;Sul;Capotamento;1;;;;;;;;;;1;1;1;;
21/10/2019;20:25:00;483;com vítima;655;BR-153/GO;Norte;Capotamento;1;;;;;;;;;;0;1;;;
21/10/2019;20:40:00;496;sem vítima;447;BR-262/MG;Leste;Colisão Lateral;1;;1;;;;;;;;3;;;;
21/10/2019;22:54:00;552;sem vítima;507;BR-153/GO;Sul;Colisão Traseira;1;;;;;;;;;1;2;;;;
21/10/2019;22:59:00;554;sem vítima;548;BR-262/MG;Leste;Choque - Talude;;;1;;;;;;;;2;;;;
21/10/2019;23:51:00;576;com vítima;504;BR-153/GO;Sul;Queda de Moto;;;;1;;;;;;;0;1;;;
22/10/2019;05:45:00;103;sem vítima;132,864;BR-153/MG;Norte;Choque - Elemento de Drenagem;;;1;;;;;;;;1;;;;
22/10/2019;07:11:00;138;sem vítima;505,5;BR-153/GO;Norte;Engavetamento;3;;;;;;;;;2;5;;;;
22/10/2019;07:28:00;147;sem vítima;82,5;BR-153/MG;Norte;Colisão Traseira;;;2;;;;;;;;2;;;;
22/10/2019;07:28:00;148;sem vítima;507;BR-153/GO;Norte;Colisão Lateral;1;;;1;;;;;;;2;;;;
22/10/2019;07:30:00;149;sem vítima;507,405;BR-153/GO;Sul;Capotamento;2;;;;;;;;;;2;;;;
22/10/2019;08:04:00;172;sem vítima;506,3;BR-153/GO;Norte;Colisão Lateral;;;1;1;;;;;;;2;;;;
22/10/2019;12:56:00;303;com vítima;367;BR-262/MG;Oeste;Queda de Moto;;;;1;;;;;;;0;;1;;
22/10/2019;13:30:00;318;sem vítima;64;BR-060/GO;Norte;Choque - Elemento de Drenagem;1;;;;;;;;;;1;;;;
22/10/2019;14:53:00;355;sem vítima;33;BR-153/MG;Norte;Tombamento;;;1;;;;;;;;1;;;;
22/10/2019;15:14:00;365;sem vítima;2;BR-060/DF;Norte;Saida de Pista;;;;;;1;;;;1;3;;;;
22/10/2019;17:30:00;422;sem vítima;501;BR-153/GO;Sul;Colisão Traseira;;;;1;;1;;;;;2;;;;
22/10/2019;17:54:00;432;sem vítima;108,9;BR-060/GO;Norte;Colisão Traseira;1;;1;;;;;;;;3;;;;
22/10/2019;18:09:00;439;com vítima;359,7;BR-262/MG;Leste;Colisão Traseira;;;1;1;;;;;;;1;;1;;
22/10/2019;18:19:00;445;sem vítima;501;BR-153/GO;Norte;Colisão Traseira;1;;;1;;;;;;;5;;;;
22/10/2019;18:58:00;461;com vítima;33;BR-153/MG;Norte;Atropelamento - Andarilho;;;;;;;;;;1;1;;;;1
22/10/2019;20:29:00;496;sem vítima;382,908;BR-262/MG;Leste;Colisão Traseira;1;;1;;;;;;;;2;;;;
22/10/2019;21:16:00;510;com vítima;400;BR-262/MG;Leste;Colisão Traseira;1;;;1;;;;;;;3;1;;;
23/10/2019;02:22:00;41;sem vítima;110;BR-060/GO;Sul;Capotamento;1;;;;;;;;;;2;;;;
23/10/2019;06:46:00;106;com vítima;21;BR-060/GO;Norte;Colisão Traseira;;;;;;;;;;2;1;1;;;
23/10/2019;07:20:00;121;sem vítima;502,1;BR-153/GO;Norte;Colisão Traseira;2;;;;;;;;;;2;;;;
23/10/2019;09:22:00;196;com vítima;142,48;BR-153/MG;Norte;Engavetamento;1;;2;;;;;;;;0;1;;1;2
23/10/2019;09:26:00;197;sem vítima;543;BR-262/MG;Leste;Tombamento;;;1;;;;;;;;1;;;;
23/10/2019;13:55:00;329;sem vítima;30;BR-060/DF;Norte;Atropelamento - Andarilho;;;1;;;;;;;;2;;;;
23/10/2019;14:01:00;333;sem vítima;4,9;BR-060/DF;Sul;Colisão Lateral;1;;;;;;;;;1;2;;;;
23/10/2019;15:07:00;353;sem vítima;79;BR-060/GO;Sul;Choque - Defensa, barreira ou "submarino";;;1;;;;;;;;1;;;;
23/10/2019;15:50:00;373;sem vítima;491;BR-153/GO;Sul;Colisão Traseira;1;;1;;;;;;;;3;;;;
23/10/2019;16:48:00;403;com vítima;380;BR-262/MG;Leste;Capotamento;;;;;;;;;;1;0;1;;;
23/10/2019;17:36:00;426;sem vítima;388;BR-262/MG;Oeste;Saida de Pista;1;;;;;;;;;;2;;;;
23/10/2019;19:12:00;470;sem vítima;515;BR-153/GO;Sul;Engavetamento;2;;;;;1;;;;;3;;;;
23/10/2019;20:03:00;497;sem vítima;119;BR-060/GO;Sul;Saida de Pista;;;1;;;;;;;;1;;;;
24/10/2019;00:06:00;3;com vítima;803,6;BR-262/MG;Leste;Queda de Moto;;;;1;;;;;;;0;2;;;
24/10/2019;01:41:00;25;sem vítima;611;BR-262/MG;Oeste;Saida de Pista;;;1;;;;;;;;1;;;;
24/10/2019;09:16:00;211;sem vítima;779;BR-262/MG;Leste;Colisão Traseira;2;;;;;;;;;;2;;;;
24/10/2019;13:44:00;349;sem vítima;554,5;BR-262/MG;Oeste;Colisão Traseira;;;;;;;;;;2;3;;;;
24/10/2019;15:19:00;387;sem vítima;367;BR-262/MG;Oeste;Colisão Traseira;1;;1;;;;;;;;2;;;;
24/10/2019;15:24:00;391;sem vítima;513;BR-153/GO;Norte;Tombamento;;;1;;;;;;;;1;;;;
24/10/2019;23:50:00;631;sem vítima;900;BR-262/MG;Oeste;Saida de Pista;;;1;;;;;;;;1;;;;
25/10/2019;05:40:00;68;sem vítima;12;BR-153/MG;Norte;Colisão Traseira;;;2;;;;;;;;2;;;;
25/10/2019;08:17:00;135;com vítima;6;BR-060/DF;Norte;Colisão Lateral;;;;2;;;;;;;1;2;;;
25/10/2019;09:54:00;206;sem vítima;42,9;BR-060/GO;Sul;Choque - Defensa, barreira ou "submarino";1;;;;;;;;;;1;;;;
25/10/2019;10:54:00;246;sem vítima;499;BR-153/GO;Sul;Colisão Traseira;1;;1;;;;;;;;2;;;;
25/10/2019;18:58:00;467;com vítima;514,257;BR-153/GO;Sul;Colisão Lateral;1;;;1;;;;;;;1;1;1;;
25/10/2019;20:28:00;509;com vítima;39,973;BR-153/MG;Norte;Engavetamento;;;3;;;;;;;;0;3;;;
25/10/2019;21:52:00;534;com vítima;520,154;BR-153/GO;Norte;Tombamento;;;1;;;;;;;;0;;1;;
25/10/2019;23:36:00;572;sem vítima;89,744;BR-060/GO;Sul;Colisão Traseira;2;;;;;;;;;;4;;;;
26/10/2019;04:43:00;72;sem vítima;594;BR-153/GO;Norte;Atropelamento de Animal;1;;;;;;;;;;1;;;;
26/10/2019;05:18:00;80;sem vítima;93,5;BR-060/GO;Norte;Choque - Outros;1;;;;;;;;;;1;;;;
26/10/2019;07:21:00;122;sem vítima;507,4;BR-153/GO;Norte;Colisão Traseira;2;;;;;;;;;;2;;;;
26/10/2019;07:42:00;130;sem vítima;509;BR-153/GO;Sul;Colisão Lateral;1;;1;;;;;;;;2;;;;
26/10/2019;09:23:00;186;sem vítima;94;BR-153/MG;Sul;Saida de Pista;;;1;;;;;;;;1;;;;
26/10/2019;10:01:00;205;com vítima;494;BR-153/GO;Norte;Queda de Moto;;;;1;;;;;;;1;1;;;
26/10/2019;10:16:00;210;sem vítima;408;BR-262/MG;Leste;Choque - Elemento de Drenagem;1;;;;;1;;;;;2;;;;
26/10/2019;13:01:00;269;sem vítima;27;BR-060/GO;Sul;Colisão Traseira;1;;;;;1;;;;;4;;;;
26/10/2019;14:03:00;292;sem vítima;4;BR-060/DF;Norte;Choque- Poste/Equipamento;;;;;;;;;;1;1;;;;
26/10/2019;18:22:00;434;sem vítima;610;BR-262/MG;Leste;Carreta deu L;;;1;;;;;;;;1;;;;
26/10/2019;18:35:00;441;com vítima;604,8;BR-262/MG;Leste;Tombamento;;;1;;;;;;;;0;1;;;
26/10/2019;19:02:00;449;com vítima;519;BR-262/MG;Leste;Colisão Traseira;1;;1;;;;;;;;1;;1;;
26/10/2019;19:18:00;459;sem vítima;593;BR-262/MG;Leste;Saida de Pista;;;1;;;;;;;;1;;;;
27/10/2019;07:27:00;92;sem vítima;433;BR-262/MG;Leste;Choque - Elemento de Drenagem;1;;;;;;;;;;1;;;;
27/10/2019;11:35:00;217;sem vítima;39;BR-060/GO;Sul;Capotamento;1;;;;;;;;;;2;;;;
27/10/2019;12:09:00;233;com vítima;486;BR-262/MG;Leste;Saida de Pista;1;;;;;;;;;;0;3;;;
27/10/2019;12:35:00;246;sem vítima;18;BR-060/DF;Norte;Saida de Pista;1;;;;;;;;;;1;;;;
27/10/2019;15:45:00;331;sem vítima;584;BR-262/MG;Oeste;Capotamento;1;;;;;;;;;;1;;;;
27/10/2019;15:46:00;332;com vítima;369;BR-262/MG;Leste;Colisão Traseira;1;;;1;;;;;;;1;1;1;;
27/10/2019;15:49:00;334;sem vítima;790;BR-262/MG;Leste;Capotamento;1;;;;;;;;;;3;;;;
27/10/2019;19:05:00;429;sem vítima;473;BR-262/MG;Leste;Saida de Pista;1;;1;;;;;;;1;7;;;;
27/10/2019;20:24:00;458;sem vítima;5;BR-060/DF;Norte;Choque - Veiculo parado no acostamento;2;;;;;;;;;;2;;;;
27/10/2019;20:36:00;459;sem vítima;21,3;BR-153/MG;Sul;Saida de Pista;1;;;;;1;;;;;2;;;;
27/10/2019;20:40:00;460;sem vítima;390;BR-262/MG;Oeste;Capotamento;1;;;;;;;;;;1;;;;
27/10/2019;21:15:00;472;com vítima;802;BR-262/MG;Leste;Atropelamento - Morador;1;;;;;;;;;;2;;1;;
27/10/2019;21:40:00;478;com vítima;519,5;BR-262/MG;Leste;Capotamento;1;;;;;;;;;;0;1;1;;
27/10/2019;21:44:00;479;com vítima;535;BR-153/GO;Sul;Colisão Traseira;;;;1;;;;;;1;1;;2;;
27/10/2019;21:55:00;484;sem vítima;498;BR-153/GO;Norte;Colisão Lateral;;;2;;;;;;;;4;;;;
27/10/2019;22:45:00;503;sem vítima;449;BR-262/MG;Leste;Capotamento;1;;;;;;;;;;1;;;;
28/10/2019;04:20:00;44;com vítima;632;BR-262/MG;Leste;Colisão Frontal;1;;1;;;;;;;;0;1;;1;
28/10/2019;07:31:00;104;sem vítima;508;BR-153/GO;Norte;Engavetamento;5;;;;;;;;;;5;;;;
28/10/2019;07:58:00;119;sem vítima;590,125;BR-153/GO;Sul;Saida de Pista;1;;;;;;;;;;1;;;;
28/10/2019;08:29:00;138;sem vítima;398;BR-262/MG;Oeste;Colisão Transversal;1;;1;;;;;;;;2;;;;