data;horario;n_da_ocorrencia;tipo_de_ocorrencia;km;trecho;sentido;tipo_de_acidente;automovel;bicicleta;caminhao;moto;onibus;outros;tracao_animal;transporte_de_cargas_especiais;trator_maquinas;utilitarios;ilesos;levemente_feridos;moderadamente_feridos;gravemente_feridos;mortos
28/10/2019;08:49:00;153;sem vítima;458;BR-262/MG;Leste;Colisão Lateral;1;;1;;;;;;;;2;;;;
28/10/2019;08:50:00;154;sem vítima;822,5;BR-262/MG;Oeste;Colisão Traseira;1;;;;;;;;;1;4;;;;
28/10/2019;09:16:00;173;sem vítima;412;BR-262/MG;Oeste;Saida de Pista;1;;;;;;;;;;1;;;;
28/10/2019;13:40:00;359;com vítima;0;BR-060/DF;Norte;Colisão Frontal;;;1;1;;;;;;;1;1;;;
28/10/2019;14:07:00;370;sem vítima;659,85;BR-262/MG;Oeste;Tombamento;;;1;;;;;;;;1;;;;
28/10/2019;15:21:00;412;sem vítima;498;BR-153/GO;Sul;Engavetamento;2;;;1;;;;;;;3;;;;
28/10/2019;16:07:00;436;sem vítima;438;BR-262/MG;Leste;Capotamento;1;;;;;;;;;;1;;;;
28/10/2019;17:26:00;494;sem vítima;438;BR-262/MG;Oeste;Choque - Outros;;;;;;;;;;1;3;;;;
28/10/2019;18:24:00;521;sem vítima;496;BR-153/GO;Sul;Choque - Veiculo parado na pista;1;;1;;;;;;;;3;;;;
28/10/2019;18:44:00;530;sem vítima;380;BR-262/MG;Oeste;Choque - Elemento de Drenagem;1;;;;;;;;;;2;;;;
28/10/2019;18:45:00;531;com vítima;558,6;BR-153/GO;Norte;Capotamento;;;;;;;;;;1;0;5;;;
28/10/2019;19:15:00;540;sem vítima;114;BR-153/MG;Norte;Saida de Pista;1;;;;;;;;;;1;;;;
28/10/2019;19:26:00;542;sem vítima;595;BR-153/GO;Norte;Saida de Pista;1;;;;;;;;;;1;;;;
28/10/2019;20:16:00;560;sem vítima;656;BR-262/MG;Leste;Capotamento;1;;;;;;;;;;1;;;;
29/10/2019;06:39:00;62;sem vítima;389;BR-262/MG;Leste;Colisão Traseira;;;2;;;;;;;;2;;;;
29/10/2019;07:43:00;117;sem vítima;495;BR-153/GO;Sul;Colisão Traseira;2;;;;;;;;;;2;;;;
29/10/2019;09:22:00;215;com vítima;503,1;BR-153/GO;Sul;Engavetamento;;;2;1;;;;;;1;5;1;1;;
29/10/2019;11:02:00;289;com vítima;584;BR-262/MG;Oeste;Capotamento;1;;;;;;;;;;1;;2;;
29/10/2019;12:15:00;336;sem vítima;592;BR-153/GO;Norte;Choque - Elemento de Drenagem;;;1;;;;;;;;1;;;;
29/10/2019;12:16:00;338;sem vítima;424,8;BR-262/MG;Oeste;Tombamento;;;1;;;;;;;;1;;;;
29/10/2019;14:01:00;389;sem vítima;115;BR-060/GO;Norte;Capotamento;1;;;;;;;;;;2;;;;
29/10/2019;15:09:00;423;sem vítima;685;BR-153/GO;Norte;Colisão Traseira;2;;;;;;;;;;5;;;;
29/10/2019;15:51:00;448;sem vítima;385;BR-262/MG;Oeste;Choque - Elemento de Drenagem;1;;;;;;;;;;1;;;;
29/10/2019;16:46:00;479;sem vítima;385;BR-262/MG;Leste;Choque - Elemento de Drenagem;1;;;;;;;;;;1;;;;
29/10/2019;17:58:00;510;com vítima;512,8;BR-153/GO;Norte;Queda de Moto;;;;1;;;;;;;0;2;;;
29/10/2019;18:26:00;522;sem vítima;404;BR-262/MG;Leste;Capotamento;1;;;;;;;;;;1;;;;
29/10/2019;18:43:00;534;sem vítima;501;BR-153/GO;Norte;Colisão Traseira;2;;;;;;;;;;2;;;;
29/10/2019;18:59:00;541;com vítima;403;BR-262/MG;Oeste;Colisão Traseira;1;;;1;;;;;;;1;;1;;
29/10/2019;19:11:00;546;sem vítima;848,852;BR-262/MG;Oeste;Atropelamento de Animal;1;;;;;;;;;;1;;;;
29/10/2019;19:35:00;553;com vítima;404;BR-262/MG;Leste;Colisão Traseira;;;1;;;;;;;1;2;1;;;
29/10/2019;19:35:00;554;com vítima;92;BR-060/GO;Sul;Colisão Traseira;;;2;;;;;;;;1;1;;;
29/10/2019;21:51:00;604;sem vítima;610;BR-262/MG;Oeste;Tombamento;;;1;;;;;;;;1;;;;
29/10/2019;22:46:00;619;com vítima;17,684;BR-153/MG;Sul;Atropelamento - Morador;;;1;;;;;;;;1;;;;1
29/10/2019;23:17:00;630;sem vítima;395;BR-262/MG;Oeste;Tombamento;;;1;;;;;;;;1;;;;
30/10/2019;00:08:00;3;sem vítima;510;BR-153/GO;Norte;Colisão Traseira;2;;;;;;;;;;2;;;;
30/10/2019;08:53:00;181;sem vítima;3;BR-060/DF;Sul;Colisão Traseira;2;;;;;;;;;;2;;;;
30/10/2019;10:03:00;230;com vítima;97;BR-060/GO;Norte;Queda de Moto;;;;1;;;;;;;0;1;;;
30/10/2019;10:10:00;239;com vítima;73;BR-060/GO;Norte;Capotamento;1;;1;;;;;;;;1;1;;;
30/10/2019;12:40:00;297;com vítima;502;BR-153/GO;Sul;Atropelamento - Usuário;3;;;;;;;;;;2;1;;;
30/10/2019;14:21:00;344;sem vítima;135;BR-060/GO;Sul;Choque - Talude;;;;;;;;;;1;2;;;;
30/10/2019;17:20:00;430;sem vítima;533;BR-153/GO;Norte;Saida de Pista;;;;;;;;;;1;1;;;;
30/10/2019;17:45:00;434;com vítima;510;BR-153/GO;Sul;Colisão Lateral;1;;;1;;;;;;;1;1;;;
30/10/2019;19:16:00;468;com vítima;511,5;BR-153/GO;Norte;Colisão Traseira;;;;2;;;;;;;3;1;;;
30/10/2019;20:42:00;507;sem vítima;609;BR-153/GO;Norte;Choque - Talude;;;1;;;;;;;;1;;;;
31/10/2019;06:39:00;95;sem vítima;24;BR-153/MG;Norte;Capotamento;;;;;;;;;;1;1;;;;
31/10/2019;10:14:00;232;sem vítima;396;BR-262/MG;Oeste;Saida de Pista;1;;1;;;;;;;;3;;;;
31/10/2019;11:55:00;309;sem vítima;490;BR-153/GO;Sul;Colisão Lateral;1;;1;;;;;;;;2;;;;
31/10/2019;15:32:00;449;sem vítima;614,5;BR-153/GO;Sul;Saida de Pista;1;;;;;;;;;;1;;;;
31/10/2019;16:26:00;481;sem vítima;378;BR-262/MG;Oeste;Tombamento;1;;;;;;;;;;1;;;;
31/10/2019;17:26:00;516;com vítima;528;BR-262/MG;Oeste;Engavetamento;1;;1;;;;;;;1;4;;1;;
31/10/2019;17:38:00;525;sem vítima;509;BR-153/GO;Norte;Engavetamento;3;;1;;;;;;;;4;;;;
31/10/2019;19:08:00;566;sem vítima;69;BR-060/GO;Norte;Choque - Veiculo parado na pista;1;;1;;;;;;;;2;;;;
31/10/2019;19:37:00;580;com vítima;727;BR-262/MG;Oeste;Tombamento;1;;;;;;;;;;0;1;;;
31/10/2019;19:51:00;592;sem vítima;507;BR-153/GO;Norte;Engavetamento;1;;;;;2;;;;;3;;;;
31/10/2019;21:46:00;633;sem vítima;102;BR-060/GO;Sul;Choque - Elemento de Drenagem;1;;;;;1;;;;;2;;;;
31/10/2019;21:47:00;634;com vítima;466;BR-262/MG;Leste;Tombamento;;;1;;;;;;;;0;2;;;
31/10/2019;22:03:00;641;sem vítima;566;BR-153/GO;Sul;Saida de Pista;;;1;;;;;;;;1;;;;
01/03/2020;00:29:00;8;sem vítima;494,822;BR-153/GO;Norte;Colisão Traseira;;;;;;1;;;;1;2;;;;
01/03/2020;02:05:00;39;sem vítima;413;BR-262/MG;Oeste;Saida de Pista;1;;;;;;;;;;3;;;;
01/03/2020;11:12:00;188;sem vítima;661;BR-262/MG;Leste;Saida de Pista;1;;;;;;;;;;4;;;;
01/03/2020;12:15:00;213;sem vítima;386;BR-262/MG;Oeste;Choque - Elemento de Drenagem;1;;;;;;;;;;1;;;;
01/03/2020;13:17:00;235;sem vítima;380;BR-262/MG;Leste;Choque - Talude;1;;;;;;;;;;2;;;;
01/03/2020;13:21:00;237;com vítima;37,8;BR-060/GO;Norte;Capotamento;1;;;;;;;;;;0;;1;;
01/03/2020;14:02:00;247;sem vítima;371;BR-262/MG;Leste;Choque - Elemento de Drenagem;1;;;;;;;;;;1;;;;
01/03/2020;14:13:00;250;com vítima;62;BR-060/GO;Norte;Capotamento;1;;;;;;;;;;0;;1;;
01/03/2020;14:33:00;256;sem vítima;559;BR-153/GO;Sul;Tombamento;1;;;;;;;;;;1;;;;
01/03/2020;16:48:00;296;sem vítima;607,3;BR-262/MG;Oeste;Saida de Pista;1;;;;;;;;;;1;;;;
01/03/2020;17:50:00;314;com vítima;586,104;BR-153/GO;Norte;Colisão Traseira;;;1;;;;;;;1;2;1;;;
01/03/2020;18:06:00;322;sem vítima;641;BR-262/MG;Oeste;Capotamento;1;;;;;1;;;;;3;;;;
01/03/2020;18:08:00;325;sem vítima;221;BR-153/MG;Sul;Saida de Pista;1;;;;;;;;;;3;;;;
01/03/2020;19:28:00;366;com vítima;108,691;BR-060/GO;Norte;Choque - Elemento de Drenagem;;;;;;;;;;1;0;1;;;
01/03/2020;19:39:00;370;sem vítima;627;BR-262/MG;Oeste;Saida de Pista;;;1;;;;;;;;1;;;;
01/03/2020;20:02:00;379;sem vítima;371;BR-262/MG;Leste;Saida de Pista;1;;;;;;;;;;1;;;;
01/03/2020;22:26:00;425;sem vítima;548;BR-262/MG;Leste;Saida de Pista;1;;;;;;;;;;4;;;;
02/03/2020;00:51:00;19;com vítima;506,5;BR-153/GO;Sul;Queda de Moto;;;;1;;;;;;;0;;1;;
02/03/2020;03:32:00;65;com vítima;47,637;BR-060/GO;Norte;Capotamento;1;;;;;;;;;;0;;2;;1
02/03/2020;06:27:00;95;sem vítima;514;BR-153/GO;Sul;Colisão Lateral;2;;;;;;;;;;2;;;;
02/03/2020;06:59:00;108;com vítima;607,09;BR-262/MG;Oeste;Saida de Pista;1;;;;;;;;;;0;1;;;
02/03/2020;07:51:00;136;sem vítima;426,5;BR-262/MG;Oeste;Saida de Pista;;;1;;;;;;;;1;;;;
02/03/2020;08:46:00;164;sem vítima;554,3;BR-262/MG;Leste;Choque - Talude;;;1;;;;;;;;1;;;;
02/03/2020;09:11:00;174;sem vítima;379;BR-262/MG;Leste;Saida de Pista;;;;;;;;;;1;1;;;;
02/03/2020;09:14:00;177;sem vítima;626,6;BR-262/MG;Oeste;Tombamento;;;1;;;;;;;;1;;;;
02/03/2020;10:59:00;231;sem vítima;577,6;BR-153/GO;Norte;Saida de Pista;1;;;;;1;;;;;2;;;;
02/03/2020;11:07:00;238;com vítima;388;BR-262/MG;Oeste;Choque - Elemento de Drenagem;1;;;;;;;;;;0;1;;;
02/03/2020;12:00:00;270;sem vítima;381,4;BR-262/MG;Leste;Saida de Pista;1;;;;;;;;;;1;;;;
02/03/2020;12:03:00;273;sem vítima;4;BR-060/GO;Sul;Choque - Defensa;1;;;;;;;;;;4;;;;
02/03/2020;12:42:00;282;com vítima;368,3;BR-262/MG;Leste;Saida de Pista;1;;;;;;;;;;0;1;;;
02/03/2020;13:06:00;289;sem vítima;591,5;BR-262/MG;Oeste;Choque- Placa/Suporte Sinalização;1;;;;;;;;;;1;;;;
02/03/2020;14:32:00;322;sem vítima;368,3;BR-262/MG;Leste;Choque - Defensa;1;;;;;;;;;;1;;;;
02/03/2020;14:37:00;325;sem vítima;380,6;BR-262/MG;Leste;Capotamento;1;;;;;;;;;;1;;;;
02/03/2020;14:00:00;348;sem vítima;369,5;BR-262/MG;Leste;Saida de Pista;1;;;;;;;;;;1;;;;
02/03/2020;16:17:00;366;sem vítima;380,6;BR-262/MG;Oeste;Saida de Pista;;;1;;;;;;;;1;;;;
02/03/2020;16:51:00;386;sem vítima;95;BR-060/GO;Norte;Colisão Traseira;2;;1;;;;;;;;10;;;;
02/03/2020;17:41:00;399;com vítima;573;BR-262/MG;Oeste;Colisão Lateral;;;1;;;;;;;1;1;1;;;
02/03/2020;17:50:00;406;sem vítima;368;BR-262/MG;Leste;Capotamento;1;;;;;;;;;;1;;;;
02/03/2020;18:01:00;417;com vítima;9,615;BR-060/DF;Sul;Choque - Defensa;1;;;;;;;;;;0;1;;;
02/03/2020;18:35:00;426;com vítima;514,2;BR-153/GO;Norte;Queda de Moto;;;;1;;;;;;;0;;1;;
02/03/2020;18:54:00;434;com vítima;52,8;BR-153/MG;Sul;Saida de Pista;1;;;;;1;;;;;1;2;;;
02/03/2020;20:36:00;479;com vítima;65,671;BR-060/GO;Norte;Colisão Lateral;2;;;;;;;;;;0;1;;1;2
03/03/2020;05:50:00;91;sem vítima;123,8;BR-060/GO;Sul;Choque - Arvore;;;1;;;;;;;;1;;;;
03/03/2020;06:31:00;99;com vítima;846,5;BR-262/MG;Leste;Capotamento;1;;;;;;;;;1;1;3;;;
03/03/2020;06:40:00;103;sem vítima;124,174;BR-060/GO;Sul;Colisão Traseira;2;;;;;;;;;;2;;;;
03/03/2020;07:41:00;137;sem vítima;4,294;BR-060/DF;Norte;Engavetamento;1;;;2;;;;;;;3;;;;
03/03/2020;07:48:00;139;sem vítima;501;BR-153/GO;Norte;Colisão Lateral;1;;;1;;;;;;;2;;;;
03/03/2020;07:55:00;146;com vítima;500,5;BR-153/GO;Sul;Queda de Moto;;;;1;;;;;;;0;1;;;
03/03/2020;08:56:00;199;sem vítima;630;BR-262/MG;Oeste;Saida de Pista;;;1;;;;;;;;1;;;;
03/03/2020;10:53:00;323;com vítima;400,5;BR-262/MG;Leste;Capotamento;1;;;;;;;;;;0;3;;;
03/03/2020;11:43:00;381;com vítima;500,4;BR-153/GO;Sul;Colisão Lateral;1;;;1;;;;;;;2;;1;;
03/03/2020;11:59:00;394;sem vítima;4;BR-060/DF;Norte;Colisão Traseira;2;;;;;;;;;;2;;;;
03/03/2020;12:48:00;454;sem vítima;367;BR-262/MG;Oeste;Colisão Traseira;2;;;;;;;;;;2;;;;
03/03/2020;13:20:00;502;sem vítima;779,6;BR-262/MG;Oeste;Capotamento;1;;;;;;;;;;2;;;;
03/03/2020;13:29:00;509;sem vítima;431;BR-262/MG;Oeste;Capotamento;;;;;;;;;;1;2;;;;
03/03/2020;13:42:00;515;sem vítima;372;BR-262/MG;Leste;Capotamento;1;;;;;;;;;;1;;;;
03/03/2020;14:40:00;546;sem vítima;0,9;BR-153/MG;Sul;Choque- Poste/Equipamento;;;1;;;;;;;;1;;;;
03/03/2020;14:59:00;559;sem vítima;115,821;BR-060/GO;Norte;Saida de Pista;1;;;;;;;;;;3;;;;
03/03/2020;15:00:00;560;com vítima;6,2;BR-060/GO;Sul;Capotamento;1;;;;;;;;;;0;;1;;
03/03/2020;15:04:00;562;sem vítima;402;BR-262/MG;Leste;Choque - Elemento de Drenagem;1;;;;;;;;;;1;;;;
03/03/2020;15:54:00;602;sem vítima;40,855;BR-060/GO;Norte;Saida de Pista;1;;;;;;;;;;5;;;;
03/03/2020;18:12:00;680;sem vítima;138;BR-060/GO;Norte;Colisão Lateral;1;;;1;;;;;;;2;;;;
03/03/2020;18:16:00;687;com vítima;380;BR-262/MG;Leste;Capotamento;1;;;;;;;;;;0;1;1;;
03/03/2020;18:21:00;693;sem vítima;116,91;BR-060/GO;Sul;Queda de Moto;;;;1;;;;;;;1;;;;
03/03/2020;19:22:00;724;sem vítima;697;BR-262/MG;Leste;Colisão Traseira;1;;1;;;;;;;;2;;;;
03/03/2020;20:02:00;739;sem vítima;106;BR-060/GO;Norte;Choque - Defensa;1;;;;;;;;;;1;;;;
03/03/2020;21:24:00;772;sem vítima;607,007;BR-262/MG;Oeste;Saida de Pista;1;;;;;;;;;;1;;;;
03/03/2020;22:14:00;782;sem vítima;630;BR-153/GO;Norte;Choque - Objeto sobre a pista;1;;;;;;;;;;1;;;;
03/03/2020;23:07:00;812;com vítima;562;BR-262/MG;Leste;Saida de Pista;;;1;;;;;;;;0;1;;;
04/03/2020;04:57:00;76;sem vítima;833;BR-262/MG;Oeste;Atropelamento de Animal;;;1;;;;;;;;1;;;;
04/03/2020;06:55:00;108;com vítima;92;BR-060/GO;Sul;Atropelamento de Animal;;;;1;;;;;;;0;1;;;
04/03/2020;07:54:00;137;sem vítima;505,5;BR-153/GO;Norte;Queda de Moto;;;;1;;;;;;;2;;;;
04/03/2020;13:16:00;394;sem vítima;802;BR-262/MG;Oeste;Saida de Pista;1;;;;;;;;;;1;;;;
04/03/2020;13:36:00;410;com vítima;622,735;BR-153/GO;Sul;Capotamento;;;1;;;;;;;;0;;;;1
04/03/2020;15:53:00;495;sem vítima;507,583;BR-153/GO;Norte;Engavetamento;3;;;;;;;;;;4;;;;
04/03/2020;16:40:00;514;sem vítima;508;BR-153/GO;Norte;Colisão Traseira;;;1;;;;;;;1;2;;;;
04/03/2020;17:00:00;523;com vítima;493;BR-153/GO;Sul;Queda de Ciclista;;;;1;;;;;;;0;;1;;
04/03/2020;18:32:00;562;sem vítima;505;BR-153/GO;Norte;Colisão Traseira;2;;;;;;;;;;2;;;;
04/03/2020;19:05:00;577;com vítima;504,7;BR-153/GO;Norte;Colisão Lateral;1;;;1;;;;;;;1;;1;;
04/03/2020;19:36:00;601;com vítima;529;BR-153/GO;Norte;Atropelamento - Andarilho;;;;1;;;;;;;0;;;1;1
04/03/2020;23:23:00;668;sem vítima;517,9;BR-153/GO;Sul;Capotamento;1;;;;;;;;;;1;;;;
05/03/2020;01:01:00;19;sem vítima;510,2;BR-153/GO;Norte;Queda de Moto;;;;1;;;;;;;1;;;;
05/03/2020;04:19:00;65;sem vítima;486;BR-262/MG;Leste;Tombamento;;;1;;;;;;;;1;;;;
05/03/2020;04:30:00;69;com vítima;416,15;BR-262/MG;Oeste;Saida de Pista;;;1;;;;;;;;0;1;;;
05/03/2020;04:45:00;70;sem vítima;81,9;BR-153/MG;Norte;Atropelamento de Animal;1;;;;;;;;;;1;;;;
05/03/2020;07:01:00;103;sem vítima;524,125;BR-262/MG;Leste;Colisão Traseira;;;2;;;;;;;;2;;;;
05/03/2020;07:20:00;117;com vítima;445,2;BR-262/MG;Leste;Atropelamento - Morador;;;;1;;;;;;;0;1;1;;
05/03/2020;07:34:00;129;com vítima;498,2;BR-153/GO;Sul;Queda de Moto;;;;1;;;;;;;0;1;;;
05/03/2020;13:44:00;359;sem vítima;547;BR-262/MG;Leste;Choque - Barreira;;;1;;;;;;;;1;;;;
05/03/2020;14:16:00;373;com vítima;137,6;BR-060/GO;Sul;Colisão Traseira;;1;;;;1;;;;;1;1;;;
05/03/2020;14:39:00;383;sem vítima;535;BR-262/MG;Leste;Saida de Pista;;;1;;;;;;;;1;;;;
05/03/2020;17:06:00;438;sem vítima;69,7;BR-153/MG;Sul;Tombamento;;;1;;;;;;;;1;;;;
05/03/2020;18:09:00;459;sem vítima;523,7;BR-153/GO;Sul;Choque - Elemento de Drenagem;1;;;;;;;;;;4;;;;
05/03/2020;18:10:00;460;com vítima;590,948;BR-153/GO;Sul;Capotamento;;;;;;;;;;1;0;2;;;
05/03/2020;18:13:00;463;sem vítima;505,747;BR-153/GO;Sul;Engavetamento;4;;;;;;;;;;5;;;;
05/03/2020;18:27:00;475;com vítima;530,96;BR-153/GO;Norte;Queda de Ciclista;;;;1;;;;;;;0;1;;;
05/03/2020;19:07:00;496;sem vítima;702;BR-153/GO;Norte;Saida de Pista;1;;;;;;;;;;3;;;;
05/03/2020;19:08:00;497;sem vítima;534,29;BR-153/GO;Sul;Carreta deu L;;;1;;;;;;;;1;;;;
05/03/2020;19:49:00;520;com vítima;155;BR-153/MG;Norte;Colisão Traseira;1;;2;;;;;;;;1;2;;;
05/03/2020;23:32:00;579;sem vítima;2,967;BR-060/GO;Norte;Colisão Traseira;;;2;;;;;;;;2;;;;
05/03/2020;23:34:00;580;sem vítima;111,183;BR-060/GO;Sul;Atropelamento de Animal;1;;;;;;;;;;1;;;;
06/03/2020;04:56:00;80;com vítima;764,25;BR-262/MG;Oeste;Tombamento;;;1;;;;;;;;0;1;;;
06/03/2020;06:25:00;99;sem vítima;11,5;BR-060/GO;Norte;Choque - Elemento de Drenagem;;;;;;;;;;1;1;;;;
06/03/2020;07:05:00;114;com vítima;0;BR-060/DF;Norte;Colisão Traseira;1;;;1;;;;;;;1;1;;;
06/03/2020;07:50:00;134;sem vítima;502;BR-153/GO;Norte;Engavetamento;3;;;1;;;;;;;5;;;;
06/03/2020;07:52:00;136;sem vítima;134;BR-153/MG;Norte;Engavetamento;;;3;;;;;;;;3;;;;
06/03/2020;08:09:00;143;sem vítima;502;BR-153/GO;Norte;Colisão Traseira;1;;1;;;;;;;;3;;;;
06/03/2020;08:13:00;147;com vítima;29;BR-060/DF;Norte;Capotamento;;;;;;;;;;1;1;1;;;
06/03/2020;08:26:00;156;sem vítima;5;BR-060/DF;Norte;Colisão Traseira;1;;;;;;;;;1;2;;;;
06/03/2020;08:49:00;166;sem vítima;501;BR-153/GO;Norte;Engavetamento;1;;2;;;;;;;;3;;;;
06/03/2020;12:23:00;277;sem vítima;83;BR-060/GO;Sul;Saida de Pista;1;;;;;;;;;;2;;;;
06/03/2020;13:24:00;297;com vítima;675,95;BR-153/GO;Sul;Capotamento;1;;;;;;;;;;1;2;;;
06/03/2020;13:55:00;311;sem vítima;70,8;BR-060/GO;Sul;Saida de Pista;1;;;;;;;;;;1;;;;
06/03/2020;15:08:00;349;sem vítima;490,128;BR-153/GO;Sul;Colisão Lateral;2;;;;;;;;;;4;;;;
06/03/2020;15:10:00;351;com vítima;643;BR-153/GO;Norte;Capotamento;1;;;;;;;;;;0;3;;;
06/03/2020;16:06:00;375;com vítima;486,125;BR-262/MG;Leste;Colisão Traseira;2;;;;;;;;;;2;2;;;
06/03/2020;16:40:00;399;sem vítima;107;BR-060/GO;Norte;Colisão Lateral;1;;;;;;;;;1;2;;;;
06/03/2020;16:49:00;403;sem vítima;506;BR-153/GO;Sul;Carreta deu L;;;1;;;;;;;;1;;;;
06/03/2020;17:13:00;415;sem vítima;585,75;BR-262/MG;Leste;Capotamento;1;;;;;;;;;;1;;;;
06/03/2020;17:16:00;416;sem vítima;506;BR-153/GO;Norte;Colisão Traseira;2;;;;;;;;;;3;;;;
06/03/2020;17:38:00;428;com vítima;505,334;BR-153/GO;Sul;Colisão Lateral;1;;;1;;;;;;;1;1;;;
06/03/2020;17:46:00;432;sem vítima;80;BR-060/GO;Norte;Saida de Pista;1;;;;;;;;;;2;;;;
06/03/2020;18:05:00;437;sem vítima;380;BR-262/MG;Oeste;Capotamento;1;;;;;;;;;;4;;;;
06/03/2020;18:07:00;439;sem vítima;104,353;BR-060/GO;Norte;Saida de Pista;;;1;;;;;;;;1;;;;
06/03/2020;18:53:00;473;sem vítima;504,275;BR-153/GO;Norte;Colisão Traseira;1;;1;;;;;;;;2;;;;
06/03/2020;21:34:00;530;sem vítima;391;BR-262/MG;Leste;Capotamento;1;;;;;;;;;;1;;;;
06/03/2020;22:53:00;552;sem vítima;440;BR-262/MG;Leste;Colisão Traseira;2;;;;;1;;;;;5;;;;
07/03/2020;02:17:00;63;com vítima;506,345;BR-153/GO;Norte;Capotamento;2;;;;;;;;;;2;1;;;
07/03/2020;10:26:00;229;com vítima;375;BR-262/MG;Leste;Queda em Ribanceira;1;;;;;;;;;;1;1;2;;
07/03/2020;11:26:00;264;com vítima;613,675;BR-153/GO;Sul;Capotamento;;;;;;;;;;1;0;1;;;
07/03/2020;16:19:00;405;sem vítima;115;BR-060/GO;Norte;Colisão Lateral;;;1;;;;;;;1;3;;;;
07/03/2020;17:41:00;447;sem vítima;135,5;BR-153/MG;Sul;Colisão Lateral;;;2;;;;;;;;2;;;;
07/03/2020;17:49:00;449;com vítima;24,537;BR-060/DF;Norte;Queda de Moto;;;;1;;;;;;;0;1;;;
07/03/2020;20:28:00;513;sem vítima;108,7;BR-060/GO;Sul;Saida de Pista;1;;;;;;;;;;2;;;;
07/03/2020;22:59:00;577;com vítima;696;BR-262/MG;Leste;Colisão Frontal;1;;1;;;;;;;;0;1;;;1
08/03/2020;04:16:00;58;sem vítima;375;BR-262/MG;Leste;Choque - Talude;1;;;;;;;;;;1;;;;
08/03/2020;05:56:00;71;com vítima;654,179;BR-153/GO;Sul;Tombamento;;;1;;;;;;;;0;1;;;
08/03/2020;18:39:00;446;sem vítima;494;BR-153/GO;Sul;Engavetamento;3;;;;;;;;;;8;;;;
08/03/2020;19:14:00;458;sem vítima;84,482;BR-060/GO;Sul;Saida de Pista;1;;;;;;;;;;4;;;;
08/03/2020;19:15:00;460;sem vítima;805;BR-262/MG;Leste;Colisão Traseira;2;;;;;;;;;;6;;;;
08/03/2020;21:55:00;536;sem vítima;244;BR-153/MG;Norte;Colisão Traseira;1;;;;;1;;;;;2;;;;
08/03/2020;23:00:00;551;com vítima;97;BR-060/GO;Sul;Atropelamento - Usuário;2;;;;;;;;;;2;;1;;
09/03/2020;00:12:00;7;com vítima;679;BR-262/MG;Oeste;Tombamento;;;1;;;;;;;;0;1;;;
09/03/2020;00:37:00;10;sem vítima;398;BR-262/MG;Oeste;Capotamento;1;;;;;;;;;;1;;;;
09/03/2020;01:12:00;18;sem vítima;6,4;BR-153/MG;Norte;Tombamento;;;1;;;;;;;;1;;;;
09/03/2020;07:16:00;81;sem vítima;228,326;BR-153/MG;Sul;Colisão Lateral;2;;;;;;;;;;5;;;;
09/03/2020;07:36:00;89;sem vítima;369;BR-262/MG;Oeste;Tombamento;;;1;;;;;;;;1;;;;
09/03/2020;08:10:00;105;sem vítima;31,8;BR-060/GO;Sul;Colisão Traseira;1;;;1;;;;;;;2;;;;
09/03/2020;10:36:00;236;sem vítima;490;BR-153/GO;Sul;Colisão Lateral;1;;1;;;;;;;;2;;;;
09/03/2020;13:17:00;321;sem vítima;33,5;BR-153/MG;Norte;Saida de Pista;1;;;;;;;;;;1;;;;
09/03/2020;13:30:00;339;sem vítima;446;BR-262/MG;Oeste;Choque - Talude;1;;;;;1;;;;;2;;;;
09/03/2020;17:37:00;456;com vítima;500;BR-153/GO;Sul;Engavetamento;3;;;;;;;;;;2;1;;;
09/03/2020;18:33:00;484;sem vítima;0;BR-060/DF;Sul;Queda de Ciclista;1;;;1;;;;;;;3;;;;
09/03/2020;18:54:00;492;sem vítima;94,181;BR-153/MG;Norte;Tombamento;;;1;;;;;;;;1;;;;
09/03/2020;19:14:00;507;sem vítima;496;BR-153/GO;Sul;Colisão Traseira;1;;1;;;;;;;;2;;;;
09/03/2020;19:32:00;515;sem vítima;633;BR-153/GO;Norte;Atropelamento de Animal;1;;;;;;;;;;1;;;;
09/03/2020;20:09:00;531;com vítima;245;BR-153/MG;Norte;Colisão Lateral;2;;;;;;;;;;3;1;;;
09/03/2020;21:07:00;556;sem vítima;239,573;BR-153/MG;Sul;Atropelamento de Animal;;;;1;;;;;;;1;;;;
09/03/2020;21:10:00;559;sem vítima;17,1;BR-153/MG;Norte;Colisão Frontal;;;;1;;;;;;1;4;;;;
10/03/2020;07:20:00;116;sem vítima;66,4;BR-060/GO;Norte;Colisão Traseira;1;;1;;;;;;;;2;;;;
10/03/2020;07:46:00;130;sem vítima;495;BR-153/GO;Sul;Colisão Traseira;1;;;1;;;;;;;2;;;;
10/03/2020;08:05:00;142;sem vítima;495,616;BR-153/GO;Sul;Engavetamento;3;;;;;;;;;;3;;;;
10/03/2020;08:08:00;143;sem vítima;501,096;BR-153/GO;Sul;Engavetamento;3;;;;;;;;;;4;;;;
10/03/2020;08:16:00;145;com vítima;81,602;BR-060/GO;Sul;Queda de Moto;;;;1;;;;;;;0;2;;;
10/03/2020;09:09:00;175;com vítima;2;BR-060/DF;Sul;Colisão Traseira;1;;;1;;;;;;;1;1;;;
10/03/2020;10:05:00;208;com vítima;651,85;BR-262/MG;Leste;Saida de Pista;1;;;;;1;;;;;1;1;;;
10/03/2020;14:50:00;299;com vítima;502,87;BR-153/GO;Sul;Colisão Traseira;1;;;1;;;;;;;1;1;;;
10/03/2020;16:14:00;337;sem vítima;0,05;BR-153/MG;Norte;Colisão Transversal;1;;1;;;;;;;;2;;;;
10/03/2020;17:08:00;358;com vítima;101,312;BR-060/GO;Norte;Queda de Moto;;;;1;;;;;;;0;1;;;