data;horario;n_da_ocorrencia;tipo_de_ocorrencia;km;trecho;sentido;tipo_de_acidente;automovel;bicicleta;caminhao;moto;onibus;outros;tracao_animal;transporte_de_cargas_especiais;trator_maquinas;utilitarios;ilesos;levemente_feridos;moderadamente_feridos;gravemente_feridos;mortos
10/03/2020;17:17:00;367;com vítima;498,122;BR-153/GO;Sul;Colisão Traseira;1;;;1;;;;;;;2;1;;;
10/03/2020;18:38:00;403;com vítima;148,5;BR-153/MG;Norte;Tombamento;;;1;;;;;;;;0;1;;;
10/03/2020;18:38:00;404;com vítima;478;BR-262/MG;Leste;Colisão Lateral;1;;;1;;;;;;;2;1;;;
10/03/2020;23:05:00;496;sem vítima;101,079;BR-060/GO;Norte;Choque - Arvore;1;;;;;;;;;;1;;;;
11/03/2020;01:06:00;20;sem vítima;506;BR-153/GO;Sul;Colisão Traseira;2;;;;;;;;;;2;;;;
11/03/2020;06:22:00;80;com vítima;364,2;BR-262/MG;Leste;Colisão Traseira;;;1;;;;;;;1;1;1;;;
11/03/2020;06:28:00;86;sem vítima;177;BR-153/MG;Norte;Atropelamento de Animal;1;;;;;;;;;;1;;;;
11/03/2020;07:34:00;129;com vítima;506;BR-153/GO;Norte;Colisão Lateral;1;;;1;;;;;;;1;1;;;
11/03/2020;13:34:00;415;sem vítima;92;BR-060/GO;Sul;Colisão Lateral;1;;;1;;;;;;;2;;;;
11/03/2020;13:47:00;421;sem vítima;87,7;BR-060/GO;Norte;Capotamento;;;;;;;;;;1;1;;;;
11/03/2020;19:44:00;623;sem vítima;118;BR-060/GO;Norte;Colisão Lateral;;;2;;;;;;;;2;;;;
11/03/2020;21:34:00;660;com vítima;363;BR-262/MG;Oeste;Colisão Traseira;2;;;;;;;;;;2;1;;;
12/03/2020;00:21:00;9;sem vítima;583;BR-153/GO;Norte;Queda de Moto;;;;1;;;;;;;2;;;;
12/03/2020;05:18:00;63;sem vítima;57,17;BR-060/GO;Sul;Choque - Elemento de Drenagem;;;;;;;;;;1;2;;;;
12/03/2020;06:28:00;80;com vítima;16,683;BR-060/GO;Norte;Colisão Lateral;;;1;1;;;;;;;1;1;;;
12/03/2020;07:37:00;129;sem vítima;502,1;BR-153/GO;Norte;Engavetamento;4;;;;;;;;;;4;;;;
12/03/2020;08:09:00;159;sem vítima;598,459;BR-153/GO;Norte;Saida de Pista;1;;;;;;;;;;2;;;;
12/03/2020;08:41:00;192;sem vítima;561,3;BR-262/MG;Leste;Tombamento;;;1;;;;;;;;1;;;;
12/03/2020;15:24:00;453;sem vítima;49,487;BR-060/GO;Sul;Saida de Pista;;;;;;;;;;1;2;;;;
12/03/2020;18:41:00;562;sem vítima;503,2;BR-153/GO;Norte;Colisão Traseira;1;;;;;1;;;;;2;;;;
12/03/2020;20:19:00;607;com vítima;596,596;BR-153/GO;Norte;Capotamento;1;;;;;;;;;;0;1;;;
13/03/2020;05:34:00;55;com vítima;358;BR-262/MG;Leste;Atropelamento de Animal;;;;1;;;;;;1;1;1;;;
13/03/2020;05:45:00;58;sem vítima;79,95;BR-060/GO;Sul;Choque - Elemento de Drenagem;1;;;;;;;;;;1;;;;
13/03/2020;08:53:00;135;com vítima;18,212;BR-060/DF;Norte;Capotamento;1;;;;;;;;;;1;1;;;
13/03/2020;10:04:00;182;com vítima;502,8;BR-153/GO;Sul;Colisão Traseira;1;;;1;;;;;;;1;1;;;
13/03/2020;12:23:00;248;sem vítima;506,88;BR-153/GO;Norte;Choque - Barreira;1;;;;;1;;;;;2;;;;
13/03/2020;14:25:00;315;com vítima;12,935;BR-060/GO;Sul;Tombamento;;;1;;;;;;;;0;1;;;
13/03/2020;14:46:00;325;sem vítima;541,2;BR-153/GO;Sul;Capotamento;;;;;;;;;;1;2;;;;
13/03/2020;14:52:00;332;sem vítima;541,118;BR-153/GO;Sul;Choque - Barreira;;;1;;;;;;;;1;;;;
13/03/2020;16:41:00;393;sem vítima;46;BR-153/MG;Norte;Tombamento;1;;1;;;;;;;;2;;;;
13/03/2020;17:32:00;412;sem vítima;63,602;BR-060/GO;Sul;Choque - Arvore;1;;;;;;;;;;1;;;;
13/03/2020;17:42:00;420;com vítima;59,528;BR-060/GO;Norte;Queda de Moto;;;;1;;;;;;;0;;;1;
13/03/2020;17:53:00;426;com vítima;448;BR-262/MG;Oeste;Colisão Traseira;1;;;1;;;;;;;2;;;1;
13/03/2020;18:18:00;435;com vítima;501;BR-153/GO;Norte;Colisão Traseira;;;;;1;;;;;;1;1;;;
13/03/2020;18:40:00;441;sem vítima;411;BR-262/MG;Oeste;Tombamento;1;;1;;;;;;;;3;;;;
13/03/2020;18:54:00;448;sem vítima;694;BR-153/GO;Norte;Colisão Frontal;2;;;;;;;;;;2;;;;
13/03/2020;19:58:00;468;sem vítima;499,9;BR-153/GO;Sul;Carreta deu L;;;1;;;;;;;;1;;;;
14/03/2020;02:45:00;40;sem vítima;468;BR-262/MG;Leste;Atropelamento de Animal;1;;;;;;;;;;5;;;;
14/03/2020;06:04:00;66;sem vítima;137,215;BR-060/GO;Sul;Queda de Moto;;;;1;;;;;;;1;;;;
14/03/2020;06:04:00;67;com vítima;137,112;BR-060/GO;Sul;Queda de Moto;;;;1;;;;;;;0;1;;;
14/03/2020;08:08:00;113;com vítima;584,45;BR-153/GO;Sul;Queda de Moto;;;;1;;;;;;;0;1;;;
14/03/2020;09:57:00;178;sem vítima;496,161;BR-153/GO;Sul;Colisão Lateral;1;;1;;;;;;;;2;;;;
14/03/2020;13:24:00;264;com vítima;417;BR-262/MG;Oeste;Colisão Transversal;2;;;;;;;;;;2;1;;;
14/03/2020;17:45:00;383;sem vítima;47,1;BR-153/MG;Sul;Colisão Traseira;;;2;;;;;;;;2;;;;
14/03/2020;20:06:00;428;com vítima;376;BR-262/MG;Oeste;Atropelamento - Morador;1;;;;;;;;;;2;;;1;
14/03/2020;20:20:00;432;sem vítima;783;BR-262/MG;Leste;Queda de Moto;;;;1;;1;;;;;3;;;;
14/03/2020;23:37:00;490;sem vítima;18,304;BR-060/DF;Sul;Colisão Traseira;1;;;1;;;;;;;3;;;;
15/03/2020;04:55:00;62;sem vítima;108,113;BR-060/GO;Norte;Colisão Traseira;1;;;;;1;;;;;2;;;;
15/03/2020;09:31:00;157;com vítima;437,4;BR-262/MG;Oeste;Colisão Traseira;1;;;1;;;;;;;1;1;1;;
15/03/2020;12:43:00;245;com vítima;492;BR-153/GO;Sul;Choque - Defensa;;;;1;;;;;;;0;2;;;
15/03/2020;13:04:00;258;com vítima;441;BR-262/MG;Leste;Queda de Moto;;;;1;;;;;;;0;1;;;
15/03/2020;14:31:00;300;sem vítima;370;BR-262/MG;Leste;Colisão Traseira;1;;1;;;;;;;;2;;;;
15/03/2020;15:42:00;327;sem vítima;103;BR-153/MG;Sul;Colisão Traseira;;;2;;;;;;;;2;;;;
15/03/2020;23:11:00;496;sem vítima;210;BR-153/MG;Norte;Saida de Pista;1;;;;;;;;;;2;;;;
16/03/2020;03:35:00;55;com vítima;182;BR-153/MG;Sul;Saida de Pista;;;;;;;;;;1;0;1;;;
16/03/2020;04:15:00;60;com vítima;356;BR-262/MG;Leste;Choque - Talude;1;;;;;;;;;;0;1;;;
16/03/2020;04:54:00;66;sem vítima;522,579;BR-153/GO;Norte;Choque - Elemento de Drenagem;;;1;;;;;;;;1;;;;
16/03/2020;05:26:00;70;com vítima;113,614;BR-060/GO;Norte;Colisão Traseira;;;1;;;;;;;1;3;;;1;
16/03/2020;07:35:00;115;sem vítima;834,5;BR-262/MG;Leste;Atropelamento de Animal;1;;;;;;;;;;1;;;;
16/03/2020;12:46:00;308;com vítima;410;BR-262/MG;Oeste;Queda de Moto;;;;1;;1;;;;;1;;1;;
16/03/2020;12:53:00;309;sem vítima;55;BR-153/MG;Sul;Choque - Elemento de Drenagem;1;;;;;;;;;;2;;;;
16/03/2020;14:33:00;355;sem vítima;500,056;BR-153/GO;Sul;Colisão Traseira;1;;;1;;;;;;;2;;;;
16/03/2020;14:38:00;357;sem vítima;669;BR-262/MG;Oeste;Tombamento;;;1;;;;;;;;1;;;;
16/03/2020;16:36:00;410;sem vítima;608;BR-262/MG;Leste;Saida de Pista;;;;;;;;;;1;3;;;;
16/03/2020;16:52:00;419;com vítima;611;BR-262/MG;Oeste;Colisão Frontal;;;2;;;;;;;;0;2;;;
16/03/2020;20:10:00;503;sem vítima;3;BR-060/GO;Sul;Capotamento;1;;;;;;;;;;1;;;;
17/03/2020;00:48:00;12;sem vítima;588,4;BR-153/GO;Norte;Choque - Defensa;;;1;;;;;;;;1;;;;
17/03/2020;07:11:00;85;com vítima;101,599;BR-060/GO;Norte;Queda de Moto;;;;1;;;;;;;0;;2;;
17/03/2020;07:18:00;88;com vítima;459,455;BR-262/MG;Oeste;Colisão Traseira;1;;1;;;;;;;;3;1;2;;
17/03/2020;10:54:00;209;sem vítima;135,8;BR-060/GO;Norte;Capotamento;1;;;;;;;;;;1;;;;
17/03/2020;13:26:00;274;sem vítima;582,2;BR-262/MG;Oeste;Saida de Pista;;;1;;;;;;;;1;;;;
17/03/2020;14:19:00;298;sem vítima;14;BR-060/GO;Norte;Choque - Defensa;;;;;;;;;;1;1;;;;
17/03/2020;20:04:00;430;sem vítima;69;BR-060/GO;Norte;Tombamento;;;1;;;;;;;;1;;;;
17/03/2020;21:24:00;458;sem vítima;711;BR-262/MG;Oeste;Atropelamento de Animal;;;1;;;;;;;;1;;;;
17/03/2020;22:41:00;474;sem vítima;4,96;BR-153/MG;Sul;Colisão Traseira;;;2;;;;;;;;2;;;;
18/03/2020;00:20:00;4;sem vítima;367;BR-262/MG;Oeste;Colisão Traseira;1;;;;;;;;;1;3;;;;
18/03/2020;04:26:00;48;com vítima;407;BR-262/MG;Leste;Colisão Traseira;;;3;;;;;;;;2;1;;;
18/03/2020;08:10:00;122;sem vítima;628,5;BR-153/GO;Norte;Colisão Traseira;;;2;;;;;;;;2;;;;
18/03/2020;10:06:00;182;sem vítima;100,167;BR-060/GO;Norte;Colisão Traseira;2;;;;;;;;;;2;;;;
18/03/2020;11:36:00;224;sem vítima;145,51;BR-153/MG;Norte;Engavetamento;2;;2;;;;;;;;9;;;;
18/03/2020;11:50:00;231;sem vítima;783;BR-262/MG;Oeste;Colisão Traseira;;;2;;;;;;;;2;;;;
18/03/2020;13:40:00;279;com vítima;107;BR-060/GO;Norte;Colisão Transversal;1;;;;;;;;;1;3;1;;;
18/03/2020;15:09:00;319;sem vítima;97,021;BR-060/GO;Norte;Colisão Traseira;;;;;;;;;;2;5;;;;
18/03/2020;15:36:00;332;sem vítima;96,289;BR-060/GO;Sul;Colisão Traseira;;;1;;;;;;;1;5;;;;
18/03/2020;16:50:00;360;sem vítima;97,499;BR-060/GO;Sul;Colisão Lateral;1;;1;;;;;;;;6;;;;
18/03/2020;19:02:00;417;com vítima;801;BR-262/MG;Leste;Atropelamento de Animal;1;;;;;;;;;;1;;1;;
18/03/2020;20:26:00;439;sem vítima;172;BR-153/MG;Sul;Objeto lançado contra veículo;1;;;;;;;;;;1;;;;
18/03/2020;20:47:00;446;com vítima;368;BR-262/MG;Oeste;Atropelamento - Morador;;;1;;;;;;;;1;;;;1
19/03/2020;02:04:00;18;sem vítima;136,6;BR-060/GO;Sul;Saida de Pista;1;;;;;;;;;;1;;;;
19/03/2020;05:49:00;50;sem vítima;507,938;BR-153/GO;Norte;Colisão Traseira;1;;1;;;1;;;;;4;;;;
19/03/2020;07:38:00;100;sem vítima;66;BR-153/MG;Norte;Colisão Traseira;;;2;;;;;;;;2;;;;
19/03/2020;11:23:00;229;com vítima;546;BR-262/MG;Leste;Tombamento;;;1;;;;;;;;2;1;;;
19/03/2020;12:15:00;253;com vítima;516;BR-262/MG;Oeste;Colisão Lateral;2;;;;;;;;;;1;1;;;
19/03/2020;12:40:00;264;sem vítima;21;BR-060/GO;Norte;Saida de Pista;1;;;;;;;;;;2;;;;
19/03/2020;12:45:00;266;sem vítima;59;BR-060/GO;Norte;Capotamento;1;;;;;;;;;;1;;;;
19/03/2020;14:27:00;319;com vítima;195;BR-153/MG;Sul;Choque - Objeto não identificado;;;1;;;;;;;;1;;;;1
19/03/2020;14:47:00;329;com vítima;64,65;BR-060/GO;Norte;Tombamento;1;;;;;;;;;;0;1;;;
19/03/2020;15:27:00;346;sem vítima;123;BR-060/GO;Norte;Tombamento;;;1;;;;;;;;1;;;;
19/03/2020;16:57:00;373;sem vítima;507;BR-153/GO;Sul;Colisão Transversal;1;;1;;;;;;;;4;;;;
19/03/2020;17:21:00;382;com vítima;104;BR-060/GO;Sul;Colisão Lateral;1;;1;;;;;;;;1;;1;;
19/03/2020;17:57:00;392;sem vítima;104;BR-060/GO;Norte;Tombamento;;;;;;;;;;1;1;;;;
19/03/2020;20:02:00;439;sem vítima;29;BR-060/GO;Sul;Saida de Pista;1;;;;;;;;;;2;;;;
19/03/2020;20:57:00;466;sem vítima;17;BR-060/GO;Norte;Choque - Elemento de Drenagem;;;;;;;;;;1;1;;;;
19/03/2020;21:43:00;486;com vítima;81;BR-060/GO;Sul;Capotamento;1;;;;;;;;;;0;3;;;
20/03/2020;00:02:00;1;com vítima;244,4;BR-153/MG;Norte;Colisão Frontal;1;;1;;;;;;;;1;;;;1
20/03/2020;01:35:00;28;sem vítima;503,837;BR-153/GO;Norte;Tombamento;;;1;;;;;;;;1;;;;
20/03/2020;04:32:00;59;sem vítima;548,6;BR-262/MG;Oeste;Saida de Pista;1;;;;;;;;;;1;;;;
20/03/2020;06:05:00;70;sem vítima;570,4;BR-153/GO;Sul;Capotamento;;;;;1;;;;;;1;;;;
20/03/2020;06:17:00;72;com vítima;490,8;BR-262/MG;Oeste;Colisão Lateral;;;2;;;;;;;;1;1;;;
20/03/2020;08:38:00;149;sem vítima;508;BR-153/GO;Norte;Colisão Traseira;2;;;;;;;;;;2;;;;
20/03/2020;10:36:00;232;sem vítima;606;BR-262/MG;Leste;Choque - Talude;1;;;;;;;;;;3;;;;
20/03/2020;11:33:00;261;com vítima;363;BR-262/MG;Leste;Queda de Ciclista;;1;;;;;;;;;0;;1;;
20/03/2020;12:33:00;278;com vítima;698;BR-153/GO;Sul;Queda de Moto;;;;1;;;;;;;0;1;;;
20/03/2020;12:42:00;281;sem vítima;47,5;BR-060/GO;Sul;Tombamento;1;;;;;;;;;;1;;;;
20/03/2020;13:24:00;298;com vítima;10,9;BR-153/MG;Norte;Capotamento;1;;;;;;;;;;0;1;;;
20/03/2020;13:43:00;305;sem vítima;435;BR-262/MG;Leste;Colisão Traseira;;;2;;;;;;;;2;;;;
20/03/2020;14:50:00;321;sem vítima;549;BR-262/MG;Oeste;Tombamento;;;1;;;;;;;;1;;;;
20/03/2020;14:52:00;324;com vítima;212,6;BR-153/MG;Sul;Capotamento;1;;;;;;;;;;0;1;;1;
20/03/2020;15:17:00;330;sem vítima;742,1;BR-262/MG;Leste;Capotamento;1;;;;;;;;;;1;;;;
20/03/2020;16:04:00;350;sem vítima;38,5;BR-060/GO;Sul;Choque - Elemento de Drenagem;1;;;;;;;;;;1;;;;
20/03/2020;16:26:00;359;sem vítima;606;BR-262/MG;Leste;Choque - Talude;1;;;;;;;;;;1;;;;
20/03/2020;17:04:00;373;sem vítima;493,5;BR-153/GO;Sul;Colisão Lateral;1;;;;1;;;;;;3;;;;
20/03/2020;17:17:00;377;com vítima;479;BR-262/MG;Leste;Colisão Frontal;1;;1;;;;;;;;1;;;;3
20/03/2020;18:29:00;408;sem vítima;87;BR-060/GO;Norte;Tombamento;1;;;;;1;;;;;3;;;;
20/03/2020;18:29:00;410;com vítima;804;BR-262/MG;Oeste;Colisão Lateral;1;;;1;;;;;;;1;1;;;
20/03/2020;18:44:00;416;sem vítima;786,5;BR-262/MG;Leste;Colisão Traseira;2;;;;;;;;;;4;;;;
20/03/2020;20:37:00;465;sem vítima;18;BR-153/MG;Norte;Tombamento;;;1;;;;;;;;1;;;;
20/03/2020;22:16:00;481;com vítima;611;BR-262/MG;Leste;Saida de Pista;;;1;;;;;;;;0;1;;;
20/03/2020;22:39:00;484;com vítima;607;BR-262/MG;Leste;Saida de Pista;1;;;;;;;;;;0;1;;;
20/03/2020;22:47:00;487;sem vítima;39,5;BR-060/GO;Sul;Saida de Pista;;;1;;;;;;;;1;;;;
20/03/2020;22:49:00;489;sem vítima;116,18;BR-060/GO;Sul;Capotamento;1;;;;;;;;;;5;;;;
20/03/2020;23:28:00;498;sem vítima;641,5;BR-153/GO;Norte;Colisão Traseira;;;2;;;;;;;;2;;;;
20/03/2020;23:30:00;499;sem vítima;73;BR-060/GO;Sul;Atropelamento de Animal;1;;;;;;;;;;2;;;;
21/03/2020;03:27:00;42;sem vítima;593;BR-262/MG;Leste;Saida de Pista;;;;;1;;;;;;1;;;;
21/03/2020;04:03:00;46;sem vítima;66;BR-153/MG;Sul;Capotamento;;;;;;;;;;1;5;;;;
21/03/2020;06:33:00;62;sem vítima;657,356;BR-153/GO;Sul;Saida de Pista;;;1;;;;;;;;1;;;;
21/03/2020;08:55:00;103;sem vítima;574,473;BR-262/MG;Oeste;Colisão Transversal;;;1;;;;;;;1;3;;;;
21/03/2020;12:17:00;169;sem vítima;886,921;BR-262/MG;Leste;Tombamento;;;1;;;;;;;;1;;;;
21/03/2020;13:15:00;181;sem vítima;722,23;BR-262/MG;Leste;Choque - Defensa;;;1;;;;;;;;1;;;;
21/03/2020;14:10:00;200;sem vítima;108,531;BR-060/GO;Sul;Saida de Pista;1;;;;;;;;;;2;;;;
21/03/2020;15:11:00;213;sem vítima;107;BR-060/GO;Sul;Choque - Talude;1;;;;;;;;;;2;;;;
21/03/2020;16:03:00;229;sem vítima;639,524;BR-153/GO;Norte;Choque - Elemento de Drenagem;;;;;;;;;;1;4;;;;
21/03/2020;17:14:00;245;sem vítima;588,55;BR-153/GO;Sul;Capotamento;1;;;;;;;;;;1;;;;
21/03/2020;18:01:00;263;sem vítima;111,229;BR-060/GO;Sul;Capotamento;1;;;;;;;;;;2;;;;
21/03/2020;20:02:00;306;com vítima;401;BR-262/MG;Oeste;Colisão Frontal;1;;;1;;;;;;;4;;;1;
21/03/2020;20:31:00;313;sem vítima;2,285;BR-060/DF;Sul;Capotamento;1;;;;;;;;;;4;;;;
22/03/2020;02:30:00;26;sem vítima;632;BR-262/MG;Oeste;Choque - Talude;;;;;;;;;;1;1;;;;
22/03/2020;08:31:00;107;sem vítima;587;BR-262/MG;Leste;Saida de Pista;;;1;;;;;;;;1;;;;
22/03/2020;09:16:00;144;com vítima;105,451;BR-060/GO;Norte;Capotamento;1;;;;;;;;;;0;1;;;
22/03/2020;11:48:00;211;com vítima;9;BR-153/MG;Norte;Capotamento;1;;;;;;;;;;0;;1;;
22/03/2020;14:05:00;247;sem vítima;362;BR-262/MG;Leste;Colisão Traseira;2;;;;;;;;;;2;;;;
22/03/2020;14:26:00;253;sem vítima;42;BR-153/MG;Sul;Saida de Pista;1;;;;;;;;;;1;;;;
22/03/2020;16:34:00;294;com vítima;895;BR-262/MG;Leste;Capotamento;1;;;;;;;;;;0;;;1;
22/03/2020;17:00:00;302;sem vítima;622;BR-262/MG;Oeste;Colisão Lateral;1;;1;;;;;;;;2;;;;
22/03/2020;21:31:00;366;sem vítima;626,006;BR-153/GO;Norte;Queda de Ciclista;;;;1;;;;;;;2;;;;
23/03/2020;06:58:00;83;sem vítima;573,5;BR-153/GO;Norte;Tombamento;;;1;;;;;;;;1;;;;
23/03/2020;10:35:00;218;sem vítima;188;BR-153/MG;Norte;Saida de Pista;1;;;;;;;;;;2;;;;
23/03/2020;11:04:00;237;com vítima;19,2;BR-153/MG;Norte;Choque - Outros;1;;;;;;;;;;0;;1;;
23/03/2020;13:32:00;294;sem vítima;476,4;BR-262/MG;Leste;Colisão Traseira;1;;1;;;;;;;;2;;;;
23/03/2020;15:33:00;343;sem vítima;83,863;BR-060/GO;Norte;Saida de Pista;1;;;;;;;;;;1;;;;
23/03/2020;15:36:00;345;sem vítima;113,255;BR-060/GO;Norte;Saida de Pista;1;;;;;;;;;;1;;;;
23/03/2020;16:56:00;375;sem vítima;119,436;BR-060/GO;Norte;Choque - Elemento de Drenagem;1;;;;;;;;;;1;;;;
23/03/2020;22:00:00;492;sem vítima;117;BR-060/GO;Norte;Queda de Moto;;;;1;;;;;;;1;;;;
24/03/2020;02:15:00;12;sem vítima;503;BR-153/GO;Norte;Choque - Defensa;1;;;;;;;;;;1;;;;
24/03/2020;06:57:00;66;sem vítima;91;BR-060/GO;Norte;Colisão Traseira;;;2;;;;;;;;2;;;;
24/03/2020;19:16:00;367;com vítima;115,649;BR-060/GO;Norte;Colisão Traseira;;;;1;;1;;;;;1;;1;;
25/03/2020;08:51:00;91;sem vítima;90,1;BR-060/GO;Norte;Queda de Moto;;;;1;;;;;;;1;;;;
25/03/2020;14:37:00;206;sem vítima;114,5;BR-060/GO;Norte;Choque - Arvore;1;;;;;;;;;;1;;;;
25/03/2020;16:23:00;251;sem vítima;582,221;BR-153/GO;Sul;Saida de Pista;1;;;;;;;;;;2;;;;
26/03/2020;06:36:00;44;sem vítima;587;BR-262/MG;Oeste;Saida de Pista;1;;;;;;;;;;1;;;;
26/03/2020;09:27:00;127;sem vítima;20;BR-060/GO;Norte;Tombamento;;;1;;;;;;;;1;;;;
26/03/2020;11:58:00;201;sem vítima;499,27;BR-153/GO;Norte;Carreta deu L;;;1;;;;;;;;1;;;;
26/03/2020;12:12:00;207;com vítima;499,39;BR-153/GO;Norte;Choque - Defensa;1;;;;;;;;;;2;1;;;
26/03/2020;12:42:00;214;sem vítima;93,645;BR-060/GO;Norte;Choque - Elemento de Drenagem;1;;;;;;;;;;1;;;;
26/03/2020;15:22:00;272;sem vítima;128,573;BR-060/GO;Sul;Choque - Elemento de Drenagem;;;1;;;;;;;;2;;;;
26/03/2020;18:26:00;339;sem vítima;34,3;BR-153/MG;Norte;Saida de Pista;;;1;;;;;;;;1;;;;
26/03/2020;23:42:00;406;sem vítima;414;BR-262/MG;Leste;Choque- Placa/Suporte Sinalização;1;;;;;;;;;;1;;;;
27/03/2020;05:06:00;22;com vítima;501;BR-153/GO;Sul;Choque - Elemento de Drenagem;1;;;;;;;;;;1;1;;;
27/03/2020;07:58:00;62;com vítima;356;BR-262/MG;Leste;Choque - Elemento de Drenagem;1;;;;;;;;;;0;1;;;
27/03/2020;08:20:00;78;sem vítima;385;BR-262/MG;Oeste;Tombamento;;;1;;;;;;;;1;;;;
27/03/2020;09:06:00;105;sem vítima;63;BR-153/MG;Norte;Tombamento;;;1;;;;;;;;1;;;;
27/03/2020;13:48:00;215;sem vítima;702;BR-153/GO;Sul;Colisão Traseira;1;;1;;;;;;;;2;;;;
27/03/2020;16:12:00;262;com vítima;570,338;BR-153/GO;Norte;Saida de Pista;;;1;;;;;;;;0;1;;;
27/03/2020;16:16:00;263;sem vítima;621,376;BR-153/GO;Norte;Saida de Pista;1;;;;;;;;;;1;;;;
27/03/2020;16:29:00;266;sem vítima;63;BR-060/GO;Sul;Choque- Placa/Suporte Sinalização;1;;;;;;;;;;1;;;;
27/03/2020;18:50:00;306;sem vítima;516;BR-153/GO;Norte;Atropelamento de Animal;1;;;;;;;;;;1;;;;
27/03/2020;19:13:00;315;com vítima;95;BR-060/GO;Sul;Colisão Transversal;1;;1;;;;;;;;1;1;;;
27/03/2020;19:15:00;318;com vítima;516;BR-153/GO;Sul;Colisão Traseira;;;;1;;1;;;;;1;1;;1;
27/03/2020;23:33:00;392;com vítima;516;BR-153/GO;Norte;Atropelamento - Morador/Trabalhador;;;;;;1;;;;;1;;1;;
28/03/2020;03:15:00;34;sem vítima;608;BR-262/MG;Leste;Capotamento;;;;;;;;;;1;1;;;;
28/03/2020;08:24:00;94;com vítima;607;BR-262/MG;Oeste;Capotamento;1;;;;;;;;;;0;1;1;;
28/03/2020;14:43:00;248;sem vítima;110;BR-060/GO;Sul;Choque - Elemento de Drenagem;1;;;;;;;;;;4;;;;
28/03/2020;16:20:00;276;com vítima;885,5;BR-262/MG;Oeste;Tombamento;;;1;;;;;;;;0;1;;;
28/03/2020;17:50:00;314;sem vítima;823,1;BR-262/MG;Oeste;Atropelamento - Ciclista;;1;;;;1;;;;;2;;;;
28/03/2020;23:39:00;409;com vítima;9,3;BR-060/DF;Norte;Colisão Lateral;1;;;1;;;;;;;2;1;;;
29/03/2020;05:52:00;27;sem vítima;414;BR-262/MG;Leste;Capotamento;1;;;;;1;;;;;4;;;;
29/03/2020;09:03:00;64;com vítima;49,608;BR-060/GO;Sul;Queda de Moto;;;;1;;;;;;;0;1;;;
29/03/2020;12:09:00;129;com vítima;509;BR-153/GO;Sul;Queda de Ciclista;;1;;;;;;;;;0;1;;;
29/03/2020;16:28:00;194;sem vítima;780,5;BR-262/MG;Leste;Choque - Talude;;;1;;;;;;;;1;;;;
29/03/2020;19:39:00;252;sem vítima;210;BR-153/MG;Sul;Saida de Pista;1;;;;;;;;;;2;;;;
29/03/2020;19:58:00;253;com vítima;93;BR-060/GO;Sul;Queda de Moto;;;;1;;;;;;;0;1;;1;
30/03/2020;03:53:00;24;com vítima;240;BR-153/MG;Norte;Atropelamento de Animal;;;1;;;;;;;;1;1;;;
30/03/2020;06:37:00;42;sem vítima;503,98;BR-153/GO;Sul;Choque- Placa/Suporte Sinalização;;;;;;1;;;;;1;;;;
30/03/2020;10:08:00;151;sem vítima;92;BR-060/GO;Norte;Choque - Elemento de Drenagem;1;;;;;;;;;;1;;;;
30/03/2020;12:15:00;206;sem vítima;28;BR-060/DF;Norte;Choque - Talude;1;;;;;;;;;;1;;;;
30/03/2020;14:18:00;237;sem vítima;12,4;BR-060/GO;Norte;Colisão Traseira;1;;1;;;;;;;;2;;;;
30/03/2020;15:00:00;253;com vítima;655,663;BR-153/GO;Norte;Choque - Elemento de Drenagem;;;1;;;;;;;;0;1;;;
30/03/2020;16:55:00;300;com vítima;810;BR-262/MG;Leste;Colisão Traseira;1;;;1;;;;;;;1;1;;;
30/03/2020;18:14:00;326;com vítima;476;BR-262/MG;Leste;Saida de Pista;;;2;;;;;;;;1;;;;2
30/03/2020;19:36:00;348;sem vítima;443;BR-262/MG;Leste;;1;;;1;;;;;;;2;;;;
30/03/2020;20:01:00;356;com vítima;607;BR-262/MG;Leste;Colisão Frontal;;;2;;;;;;;;1;1;;;
30/03/2020;22:24:00;386;sem vítima;577;BR-262/MG;Oeste;Saida de Pista;;;1;;;;;;;;1;;;;
31/03/2020;09:15:00;148;sem vítima;383;BR-262/MG;Oeste;Choque- Poste/Equipamento;1;;;;;;;;;;1;;;;
31/03/2020;09:21:00;153;sem vítima;615,487;BR-153/GO;Sul;Saida de Pista;;;1;;;;;;;;1;;;;
31/03/2020;10:06:00;188;com vítima;510,348;BR-153/GO;Norte;Queda de Moto;;;;1;;;;;;;0;2;;;
31/03/2020;11:13:00;222;com vítima;364;BR-262/MG;Leste;Queda de Moto;;;;1;;;;;;;0;;2;;
31/03/2020;15:32:00;309;com vítima;547,2;BR-262/MG;Leste;Tombamento;;;1;;;;;;;;0;1;;;
31/03/2020;19:39:00;389;com vítima;58;BR-153/MG;Norte;Colisão Traseira;;;2;;;;;;;;2;;1;;
31/03/2020;20:23:00;399;com vítima;493;BR-262/MG;Oeste;Colisão Frontal;2;;;;;;;;;;0;4;;1;
31/03/2020;21:57:00;422;sem vítima;494;BR-262/MG;Oeste;Colisão Traseira;;;2;;;;;;;;2;;;;
31/03/2020;22:36:00;439;sem vítima;670;BR-153/GO;Norte;Carreta deu L;;;1;;;;;;;;1;;;;
31/03/2020;23:32:00;450;sem vítima;104;BR-153/MG;Sul;Atropelamento de Animal;;;1;;;;;;;;1;;;;
01/05/2020;12:21:00;222;com vítima;105,144;BR-060/GO;Norte;Queda de Ciclista;;;;1;;;;;;;0;2;;;
01/05/2020;13:39:00;259;com vítima;135;BR-060/GO;Sul;Queda de Ciclista;;2;;;;;;;;;0;2;;;
01/05/2020;14:30:00;285;sem vítima;6,7;BR-060/GO;Sul;Choque - Defensa;1;;;;;;;;;;1;;;;