data;horario;n_da_ocorrencia;tipo_de_ocorrencia;km;trecho;sentido;tipo_de_acidente;automovel;bicicleta;caminhao;moto;onibus;outros;tracao_animal;transporte_de_cargas_especiais;trator_maquinas;utilitarios;ilesos;levemente_feridos;moderadamente_feridos;gravemente_feridos;mortos
01/05/2020;17:00:00;347;sem vítima;536,9;BR-262/MG;Leste;Choque - Barreira;1;;;;;;;;;;1;;;;
01/05/2020;19:38:00;396;sem vítima;14,818;BR-153/MG;Sul;Choque - Veiculo parado na pista;;;2;;;;;;;;2;;;;
01/05/2020;20:29:00;406;sem vítima;81;BR-060/GO;Sul;Saida de Pista;1;;;;;;;;;;1;;;;
02/05/2020;01:31:00;10;sem vítima;421;BR-262/MG;Oeste;Choque - Defensa;1;;;;;;;;;;1;;;;
02/05/2020;01:59:00;15;sem vítima;446;BR-262/MG;Leste;Choque - Defensa;1;;;;;;;;;;1;;;;
02/05/2020;05:06:00;30;sem vítima;508;BR-153/GO;Sul;Capotamento;1;;;;;;;;;;1;;;;
02/05/2020;07:23:00;49;com vítima;118;BR-060/GO;Sul;Queda de Moto;;;;1;;;;;;;0;1;;;
02/05/2020;08:37:00;73;sem vítima;497;BR-153/GO;Sul;Capotamento;1;;1;;;;;;;;2;;;;
02/05/2020;11:58:00;155;sem vítima;873;BR-262/MG;Leste;Tombamento;;;1;;;;;;;;1;;;;
02/05/2020;14:39:00;233;sem vítima;362;BR-262/MG;Oeste;Colisão Traseira;2;;;;;;;;;;2;;;;
02/05/2020;19:01:00;343;sem vítima;529;BR-262/MG;Oeste;Atropelamento de Animal;1;;;;;;;;;;2;;;;
02/05/2020;22:16:00;385;sem vítima;221;BR-153/MG;Sul;Saida de Pista;1;;;;;;;;;;1;;;;
03/05/2020;11:15:00;144;com vítima;103,3;BR-060/GO;Sul;Capotamento;1;;;;;;;;;;0;1;;;
03/05/2020;14:32:00;206;sem vítima;107;BR-060/GO;Sul;Colisão Traseira;2;;;;;;;;;;2;;;;
03/05/2020;15:41:00;228;sem vítima;580,3;BR-153/GO;Norte;Colisão Traseira;;;1;;;;;;;1;2;;;;
03/05/2020;16:36:00;261;sem vítima;418,811;BR-262/MG;Oeste;Tombamento;;;1;;;;;;;;1;;;;
03/05/2020;17:38:00;296;sem vítima;508;BR-153/GO;Norte;Choque- Placa/Suporte Sinalização;1;;;;;;;;;;1;;;;
03/05/2020;18:35:00;314;sem vítima;353;BR-262/MG;Leste;Colisão Traseira;2;;;;;;;;;;2;;;;
03/05/2020;20:36:00;370;com vítima;443;BR-262/MG;Leste;Colisão Frontal;1;;;;;;;;;;1;;1;;
03/05/2020;21:32:00;382;sem vítima;796;BR-262/MG;Oeste;Atropelamento de Animal;1;;;;;;;;;;2;;;;
03/05/2020;21:55:00;386;com vítima;619,8;BR-153/GO;Sul;Colisão Traseira;;;2;;;;;;;;1;1;;;
04/05/2020;01:48:00;18;sem vítima;364;BR-262/MG;Leste;Colisão Frontal;1;;;;;;;;;;1;;;;
04/05/2020;05:39:00;35;sem vítima;395,45;BR-262/MG;Leste;Colisão Traseira;2;;;;;;;;;;2;;;;
04/05/2020;07:34:00;99;sem vítima;90;BR-060/GO;Sul;Colisão Traseira;1;;;1;;;;;;;2;;;;
04/05/2020;13:27:00;238;sem vítima;811,15;BR-262/MG;Leste;Choque - Defensa;1;;;;;;;;;;2;;;;
04/05/2020;13:50:00;249;sem vítima;131;BR-060/GO;Sul;Engavetamento;2;;1;;;;;;;;3;;;;
04/05/2020;16:50:00;326;com vítima;453;BR-262/MG;Leste;Colisão Transversal;1;;;;;;;;;1;2;3;;;
04/05/2020;17:19:00;339;sem vítima;378;BR-262/MG;Oeste;Saida de Pista;;;;;;;;;;1;1;;;;
04/05/2020;18:30:00;369;com vítima;362;BR-262/MG;Oeste;Queda de Moto;;;;1;;;;;;;0;1;;;
04/05/2020;18:33:00;370;sem vítima;503;BR-153/GO;Sul;Colisão Traseira;;;;1;;;;;;1;3;;;;
04/05/2020;19:04:00;375;sem vítima;499;BR-153/GO;Sul;Colisão Traseira;2;;;;;;;;;;2;;;;
04/05/2020;19:27:00;382;sem vítima;501;BR-153/GO;Sul;Colisão Traseira;1;;;;;;;;;1;2;;;;
04/05/2020;21:30:00;425;sem vítima;685,5;BR-153/GO;Norte;Atropelamento de Animal;1;;;;;;;;;;1;;;;
05/05/2020;01:21:00;15;com vítima;448,66;BR-262/MG;Leste;Colisão Frontal;;;1;;;;;;;1;3;1;;;1
05/05/2020;01:51:00;20;sem vítima;517;BR-262/MG;Oeste;Colisão Lateral;;;2;;;;;;;;3;;;;
05/05/2020;09:15:00;122;sem vítima;362,85;BR-262/MG;Leste;Colisão Lateral;1;;1;;;;;;;;5;;;;
05/05/2020;12:31:00;211;sem vítima;422,123;BR-262/MG;Leste;Saida de Pista;1;;;;;;;;;;1;;;;
05/05/2020;13:02:00;226;com vítima;514,271;BR-153/GO;Sul;Colisão Lateral;1;;;1;;;;;;;1;1;;;
05/05/2020;13:50:00;237;sem vítima;488,85;BR-262/MG;Leste;Saida de Pista;;;1;;;;;;;;1;;;;
05/05/2020;18:56:00;354;sem vítima;491;BR-153/GO;Norte;Colisão Traseira;;;1;;;1;;;;;2;;;;
05/05/2020;22:01:00;421;sem vítima;24,5;BR-153/MG;Sul;Colisão Traseira;;;2;;;;;;;;2;;;;
05/05/2020;23:54:00;437;sem vítima;137,281;BR-060/GO;Norte;Colisão Traseira;2;;;;;;;;;;2;;;;
06/05/2020;03:00:00;23;sem vítima;355,793;BR-262/MG;Leste;Capotamento;1;;;;;;;;;;1;;;;
06/05/2020;10:28:00;190;sem vítima;518;BR-153/GO;Sul;Saida de Pista;1;;;;;;;;;;1;;;;
06/05/2020;19:35:00;464;sem vítima;466,5;BR-262/MG;Oeste;Colisão Traseira;1;;1;;;;;;;;2;;;;
06/05/2020;23:06:00;533;sem vítima;128;BR-060/GO;Sul;Saida de Pista;1;;;;;;;;;;1;;;;
06/05/2020;23:41:00;543;sem vítima;595;BR-262/MG;Leste;Choque - Talude;;;1;;;;;;;;1;;;;
07/05/2020;00:28:00;5;sem vítima;15;BR-153/MG;Sul;Tombamento;;;1;;;;;;;;1;;;;
07/05/2020;02:19:00;15;com vítima;591;BR-153/GO;Sul;Capotamento;1;;;;;;;;;;0;3;;;
07/05/2020;04:41:00;33;sem vítima;135;BR-153/MG;Sul;Choque - Barreira;;;1;;;;;;;;1;;;;
07/05/2020;06:26:00;49;sem vítima;380,578;BR-262/MG;Oeste;Capotamento;1;;;;;;;;;;1;;;;
07/05/2020;09:08:00;143;sem vítima;528;BR-153/GO;Sul;Capotamento;1;;;;;;;;;;1;;;;
07/05/2020;09:11:00;144;com vítima;100;BR-060/GO;Norte;Colisão Traseira;1;;1;;;;;;;;3;1;;;
07/05/2020;09:53:00;183;sem vítima;5,7;BR-060/GO;Norte;Choque - Defensa;;;;;;;;;;1;2;;;;
07/05/2020;10:03:00;192;sem vítima;549;BR-262/MG;Oeste;Choque - Defensa;;;;;;;;;;1;2;;;;
07/05/2020;12:04:00;240;com vítima;21,4;BR-060/GO;Norte;Capotamento;1;;;;;;;;;;0;2;;;
07/05/2020;13:17:00;261;com vítima;585;BR-262/MG;Oeste;Queda de Moto;;;;1;;;;;;;0;1;;;
07/05/2020;13:18:00;262;sem vítima;447;BR-262/MG;Oeste;Colisão Transversal;1;;;1;;;;;;;2;;;;
07/05/2020;14:13:00;280;com vítima;126;BR-060/GO;Norte;Queda de Moto;;;;1;;;;;;;1;1;;;
07/05/2020;14:18:00;285;sem vítima;5;BR-060/DF;Sul;Colisão Traseira;2;;;;;;;;;;2;;;;
07/05/2020;15:16:00;310;sem vítima;197;BR-153/MG;Sul;Colisão Transversal;1;;1;;;;;;;;2;;;;
07/05/2020;18:45:00;388;sem vítima;43;BR-060/GO;Norte;Colisão Lateral;;;2;;;;;;;;2;;;;
07/05/2020;21:47:00;457;com vítima;661,7;BR-262/MG;Oeste;Capotamento;1;;;;;;;;;;1;;3;;1
08/05/2020;02:24:00;24;sem vítima;565,3;BR-262/MG;Oeste;Saida de Pista;1;;;;;;;;;;1;;;;
08/05/2020;06:01:00;46;sem vítima;138;BR-060/GO;Norte;Colisão Traseira;1;1;;;;;;;;;2;;;;
08/05/2020;06:06:00;48;sem vítima;815;BR-262/MG;Leste;Queda de Ciclista;;1;;;;;;;;;1;;;;
08/05/2020;06:20:00;51;sem vítima;31;BR-060/DF;Sul;Saida de Pista;;;1;;;;;;;;1;;;;
08/05/2020;09:57:00;131;sem vítima;503;BR-153/GO;Norte;Engavetamento;3;;;;;;;;;;3;;;;
08/05/2020;16:54:00;282;sem vítima;460;BR-262/MG;Oeste;Engavetamento;2;;1;;;;;;;;3;;;;
08/05/2020;18:12:00;312;sem vítima;103;BR-060/GO;Norte;Colisão Traseira;1;;1;;;;;;;;2;;;;
08/05/2020;18:24:00;315;sem vítima;618;BR-262/MG;Leste;Atropelamento de Animal;;;;;;;;;;1;1;;;;
08/05/2020;18:50:00;327;sem vítima;103;BR-060/GO;Norte;Colisão Traseira;2;;;;;;;;;;2;;;;
08/05/2020;18:51:00;328;sem vítima;506;BR-153/GO;Sul;;;;;1;;;;;;;1;;;;
08/05/2020;19:46:00;346;sem vítima;127,7;BR-060/GO;Norte;Saida de Pista;2;;;;;;;;;;3;;;;
08/05/2020;22:52:00;396;com vítima;791;BR-262/MG;Leste;Capotamento;1;;;;;;;;;;0;1;;;
09/05/2020;06:14:00;56;com vítima;99;BR-060/GO;Sul;Queda de Moto;;;;1;;;;;;;0;1;;;
09/05/2020;07:07:00;66;sem vítima;558;BR-153/GO;Norte;Capotamento;1;;1;;;;;;;;2;;;;
09/05/2020;07:57:00;90;sem vítima;94;BR-153/MG;Sul;Colisão Lateral;;;3;;;;;;;;4;;;;
09/05/2020;09:38:00;130;com vítima;548;BR-262/MG;Leste;Tombamento;;;1;;;;;;;;0;1;;;
09/05/2020;09:50:00;136;sem vítima;480,899;BR-262/MG;Leste;Queda de Moto;;;;1;;;;;;;2;;;;
09/05/2020;12:31:00;198;com vítima;442;BR-262/MG;Oeste;Colisão Lateral;1;;;1;;;;;;;1;1;;;
09/05/2020;15:31:00;259;sem vítima;361;BR-262/MG;Oeste;Choque - Defensa;1;;;;;;;;;;1;;;;
09/05/2020;15:35:00;261;sem vítima;635;BR-153/GO;Norte;Capotamento;1;;;;;;;;;;4;;;;
09/05/2020;20:14:00;368;sem vítima;711;BR-262/MG;Leste;Atropelamento de Animal;1;;;;;;;;;;3;;;;
09/05/2020;20:51:00;383;com vítima;353;BR-262/MG;Oeste;Atropelamento - Andarilho;;;;1;;;;;;;0;1;;1;
09/05/2020;21:24:00;390;sem vítima;838;BR-262/MG;Leste;Saida de Pista;1;;;;;;;;;;1;;;;
09/05/2020;22:00:00;403;sem vítima;23,5;BR-060/GO;Sul;Capotamento;1;;;;;;;;;;1;;;;
10/05/2020;00:20:00;2;com vítima;97;BR-060/GO;Norte;Capotamento;1;;;;;;;;;;1;1;;;
10/05/2020;00:26:00;3;sem vítima;99;BR-060/GO;Norte;Atropelamento - Andarilho;1;;;;;;;;;;2;;;;
10/05/2020;01:09:00;8;sem vítima;1;BR-060/DF;Sul;Choque - Arvore;1;;;;;;;;;;1;;;;
10/05/2020;08:12:00;78;com vítima;598;BR-153/GO;Norte;Capotamento;;;1;;;;;;;;0;1;;;
10/05/2020;08:13:00;79;com vítima;4;BR-060/GO;Norte;Queda de Ciclista;;1;;;;;;;;;0;1;;;
10/05/2020;10:41:00;146;sem vítima;136,85;BR-060/GO;Norte;Saida de Pista;1;;;;;;;;;;2;;;;
10/05/2020;11:03:00;163;com vítima;378;BR-262/MG;Leste;Queda de Moto;;;;1;;;;;;;0;;1;1;
10/05/2020;12:14:00;196;com vítima;621;BR-262/MG;Oeste;Tombamento;;;1;;;;;;;;0;;1;;
10/05/2020;15:28:00;253;sem vítima;909,8;BR-262/MG;Oeste;Saida de Pista;1;;;;;;;;;;1;;;;
10/05/2020;16:36:00;275;com vítima;1,2;BR-060/GO;Norte;Capotamento;1;;;;;;;;;;0;1;;;
10/05/2020;17:06:00;289;com vítima;32;BR-060/GO;Sul;Colisão Traseira;2;;;;;;;;;;5;1;;;
10/05/2020;18:44:00;323;sem vítima;526;BR-262/MG;Oeste;Colisão Lateral;;;1;;;;;;;;1;;;;
10/05/2020;19:04:00;331;sem vítima;100,1;BR-060/GO;Sul;Colisão Traseira;1;;;;;1;;;;;2;;;;
10/05/2020;19:47:00;347;com vítima;520,464;BR-153/GO;Norte;Queda de Moto;;;;1;;;;;;;0;;1;;
10/05/2020;20:12:00;357;com vítima;2,7;BR-060/DF;Sul;Colisão Traseira;1;;;1;;;;;;;5;;1;;
11/05/2020;04:46:00;43;sem vítima;385;BR-262/MG;Oeste;Capotamento;1;;;;;;;;;;3;;;;
11/05/2020;05:33:00;48;sem vítima;614;BR-153/GO;Norte;Colisão Traseira;;;1;;;1;;;;;2;;;;
11/05/2020;07:57:00;101;com vítima;587;BR-262/MG;Oeste;Tombamento;;;1;;;;;;;;0;;1;;
11/05/2020;08:06:00;105;com vítima;26,255;BR-060/GO;Norte;Queda de Moto;;;;1;;;;;;;0;1;;;
11/05/2020;08:08:00;107;com vítima;494,047;BR-153/GO;Norte;Queda de Moto;;;;1;;;;;;;0;2;;;
11/05/2020;09:31:00;159;com vítima;31,6;BR-060/GO;Norte;Colisão Transversal;1;;;1;;;;;;;2;1;;;
11/05/2020;10:23:00;194;sem vítima;98,9;BR-060/GO;Sul;Capotamento;1;;;;;;;;;;1;;;;
11/05/2020;12:13:00;257;com vítima;464,3;BR-262/MG;Leste;Queda de Moto;;;;1;;;;;;;1;1;;;
11/05/2020;12:44:00;269;sem vítima;113;BR-060/GO;Sul;Queda de Moto;;;;1;;;;;;;2;;;;
11/05/2020;16:07:00;351;sem vítima;459;BR-262/MG;Oeste;Saida de Pista;1;;;;;;;;;;2;;;;
11/05/2020;16:23:00;356;sem vítima;493;BR-153/GO;Sul;Colisão Lateral;1;;1;;;;;;;;2;;;;
11/05/2020;22:15:00;512;com vítima;491;BR-153/GO;Norte;Colisão Traseira;;;;1;;1;;;;;1;1;;;
12/05/2020;11:29:00;178;com vítima;640,966;BR-153/GO;Norte;Tombamento;;;1;;;;;;;;1;1;;;
12/05/2020;14:35:00;248;sem vítima;515;BR-153/GO;Norte;Choque- Poste/Equipamento;1;;;;;;;;;;1;;;;
12/05/2020;21:55:00;388;com vítima;1;BR-153/MG;Norte;Atropelamento - Andarilho;1;;;;;;;;;;3;;;;1
13/05/2020;06:18:00;45;sem vítima;107;BR-060/GO;Norte;Colisão Traseira;;;1;;;;;;;1;2;;;;
13/05/2020;07:07:00;81;sem vítima;631;BR-262/MG;Oeste;Saida de Pista;1;;;;;;;;;;1;;;;
13/05/2020;08:04:00;100;sem vítima;96;BR-060/GO;Norte;Choque - Elemento de Drenagem;1;;;;;;;;;;1;;;;
13/05/2020;08:19:00;105;com vítima;509;BR-153/GO;Norte;Queda de Ciclista;;1;;;;;;;;;0;1;;;
13/05/2020;09:29:00;135;com vítima;803;BR-262/MG;Oeste;Queda de Moto;;;;1;;1;;;;;1;;1;;
13/05/2020;12:50:00;214;com vítima;113;BR-060/GO;Sul;Colisão Traseira;1;;1;;;;;;;;1;1;;;
13/05/2020;14:37:00;243;sem vítima;447,15;BR-262/MG;Leste;Colisão Traseira;;;2;;;1;;;;;3;;;;
13/05/2020;15:23:00;258;sem vítima;508,3;BR-153/GO;Norte;Queda de Moto;;;;1;;;;;;;2;;;;
13/05/2020;15:50:00;273;sem vítima;370;BR-262/MG;Oeste;Choque - Defensa;;;2;;;;;;;;2;;;;
13/05/2020;16:14:00;281;sem vítima;3,362;BR-060/DF;Norte;Queda de Moto;;;;1;;;;;;;1;;;;
13/05/2020;16:38:00;292;sem vítima;2,115;BR-060/DF;Norte;Saida de Pista;1;;;;;;;;;;1;;;;
13/05/2020;16:53:00;298;sem vítima;107;BR-060/GO;Norte;Colisão Traseira;1;;1;;;;;;;;2;;;;
13/05/2020;17:03:00;303;sem vítima;89,93;BR-060/GO;Norte;Queda de Moto;;;;1;;;;;;;1;;;;
13/05/2020;18:56:00;347;sem vítima;25;BR-153/MG;Sul;Queda de Moto;;;;1;;;;;;;1;;;;
13/05/2020;20:22:00;366;com vítima;27;BR-060/GO;Sul;Colisão Lateral;1;;;1;;;;;;;1;;1;;
13/05/2020;21:57:00;401;sem vítima;99;BR-060/GO;Sul;Queda de Moto;;;;1;;;;;;;1;;;;
14/05/2020;01:14:00;15;com vítima;632;BR-262/MG;Oeste;Saida de Pista;;;1;;;;;;;;0;1;;;
14/05/2020;05:26:00;37;sem vítima;49,29;BR-153/MG;Norte;Choque - Talude;;;;;;1;;;;1;2;;;;
14/05/2020;06:36:00;42;sem vítima;551,5;BR-262/MG;Leste;Saida de Pista;;;1;;;;;;;;2;;;;
14/05/2020;09:24:00;135;sem vítima;432;BR-262/MG;Leste;Capotamento;1;;;;;;;;;;2;;;;
14/05/2020;11:03:00;189;sem vítima;444;BR-262/MG;Oeste;Colisão Traseira;;;1;;;;;;;1;2;;;;
14/05/2020;11:40:00;206;com vítima;6,49;BR-153/MG;Sul;Capotamento;1;;;;;;;;;;0;1;;;
14/05/2020;15:46:00;322;com vítima;584;BR-262/MG;Leste;Saida de Pista;;;;;;;;;;1;0;1;;;
14/05/2020;16:22:00;337;sem vítima;543,1;BR-153/GO;Sul;Colisão Traseira;1;;1;;;;;;;;5;;;;
14/05/2020;16:27:00;341;sem vítima;544;BR-262/MG;Oeste;Colisão Traseira;2;;;;;;;;;;3;;;;
14/05/2020;16:39:00;346;sem vítima;490;BR-153/GO;Norte;Colisão Lateral;1;;1;;;;;;;;2;;;;
14/05/2020;17:11:00;361;sem vítima;549;BR-262/MG;Leste;Choque - Barreira;;;;;;;;;;1;1;;;;
14/05/2020;17:40:00;374;com vítima;443;BR-262/MG;Oeste;Colisão Lateral;;1;;;;1;;;;;1;;1;;
14/05/2020;18:40:00;401;sem vítima;503;BR-153/GO;Sul;Queda de Moto;;;;1;;1;;;;;2;;;;
14/05/2020;18:48:00;411;sem vítima;30,8;BR-060/DF;Norte;Colisão Frontal;;;;;;;;;;2;4;;;;
14/05/2020;20:29:00;441;sem vítima;461;BR-262/MG;Oeste;Colisão Traseira;1;;1;;;;;;;;2;;;;
14/05/2020;20:51:00;450;sem vítima;9,546;BR-060/DF;Sul;Queda de Ciclista;;;;1;;;;;;;1;;;;
14/05/2020;21:15:00;456;sem vítima;363;BR-262/MG;Leste;Colisão Traseira;2;;;;;;;;;;3;;;;
14/05/2020;23:14:00;488;sem vítima;594;BR-262/MG;Oeste;Tombamento;;;1;;;;;;;;1;;;;
15/05/2020;04:17:00;39;com vítima;26,8;BR-153/MG;Sul;Tombamento;;;1;;;;;;;;0;1;1;;
15/05/2020;04:34:00;42;sem vítima;492,007;BR-262/MG;Oeste;Atropelamento de Animal;1;;;;;;;;;;2;;;;
15/05/2020;11:29:00;209;sem vítima;5;BR-060/DF;Sul;Colisão Traseira;2;;;;;;;;;;3;;;;
15/05/2020;11:39:00;216;com vítima;492;BR-262/MG;Leste;Colisão Transversal;1;;1;;;;;;;;1;;1;;
15/05/2020;15:02:00;302;sem vítima;417;BR-262/MG;Oeste;Atropelamento de Animal;1;;;;;;;;;;1;;;;
15/05/2020;16:14:00;336;sem vítima;501;BR-153/GO;Norte;Colisão Traseira;1;;;;;;;;;1;2;;;;
15/05/2020;18:34:00;404;com vítima;375;BR-262/MG;Leste;Atropelamento - Andarilho;1;;;;;;;;;1;3;;;;1
15/05/2020;19:06:00;422;sem vítima;483;BR-262/MG;Leste;Colisão Traseira;1;;;;;1;;;;;2;;;;
16/05/2020;00:02:00;2;sem vítima;506,36;BR-153/GO;Norte;Colisão Traseira;2;;;;;;;;;;3;;;;
16/05/2020;01:08:00;18;sem vítima;14,529;BR-153/MG;Norte;Colisão Traseira;;;2;;;;;;;;3;;;;
16/05/2020;07:19:00;51;sem vítima;587,35;BR-262/MG;Leste;Tombamento;;;;;;;;;;1;1;;;;
16/05/2020;07:51:00;59;com vítima;608;BR-262/MG;Leste;Capotamento;1;;;;;;;;;;1;2;;;
16/05/2020;07:55:00;61;sem vítima;800;BR-262/MG;Leste;Choque - Talude;1;;;;;;;;;;1;;;;
16/05/2020;08:33:00;78;com vítima;354,24;BR-262/MG;Leste;Choque - Defensa;;;2;;;;;;;;1;;1;;
16/05/2020;08:59:00;91;com vítima;364,18;BR-262/MG;Leste;Tombamento;;;1;;;;;;;;0;;1;;
16/05/2020;10:04:00;124;com vítima;535,426;BR-153/GO;Sul;Colisão Lateral;;;;1;;;;;;1;1;;;1;
16/05/2020;10:19:00;137;sem vítima;466,233;BR-262/MG;Leste;Colisão Lateral;1;;1;;;;;;;;2;;;;
16/05/2020;11:23:00;163;com vítima;487,175;BR-262/MG;Leste;Choque - Arvore;1;;;;;;;;;;0;;1;;
16/05/2020;11:26:00;166;sem vítima;381,444;BR-262/MG;Leste;Capotamento;1;;;;;;;;;;3;;;;
16/05/2020;14:35:00;238;com vítima;607,75;BR-262/MG;Leste;Colisão Traseira;;;2;;;;;;;;1;;1;;
16/05/2020;14:36:00;239;com vítima;585,205;BR-153/GO;Norte;Queda de Moto;;;;1;;;;;;;1;1;;;
16/05/2020;17:50:00;313;com vítima;514;BR-153/GO;Norte;Colisão Lateral;1;;;1;;;;;;;1;;1;;
16/05/2020;18:49:00;337;sem vítima;34,8;BR-153/MG;Norte;Saida de Pista;;;;;;;;;;1;2;;;;
16/05/2020;19:14:00;342;com vítima;372;BR-262/MG;Oeste;Queda de Moto;;;;1;;;;;;;0;;1;;
16/05/2020;20:13:00;353;com vítima;32;BR-060/GO;Norte;Colisão Lateral;1;;;1;;;;;;;1;;1;;
17/05/2020;11:01:00;122;com vítima;4,261;BR-060/GO;Norte;Queda de Moto;;;;1;;;;;;;0;;1;;
17/05/2020;12:27:00;151;sem vítima;37;BR-060/GO;Norte;Queda de Moto;;;;1;;;;;;;1;;;;
17/05/2020;17:11:00;235;com vítima;603,724;BR-153/GO;Sul;Choque - Talude;;;;;;;;;;1;0;2;;;
17/05/2020;18:27:00;265;com vítima;356,9;BR-262/MG;Oeste;Colisão Lateral;1;;;1;;;;;;;1;1;;;
17/05/2020;18:35:00;271;sem vítima;509;BR-153/GO;Norte;Queda de Moto;;;;1;;;;;;;1;;;;
17/05/2020;19:23:00;286;sem vítima;43;BR-060/GO;Norte;Saida de Pista;1;;;;;;;;;;1;;;;
17/05/2020;19:24:00;287;sem vítima;107;BR-060/GO;Sul;Colisão Lateral;2;;;;;;;;;;5;;;;
18/05/2020;02:48:00;16;sem vítima;109;BR-060/GO;Norte;Capotamento;1;;;;;;;;;;1;;;;
18/05/2020;06:00:00;37;sem vítima;34;BR-060/GO;Norte;Colisão Traseira;;;1;;;1;;;;;2;;;;
18/05/2020;07:38:00;73;sem vítima;516;BR-262/MG;Leste;Saida de Pista;;;;;;;;;;1;1;;;;
18/05/2020;08:48:00;115;com vítima;37,5;BR-060/GO;Norte;Queda de Ciclista;;;;1;;;;;;;0;1;;;
18/05/2020;14:46:00;269;sem vítima;129;BR-060/GO;Norte;Queda de Moto;;;;1;;;;;;;2;;;;
18/05/2020;18:06:00;371;com vítima;7,5;BR-060/DF;Norte;Colisão Lateral;;;;;1;;;;;1;1;1;;;
19/05/2020;07:16:00;64;sem vítima;552,8;BR-262/MG;Oeste;Tombamento;;;1;;;;;;;;2;;;;
19/05/2020;07:32:00;75;sem vítima;133;BR-153/MG;Norte;Colisão Lateral;1;;1;;;;;;;;4;;;;
19/05/2020;07:54:00;83;sem vítima;496;BR-153/GO;Sul;Colisão Lateral;1;;;1;;;;;;;2;;;;
19/05/2020;17:54:00;339;sem vítima;123,99;BR-060/GO;Norte;Tombamento;;;1;;;;;;;;1;;;;
19/05/2020;18:39:00;351;sem vítima;394;BR-262/MG;Oeste;Saida de Pista;1;;;;;;;;;;1;;;;
19/05/2020;23:30:00;448;sem vítima;447;BR-262/MG;Leste;Capotamento;;;;;;;;;;1;1;;;;
20/05/2020;12:28:00;220;com vítima;8,355;BR-060/DF;Sul;Capotamento;1;;;;;;;;;;0;1;;;
20/05/2020;12:49:00;223;sem vítima;504;BR-153/GO;Norte;Choque - Barreira;1;;;;;;;;;;1;;;;
20/05/2020;14:06:00;246;sem vítima;6,8;BR-153/MG;Sul;Tombamento;;;1;;;;;;;;1;;;;
21/05/2020;08:01:00;99;sem vítima;500,38;BR-153/GO;Norte;Colisão Lateral;1;;;1;;;;;;;2;;;;
21/05/2020;09:46:00;166;sem vítima;574,828;BR-153/GO;Sul;Saida de Pista;1;;;;;;;;;;4;;;;
21/05/2020;18:44:00;393;sem vítima;553;BR-262/MG;Leste;Saida de Pista;;;1;;;;;;;;1;;;;
21/05/2020;20:43:00;439;sem vítima;497;BR-153/GO;Sul;Colisão Traseira;1;;;;;1;;;;;2;;;;
21/05/2020;21:30:00;454;sem vítima;590;BR-262/MG;Leste;Tombamento;;;1;;;;;;;;1;;;;
22/05/2020;06:08:00;58;sem vítima;580,2;BR-153/GO;Norte;Choque - Elemento de Drenagem;1;;;;;;;;;;2;;;;
22/05/2020;08:20:00;110;sem vítima;540;BR-153/GO;Norte;Capotamento;1;;;;;;;;;;2;;;;
22/05/2020;10:01:00;187;com vítima;415;BR-262/MG;Oeste;Saida de Pista;;;;;;;;;;1;2;;1;;
22/05/2020;13:00:00;284;sem vítima;512;BR-153/GO;Sul;Saida de Pista;;;;;;;;;;1;1;;;;
22/05/2020;16:06:00;380;com vítima;530;BR-262/MG;Leste;Tombamento;;;1;;;;;;;;0;;1;;
22/05/2020;17:03:00;405;sem vítima;500,5;BR-153/GO;Sul;Colisão Traseira;2;;;;;;;;;;2;;;;
22/05/2020;17:42:00;428;com vítima;68;BR-060/GO;Sul;Queda de Moto;;;;1;;;;;;;0;1;1;;
22/05/2020;17:44:00;431;com vítima;499;BR-153/GO;Sul;Engavetamento;;;1;1;;;;;;;1;1;;;
22/05/2020;18:20:00;448;sem vítima;803,2;BR-262/MG;Oeste;Atropelamento de Animal;1;;;1;1;;;;;;4;;;;
22/05/2020;18:51:00;463;com vítima;803,2;BR-262/MG;Oeste;Colisão Traseira;1;;;1;;;;;;;1;1;;;
22/05/2020;19:11:00;471;com vítima;509;BR-153/GO;Sul;Queda de Moto;;;;1;;;;;;;0;1;;;
22/05/2020;20:22:00;489;sem vítima;32;BR-060/GO;Norte;Queda de Moto;;;;1;;;;;;;1;;;;
22/05/2020;22:41:00;526;sem vítima;412;BR-262/MG;Oeste;Saida de Pista;1;;;;;;;;;;1;;;;
23/05/2020;06:28:00;54;sem vítima;832,8;BR-262/MG;Leste;Choque - Outros;1;;;;;;;;;;1;;;;
23/05/2020;07:49:00;84;com vítima;43;BR-060/GO;Sul;Colisão Traseira;2;;;;;;;;;;1;2;;;
23/05/2020;08:50:00;118;sem vítima;359;BR-262/MG;Leste;Choque - Elemento de Drenagem;1;;;;;;;;;;1;;;;
23/05/2020;08:57:00;122;com vítima;166;BR-153/MG;Norte;Capotamento;1;;;;;;;;;;0;2;;;
23/05/2020;11:47:00;192;com vítima;607;BR-262/MG;Oeste;Atropelamento - Funcionário;1;;;;;;;;;;1;;1;;
23/05/2020;12:06:00;200;sem vítima;611;BR-262/MG;Leste;Choque - Elemento de Drenagem;;;1;;;;;;;;1;;;;
23/05/2020;13:18:00;222;sem vítima;642,8;BR-153/GO;Norte;Capotamento;1;;;;;;;;;;1;;;;
23/05/2020;13:39:00;233;sem vítima;584;BR-262/MG;Leste;Capotamento;1;;;;;;;;;;3;;;;
23/05/2020;14:35:00;250;com vítima;607;BR-262/MG;Oeste;Capotamento;1;;;;;;;;;;0;1;;;
23/05/2020;14:47:00;258;sem vítima;595;BR-262/MG;Leste;Capotamento;;;;;;;;;;1;2;;;;
23/05/2020;16:16:00;293;sem vítima;584;BR-262/MG;Oeste;Capotamento;1;;;;;;;;;;3;;;;
23/05/2020;16:51:00;311;sem vítima;28,8;BR-153/MG;Sul;Tombamento;;;1;;;;;;;;1;;;;