data;horario;n_da_ocorrencia;tipo_de_ocorrencia;km;trecho;sentido;tipo_de_acidente;automovel;bicicleta;caminhao;moto;onibus;outros;tracao_animal;transporte_de_cargas_especiais;trator_maquinas;utilitarios;ilesos;levemente_feridos;moderadamente_feridos;gravemente_feridos;mortos
23/05/2020;18:57:00;367;sem vítima;632,7;BR-262/MG;Oeste;Saida de Pista;1;;;;;;;;;;1;;;;
23/05/2020;19:00:00;368;sem vítima;547,8;BR-262/MG;Leste;Tombamento;;;1;;;;;;;;1;;;;
23/05/2020;19:57:00;390;sem vítima;802;BR-262/MG;Leste;Saida de Pista;1;;;;;;;;;;1;;;;
23/05/2020;22:07:00;428;sem vítima;388,35;BR-262/MG;Oeste;Choque - Elemento de Drenagem;1;;;;;;;;;;4;;;;
24/05/2020;08:15:00;56;sem vítima;229,9;BR-153/MG;Sul;Saida de Pista;1;;;;;;;;;;1;;;;
24/05/2020;09:16:00;62;sem vítima;43;BR-153/MG;Sul;Saida de Pista;1;;;;;;;;;;1;;;;
24/05/2020;10:19:00;86;sem vítima;608,155;BR-262/MG;Leste;Saida de Pista;1;;;;;;;;;;1;;;;
24/05/2020;11:26:00;108;sem vítima;547,6;BR-262/MG;Leste;Choque - Elemento de Drenagem;1;;;;;;;;;;3;;;;
24/05/2020;12:07:00;117;sem vítima;442,129;BR-262/MG;Leste;Colisão Traseira;2;;;;;;;;;;2;;;;
24/05/2020;14:04:00;150;sem vítima;595;BR-262/MG;Oeste;Colisão Lateral;;;2;;;;;;;;4;;;;
24/05/2020;14:12:00;153;com vítima;608;BR-262/MG;Oeste;Choque - Arvore;1;;;;;;;;;;1;2;;;
24/05/2020;15:11:00;165;sem vítima;439;BR-262/MG;Oeste;Choque - Elemento de Drenagem;1;;;;;;;;;;1;;;;
24/05/2020;15:45:00;177;sem vítima;380,23;BR-262/MG;Leste;Choque - Elemento de Drenagem;2;;;;;;;;;;6;;;;
24/05/2020;17:51:00;213;com vítima;98;BR-153/MG;Sul;Choque- Placa/Suporte Sinalização;1;;;;;;;;;;0;1;;;
24/05/2020;18:20:00;224;sem vítima;0,4;BR-060/DF;Norte;Colisão Traseira;;;;1;;1;;;;;2;;;;
24/05/2020;20:18:00;263;sem vítima;519;BR-153/GO;Sul;Tombamento;;;;;;;;;;1;2;;;;
24/05/2020;20:22:00;266;sem vítima;362,3;BR-262/MG;Leste;Colisão Traseira;1;;;;;;;;;1;2;;;;
25/05/2020;01:12:00;8;sem vítima;2,348;BR-060/DF;Norte;Choque - Arvore;1;;;;;;;;;;1;;;;
25/05/2020;16:38:00;292;com vítima;500;BR-153/GO;Sul;Colisão Lateral;;1;;1;;;;;;;2;1;;;
25/05/2020;18:45:00;330;com vítima;359;BR-262/MG;Oeste;Colisão Lateral;1;;1;;;;;;;;1;1;1;;
25/05/2020;20:21:00;357;sem vítima;673;BR-262/MG;Oeste;Saida de Pista;1;;;;;;;;;;1;;;;
25/05/2020;21:56:00;373;sem vítima;686;BR-153/GO;Norte;Choque - Veiculo parado na pista;;;2;;;;;;;;2;;;;
26/05/2020;10:48:00;193;sem vítima;9;BR-060/DF;Norte;Saida de Pista;;;1;;;;;;;;1;;;;
26/05/2020;14:53:00;284;sem vítima;367;BR-262/MG;Leste;Colisão Traseira;2;;;;;;;;;;6;;;;
26/05/2020;16:04:00;314;sem vítima;101;BR-060/GO;Norte;Colisão Lateral;;;;;;;;;;1;1;;;;
26/05/2020;22:58:00;478;sem vítima;568,5;BR-153/GO;Sul;Atropelamento de Animal;1;;;;;1;;;;;3;;;;
27/05/2020;01:19:00;13;sem vítima;587,638;BR-153/GO;Norte;Tombamento;;;1;;;;;;;;1;;;;
27/05/2020;01:44:00;16;sem vítima;0;BR-153/MG;Sul;Choque - Defensa;1;;;;;;;;;;1;;;;
27/05/2020;05:24:00;38;com vítima;615;BR-262/MG;Leste;Tombamento;;;1;;;;;;;;0;1;;;
27/05/2020;07:49:00;90;sem vítima;494,2;BR-153/GO;Sul;Engavetamento;2;;;1;;;;;;;3;;;;
27/05/2020;08:00:00;93;sem vítima;494,4;BR-153/GO;Sul;Colisão Traseira;1;;;1;;;;;;;2;;;;
27/05/2020;08:37:00;119;sem vítima;21;BR-060/DF;Sul;Saida de Pista;;;1;;;;;;;;1;;;;
27/05/2020;13:19:00;279;sem vítima;481;BR-262/MG;Leste;Capotamento;1;;;;;1;;;;;3;;;;
27/05/2020;17:54:00;412;sem vítima;501,5;BR-153/GO;Sul;Colisão Lateral;1;;1;;;;;;;;2;;;;
27/05/2020;20:18:00;469;sem vítima;366;BR-262/MG;Oeste;Atropelamento de Animal;1;;;;;;;;;;1;;;;
27/05/2020;21:48:00;498;sem vítima;514,5;BR-153/GO;Norte;Colisão Transversal;2;;;;;;;;;;5;;;;
28/05/2020;16:41:00;345;sem vítima;507;BR-153/GO;Norte;Colisão Traseira;1;;;;;;;;;1;2;;;;
28/05/2020;17:44:00;370;sem vítima;424;BR-262/MG;Oeste;Tombamento;;;1;;;;;;;;1;;;;
28/05/2020;18:44:00;395;sem vítima;501;BR-153/GO;Norte;Colisão Traseira;1;;;1;;;;;;;2;;;;
28/05/2020;20:22:00;431;sem vítima;84;BR-060/GO;Sul;Colisão Lateral;1;;1;;;;;;;;2;;;;
28/05/2020;21:07:00;451;sem vítima;499;BR-153/GO;Sul;Choque - Defensa;1;;;;;;;;;;1;;;;
28/05/2020;22:35:00;482;sem vítima;11,8;BR-153/MG;Sul;Tombamento;1;;;;;;;;;;2;;;;
29/05/2020;02:29:00;33;sem vítima;210;BR-153/MG;Sul;Saida de Pista;1;;;;;;;;;;1;;;;
29/05/2020;07:52:00;102;sem vítima;501,546;BR-153/GO;Sul;Engavetamento;3;;;;;;;;;1;4;;;;
29/05/2020;07:57:00;107;sem vítima;503,122;BR-153/GO;Sul;Colisão Traseira;2;;;;;;;;;;2;;;;
29/05/2020;08:29:00;118;com vítima;518,92;BR-262/MG;Oeste;Tombamento;;;2;;;;;;;;1;1;1;;
29/05/2020;11:27:00;205;com vítima;102,744;BR-060/GO;Sul;Colisão Transversal;2;;;;;;;;;;1;1;1;;
29/05/2020;18:25:00;399;com vítima;32;BR-060/GO;Sul;Colisão Lateral;2;;;;;;;;;;2;1;;;
29/05/2020;18:31:00;404;sem vítima;47;BR-060/GO;Sul;Colisão Lateral;1;;;;;1;;;;;2;;;;
29/05/2020;21:53:00;486;sem vítima;94,095;BR-060/GO;Norte;Colisão Traseira;1;;;;;1;;;;;2;;;;
30/05/2020;07:31:00;109;sem vítima;7;BR-060/GO;Norte;Tombamento;;;1;;;;;;;;1;;;;
30/05/2020;13:14:00;364;com vítima;96;BR-060/GO;Sul;Colisão Traseira;1;;;1;;;;;;;1;1;;;
30/05/2020;13:52:00;391;sem vítima;354;BR-262/MG;Leste;Colisão Traseira;1;;;1;;;;;;;3;;;;
30/05/2020;16:58:00;483;sem vítima;600;BR-262/MG;Leste;Choque - Submarino;;;1;;;;;;;;1;;;;
30/05/2020;17:54:00;512;com vítima;517;BR-153/GO;Sul;Capotamento;1;;;;;;;;;;0;;;2;
30/05/2020;18:18:00;518;sem vítima;32;BR-060/GO;Sul;Capotamento;1;;;;;;;;;;1;;;;
30/05/2020;18:35:00;524;com vítima;96;BR-060/GO;Norte;Colisão Transversal;1;;;1;;;;;;;2;;1;;
30/05/2020;18:42:00;529;sem vítima;369;BR-262/MG;Oeste;Choque - Outros;1;;;;;;;;;;1;;;;
30/05/2020;19:24:00;549;sem vítima;54;BR-153/MG;Norte;Saida de Pista;1;;;;;;;;;;1;;;;
30/05/2020;20:02:00;559;sem vítima;104;BR-060/GO;Sul;Capotamento;1;;;;;;;;;;1;;;;
30/05/2020;21:15:00;581;sem vítima;446,8;BR-262/MG;Leste;Saida de Pista;;;;;;;;;;1;2;;;;
30/05/2020;21:24:00;584;com vítima;92;BR-060/GO;Sul;Choque - Defensa;;1;;1;;;;;;;0;2;;;
31/05/2020;00:13:00;4;sem vítima;92;BR-060/GO;Sul;Choque- Placa/Suporte Sinalização;1;;;;;;;;;;1;;;;
31/05/2020;03:32:00;35;com vítima;367,106;BR-262/MG;Oeste;Capotamento;1;;;;;;;;;;1;2;;;
31/05/2020;04:11:00;41;sem vítima;64,8;BR-060/GO;Sul;Choque - Defensa;1;;;;;;;;;;2;;;;
31/05/2020;09:41:00;179;com vítima;496;BR-153/GO;Sul;Queda de Ciclista;;;;1;;1;;;;;1;1;;;
31/05/2020;15:01:00;327;sem vítima;817,9;BR-262/MG;Leste;Capotamento;1;;;;;;;;;;2;;;;
31/05/2020;15:18:00;337;sem vítima;57;BR-153/MG;Norte;Choque - Talude;;;1;;;;;;;;1;;;;
31/05/2020;16:22:00;358;sem vítima;608,2;BR-262/MG;Leste;Capotamento;;;;;;;;;;1;3;;;;
31/05/2020;17:11:00;380;sem vítima;6;BR-060/GO;Norte;Choque - Elemento de Drenagem;1;;;;;;;;;;3;;;;
31/05/2020;19:59:00;460;sem vítima;509;BR-153/GO;Norte;Saida de Pista;1;;;;;;;;;;1;;;;
31/05/2020;20:04:00;463;sem vítima;495;BR-153/GO;Sul;Saida de Pista;2;;1;;;;;;;;4;;;;
01/01/2020;04:59:00;38;sem vítima;390;BR-262/MG;Leste;Choque - Elemento de Drenagem;1;;;;;;;;;;1;;;;
01/01/2020;05:54:00;49;com vítima;804;BR-262/MG;Leste;Colisão Lateral;1;;1;;;;;;;;3;1;;;
01/01/2020;07:50:00;74;sem vítima;499;BR-153/GO;Norte;Choque - Talude;1;;;;;;;;;;1;;;;
01/01/2020;09:24:00;108;sem vítima;509;BR-153/GO;Norte;Saida de Pista;1;;;;;;;;;;2;;;;
01/01/2020;11:43:00;168;com vítima;383;BR-262/MG;Oeste;Queda de Ciclista;;;;1;;;;;;;0;;1;1;
01/01/2020;12:12:00;178;sem vítima;380;BR-262/MG;Leste;Tombamento;;;1;;;;;;;;1;;;;
01/01/2020;12:17:00;182;sem vítima;137,5;BR-060/GO;Norte;Colisão Transversal;2;;;;;;;;;;4;;;;
01/01/2020;15:09:00;228;com vítima;519;BR-153/GO;Sul;Capotamento;1;;;;;;;;;;0;2;1;;
01/01/2020;15:37:00;237;sem vítima;58;BR-060/GO;Sul;Saida de Pista;1;;;;;;;;;;1;;;;
01/01/2020;16:07:00;254;sem vítima;802;BR-262/MG;Oeste;Choque - Elemento de Drenagem;1;;;;;;;;;;1;;;;
01/01/2020;16:33:00;269;sem vítima;608;BR-262/MG;Oeste;Tombamento;;;;;;;;;;1;1;;;;
01/01/2020;17:48:00;300;com vítima;433,5;BR-262/MG;Oeste;Saida de Pista;1;;;;;;;;;;0;1;;;
01/01/2020;18:01:00;309;sem vítima;501;BR-153/GO;Sul;Colisão Traseira;2;;;;;;;;;;2;;;;
01/01/2020;18:17:00;314;com vítima;548;BR-262/MG;Leste;Colisão Frontal;;;2;;;;;;;;0;;1;;1
01/01/2020;21:27:00;391;sem vítima;496;BR-153/GO;Sul;Choque - Outros;1;;;;;;;;;;1;;;;
01/01/2020;23:11:00;422;sem vítima;3;BR-060/DF;Sul;Colisão Traseira;2;;;;;;;;;;7;;;;
01/01/2020;23:22:00;425;sem vítima;553;BR-153/GO;Norte;Atropelamento de Animal;1;;;;;;;;;;1;;;;
02/01/2020;06:21:00;60;com vítima;25,15;BR-060/DF;Sul;Capotamento;1;;;;;;;;;;1;3;;;
02/01/2020;07:32:00;76;sem vítima;43;BR-153/MG;Sul;Capotamento;1;;;;;;;;;;1;;;;
02/01/2020;07:46:00;81;sem vítima;442,5;BR-262/MG;Leste;Colisão Traseira;2;;;;;;;;;;2;;;;
02/01/2020;10:29:00;205;sem vítima;575;BR-153/GO;Norte;Capotamento;;;;;;;;;;1;1;;;;
02/01/2020;12:40:00;257;sem vítima;94;BR-153/MG;Sul;Capotamento;1;;;;;;;;;;1;;;;
02/01/2020;13:22:00;273;sem vítima;108;BR-060/GO;Sul;Colisão Lateral;2;;;;;;;;;;4;;;;
02/01/2020;13:45:00;281;sem vítima;508,3;BR-262/MG;Leste;Choque - Talude;1;;;;;;;;;;1;;;;
02/01/2020;14:25:00;294;sem vítima;68,7;BR-153/MG;Sul;Carreta deu L;;;1;;;;;;;;1;;;;
02/01/2020;14:31:00;297;sem vítima;100;BR-060/GO;Norte;Tombamento;;;1;;;;;;;;1;;;;
02/01/2020;14:41:00;300;com vítima;356;BR-262/MG;Leste;Capotamento;1;;;;;;;;;;0;3;1;;
02/01/2020;15:14:00;311;sem vítima;100;BR-060/GO;Sul;Choque - Elemento de Drenagem;1;;;;;;;;;;1;;;;
02/01/2020;15:25:00;318;sem vítima;524;BR-262/MG;Leste;Colisão Lateral;1;;1;;;;;;;;3;;;;
02/01/2020;15:48:00;329;com vítima;450;BR-262/MG;Leste;Capotamento;1;;;;;;;;;;3;1;;;
02/01/2020;16:39:00;349;com vítima;99;BR-060/GO;Norte;Choque - Barreira;2;;;;;;;;;;2;1;;;
02/01/2020;17:24:00;371;com vítima;81;BR-060/GO;Sul;Capotamento;1;;;;;;;;;;0;2;;;
02/01/2020;17:36:00;374;sem vítima;75;BR-060/GO;Sul;Choque - Defensa;1;;;;;;;;;;1;;;;
02/01/2020;20:07:00;423;com vítima;35;BR-060/GO;Sul;Capotamento;1;;;;;;;;;;0;1;1;;1
03/01/2020;00:50:00;10;com vítima;59;BR-153/MG;Norte;Colisão Traseira;1;;1;;;;;;;;1;1;;;
03/01/2020;02:15:00;31;sem vítima;95;BR-153/MG;Norte;Atropelamento de Animal;1;;;;;;;;;;1;;;;
03/01/2020;06:15:00;61;sem vítima;608,5;BR-262/MG;Leste;Tombamento;;;1;;;;;;;;1;;;;
03/01/2020;07:49:00;98;sem vítima;129,1;BR-060/GO;Sul;Choque - Elemento de Drenagem;1;;;;;;;;;;2;;;;
03/01/2020;11:31:00;216;com vítima;470;BR-262/MG;Leste;Saida de Pista;1;;;;;;;;;;4;;1;;
03/01/2020;14:51:00;300;sem vítima;3;BR-060/DF;Sul;Colisão Traseira;2;;;;;;;;;;2;;;;
03/01/2020;15:57:00;328;sem vítima;706;BR-262/MG;Leste;Atropelamento de Animal;;;;;;;;;;1;1;;;;
03/01/2020;16:09:00;333;sem vítima;721,5;BR-262/MG;Oeste;Tombamento;;;1;;;;;;;;4;;;;
03/01/2020;16:28:00;346;sem vítima;442;BR-262/MG;Oeste;Tombamento;1;;;;;;;;;;1;;;;
03/01/2020;16:51:00;352;sem vítima;496;BR-153/GO;Norte;Colisão Lateral;1;;;1;;;;;;;2;;;;
03/01/2020;17:41:00;368;com vítima;501;BR-153/GO;Norte;Queda de Moto;;;;1;;;;;;;0;1;1;;
03/01/2020;17:56:00;374;sem vítima;722;BR-262/MG;Oeste;Tombamento;;;1;;;1;;;;;2;;;;
03/01/2020;18:17:00;382;sem vítima;584,5;BR-153/GO;Sul;Capotamento;1;;;;;;;;;;5;;;;
03/01/2020;18:27:00;388;sem vítima;2,5;BR-060/DF;Norte;Colisão Traseira;1;;;;;1;;;;;2;;;;
03/01/2020;23:29:00;477;com vítima;481;BR-262/MG;Oeste;Capotamento;;;;;;;;;;1;0;1;;;
04/01/2020;06:19:00;64;sem vítima;608;BR-153/GO;Sul;Tombamento;;;1;;;;;;;;1;;;;
04/01/2020;07:26:00;87;sem vítima;591,05;BR-153/GO;Norte;Saida de Pista;;;1;;;;;;;;1;;;;
04/01/2020;07:31:00;90;com vítima;359;BR-262/MG;Oeste;Colisão Traseira;;;1;;;;;;;1;1;1;;;
04/01/2020;07:46:00;97;sem vítima;509,8;BR-153/GO;Norte;Colisão Traseira;1;;;1;;;;;;;3;;;;
04/01/2020;08:32:00;120;sem vítima;563,8;BR-153/GO;Norte;Choque- Poste/Equipamento;1;;;;;;;;;;5;;;;
04/01/2020;11:49:00;206;com vítima;28,2;BR-153/MG;Sul;Capotamento;1;;;;;;;;;;0;1;1;;
04/01/2020;12:08:00;211;sem vítima;364;BR-262/MG;Leste;Choque - Elemento de Drenagem;1;;;;;;;;;;1;;;;
04/01/2020;13:23:00;239;sem vítima;628;BR-153/GO;Sul;Saida de Pista;1;;;;;;;;;;1;;;;
04/01/2020;13:29:00;242;sem vítima;659;BR-153/GO;Sul;Colisão Lateral;1;;1;;;;;;;;2;;;;
04/01/2020;14:52:00;270;sem vítima;28;BR-060/GO;Norte;Capotamento;1;;;;;;;;;;5;;;;
04/01/2020;14:57:00;272;sem vítima;669;BR-153/GO;Sul;Choque- Placa/Suporte Sinalização;1;;;;;;;;;;1;;;;
04/01/2020;14:59:00;273;sem vítima;41;BR-060/GO;Norte;Choque - Elemento de Drenagem;1;;;;;;;;;;1;;;;
04/01/2020;16:42:00;329;sem vítima;27;BR-060/DF;Norte;Choque - Defensa;;;;;;;;;;1;2;;;;
04/01/2020;17:29:00;356;sem vítima;514;BR-153/GO;Sul;Colisão Frontal;2;;;;;;;;;;2;;;;
04/01/2020;18:10:00;372;sem vítima;518;BR-262/MG;Oeste;Saida de Pista;1;;;;;;;;;;1;;;;
04/01/2020;18:20:00;374;sem vítima;443;BR-262/MG;Leste;Choque- Placa/Suporte Sinalização;1;;;;;;;;;;1;;;;
04/01/2020;18:30:00;378;sem vítima;587;BR-262/MG;Oeste;Choque - Talude;;;1;;;;;;;;1;;;;
04/01/2020;18:57:00;386;sem vítima;482;BR-262/MG;Oeste;Saida de Pista;1;;;;;;;;;;1;;;;
04/01/2020;21:26:00;452;sem vítima;26;BR-060/GO;Sul;Capotamento;1;;;;;;;;;;2;;;;
05/01/2020;03:52:00;47;sem vítima;596;BR-153/GO;Norte;Saida de Pista;1;;;;;;;;;;1;;;;
05/01/2020;05:57:00;60;sem vítima;521;BR-153/GO;Sul;Saida de Pista;1;;;;;;;;;;2;;;;
05/01/2020;08:23:00;94;sem vítima;82;BR-060/GO;Norte;Choque- Poste/Equipamento;1;;;;;;;;;;1;;;;
05/01/2020;09:38:00;114;sem vítima;7,8;BR-060/GO;Sul;Saida de Pista;1;;;;;;;;;;2;;;;
05/01/2020;09:55:00;116;com vítima;721;BR-262/MG;Leste;Capotamento;1;;;;;;;;;;0;2;2;;
05/01/2020;10:15:00;124;sem vítima;511;BR-153/GO;Sul;Colisão Traseira;2;;;;;;;;;;2;;;;
05/01/2020;10:31:00;130;sem vítima;430;BR-262/MG;Oeste;Saida de Pista;1;;;;;;;;;;1;;;;
05/01/2020;10:45:00;136;com vítima;646;BR-153/GO;Sul;Saida de Pista;1;;;;;;;;;;0;4;;;
05/01/2020;11:12:00;146;com vítima;132;BR-153/MG;Sul;Queda de Moto;;;;1;;;;;;;1;1;;;
05/01/2020;11:53:00;157;sem vítima;114;BR-060/GO;Norte;Choque - Defensa;1;;;;;;;;;;1;;;;
05/01/2020;13:58:00;189;sem vítima;534;BR-262/MG;Oeste;Capotamento;1;;;;;;;;;;1;;;;
05/01/2020;17:59:00;286;sem vítima;104;BR-060/GO;Sul;Saida de Pista;1;;;;;;;;;;1;;;;
05/01/2020;18:39:00;304;sem vítima;608;BR-262/MG;Leste;Capotamento;1;;;;;;;;;;1;;;;
05/01/2020;18:44:00;309;sem vítima;100;BR-060/GO;Sul;Engavetamento;3;;;;;;;;;;3;;;;
05/01/2020;20:37:00;359;sem vítima;25;BR-060/DF;Norte;Capotamento;1;;;;;;;;;;3;;;;
06/01/2020;05:54:00;68;sem vítima;385;BR-262/MG;Oeste;Choque - Elemento de Drenagem;1;;;;;;;;;;5;;;;
06/01/2020;07:01:00;93;com vítima;116;BR-153/MG;Sul;Capotamento;1;;;;;;;;;1;1;;1;;
06/01/2020;08:10:00;141;com vítima;501;BR-153/GO;Sul;Colisão Traseira;1;;;1;;;;;;;1;1;;;
06/01/2020;09:05:00;165;sem vítima;380;BR-262/MG;Leste;Choque - Barreira;1;;;;;;;;;;4;;;;
06/01/2020;13:55:00;332;sem vítima;652;BR-262/MG;Oeste;Saida de Pista;1;;;;;;;;;;2;;;;
06/01/2020;14:10:00;338;sem vítima;104,1;BR-153/MG;Sul;Choque - Talude;;;;;;;;;;1;1;;;;
06/01/2020;14:59:00;356;com vítima;607;BR-262/MG;Oeste;Capotamento;;;;;;;;;;1;3;1;;;
06/01/2020;17:17:00;422;sem vítima;172,152;BR-153/MG;Sul;Choque- Placa/Suporte Sinalização;1;;;;;;;;;;4;;;;
06/01/2020;18:06:00;449;sem vítima;417;BR-262/MG;Leste;Saida de Pista;;;;;;;;;;1;1;;;;
06/01/2020;18:19:00;459;sem vítima;103;BR-060/GO;Sul;Queda de Moto;;;;1;;;;;;;2;;;;
06/01/2020;19:24:00;484;sem vítima;656,5;BR-262/MG;Oeste;Colisão Traseira;;;;;;;;;1;1;4;;;;
07/01/2020;06:49:00;78;com vítima;354;BR-262/MG;Leste;Colisão Traseira;1;;;1;;;;;;;1;1;;;
07/01/2020;10:30:00;232;sem vítima;482,8;BR-262/MG;Oeste;Colisão Lateral;1;;;;;;;;;1;5;;;;
07/01/2020;12:29:00;316;sem vítima;88,6;BR-153/MG;Norte;Tombamento;;;1;;;;;;;;2;;;;
07/01/2020;14:11:00;363;com vítima;491,8;BR-262/MG;Oeste;Colisão Transversal;1;;1;;;1;;;;;2;1;1;;
07/01/2020;15:50:00;412;sem vítima;508,256;BR-153/GO;Norte;Choque - Defensa;;;;;;;;;;1;1;;;;
07/01/2020;16:12:00;426;sem vítima;121;BR-060/GO;Norte;Choque - Elemento de Drenagem;1;;;;;;;;;;1;;;;
07/01/2020;16:17:00;431;sem vítima;599,15;BR-153/GO;Sul;Choque - Talude;1;;;;;;;;;;4;;;;
07/01/2020;16:22:00;435;sem vítima;126,3;BR-060/GO;Sul;Choque - Elemento de Drenagem;1;;;;;;;;;;1;;;;
07/01/2020;17:41:00;474;sem vítima;112;BR-060/GO;Sul;Saida de Pista;1;;;;;;;;;;1;;;;
07/01/2020;17:47:00;476;sem vítima;500;BR-153/GO;Sul;Engavetamento;3;;;;;;;;;;3;;;;
07/01/2020;19:19:00;516;sem vítima;500,5;BR-153/GO;Sul;Colisão Traseira;1;;1;;;;;;;;2;;;;
07/01/2020;19:24:00;518;sem vítima;506,6;BR-153/GO;Sul;Queda de Moto;;;;1;;;;;;;1;;;;
07/01/2020;20:24:00;549;com vítima;501;BR-262/MG;Oeste;Colisão Frontal;2;;;;;;;;;;4;1;2;1;
07/01/2020;20:39:00;556;sem vítima;362;BR-262/MG;Oeste;Colisão Traseira;2;;;;;;;;;;2;;;;
07/01/2020;22:37:00;596;sem vítima;627;BR-153/GO;Sul;Choque - Objeto sobre a pista;1;;;;;;;;;;1;;;;
07/01/2020;23:07:00;606;sem vítima;105,8;BR-060/GO;Sul;Colisão Lateral;1;;1;;;;;;;;3;;;;
08/01/2020;07:04:00;80;sem vítima;1;BR-153/MG;Sul;Saida de Pista;1;;;;;;;;;;1;;;;
08/01/2020;09:53:00;200;sem vítima;508;BR-153/GO;Norte;Engavetamento;5;;;;;;;;;;5;;;;
08/01/2020;10:23:00;232;sem vítima;584;BR-262/MG;Leste;Choque - Elemento de Drenagem;1;;;;;;;;;;1;;;;
08/01/2020;10:50:00;249;com vítima;109,8;BR-060/GO;Norte;Tombamento;;;1;;;;;;;;0;;1;;
08/01/2020;11:50:00;289;sem vítima;594;BR-262/MG;Leste;Choque - Elemento de Drenagem;;;1;;;;;;;;2;;;;
08/01/2020;12:05:00;296;com vítima;30,15;BR-060/GO;Norte;Capotamento;1;;;;;;;;;;0;1;1;1;
08/01/2020;15:46:00;407;sem vítima;3,2;BR-060/DF;Sul;Colisão Traseira;1;;;1;;;;;;;2;;;;
08/01/2020;17:16:00;462;sem vítima;597;BR-153/GO;Norte;Choque - Defensa;1;;;;;;;;;;3;;;;
08/01/2020;17:36:00;474;com vítima;567;BR-262/MG;Leste;Colisão Transversal;;;1;;;;;;;1;1;1;;;
08/01/2020;18:29:00;502;sem vítima;501;BR-153/GO;Sul;Engavetamento;3;;;;;;;;;;3;;;;
09/01/2020;06:21:00;56;sem vítima;417;BR-262/MG;Leste;Colisão Transversal;;;2;;;;;;;;2;;;;
09/01/2020;07:37:00;74;sem vítima;135;BR-060/GO;Norte;Queda de Moto;;;;1;;;;;;;1;;;;
09/01/2020;11:10:00;229;com vítima;95;BR-060/GO;Sul;Colisão Traseira;1;;;1;;;;;;;1;1;;;
09/01/2020;12:37:00;276;sem vítima;431;BR-262/MG;Oeste;Colisão Traseira;;;2;;;;;;;;2;;;;
09/01/2020;13:17:00;285;com vítima;52,8;BR-153/MG;Sul;Colisão Lateral;1;;1;;;;;;;;3;1;;;
09/01/2020;13:58:00;300;com vítima;34,05;BR-153/MG;Sul;Colisão Frontal;2;;;;1;;;;;;1;;2;;2
09/01/2020;14:34:00;309;sem vítima;594;BR-262/MG;Leste;Carreta deu L;;;1;;;;;;;;1;;;;
09/01/2020;15:27:00;337;sem vítima;611,2;BR-262/MG;Oeste;Saida de Pista;1;;;;;;;;;;1;;;;
09/01/2020;15:41:00;344;sem vítima;146,15;BR-153/MG;Sul;Saida de Pista;;;1;;;;;;;;1;;;;
09/01/2020;16:16:00;363;sem vítima;19,7;BR-060/DF;Norte;Choque - Elemento de Drenagem;1;;;;;;;;;;1;;;;
09/01/2020;18:30:00;418;sem vítima;107;BR-060/GO;Sul;Colisão Traseira;1;;1;;;;;;;;2;;;;
09/01/2020;18:36:00;421;sem vítima;502,662;BR-153/GO;Sul;Engavetamento;4;;;;;;;;;;4;;;;
09/01/2020;20:08:00;460;sem vítima;195;BR-153/MG;Norte;Choque- Poste/Equipamento;1;;;;;;;;;;1;;;;
09/01/2020;20:59:00;478;sem vítima;589,508;BR-153/GO;Sul;Colisão Traseira;;;2;;;;;;;;2;;;;
09/01/2020;22:05:00;505;com vítima;27,234;BR-060/GO;Sul;Capotamento;1;;;;;1;;;;;1;1;;;
09/01/2020;22:06:00;506;sem vítima;904;BR-262/MG;Leste;Saida de Pista;;;1;;;;;;;;1;;;;
09/01/2020;22:33:00;519;com vítima;494,827;BR-153/GO;Norte;Queda de Moto;;;;1;;;;;;;0;1;;;
09/01/2020;22:39:00;521;com vítima;510;BR-153/GO;Sul;Colisão Traseira;1;;;1;;;;;;;1;1;;;
09/01/2020;23:04:00;525;sem vítima;27;BR-060/GO;Sul;Colisão Traseira;1;;1;;;;;;;;2;;;;
10/01/2020;03:17:00;58;sem vítima;30;BR-153/MG;Norte;Saida de Pista;1;;;;;;;;;;3;;;;
10/01/2020;05:31:00;82;com vítima;504,057;BR-153/GO;Norte;Queda de Moto;;;;1;;;;;;;0;1;;;
10/01/2020;05:33:00;85;sem vítima;822;BR-262/MG;Leste;Tombamento;;;1;;;;;;;;1;;;;
10/01/2020;09:34:00;267;sem vítima;134;BR-060/GO;Norte;Choque - Talude;;;1;;;;;;;;1;;;;
10/01/2020;09:50:00;281;sem vítima;2;BR-060/DF;Sul;Colisão Lateral;1;;1;;;;;;;;2;;;;
10/01/2020;10:38:00;347;sem vítima;82,5;BR-153/MG;Sul;Choque - Barreira;;;1;;;;;;;;1;;;;
10/01/2020;11:10:00;361;com vítima;18,5;BR-060/GO;Norte;Capotamento;1;;;;;;;;;;0;3;;;
10/01/2020;12:09:00;382;sem vítima;19;BR-060/GO;Sul;Colisão Traseira;1;;;;;1;;;;;2;;;;
10/01/2020;12:51:00;398;sem vítima;58;BR-153/MG;Norte;;;;2;;;;;;;;2;;;;
10/01/2020;14:09:00;426;sem vítima;508;BR-153/GO;Norte;Engavetamento;3;;;;;;;;;;9;;;;
10/01/2020;17:05:00;503;sem vítima;498;BR-153/GO;Sul;Colisão Traseira;2;;;;;;;;;;2;;;;
10/01/2020;17:35:00;524;sem vítima;76;BR-060/GO;Sul;Capotamento;1;;;;;;;;;1;4;;;;
10/01/2020;17:36:00;525;com vítima;609;BR-262/MG;Leste;Capotamento;;;;;;;;;;1;0;2;;;
10/01/2020;18:09:00;546;com vítima;446;BR-262/MG;Leste;Choque - Outros;1;;;;;;;;;;0;1;;;
10/01/2020;18:25:00;551;com vítima;500;BR-153/GO;Sul;Colisão Traseira;;;;3;;;;;;;2;1;;;
10/01/2020;19:55:00;589;sem vítima;89;BR-060/GO;Norte;Saida de Pista;1;;;;;;;;;;1;;;;