data;horario;n_da_ocorrencia;tipo_de_ocorrencia;km;trecho;sentido;tipo_de_acidente;automovel;bicicleta;caminhao;moto;onibus;outros;tracao_animal;transporte_de_cargas_especiais;trator_maquinas;utilitarios;ilesos;levemente_feridos;moderadamente_feridos;gravemente_feridos;mortos
10/01/2020;20:34:00;607;com vítima;442;BR-262/MG;Oeste;Capotamento;1;;;;;;;;;;0;1;;;
10/01/2020;23:05:00;665;com vítima;353;BR-262/MG;Oeste;Atropelamento - Morador;1;;;;;;;;;;1;1;;;
11/01/2020;00:31:00;7;com vítima;59;BR-153/MG;Norte;Colisão Traseira;;;2;;;;;;;;1;;1;;
11/01/2020;01:15:00;15;sem vítima;535,3;BR-153/GO;Sul;Choque - Arvore;1;;;;;;;;;;2;;;;
11/01/2020;05:14:00;59;com vítima;676;BR-262/MG;Leste;Capotamento;1;;;;;;;;;;0;2;;;
11/01/2020;06:39:00;83;com vítima;148;BR-153/MG;Sul;Colisão Lateral;;;;;2;;;;;;1;2;;;
11/01/2020;07:05:00;95;sem vítima;506;BR-153/GO;Sul;Queda de Moto;;;;1;;;;;;;1;;;;
11/01/2020;07:06:00;96;sem vítima;497;BR-153/GO;Norte;Saida de Pista;;;1;;;;;;;;1;;;;
11/01/2020;13:45:00;368;sem vítima;488,5;BR-262/MG;Leste;Capotamento;;;1;;;;;;;;1;;;;
11/01/2020;15:55:00;432;sem vítima;686;BR-153/GO;Sul;Colisão Traseira;;;2;;;;;;;;2;;;;
11/01/2020;16:06:00;438;sem vítima;871;BR-262/MG;Leste;Saida de Pista;1;;;;;;;;;;1;;;;
11/01/2020;17:02:00;468;sem vítima;547;BR-262/MG;Oeste;Carreta deu L;;;1;;;;;;;;1;;;;
11/01/2020;18:10:00;501;sem vítima;27;BR-060/DF;Sul;Saida de Pista;1;;;;;;;;;;2;;;;
11/01/2020;20:24:00;544;sem vítima;800,9;BR-262/MG;Leste;Colisão Lateral;1;;1;;;;;;;;4;;;;
11/01/2020;21:00:00;557;com vítima;136;BR-060/GO;Sul;Atropelamento de Animal;;;;1;;;;;;;0;;1;;
11/01/2020;21:43:00;564;sem vítima;540;BR-153/GO;Norte;Atropelamento de Animal;1;;;;;;;;;;1;;;;
11/01/2020;23:31:00;583;com vítima;492;BR-262/MG;Oeste;Colisão Lateral;2;;1;;;;;;;;2;;1;;
12/01/2020;04:42:00;47;sem vítima;586;BR-262/MG;Leste;Saida de Pista;1;;;;;;;;;;1;;;;
12/01/2020;08:03:00;115;com vítima;437;BR-262/MG;Leste;Queda de Moto;;;;1;;;;;;;0;2;;;
12/01/2020;13:27:00;320;sem vítima;512;BR-153/GO;Sul;Colisão Lateral;1;;;;;;;;;1;2;;;;
12/01/2020;14:58:00;360;com vítima;814,5;BR-262/MG;Oeste;Colisão Lateral;1;;;1;;;;;;;5;1;;;
12/01/2020;16:39:00;411;com vítima;80,5;BR-060/GO;Norte;Choque - Talude;1;;;;;;;;;;1;;;1;
12/01/2020;20:34:00;521;sem vítima;387,9;BR-262/MG;Leste;Atropelamento de Animal;1;;;;;;;;;;1;;;;
12/01/2020;21:35:00;544;com vítima;823;BR-262/MG;Oeste;Capotamento;1;;;;;;;;;;0;1;;1;
12/01/2020;21:42:00;550;sem vítima;519,8;BR-153/GO;Sul;Colisão Traseira;2;;;;;;;;;;3;;;;
12/01/2020;22:43:00;566;sem vítima;593;BR-153/GO;Norte;Queda de Moto;;;;1;;;;;;;2;;;;
13/01/2020;07:58:00;106;com vítima;368;BR-262/MG;Leste;Saida de Pista;1;;;;;;;;;;1;1;;;
13/01/2020;13:04:00;259;sem vítima;587;BR-262/MG;Oeste;Tombamento;;;1;;;;;;;;1;;;;
13/01/2020;14:51:00;314;sem vítima;615;BR-153/GO;Sul;Capotamento;1;;;;;;;;;;1;;;;
13/01/2020;17:25:00;380;sem vítima;13;BR-060/GO;Sul;Objeto lançado contra veículo;1;;;;;;;;;1;2;;;;
13/01/2020;17:34:00;386;com vítima;473,2;BR-262/MG;Oeste;Engavetamento;3;;;;;;;;;;2;1;;;
13/01/2020;18:12:00;403;com vítima;102;BR-060/GO;Sul;Colisão Lateral;;;;2;;;;;;;0;2;;;
13/01/2020;18:59:00;420;sem vítima;32;BR-060/GO;Norte;Colisão Lateral;2;;;;;;;;;;2;;;;
13/01/2020;19:08:00;424;com vítima;138;BR-060/GO;Norte;Colisão Frontal;;;;1;;;;;;1;0;;2;;
13/01/2020;22:43:00;481;com vítima;711;BR-262/MG;Leste;Capotamento;1;;;;;;;;;;0;2;;;
13/01/2020;22:44:00;482;sem vítima;55;BR-060/GO;Sul;Atropelamento de Animal;1;;;;;;;;;;1;;;;
14/01/2020;00:59:00;7;sem vítima;401;BR-262/MG;Leste;Choque - Elemento de Drenagem;1;;;;;;;;;;1;;;;
14/01/2020;05:19:00;33;sem vítima;193,3;BR-153/MG;Sul;Choque - Elemento de Drenagem;;;;;1;;;;;;42;;;;
14/01/2020;09:35:00;130;com vítima;370,4;BR-262/MG;Leste;Atropelamento - Usuário;1;;;;;;;;;;2;;;1;1
14/01/2020;11:41:00;195;sem vítima;434;BR-262/MG;Oeste;Saida de Pista;1;;1;;;;;;;;2;;;;
14/01/2020;12:13:00;208;com vítima;429;BR-262/MG;Leste;Queda de Moto;;;;1;;;;;;;1;1;;;
14/01/2020;12:28:00;212;sem vítima;512;BR-262/MG;Leste;Colisão Traseira;1;;1;;;;;;;;2;;;;
14/01/2020;12:30:00;234;sem vítima;670,3;BR-153/GO;Sul;Choque- Placa/Suporte Sinalização;;;2;;;;;;;;2;;;;
14/01/2020;13:51:00;236;sem vítima;736,3;BR-262/MG;Leste;Capotamento;1;;;;;;;;;;1;;;;
14/01/2020;16:06:00;290;sem vítima;500;BR-153/GO;Sul;Colisão Traseira;2;;;;;;;;;;2;;;;
14/01/2020;17:42:00;326;sem vítima;94;BR-060/GO;Norte;Colisão Traseira;1;;;1;;;;;;;2;;;;
14/01/2020;19:54:00;387;sem vítima;4,5;BR-060/DF;Sul;Colisão Traseira;1;;;;;1;;;;;2;;;;
14/01/2020;21:24:00;430;com vítima;599;BR-262/MG;Leste;Capotamento;;;1;;;;;;;;0;;1;;
14/01/2020;22:00:00;452;com vítima;58;BR-153/MG;Norte;Choque - Elemento de Drenagem;;;1;;;;;;;;0;;1;;
14/01/2020;22:18:00;461;sem vítima;515;BR-153/GO;Norte;Colisão Transversal;2;;;;;;;;;;10;;;;
15/01/2020;00:27:00;6;sem vítima;10;BR-060/GO;Sul;Choque - Elemento de Drenagem;1;;;;;;;;;;1;;;;
15/01/2020;07:40:00;132;sem vítima;616,178;BR-153/GO;Sul;Choque- Placa/Suporte Sinalização;1;;;;;;;;;;1;;;;
15/01/2020;07:52:00;138;sem vítima;364;BR-262/MG;Oeste;Choque - Defensa;2;;;;;;;;;;2;;;;
15/01/2020;08:36:00;177;sem vítima;418;BR-262/MG;Oeste;Colisão Traseira;1;;1;;;;;;;;5;;;;
15/01/2020;10:22:00;260;com vítima;49;BR-153/MG;Sul;Choque - Arvore;1;;;;;;;;;;0;1;;;
15/01/2020;12:50:00;332;sem vítima;598;BR-262/MG;Leste;Colisão Traseira;;;2;;;;;;;;2;;;;
15/01/2020;15:42:00;421;sem vítima;48,474;BR-060/GO;Sul;Colisão Traseira;;;2;;;;;;;;3;;;;
15/01/2020;16:27:00;444;com vítima;576;BR-262/MG;Oeste;Capotamento;1;;;;;;;;;;1;1;;;
15/01/2020;16:58:00;462;sem vítima;407;BR-262/MG;Leste;Capotamento;1;;;;;;;;;;1;;;;
15/01/2020;18:15:00;518;com vítima;507,8;BR-262/MG;Oeste;Colisão Frontal;;;2;;;;;;;;1;;;;1
15/01/2020;19:06:00;547;sem vítima;501;BR-153/GO;Sul;Engavetamento;2;;;;;;;;;;2;;;;
15/01/2020;21:16:00;596;sem vítima;210;BR-153/MG;Norte;Colisão Lateral;2;;;;;;;;;;3;;;;
16/01/2020;00:52:00;11;sem vítima;354,4;BR-262/MG;Oeste;Carreta deu L;1;;;;;;;;;;1;;;;
16/01/2020;01:47:00;21;sem vítima;210,3;BR-153/MG;Norte;Tombamento;;;1;;;;;;;;1;;;;
16/01/2020;06:18:00;69;sem vítima;489,5;BR-262/MG;Oeste;Choque - Outros;1;;;;;;;;;;1;;;;
16/01/2020;06:41:00;80;com vítima;105,5;BR-153/MG;Sul;Capotamento;1;;;;;;;;;;0;1;;;
16/01/2020;07:16:00;91;com vítima;683,2;BR-153/GO;Sul;Saida de Pista;1;;;;;;;;;;1;1;;;
16/01/2020;07:34:00;101;com vítima;2;BR-060/DF;Sul;Colisão Traseira;1;;;1;;;;;;;1;1;;;
16/01/2020;10:34:00;239;sem vítima;773;BR-262/MG;Leste;Saida de Pista;1;;;;;;;;;;2;;;;
16/01/2020;11:47:00;284;com vítima;584;BR-262/MG;Leste;Capotamento;1;;;;;;;;;;0;3;;;
16/01/2020;12:22:00;304;sem vítima;436,5;BR-262/MG;Leste;Capotamento;2;;;;;;;;;;3;;;;
16/01/2020;12:38:00;316;com vítima;699;BR-153/GO;Sul;Capotamento;1;;;;;1;;;;;1;2;;;
16/01/2020;13:38:00;344;com vítima;511,05;BR-153/GO;Sul;Colisão Traseira;1;;;1;;;;;;;1;2;;;
16/01/2020;14:26:00;364;sem vítima;511,02;BR-153/GO;Sul;Colisão Traseira;2;;;;;;;;;;2;;;;
16/01/2020;16:00:00;421;sem vítima;115,1;BR-060/GO;Norte;Colisão Transversal;;;1;;;;;;;1;3;;;;
16/01/2020;16:31:00;442;com vítima;596;BR-262/MG;Leste;Choque - Talude;1;;;;;;;;;;0;1;;;
16/01/2020;16:59:00;451;sem vítima;11;BR-060/DF;Sul;Choque- Poste/Equipamento;;;;;;;;;;1;1;;;;
16/01/2020;19:20:00;513;sem vítima;25,3;BR-060/GO;Sul;Tombamento;;;;;;;;;;1;1;;;;
16/01/2020;19:32:00;521;com vítima;367;BR-262/MG;Oeste;Colisão Traseira;1;;1;;;;;;;;2;1;;;
16/01/2020;20:25:00;545;sem vítima;69,5;BR-060/GO;Sul;Atropelamento de Animal;1;;;;;;;;;;1;;;;
17/01/2020;00:03:00;1;com vítima;122;BR-060/GO;Norte;Choque - Elemento de Drenagem;1;;;;;;;;;;0;;1;;
17/01/2020;02:11:00;24;sem vítima;506,503;BR-153/GO;Sul;Choque- Poste/Equipamento;;;1;;;;;;;;1;;;;
17/01/2020;02:29:00;25;com vítima;506,503;BR-153/GO;Sul;Choque- Poste/Equipamento;;;;1;;;;;;;0;1;;;
17/01/2020;03:01:00;30;com vítima;537,85;BR-262/MG;Oeste;Colisão Frontal;1;;1;;;;;;;;1;;4;;1
17/01/2020;03:54:00;34;sem vítima;709;BR-262/MG;Oeste;Saida de Pista;1;;;;;;;;;;1;;;;
17/01/2020;05:32:00;46;com vítima;466,959;BR-262/MG;Oeste;Tombamento;;;1;;;;;;;;0;1;;;
17/01/2020;08:00:00;117;sem vítima;505,995;BR-153/GO;Norte;Engavetamento;3;;;;;;;;;;3;;;;
17/01/2020;08:48:00;148;com vítima;586,2;BR-153/GO;Norte;Saida de Pista;;;;;;;;;;1;1;1;;;
17/01/2020;08:51:00;152;sem vítima;33,4;BR-060/GO;Sul;Colisão Traseira;;;;;;;;;;2;2;;;;
17/01/2020;09:20:00;172;sem vítima;382;BR-262/MG;Leste;Choque - Barreira;1;;;;;;;;;;1;;;;
17/01/2020;11:22:00;248;com vítima;120,1;BR-060/GO;Sul;Tombamento;;;1;;;;;;;;0;1;;;
17/01/2020;12:56:00;280;sem vítima;532,5;BR-153/GO;Sul;Saida de Pista;1;;;;;;;;;;1;;;;
17/01/2020;14:02:00;300;sem vítima;9,5;BR-060/DF;Norte;Colisão Traseira;2;;;;;;;;;;2;;;;
17/01/2020;14:12:00;303;com vítima;36,59;BR-060/GO;Sul;Capotamento;1;;;;;;;;;;0;;;1;
17/01/2020;15:19:00;344;com vítima;670;BR-153/GO;Sul;Choque - Elemento de Drenagem;1;;;;;;;;;;0;2;;;
17/01/2020;15:40:00;360;com vítima;499;BR-153/GO;Norte;Queda de Moto;;;;1;;;;;;;1;1;;;
17/01/2020;16:51:00;393;sem vítima;9;BR-060/DF;Norte;Saida de Pista;1;;;;;;;;;;1;;;;
17/01/2020;16:54:00;396;sem vítima;84;BR-153/MG;Norte;Capotamento;1;;;;;;;;;;1;;;;
17/01/2020;17:13:00;404;sem vítima;505,2;BR-153/GO;Sul;Engavetamento;3;;;;;;;;;;3;;;;
17/01/2020;17:28:00;416;com vítima;110;BR-060/GO;Sul;Capotamento;1;;;;;;;;;;0;;1;;
17/01/2020;17:34:00;427;com vítima;509;BR-153/GO;Norte;Colisão Traseira;1;;;1;;;;;;;1;1;;;
17/01/2020;18:02:00;435;com vítima;25,4;BR-060/GO;Sul;Queda de Moto;;;;1;;;;;;;0;;;1;
17/01/2020;18:37:00;453;sem vítima;242;BR-153/MG;Norte;Saida de Pista;;;1;;;;;;;;1;;;;
17/01/2020;19:08:00;469;com vítima;755;BR-262/MG;Leste;Colisão Lateral;2;;;;;;;;;;1;1;1;;
17/01/2020;20:42:00;513;sem vítima;122;BR-060/GO;Norte;Colisão Transversal;3;;;;;;;;;;3;;;;
17/01/2020;21:31:00;536;sem vítima;661;BR-262/MG;Leste;Colisão Traseira;1;;1;;;;;;;;2;;;;
18/01/2020;03:29:00;32;sem vítima;514;BR-153/GO;Norte;Colisão Traseira;2;;;;;;;;;;2;;;;
18/01/2020;06:28:00;61;sem vítima;367,35;BR-262/MG;Leste;Queda de Moto;;;;1;;;;;;;1;;;;
18/01/2020;09:27:00;159;com vítima;116,5;BR-060/GO;Sul;Saida de Pista;1;;;;;;;;;;3;1;;;
18/01/2020;15:44:00;412;com vítima;755;BR-262/MG;Oeste;Colisão Transversal;2;;;;;;;;;;0;4;2;;
18/01/2020;15:50:00;416;sem vítima;501,1;BR-153/GO;Sul;Engavetamento;3;;;;;;;;;;3;;;;
18/01/2020;15:51:00;417;sem vítima;501;BR-153/GO;Sul;Queda de Moto;1;;;1;;;;;;;3;;;;
18/01/2020;15:52:00;418;sem vítima;151;BR-153/MG;Norte;Saida de Pista;1;;;;;;;;;;1;;;;
18/01/2020;16:54:00;456;sem vítima;58;BR-153/MG;Sul;Colisão Traseira;;;;;;;;;;2;2;;;;
18/01/2020;17:01:00;460;com vítima;498,2;BR-153/GO;Norte;Colisão Traseira;2;;;;;;;;;;1;3;1;;1
18/01/2020;17:04:00;462;sem vítima;463;BR-262/MG;Oeste;Choque - Elemento de Drenagem;1;;;;;;;;;;3;;;;
18/01/2020;18:21:00;496;sem vítima;746;BR-262/MG;Leste;Colisão Lateral;1;;1;;;;;;;;2;;;;
18/01/2020;19:19:00;523;sem vítima;1,1;BR-060/GO;Sul;Choque - Talude;1;;;;;;;;;;4;;;;
18/01/2020;21:03:00;555;sem vítima;663,262;BR-153/GO;Norte;Choque - Elemento de Drenagem;;;1;;;;;;;;1;;;;
18/01/2020;22:49:00;583;sem vítima;381;BR-262/MG;Oeste;Colisão Lateral;1;;1;;;;;;;;6;;;;
18/01/2020;23:29:00;599;com vítima;172;BR-153/MG;Norte;Choque- Placa/Suporte Sinalização;;;;;;;;;;1;2;2;;;
19/01/2020;01:26:00;18;com vítima;700,5;BR-153/GO;Sul;Atropelamento - Sem Informação;;;;;1;;;;;;1;;;1;
19/01/2020;04:33:00;47;com vítima;64,653;BR-060/GO;Norte;Capotamento;1;;;;;;;;;;0;1;;;
19/01/2020;06:31:00;72;com vítima;75,5;BR-153/MG;Sul;Tombamento;;;1;;;;;;;;1;1;;;
19/01/2020;06:32:00;74;sem vítima;767;BR-262/MG;Oeste;Saida de Pista;1;;;;;;;;;;1;;;;
19/01/2020;07:06:00;83;sem vítima;10;BR-153/MG;Norte;Capotamento;1;;;;;;;;;;2;;;;
19/01/2020;10:14:00;194;sem vítima;385;BR-262/MG;Oeste;Queda de Moto;;;;1;;;;;;;1;;;;
19/01/2020;10:16:00;195;sem vítima;183,9;BR-153/MG;Sul;Saida de Pista;;;;;;;;;;1;2;;;;
19/01/2020;16:37:00;408;sem vítima;398;BR-262/MG;Leste;Saida de Pista;1;;;;;;;;;;2;;;;
19/01/2020;18:20:00;471;com vítima;507,8;BR-153/GO;Sul;Colisão Lateral;1;;;1;;;;;;;1;;1;;
19/01/2020;18:27:00;474;sem vítima;385;BR-262/MG;Oeste;Saida de Pista;1;;;;;;;;;;1;;;;
19/01/2020;19:23:00;500;com vítima;104,1;BR-153/MG;Sul;Capotamento;1;;;;;;;;;;0;1;;;
19/01/2020;19:45:00;513;com vítima;117,478;BR-060/GO;Sul;Engavetamento;2;;;;1;;;;;;3;;2;;
19/01/2020;22:11:00;565;sem vítima;66;BR-060/GO;Sul;Choque - Elemento de Drenagem;1;;;;;;;;;;5;;;;
20/01/2020;00:37:00;10;sem vítima;365,5;BR-262/MG;Oeste;Saida de Pista;1;;;;;;;;;;1;;;;
20/01/2020;02:34:00;27;sem vítima;171,3;BR-153/MG;Sul;Saida de Pista;1;;;;;;;;;;1;;;;
20/01/2020;05:44:00;50;sem vítima;529,741;BR-153/GO;Norte;Choque - Elemento de Drenagem;1;;;;;1;;;;;2;;;;
20/01/2020;06:34:00;63;sem vítima;134;BR-060/GO;Sul;Tombamento;;;1;;;;;;;;2;;;;
20/01/2020;07:05:00;74;com vítima;504,142;BR-153/GO;Sul;Queda de Moto;;;1;1;;;;;;;1;;;;1
20/01/2020;07:06:00;76;sem vítima;24;BR-060/GO;Norte;Choque - Talude;1;;;;;;;;;;1;;;;
20/01/2020;08:40:00;134;com vítima;512;BR-153/GO;Norte;Queda de Moto;;;;1;;;;;;;0;1;;;
20/01/2020;09:43:00;189;sem vítima;10,55;BR-153/MG;Sul;Capotamento;1;;;;;;;;;;5;;;;
20/01/2020;10:13:00;209;sem vítima;804;BR-262/MG;Oeste;Queda de Moto;;;;1;;;;;;;1;;;;
20/01/2020;10:42:00;230;sem vítima;804;BR-262/MG;Oeste;Tombamento;1;;1;1;;;;;;;3;;;;
20/01/2020;11:45:00;254;sem vítima;24,8;BR-153/MG;Sul;Colisão Traseira;2;;;;;;;;;;5;;;;
20/01/2020;11:56:00;264;sem vítima;609;BR-262/MG;Oeste;Choque - Elemento de Drenagem;1;;;;;;;;;;4;;;;
20/01/2020;12:45:00;291;sem vítima;642,6;BR-153/GO;Sul;Saida de Pista;1;;;;;;;;;;2;;;;
20/01/2020;13:21:00;316;com vítima;584,8;BR-262/MG;Leste;Capotamento;1;;;;;;;;;;0;;2;;
20/01/2020;14:15:00;340;sem vítima;507;BR-262/MG;Leste;Tombamento;;;1;;;;;;;;2;;;;
20/01/2020;14:29:00;347;sem vítima;126;BR-060/GO;Norte;Queda de Ciclista;;;;1;;;;;;;2;;;;
20/01/2020;15:56:00;377;sem vítima;187,7;BR-153/MG;Sul;Saida de Pista;1;;;;;;;;;;2;;;;
20/01/2020;16:59:00;394;sem vítima;386,5;BR-262/MG;Oeste;Choque - Outros;1;;;;;;;;;;2;;;;
20/01/2020;21:06:00;501;sem vítima;512;BR-262/MG;Oeste;Colisão Traseira;;;2;;;;;;;;2;;;;
21/01/2020;04:58:00;40;com vítima;15,2;BR-153/MG;Sul;Tombamento;;;2;;1;;;;;;40;;1;;
21/01/2020;08:16:00;81;sem vítima;548,2;BR-262/MG;Oeste;Saida de Pista;1;;;;;;;;;;2;;;;
21/01/2020;09:29:00;111;com vítima;97,45;BR-060/GO;Sul;Colisão Transversal;;;;2;;;;;;;1;1;;;
21/01/2020;11:38:00;181;com vítima;96,393;BR-060/GO;Norte;Colisão Traseira;1;;1;;;;;;;;2;1;;;
21/01/2020;12:24:00;201;com vítima;113;BR-060/GO;Norte;Capotamento;;;;;;;;;;1;0;2;;;
21/01/2020;12:39:00;205;sem vítima;120;BR-060/GO;Sul;Colisão Traseira;2;;;;;;;;;;2;;;;
21/01/2020;14:02:00;234;sem vítima;120,363;BR-060/GO;Sul;Colisão Transversal;1;;;;;;;;;;3;;;;
21/01/2020;15:55:00;282;sem vítima;579,8;BR-262/MG;Oeste;Tombamento;;;1;;;;;;;;1;;;;
21/01/2020;19:25:00;383;sem vítima;514,231;BR-153/GO;Norte;Colisão Lateral;2;;;;;;;;;;2;;;;
21/01/2020;21:08:00;415;sem vítima;500,274;BR-153/GO;Norte;Colisão Lateral;1;;;1;;;;;;;2;;;;
21/01/2020;21:28:00;422;sem vítima;631,114;BR-153/GO;Sul;Choque - Talude;;;1;;;;;;;;1;;;;
21/01/2020;23:40:00;464;com vítima;414,8;BR-262/MG;Oeste;Atropelamento - Sem Informação;1;;;;;;;;;;0;1;;;1
22/01/2020;05:59:00;49;sem vítima;540;BR-262/MG;Oeste;Carreta deu L;;;1;;;;;;;;1;;;;
22/01/2020;08:04:00;101;sem vítima;502;BR-153/GO;Norte;Colisão Traseira;2;;;;;;;;;;2;;;;
22/01/2020;08:53:00;129;sem vítima;231,9;BR-153/MG;Sul;Tombamento;;;1;;;;;;;;1;;;;
22/01/2020;10:14:00;168;com vítima;509;BR-153/GO;Sul;Queda de Moto;;;;2;;;;;;;1;3;;;
22/01/2020;12:11:00;214;sem vítima;37;BR-060/GO;Norte;Tombamento;;;;;;;;;;1;1;;;;
22/01/2020;14:11:00;260;com vítima;499,7;BR-153/GO;Norte;Colisão Traseira;1;;;1;;;;;;;1;;;1;
22/01/2020;15:41:00;295;sem vítima;500,8;BR-153/GO;Sul;Colisão Traseira;2;;;;;;;;;;2;;;;
22/01/2020;15:45:00;297;com vítima;89;BR-060/GO;Sul;Colisão Traseira;2;;;;;;;;;;1;1;;;
22/01/2020;16:14:00;315;com vítima;496;BR-153/GO;Norte;Queda de Moto;;;;1;;;;;;;1;1;;;
22/01/2020;17:11:00;341;sem vítima;114,2;BR-060/GO;Sul;Carreta deu L;1;;1;;;;;;;;2;;;;
22/01/2020;18:13:00;355;sem vítima;499,147;BR-153/GO;Sul;Engavetamento;5;;;;;;;;;;5;;;;
22/01/2020;18:54:00;373;com vítima;552,297;BR-153/GO;Sul;Capotamento;1;;;;;;;;;;0;1;;;
22/01/2020;22:01:00;432;com vítima;6,682;BR-060/DF;Norte;Choque- Poste/Equipamento;1;;;;;;;;;;0;1;;;
23/01/2020;00:10:00;1;com vítima;515,447;BR-153/GO;Sul;Colisão Traseira;1;;;2;;;;;;;1;;3;;
23/01/2020;07:46:00;92;sem vítima;499,375;BR-153/GO;Sul;Colisão Traseira;2;;;;;;;;;;2;;;;
23/01/2020;08:09:00;97;sem vítima;380;BR-262/MG;Leste;Saida de Pista;1;;;;;;;;;;1;;;;
23/01/2020;08:20:00;108;com vítima;65,7;BR-153/MG;Norte;Colisão Transversal;1;;1;;;;;;;;2;1;;;
23/01/2020;11:00:00;235;sem vítima;405,9;BR-262/MG;Leste;Colisão Traseira;;;2;;;;;;;;2;;;;
23/01/2020;11:01:00;236;sem vítima;546;BR-262/MG;Oeste;Choque - Talude;;;;;;;;;;1;1;;;;
23/01/2020;11:15:00;244;sem vítima;147,967;BR-153/MG;Sul;Colisão Lateral;1;;1;;;;;;;;4;;;;
23/01/2020;12:13:00;277;sem vítima;560,182;BR-153/GO;Norte;Choque - Defensa;1;;;;;;;;;;2;;;;
23/01/2020;12:16:00;278;com vítima;547,5;BR-262/MG;Leste;Colisão Frontal;1;;2;;;;;;;;2;3;;;
23/01/2020;13:34:00;302;sem vítima;116,27;BR-060/GO;Sul;Colisão Lateral;1;;1;;;;;;;;2;;;;
23/01/2020;14:24:00;319;sem vítima;52;BR-153/MG;Sul;Colisão Lateral;1;;1;;;;;;;;2;;;;
23/01/2020;14:24:00;320;com vítima;596,8;BR-262/MG;Oeste;Capotamento;;;;;;;;;;1;1;1;;;
23/01/2020;14:30:00;322;sem vítima;429;BR-262/MG;Leste;Choque - Elemento de Drenagem;1;;;;;;;;;;1;;;;
23/01/2020;14:35:00;324;com vítima;35,756;BR-060/GO;Sul;Choque - Defensa;1;;;;;;;;;;0;1;;;
23/01/2020;15:01:00;336;com vítima;382;BR-262/MG;Oeste;Choque - Elemento de Drenagem;1;;;;;;;;;;0;1;;;
23/01/2020;15:03:00;337;sem vítima;380;BR-262/MG;Leste;Choque - Talude;1;;;;;;;;;;1;;;;
23/01/2020;15:08:00;338;sem vítima;116,27;BR-060/GO;Norte;Colisão Traseira;1;;1;;;;;;;;2;;;;
23/01/2020;16:16:00;352;com vítima;369;BR-262/MG;Leste;Choque - Barreira;;;;;;;;;;1;1;;1;;
23/01/2020;16:35:00;359;sem vítima;686;BR-153/GO;Norte;Queda de Moto;;;;1;;;;;;;1;;;;
23/01/2020;17:04:00;374;sem vítima;655;BR-153/GO;Norte;Choque - Talude;;;1;;;;;;;;1;;;;
23/01/2020;17:05:00;376;sem vítima;95;BR-060/GO;Norte;Colisão Traseira;2;;;;;;;;;;2;;;;
23/01/2020;17:19:00;383;sem vítima;226,5;BR-153/MG;Sul;Saida de Pista;1;;;;;;;;;;2;;;;
23/01/2020;18:48:00;414;com vítima;504;BR-153/GO;Sul;Colisão Traseira;;;;1;;1;;;;;1;1;;;
23/01/2020;20:56:00;466;sem vítima;580;BR-262/MG;Oeste;Saida de Pista;1;;;;;;;;;;1;;;;
23/01/2020;22:14:00;490;sem vítima;514;BR-153/GO;Sul;Colisão Lateral;1;;;;;;;;;;1;;;;
23/01/2020;23:38:00;506;sem vítima;635,662;BR-262/MG;Leste;Atropelamento de Animal;1;;;;;;;;;;1;;;;
24/01/2020;01:42:00;23;com vítima;135,9;BR-060/GO;Sul;Saida de Pista;;;;;;;;;;1;0;1;;;
24/01/2020;03:29:00;35;sem vítima;171,6;BR-153/MG;Sul;Capotamento;1;;;;;;;;;;1;;;;
24/01/2020;07:52:00;98;com vítima;93;BR-060/GO;Sul;Colisão Lateral;2;;;;;;;;;;5;1;1;;
24/01/2020;08:52:00;127;sem vítima;437;BR-262/MG;Leste;Choque - Talude;1;;;;;;;;;;1;;;;
24/01/2020;09:16:00;142;sem vítima;500,8;BR-153/GO;Norte;Colisão Lateral;1;;1;;;;;;;;2;;;;
24/01/2020;11:16:00;222;sem vítima;387;BR-262/MG;Oeste;Choque - Elemento de Drenagem;1;;;;;;;;;;1;;;;
24/01/2020;12:17:00;268;sem vítima;376;BR-262/MG;Oeste;Capotamento;1;;;;;;;;;;1;;;;
24/01/2020;12:30:00;269;sem vítima;666;BR-153/GO;Sul;Choque- Placa/Suporte Sinalização;;;;;;;;;;1;1;;;;
24/01/2020;12:31:00;270;sem vítima;500,3;BR-153/GO;Sul;Engavetamento;1;;2;;;;;;;;6;;;;
24/01/2020;13:30:00;305;sem vítima;553,5;BR-262/MG;Leste;Choque - Elemento de Drenagem;;;1;;;;;;;;1;;;;
24/01/2020;13:33:00;307;sem vítima;548;BR-262/MG;Leste;Capotamento;1;;;;;;;;;;1;;;;
24/01/2020;15:11:00;367;sem vítima;149,564;BR-153/MG;Sul;Capotamento;;;;;;;;;;1;4;;;;
24/01/2020;15:35:00;388;sem vítima;502;BR-153/GO;Norte;Colisão Traseira;1;;1;;;;;;;;2;;;;
24/01/2020;16:53:00;439;com vítima;431;BR-262/MG;Oeste;Tombamento;;;1;;;;;;;;0;1;1;;1
24/01/2020;17:23:00;458;sem vítima;21,106;BR-153/MG;Sul;Saida de Pista;;;1;;;1;;;;;2;;;;
24/01/2020;17:29:00;461;sem vítima;699;BR-262/MG;Leste;Saida de Pista;;;1;;;;;;;;1;;;;
24/01/2020;17:35:00;465;sem vítima;447,5;BR-262/MG;Oeste;Colisão Traseira;2;;;;;;;;;;2;;;;
24/01/2020;18:18:00;486;com vítima;130;BR-153/MG;Sul;Colisão Lateral;;;2;;;;;;;;0;3;;;
24/01/2020;18:58:00;504;com vítima;25;BR-060/DF;Norte;Capotamento;1;;;;;;;;;;0;1;;;
24/01/2020;19:23:00;517;sem vítima;100;BR-060/GO;Sul;Choque - Veiculo parado no acostamento;2;;;;;;;;;;2;;;;
24/01/2020;20:21:00;551;com vítima;504,131;BR-153/GO;Sul;Queda de Ciclista;;;;1;;;;;;;1;1;;;