data;horario;n_da_ocorrencia;tipo_de_ocorrencia;km;trecho;sentido;tipo_de_acidente;automovel;bicicleta;caminhao;moto;onibus;outros;tracao_animal;transporte_de_cargas_especiais;trator_maquinas;utilitarios;ilesos;levemente_feridos;moderadamente_feridos;gravemente_feridos;mortos
24/01/2020;20:27:00;554;sem vítima;429;BR-262/MG;Leste;Carreta deu L;;;1;;;;;;;;1;;;;
24/01/2020;22:25:00;606;sem vítima;566;BR-262/MG;Oeste;Colisão Traseira;2;;;;;;;;;;7;;;;
24/01/2020;23:46:00;633;sem vítima;429;BR-262/MG;Leste;Choque - Talude;1;;;;;;;;;;1;;;;
25/01/2020;05:08:00;61;sem vítima;118;BR-060/GO;Norte;Colisão Traseira;2;;;;;;;;;;6;;;;
25/01/2020;06:29:00;78;com vítima;591;BR-153/GO;Norte;Capotamento;1;;;;;;;;;;0;1;;;
25/01/2020;07:21:00;90;com vítima;504,12;BR-153/GO;Sul;Queda de Moto;;;;1;;;;;;;0;2;;;
25/01/2020;08:48:00;128;sem vítima;0,3;BR-060/GO;Sul;Saida de Pista;1;;;;;;;;;;1;;;;
25/01/2020;09:02:00;133;com vítima;82;BR-060/GO;Sul;Capotamento;1;;;;;;;;;;0;;2;;
25/01/2020;09:12:00;141;sem vítima;84;BR-060/GO;Norte;Choque - Elemento de Drenagem;;;;;;;;;;1;1;;;;
25/01/2020;10:49:00;202;com vítima;365;BR-262/MG;Oeste;Queda de Moto;;;;1;;;;;;;0;1;1;;
25/01/2020;13:10:00;292;sem vítima;100,1;BR-060/GO;Norte;Saida de Pista;;;;;;;;;;1;1;;;;
25/01/2020;13:16:00;298;sem vítima;100,11;BR-060/GO;Norte;Saida de Pista;1;;;;;;;;;;5;;;;
25/01/2020;13:34:00;304;sem vítima;48,7;BR-060/GO;Norte;Saida de Pista;1;;;;;;;;;;2;;;;
25/01/2020;14:17:00;333;sem vítima;94;BR-060/GO;Sul;Choque - Elemento de Drenagem;1;;;;;;;;;;1;;;;
25/01/2020;16:30:00;389;sem vítima;557,845;BR-153/GO;Norte;Capotamento;1;;;;;;;;;;2;;;;
25/01/2020;17:40:00;424;sem vítima;543,4;BR-153/GO;Sul;Capotamento;1;;;;;;;;;;1;;;;
25/01/2020;18:53:00;456;sem vítima;19;BR-060/DF;Norte;Choque - Elemento de Drenagem;1;;;;;;;;;;1;;;;
25/01/2020;19:08:00;463;sem vítima;26;BR-060/GO;Sul;Saida de Pista;1;;;;;;;;;;1;;;;
25/01/2020;19:34:00;467;com vítima;529;BR-153/GO;Norte;Colisão Traseira;1;;1;;;;;;;;1;;1;;
25/01/2020;21:52:00;528;com vítima;577;BR-262/MG;Oeste;Colisão Lateral;1;;1;;;;;;;;2;1;;;
26/01/2020;06:38:00;105;sem vítima;526;BR-262/MG;Leste;Saida de Pista;1;;;;;;;;;;2;;;;
26/01/2020;09:24:00;229;sem vítima;245,1;BR-153/MG;Sul;Colisão Lateral;2;;;;;1;;;;;5;;;;
26/01/2020;12:59:00;323;com vítima;385,12;BR-262/MG;Leste;Queda em Ribanceira;1;;;;;;;;;;0;1;;;
26/01/2020;15:19:00;390;sem vítima;672,5;BR-262/MG;Oeste;Tombamento;;;1;;;;;;;;1;;;;
26/01/2020;15:54:00;422;sem vítima;631;BR-153/GO;Norte;Capotamento;;;;;;1;;;;1;4;;;;
26/01/2020;16:06:00;430;com vítima;579,7;BR-153/GO;Norte;Capotamento;1;;;;;;;;;;1;;1;;
26/01/2020;18:21:00;491;sem vítima;507,961;BR-153/GO;Sul;Colisão Lateral;2;;;;;;;;;;4;;;;
26/01/2020;18:29:00;499;sem vítima;557,606;BR-153/GO;Norte;Choque - Elemento de Drenagem;1;;;;;;;;;;5;;;;
26/01/2020;18:32:00;500;com vítima;532,811;BR-153/GO;Norte;Capotamento;1;;;;;;;;;;3;1;;;
26/01/2020;19:29:00;521;sem vítima;659;BR-153/GO;Sul;Atropelamento de Animal;1;;;;;;;;;;1;;;;
26/01/2020;20:37:00;550;sem vítima;128,511;BR-060/GO;Norte;Saida de Pista;1;;;;;;;;;;2;;;;
26/01/2020;21:52:00;581;com vítima;367;BR-262/MG;Leste;Queda de Ciclista;;;;1;;;;;;;0;1;;;
26/01/2020;22:23:00;592;sem vítima;113,609;BR-060/GO;Sul;Choque - Talude;1;;;;;;;;;;1;;;;
26/01/2020;22:25:00;593;sem vítima;800;BR-262/MG;Oeste;Choque- Placa/Suporte Sinalização;1;;;;;;;;;;2;;;;
26/01/2020;22:55:00;600;com vítima;500,302;BR-153/GO;Norte;Queda de Moto;;;;1;;;;;;;0;2;;;
27/01/2020;06:08:00;76;com vítima;508,778;BR-153/GO;Sul;Queda de Moto;;;;1;;;;;;;0;1;;;
27/01/2020;08:11:00;161;com vítima;497,256;BR-153/GO;Sul;Queda de Moto;;;;1;;;;;;;0;1;;;
27/01/2020;08:26:00;179;sem vítima;377;BR-262/MG;Leste;Colisão Traseira;1;;1;;;;;;;;2;;;;
27/01/2020;13:44:00;443;sem vítima;446;BR-262/MG;Oeste;Colisão Traseira;1;;;;;;;;;;1;;;;
27/01/2020;14:02:00;452;sem vítima;16,5;BR-060/GO;Norte;Saida de Pista;1;;;;;;;;;;1;;;;
27/01/2020;14:16:00;467;sem vítima;430,5;BR-262/MG;Leste;Choque - Elemento de Drenagem;;;1;;;;;;;;1;;;;
27/01/2020;16:22:00;534;sem vítima;113;BR-060/GO;Sul;Queda de Moto;;;;1;;;;;;;1;;;;
27/01/2020;23:22:00;710;sem vítima;22;BR-153/MG;Norte;Choque - Talude;;;1;;;1;;;;;2;;;;
28/01/2020;05:25:00;61;sem vítima;558;BR-153/GO;Sul;Saida de Pista;1;;;;;;;;;;1;;;;
28/01/2020;06:29:00;73;sem vítima;402,5;BR-262/MG;Leste;Tombamento;;;1;;;;;;;;1;;;;
28/01/2020;06:44:00;91;sem vítima;15,2;BR-153/MG;Norte;Tombamento;;;1;;;;;;;;1;;;;
28/01/2020;11:08:00;308;sem vítima;660;BR-262/MG;Oeste;Colisão Lateral;;;2;;;;;;;;2;;;;
28/01/2020;13:25:00;385;sem vítima;448,057;BR-262/MG;Oeste;Tombamento;;;1;;;;;;;;3;;;;
28/01/2020;16:01:00;440;com vítima;245,293;BR-153/MG;Sul;Colisão Lateral;1;;1;;;;;;;;1;2;;;
28/01/2020;18:25:00;502;com vítima;504;BR-153/GO;Sul;Queda de Ciclista;;;;2;;;;;;;1;1;;;
28/01/2020;18:40:00;512;sem vítima;19;BR-060/GO;Sul;Saida de Pista;1;;;;;;;;;;2;;;;
28/01/2020;21:49:00;598;sem vítima;546,557;BR-262/MG;Leste;Choque - Talude;1;;;;;;;;;;1;;;;
28/01/2020;23:06:00;623;com vítima;477,523;BR-262/MG;Leste;Tombamento;;;1;;;;;;;;0;1;;;
29/01/2020;00:58:00;9;com vítima;479,892;BR-262/MG;Oeste;Colisão Frontal;1;;1;;;;;;;;1;;;1;
29/01/2020;06:25:00;66;com vítima;1,8;BR-060/DF;Norte;Choque- Poste/Equipamento;1;;;;;;;;;;0;1;;;
29/01/2020;07:31:00;98;sem vítima;443;BR-262/MG;Leste;Saida de Pista;1;;;;;;;;;;1;;;;
29/01/2020;07:46:00;104;com vítima;93;BR-060/GO;Sul;Colisão Transversal;;;1;1;;;;;;;1;1;;;
29/01/2020;08:15:00;115;sem vítima;506;BR-153/GO;Norte;Engavetamento;3;;1;;;;;;;;4;;;;
29/01/2020;11:31:00;236;sem vítima;47,4;BR-153/MG;Norte;Saida de Pista;1;;;;;1;;;;;4;;;;
29/01/2020;12:04:00;243;sem vítima;670;BR-262/MG;Leste;Colisão Traseira;1;;;;;;;;;1;3;;;;
29/01/2020;13:09:00;260;sem vítima;603;BR-153/GO;Sul;Atropelamento de Animal;1;;;;;;;;;;1;;;;
29/01/2020;14:58:00;306;sem vítima;543;BR-153/GO;Norte;Queda em Ribanceira;;;;;;;;;;1;2;;;;
29/01/2020;16:51:00;345;sem vítima;500;BR-153/GO;Sul;Colisão Traseira;;;2;;;;;;;;2;;;;
29/01/2020;17:43:00;368;sem vítima;387;BR-262/MG;Leste;Tombamento;;;1;;;;;;;;1;;;;
29/01/2020;21:15:00;458;sem vítima;432;BR-262/MG;Leste;Capotamento;1;;;;;;;;;;1;;;;
29/01/2020;22:22:00;486;com vítima;355,9;BR-262/MG;Oeste;Tombamento;;;1;;;;;;;;0;;1;;
29/01/2020;23:55:00;512;com vítima;66,23;BR-060/GO;Norte;Queda de Moto;;;;1;;;;;;;1;1;;;
30/01/2020;01:19:00;10;sem vítima;237;BR-153/MG;Sul;Colisão Frontal;2;;;;;;;;;;2;;;;
30/01/2020;09:36:00;161;com vítima;83,1;BR-060/GO;Sul;Capotamento;1;;;;;;;;;;1;3;;;
30/01/2020;10:34:00;193;sem vítima;553;BR-153/GO;Norte;Colisão Traseira;;;2;;;;;;;;2;;;;
30/01/2020;12:37:00;250;sem vítima;86;BR-060/GO;Sul;Queda de Moto;;;;1;;;;;;;1;;;;
30/01/2020;17:23:00;381;sem vítima;516;BR-153/GO;Norte;Colisão Traseira;1;;1;;;;;;;;2;;;;
30/01/2020;18:17:00;413;sem vítima;508,504;BR-153/GO;Norte;Queda de Moto;1;;;1;;;;;;;2;;;;
30/01/2020;18:22:00;417;sem vítima;681;BR-153/GO;Sul;Saida de Pista;;;;;;;;;;1;6;;;;
30/01/2020;20:22:00;476;sem vítima;465;BR-262/MG;Oeste;Choque - Outros;;;2;;;;;;;;2;;;;
30/01/2020;20:22:00;477;com vítima;96,856;BR-060/GO;Sul;Capotamento;1;;;;;;;;;;0;1;;;
31/01/2020;03:54:00;50;com vítima;547,5;BR-262/MG;Leste;Colisão Frontal;;;3;;;;;;;;0;2;;;1
31/01/2020;05:40:00;68;sem vítima;365,3;BR-262/MG;Leste;Colisão Traseira;;;2;;;;;;;;2;;;;
31/01/2020;06:23:00;78;com vítima;500,45;BR-153/GO;Sul;Queda de Moto;;;;1;;;;;;;1;1;;;
31/01/2020;06:58:00;88;com vítima;70;BR-153/MG;Sul;Capotamento;1;;;;;;;;;;0;1;;;
31/01/2020;07:02:00;90;com vítima;499,086;BR-153/GO;Sul;Engavetamento;2;;;2;;;;;;;3;1;;;
31/01/2020;07:03:00;91;sem vítima;506,122;BR-153/GO;Sul;Colisão Lateral;1;;;;;1;;;;;2;;;;
31/01/2020;07:37:00;101;sem vítima;498,358;BR-153/GO;Sul;Engavetamento;4;;;;;;;;;;4;;;;
31/01/2020;07:41:00;102;sem vítima;25,675;BR-060/GO;Sul;Choque - Defensa;;;;;;;;;;1;1;;;;
31/01/2020;14:40:00;300;sem vítima;547;BR-262/MG;Oeste;Choque- Placa/Suporte Sinalização;1;;;;;;;;;;3;;;;
31/01/2020;17:09:00;376;sem vítima;662;BR-153/GO;Sul;Choque - Objeto sobre a pista;;;1;;;;;;;1;4;;;;
31/01/2020;18:51:00;443;sem vítima;516;BR-153/GO;Sul;Colisão Lateral;1;;1;;;;;;;;2;;;;
31/01/2020;18:56:00;448;sem vítima;113;BR-060/GO;Sul;Tombamento;;;1;;;;;;;;1;;;;
31/01/2020;19:10:00;461;sem vítima;499,8;BR-153/GO;Sul;Colisão Lateral;1;;1;;;;;;;;2;;;;
31/01/2020;19:31:00;467;com vítima;501,5;BR-153/GO;Sul;Colisão Traseira;2;;;;;;;;;;3;1;;;
31/01/2020;19:49:00;479;sem vítima;104;BR-060/GO;Norte;Saida de Pista;1;;;;;;;;;;1;;;;
31/01/2020;21:08:00;519;com vítima;541;BR-153/GO;Norte;Capotamento;1;;;;;;;;;;2;2;1;;
01/06/2020;10:00:00;140;sem vítima;43;BR-060/GO;Sul;Colisão Lateral;1;;1;;;;;;;;2;;;;
01/06/2020;13:29:00;242;sem vítima;499;BR-153/GO;Sul;Engavetamento;1;;;;;2;;;;;3;;;;
01/06/2020;13:36:00;246;sem vítima;499;BR-153/GO;Sul;Choque - Talude;;;1;;;;;;;;1;;;;
01/06/2020;14:11:00;261;sem vítima;506;BR-153/GO;Sul;Colisão Traseira;1;;1;;;;;;;;3;;;;
01/06/2020;14:14:00;264;sem vítima;432;BR-262/MG;Leste;Choque - Defensa;1;;;;;;;;;;2;;;;
01/06/2020;17:02:00;325;sem vítima;111,9;BR-060/GO;Norte;Colisão Lateral;1;;1;;;;;;;;5;;;;
01/06/2020;17:33:00;333;com vítima;450;BR-262/MG;Leste;Colisão Lateral;;1;;1;;;;;;;1;1;;;
01/06/2020;18:32:00;360;com vítima;237;BR-153/MG;Norte;Colisão Transversal;;;;;;;;;;2;1;;1;;
01/06/2020;19:18:00;374;com vítima;760;BR-262/MG;Oeste;Colisão Traseira;2;;;;;;;;;;2;2;;;
02/06/2020;04:07:00;32;sem vítima;40,8;BR-153/MG;Sul;Tombamento;;;1;;;;;;;;1;;;;
02/06/2020;04:08:00;33;sem vítima;418;BR-262/MG;Leste;Colisão Traseira;;;2;;;;;;;;2;;;;
02/06/2020;07:32:00;70;com vítima;245;BR-153/MG;Sul;Colisão Lateral;1;;1;;;;;;;;1;1;;;
02/06/2020;07:42:00;75;sem vítima;139;BR-153/MG;Sul;Colisão Traseira;;;2;;;;;;;;2;;;;
02/06/2020;07:59:00;85;sem vítima;497,76;BR-153/GO;Norte;Objeto lançado contra veículo;1;;1;;;;;;;;2;;;;
02/06/2020;10:32:00;165;com vítima;2;BR-060/DF;Sul;Capotamento;;;;;;;;;;1;0;1;;;
02/06/2020;13:15:00;244;com vítima;101;BR-060/GO;Sul;Colisão Traseira;2;;1;;;;;;;;4;1;;;
02/06/2020;15:01:00;288;com vítima;532,925;BR-153/GO;Sul;Queda de Moto;;;;1;;;;;;;0;1;;;
02/06/2020;17:02:00;343;com vítima;607,3;BR-262/MG;Leste;Choque - Outros;1;;;;;;;;;;0;1;;;
02/06/2020;18:30:00;384;com vítima;369;BR-262/MG;Leste;Queda de Ciclista;;1;;;;;;;;;0;1;;;
03/06/2020;01:09:00;15;sem vítima;512;BR-262/MG;Leste;Atropelamento de Animal;;;1;;;;;;;;1;;;;
03/06/2020;06:29:00;58;sem vítima;92,015;BR-153/MG;Sul;Tombamento;;;1;;;;;;;;1;;;;
03/06/2020;08:11:00;112;sem vítima;88,5;BR-060/GO;Norte;Colisão Traseira;2;;;;;;;;;;2;;;;
03/06/2020;12:14:00;290;sem vítima;418;BR-262/MG;Leste;Colisão Lateral;2;;;;;;;;;;3;;;;
03/06/2020;12:28:00;297;sem vítima;554,8;BR-262/MG;Oeste;Engavetamento;1;;3;;;;;;;;4;;;;
03/06/2020;12:53:00;309;sem vítima;679;BR-262/MG;Oeste;Tombamento;;;1;;;;;;;;1;;;;
03/06/2020;16:05:00;402;sem vítima;410;BR-262/MG;Leste;Choque - Arvore;1;;;;;;;;;;1;;;;
03/06/2020;18:17:00;456;sem vítima;360;BR-262/MG;Oeste;Colisão Transversal;1;;;;;1;;;;;2;;;;
03/06/2020;19:59:00;492;sem vítima;686;BR-153/GO;Norte;Choque - Veiculo parado na pista;;;1;;;;;;;1;3;;;;
04/06/2020;01:55:00;24;sem vítima;547,8;BR-262/MG;Oeste;Tombamento;;;1;;;;;;;;2;;;;
04/06/2020;04:30:00;42;sem vítima;366;BR-262/MG;Oeste;Atropelamento de Animal;;;1;;;;;;;;1;;;;
04/06/2020;06:27:00;61;sem vítima;408;BR-262/MG;Leste;Tombamento;;;1;;;;;;;;1;;;;
04/06/2020;06:39:00;70;sem vítima;491,355;BR-153/GO;Norte;Choque - Elemento de Drenagem;;;;;;;;;;1;2;;;;
04/06/2020;08:03:00;130;sem vítima;5;BR-060/DF;Sul;Choque- Poste/Equipamento;;;1;;;;;;;;1;;;;
04/06/2020;11:08:00;285;sem vítima;3;BR-060/DF;Norte;Colisão Lateral;2;;;;;;;;;;3;;;;
04/06/2020;11:25:00;295;sem vítima;74;BR-060/GO;Norte;Saida de Pista;1;;;;;;;;;;1;;;;
04/06/2020;14:34:00;383;com vítima;502;BR-153/GO;Sul;Colisão Lateral;;;;1;;;;;;1;1;1;;;
04/06/2020;15:02:00;397;sem vítima;655;BR-153/GO;Norte;Capotamento;;;;;;;;;;1;1;;;;
04/06/2020;18:44:00;500;sem vítima;568;BR-262/MG;Oeste;Colisão Lateral;1;;1;;;;;;;;3;;;;
04/06/2020;19:44:00;526;com vítima;816,7;BR-262/MG;Oeste;Colisão Frontal;;1;1;;;;;;;;1;;;;1
04/06/2020;21:28:00;563;com vítima;20,3;BR-060/GO;Norte;Colisão Lateral;1;;;1;;;;;;;0;;1;;1
05/06/2020;06:08:00;61;com vítima;109,25;BR-153/MG;Sul;Colisão Lateral;1;;;1;;;;;;;3;1;;;
05/06/2020;07:46:00;108;sem vítima;559;BR-153/GO;Norte;Choque - Elemento de Drenagem;1;;;;;;;;;;1;;;;
05/06/2020;08:11:00;120;sem vítima;537;BR-262/MG;Oeste;Colisão Traseira;;;1;;;;;;;1;2;;;;
05/06/2020;09:39:00;172;sem vítima;597,8;BR-153/GO;Sul;Choque - Outros;;;1;;;;;;;1;2;;;;
05/06/2020;11:33:00;249;com vítima;369,363;BR-262/MG;Oeste;Tombamento;;;1;;;;;;;;0;1;;;
05/06/2020;11:40:00;256;sem vítima;694,1;BR-262/MG;Leste;Engavetamento;;;2;;;;;;;1;3;;;;
05/06/2020;14:42:00;329;sem vítima;497,7;BR-153/GO;Sul;Colisão Traseira;1;;1;;;;;;;;2;;;;
05/06/2020;14:43:00;330;sem vítima;590;BR-153/GO;Sul;Colisão Traseira;;;2;;;;;;;;2;;;;
05/06/2020;20:06:00;487;com vítima;512;BR-153/GO;Sul;Queda de Ciclista;;;;1;;;;;;;1;1;;;
05/06/2020;23:20:00;542;com vítima;495;BR-153/GO;Norte;Saida de Pista;1;;;;;;;;;;1;1;;;
06/06/2020;00:27:00;16;com vítima;631,113;BR-262/MG;Leste;Atropelamento - Sem Informação;;;1;;;;;;;;1;;;1;
06/06/2020;00:42:00;18;com vítima;105,5;BR-060/GO;Sul;Queda de Moto;;;;1;;;;;;;0;1;;;
06/06/2020;01:27:00;28;sem vítima;422,949;BR-262/MG;Leste;Saida de Pista;;;;;;;;;;1;1;;;;
06/06/2020;03:32:00;38;sem vítima;128;BR-060/GO;Norte;Queda de Moto;;;;1;;;;;;;2;;;;
06/06/2020;08:30:00;137;sem vítima;511,75;BR-262/MG;Oeste;Capotamento;1;;;;;1;;;;;3;;;;
06/06/2020;08:55:00;149;sem vítima;538,312;BR-153/GO;Sul;Colisão Lateral;1;;1;;;;;;;;2;;;;
06/06/2020;09:43:00;180;sem vítima;6;BR-153/MG;Sul;Capotamento;1;;;;;;;;;;2;;;;
06/06/2020;10:34:00;212;com vítima;38,609;BR-060/GO;Norte;Capotamento;1;;;;;;;;;;0;1;;;
06/06/2020;11:44:00;261;sem vítima;107,787;BR-060/GO;Norte;Colisão Lateral;1;;1;;;;;;;;3;;;;
06/06/2020;14:52:00;360;com vítima;412,5;BR-262/MG;Oeste;Colisão Frontal;;;1;;;;;;;1;1;;;1;
06/06/2020;17:02:00;422;sem vítima;491;BR-153/GO;Norte;Colisão Lateral;;;;1;;;;;;1;4;;;;
06/06/2020;17:35:00;431;sem vítima;217,8;BR-153/MG;Norte;Capotamento;1;;;;;;;;;;3;;;;
06/06/2020;17:52:00;437;sem vítima;533,374;BR-153/GO;Sul;Capotamento;;;;;;;;;;1;1;;;;
06/06/2020;18:41:00;448;sem vítima;514;BR-153/GO;Norte;Colisão Transversal;2;;;;;;;;;;2;;;;
07/06/2020;03:00:00;31;sem vítima;99,5;BR-153/MG;Sul;Capotamento;1;;;;;;;;;;1;;;;
07/06/2020;07:40:00;115;sem vítima;787;BR-262/MG;Oeste;Choque - Elemento de Drenagem;;;;;;;;;;1;1;;;;
07/06/2020;09:58:00;220;com vítima;7;BR-060/DF;Sul;Colisão Traseira;2;;;;;;;;;;2;;1;;
07/06/2020;10:32:00;248;com vítima;25,3;BR-060/GO;Norte;Colisão Traseira;1;;;2;;;;;;;2;1;;;1
07/06/2020;11:04:00;276;sem vítima;6,5;BR-060/DF;Sul;Engavetamento;3;;;;;;;;;;3;;;;
07/06/2020;11:20:00;289;com vítima;636;BR-153/GO;Norte;Queda de Moto;;;;1;;;;;;;0;2;;;
07/06/2020;18:27:00;516;sem vítima;690;BR-262/MG;Oeste;Colisão Traseira;2;;;;;;;;;;5;;;;
07/06/2020;18:41:00;523;sem vítima;16;BR-060/DF;Norte;Colisão Lateral;;;;1;;1;;;;;2;;;;
07/06/2020;19:28:00;550;com vítima;15;BR-060/DF;Norte;Colisão Traseira;1;;;1;;;;;;;1;;1;;
07/06/2020;21:09:00;591;com vítima;368;BR-262/MG;Leste;Capotamento;;;;;;;;;;1;0;;1;;
07/06/2020;22:15:00;615;com vítima;504;BR-153/GO;Sul;Queda de Moto;;;;1;;;;;;;0;;1;;
08/06/2020;00:02:00;1;sem vítima;552;BR-262/MG;Oeste;Choque - Elemento de Drenagem;;;1;;;;;;;;1;;;;
08/06/2020;00:47:00;9;sem vítima;431;BR-262/MG;Oeste;Choque - Barreira;1;;;;;;;;;;2;;;;
08/06/2020;02:16:00;29;com vítima;4,66;BR-153/MG;Norte;Colisão Traseira;;1;1;;;;;;;;3;;;;1
08/06/2020;04:47:00;41;com vítima;802,2;BR-262/MG;Oeste;Choque - Veiculo parado na pista;;;;;;1;;;;1;2;1;1;;
08/06/2020;07:50:00;129;com vítima;423,747;BR-262/MG;Oeste;Choque - Elemento de Drenagem;;;;1;;;;;;;0;1;;;
08/06/2020;07:59:00;131;com vítima;512,8;BR-153/GO;Sul;Queda de Moto;;;;1;;;;;;;0;;1;;
08/06/2020;09:00:00;174;sem vítima;532,178;BR-153/GO;Sul;Choque - Defensa;1;;;;;;;;;;1;;;;
08/06/2020;10:06:00;226;com vítima;554;BR-153/GO;Norte;Saida de Pista;1;;;;;;;;;;0;2;;;
08/06/2020;11:01:00;260;sem vítima;521;BR-153/GO;Sul;Colisão Lateral;1;;;;;1;;;;1;5;;;;
08/06/2020;11:51:00;299;com vítima;507,8;BR-153/GO;Sul;Colisão Traseira;2;;;;;;;;;;1;1;;;
08/06/2020;15:55:00;452;sem vítima;359;BR-262/MG;Leste;Choque- Poste/Equipamento;1;;;;;;;;;;1;;;;
08/06/2020;17:01:00;490;com vítima;379,745;BR-262/MG;Leste;Capotamento;1;;;;;;;;;;1;;1;;
08/06/2020;17:07:00;493;sem vítima;501,85;BR-153/GO;Sul;Engavetamento;3;;;;;;;;;;4;;;;
08/06/2020;17:35:00;516;sem vítima;602;BR-153/GO;Sul;Colisão Traseira;;;1;;;;;;;1;3;;;;
08/06/2020;18:23:00;537;sem vítima;500;BR-153/GO;Sul;Engavetamento;2;;;;;2;;;;;4;;;;
08/06/2020;19:42:00;570;sem vítima;497;BR-153/GO;Sul;Colisão Traseira;1;;1;;;;;;;;2;;;;
08/06/2020;21:18:00;604;com vítima;32;BR-060/GO;Norte;Atropelamento - Sem Informação;1;;;;;;;;;;1;;;1;
09/06/2020;03:17:00;34;sem vítima;599,001;BR-262/MG;Leste;Tombamento;;;1;;;;;;;;1;;;;
09/06/2020;04:35:00;49;sem vítima;415,73;BR-262/MG;Leste;Saida de Pista;1;;;;;;;;;;1;;;;
09/06/2020;06:32:00;69;sem vítima;547;BR-153/GO;Sul;Tombamento;;;1;;;;;;;;1;;;;
09/06/2020;08:09:00;125;sem vítima;667,227;BR-153/GO;Sul;Tombamento;;;1;;;;;;;;1;;;;
09/06/2020;09:04:00;175;sem vítima;3;BR-060/DF;Sul;Colisão Traseira;2;;;;;;;;;;2;;;;
09/06/2020;11:08:00;255;sem vítima;581,952;BR-262/MG;Oeste;Tombamento;;;1;;;;;;;;1;;;;
09/06/2020;17:09:00;427;sem vítima;353;BR-262/MG;Leste;Choque - Defensa;1;;;;;1;;;;;2;;;;
09/06/2020;18:39:00;476;sem vítima;17,3;BR-153/MG;Norte;Saida de Pista;1;;;;;;;;;;1;;;;
10/06/2020;01:55:00;25;com vítima;589,8;BR-153/GO;Sul;Saida de Pista;;;1;;;;;;;;0;;1;;1
10/06/2020;06:06:00;55;sem vítima;22,637;BR-060/DF;Sul;Saida de Pista;1;;;;;;;;;;1;;;;
10/06/2020;07:44:00;94;com vítima;101;BR-060/GO;Sul;Colisão Lateral;1;;;1;;;;;;;1;1;;;
10/06/2020;08:45:00;126;com vítima;693,92;BR-262/MG;Leste;Tombamento;;;1;;;;;;;;0;1;;;
10/06/2020;09:53:00;157;sem vítima;694,855;BR-262/MG;Oeste;Colisão Traseira;2;;;;;;;;;;2;;;;
10/06/2020;14:03:00;283;sem vítima;14,119;BR-060/GO;Norte;Capotamento;;;1;;;;;;;;1;;;;
10/06/2020;14:31:00;296;com vítima;410,9;BR-262/MG;Leste;Queda de Ciclista;;;;1;;;;;;;0;2;;;
10/06/2020;15:22:00;318;sem vítima;46;BR-153/MG;Sul;Saida de Pista;;;;;;;;;;1;1;;;;
10/06/2020;16:51:00;366;sem vítima;555;BR-262/MG;Oeste;Tombamento;;;1;;;;;;;;1;;;;
10/06/2020;18:43:00;416;com vítima;505;BR-153/GO;Sul;Colisão Traseira;1;;;1;;;;;;;1;1;;;
10/06/2020;18:50:00;419;sem vítima;165,788;BR-153/MG;Norte;Atropelamento de Animal;;;1;;;;;;;;1;;;;
10/06/2020;18:56:00;422;sem vítima;500;BR-153/GO;Sul;Colisão Traseira;1;;1;;;;;;;;2;;;;
10/06/2020;20:32:00;454;sem vítima;101;BR-060/GO;Sul;Colisão Traseira;1;;;1;;;;;;;2;;;;
10/06/2020;20:37:00;456;com vítima;478;BR-262/MG;Leste;Colisão Lateral;1;;;1;;;;;;;1;;1;;
10/06/2020;21:03:00;462;sem vítima;121;BR-060/GO;Norte;Capotamento;1;;;;;;;;;;1;;;;
10/06/2020;21:11:00;466;sem vítima;437;BR-262/MG;Leste;Colisão Traseira;1;;;1;;;;;;;2;;;;
11/06/2020;00:05:00;9;sem vítima;536;BR-262/MG;Leste;Atropelamento de Animal;1;;;;;;;;;;1;;;;
11/06/2020;04:55:00;48;com vítima;647;BR-153/GO;Norte;Colisão Lateral;1;;1;;;;;;;;1;;1;;
11/06/2020;06:22:00;54;com vítima;510,438;BR-153/GO;Norte;Atropelamento - Outros;;;1;1;;;;;;;1;;;;1
11/06/2020;09:52:00;179;com vítima;25;BR-060/GO;Sul;Queda de Ciclista;;1;;;;;;;;;0;2;;;
11/06/2020;10:13:00;194;sem vítima;13,671;BR-060/GO;Norte;Colisão Traseira;1;;2;;;;;;;;5;;;;
11/06/2020;10:36:00;215;sem vítima;23;BR-153/MG;Sul;Colisão Traseira;2;;;;;;;;;;5;;;;
11/06/2020;11:46:00;267;sem vítima;506,7;BR-153/GO;Norte;Capotamento;1;;;;;;;;;;1;;;;
11/06/2020;12:51:00;295;com vítima;498;BR-262/MG;Leste;Choque - Arvore;1;;;;;;;;;;0;;;;1
11/06/2020;12:52:00;297;com vítima;540,85;BR-153/GO;Norte;Colisão Lateral;1;;;1;;;;;;;3;;1;;
11/06/2020;13:24:00;310;sem vítima;562;BR-262/MG;Leste;Tombamento;;;1;;;;;;;;1;;;;
11/06/2020;16:10:00;397;sem vítima;726;BR-262/MG;Oeste;Colisão Lateral;1;;2;;;;;;;;3;;;;
11/06/2020;16:17:00;408;sem vítima;107;BR-060/GO;Norte;Colisão Traseira;2;;;;;;;;;;4;;;;
12/06/2020;07:22:00;96;sem vítima;115;BR-060/GO;Sul;Capotamento;2;;;;;;;;;;3;;;;
12/06/2020;07:45:00;119;com vítima;3;BR-060/DF;Norte;Colisão Traseira;2;;;1;;;;;;;5;1;;;
12/06/2020;10:26:00;254;sem vítima;42;BR-060/GO;Sul;Saida de Pista;1;;;;;;;;;;1;;;;
12/06/2020;12:17:00;334;sem vítima;114,5;BR-060/GO;Sul;Colisão Lateral;2;;;;;;;;;;2;;;;
12/06/2020;13:21:00;373;sem vítima;443;BR-262/MG;Oeste;Colisão Traseira;1;;;;1;;;;;;2;;;;
12/06/2020;14:19:00;414;sem vítima;632;BR-262/MG;Oeste;Colisão Lateral;1;;1;;;;;;;;2;;;;