data;horario;n_da_ocorrencia;tipo_de_ocorrencia;km;trecho;sentido;tipo_de_acidente;automovel;bicicleta;caminhao;moto;onibus;outros;tracao_animal;transporte_de_cargas_especiais;trator_maquinas;utilitarios;ilesos;levemente_feridos;moderadamente_feridos;gravemente_feridos;mortos
12/06/2020;15:27:00;453;sem vítima;703;BR-262/MG;Oeste;Saida de Pista;;;1;;;;;;;;1;;;;
12/06/2020;17:48:00;521;com vítima;508,7;BR-153/GO;Norte;Tombamento;1;;1;;;;;;;;1;1;;;
12/06/2020;19:08:00;549;sem vítima;506,45;BR-153/GO;Sul;Choque - Outros;1;;;;;;;;;;1;;;;
12/06/2020;20:28:00;579;sem vítima;58;BR-153/MG;Sul;Colisão Traseira;;;1;;;1;;;;;2;;;;
12/06/2020;21:38:00;607;sem vítima;506,25;BR-153/GO;Sul;Choque - Defensa;1;;;;;;;;;;1;;;;
13/06/2020;00:38:00;16;com vítima;508,985;BR-153/GO;Sul;Queda de Moto;;;;1;;;;;;;1;;1;;
13/06/2020;03:39:00;35;sem vítima;419,7;BR-262/MG;Oeste;Capotamento;1;;;;;;;;;;1;;;;
13/06/2020;04:19:00;39;sem vítima;503,8;BR-153/GO;Sul;Choque - Outros;1;;;;;;;;;;1;;;;
13/06/2020;05:49:00;54;sem vítima;414;BR-262/MG;Leste;Colisão Lateral;;;2;;;;;;;;2;;;;
13/06/2020;06:32:00;62;sem vítima;32;BR-153/MG;Norte;Choque - Elemento de Drenagem;;;1;;;;;;;;1;;;;
13/06/2020;07:55:00;97;com vítima;459;BR-262/MG;Leste;Colisão Frontal;;;1;;;;;;;1;0;1;1;;
13/06/2020;08:37:00;119;sem vítima;362;BR-262/MG;Leste;Colisão Traseira;2;;;;;;;;;;2;;;;
13/06/2020;13:07:00;254;sem vítima;44,733;BR-060/GO;Sul;Colisão Traseira;1;;1;;;;;;;;3;;;;
13/06/2020;14:26:00;288;com vítima;514;BR-153/GO;Sul;Colisão Lateral;1;1;;;;;;;;;1;1;;;
13/06/2020;15:03:00;302;com vítima;495,533;BR-153/GO;Norte;Atropelamento - Andarilho;1;;;;;;;;;;2;;;;1
13/06/2020;16:58:00;339;com vítima;96,24;BR-060/GO;Sul;Colisão Transversal;3;;;;;;;;;;4;2;;;
13/06/2020;18:59:00;383;com vítima;505;BR-153/GO;Sul;Queda de Moto;;;;1;;;;;;;0;;1;;
13/06/2020;19:07:00;385;sem vítima;602;BR-262/MG;Leste;Saida de Pista;1;;;;;1;;;;;3;;;;
13/06/2020;19:21:00;392;com vítima;354;BR-262/MG;Oeste;Capotamento;1;;;;;;;;;;1;;2;;1
13/06/2020;19:51:00;402;com vítima;493;BR-153/GO;Norte;Queda de Ciclista;;;;1;;;;;;;0;1;;;
13/06/2020;20:47:00;414;sem vítima;443;BR-262/MG;Oeste;Queda de Ponte/Viaduto;1;;;;;;;;;;3;;;;
13/06/2020;22:32:00;452;sem vítima;449;BR-262/MG;Oeste;Queda de Moto;;;;1;;;;;;;1;;;;
13/06/2020;22:52:00;458;com vítima;401;BR-262/MG;Leste;Colisão Traseira;1;;;1;;;;;;;1;;;1;
14/06/2020;02:17:00;20;com vítima;503;BR-153/GO;Norte;Queda de Ciclista;;;;1;;;;;;;1;1;;;
14/06/2020;06:10:00;43;sem vítima;246;BR-153/MG;Sul;Choque - Elemento de Drenagem;1;;;;;;;;;;2;;;;
14/06/2020;07:30:00;65;sem vítima;635;BR-262/MG;Leste;Saida de Pista;1;;;;;;;;;;1;;;;
14/06/2020;10:01:00;144;com vítima;800,95;BR-262/MG;Leste;Queda de Moto;;;;1;;;;;;;0;2;;;
14/06/2020;11:39:00;193;com vítima;587,15;BR-262/MG;Oeste;Colisão Lateral;1;;1;;;;;;;;1;;1;;
14/06/2020;13:05:00;228;sem vítima;13;BR-153/MG;Norte;Saida de Pista;;;1;;;;;;;;1;;;;
14/06/2020;15:47:00;280;sem vítima;380,85;BR-262/MG;Oeste;Capotamento;1;;;;;;;;;;2;;;;
14/06/2020;16:06:00;290;com vítima;508;BR-153/GO;Norte;Queda de Moto;;;;1;;;;;;;1;1;;;
14/06/2020;17:20:00;322;com vítima;644,4;BR-153/GO;Norte;Atropelamento - Usuário;1;;;;;;;;;;1;;;;1
14/06/2020;18:23:00;356;sem vítima;499;BR-153/GO;Sul;Colisão Traseira;1;;;1;;;;;;;3;;;;
14/06/2020;18:31:00;358;sem vítima;9;BR-060/DF;Norte;Colisão Traseira;2;;;;;;;;;;5;;;;
15/06/2020;07:23:00;86;com vítima;801;BR-262/MG;Leste;Atropelamento - Ciclista;1;1;;;;;;;;;2;;;1;
15/06/2020;07:36:00;100;com vítima;25,8;BR-060/GO;Norte;Choque - Outros;2;;1;;;;;;;;5;1;1;;
15/06/2020;07:38:00;102;sem vítima;116;BR-060/GO;Norte;Colisão Traseira;1;;;;;1;;;;;2;;;;
15/06/2020;07:39:00;103;com vítima;369;BR-262/MG;Oeste;Queda de Moto;;;;1;;;;;;;0;1;;;
15/06/2020;07:46:00;110;com vítima;477;BR-262/MG;Leste;Queda de Moto;1;;;1;;;;;;;1;;1;;
15/06/2020;08:08:00;130;com vítima;503,8;BR-153/GO;Norte;Queda de Moto;;;;1;;;;;;;0;2;;;
15/06/2020;09:30:00;203;sem vítima;364;BR-262/MG;Leste;Colisão Traseira;2;;;;;;;;;;4;;;;
15/06/2020;09:48:00;221;sem vítima;126;BR-060/GO;Sul;Queda de Moto;;;;1;;;;;;;2;;;;
15/06/2020;14:23:00;397;sem vítima;30;BR-060/DF;Norte;Colisão Traseira;;;2;;;;;;;;2;;;;
15/06/2020;17:24:00;483;com vítima;31;BR-060/GO;Norte;Atropelamento - Morador;1;;;;;;;;;;1;1;;;
15/06/2020;18:19:00;521;sem vítima;500;BR-153/GO;Sul;Colisão Traseira;1;;;;;1;;;;;2;;;;
15/06/2020;20:42:00;573;sem vítima;117,5;BR-153/MG;Norte;Capotamento;;;;;;1;;;;1;2;;;;
15/06/2020;22:04:00;602;sem vítima;591;BR-153/GO;Sul;Saida de Pista;1;;;;;;;;;;1;;;;
15/06/2020;22:51:00;615;com vítima;811,5;BR-262/MG;Oeste;Queda de Moto;;;;1;;;;;;;0;1;;;
16/06/2020;15:41:00;496;com vítima;82,5;BR-153/MG;Norte;Colisão Traseira;;;3;;;1;;;;;3;1;;;
16/06/2020;19:34:00;617;sem vítima;18;BR-060/DF;Sul;Colisão Traseira;1;;;;;1;;;;;5;;;;
16/06/2020;23:41:00;717;sem vítima;23;BR-060/DF;Norte;Choque- Placa/Suporte Sinalização;;;;1;;;;;;;1;;;;
17/06/2020;03:24:00;25;sem vítima;10,2;BR-153/MG;Sul;Capotamento;1;;;;;;;;;;1;;;;
17/06/2020;08:49:00;137;com vítima;592,11;BR-262/MG;Oeste;Queda de Moto;;;;1;;;;;;;0;;1;;
17/06/2020;10:11:00;196;com vítima;498,364;BR-153/GO;Norte;Colisão Lateral;;;2;;;;;;;;1;;;1;
17/06/2020;11:03:00;227;com vítima;36;BR-060/GO;Sul;Capotamento;1;;;;;;;;;;0;1;1;;
17/06/2020;11:25:00;243;com vítima;380;BR-262/MG;Leste;Queda de Moto;;;;1;;;;;;;0;;1;;
17/06/2020;15:39:00;387;sem vítima;663,345;BR-153/GO;Sul;Colisão Traseira;;;2;;;;;;;;2;;;;
17/06/2020;18:11:00;456;com vítima;515;BR-153/GO;Sul;Colisão Lateral;;;;2;;;;;;;1;;1;;
17/06/2020;18:39:00;469;com vítima;811,6;BR-262/MG;Oeste;Queda de Moto;;;;1;;;;;;;0;1;;1;
17/06/2020;18:50:00;474;com vítima;136;BR-060/GO;Sul;Colisão Lateral;1;;;1;;;;;;;1;;1;;
18/06/2020;06:12:00;41;sem vítima;888,1;BR-262/MG;Leste;Choque - Defensa;1;;;;;;;;;;1;;;;
18/06/2020;07:59:00;81;com vítima;0,7;BR-060/DF;Sul;Queda de Moto;;;1;1;;;;;;;1;;;;1
18/06/2020;08:28:00;92;sem vítima;494,568;BR-153/GO;Norte;Colisão Lateral;2;;;;;;;;;;2;;;;
18/06/2020;10:34:00;156;com vítima;151,1;BR-153/MG;Norte;Colisão Traseira;1;;1;;;;;;;;1;1;1;;
18/06/2020;12:56:00;238;sem vítima;781;BR-262/MG;Oeste;Colisão Lateral;;;3;;;;;;;;3;;;;
18/06/2020;13:23:00;253;sem vítima;553;BR-153/GO;Norte;Colisão Traseira;1;;1;;;;;;;;2;;;;
18/06/2020;17:01:00;366;com vítima;448;BR-262/MG;Oeste;Capotamento;2;;;;;;;;;;1;;;1;
18/06/2020;18:16:00;402;sem vítima;803,4;BR-262/MG;Oeste;Colisão Traseira;1;;1;;;;;;;;2;;;;
18/06/2020;18:20:00;406;sem vítima;605;BR-153/GO;Sul;Atropelamento de Animal;1;;;;;;;;;;1;;;;
18/06/2020;19:38:00;430;sem vítima;94;BR-060/GO;Norte;Colisão Traseira;2;;;;;;;;;;2;;;;
19/06/2020;05:19:00;47;sem vítima;133;BR-060/GO;Norte;Choque - Veiculo parado no acostamento;1;;1;;;;;;;;2;;;;
19/06/2020;09:34:00;166;com vítima;817,9;BR-262/MG;Oeste;Colisão Traseira;1;;;1;;;;;;;2;1;;;
19/06/2020;10:42:00;222;sem vítima;617,5;BR-153/GO;Norte;Saida de Pista;1;;;;;;;;;;1;;;;
19/06/2020;11:21:00;243;sem vítima;495;BR-153/GO;Norte;Colisão Traseira;1;;1;;;;;;;;2;;;;
19/06/2020;15:58:00;399;com vítima;811;BR-262/MG;Leste;Colisão Lateral;;1;;1;;;;;;;1;1;;;
19/06/2020;19:21:00;518;sem vítima;363;BR-262/MG;Oeste;Colisão Traseira;2;;;;;;;;;;2;;;;
20/06/2020;02:20:00;24;sem vítima;96;BR-060/GO;Norte;Choque - Defensa;;;1;;;;;;;;1;;;;
20/06/2020;08:23:00;111;sem vítima;623;BR-262/MG;Leste;Tombamento;;;1;;;;;;;;1;;;;
20/06/2020;09:05:00;154;sem vítima;385;BR-262/MG;Oeste;Capotamento;1;;;;;;;;;;2;;;;
20/06/2020;10:26:00;237;sem vítima;380;BR-262/MG;Leste;Choque - Elemento de Drenagem;1;;;;;;;;;;1;;;;
20/06/2020;10:41:00;246;sem vítima;382;BR-262/MG;Leste;Choque - Barreira;1;;;;;;;;;;2;;;;
20/06/2020;12:30:00;307;com vítima;623;BR-153/GO;Norte;Capotamento;;;;;;;;;;1;0;;1;;
20/06/2020;13:06:00;330;com vítima;13;BR-060/GO;Norte;Colisão Traseira;;;1;;;;;;;1;1;;1;;
20/06/2020;13:13:00;334;com vítima;26;BR-060/DF;Norte;Queda de Ciclista;1;;;1;;;;;;;1;1;;;
20/06/2020;16:14:00;408;com vítima;792;BR-262/MG;Leste;Colisão Traseira;1;;;;;1;;;;1;3;1;2;;
20/06/2020;18:46:00;476;sem vítima;0,3;BR-060/GO;Sul;Choque- Placa/Suporte Sinalização;1;;;;;;;;;;2;;;;
20/06/2020;19:35:00;490;com vítima;92,22;BR-060/GO;Sul;Colisão Traseira;2;;;;;;;;;;2;1;1;;
20/06/2020;19:57:00;496;sem vítima;34,9;BR-060/GO;Norte;Atropelamento de Animal;;;;;;;;;;1;1;;;;
20/06/2020;20:04:00;499;sem vítima;363;BR-262/MG;Leste;Colisão Lateral;1;;1;;;;;;;;2;;;;
20/06/2020;20:49:00;519;sem vítima;562;BR-153/GO;Norte;Atropelamento de Animal;;;;;;;;;;1;1;;;;
21/06/2020;01:15:00;13;com vítima;7,287;BR-153/MG;Norte;Capotamento;1;;;;;;;;;;1;;;;1
21/06/2020;05:50:00;41;sem vítima;440,219;BR-262/MG;Leste;Capotamento;1;;;;;;;;;;1;;;;
21/06/2020;06:57:00;57;sem vítima;100,169;BR-060/GO;Sul;Choque- Placa/Suporte Sinalização;1;;;;;;;;;;1;;;;
21/06/2020;08:16:00;88;sem vítima;516,689;BR-153/GO;Sul;Choque - Elemento de Drenagem;1;;;;;;;;;;1;;;;
21/06/2020;09:53:00;142;com vítima;368;BR-262/MG;Oeste;Queda de Ciclista;;2;;;;;;;;;1;1;;;
21/06/2020;11:58:00;211;com vítima;19,103;BR-060/DF;Norte;Capotamento;1;;;;;;;;;;0;;1;;
21/06/2020;12:12:00;225;sem vítima;369;BR-262/MG;Leste;Colisão Traseira;1;;;;;;;;;1;2;;;;
21/06/2020;16:59:00;327;com vítima;500,142;BR-153/GO;Sul;Colisão Lateral;1;;;1;;;;;;;1;;;1;
21/06/2020;17:09:00;329;com vítima;362,8;BR-262/MG;Leste;Colisão Traseira;1;;;;;;;;;1;1;;1;;
21/06/2020;18:56:00;384;sem vítima;815;BR-262/MG;Leste;Saida de Pista;1;;;;;;;;;;1;;;;
21/06/2020;20:25:00;421;com vítima;823;BR-262/MG;Leste;Atropelamento de Animal;1;;;;;;;;;;0;1;;;
21/06/2020;20:36:00;424;sem vítima;586;BR-153/GO;Norte;Colisão Traseira;;;2;;;;;;;;2;;;;
22/06/2020;01:38:00;8;com vítima;648;BR-153/GO;Sul;Choque - Outros;1;;;;;;;;;;0;1;;;
22/06/2020;11:38:00;250;sem vítima;434,95;BR-262/MG;Oeste;Capotamento;1;;;;;;;;;;3;;;;
22/06/2020;16:56:00;394;com vítima;412;BR-262/MG;Oeste;Choque - Veiculo parado na pista;;;1;1;;;;;;;1;1;;;
22/06/2020;17:02:00;397;com vítima;47,637;BR-060/GO;Sul;Queda de Moto;;;;1;;;;;;;0;1;;;
22/06/2020;19:45:00;454;sem vítima;510;BR-153/GO;Sul;Engavetamento;2;;;;;1;;;;;3;;;;
23/06/2020;01:26:00;22;sem vítima;135;BR-060/GO;Norte;Saida de Pista;1;;;;;;;;;;1;;;;
23/06/2020;07:41:00;107;com vítima;511;BR-153/GO;Sul;Engavetamento;2;;;1;;;;;;;2;1;;;
23/06/2020;08:12:00;131;sem vítima;899;BR-262/MG;Leste;Tombamento;;;1;;;;;;;;1;;;;
23/06/2020;08:18:00;137;sem vítima;512,8;BR-153/GO;Sul;Colisão Lateral;1;;1;;;;;;;;2;;;;
23/06/2020;12:03:00;278;sem vítima;34,8;BR-060/GO;Sul;Saida de Pista;1;;;;;;;;;;1;;;;
23/06/2020;18:12:00;482;com vítima;27,05;BR-153/MG;Norte;Colisão Lateral;;1;1;;;;;;;;1;;1;;
23/06/2020;21:15:00;541;sem vítima;557,2;BR-153/GO;Norte;Colisão Traseira;;;2;;;;;;;;2;;;;
23/06/2020;21:24:00;547;com vítima;79,9;BR-153/MG;Sul;Tombamento;;;1;;;;;;;;0;1;;;
23/06/2020;23:44:00;568;sem vítima;511;BR-153/GO;Sul;Colisão Traseira;1;;1;;;;;;;;2;;;;
24/06/2020;00:23:00;2;sem vítima;635;BR-262/MG;Leste;Saida de Pista;;;1;;;;;;;;1;;;;
24/06/2020;07:39:00;98;sem vítima;512;BR-153/GO;Sul;Colisão Traseira;2;;;;;;;;;;2;;;;
24/06/2020;10:01:00;203;com vítima;547,118;BR-262/MG;Oeste;Tombamento;;;1;;;;;;;;0;1;1;;
24/06/2020;11:57:00;278;sem vítima;506,6;BR-153/GO;Sul;Colisão Traseira;2;;;;;;;;;;3;;;;
24/06/2020;12:50:00;297;sem vítima;429;BR-262/MG;Leste;Choque - Defensa;1;;;;;;;;;;1;;;;
24/06/2020;15:20:00;372;sem vítima;182,5;BR-153/MG;Sul;Engavetamento;1;;2;;;;;;;;3;;;;
24/06/2020;17:10:00;414;com vítima;418;BR-262/MG;Oeste;Colisão Traseira;1;;;1;;;;;;;1;1;;;
24/06/2020;18:19:00;446;com vítima;355,9;BR-262/MG;Leste;Colisão Lateral;1;;1;;;;;;;;1;1;;;
24/06/2020;19:10:00;474;sem vítima;670;BR-153/GO;Norte;Choque - Elemento de Drenagem;1;;;;;;;;;;3;;;;
24/06/2020;19:13:00;475;com vítima;355,9;BR-262/MG;Oeste;Queda de Moto;;;;1;;;;;;;0;1;;;
24/06/2020;20:06:00;500;sem vítima;368,5;BR-262/MG;Oeste;Tombamento;;;1;;;;;;;;1;;;;
25/06/2020;07:38:00;74;sem vítima;583;BR-153/GO;Norte;Capotamento;1;;;;;;;;;;1;;;;
25/06/2020;07:50:00;81;com vítima;362;BR-262/MG;Leste;Colisão Traseira;1;;;1;;;;;;;1;;1;;
25/06/2020;08:38:00;119;sem vítima;497,8;BR-262/MG;Oeste;Colisão Traseira;;;2;;;;;;;;2;;;;
25/06/2020;10:06:00;170;com vítima;34,281;BR-153/MG;Sul;Saida de Pista;1;;;;;;;;;;0;2;;;
25/06/2020;12:23:00;247;sem vítima;52;BR-060/GO;Sul;Capotamento;;;1;;;;;;;;1;;;;
25/06/2020;14:40:00;305;sem vítima;92;BR-060/GO;Sul;Colisão Lateral;1;;1;;;;;;;;2;;;;
25/06/2020;15:30:00;331;sem vítima;442;BR-262/MG;Leste;Queda de Moto;;;;1;;;;;;;1;;;;
25/06/2020;16:42:00;366;com vítima;104,497;BR-060/GO;Norte;Capotamento;1;;1;;;;;;;;1;;1;;
25/06/2020;19:29:00;435;sem vítima;872;BR-262/MG;Oeste;Saida de Pista;;;1;;;;;;;;1;;;;
25/06/2020;19:39:00;437;sem vítima;7;BR-060/DF;Norte;Colisão Traseira;2;;;;;;;;;;2;;;;
25/06/2020;22:57:00;511;com vítima;47,8;BR-153/MG;Norte;Colisão Traseira;;;1;;;;;;;1;1;2;;;
25/06/2020;23:05:00;513;sem vítima;818,618;BR-262/MG;Oeste;Saida de Pista;;;1;;;;;;;;1;;;;
26/06/2020;00:24:00;4;com vítima;443,928;BR-262/MG;Oeste;Choque - Defensa;1;;;;;;;;;;0;1;;;
26/06/2020;10:31:00;186;com vítima;129,459;BR-060/GO;Sul;Capotamento;1;;;;;1;;;;;1;2;;;
26/06/2020;13:49:00;279;sem vítima;108,419;BR-060/GO;Norte;Colisão Lateral;1;;1;;;;;;;;2;;;;
26/06/2020;14:20:00;291;sem vítima;101,07;BR-060/GO;Sul;Colisão Lateral;1;;1;;;;;;;;2;;;;
26/06/2020;14:29:00;296;sem vítima;498,468;BR-153/GO;Norte;Engavetamento;2;;;1;;;;;;;3;;;;
26/06/2020;15:00:00;318;sem vítima;105,2;BR-060/GO;Sul;Colisão Traseira;;;2;;;;;;;;2;;;;
26/06/2020;15:01:00;320;com vítima;542;BR-153/GO;Sul;Choque - Talude;1;;;;;;;;;;1;1;;;
26/06/2020;15:22:00;331;com vítima;465,8;BR-262/MG;Leste;Colisão Traseira;1;;;;;;;;;1;1;2;;;
26/06/2020;19:08:00;439;sem vítima;510,8;BR-153/GO;Sul;Colisão Lateral;1;;1;;;;;;;;2;;;;
26/06/2020;21:25:00;498;sem vítima;100,4;BR-153/MG;Norte;Colisão Lateral;1;;;;;1;;;;;4;;;;
27/06/2020;08:43:00;166;com vítima;39,7;BR-153/MG;Norte;Capotamento;1;;;;;;;;;;1;1;1;;
27/06/2020;09:04:00;186;com vítima;575;BR-262/MG;Leste;Tombamento;;;1;;;;;;;;0;;1;;
27/06/2020;09:07:00;189;sem vítima;107;BR-060/GO;Sul;Engavetamento;3;;;;;;;;;;3;;;;
27/06/2020;09:40:00;218;com vítima;418;BR-262/MG;Leste;Capotamento;1;;;;;;;;;;0;;;1;
27/06/2020;09:41:00;219;sem vítima;108;BR-153/MG;Norte;Tombamento;;;1;;;;;;;;1;;;;
27/06/2020;10:25:00;242;sem vítima;109;BR-153/MG;Sul;Colisão Lateral;2;;;;;;;;;;2;;;;
27/06/2020;10:50:00;260;sem vítima;31;BR-060/GO;Sul;Saida de Pista;1;;;;;;;;;;1;;;;
27/06/2020;12:00:00;289;com vítima;21;BR-060/DF;Norte;Saida de Pista;1;;;;;;;;;;2;;1;;
27/06/2020;13:16:00;335;com vítima;634;BR-153/GO;Norte;Saida de Pista;;;;;;;;;;1;0;1;;;
27/06/2020;13:33:00;346;com vítima;421;BR-262/MG;Leste;Queda de Moto;;;;1;;;;;;;0;;2;;
27/06/2020;13:36:00;348;sem vítima;29;BR-153/MG;Norte;Capotamento;;;;;;;;;;1;1;;;;
27/06/2020;13:59:00;366;com vítima;46,747;BR-060/GO;Norte;Tombamento;;;1;;;;;;;;0;;;;1
27/06/2020;15:56:00;427;sem vítima;108;BR-153/MG;Sul;Capotamento;;;;;;;;;;1;1;;;;
27/06/2020;18:50:00;504;com vítima;101,523;BR-060/GO;Sul;Colisão Traseira;1;;;1;;;;;;;1;1;;;
27/06/2020;19:17:00;512;com vítima;366;BR-262/MG;Leste;Queda de Ciclista;;;;1;;;;;;;0;1;;;
27/06/2020;20:06:00;534;com vítima;441;BR-262/MG;Leste;Colisão Lateral;;;;1;;;;;;;1;1;;;
27/06/2020;21:37:00;561;com vítima;465;BR-262/MG;Leste;Saida de Pista;;;;;;;;;;1;0;1;;;
28/06/2020;01:33:00;16;sem vítima;583,2;BR-262/MG;Leste;Queda de Moto;;;;1;;;;;;;1;;;;
28/06/2020;02:43:00;24;sem vítima;380,6;BR-262/MG;Oeste;Saida de Pista;1;;;;;;;;;;5;;;;
28/06/2020;02:54:00;26;sem vítima;354;BR-262/MG;Leste;Choque - Barreira;;;1;;;;;;;;1;;;;
28/06/2020;06:26:00;47;sem vítima;79,2;BR-060/GO;Sul;Choque - Outros;1;;;;;;;;;;1;;;;
28/06/2020;10:09:00;162;sem vítima;4,5;BR-060/DF;Sul;Capotamento;1;;;;;;;;;;3;;;;
28/06/2020;10:22:00;171;sem vítima;23,2;BR-153/MG;Sul;Saida de Pista;1;;;;;;;;;;5;;;;
28/06/2020;10:53:00;189;com vítima;47,3;BR-060/GO;Norte;Engavetamento;5;;2;;;;;;;2;17;2;1;;
28/06/2020;11:42:00;210;com vítima;118;BR-060/GO;Norte;Colisão Lateral;1;;;1;;;;;;;1;;1;;
28/06/2020;12:08:00;225;com vítima;780;BR-262/MG;Oeste;Queda em Ribanceira;;;;;;;;;;1;2;1;;;
28/06/2020;17:28:00;357;com vítima;551,3;BR-153/GO;Sul;Queda de Moto;;;;1;;;;;;;0;;2;;
29/06/2020;06:12:00;41;sem vítima;46,727;BR-060/GO;Norte;Choque - Talude;1;;;;;;;;;;1;;;;
29/06/2020;08:34:00;102;sem vítima;503;BR-153/GO;Norte;Colisão Traseira;2;;;;;;;;;;2;;;;
29/06/2020;10:51:00;192;sem vítima;437,15;BR-262/MG;Leste;Colisão Traseira;1;;;;;1;;;;;5;;;;
29/06/2020;11:29:00;217;sem vítima;443;BR-262/MG;Leste;Choque - Talude;1;;;;;;;;;;1;;;;
29/06/2020;14:47:00;301;sem vítima;800;BR-262/MG;Oeste;Choque - Objeto sobre a pista;2;;1;;;;;;;;3;;;;
29/06/2020;15:31:00;326;sem vítima;491,337;BR-153/GO;Norte;Colisão Traseira;;;2;;;;;;;;2;;;;
29/06/2020;16:06:00;342;sem vítima;509;BR-153/GO;Sul;Colisão Lateral;1;;1;;;;;;;;2;;;;
29/06/2020;17:09:00;369;com vítima;398;BR-262/MG;Leste;Colisão Lateral;1;;;1;;;;;;;0;2;;;
29/06/2020;19:58:00;435;com vítima;359;BR-262/MG;Oeste;Queda de Ciclista;;;;1;;;;;;;0;1;1;;
30/06/2020;15:11:00;315;sem vítima;517,41;BR-153/GO;Sul;Choque - Talude;;;1;;;;;;;;1;;;;
30/06/2020;15:53:00;334;com vítima;41;BR-153/MG;Norte;Capotamento;1;;;;;;;;;;0;;;;1
30/06/2020;16:36:00;348;sem vítima;74,237;BR-060/GO;Sul;Choque - Talude;;;1;;;;;;;;1;;;;
30/06/2020;23:13:00;467;com vítima;500,109;BR-153/GO;Sul;Colisão Traseira;;;1;;;;;;;1;2;1;;;
01/04/2020;13:06:00;248;com vítima;583;BR-262/MG;Leste;Queda em Ribanceira;;;;;;;;;;1;0;2;2;;
01/04/2020;15:46:00;302;sem vítima;39;BR-153/MG;Norte;Capotamento;1;;;;;;;;;;1;;;;
01/04/2020;15:53:00;305;sem vítima;366;BR-262/MG;Oeste;Choque - Elemento de Drenagem;1;;;;;;;;;;1;;;;
01/04/2020;16:26:00;316;com vítima;99,5;BR-153/MG;Norte;Colisão Traseira;1;;;;;;;;;1;4;4;;;
01/04/2020;16:44:00;325;sem vítima;369;BR-262/MG;Oeste;Choque - Defensa;1;;;;;;;;;;1;;;;
01/04/2020;20:08:00;403;sem vítima;24;BR-060/DF;Norte;Queda de Ciclista;;1;;;;;;;;;1;;;;
01/04/2020;22:17:00;449;sem vítima;518;BR-262/MG;Oeste;Atropelamento de Animal;1;;;;;;;;;;1;;;;
02/04/2020;04:33:00;39;sem vítima;2,8;BR-153/MG;Norte;Saida de Pista;;;1;;;;;;;;1;;;;
02/04/2020;15:07:00;215;sem vítima;528,75;BR-153/GO;Sul;Saida de Pista;;;1;;;;;;;;1;;;;
02/04/2020;15:14:00;216;sem vítima;14,5;BR-060/GO;Norte;Colisão Traseira;1;;1;;;;;;;;2;;;;
02/04/2020;17:19:00;248;com vítima;83;BR-060/GO;Sul;Colisão Traseira;;;1;1;;;;;;;1;;;1;
02/04/2020;18:17:00;265;sem vítima;132;BR-060/GO;Norte;Saida de Pista;1;;;;;;;;;;5;;;;
02/04/2020;19:25:00;288;sem vítima;472;BR-262/MG;Oeste;Queda de Ciclista;;1;;;;;;;;;1;;;;
02/04/2020;19:44:00;294;sem vítima;129;BR-153/MG;Sul;Colisão Traseira;;;2;;;;;;;;2;;;;
03/04/2020;08:04:00;80;sem vítima;632;BR-262/MG;Oeste;Colisão Traseira;1;;;;;1;;;;;2;;;;
03/04/2020;08:20:00;87;sem vítima;696;BR-153/GO;Sul;Colisão Lateral;1;;;;1;;;;;;2;;;;
03/04/2020;12:19:00;223;com vítima;438;BR-262/MG;Oeste;Colisão Traseira;;;;;;;;;;1;0;1;;;
03/04/2020;12:35:00;228;sem vítima;102;BR-060/GO;Norte;Colisão Lateral;;;2;;;;;;;;2;;;;
03/04/2020;13:23:00;246;sem vítima;165;BR-153/MG;Norte;Colisão Lateral;2;;;;;;;;;;2;;;;
03/04/2020;13:48:00;259;com vítima;195,7;BR-153/MG;Sul;Colisão Traseira;;;1;1;;;;;;;1;1;;;
03/04/2020;14:32:00;271;sem vítima;610,6;BR-262/MG;Leste;Saida de Pista;;;1;;;;;;;;1;;;;
03/04/2020;14:43:00;279;sem vítima;610;BR-262/MG;Oeste;Tombamento;;;1;;;;;;;;1;;;;
03/04/2020;14:55:00;286;sem vítima;607;BR-262/MG;Oeste;Saida de Pista;1;;;;;;;;;;3;;;;
03/04/2020;15:26:00;297;sem vítima;627,801;BR-153/GO;Norte;Choque - Talude;1;;;;;;;;;;2;;;;
03/04/2020;15:53:00;307;com vítima;389;BR-262/MG;Oeste;Queda de Moto;;;;1;;;;;;;0;;1;;
03/04/2020;18:39:00;376;com vítima;494;BR-153/GO;Norte;Queda de Moto;;;;1;;;;;;;0;;1;;
03/04/2020;19:03:00;383;sem vítima;368;BR-262/MG;Leste;Colisão Lateral;;;1;1;;;;;;;2;;;;
03/04/2020;19:28:00;389;com vítima;95;BR-060/GO;Norte;Colisão Traseira;1;;;1;;;;;;;1;;1;;
03/04/2020;20:20:00;407;sem vítima;83;BR-060/GO;Norte;Tombamento;1;;;;;;;;;;1;;;;
03/04/2020;21:59:00;435;sem vítima;385;BR-262/MG;Oeste;Saida de Pista;1;;;;;;;;;;1;;;;
04/04/2020;02:14:00;19;sem vítima;510,5;BR-153/GO;Sul;Choque - Defensa;;;1;;;;;;;;2;;;;
04/04/2020;04:19:00;36;sem vítima;592,8;BR-262/MG;Oeste;Saida de Pista;;;1;;;;;;;;1;;;;
04/04/2020;06:18:00;45;sem vítima;0,607;BR-060/GO;Norte;Choque - Defensa;1;;;;;;;;;;1;;;;
04/04/2020;06:47:00;62;com vítima;22;BR-153/MG;Sul;Tombamento;;;1;;;;;;;;0;1;;;
04/04/2020;08:50:00;122;sem vítima;113,25;BR-060/GO;Norte;Capotamento;1;;;;;;;;;;1;;;;
04/04/2020;12:37:00;235;sem vítima;117,85;BR-060/GO;Norte;Saida de Pista;1;;;;;;;;;;4;;;;