data;horario;n_da_ocorrencia;tipo_de_ocorrencia;km;trecho;sentido;tipo_de_acidente;automovel;bicicleta;caminhao;moto;onibus;outros;tracao_animal;transporte_de_cargas_especiais;trator_maquinas;utilitarios;ilesos;levemente_feridos;moderadamente_feridos;gravemente_feridos;mortos
04/04/2020;13:18:00;247;sem vítima;407;BR-262/MG;Oeste;Colisão Transversal;1;;1;;;;;;;;2;;;;
04/04/2020;15:05:00;286;sem vítima;663;BR-153/GO;Sul;Tombamento;;;;;;;;;;1;1;;;;
04/04/2020;19:46:00;389;sem vítima;505;BR-153/GO;Norte;Choque - Defensa;1;;;;;;;;;;1;;;;
04/04/2020;20:15:00;399;sem vítima;509;BR-153/GO;Sul;Choque - Defensa;1;;;;;;;;;;1;;;;
04/04/2020;21:26:00;418;com vítima;3;BR-060/DF;Sul;Capotamento;1;;;;;;;;;;0;1;;;
04/04/2020;22:57:00;438;sem vítima;495;BR-153/GO;Sul;Engavetamento;2;;;1;;;;;;;6;;;;
05/04/2020;00:21:00;6;com vítima;513;BR-153/GO;Norte;Queda de Moto;;;;1;;;;;;;0;1;;;
05/04/2020;03:13:00;37;sem vítima;44;BR-060/GO;Norte;Saida de Pista;1;;;;;;;;;;1;;;;
05/04/2020;08:53:00;129;com vítima;12,221;BR-060/GO;Norte;Queda de Moto;;;;1;;;;;;;0;;;;1
05/04/2020;11:11:00;197;sem vítima;14;BR-060/GO;Norte;Engavetamento;1;;4;;;;;;;;5;;;;
05/04/2020;14:56:00;258;sem vítima;858;BR-262/MG;Leste;Choque - Elemento de Drenagem;1;;;;;;;;;;1;;;;
05/04/2020;15:34:00;273;sem vítima;520,983;BR-153/GO;Sul;Choque - Elemento de Drenagem;1;;;;;;;;;;4;;;;
05/04/2020;16:35:00;300;sem vítima;453;BR-262/MG;Oeste;Choque - Talude;1;;;;;;;;;;1;;;;
05/04/2020;17:12:00;304;sem vítima;644,487;BR-153/GO;Norte;Colisão Lateral;1;;1;;;;;;;;5;;;;
05/04/2020;18:02:00;320;sem vítima;47;BR-153/MG;Norte;Tombamento;;;1;;;;;;;;2;;;;
05/04/2020;20:14:00;365;sem vítima;457;BR-262/MG;Leste;Atropelamento de Animal;1;;;;;;;;;;2;;;;
05/04/2020;22:08:00;399;sem vítima;0,7;BR-060/GO;Norte;Saida de Pista;1;;;;;;;;;;1;;;;
06/04/2020;00:28:00;10;sem vítima;657;BR-262/MG;Leste;Saida de Pista;1;;;;;;;;;;1;;;;
06/04/2020;01:45:00;27;sem vítima;51,1;BR-153/MG;Sul;Atropelamento de Animal;1;;;;;;;;;;1;;;;
06/04/2020;07:14:00;86;com vítima;547,18;BR-153/GO;Norte;Saida de Pista;1;;;;;;;;;;4;1;;;
06/04/2020;11:25:00;185;com vítima;478;BR-262/MG;Oeste;Capotamento;1;;;;;;;;;;0;1;;;
06/04/2020;15:29:00;265;sem vítima;516,564;BR-153/GO;Sul;Choque - Talude;1;;;;;1;;;;;3;;;;
06/04/2020;16:23:00;285;sem vítima;109,5;BR-060/GO;Norte;Choque - Arvore;;;1;;;;;;;;1;;;;
06/04/2020;16:44:00;295;sem vítima;555;BR-262/MG;Leste;Saida de Pista;1;;;;;;;;;;4;;;;
06/04/2020;17:35:00;313;sem vítima;114;BR-060/GO;Sul;Capotamento;;;1;;;;;;;;2;;;;
06/04/2020;18:11:00;330;sem vítima;113;BR-060/GO;Norte;Saida de Pista;;;1;;;;;;;;1;;;;
06/04/2020;19:48:00;365;com vítima;775;BR-262/MG;Oeste;Colisão Frontal;1;;1;;;;;;;;1;1;;;
06/04/2020;22:11:00;394;sem vítima;622,767;BR-153/GO;Norte;Saida de Pista;;;;;;;;;;1;1;;;;
07/04/2020;02:26:00;17;sem vítima;435;BR-262/MG;Leste;Choque - Submarino;1;;;;;;;;;;1;;;;
07/04/2020;07:21:00;100;com vítima;820,16;BR-262/MG;Oeste;Colisão Traseira;2;;;;;;;;;;0;2;;;
07/04/2020;09:31:00;147;com vítima;672,2;BR-153/GO;Norte;Choque - Elemento de Drenagem;;;1;;;;;;;;0;1;;;
07/04/2020;10:45:00;180;com vítima;1,5;BR-060/DF;Sul;Colisão Lateral;2;;;;;;;;;;1;1;;;
07/04/2020;10:59:00;188;com vítima;509;BR-153/GO;Norte;Colisão Traseira;;;1;1;;;;;;;1;1;;;
07/04/2020;11:49:00;202;sem vítima;663,8;BR-153/GO;Norte;Choque - Elemento de Drenagem;1;;;;;;;;;;2;;;;
07/04/2020;12:55:00;218;sem vítima;665,234;BR-262/MG;Oeste;Tombamento;;;1;;;;;;;;1;;;;
07/04/2020;14:54:00;256;sem vítima;497,1;BR-153/GO;Norte;Choque - Defensa;;;1;;;;;;;;1;;;;
07/04/2020;15:57:00;271;com vítima;536;BR-153/GO;Sul;Queda de Moto;;;;1;;;;;;;0;1;;;
07/04/2020;16:06:00;277;sem vítima;594,5;BR-262/MG;Leste;Choque - Talude;1;;;;;;;;;;1;;;;
07/04/2020;16:34:00;285;sem vítima;126;BR-060/GO;Sul;Saida de Pista;;;;;1;;;;;;1;;;;
07/04/2020;16:39:00;287;com vítima;873,3;BR-262/MG;Oeste;Engavetamento;2;;;;;;;;;1;5;1;;;
07/04/2020;18:04:00;316;sem vítima;2;BR-060/GO;Norte;Saida de Pista;;;;;1;;;;;;1;;;;
08/04/2020;12:24:00;250;sem vítima;369;BR-262/MG;Oeste;Colisão Transversal;1;;1;;;;;;;;2;;;;
08/04/2020;16:55:00;352;sem vítima;388;BR-262/MG;Oeste;Choque - Defensa;1;;;;;;;;;;3;;;;
08/04/2020;17:30:00;362;com vítima;518,655;BR-153/GO;Sul;Capotamento;1;;;;;;;;;;4;;1;;
08/04/2020;18:04:00;375;sem vítima;4,2;BR-060/DF;Sul;Colisão Lateral;1;;1;;;;;;;;2;;;;
08/04/2020;18:23:00;382;sem vítima;106;BR-060/GO;Norte;Saida de Pista;1;;;;;;;;;;1;;;;
08/04/2020;19:50:00;415;sem vítima;648,4;BR-153/GO;Norte;Tombamento;;;1;;;;;;;;1;;;;
09/04/2020;03:03:00;29;com vítima;509,5;BR-262/MG;Leste;Tombamento;;;1;;;;;;;;1;1;;;
09/04/2020;07:04:00;64;sem vítima;18;BR-060/GO;Sul;Choque - Elemento de Drenagem;;;;;;;;;;1;1;;;;
09/04/2020;08:13:00;98;com vítima;137,35;BR-060/GO;Sul;Colisão Traseira;1;1;;;;;;;;;1;;;;1
09/04/2020;08:27:00;104;com vítima;466;BR-262/MG;Oeste;Colisão Transversal;2;;;;;;;;;;4;1;;;
09/04/2020;13:23:00;245;com vítima;485;BR-262/MG;Leste;Queda de Moto;;;;1;;;;;;;0;2;;;
09/04/2020;16:44:00;329;com vítima;508,647;BR-153/GO;Sul;Colisão Traseira;1;;;1;;;;;;;1;;1;;
09/04/2020;19:19:00;377;com vítima;32;BR-153/MG;Norte;Atropelamento - Morador;1;;;;;1;;;;;2;;;;1
09/04/2020;23:02:00;450;sem vítima;549;BR-262/MG;Leste;Saida de Pista;1;;;;;;;;;;2;;;;
10/04/2020;06:16:00;69;sem vítima;492;BR-153/GO;Sul;Choque - Defensa;1;;;;;;;;;;2;;;;
10/04/2020;10:48:00;167;sem vítima;575,364;BR-262/MG;Leste;Choque- Placa/Suporte Sinalização;1;;;;;;;;;;1;;;;
10/04/2020;11:33:00;188;sem vítima;12;BR-060/DF;Norte;Choque - Outros;2;;;;;;;;;;2;;;;
10/04/2020;16:02:00;275;sem vítima;547,3;BR-262/MG;Oeste;Choque - Elemento de Drenagem;1;;;;;;;;;;1;;;;
10/04/2020;17:53:00;314;com vítima;92;BR-060/GO;Sul;Colisão Traseira;2;;;;;;;;;;9;1;;;
11/04/2020;01:40:00;22;sem vítima;435;BR-262/MG;Oeste;Capotamento;1;;;;;;;;;;1;;;;
11/04/2020;02:14:00;27;sem vítima;660,85;BR-262/MG;Leste;Atropelamento de Animal;;;1;;;;;;;;1;;;;
11/04/2020;05:17:00;48;sem vítima;490;BR-153/GO;Norte;Queda de Ciclista;;;;1;;;;;;;1;;;;
11/04/2020;06:52:00;59;sem vítima;445,152;BR-262/MG;Oeste;Choque - Talude;1;;;;;;;;;;1;;;;
11/04/2020;08:10:00;95;sem vítima;380,2;BR-262/MG;Oeste;Capotamento;1;;;;;;;;;;1;;;;
11/04/2020;10:38:00;160;sem vítima;506,606;BR-153/GO;Norte;Capotamento;1;;;;;;;;;;3;;;;
11/04/2020;11:39:00;179;sem vítima;92;BR-060/GO;Sul;Atropelamento de Animal;1;;;;;;;;;;1;;;;
11/04/2020;21:20:00;377;com vítima;506;BR-262/MG;Oeste;Saida de Pista;;;;;;;;;;1;0;1;;;
12/04/2020;04:51:00;51;com vítima;97,058;BR-060/GO;Norte;Colisão Traseira;1;;;;;1;;;;;1;1;;;
12/04/2020;04:59:00;53;sem vítima;811,633;BR-262/MG;Oeste;Saida de Pista;1;;;;;;;;;;1;;;;
12/04/2020;08:44:00;99;com vítima;5;BR-060/GO;Norte;Colisão Traseira;;;1;1;;;;;;;1;1;;;
12/04/2020;10:51:00;179;com vítima;503,9;BR-153/GO;Sul;Choque - Barreira;;;;1;;;;;;;0;;;;1
12/04/2020;10:56:00;183;sem vítima;7,272;BR-153/MG;Sul;Colisão Traseira;;;2;;;;;;;;2;;;;
12/04/2020;11:43:00;220;com vítima;553,55;BR-262/MG;Leste;Capotamento;;;1;;;;;;;;0;;;;1
12/04/2020;13:47:00;265;com vítima;32,5;BR-060/GO;Sul;Colisão Traseira;1;;;1;;;;;;;1;1;;;
12/04/2020;17:02:00;334;com vítima;504;BR-153/GO;Sul;Queda de Ciclista;;1;;;;;;;;;0;1;;;
12/04/2020;19:00:00;380;com vítima;803;BR-262/MG;Leste;Queda de Ciclista;;1;;;;;;;;;0;1;;;
12/04/2020;20:06:00;409;sem vítima;7,272;BR-153/MG;Norte;Choque - Elemento de Drenagem;1;;;;;;;;;;1;;;;
12/04/2020;20:52:00;429;sem vítima;53;BR-060/GO;Norte;Atropelamento de Animal;1;;;;;;;;;;4;;;;
12/04/2020;22:50:00;468;sem vítima;366;BR-262/MG;Leste;Saida de Pista;1;;;;;;;;;;2;;;;
13/04/2020;01:37:00;16;sem vítima;19;BR-060/GO;Sul;Saida de Pista;1;;;;;;;;;;1;;;;
13/04/2020;11:01:00;233;com vítima;4,279;BR-060/GO;Norte;Choque - Talude;;;;1;;;;;;;0;;;;1
13/04/2020;18:35:00;376;sem vítima;9;BR-060/DF;Sul;Saida de Pista;;;1;;;;;;;;2;;;;
13/04/2020;19:01:00;385;sem vítima;630;BR-262/MG;Oeste;Saida de Pista;1;;;;;;;;;;2;;;;
13/04/2020;21:05:00;424;com vítima;499;BR-153/GO;Sul;Colisão Traseira;;;1;1;;;;;;;1;1;;;
13/04/2020;22:48:00;450;com vítima;394;BR-262/MG;Oeste;Atropelamento - Usuário;;;;;;1;;;;;1;;1;;
13/04/2020;23:08:00;453;com vítima;444;BR-262/MG;Oeste;Choque - Veiculo parado no acostamento;1;;1;;;;;;;;1;2;;;
13/04/2020;23:20:00;455;sem vítima;10;BR-153/MG;Norte;Saida de Pista;1;;;;;;;;;;1;;;;
13/04/2020;23:35:00;456;sem vítima;121,573;BR-060/GO;Sul;Saida de Pista;1;;;;;;;;;;1;;;;
14/04/2020;06:58:00;56;com vítima;57;BR-153/MG;Sul;Tombamento;;;1;;;;;;;;1;1;;;
14/04/2020;12:47:00;211;sem vítima;172,406;BR-153/MG;Sul;Choque- Placa/Suporte Sinalização;;;;;;;;;;1;2;;;;
14/04/2020;15:45:00;261;sem vítima;737;BR-262/MG;Oeste;Choque - Cabine de Pedágio;;;1;;;;;;;;1;;;;
14/04/2020;16:03:00;267;sem vítima;28,565;BR-060/DF;Norte;Saida de Pista;;;;;;;;;;1;1;;;;
14/04/2020;16:24:00;278;sem vítima;607;BR-262/MG;Leste;Choque - Elemento de Drenagem;1;;;;;;;;;;1;;;;
14/04/2020;16:43:00;285;sem vítima;594;BR-262/MG;Leste;Tombamento;;;1;;;;;;;;2;;;;
14/04/2020;17:20:00;300;sem vítima;398;BR-262/MG;Oeste;Capotamento;1;;;;;;;;;;1;;;;
14/04/2020;18:14:00;323;sem vítima;46,593;BR-060/GO;Norte;Saida de Pista;;;1;;;;;;;;2;;;;
15/04/2020;07:19:00;64;sem vítima;389;BR-262/MG;Leste;Colisão Traseira;1;;1;;;;;;;;2;;;;
15/04/2020;08:16:00;85;sem vítima;521,23;BR-153/GO;Norte;Colisão Transversal;1;;1;;;;;;;;2;;;;
15/04/2020;10:40:00;157;com vítima;514;BR-153/GO;Norte;Colisão Traseira;;;1;1;;;;;;;1;1;;;
15/04/2020;13:37:00;216;sem vítima;577,6;BR-262/MG;Oeste;Engavetamento;1;;2;;;;;;;;3;;;;
15/04/2020;16:16:00;275;sem vítima;4,6;BR-060/DF;Sul;Choque - Arvore;1;;1;;;;;;;;2;;;;
15/04/2020;19:30:00;340;sem vítima;658;BR-262/MG;Oeste;Queda de Moto;;;;1;;;;;;;1;;;;
15/04/2020;19:30:00;341;sem vítima;193,678;BR-153/MG;Sul;Colisão Traseira;;;2;;;;;;;;2;;;;
16/04/2020;09:32:00;117;com vítima;611,5;BR-262/MG;Oeste;Tombamento;;;1;;;;;;;;0;1;;;
16/04/2020;09:45:00;125;com vítima;518;BR-262/MG;Oeste;Colisão Traseira;1;;1;;;;;;;;2;1;;;
16/04/2020;10:28:00;142;sem vítima;554;BR-262/MG;Leste;Colisão Lateral;1;;1;;;;;;;;3;;;;
16/04/2020;16:11:00;278;sem vítima;796,5;BR-262/MG;Oeste;Choque - Objeto sobre a pista;;;;;;;;;;1;1;;;;
16/04/2020;16:20:00;282;com vítima;588;BR-153/GO;Sul;Saida de Pista;1;;;;;;;;;;1;1;;;
16/04/2020;20:38:00;366;sem vítima;365;BR-262/MG;Oeste;Atropelamento de Animal;;;1;;;;;;;;1;;;;
16/04/2020;21:41:00;384;sem vítima;444;BR-262/MG;Oeste;Colisão Traseira;;;1;1;;;;;;;2;;;;
17/04/2020;08:02:00;99;sem vítima;133,3;BR-060/GO;Norte;Queda de Moto;;;;1;;;;;;;1;;;;
17/04/2020;08:55:00;126;sem vítima;118;BR-060/GO;Norte;Colisão Transversal;1;;;;;;;;;1;2;;;;
17/04/2020;09:51:00;173;sem vítima;13;BR-060/GO;Norte;Colisão Traseira;1;;1;;;;;;;;2;;;;
17/04/2020;11:51:00;238;sem vítima;593;BR-262/MG;Oeste;Choque - Elemento de Drenagem;1;;;;;;;;;;1;;;;
17/04/2020;14:58:00;316;com vítima;92;BR-060/GO;Norte;Colisão Lateral;1;;;1;;;;;;;4;1;;;
17/04/2020;16:55:00;374;sem vítima;106;BR-060/GO;Norte;Saida de Pista;1;;;;;;;;;;1;;;;
17/04/2020;17:03:00;379;com vítima;401,5;BR-262/MG;Leste;Queda de Moto;;;;1;;;;;;;0;;1;;1
17/04/2020;19:31:00;423;com vítima;773;BR-262/MG;Leste;Colisão Lateral;;;1;;;;;;;1;1;;;1;
17/04/2020;19:35:00;425;sem vítima;246;BR-153/MG;Norte;Choque - Outros;1;;;;;;;;;;1;;;;
17/04/2020;19:44:00;434;com vítima;622;BR-262/MG;Leste;Saida de Pista;1;;;;;;;;;;0;;;1;
18/04/2020;06:22:00;36;sem vítima;368,963;BR-262/MG;Oeste;Queda de Moto;;;;1;;;;;;;2;;;;
18/04/2020;14:09:00;204;sem vítima;535;BR-153/GO;Sul;Saida de Pista;;;1;;;;;;;1;2;;;;
18/04/2020;15:19:00;234;com vítima;18,947;BR-060/DF;Norte;Capotamento;1;;;;;;;;;;0;;1;;
18/04/2020;17:05:00;272;sem vítima;101,233;BR-060/GO;Sul;Colisão Traseira;1;;1;;;;;;;;5;;;;
18/04/2020;17:46:00;284;com vítima;393,635;BR-262/MG;Oeste;Queda de Ciclista;;1;;;;;;;;;0;1;;;
18/04/2020;18:44:00;307;com vítima;94;BR-060/GO;Norte;Colisão Transversal;2;;1;;;;;;;;6;;1;;
18/04/2020;18:55:00;311;sem vítima;25;BR-153/MG;Sul;Capotamento;;;;;;;;;;1;1;;;;
18/04/2020;19:03:00;313;com vítima;791,3;BR-262/MG;Leste;Capotamento;1;;;;;;;;;;0;4;1;;1
18/04/2020;19:33:00;319;sem vítima;439,059;BR-262/MG;Oeste;Queda de Ciclista;;;;1;;;;;;;1;;;;
18/04/2020;21:08:00;337;com vítima;382;BR-262/MG;Oeste;Queda de Moto;;;;1;;;;;;;0;;;1;
18/04/2020;23:31:00;370;com vítima;524,052;BR-262/MG;Oeste;Saida de Pista;1;;;;;;;;;;0;2;;;
19/04/2020;06:22:00;34;com vítima;446,15;BR-262/MG;Oeste;Capotamento;;;;;;;;;;1;0;1;;;
19/04/2020;07:42:00;56;com vítima;440,05;BR-262/MG;Leste;Capotamento;1;;1;;;;;;;;4;1;;;
19/04/2020;08:35:00;80;sem vítima;18,325;BR-060/GO;Sul;Queda de Ciclista;;1;;;;;;;;;1;;;;
19/04/2020;08:53:00;90;sem vítima;491;BR-153/GO;Sul;Choque - Barreira;1;;;;;;;;;;2;;;;
19/04/2020;20:06:00;338;com vítima;1,05;BR-060/DF;Sul;Atropelamento - Morador;1;;;;;;;;;;1;;;;1
19/04/2020;20:18:00;339;sem vítima;44,5;BR-153/MG;Norte;Saida de Pista;;;1;;;;;;;;1;;;;
20/04/2020;00:27:00;4;sem vítima;487,4;BR-262/MG;Oeste;Carreta deu L;;;1;;;;;;;;1;;;;
20/04/2020;05:40:00;35;com vítima;514;BR-153/GO;Norte;Colisão Traseira;;;1;1;;;;;;;1;;1;;
20/04/2020;09:48:00;138;com vítima;12,759;BR-153/MG;Norte;Capotamento;;;2;;;;;;;;1;1;;;
20/04/2020;15:53:00;285;sem vítima;110,5;BR-060/GO;Sul;Capotamento;1;;;;;;;;;;1;;;;
20/04/2020;16:08:00;289;sem vítima;28;BR-060/DF;Norte;Choque - Talude;1;;;;;;;;;;1;;;;
20/04/2020;16:43:00;303;sem vítima;57;BR-060/GO;Sul;Choque - Defensa;1;;;;;;;;;;4;;;;
20/04/2020;20:46:00;388;sem vítima;210;BR-153/MG;Norte;Saida de Pista;1;;;;;;;;;;5;;;;
21/04/2020;02:07:00;17;sem vítima;353;BR-262/MG;Oeste;Atropelamento de Animal;;;1;;;;;;;;1;;;;
21/04/2020;04:58:00;28;com vítima;658,3;BR-262/MG;Leste;Capotamento;1;;;;;;;;;;1;;1;;
21/04/2020;07:08:00;53;sem vítima;0,845;BR-060/DF;Norte;Colisão Traseira;2;;;;;;;;;;4;;;;
21/04/2020;10:07:00;141;sem vítima;583,2;BR-262/MG;Leste;Tombamento;;;1;;;;;;;;1;;;;
21/04/2020;18:37:00;302;com vítima;508,605;BR-153/GO;Sul;Atropelamento - Morador;1;;;;;;;;;;3;1;;;
21/04/2020;20:03:00;342;sem vítima;442;BR-262/MG;Leste;Colisão Traseira;1;;;;;1;;;;;4;;;;
21/04/2020;20:57:00;361;sem vítima;19;BR-060/DF;Sul;Saida de Pista;1;;;;;;;;;;1;;;;
22/04/2020;05:16:00;33;sem vítima;365;BR-262/MG;Leste;Atropelamento de Animal;;;;1;;;;;;;1;;;;
22/04/2020;05:53:00;38;sem vítima;216,902;BR-153/MG;Norte;Choque - Arvore;1;;;;;;;;;;1;;;;
22/04/2020;19:08:00;422;sem vítima;521,367;BR-153/GO;Sul;Saida de Pista;1;;;;;;;;;;1;;;;
22/04/2020;21:07:00;448;sem vítima;608;BR-262/MG;Leste;Saida de Pista;1;;;;;;;;;;3;;;;
22/04/2020;21:36:00;462;sem vítima;555,5;BR-262/MG;Oeste;Tombamento;;;1;;;;;;;;1;;;;
22/04/2020;23:37:00;485;sem vítima;83;BR-060/GO;Sul;Saida de Pista;;;;;;;;;;1;3;;;;
23/04/2020;00:21:00;13;sem vítima;108,43;BR-060/GO;Norte;Colisão Traseira;;;2;;;;;;;;2;;;;
23/04/2020;05:43:00;47;com vítima;155,3;BR-153/MG;Sul;Tombamento;;;;;1;;;;;;1;9;2;;
23/04/2020;07:35:00;69;sem vítima;693;BR-262/MG;Oeste;Colisão Traseira;;;2;;;;;;;;2;;;;
23/04/2020;11:26:00;216;sem vítima;52,355;BR-060/GO;Sul;Choque - Talude;1;;;;;;;;;;1;;;;
23/04/2020;14:38:00;286;com vítima;16,96;BR-060/DF;Norte;Engavetamento;2;;1;;;;;;;;2;;;;1
23/04/2020;14:41:00;287;sem vítima;878;BR-262/MG;Leste;Colisão Frontal;;;1;;;1;;;;;2;;;;
23/04/2020;16:54:00;344;com vítima;498,7;BR-153/GO;Sul;Colisão Traseira;2;;;;;;;;;;1;1;;;
23/04/2020;17:02:00;350;sem vítima;536;BR-153/GO;Norte;Colisão Traseira;1;;1;;;;;;;;4;;;;
23/04/2020;20:12:00;410;com vítima;505;BR-153/GO;Norte;Queda de Moto;;;;1;;;;;;;0;2;;;
24/04/2020;07:02:00;70;com vítima;496,588;BR-153/GO;Sul;Queda de Moto;;;;1;;;;;;;0;1;;;
24/04/2020;07:36:00;83;com vítima;93,784;BR-060/GO;Norte;Queda de Ciclista;;1;;;;;;;;;0;1;;;
24/04/2020;08:52:00;125;com vítima;506,823;BR-153/GO;Sul;Queda de Moto;;;;1;;;;;;;0;1;;;
24/04/2020;11:43:00;203;com vítima;529,861;BR-153/GO;Sul;Colisão Lateral;;;;1;;;;;;1;1;1;;;
24/04/2020;19:40:00;396;sem vítima;482;BR-262/MG;Leste;Atropelamento de Animal;1;;;;;;;;;;1;;;;
24/04/2020;20:32:00;421;sem vítima;355;BR-262/MG;Leste;Atropelamento de Animal;1;;;;;;;;;;1;;;;
24/04/2020;20:37:00;423;com vítima;520;BR-153/GO;Norte;Queda de Ciclista;;1;;;;;;;;;0;;1;;
24/04/2020;21:57:00;446;sem vítima;390;BR-262/MG;Leste;Saida de Pista;1;;;;;;;;;;1;;;;
24/04/2020;22:13:00;451;sem vítima;491,019;BR-153/GO;Sul;Choque- Placa/Suporte Sinalização;1;;;;;;;;;;1;;;;
25/04/2020;00:08:00;2;sem vítima;494,4;BR-262/MG;Leste;Saida de Pista;;;1;;;;;;;;1;;;;
25/04/2020;00:32:00;7;sem vítima;474;BR-262/MG;Leste;Colisão Transversal;1;;1;;;;;;;;2;;;;
25/04/2020;01:17:00;11;sem vítima;447;BR-262/MG;Leste;Capotamento;1;;;;;;;;;;1;;;;
25/04/2020;04:56:00;38;sem vítima;2,1;BR-060/DF;Sul;Saida de Pista;1;;;;;;;;;;2;;;;
25/04/2020;06:36:00;53;sem vítima;663,3;BR-262/MG;Leste;Tombamento;;;1;;;;;;;;1;;;;
25/04/2020;08:54:00;141;sem vítima;396;BR-262/MG;Leste;Saida de Pista;1;;;;;;;;;;2;;;;
25/04/2020;15:46:00;311;sem vítima;15,222;BR-060/GO;Norte;Queda de Moto;;;;1;;;;;;;2;;;;
25/04/2020;20:30:00;421;sem vítima;44,267;BR-153/MG;Sul;Saida de Pista;;;1;;;1;;;;;2;;;;
25/04/2020;20:40:00;425;sem vítima;446,8;BR-262/MG;Oeste;Colisão Lateral;1;;;1;;;;;;;2;;;;
25/04/2020;21:32:00;435;sem vítima;450,5;BR-262/MG;Leste;Saida de Pista;1;;;;;;;;;;1;;;;
25/04/2020;22:26:00;457;sem vítima;47;BR-060/GO;Sul;Tombamento;;;1;;;;;;;;1;;;;
26/04/2020;01:35:00;15;sem vítima;450,5;BR-262/MG;Leste;;1;;;;;;;;;;1;;;;
26/04/2020;03:23:00;30;sem vítima;11,3;BR-060/DF;Norte;Saida de Pista;1;;;;;;;;;;2;;;;
26/04/2020;04:05:00;38;sem vítima;43;BR-060/GO;Sul;Choque - Cabine de Pedágio;1;;;;;;;;;;1;;;;
26/04/2020;06:31:00;57;sem vítima;359,3;BR-262/MG;Leste;Choque- Poste/Equipamento;1;;;;;;;;;;2;;;;
26/04/2020;06:42:00;59;sem vítima;509,565;BR-153/GO;Sul;Capotamento;1;;;;;;;;;;1;;;;
26/04/2020;10:02:00;148;sem vítima;502,7;BR-262/MG;Leste;Saida de Pista;1;;;;;1;;;;1;3;;;;
26/04/2020;22:42:00;407;com vítima;31;BR-060/DF;Norte;Colisão Traseira;1;;1;;;;;;;;1;2;;;
26/04/2020;22:50:00;409;com vítima;506;BR-153/GO;Norte;Queda de Ciclista;;;;1;;;;;;;0;1;1;;
27/04/2020;06:58:00;68;sem vítima;353,232;BR-262/MG;Leste;Colisão Lateral;1;;1;;;;;;;;2;;;;
27/04/2020;07:05:00;70;com vítima;100,717;BR-060/GO;Norte;Colisão Frontal;1;;;1;;;;;;;1;1;;;
27/04/2020;10:35:00;174;com vítima;502,008;BR-153/GO;Sul;Colisão Lateral;;;1;1;;;;;;;1;;1;;
27/04/2020;12:20:00;221;sem vítima;426,5;BR-262/MG;Oeste;Choque - Defensa;;;1;;;;;;;;3;;;;
27/04/2020;18:08:00;356;sem vítima;812;BR-262/MG;Oeste;Capotamento;;;;;;;;;;1;1;;;;
28/04/2020;06:30:00;46;sem vítima;425,337;BR-262/MG;Oeste;Saida de Pista;1;;;;;;;;;;2;;;;
28/04/2020;06:55:00;58;com vítima;2,5;BR-060/DF;Norte;Choque - Veiculo parado no acostamento;1;;;1;;;;;;;1;1;;;
28/04/2020;07:43:00;85;sem vítima;354;BR-262/MG;Leste;Colisão Traseira;;;1;1;;;;;;;2;;;;
28/04/2020;07:54:00;90;sem vítima;631;BR-262/MG;Leste;Colisão Lateral;1;;1;;;;;;;;3;;;;
28/04/2020;10:08:00;177;com vítima;423;BR-262/MG;Oeste;Colisão Lateral;;;1;1;;;;;;;1;;;1;
28/04/2020;10:57:00;205;sem vítima;70,1;BR-060/GO;Norte;Tombamento;;;1;;;;;;;;2;;;;
28/04/2020;12:53:00;251;sem vítima;449;BR-262/MG;Oeste;Colisão Traseira;2;;;;;;;;;;2;;;;
28/04/2020;15:49:00;319;sem vítima;2,885;BR-060/DF;Sul;Colisão Traseira;1;;;1;;;;;;;3;;;;
28/04/2020;18:10:00;370;com vítima;445,5;BR-262/MG;Leste;Colisão Traseira;1;2;;;;;;;;;1;2;;;
28/04/2020;18:52:00;384;sem vítima;59;BR-060/GO;Norte;Atropelamento de Animal;;;1;;;;;;;;2;;;;
28/04/2020;19:17:00;389;sem vítima;792;BR-262/MG;Oeste;Saida de Pista;;;1;;;;;;;;1;;;;
28/04/2020;20:12:00;413;sem vítima;441;BR-262/MG;Oeste;Colisão Transversal;1;;;;;;;;1;;4;;;;
28/04/2020;23:17:00;464;sem vítima;64;BR-060/GO;Norte;;;;1;;;;;;;;1;;;;
29/04/2020;01:07:00;14;com vítima;506,447;BR-153/GO;Sul;Colisão Traseira;2;;;;;;;;;;1;1;;;
29/04/2020;05:12:00;50;sem vítima;534;BR-153/GO;Norte;Atropelamento de Animal;;;;;;;;;;1;1;;;;
29/04/2020;05:18:00;53;sem vítima;76;BR-153/MG;Sul;Choque - Elemento de Drenagem;1;;;;;;;;;;1;;;;
29/04/2020;07:07:00;83;sem vítima;0;BR-060/GO;Sul;Colisão Traseira;;;2;;;;;;;;2;;;;
29/04/2020;09:34:00;149;sem vítima;437,4;BR-262/MG;Oeste;Choque - Elemento de Drenagem;1;;;;;;;;;;1;;;;
29/04/2020;15:05:00;266;sem vítima;58,25;BR-060/GO;Norte;Capotamento;;;;;;;;;;1;1;;;;
29/04/2020;22:38:00;413;com vítima;515,917;BR-153/GO;Norte;Atropelamento - Usuário;;;;;;1;;;;;1;;;;1
30/04/2020;02:20:00;18;com vítima;646;BR-262/MG;Oeste;Tombamento;;;1;;;;;;;;0;1;;;
30/04/2020;06:45:00;54;com vítima;9;BR-060/DF;Norte;Colisão Traseira;1;;1;;;;;;;;2;;;2;
30/04/2020;07:25:00;85;sem vítima;9;BR-060/DF;Norte;Colisão Traseira;1;;;1;;;;;;;2;;;;
30/04/2020;07:25:00;86;com vítima;9;BR-060/DF;Norte;Queda de Moto;;;;1;;;;;;;0;1;;;
30/04/2020;08:32:00;125;com vítima;440,8;BR-262/MG;Oeste;Tombamento;1;;;;;;;;;;1;1;;;