data;horario;n_da_ocorrencia;tipo_de_ocorrencia;km;trecho;sentido;tipo_de_acidente;automovel;bicicleta;caminhao;moto;onibus;outros;tracao_animal;transporte_de_cargas_especiais;trator_maquinas;utilitarios;ilesos;levemente_feridos;moderadamente_feridos;gravemente_feridos;mortos
30/04/2020;11:55:00;245;com vítima;558,352;BR-262/MG;Oeste;Tombamento;;;1;;;;;;;;2;;1;;
30/04/2020;15:27:00;342;sem vítima;493;BR-153/GO;Sul;Queda de Ciclista;1;;;1;;;;;;;2;;;;
30/04/2020;17:32:00;405;com vítima;511;BR-153/GO;Sul;Queda de Moto;;;;1;;;;;;;1;1;;;
01/02/2020;05:23:00;70;sem vítima;99;BR-060/GO;Sul;Colisão Traseira;1;;1;;;;;;;;2;;;;
01/02/2020;06:30:00;77;sem vítima;84,75;BR-060/GO;Norte;Capotamento;1;;;;;;;;;;1;;;;
01/02/2020;07:34:00;97;com vítima;16,65;BR-060/DF;Sul;Queda de Moto;;;;1;;;;;;;0;2;;;
01/02/2020;10:19:00;206;sem vítima;501;BR-262/MG;Leste;Colisão Frontal;;;2;;;;;;;;2;;;;
01/02/2020;12:27:00;270;com vítima;73;BR-060/GO;Norte;Choque - Defensa;1;;;;;;;;;;0;1;1;;
01/02/2020;13:21:00;294;sem vítima;579,3;BR-262/MG;Leste;Tombamento;;;1;;;;;;;;1;;;;
01/02/2020;14:27:00;311;sem vítima;549;BR-262/MG;Leste;Choque - Elemento de Drenagem;1;;;;;;;;;;4;;;;
01/02/2020;14:47:00;317;com vítima;452;BR-262/MG;Oeste;Atropelamento - Usuário;1;;;;;;1;;;;1;1;;;
01/02/2020;14:55:00;322;com vítima;552,25;BR-153/GO;Sul;Capotamento;1;;;;;;;;;;0;1;;;
01/02/2020;16:13:00;349;sem vítima;703;BR-153/GO;Sul;Saida de Pista;;;1;;;;;;;;1;;;;
01/02/2020;16:57:00;371;sem vítima;362;BR-262/MG;Oeste;Choque - Elemento de Drenagem;1;;;;;;;;;;1;;;;
01/02/2020;17:56:00;394;com vítima;813;BR-262/MG;Oeste;Choque - Barreira;1;;;;;;;;;;0;1;;;
01/02/2020;18:30:00;404;com vítima;403;BR-262/MG;Leste;Choque - Veiculo parado no acostamento;;;;1;;;;;;1;1;1;;;
01/02/2020;20:53:00;469;com vítima;802,9;BR-262/MG;Oeste;Queda de Moto;;;;1;;;;;;;0;1;;;
02/02/2020;01:17:00;11;sem vítima;662,56;BR-153/GO;Norte;Tombamento;;;1;;;;;;;;1;;;;
02/02/2020;01:18:00;12;sem vítima;43;BR-060/GO;Norte;Choque - Elemento de Drenagem;1;;;;;;;;;;1;;;;
02/02/2020;02:15:00;21;sem vítima;491,82;BR-153/GO;Norte;Choque - Defensa;1;;;;;;;;;;1;;;;
02/02/2020;04:04:00;31;com vítima;4,5;BR-060/DF;Norte;Queda de Moto;;;;1;;;;;;;0;1;;;
02/02/2020;05:39:00;46;com vítima;130,8;BR-060/GO;Norte;Colisão Traseira;1;;;1;;;;;;;1;;1;;
02/02/2020;06:12:00;52;sem vítima;368;BR-262/MG;Oeste;Capotamento;1;;;;;;;;;;1;;;;
02/02/2020;06:43:00;60;sem vítima;108,8;BR-060/GO;Sul;Saida de Pista;1;;;;;;;;;;1;;;;
02/02/2020;12:33:00;224;com vítima;93;BR-060/GO;Sul;Choque - Barreira;;;;1;;;;;;;0;;1;1;
02/02/2020;14:44:00;273;sem vítima;437;BR-262/MG;Oeste;Choque - Defensa;1;;;;;;;;;;1;;;;
02/02/2020;15:25:00;296;sem vítima;594;BR-262/MG;Leste;Choque- Poste/Equipamento;;;1;;;;;;;;2;;;;
02/02/2020;15:43:00;301;com vítima;757;BR-262/MG;Leste;Colisão Lateral;2;;;;;;;;;;3;2;;;
02/02/2020;16:32:00;331;sem vítima;225,676;BR-153/MG;Norte;Choque - Veiculo parado na pista;2;;;;;;;;;;3;;;;
02/02/2020;18:13:00;370;sem vítima;47,169;BR-153/MG;Sul;Capotamento;1;;;;;;;;;;1;;;;
02/02/2020;18:32:00;382;com vítima;810,133;BR-262/MG;Oeste;Queda de Moto;;;;1;;;;;;;0;1;;;
02/02/2020;19:05:00;399;sem vítima;82;BR-060/GO;Norte;Saida de Pista;1;;;;;;;;;;1;;;;
02/02/2020;19:14:00;409;com vítima;874,3;BR-262/MG;Oeste;Queda de Moto;;;;1;;;;;;;0;2;;;
02/02/2020;20:17:00;435;com vítima;27;BR-060/GO;Sul;Saida de Pista;1;;;;;;;;;;0;1;;;
02/02/2020;20:34:00;441;sem vítima;700,08;BR-153/GO;Sul;Choque - Barreira;1;;;;;;;;;;3;;;;
02/02/2020;21:05:00;453;sem vítima;493;BR-153/GO;Norte;Objeto lançado contra veículo;1;;1;;;;;;;;4;;;;
02/02/2020;21:10:00;455;com vítima;665,64;BR-153/GO;Norte;Capotamento;;;;;;;;;;1;0;;1;;
02/02/2020;22:44:00;488;com vítima;811,147;BR-262/MG;Leste;Atropelamento - Outros;1;;;1;;;;;;;1;;1;;
03/02/2020;03:37:00;47;sem vítima;28,093;BR-153/MG;Norte;Choque- Placa/Suporte Sinalização;;;;;1;;;;;;14;;;;
03/02/2020;05:35:00;59;com vítima;494;BR-153/GO;Sul;Atropelamento - Andarilho;;;;1;;;;;;;1;1;;;
03/02/2020;06:28:00;70;sem vítima;494;BR-153/GO;Sul;Colisão Traseira;1;;;1;;;;;;;2;;;;
03/02/2020;06:38:00;75;sem vítima;508;BR-153/GO;Norte;Engavetamento;1;;1;;;;;;;1;3;;;;
03/02/2020;06:45:00;80;sem vítima;188;BR-153/MG;Sul;Choque - Talude;1;;;;;;;;;;1;;;;
03/02/2020;07:57:00;107;sem vítima;501;BR-153/GO;Sul;Colisão Traseira;2;;;;;;;;;;2;;;;
03/02/2020;08:20:00;126;sem vítima;501;BR-153/GO;Sul;Colisão Traseira;1;;;;;1;;;;;2;;;;
03/02/2020;08:53:00;144;sem vítima;494,1;BR-153/GO;Norte;Engavetamento;2;;1;;;;;;;;4;;;;
03/02/2020;11:03:00;227;com vítima;115,759;BR-060/GO;Sul;Capotamento;2;;;;;;;;;;1;2;;;
03/02/2020;11:06:00;230;sem vítima;518;BR-153/GO;Norte;Queda de Moto;;;;1;;;;;;;1;;;;
03/02/2020;13:55:00;316;com vítima;508,745;BR-153/GO;Sul;Queda de Moto;;;;1;;;;;;;0;1;;;
03/02/2020;15:27:00;366;sem vítima;583,8;BR-262/MG;Oeste;Capotamento;1;;;;;;;;;;1;;;;
03/02/2020;16:07:00;382;com vítima;112,5;BR-153/MG;Norte;Colisão Transversal;2;;;;;;;;;;3;1;;;
03/02/2020;18:40:00;446;sem vítima;500;BR-153/GO;Sul;Colisão Traseira;1;;2;;;;;;;;3;;;;
03/02/2020;21:43:00;503;sem vítima;886,248;BR-262/MG;Oeste;Capotamento;1;;;;;;;;;;3;;;;
03/02/2020;22:33:00;510;com vítima;235,712;BR-153/MG;Norte;Tombamento;;;1;;;;;;;;0;1;;;
04/02/2020;07:24:00;70;sem vítima;521,63;BR-153/GO;Norte;Colisão Traseira;1;;1;;;;;;;;2;;;;
04/02/2020;09:46:00;166;sem vítima;107;BR-060/GO;Norte;Colisão Traseira;;;1;;;;;;;1;2;;;;
04/02/2020;11:44:00;240;sem vítima;60;BR-060/GO;Norte;Colisão Lateral;2;;;;;;;;;;2;;;;
04/02/2020;15:24:00;344;com vítima;365;BR-262/MG;Oeste;Colisão Traseira;;;;1;;1;;;;;2;;1;;
04/02/2020;16:41:00;386;com vítima;544,65;BR-153/GO;Sul;Capotamento;;;;;;;;;;1;1;1;;;
04/02/2020;17:33:00;414;sem vítima;508;BR-153/GO;Norte;Engavetamento;2;;;;;2;;;;;4;;;;
04/02/2020;17:50:00;420;sem vítima;500,8;BR-153/GO;Sul;Colisão Traseira;1;;;;;1;;;;;2;;;;
04/02/2020;18:38:00;451;sem vítima;94,8;BR-060/GO;Sul;Engavetamento;3;;;;;;;;;;3;;;;
04/02/2020;18:39:00;452;com vítima;6,872;BR-060/GO;Norte;Tombamento;;;1;;;;;;;;1;1;;;
04/02/2020;19:05:00;467;com vítima;103,345;BR-060/GO;Sul;Capotamento;1;;;;;;;;;;2;2;;;
04/02/2020;21:32:00;518;sem vítima;810;BR-262/MG;Leste;Choque - Elemento de Drenagem;1;;;;;;;;;;1;;;;
05/02/2020;02:00:00;33;sem vítima;172,621;BR-153/MG;Norte;Tombamento;;;1;;;;;;;;1;;;;
05/02/2020;03:58:00;53;sem vítima;365,5;BR-262/MG;Oeste;Atropelamento de Animal;;;;;;1;;;;;1;;;;
05/02/2020;05:49:00;77;sem vítima;555;BR-153/GO;Sul;Atropelamento de Animal;1;;;;;;;;;;1;;;;
05/02/2020;06:41:00;98;com vítima;387,8;BR-262/MG;Oeste;Tombamento;;;1;;;;;;;;0;1;;;
05/02/2020;06:48:00;100;com vítima;35,147;BR-153/MG;Norte;Tombamento;;;1;;;;;;;;0;;1;;
05/02/2020;10:31:00;246;sem vítima;1,3;BR-153/MG;Sul;Colisão Lateral;2;;;;;;;;;;10;;;;
05/02/2020;12:46:00;320;sem vítima;34;BR-153/MG;Sul;Saida de Pista;1;;;;;;;;;;1;;;;
05/02/2020;14:22:00;373;sem vítima;608;BR-262/MG;Oeste;Capotamento;1;;;;;;;;;;3;;;;
05/02/2020;14:47:00;389;com vítima;78;BR-153/MG;Sul;Choque - Talude;;;1;;;;;;;;0;;;1;
05/02/2020;16:39:00;440;sem vítima;515,3;BR-153/GO;Sul;Colisão Lateral;1;;1;;;;;;;;2;;;;
05/02/2020;17:25:00;460;sem vítima;174,1;BR-153/MG;Sul;Saida de Pista;;;1;;;;;;;;2;;;;
05/02/2020;17:57:00;473;sem vítima;111,9;BR-060/GO;Sul;Choque- Placa/Suporte Sinalização;;;1;;;;;;;;1;;;;
05/02/2020;18:20:00;485;sem vítima;230;BR-153/MG;Sul;Saida de Pista;;;;;;;;;;1;1;;;;
05/02/2020;18:56:00;503;sem vítima;95,5;BR-060/GO;Norte;Colisão Traseira;2;;;;;;;;;;2;;;;
05/02/2020;19:20:00;513;sem vítima;573;BR-262/MG;Leste;Saida de Pista;;;1;;;;;;;;1;;;;
05/02/2020;20:06:00;546;sem vítima;428;BR-262/MG;Oeste;Saida de Pista;1;;;;;;;;;;1;;;;
05/02/2020;23:05:00;593;sem vítima;367,5;BR-262/MG;Oeste;Saida de Pista;1;;;;;;;;;;1;;;;
06/02/2020;06:23:00;68;sem vítima;15,8;BR-060/GO;Norte;Choque - Defensa;1;;;;;;;;;;1;;;;
06/02/2020;06:36:00;73;com vítima;664,5;BR-153/GO;Norte;Colisão Traseira;1;;1;;;;;;;;1;;;;1
06/02/2020;07:08:00;85;sem vítima;500,5;BR-153/GO;Sul;Colisão Traseira;2;;;;;;;;;;2;;;;
06/02/2020;07:12:00;86;sem vítima;511,8;BR-153/GO;Norte;Colisão Traseira;1;;1;;1;;;;;;4;;;;
06/02/2020;07:22:00;91;sem vítima;500;BR-153/GO;Sul;Colisão Traseira;1;;;;;1;;;;;2;;;;
06/02/2020;07:29:00;95;com vítima;497;BR-153/GO;Sul;Colisão Traseira;1;;1;1;;;;;;;2;1;;;
06/02/2020;08:47:00;127;sem vítima;503;BR-153/GO;Norte;Engavetamento;3;;;;;;;;;;3;;;;
06/02/2020;08:56:00;136;com vítima;44,15;BR-153/MG;Sul;Saida de Pista;1;;;;;;;;;;1;1;;;
06/02/2020;11:33:00;225;sem vítima;582;BR-153/GO;Norte;Saida de Pista;1;;;;;;;;;;1;;;;
06/02/2020;12:37:00;246;com vítima;41,2;BR-060/GO;Norte;Choque- Placa/Suporte Sinalização;;;;1;;;;;;;0;2;;;
06/02/2020;12:50:00;254;sem vítima;549;BR-262/MG;Leste;Colisão Traseira;1;;1;;;;;;;;3;;;;
06/02/2020;14:19:00;294;sem vítima;380;BR-262/MG;Leste;Choque - Talude;2;;;;;;;;;;2;;;;
06/02/2020;14:50:00;307;sem vítima;10,5;BR-060/DF;Sul;Tombamento;;;1;;;;;;;;1;;;;
06/02/2020;16:09:00;336;com vítima;387,5;BR-262/MG;Oeste;Colisão Traseira;;;1;;;;;;;1;2;;1;;
06/02/2020;16:16:00;340;sem vítima;549;BR-262/MG;Oeste;Carreta deu L;;;1;;;;;;;;1;;;;
06/02/2020;16:36:00;350;sem vítima;549;BR-262/MG;Leste;Colisão Traseira;1;;1;;;;;;;;2;;;;
06/02/2020;16:37:00;351;sem vítima;49;BR-153/MG;Sul;Choque - Arvore;;;1;;;1;;;;;2;;;;
06/02/2020;16:47:00;354;sem vítima;381;BR-262/MG;Leste;Choque - Elemento de Drenagem;1;;;;;;;;;;1;;;;
06/02/2020;17:44:00;376;com vítima;112;BR-060/GO;Norte;Colisão Traseira;1;;1;;;;;;;;1;1;;;
06/02/2020;18:13:00;385;sem vítima;226;BR-153/MG;Norte;Colisão Traseira;1;;1;;;;;;;;6;;;;
06/02/2020;18:32:00;396;com vítima;499;BR-153/GO;Sul;Colisão Lateral;1;;;1;;;;;;;0;2;;;
06/02/2020;18:36:00;397;sem vítima;83;BR-060/GO;Norte;Choque - Talude;1;;;;;;;;;;1;;;;
06/02/2020;18:44:00;404;sem vítima;51,5;BR-153/MG;Sul;Colisão Transversal;;;2;;;;;;;;2;;;;
06/02/2020;19:40:00;435;sem vítima;499;BR-153/GO;Sul;Engavetamento;3;;;;;;;;;;3;;;;
06/02/2020;19:43:00;438;sem vítima;134;BR-060/GO;Sul;Saida de Pista;1;;;;;;;;;;2;;;;
06/02/2020;19:57:00;444;sem vítima;126;BR-060/GO;Norte;Saida de Pista;1;;;;;;;;;;1;;;;
06/02/2020;20:34:00;457;sem vítima;522;BR-153/GO;Norte;Tombamento;1;;;;;;;;;;1;;;;
06/02/2020;22:23:00;491;sem vítima;18,802;BR-153/MG;Sul;Choque - Barreira;;;1;;;;;;;;1;;;;
06/02/2020;23:55:00;506;sem vítima;625;BR-262/MG;Leste;Choque - Elemento de Drenagem;;;1;;;;;;;;1;;;;
07/02/2020;03:04:00;49;sem vítima;22,656;BR-153/MG;Sul;Saida de Pista;;;1;;;;;;;;1;;;;
07/02/2020;03:33:00;52;sem vítima;557,5;BR-262/MG;Leste;Saida de Pista;;;;;;;;;;1;1;;;;
07/02/2020;04:45:00;55;sem vítima;580;BR-262/MG;Leste;Tombamento;;;;;1;;;;;;1;;;;
07/02/2020;05:40:00;65;sem vítima;603;BR-262/MG;Leste;Saida de Pista;;;1;;;;;;;;1;;;;
07/02/2020;06:01:00;72;com vítima;503,5;BR-153/GO;Norte;Queda de Moto;;;;1;;;;;;;0;1;;;
07/02/2020;06:34:00;83;sem vítima;568;BR-262/MG;Leste;Colisão Lateral;;;3;;;;;;;;3;;;;
07/02/2020;08:01:00;121;sem vítima;567;BR-262/MG;Leste;Saida de Pista;1;;;;;;;;;;1;;;;
07/02/2020;08:26:00;133;com vítima;507,014;BR-153/GO;Norte;Colisão Traseira;1;;;1;;;;;;;1;1;;;
07/02/2020;08:55:00;149;sem vítima;385;BR-262/MG;Leste;Saida de Pista;1;;;;;;;;;;1;;;;
07/02/2020;09:22:00;163;sem vítima;408;BR-262/MG;Leste;Colisão Traseira;1;;1;;;;;;;;3;;;;
07/02/2020;09:35:00;169;sem vítima;97;BR-060/GO;Sul;Colisão Traseira;2;;;;;;;;;;2;;;;
07/02/2020;09:51:00;175;sem vítima;507,1;BR-153/GO;Norte;Engavetamento;2;;1;;;;;;;;3;;;;
07/02/2020;15:46:00;325;sem vítima;626;BR-153/GO;Sul;Capotamento;1;;;;;;;;;;2;;;;
07/02/2020;16:45:00;359;sem vítima;632;BR-262/MG;Oeste;Saida de Pista;;;1;;;;;;;;1;;;;
07/02/2020;17:21:00;382;com vítima;96,694;BR-060/GO;Norte;Colisão Frontal;1;;1;;;;;;;;1;1;;;
07/02/2020;17:29:00;387;sem vítima;97,022;BR-060/GO;Sul;Colisão Lateral;1;;;1;;;;;;;2;;;;
07/02/2020;18:13:00;403;sem vítima;702;BR-153/GO;Norte;Saida de Pista;1;;;;;;;;;;2;;;;
07/02/2020;18:31:00;412;sem vítima;21;BR-153/MG;Norte;Engavetamento;2;;1;;;;;;;;3;;;;
07/02/2020;19:28:00;443;com vítima;499;BR-153/GO;Sul;Colisão Traseira;1;;;1;;;;;;;3;1;;;
07/02/2020;20:44:00;485;sem vítima;448;BR-262/MG;Leste;Colisão Frontal;2;;;;;;;;;;4;;;;
07/02/2020;22:26:00;517;sem vítima;651;BR-262/MG;Leste;Tombamento;;;1;;;;;;;;1;;;;
07/02/2020;23:22:00;527;sem vítima;497,399;BR-153/GO;Norte;Choque - Defensa;1;;;;;;;;;;1;;;;
07/02/2020;23:30:00;529;sem vítima;23;BR-153/MG;Norte;Saida de Pista;1;;;;;;;;;;2;;;;
08/02/2020;00:19:00;4;sem vítima;778,3;BR-262/MG;Oeste;Engavetamento;1;;1;;1;;;;;;51;;;;
08/02/2020;01:11:00;12;com vítima;548,1;BR-262/MG;Leste;Tombamento;;;1;;;;;;;;0;2;;;
08/02/2020;02:30:00;25;com vítima;506,883;BR-153/GO;Sul;Capotamento;1;;;;;;;;;;0;1;;;
08/02/2020;05:18:00;57;sem vítima;576,3;BR-153/GO;Sul;Tombamento;;;1;;;;;;;;1;;;;
08/02/2020;05:29:00;61;sem vítima;98,05;BR-060/GO;Sul;Saida de Pista;1;;;;;;;;;;1;;;;
08/02/2020;06:18:00;67;sem vítima;98,2;BR-060/GO;Sul;Queda de Ciclista;;;;1;;;;;;;1;;;;
08/02/2020;06:48:00;77;sem vítima;506;BR-153/GO;Sul;Saida de Pista;1;;;;;;;;;;1;;;;
08/02/2020;08:56:00;140;sem vítima;582;BR-262/MG;Leste;Saida de Pista;1;;;;;;;;;;2;;;;
08/02/2020;10:23:00;213;sem vítima;82;BR-060/GO;Norte;Capotamento;1;;;;;;;;;;2;;;;
08/02/2020;15:42:00;357;sem vítima;537;BR-262/MG;Leste;Colisão Traseira;1;;1;;;;;;;;4;;;;
08/02/2020;15:53:00;364;sem vítima;576;BR-153/GO;Sul;Engavetamento;3;;;;;;;;;;4;;;;
08/02/2020;19:57:00;478;com vítima;444,601;BR-262/MG;Leste;Colisão Traseira;3;;;1;;;;;;;3;;;;1
08/02/2020;20:16:00;497;sem vítima;0,9;BR-060/DF;Sul;Atropelamento - Usuário;2;;;;;;;;;1;4;;;;
08/02/2020;20:52:00;517;com vítima;499,157;BR-153/GO;Sul;Capotamento;1;;;;;;;;;;1;1;;;
08/02/2020;21:53:00;546;sem vítima;498,8;BR-153/GO;Sul;Colisão Lateral;1;;1;;;;;;;;2;;;;
08/02/2020;22:22:00;560;sem vítima;9;BR-060/DF;Norte;Queda de Moto;;;;1;;;;;;;1;;;;
09/02/2020;00:27:00;18;sem vítima;503;BR-153/GO;Sul;Colisão Traseira;1;;;1;;;;;;;4;;;;
09/02/2020;01:21:00;62;sem vítima;440,695;BR-262/MG;Leste;Atropelamento de Animal;1;;;;;;;;;;1;;;;
09/02/2020;06:22:00;115;com vítima;608;BR-262/MG;Leste;Capotamento;1;;;;;;;;;;2;2;;;
09/02/2020;11:47:00;302;com vítima;496,2;BR-153/GO;Norte;Queda de Ciclista;;;;1;;;;;;;1;;1;;
09/02/2020;11:59:00;303;com vítima;24,247;BR-153/MG;Sul;Tombamento;;;1;;;1;;;;;1;1;1;;
09/02/2020;15:03:00;391;sem vítima;799,9;BR-262/MG;Oeste;Choque - Defensa;;;1;;;;;;;;1;;;;
09/02/2020;16:40:00;436;com vítima;46,5;BR-060/GO;Norte;Capotamento;1;;;;;;;;;;1;3;1;;
09/02/2020;17:16:00;456;sem vítima;4;BR-060/DF;Sul;Colisão Lateral;2;;;;;;;;;;2;;;;
09/02/2020;17:57:00;484;sem vítima;100;BR-060/GO;Sul;Colisão Traseira;2;;;;;;;;;;2;;;;
09/02/2020;21:06:00;577;sem vítima;702;BR-153/GO;Norte;Saida de Pista;1;;;;;;;;;;1;;;;
09/02/2020;21:07:00;580;sem vítima;356,79;BR-262/MG;Leste;Choque - Veiculo parado no acostamento;;;2;;;;;;;;3;;;;
09/02/2020;22:13:00;602;com vítima;81;BR-060/GO;Norte;Capotamento;1;;;;;;;;;;1;1;;;
10/02/2020;07:10:00;104;com vítima;502,8;BR-153/GO;Norte;Engavetamento;5;;;;;;;;;;4;1;1;;
10/02/2020;07:39:00;117;com vítima;490,955;BR-153/GO;Norte;Queda de Moto;;;;1;;;;;;;0;;1;;
10/02/2020;08:12:00;129;sem vítima;649,85;BR-262/MG;Leste;Colisão Transversal;1;;1;;;;;;;;3;;;;
10/02/2020;09:12:00;156;sem vítima;21;BR-153/MG;Norte;Choque - Elemento de Drenagem;;;1;;;;;;;;1;;;;
10/02/2020;09:17:00;158;com vítima;127,3;BR-060/GO;Norte;Choque - Elemento de Drenagem;1;;;;;;;;;;0;1;;;
10/02/2020;10:44:00;203;sem vítima;520;BR-153/GO;Norte;Saida de Pista;1;;;;;;;;;;4;;;;
10/02/2020;11:36:00;223;sem vítima;501;BR-153/GO;Sul;Colisão Traseira;2;;;;;;;;;;5;;;;
10/02/2020;13:19:00;259;com vítima;627;BR-153/GO;Sul;Colisão Lateral;;;2;;;;;;;;1;1;;;
10/02/2020;15:37:00;312;sem vítima;364;BR-262/MG;Oeste;Colisão Traseira;1;;;;;;;;;1;2;;;;
10/02/2020;15:42:00;317;sem vítima;586;BR-262/MG;Oeste;Colisão Traseira;1;;1;;;;;;;;4;;;;
10/02/2020;16:14:00;330;com vítima;564;BR-153/GO;Sul;Choque - Talude;1;;;;;;;;;;1;3;;;
10/02/2020;16:39:00;340;sem vítima;642;BR-153/GO;Sul;Saida de Pista;1;;;;;;;;;;3;;;;
10/02/2020;17:15:00;348;sem vítima;577;BR-262/MG;Leste;Saida de Pista;;;1;;;1;;;;;3;;;;
10/02/2020;18:51:00;379;com vítima;493,59;BR-153/GO;Norte;Colisão Lateral;;;1;1;;;;;;;1;;1;;
10/02/2020;19:24:00;392;sem vítima;463;BR-262/MG;Oeste;Choque - Elemento de Drenagem;1;;;;;;;;;;1;;;;
10/02/2020;23:18:00;454;sem vítima;3;BR-060/DF;Norte;Colisão Lateral;1;;;1;;;;;;;2;;;;
10/02/2020;23:41:00;459;com vítima;128,54;BR-060/GO;Norte;Capotamento;1;;;;;;;;;;0;1;;;
11/02/2020;00:05:00;3;com vítima;541,088;BR-153/GO;Norte;Colisão Traseira;;;2;;;;;;;;1;3;;;
11/02/2020;01:01:00;15;sem vítima;125,458;BR-060/GO;Sul;Choque - Talude;;;1;;;;;;;;1;;;;
11/02/2020;01:48:00;21;sem vítima;380;BR-262/MG;Oeste;Saida de Pista;1;;;;;;;;;;1;;;;
11/02/2020;02:06:00;26;sem vítima;380;BR-262/MG;Oeste;;1;;;;;;;;;;1;;;;
11/02/2020;02:06:00;27;sem vítima;380;BR-262/MG;Oeste;;1;;;;;;;;;;1;;;;
11/02/2020;04:04:00;47;sem vítima;13,5;BR-153/MG;Sul;Saida de Pista;;;1;;;;;;;;1;;;;
11/02/2020;04:19:00;58;sem vítima;9;BR-153/MG;Sul;Atropelamento de Animal;;;1;;;;;;;;1;;;;
11/02/2020;05:21:00;64;sem vítima;4,15;BR-060/DF;Sul;Choque- Placa/Suporte Sinalização;;;;;;;;;;1;3;;;;
11/02/2020;05:27:00;66;sem vítima;368,4;BR-262/MG;Oeste;Atropelamento de Animal;;;;;1;;;;;;1;;;;
11/02/2020;07:50:00;112;sem vítima;502,2;BR-153/GO;Sul;Engavetamento;3;;;;;;;;;;3;;;;
11/02/2020;07:53:00;115;sem vítima;101;BR-060/GO;Sul;Colisão Traseira;1;;;;;;;;;1;3;;;;
11/02/2020;12:19:00;266;com vítima;369;BR-262/MG;Leste;Choque - Defensa;;;;;;;;;;1;1;1;;;
11/02/2020;12:36:00;274;sem vítima;608;BR-262/MG;Oeste;Saida de Pista;;;;;;;;;;1;1;;;;
11/02/2020;13:37:00;297;sem vítima;611;BR-262/MG;Leste;Saida de Pista;;;;;1;;;;;;1;;;;
11/02/2020;17:27:00;406;com vítima;500;BR-153/GO;Sul;Colisão Traseira;1;;;1;;;;;;;1;1;;;
11/02/2020;17:42:00;413;sem vítima;419;BR-262/MG;Oeste;Saida de Pista;1;;;;;;;;;;4;;;;
11/02/2020;22:40:00;508;com vítima;445;BR-262/MG;Leste;Choque - Defensa;1;;;;;;;;;;0;;1;;
12/02/2020;00:53:00;29;sem vítima;490;BR-262/MG;Oeste;Saida de Pista;;;;;;;;;;1;2;;;;
12/02/2020;08:23:00;149;com vítima;502,5;BR-153/GO;Norte;Engavetamento;3;;2;;;;;;;;5;1;;;
12/02/2020;09:26:00;194;com vítima;89,2;BR-060/GO;Sul;Capotamento;1;;;;;;;;;;0;1;;;
12/02/2020;10:47:00;259;sem vítima;192,399;BR-153/MG;Sul;Colisão Traseira;;;2;;;;;;;;2;;;;
12/02/2020;12:48:00;329;com vítima;760;BR-262/MG;Oeste;Choque - Arvore;1;;;;;;;;;;0;;;2;
12/02/2020;13:10:00;343;sem vítima;27;BR-060/DF;Norte;Choque - Elemento de Drenagem;1;;;;;;;;;;1;;;;
12/02/2020;14:45:00;383;sem vítima;113,5;BR-060/GO;Sul;Carreta deu L;;;1;;;;;;;;1;;;;
12/02/2020;15:54:00;417;sem vítima;113,3;BR-060/GO;Sul;Choque - Outros;;;1;;;;;;;;1;;;;
12/02/2020;19:52:00;547;sem vítima;109;BR-060/GO;Sul;Choque - Elemento de Drenagem;;;1;;;;;;;;2;;;;
12/02/2020;20:40:00;575;com vítima;363;BR-262/MG;Oeste;Colisão Traseira;;;1;1;;;;;;;1;1;;;
12/02/2020;20:43:00;579;com vítima;234;BR-153/MG;Sul;Queda de Moto;;;;1;;;;;;;0;2;;;
12/02/2020;21:24:00;597;sem vítima;57;BR-153/MG;Norte;Tombamento;;;1;;;;;;;;1;;;;
13/02/2020;03:58:00;45;sem vítima;560,2;BR-153/GO;Sul;Choque - Arvore;;;1;;;;;;;;2;;;;
13/02/2020;05:17:00;55;com vítima;217,337;BR-153/MG;Sul;Tombamento;;;1;;;;;;;;0;2;;;
13/02/2020;05:57:00;62;com vítima;137;BR-060/GO;Sul;Atropelamento de Animal;;;;1;;;;;;;0;;1;;
13/02/2020;06:51:00;74;com vítima;494;BR-153/GO;Norte;Colisão Traseira;1;;;1;;;;;;;2;1;;;
13/02/2020;07:16:00;83;sem vítima;388;BR-262/MG;Oeste;Choque - Elemento de Drenagem;1;;;;;;;;;;1;;;;
13/02/2020;08:37:00;139;sem vítima;598;BR-262/MG;Leste;Colisão Traseira;;;1;;;1;;;;;2;;;;
13/02/2020;09:05:00;171;com vítima;499;BR-153/GO;Norte;Capotamento;1;;;;;;;;;;0;;1;;
13/02/2020;13:34:00;420;com vítima;663;BR-262/MG;Oeste;Colisão Traseira;1;;1;;;;;;;;1;1;;;
13/02/2020;14:18:00;446;com vítima;25,6;BR-060/GO;Sul;Choque - Talude;;;;;;;;;;1;0;4;;;
13/02/2020;14:19:00;448;sem vítima;25,6;BR-060/GO;Norte;Choque - Objeto sobre a pista;1;;;;;;;;;;1;;;;
13/02/2020;14:54:00;468;sem vítima;367;BR-262/MG;Oeste;;1;;;;;;;;;1;2;;;;
13/02/2020;18:29:00;584;sem vítima;440,874;BR-262/MG;Leste;Choque - Defensa;1;;;;;;;;;;1;;;;
13/02/2020;20:40:00;667;sem vítima;128;BR-153/MG;Sul;Choque - Veiculo parado na pista;;;2;;;;;;;;3;;;;
14/02/2020;01:03:00;18;com vítima;113,74;BR-060/GO;Norte;Colisão Traseira;;;;1;;1;;;;;1;1;;;
14/02/2020;06:50:00;121;sem vítima;579;BR-153/GO;Sul;Capotamento;1;;;;;;;;;;1;;;;
14/02/2020;07:31:00;156;sem vítima;495;BR-153/GO;Sul;Engavetamento;3;;;;;;;;;;4;;;;
14/02/2020;10:00:00;236;sem vítima;699;BR-262/MG;Oeste;Engavetamento;;;4;;;;;;;;4;;;;