data;horario;n_da_ocorrencia;tipo_de_ocorrencia;km;trecho;sentido;tipo_de_acidente;automovel;bicicleta;caminhao;moto;onibus;outros;tracao_animal;transporte_de_cargas_especiais;trator_maquinas;utilitarios;ilesos;levemente_feridos;moderadamente_feridos;gravemente_feridos;mortos
27/02/2020;09:37:00;142;com vítima;431;BR-262/MG;Oeste;Queda de Moto;;;;1;;;;;;;1;1;;;
27/02/2020;10:44:00;162;sem vítima;181,15;BR-153/MG;Norte;Colisão Lateral;;;2;;;;;;;;2;;;;
27/02/2020;11:31:00;202;com vítima;0;BR-153/MG;Norte;Colisão Lateral;1;;1;;;;;;;;1;1;;;
27/02/2020;11:43:00;208;sem vítima;608;BR-262/MG;Oeste;Saida de Pista;1;;;;;;;;;;2;;;;
27/02/2020;12:01:00;215;com vítima;70,2;BR-153/MG;Norte;Tombamento;;;1;;;;;;;;0;1;;;
27/02/2020;13:36:00;268;sem vítima;228;BR-153/MG;Norte;Colisão Traseira;;;2;;;;;;;;2;;;;
27/02/2020;15:09:00;289;com vítima;444;BR-262/MG;Oeste;Colisão Traseira;1;;;1;;;;;;;2;;1;;
27/02/2020;16:20:00;320;sem vítima;111;BR-060/GO;Norte;Queda em Ribanceira;1;;;;;;;;;;1;;;;
27/02/2020;18:23:00;370;com vítima;102;BR-060/GO;Sul;Colisão Lateral;1;;;1;;;;;;;1;1;;;
27/02/2020;19:32:00;403;com vítima;101,5;BR-060/GO;Norte;Saida de Pista;1;;;;;;;;;;1;1;;;
27/02/2020;21:03:00;441;com vítima;63,518;BR-060/GO;Norte;Tombamento;;;1;;;;;;;;0;1;;;
27/02/2020;21:27:00;452;sem vítima;61;BR-060/GO;Norte;Colisão Traseira;1;;;;;;;;;1;6;;;;
27/02/2020;21:48:00;457;sem vítima;607;BR-262/MG;Leste;Saida de Pista;;;;;;;;;;1;1;;;;
27/02/2020;23:18:00;474;sem vítima;593,745;BR-153/GO;Sul;Choque - Elemento de Drenagem;1;;;;;;;;;;1;;;;
28/02/2020;00:05:00;1;sem vítima;47;BR-153/MG;Sul;Choque - Defensa;1;;1;;;;;;;;4;;;;
28/02/2020;05:43:00;69;com vítima;100,598;BR-060/GO;Norte;Colisão Traseira;2;;;;;;;;;;2;1;;;
28/02/2020;05:53:00;75;com vítima;100,598;BR-060/GO;Norte;Colisão Lateral;;1;;1;;;;;;;1;1;;;
28/02/2020;06:19:00;76;com vítima;547,9;BR-262/MG;Leste;Colisão Frontal;;;2;;;;;;;;1;;1;;
28/02/2020;07:00:00;90;com vítima;501;BR-153/GO;Norte;Queda de Moto;;;;1;;;;;;;0;1;;;
28/02/2020;07:01:00;92;sem vítima;5,607;BR-153/MG;Norte;Saida de Pista;;;;;;;;;;1;1;;;;
28/02/2020;09:27:00;168;sem vítima;82,84;BR-060/GO;Norte;Saida de Pista;1;;;;;;;;;;1;;;;
28/02/2020;11:37:00;223;sem vítima;472;BR-262/MG;Leste;Queda em Ribanceira;;;1;;;;;;;;1;;;;
28/02/2020;11:37:00;224;sem vítima;580;BR-262/MG;Leste;Carreta deu L;;;1;;;;;;;;1;;;;
28/02/2020;11:43:00;226;sem vítima;479;BR-262/MG;Oeste;Queda de Moto;1;;;1;;;;;;;2;;;;
28/02/2020;12:23:00;245;sem vítima;437;BR-262/MG;Oeste;Capotamento;1;;;;;;;;;;1;;;;
28/02/2020;12:31:00;249;sem vítima;546;BR-262/MG;Leste;Capotamento;1;;;;;;;;;;1;;;;
28/02/2020;14:58:00;319;com vítima;377;BR-262/MG;Oeste;Choque - Elemento de Drenagem;;;1;;;;;;;;0;1;;;
28/02/2020;15:36:00;331;com vítima;605,7;BR-153/GO;Norte;Colisão Lateral;;;1;;;;;;;1;1;1;;;
28/02/2020;16:33:00;347;com vítima;627,766;BR-153/GO;Norte;Capotamento;1;;;;;;;;;;0;1;;;
28/02/2020;19:50:00;447;sem vítima;514,22;BR-153/GO;Norte;Colisão Lateral;2;;;;;;;;;;4;;;;
28/02/2020;20:14:00;460;sem vítima;388;BR-262/MG;Oeste;Saida de Pista;1;;;;;;;;;;1;;;;
28/02/2020;22:31:00;514;sem vítima;532;BR-153/GO;Norte;Atropelamento de Animal;1;;;;;;;;;;1;;;;
29/02/2020;00:16:00;3;sem vítima;3,235;BR-153/MG;Norte;Capotamento;1;;;;;;;;;;1;;;;
29/02/2020;05:02:00;69;sem vítima;58;BR-153/MG;Sul;Saida de Pista;;;1;;;;;;;;1;;;;
29/02/2020;06:07:00;76;sem vítima;568,007;BR-153/GO;Sul;Colisão Traseira;2;;1;;;;;;;;3;;;;
29/02/2020;06:10:00;78;sem vítima;583;BR-262/MG;Leste;Capotamento;;;;;;;;;;1;1;;;;
29/02/2020;06:21:00;84;sem vítima;501;BR-153/GO;Norte;Saida de Pista;1;;;;;;;;;;1;;;;
29/02/2020;07:00:00;101;sem vítima;58,5;BR-153/MG;Norte;Choque - Elemento de Drenagem;;;1;;;;;;;;1;;;;
29/02/2020;07:15:00;110;com vítima;506,454;BR-153/GO;Norte;Colisão Traseira;1;;;1;;;;;;;1;;1;;
29/02/2020;10:01:00;233;com vítima;504;BR-153/GO;Sul;Colisão Traseira;;;1;1;;;;;;;1;;1;;
29/02/2020;10:13:00;240;com vítima;635;BR-262/MG;Leste;Colisão Lateral;1;;1;;;;;;;;1;5;;;
29/02/2020;10:45:00;255;sem vítima;504;BR-153/GO;Sul;Choque - Defensa;;;1;;;;;;;;1;;;;
29/02/2020;11:37:00;340;sem vítima;605;BR-153/GO;Sul;Colisão Traseira;1;;;;;;;;;1;2;;;;
29/02/2020;13:07:00;388;sem vítima;403;BR-262/MG;Leste;Choque - Elemento de Drenagem;1;;;;;;;;;;1;;;;
29/02/2020;13:26:00;397;sem vítima;412,3;BR-262/MG;Leste;Colisão Traseira;2;;;;;;;;;;2;;;;
29/02/2020;14:16:00;417;sem vítima;511;BR-153/GO;Sul;Colisão Lateral;1;;;1;;;;;;;2;;;;
29/02/2020;14:38:00;424;sem vítima;80,047;BR-060/GO;Norte;Choque - Defensa;1;;;;;;;;;;1;;;;
29/02/2020;15:12:00;451;sem vítima;100,181;BR-060/GO;Sul;Colisão Lateral;1;;;;;;;;;1;3;;;;
29/02/2020;16:30:00;498;com vítima;214;BR-153/MG;Norte;Tombamento;;;1;;;;;;;;0;1;;;
29/02/2020;16:47:00;510;com vítima;34,5;BR-060/GO;Sul;Saida de Pista;1;;;;;;;;;;0;2;;;
29/02/2020;16:53:00;516;com vítima;864,5;BR-262/MG;Leste;Queda de Moto;;;;1;;;;;;;0;;2;;
29/02/2020;16:59:00;520;sem vítima;391;BR-262/MG;Oeste;Capotamento;1;;;;;;;;;;1;;;;
29/02/2020;20:41:00;615;com vítima;7;BR-060/DF;Sul;Atropelamento - Outros;1;;;;;;;;;;0;4;;;
29/02/2020;21:03:00;623;sem vítima;46;BR-153/MG;Sul;Colisão Traseira;1;;1;;;;;;;;2;;;;
29/02/2020;21:23:00;630;sem vítima;621;BR-262/MG;Leste;Saida de Pista;1;;;;;;;;;;1;;;;
29/02/2020;22:00:00;644;sem vítima;9,5;BR-060/GO;Norte;Choque - Talude;2;;;;;;;;;;2;;;;
01/07/2020;01:01:00;14;sem vítima;210,543;BR-153/MG;Sul;Saida de Pista;1;;;;;1;;;;;4;;;;
01/07/2020;07:24:00;73;sem vítima;3;BR-060/DF;Norte;Engavetamento;3;;;;;;;;;;5;;;;
01/07/2020;07:44:00;89;sem vítima;11;BR-060/GO;Norte;Capotamento;1;;;;;;;;;;1;;;;
01/07/2020;07:48:00;93;sem vítima;4;BR-060/DF;Norte;Colisão Traseira;2;;;;;;;;;;3;;;;
01/07/2020;10:02:00;179;com vítima;745;BR-262/MG;Oeste;Colisão Frontal;1;;1;;;;;;;;3;;1;1;1
01/07/2020;11:14:00;224;sem vítima;372;BR-262/MG;Leste;Colisão Lateral;1;;1;;;;;;;;2;;;;
01/07/2020;19:13:00;466;sem vítima;91,7;BR-060/GO;Norte;Colisão Traseira;2;;;;;;;;;;2;;;;
02/07/2020;01:10:00;19;sem vítima;380,767;BR-262/MG;Leste;Capotamento;1;;;;;1;;;;;2;;;;
02/07/2020;01:59:00;28;sem vítima;355,053;BR-262/MG;Oeste;Choque - Defensa;;;1;;;;;;;;1;;;;
02/07/2020;05:24:00;54;sem vítima;394;BR-262/MG;Oeste;Colisão Lateral;1;;1;;;;;;;;2;;;;
02/07/2020;16:43:00;353;sem vítima;811;BR-262/MG;Leste;Saida de Pista;;;;;;;;;;1;1;;;;
02/07/2020;17:54:00;395;sem vítima;505;BR-153/GO;Sul;Queda de Ciclista;;;;1;;;;;;;1;;;;
02/07/2020;18:17:00;405;com vítima;403,2;BR-262/MG;Oeste;Queda de Moto;;;;1;;;;;;;0;1;;;
02/07/2020;18:59:00;433;sem vítima;588,8;BR-153/GO;Sul;Saida de Pista;;;1;;;;;;;;1;;;;
02/07/2020;19:17:00;440;com vítima;802;BR-262/MG;Oeste;Colisão Traseira;2;;;;;;;;;;2;1;;;
02/07/2020;19:59:00;461;sem vítima;415,87;BR-262/MG;Leste;Saida de Pista;1;;;;;;;;;;5;;;;
02/07/2020;22:37:00;529;sem vítima;367;BR-262/MG;Oeste;Colisão Traseira;;;1;;;;;;;1;3;;;;
03/07/2020;07:16:00;74;sem vítima;407,125;BR-262/MG;Leste;Colisão Traseira;;;1;;;;;;;1;2;;;;
03/07/2020;07:36:00;84;sem vítima;505,3;BR-153/GO;Sul;Choque - Veiculo parado na pista;1;1;;;;;;;;;2;;;;
03/07/2020;07:56:00;92;sem vítima;505,3;BR-153/GO;Sul;Saida de Pista;1;;;;;1;;;;;2;;;;
03/07/2020;08:42:00;127;com vítima;94;BR-060/GO;Sul;Colisão Traseira;;;;1;;1;;;;;1;1;;;
03/07/2020;08:51:00;131;sem vítima;501;BR-153/GO;Norte;Colisão Traseira;;;2;;;;;;;;2;;;;
03/07/2020;14:10:00;266;sem vítima;555;BR-262/MG;Leste;Colisão Traseira;1;;1;;;;;;;;2;;;;
03/07/2020;14:37:00;279;sem vítima;28;BR-060/GO;Sul;Saida de Pista;1;;;;;;;;;;1;;;;
03/07/2020;14:52:00;287;sem vítima;456,3;BR-262/MG;Oeste;Atropelamento de Animal;1;;;;;;;;;;2;;;;
03/07/2020;17:31:00;358;sem vítima;490;BR-153/GO;Sul;Choque - Defensa;1;;;;;;;;;;1;;;;
03/07/2020;18:45:00;399;sem vítima;58;BR-153/MG;Norte;Colisão Traseira;1;;1;;;;;;;;2;;;;
03/07/2020;18:46:00;401;com vítima;4;BR-060/DF;Norte;Colisão Traseira;1;;;1;;;;;;;1;1;;;
03/07/2020;21:02:00;463;sem vítima;612;BR-262/MG;Leste;Engavetamento;;;1;;;1;;;;1;5;;;;
03/07/2020;21:45:00;483;sem vítima;814;BR-262/MG;Leste;Saida de Pista;1;;;;;;;;;;1;;;;
03/07/2020;23:26:00;508;com vítima;590,1;BR-262/MG;Leste;Capotamento;1;;;;;;;;;;1;;1;;
04/07/2020;05:30:00;39;com vítima;414;BR-262/MG;Leste;Choque - Talude;1;;;;;1;;;;;2;1;;;
04/07/2020;06:32:00;52;com vítima;402;BR-262/MG;Leste;Colisão Traseira;;;2;;;;;;;;1;;1;;
04/07/2020;06:51:00;54;sem vítima;5;BR-060/DF;Sul;Saida de Pista;1;;;;;;;;;;1;;;;
04/07/2020;08:14:00;70;com vítima;101;BR-060/GO;Sul;Queda de Moto;;;;1;;;;;;;0;1;;;
04/07/2020;10:20:00;119;com vítima;364;BR-262/MG;Leste;Colisão Traseira;1;;;1;;;;;;;3;1;;;
04/07/2020;11:54:00;166;sem vítima;423;BR-262/MG;Leste;Capotamento;1;;;;;;;;;;2;;;;
04/07/2020;21:19:00;381;sem vítima;433,4;BR-262/MG;Leste;Colisão Lateral;2;;;;;;;;;;3;;;;
04/07/2020;21:46:00;393;com vítima;695,3;BR-262/MG;Oeste;Colisão Frontal;1;;1;;;;;;;;1;;;;1
04/07/2020;23:39:00;416;com vítima;16;BR-060/DF;Sul;Colisão Traseira;2;;;;;;;;;;2;1;;;
04/07/2020;23:44:00;417;com vítima;16,9;BR-153/MG;Norte;Colisão Traseira;;;;1;;1;;;;;1;;;;1
05/07/2020;04:25:00;35;sem vítima;14;BR-060/DF;Sul;Capotamento;1;;;;;;;;;;4;;;;
05/07/2020;04:57:00;37;com vítima;38;BR-153/MG;Sul;Saida de Pista;;;1;;;;;;;;1;;1;;
05/07/2020;14:31:00;256;com vítima;46;BR-060/GO;Norte;Choque - Defensa;1;;;;;;;;;;1;;1;;
05/07/2020;14:43:00;267;sem vítima;427,041;BR-262/MG;Oeste;Queda de Moto;;;;1;;;;;;;1;;;;
05/07/2020;15:20:00;281;com vítima;124;BR-060/GO;Norte;Queda de Moto;;;;1;;;;;;;1;1;;;
05/07/2020;16:19:00;303;sem vítima;4,6;BR-060/DF;Norte;Colisão Lateral;2;;;;;;;;;;4;;;;
05/07/2020;17:32:00;340;com vítima;579;BR-153/GO;Norte;Queda de Ciclista;;;;1;;;;;;;0;1;;;
05/07/2020;17:46:00;348;sem vítima;225,2;BR-153/MG;Norte;Choque- Placa/Suporte Sinalização;1;;;;;;;;;;2;;;;
05/07/2020;19:39:00;396;sem vítima;843;BR-262/MG;Leste;Choque - Elemento de Drenagem;1;;;;;;;;;;1;;;;
05/07/2020;19:48:00;404;sem vítima;513,8;BR-262/MG;Leste;Saida de Pista;1;;;;;;;;;;1;;;;
05/07/2020;22:15:00;460;sem vítima;365;BR-262/MG;Leste;Colisão Traseira;1;;1;;;;;;;;2;;;;
05/07/2020;22:30:00;463;com vítima;362;BR-262/MG;Leste;Atropelamento - Morador;;;1;;;;;;;;1;;1;;
05/07/2020;22:30:00;464;sem vítima;707;BR-262/MG;Oeste;Saida de Pista;1;;;;;;;;;;1;;;;
06/07/2020;05:03:00;46;sem vítima;368;BR-262/MG;Leste;Tombamento;;;1;;;;;;;;1;;;;
06/07/2020;14:49:00;348;sem vítima;824,8;BR-262/MG;Leste;Choque - Veiculo parado no acostamento;2;;;;;;;;;;6;;;;
06/07/2020;19:59:00;499;sem vítima;792;BR-262/MG;Oeste;Colisão Lateral;1;;1;;;;;;;;3;;;;
06/07/2020;21:45:00;527;com vítima;494,05;BR-153/GO;Norte;Atropelamento - Andarilho;;;;1;;;;;;;0;;;;2
07/07/2020;00:57:00;12;com vítima;368;BR-262/MG;Oeste;Saida de Pista;1;;;;;;;;;;0;1;;;
07/07/2020;05:45:00;40;sem vítima;426,995;BR-262/MG;Leste;Colisão Traseira;;;2;;;;;;;;2;;;;
07/07/2020;07:47:00;75;sem vítima;623;BR-153/GO;Norte;Saida de Pista;1;;1;;;;;;;;2;;;;
07/07/2020;07:49:00;76;com vítima;465,467;BR-262/MG;Oeste;Colisão Frontal;2;;;;;;;;;;1;1;2;;1
07/07/2020;10:04:00;149;sem vítima;94;BR-153/MG;Norte;Colisão Traseira;;;2;;;;;;;;2;;;;
07/07/2020;12:28:00;234;sem vítima;534;BR-153/GO;Sul;Colisão Lateral;1;;1;;;;;;;;3;;;;
07/07/2020;14:50:00;305;sem vítima;462;BR-262/MG;Leste;Colisão Traseira;1;;1;;;;;;;;6;;;;
07/07/2020;16:50:00;347;sem vítima;500;BR-153/GO;Sul;Engavetamento;2;;1;;;;;;;;3;;;;
07/07/2020;18:18:00;388;sem vítima;127;BR-060/GO;Sul;Saida de Pista;1;;1;;;;;;;;2;;;;
07/07/2020;18:46:00;409;sem vítima;667;BR-262/MG;Leste;Colisão Traseira;;;1;;;;;;;2;4;;;;
07/07/2020;18:47:00;410;sem vítima;466;BR-262/MG;Leste;Engavetamento;;;2;;;;;;;1;13;;;;
08/07/2020;07:29:00;102;com vítima;440,9;BR-262/MG;Oeste;Atropelamento - Usuário;;;1;;;;;;;;1;;;;1
08/07/2020;10:58:00;227;com vítima;517;BR-153/GO;Sul;Colisão Traseira;;;1;1;;;;;;;1;1;;;
08/07/2020;17:00:00;409;com vítima;460;BR-262/MG;Oeste;Engavetamento;1;;2;;;;;;;;2;1;;;
08/07/2020;17:16:00;420;com vítima;553,8;BR-262/MG;Oeste;Tombamento;;;1;;;;;;;;0;;1;;
08/07/2020;17:38:00;430;sem vítima;505,1;BR-153/GO;Norte;Engavetamento;1;;2;;;;;;;;3;;;;
08/07/2020;18:36:00;458;com vítima;490;BR-153/GO;Sul;Colisão Traseira;1;;;1;;;;;;;2;;1;;
08/07/2020;20:05:00;500;sem vítima;109;BR-060/GO;Norte;Colisão Traseira;;;2;;;;;;;;2;;;;
08/07/2020;20:44:00;511;sem vítima;643;BR-153/GO;Norte;Colisão Lateral;1;;1;;;;;;;;2;;;;
09/07/2020;00:15:00;4;sem vítima;136;BR-060/GO;Norte;Colisão Traseira;2;;;;;;;;;;2;;;;
09/07/2020;09:01:00;126;sem vítima;113;BR-060/GO;Norte;Colisão Traseira;1;;1;;;;;;;;2;;;;
09/07/2020;11:08:00;213;sem vítima;71,5;BR-153/MG;Norte;Tombamento;;;1;;;;;;;;2;;;;
09/07/2020;13:18:00;270;sem vítima;854;BR-262/MG;Oeste;Colisão Traseira;1;;1;;;;;;;;3;;;;
09/07/2020;13:37:00;282;com vítima;107,85;BR-060/GO;Norte;Atropelamento - Outros;;;1;;;;;;;;1;;;1;
09/07/2020;16:37:00;349;com vítima;506;BR-153/GO;Norte;Atropelamento - Andarilho;1;;;;;;;;;;1;;1;;
09/07/2020;19:18:00;415;com vítima;521;BR-262/MG;Oeste;Colisão Lateral;1;;1;;;;;;;;1;1;;;
09/07/2020;19:25:00;418;com vítima;90;BR-060/GO;Sul;Colisão Frontal;;1;;1;;;;;;;1;2;;;
09/07/2020;22:22:00;457;com vítima;135,8;BR-060/GO;Sul;Capotamento;1;;;;;;;;;;2;2;;;
10/07/2020;07:30:00;90;sem vítima;506;BR-153/GO;Sul;Colisão Lateral;1;;1;;;;;;;;2;;;;
10/07/2020;07:52:00;104;sem vítima;505,8;BR-153/GO;Sul;Engavetamento;6;;;;;;;;;;7;;;;
10/07/2020;07:56:00;106;sem vítima;478,3;BR-262/MG;Oeste;Colisão Lateral;2;;;;;;;;;;2;;;;
10/07/2020;07:57:00;108;sem vítima;507;BR-153/GO;Norte;Engavetamento;3;;;;;;;;;;4;;;;
10/07/2020;10:08:00;172;com vítima;226,157;BR-153/MG;Norte;Tombamento;;;1;;;;;;;;0;1;;;
10/07/2020;10:32:00;186;com vítima;17,082;BR-153/MG;Sul;Tombamento;;;1;;;;;;;;0;1;;;
10/07/2020;11:16:00;209;sem vítima;498;BR-153/GO;Sul;Choque - Barreira;;;1;;;;;;;;1;;;;
10/07/2020;11:31:00;219;sem vítima;373;BR-262/MG;Oeste;Colisão Traseira;2;;1;;;;;;;;3;;;;
10/07/2020;13:14:00;266;com vítima;4;BR-060/DF;Sul;Atropelamento - Usuário;1;;;;;;;;;;1;;;1;
10/07/2020;16:42:00;357;com vítima;512,2;BR-153/GO;Norte;Colisão Traseira;2;;;1;;;;;;;2;;1;;
10/07/2020;20:24:00;454;sem vítima;407;BR-262/MG;Leste;Colisão Traseira;1;;1;;;;;;;;2;;;;
11/07/2020;05:00:00;54;com vítima;606;BR-153/GO;Sul;Capotamento;;;1;;;;;;;;0;;;1;
11/07/2020;06:25:00;67;com vítima;614;BR-153/GO;Sul;Colisão Traseira;1;;1;;;;;;;;1;1;;;
11/07/2020;06:48:00;70;sem vítima;508;BR-153/GO;Norte;Choque - Veiculo parado na pista;2;;;;;;;;;;4;;;;
11/07/2020;11:34:00;180;sem vítima;39;BR-153/MG;Norte;Choque - Elemento de Drenagem;1;;;;;;;;;;1;;;;
11/07/2020;12:03:00;194;com vítima;101;BR-060/GO;Sul;Colisão Transversal;2;;;;;1;;;;;2;1;;;
11/07/2020;12:59:00;228;com vítima;671,454;BR-153/GO;Sul;Choque - Talude;;;1;;;;;;;;0;1;;;
11/07/2020;15:27:00;286;sem vítima;514;BR-153/GO;Sul;Capotamento;1;;;;;;;;;;1;;;;
11/07/2020;16:09:00;302;com vítima;445,3;BR-262/MG;Oeste;Queda de Moto;;;;1;;;;;;;0;1;;;
11/07/2020;16:16:00;305;sem vítima;576;BR-262/MG;Leste;Tombamento;;;1;;;;;;;;1;;;;
11/07/2020;18:19:00;356;sem vítima;403;BR-262/MG;Leste;Colisão Lateral;1;;1;;;;;;;;2;;;;
11/07/2020;18:49:00;367;com vítima;28;BR-060/DF;Sul;Colisão Frontal;1;;1;;;;;;;;2;;;1;
11/07/2020;19:03:00;374;sem vítima;446,5;BR-262/MG;Oeste;Colisão Transversal;2;;;;;;;;;;4;;;;
12/07/2020;01:41:00;20;sem vítima;504;BR-153/GO;Sul;Colisão Traseira;2;;;;;;;;;;2;;;;
12/07/2020;06:52:00;54;com vítima;119;BR-060/GO;Norte;Colisão Lateral;2;;;;;;;;;;5;1;;;
12/07/2020;12:31:00;193;com vítima;100,143;BR-060/GO;Sul;Capotamento;1;;;;;;;;;;0;1;;;
12/07/2020;12:43:00;198;sem vítima;130;BR-153/MG;Sul;Colisão Lateral;;;2;;;;;;;;2;;;;
12/07/2020;16:56:00;297;sem vítima;390;BR-262/MG;Leste;Saida de Pista;1;;;;;;;;;;2;;;;
12/07/2020;16:58:00;299;sem vítima;27;BR-060/GO;Sul;Choque - Defensa;1;;;;;;;;;;2;;;;
12/07/2020;21:25:00;383;com vítima;83,1;BR-060/GO;Sul;Colisão Traseira;;;1;;1;;;;;;13;1;;;
12/07/2020;21:41:00;387;sem vítima;90;BR-060/GO;Sul;;1;;;2;;;;;;;3;;;;
13/07/2020;00:02:00;12;sem vítima;359;BR-262/MG;Oeste;Capotamento;1;;;;;;;;;;2;;;;
13/07/2020;01:09:00;23;sem vítima;424,712;BR-262/MG;Leste;Saida de Pista;1;;;;;;;;;;1;;;;
13/07/2020;06:18:00;47;sem vítima;425,5;BR-262/MG;Leste;Colisão Lateral;1;;1;;;;;;;;2;;;;
13/07/2020;10:38:00;184;sem vítima;129;BR-060/GO;Sul;Capotamento;1;;;;;;;;;;1;;;;
13/07/2020;13:10:00;264;com vítima;214,882;BR-153/MG;Norte;Saida de Pista;1;;;;;;;;;;0;1;;;
13/07/2020;17:11:00;393;sem vítima;364;BR-262/MG;Oeste;Engavetamento;1;;;;;;;;;1;2;;;;
13/07/2020;17:20:00;399;sem vítima;449;BR-262/MG;Leste;Colisão Traseira;2;;;;;;;;;;3;;;;
13/07/2020;23:20:00;515;com vítima;106,985;BR-060/GO;Sul;Queda de Moto;;;;1;;;;;;;0;1;;;
14/07/2020;12:39:00;259;sem vítima;508,3;BR-153/GO;Sul;Engavetamento;1;;2;;;;;;;;3;;;;
14/07/2020;13:38:00;286;com vítima;400;BR-262/MG;Leste;Colisão Transversal;2;;;;;;;;;;1;1;;;
14/07/2020;17:53:00;436;com vítima;442;BR-262/MG;Leste;Atropelamento de Animal;;;;1;;;;;;;0;1;;;
14/07/2020;17:58:00;438;sem vítima;129;BR-060/GO;Norte;Tombamento;;;1;;;;;;;;1;;;;
14/07/2020;20:05:00;494;sem vítima;366;BR-262/MG;Leste;Colisão Frontal;1;;;;;;;;;;1;;;;
15/07/2020;08:06:00;101;com vítima;507,368;BR-153/GO;Norte;Colisão Traseira;;;1;2;;;;;;;2;1;;;
15/07/2020;08:19:00;108;sem vítima;88,737;BR-060/GO;Sul;Capotamento;1;;;;;;;;;;1;;;;
15/07/2020;08:51:00;125;sem vítima;509;BR-153/GO;Norte;Engavetamento;2;;;;;;;;;1;3;;;;
15/07/2020;10:10:00;187;sem vítima;473;BR-262/MG;Oeste;Engavetamento;1;;2;;;;;;;;5;;;;
15/07/2020;10:19:00;188;com vítima;372;BR-262/MG;Leste;Choque - Defensa;;;1;;;;;;;;0;;1;;
15/07/2020;17:11:00;399;sem vítima;490,555;BR-153/GO;Sul;Tombamento;;;1;;;;;;;;1;;;;
15/07/2020;18:53:00;442;sem vítima;548,663;BR-262/MG;Leste;Colisão Transversal;1;;;;;1;;;;;2;;;;
15/07/2020;22:58:00;523;sem vítima;210;BR-153/MG;Norte;Saida de Pista;1;;;;;;;;;;5;;;;
15/07/2020;23:05:00;527;sem vítima;878;BR-262/MG;Leste;Tombamento;;;1;;;;;;;;1;;;;
16/07/2020;06:36:00;46;com vítima;104,464;BR-060/GO;Norte;Colisão Traseira;;;2;;;;;;;;1;;1;;
16/07/2020;06:50:00;52;sem vítima;136,83;BR-060/GO;Sul;Choque- Poste/Equipamento;;;1;;;;;;;;1;;;;
16/07/2020;07:49:00;76;sem vítima;508,054;BR-153/GO;Norte;Colisão Traseira;2;;;;;;;;;;5;;;;
16/07/2020;08:38:00;105;sem vítima;508,3;BR-153/GO;Norte;Colisão Traseira;;;1;;;;;;;1;2;;;;
16/07/2020;17:06:00;342;sem vítima;504,9;BR-153/GO;Sul;Engavetamento;1;;;;;;;;;2;3;;;;
16/07/2020;18:40:00;379;com vítima;95;BR-060/GO;Norte;Colisão Traseira;2;;;;;;;;;;3;2;;;
16/07/2020;21:26:00;435;com vítima;800,1;BR-262/MG;Oeste;Queda de Moto;;;;1;;;;;;;0;1;;;
16/07/2020;21:31:00;438;sem vítima;500,9;BR-153/GO;Sul;Queda de Moto;;;;1;;;;;;;2;;;;
16/07/2020;21:31:00;447;sem vítima;500,9;BR-153/GO;Sul;Queda de Moto;;;;1;;;;;;;1;;;;
17/07/2020;02:48:00;29;sem vítima;654;BR-262/MG;Leste;Saida de Pista;;;;;;;;;;1;1;;;;
17/07/2020;08:22:00;105;sem vítima;13;BR-153/MG;Norte;Colisão Traseira;;;1;;;1;;;;;2;;;;
17/07/2020;09:45:00;163;sem vítima;32,7;BR-060/GO;Sul;Colisão Traseira;2;;;;;;;;;;3;;;;
17/07/2020;10:38:00;188;sem vítima;700;BR-153/GO;Norte;Choque- Poste/Equipamento;;;;;;1;;;;1;2;;;;
17/07/2020;15:07:00;303;sem vítima;515,9;BR-153/GO;Sul;Colisão Lateral;1;;1;;;;;;;;3;;;;
17/07/2020;17:12:00;375;sem vítima;492;BR-262/MG;Oeste;Colisão Traseira;;;2;;;;;;;;2;;;;
17/07/2020;17:14:00;377;sem vítima;367;BR-262/MG;Oeste;Colisão Traseira;1;;;;;;;;;1;7;;;;
17/07/2020;18:00:00;397;sem vítima;227;BR-153/MG;Norte;Colisão Traseira;;;2;;;;;;;;2;;;;
17/07/2020;18:14:00;403;com vítima;502,7;BR-153/GO;Norte;Queda de Moto;;;;1;;;;;;;1;1;;;
17/07/2020;18:40:00;413;sem vítima;844;BR-262/MG;Leste;Atropelamento de Animal;1;;;;;;;;;;4;;;;
17/07/2020;19:37:00;433;sem vítima;563;BR-262/MG;Leste;Choque - Elemento de Drenagem;;;1;;;1;;;;;2;;;;
17/07/2020;21:28:00;477;com vítima;129;BR-060/GO;Sul;Tombamento;;;1;;;;;;;;2;1;;;
17/07/2020;23:56:00;510;sem vítima;499;BR-153/GO;Sul;Colisão Traseira;1;;1;;;;;;;;2;;;;
18/07/2020;08:24:00;90;com vítima;690;BR-262/MG;Oeste;Colisão Frontal;1;;1;;;;;;;;1;;1;;
18/07/2020;08:50:00;106;com vítima;97;BR-153/MG;Sul;Colisão Traseira;1;;1;;;;;;;;1;1;;;
18/07/2020;15:08:00;264;sem vítima;75,156;BR-060/GO;Norte;Choque - Elemento de Drenagem;;;1;;;;;;;;1;;;;
18/07/2020;21:01:00;404;sem vítima;798;BR-262/MG;Oeste;Queda de Moto;;;;1;;;;;;;1;;;;
19/07/2020;01:45:00;35;sem vítima;694;BR-262/MG;Oeste;Choque - Elemento de Drenagem;1;;;;;;;;;;2;;;;
19/07/2020;02:06:00;39;sem vítima;359;BR-262/MG;Leste;Choque - Elemento de Drenagem;1;;;;;;;;;;1;;;;
19/07/2020;03:08:00;47;sem vítima;418;BR-262/MG;Oeste;Saida de Pista;1;;;;;;;;;;2;;;;
19/07/2020;04:19:00;54;sem vítima;113;BR-060/GO;Norte;Choque - Defensa;1;;;;;;;;;;1;;;;
19/07/2020;06:36:00;71;com vítima;80;BR-060/GO;Norte;Capotamento;1;;;;;;;;;;0;1;;;