data;horario;n_da_ocorrencia;tipo_de_ocorrencia;km;trecho;sentido;tipo_de_acidente;automovel;bicicleta;caminhao;moto;onibus;outros;tracao_animal;transporte_de_cargas_especiais;trator_maquinas;utilitarios;ilesos;levemente_feridos;moderadamente_feridos;gravemente_feridos;mortos
19/07/2020;10:06:00;148;com vítima;37;BR-060/GO;Sul;Queda de Ciclista;;1;;;;;;;;;0;1;;;
19/07/2020;18:35:00;425;sem vítima;3;BR-060/DF;Norte;Colisão Traseira;1;;;1;;;;;;;2;;;;
19/07/2020;18:57:00;441;sem vítima;40;BR-060/GO;Sul;Saida de Pista;1;;;;;1;;;;;2;;;;
19/07/2020;19:58:00;464;sem vítima;57,122;BR-060/GO;Norte;Engavetamento;;;3;;;;;;;;3;;;;
19/07/2020;22:02:00;512;sem vítima;367,2;BR-262/MG;Leste;Colisão Traseira;1;;;1;;;;;;;4;;;;
20/07/2020;06:24:00;64;sem vítima;0,3;BR-153/MG;Norte;Tombamento;;;1;;;;;;;;1;;;;
20/07/2020;06:26:00;65;sem vítima;459,5;BR-262/MG;Leste;Colisão Traseira;1;;1;;;;;;;;3;;;;
20/07/2020;07:51:00;98;sem vítima;403;BR-262/MG;Leste;Capotamento;1;;;;;;;;;;1;;;;
20/07/2020;13:25:00;269;com vítima;508,993;BR-153/GO;Norte;Queda de Moto;;;;1;;;;;;;0;1;;;
20/07/2020;14:58:00;320;com vítima;818;BR-262/MG;Oeste;Saida de Pista;;;;;;;;;;1;1;1;;;
20/07/2020;16:50:00;386;sem vítima;366;BR-262/MG;Oeste;Colisão Traseira;;;1;;;;;;;1;2;;;;
20/07/2020;23:30:00;514;sem vítima;581;BR-153/GO;Norte;Saida de Pista;1;;;;;;;;;;1;;;;
21/07/2020;06:53:00;62;sem vítima;366;BR-262/MG;Leste;Colisão Lateral;1;;1;;;;;;;;2;;;;
21/07/2020;11:55:00;231;sem vítima;557;BR-153/GO;Norte;Colisão Traseira;1;;1;;;;;;;;2;;;;
21/07/2020;12:28:00;265;sem vítima;67;BR-060/GO;Sul;Choque - Elemento de Drenagem;1;;;;;;;;;;1;;;;
21/07/2020;18:29:00;446;sem vítima;67;BR-060/GO;Norte;Saida de Pista;1;;;;;;;;;;1;;;;
21/07/2020;18:29:00;447;sem vítima;509;BR-153/GO;Sul;Colisão Lateral;1;;;;;1;;;;;3;;;;
21/07/2020;18:59:00;463;sem vítima;398;BR-262/MG;Leste;Atropelamento de Animal;1;;;;;;;;;;3;;;;
21/07/2020;20:04:00;490;com vítima;501;BR-153/GO;Sul;Queda de Moto;;;;1;;;;;;;1;1;;;
22/07/2020;02:01:00;33;sem vítima;876,5;BR-262/MG;Oeste;Saida de Pista;1;;;;;;;;;;1;;;;
22/07/2020;06:21:00;64;sem vítima;6,5;BR-060/GO;Norte;Colisão Traseira;1;;1;;;;;;;;5;;;;
22/07/2020;09:32:00;167;sem vítima;364;BR-262/MG;Oeste;Colisão Traseira;2;;;;;;;;;;5;;;;
22/07/2020;11:11:00;228;sem vítima;548,3;BR-153/GO;Sul;Capotamento;;;1;;;;;;;;1;;;;
22/07/2020;17:01:00;431;sem vítima;372;BR-262/MG;Oeste;Colisão Lateral;1;;1;;;;;;;;2;;;;
22/07/2020;17:23:00;446;com vítima;802;BR-262/MG;Leste;Choque - Veiculo parado no acostamento;;;1;1;;;;;;;1;;1;;
22/07/2020;18:56:00;486;sem vítima;57;BR-153/MG;Sul;Choque - Elemento de Drenagem;1;;;;;1;;;;;2;;;;
22/07/2020;19:59:00;520;com vítima;437;BR-262/MG;Leste;Colisão Traseira;;;2;;;;;;;;1;;;;1
22/07/2020;20:55:00;536;com vítima;595;BR-262/MG;Oeste;Tombamento;;;1;;;;;;;;0;1;;;
22/07/2020;21:31:00;549;sem vítima;438;BR-262/MG;Leste;Colisão Traseira;2;;;;;;;;;;3;;;;
23/07/2020;04:21:00;40;com vítima;562;BR-262/MG;Leste;Saida de Pista;;;1;;;;;;;;1;;1;;
23/07/2020;09:01:00;99;com vítima;355;BR-262/MG;Oeste;Saida de Pista;1;;;;;1;;;;;1;;1;;
23/07/2020;10:50:00;158;sem vítima;124,14;BR-060/GO;Norte;Queda de Moto;;;;1;;;;;;;1;;;;
23/07/2020;10:58:00;166;sem vítima;498,5;BR-153/GO;Sul;Colisão Traseira;1;;;;;;;;;1;2;;;;
23/07/2020;11:15:00;178;sem vítima;29;BR-060/GO;Sul;Choque - Defensa;1;;;;;;;;;;1;;;;
23/07/2020;12:44:00;217;sem vítima;498,5;BR-153/GO;Norte;Engavetamento;1;;2;;;;;;;1;4;;;;
23/07/2020;19:22:00;391;com vítima;104;BR-153/MG;Norte;Capotamento;1;;1;;;;;;;;2;1;;;
24/07/2020;08:52:00;89;sem vítima;491,974;BR-153/GO;Sul;Colisão Frontal;1;;1;;;;;;;;3;;;;
24/07/2020;14:25:00;244;com vítima;193;BR-153/MG;Sul;Tombamento;;;1;;;;;;;;0;1;;;
24/07/2020;14:55:00;252;com vítima;357,15;BR-262/MG;Leste;Queda de Moto;;;;1;;;;;;;0;2;;;
24/07/2020;15:47:00;279;sem vítima;107;BR-060/GO;Sul;Colisão Traseira;1;;;;;;;;;1;3;;;;
24/07/2020;16:46:00;305;com vítima;6,777;BR-060/GO;Norte;Queda de Ciclista;;;;1;;;;;;;0;;1;;
24/07/2020;17:23:00;322;sem vítima;2,7;BR-153/MG;Norte;Capotamento;1;;;;;;;;;;1;;;;
24/07/2020;21:51:00;433;sem vítima;560;BR-262/MG;Oeste;Tombamento;;;1;;;1;;;;;2;;;;
25/07/2020;01:02:00;13;com vítima;746;BR-262/MG;Oeste;Capotamento;1;;;;;;;;;;3;;;1;
25/07/2020;00:55:00;17;sem vítima;432,903;BR-262/MG;Oeste;Colisão Traseira;;;2;;;;;;;;2;;;;
25/07/2020;05:36:00;65;sem vítima;74;BR-060/GO;Norte;Choque - Talude;1;;;;;;;;;;2;;;;
25/07/2020;10:47:00;196;sem vítima;55,9;BR-153/MG;Sul;Colisão Lateral;1;;1;;;;;;;;2;;;;
25/07/2020;12:33:00;252;sem vítima;5,791;BR-060/DF;Sul;Colisão Lateral;1;;1;;;;;;;;2;;;;
25/07/2020;15:52:00;343;com vítima;472;BR-262/MG;Leste;Queda de Moto;;;;1;;;;;;;0;;1;;
25/07/2020;15:56:00;346;sem vítima;12,183;BR-060/GO;Sul;Choque - Elemento de Drenagem;1;;;;;;;;;;2;;;;
25/07/2020;16:29:00;358;com vítima;23,662;BR-060/DF;Sul;Capotamento;1;;;;;;;;;;0;;;1;1
25/07/2020;16:40:00;367;sem vítima;878;BR-262/MG;Leste;Saida de Pista;1;;;;;;;;;;1;;;;
25/07/2020;16:50:00;373;sem vítima;500,8;BR-153/GO;Sul;Capotamento;1;;;;;;;;;;1;;;;
25/07/2020;18:17:00;419;com vítima;465;BR-262/MG;Oeste;Queda de Ciclista;;1;;;;;;;;;0;1;;;
25/07/2020;18:36:00;435;com vítima;521;BR-153/GO;Norte;Queda de Moto;;;;1;;;;;;;0;1;;;
25/07/2020;18:50:00;445;sem vítima;92;BR-060/GO;Sul;Saida de Pista;;;;;;;;;;1;2;;;;
25/07/2020;20:05:00;480;sem vítima;68;BR-060/GO;Norte;Saida de Pista;1;;;;;;;;;;1;;;;
26/07/2020;02:33:00;28;com vítima;35;BR-153/MG;Norte;Queda de Moto;;;;1;;;;;;;0;;1;;
26/07/2020;09:24:00;127;com vítima;355;BR-262/MG;Oeste;Queda de Moto;;;;1;;;;;;;0;2;;;
26/07/2020;10:02:00;146;sem vítima;364;BR-262/MG;Oeste;Colisão Traseira;2;;;;;;;;;;2;;;;
26/07/2020;18:38:00;405;com vítima;239,9;BR-153/MG;Sul;Queda de Ciclista;;1;;;;;;;;;0;1;;;
27/07/2020;06:50:00;68;sem vítima;368;BR-262/MG;Leste;Choque - Outros;1;;;;;;;;;;1;;;;
27/07/2020;08:23:00;93;sem vítima;92,115;BR-060/GO;Sul;Choque- Poste/Equipamento;;;2;;;;;;;;2;;;;
27/07/2020;11:54:00;210;sem vítima;553,8;BR-262/MG;Oeste;Colisão Traseira;1;;;;;;;;;1;3;;;;
27/07/2020;12:42:00;235;com vítima;630,952;BR-153/GO;Sul;Colisão Traseira;;;1;1;;;;;;;1;;1;;
27/07/2020;16:14:00;304;sem vítima;900;BR-262/MG;Leste;Colisão Traseira;;;2;;;;;;;;2;;;;
27/07/2020;17:39:00;347;sem vítima;97;BR-060/GO;Sul;Atropelamento - Ciclista;1;1;;;;;;;;;2;;;;
27/07/2020;23:32:00;443;com vítima;484,707;BR-262/MG;Oeste;Saida de Pista;;;;;;1;;;;1;1;1;;;
28/07/2020;01:01:00;14;sem vítima;502;BR-153/GO;Sul;Colisão Traseira;;;2;;;;;;;;2;;;;
28/07/2020;05:57:00;48;sem vítima;506,5;BR-153/GO;Sul;Queda de Moto;;;;1;;;;;;;1;;;;
28/07/2020;06:33:00;56;com vítima;505,422;BR-153/GO;Norte;Colisão Lateral;1;;;1;;;;;;;1;;1;;
28/07/2020;06:47:00;63;com vítima;494,387;BR-153/GO;Sul;Colisão Traseira;;;;2;;;;;;;1;1;;;
28/07/2020;09:16:00;139;sem vítima;363,35;BR-262/MG;Leste;Colisão Traseira;2;;;;;;;;;;7;;;;
28/07/2020;10:54:00;198;com vítima;51,292;BR-060/GO;Norte;Capotamento;1;;;;;;;;;;2;1;1;;
28/07/2020;11:29:00;212;sem vítima;22;BR-153/MG;Norte;Saida de Pista;1;;;;;;;;;;1;;;;
28/07/2020;13:25:00;264;sem vítima;521,7;BR-153/GO;Norte;Queda de Moto;;;;1;;;;;;;1;;;;
28/07/2020;16:25:00;350;sem vítima;508,492;BR-153/GO;Norte;Choque- Placa/Suporte Sinalização;;;1;;;;;;;;3;;;;
28/07/2020;17:43:00;396;sem vítima;83;BR-153/MG;Norte;Colisão Traseira;;;1;;;;;;;1;3;;;;
29/07/2020;05:48:00;61;com vítima;630;BR-153/GO;Norte;Colisão Traseira;;;2;;;;;;;;1;1;;;
29/07/2020;06:31:00;66;sem vítima;557,639;BR-153/GO;Norte;Colisão Lateral;1;;1;;;;;;;;2;;;;
29/07/2020;07:10:00;77;sem vítima;362;BR-262/MG;Oeste;Colisão Traseira;2;;;;;;;;;;2;;;;
29/07/2020;07:24:00;86;sem vítima;364;BR-262/MG;Oeste;Colisão Traseira;;;2;;;;;;;;2;;;;
29/07/2020;09:30:00;147;sem vítima;11,073;BR-060/DF;Norte;Colisão Traseira;;;2;;;;;;;;3;;;;
29/07/2020;12:59:00;257;com vítima;653;BR-153/GO;Norte;Capotamento;;;1;;;;;;;;0;1;;;
29/07/2020;14:26:00;292;sem vítima;129;BR-060/GO;Norte;Saida de Pista;1;;;;;;;;;;2;;;;
29/07/2020;15:58:00;333;sem vítima;400;BR-262/MG;Leste;Colisão Frontal;1;;;;;;;;;;1;;;;
29/07/2020;19:16:00;438;sem vítima;444;BR-262/MG;Oeste;Colisão Traseira;2;;;;;;;;;;2;;;;
30/07/2020;09:54:00;204;sem vítima;503;BR-153/GO;Sul;Engavetamento;2;;;1;;;;;;1;4;;;;
30/07/2020;12:39:00;297;com vítima;504;BR-153/GO;Norte;Queda de Moto;;;2;1;;;;;;;2;;1;;
30/07/2020;12:43:00;298;sem vítima;30,15;BR-060/GO;Sul;Colisão Lateral;2;;;;;;;;;;2;;;;
30/07/2020;13:31:00;326;com vítima;360;BR-262/MG;Leste;Colisão Traseira;;;1;1;;;;;;;2;1;;;
30/07/2020;15:56:00;399;com vítima;493;BR-153/GO;Norte;Engavetamento;1;;1;;;1;;;;;3;2;;;
30/07/2020;19:24:00;509;sem vítima;659;BR-153/GO;Norte;Atropelamento de Animal;;;1;;;;;;;;1;;;;
30/07/2020;23:21:00;621;sem vítima;429;BR-262/MG;Oeste;Atropelamento de Animal;;;1;;;;;;;;1;;;;
31/07/2020;00:42:00;13;sem vítima;97;BR-060/GO;Sul;Queda de Moto;;;;1;;;;;;;1;;;;
31/07/2020;06:37:00;69;sem vítima;7,332;BR-060/GO;Sul;Colisão Traseira;1;;1;;;;;;;;5;;;;
31/07/2020;08:08:00;103;sem vítima;59;BR-153/MG;Sul;Colisão Traseira;1;;;;;;;;;1;2;;;;
31/07/2020;08:47:00;122;sem vítima;493,972;BR-153/GO;Sul;Colisão Lateral;1;;1;;;;;;;;2;;;;
31/07/2020;10:25:00;167;sem vítima;128;BR-153/MG;Norte;Colisão Traseira;1;;;;;;;;;1;4;;;;
31/07/2020;11:09:00;178;com vítima;504,505;BR-153/GO;Sul;Colisão Lateral;1;;;1;;;;;;;1;1;;;
31/07/2020;13:07:00;225;sem vítima;224,45;BR-153/MG;Sul;Colisão Lateral;1;;2;;;;;;;;5;;;;
31/07/2020;14:57:00;278;sem vítima;398;BR-262/MG;Oeste;Colisão Lateral;;;2;;;;;;;;2;;;;
31/07/2020;15:25:00;295;sem vítima;840;BR-262/MG;Leste;Queda de Moto;;;;1;;;;;;;2;;;;
31/07/2020;15:52:00;313;com vítima;607,897;BR-153/GO;Sul;Saida de Pista;;;1;;;;;;;;0;1;;;
31/07/2020;18:01:00;381;sem vítima;96;BR-060/GO;Norte;Choque - Defensa;1;;;;;;;;;;1;;;;
31/07/2020;19:34:00;416;sem vítima;505;BR-153/GO;Norte;Colisão Traseira;2;;;;;;;;;;3;;;;
31/07/2020;21:54:00;466;sem vítima;77;BR-060/GO;Sul;Atropelamento de Animal;2;;;;;;;;;;4;;;;
01/08/2020;00:53:00;8;ac03 - Acidente com Danos Materiais;416,5;BR-262/MG;Leste;Capotamento;1;;;;;;;;;;1;;;;
01/08/2020;03:10:00;47;ac03 - Acidente com Danos Materiais;19;BR-060/DF;Sul;Saida de Pista;1;;;;;;;;;;1;;;;
01/08/2020;07:41:00;94;ac02 - Acidente com Vítima;237,5;BR-153/MG;Norte;Queda de Ciclista;;1;;;;;;;;;0;1;;;
01/08/2020;13:17:00;241;ac02 - Acidente com Vítima;431;BR-262/MG;Leste;Colisão Lateral;1;;1;;;;;;;;1;;;1;
01/08/2020;15:39:00;302;ac03 - Acidente com Danos Materiais;0,9;BR-060/GO;Norte;Colisão Traseira;1;;1;;;;;;;;3;;;;
01/08/2020;20:45:00;423;ac02 - Acidente com Vítima;243;BR-153/MG;Sul;Colisão Transversal;2;;;;;;;;;;3;1;;;
01/08/2020;21:09:00;431;ac02 - Acidente com Vítima;670;BR-262/MG;Oeste;Colisão Lateral;2;;1;;;;;;;;1;2;1;;
02/08/2020;01:03:00;16;ac02 - Acidente com Vítima;630;BR-153/GO;Norte;Tombamento;1;;;;;;;;;;0;1;;;
02/08/2020;03:28:00;31;ac02 - Acidente com Vítima;508;BR-153/GO;Norte;Colisão Traseira;1;;;1;;;;;;;2;;;1;
02/08/2020;05:45:00;65;ac03 - Acidente com Danos Materiais;581,597;BR-262/MG;Oeste;Atropelamento de Animal;1;;;;;;;;;;1;;;;
02/08/2020;07:00:00;84;ac03 - Acidente com Danos Materiais;616,535;BR-262/MG;Leste;Saida de Pista;;;1;;;;;;;;1;;;;
02/08/2020;10:40:00;187;ac02 - Acidente com Vítima;439;BR-262/MG;Leste;Queda de Moto;;;;1;;;;;;;1;1;;;
02/08/2020;11:10:00;206;ac02 - Acidente com Vítima;536,027;BR-153/GO;Sul;Capotamento;1;;;;;;;;;;0;2;;;
02/08/2020;12:30:00;239;ac03 - Acidente com Danos Materiais;358;BR-262/MG;Oeste;Capotamento;1;;;;;;;;;;1;;;;
02/08/2020;15:19:00;305;ac03 - Acidente com Danos Materiais;21;BR-153/MG;Norte;Colisão Traseira;1;;1;;;;;;;;2;;;;
02/08/2020;15:37:00;310;ac01 - Acidente com Vítima Fatal;448,5;BR-262/MG;Leste;Colisão Traseira;3;;;;;;;;;;1;2;;;4
02/08/2020;16:44:00;345;ac03 - Acidente com Danos Materiais;446;BR-262/MG;Oeste;Colisão Lateral;1;;2;;;;;;;;3;;;;
02/08/2020;17:15:00;359;ac02 - Acidente com Vítima;818;BR-262/MG;Leste;Capotamento;1;;;;;;;;;;1;;1;1;
02/08/2020;18:50:00;399;ac02 - Acidente com Vítima;496;BR-153/GO;Norte;Colisão Traseira;;;;1;;1;;;;;1;1;;;
02/08/2020;18:51:00;400;ac02 - Acidente com Vítima;105,7;BR-060/GO;Norte;Saida de Pista;1;;;;;;;;;;2;1;;;
02/08/2020;19:11:00;406;ac02 - Acidente com Vítima;801,5;BR-262/MG;Oeste;Colisão Traseira;;1;;;;1;;;;;1;;1;;
02/08/2020;19:56:00;422;ac03 - Acidente com Danos Materiais;524;BR-153/GO;Norte;Saida de Pista;1;;;;;;;;;;2;;;;
02/08/2020;20:50:00;445;ac03 - Acidente com Danos Materiais;89;BR-060/GO;Norte;Saida de Pista;1;;;;;;;;;;1;;;;
03/08/2020;04:52:00;40;ac03 - Acidente com Danos Materiais;803,5;BR-262/MG;Oeste;Choque - Elemento de Drenagem;1;;;;;;;;;;1;;;;
03/08/2020;06:02:00;49;ac03 - Acidente com Danos Materiais;428;BR-262/MG;Oeste;Colisão Traseira;2;;;;;;;;;;2;;;;
03/08/2020;07:44:00;83;ac03 - Acidente com Danos Materiais;505,3;BR-153/GO;Norte;Colisão Traseira;2;;;;;;;;;;2;;;;
03/08/2020;07:45:00;84;ac02 - Acidente com Vítima;501;BR-153/GO;Sul;Colisão Traseira;1;;;1;;;;;;;1;;1;;
03/08/2020;08:17:00;99;ac03 - Acidente com Danos Materiais;470;BR-262/MG;Oeste;Saida de Pista;1;;;;;1;;;;;2;;;;
03/08/2020;09:14:00;139;ac02 - Acidente com Vítima;504,9;BR-153/GO;Norte;Queda de Moto;;;;1;;;;;;;0;;1;;
03/08/2020;12:56:00;257;ac03 - Acidente com Danos Materiais;492;BR-262/MG;Leste;Colisão Traseira;1;;1;;;;;;;;6;;;;
03/08/2020;15:06:00;322;ac03 - Acidente com Danos Materiais;69;BR-153/MG;Norte;Tombamento;;;1;;;;;;;;1;;;;
03/08/2020;15:44:00;337;ac03 - Acidente com Danos Materiais;362,3;BR-262/MG;Leste;Colisão Traseira;2;;;;;;;;;;2;;;;
03/08/2020;16:02:00;353;ac02 - Acidente com Vítima;89;BR-060/GO;Norte;Colisão Traseira;1;;;1;;;;;;;1;1;;;
03/08/2020;17:30:00;394;ac02 - Acidente com Vítima;477,9;BR-262/MG;Leste;Colisão Lateral;;;;1;;;;;;1;1;1;;;
04/08/2020;06:49:00;77;ac03 - Acidente com Danos Materiais;543,15;BR-153/GO;Norte;Atropelamento de Animal;;;1;;;;;;;;1;;;;
04/08/2020;09:28:00;132;ac03 - Acidente com Danos Materiais;389;BR-262/MG;Leste;;1;;1;;;;;;;;2;;;;
04/08/2020;10:46:00;169;ac03 - Acidente com Danos Materiais;592,275;BR-262/MG;Leste;Tombamento;;;1;;;;;;;;2;;;;
04/08/2020;11:33:00;192;ac03 - Acidente com Danos Materiais;137,918;BR-060/GO;Norte;Choque - Defensa;;;;;;1;;;;1;2;;;;
04/08/2020;15:23:00;286;ac03 - Acidente com Danos Materiais;399,95;BR-262/MG;Leste;Tombamento;;;1;;;;;;;;1;;;;
04/08/2020;19:48:00;406;ac02 - Acidente com Vítima;585,534;BR-262/MG;Oeste;Colisão Transversal;1;;1;;;;;;;;1;2;;;
04/08/2020;21:23:00;443;ac03 - Acidente com Danos Materiais;521;BR-153/GO;Norte;Saida de Pista;1;;;;;;;;;;1;;;;
05/08/2020;03:04:00;41;ac02 - Acidente com Vítima;693;BR-153/GO;Norte;Capotamento;1;;;;;;;;;;0;1;;;
05/08/2020;04:59:00;51;ac03 - Acidente com Danos Materiais;210;BR-153/MG;Sul;Saida de Pista;1;;;;;;;;;;4;;;;
05/08/2020;06:54:00;65;ac02 - Acidente com Vítima;9,479;BR-060/DF;Norte;Engavetamento;3;;;;;;;;;;2;1;;;
05/08/2020;07:07:00;70;ac03 - Acidente com Danos Materiais;9,673;BR-060/DF;Norte;Colisão Traseira;2;;;;;;;;;;2;;;;
05/08/2020;07:25:00;77;ac02 - Acidente com Vítima;10,464;BR-060/DF;Norte;Colisão Traseira;1;;;1;;;;;;;1;2;;;
05/08/2020;07:34:00;80;ac03 - Acidente com Danos Materiais;100,627;BR-060/GO;Norte;Colisão Lateral;1;;1;;;;;;;;2;;;;
05/08/2020;07:46:00;83;ac03 - Acidente com Danos Materiais;505,7;BR-153/GO;Sul;Engavetamento;3;;;;;;;;;;3;;;;
05/08/2020;09:07:00;116;ac03 - Acidente com Danos Materiais;555;BR-262/MG;Oeste;Colisão Traseira;;;2;;;;;;;;2;;;;
05/08/2020;13:29:00;215;ac02 - Acidente com Vítima;99,14;BR-060/GO;Sul;Colisão Lateral;;;;1;;;;;;1;1;1;;;
05/08/2020;13:51:00;224;ac02 - Acidente com Vítima;446;BR-262/MG;Leste;Colisão Traseira;1;;;1;;;;;;;1;1;;;
05/08/2020;16:00:00;283;ac03 - Acidente com Danos Materiais;54;BR-153/MG;Sul;Saida de Pista;;;1;;;;;;;;2;;;;
05/08/2020;16:07:00;285;ac02 - Acidente com Vítima;527,557;BR-153/GO;Norte;Colisão Lateral;1;;;1;;;;;;;1;1;;;
05/08/2020;17:37:00;318;ac03 - Acidente com Danos Materiais;501,425;BR-153/GO;Sul;Colisão Traseira;2;;;;;;;;;;2;;;;
05/08/2020;17:51:00;326;ac02 - Acidente com Vítima;577;BR-262/MG;Leste;Colisão Lateral;;;2;;;;;;;;1;;1;;
05/08/2020;19:23:00;354;ac03 - Acidente com Danos Materiais;28,5;BR-153/MG;Sul;Saida de Pista;;;1;;;1;;;;;2;;;;
06/08/2020;01:50:00;19;ac03 - Acidente com Danos Materiais;443;BR-262/MG;Oeste;Choque - Outros;;;;;;;;;;1;1;;;;
06/08/2020;08:09:00;88;ac02 - Acidente com Vítima;502;BR-262/MG;Leste;Colisão Traseira;1;;2;;;;;;;;2;1;;;
06/08/2020;11:01:00;192;ac03 - Acidente com Danos Materiais;451,5;BR-262/MG;Leste;Engavetamento;;;3;;;;;;;;3;;;;
06/08/2020;11:04:00;194;ac02 - Acidente com Vítima;135,7;BR-060/GO;Norte;Queda de Moto;;;;1;;;;;;;0;2;;;
06/08/2020;14:11:00;294;ac03 - Acidente com Danos Materiais;618;BR-262/MG;Oeste;Colisão Traseira;;;2;;;;;;;;2;;;;
06/08/2020;15:28:00;328;ac03 - Acidente com Danos Materiais;376;BR-262/MG;Oeste;Queda de Moto;;;;1;;;;;;;1;;;;
06/08/2020;15:43:00;332;ac02 - Acidente com Vítima;606,898;BR-153/GO;Norte;Colisão Traseira;;;2;;;;;;;;2;;1;;
06/08/2020;18:43:00;404;ac03 - Acidente com Danos Materiais;499;BR-153/GO;Sul;Colisão Traseira;1;;;;;1;;;;;2;;;;
06/08/2020;21:14:00;467;ac03 - Acidente com Danos Materiais;524;BR-262/MG;Oeste;Colisão Traseira;;;2;;;;;;;;2;;;;
06/08/2020;23:11:00;492;ac03 - Acidente com Danos Materiais;118;BR-060/GO;Norte;Colisão Lateral;2;;;;;;;;;;2;;;;
07/08/2020;02:33:00;31;ac03 - Acidente com Danos Materiais;70,8;BR-153/MG;Norte;Tombamento;;;1;;;;;;;;2;;;;
07/08/2020;07:38:00;110;ac03 - Acidente com Danos Materiais;756;BR-262/MG;Oeste;Capotamento;1;;;;;;;;;;3;;;;
07/08/2020;07:56:00;125;ac03 - Acidente com Danos Materiais;508,336;BR-153/GO;Norte;Engavetamento;2;;;1;;;;;;;3;;;;
07/08/2020;11:46:00;274;ac03 - Acidente com Danos Materiais;1;BR-153/MG;Norte;Tombamento;;;1;;;;;;;;1;;;;
07/08/2020;15:43:00;375;ac02 - Acidente com Vítima;512;BR-153/GO;Sul;Queda de Moto;;;;1;;;;;;;0;;1;;
07/08/2020;16:03:00;387;ac02 - Acidente com Vítima;398;BR-262/MG;Leste;Colisão Lateral;1;;;1;;;;;;;1;;1;;
07/08/2020;16:16:00;393;ac03 - Acidente com Danos Materiais;109,1;BR-060/GO;Norte;Queda de Moto;;;;1;;;;;;;1;;;;
07/08/2020;17:35:00;431;ac03 - Acidente com Danos Materiais;622;BR-153/GO;Sul;Colisão Traseira;;;2;;;;;;;;2;;;;
07/08/2020;17:37:00;434;ac03 - Acidente com Danos Materiais;498;BR-262/MG;Leste;Queda de Ciclista;;1;;;;;;;;;1;;;;
07/08/2020;19:53:00;519;ac03 - Acidente com Danos Materiais;442;BR-262/MG;Oeste;Colisão Traseira;3;;;;;;;;;;3;;;;
07/08/2020;22:18:00;568;ac03 - Acidente com Danos Materiais;411;BR-262/MG;Leste;Capotamento;1;;;;;;;;;;1;;;;
08/08/2020;02:26:00;38;ac03 - Acidente com Danos Materiais;443;BR-262/MG;Oeste;Colisão Frontal;2;;;;;;;;;;2;;;;
08/08/2020;05:23:00;62;ac03 - Acidente com Danos Materiais;515,919;BR-153/GO;Norte;Choque - Elemento de Drenagem;1;;;;;;;;;;1;;;;
08/08/2020;06:04:00;75;ac03 - Acidente com Danos Materiais;500,832;BR-153/GO;Norte;Capotamento;1;;;;;;;;;;2;;;;
08/08/2020;06:06:00;76;ac02 - Acidente com Vítima;96,8;BR-060/GO;Sul;Colisão Frontal;1;;;1;;;;;;;1;1;;;
08/08/2020;08:10:00;119;ac03 - Acidente com Danos Materiais;104,897;BR-060/GO;Sul;Choque- Placa/Suporte Sinalização;;;1;;;;;;;;1;;;;
08/08/2020;08:28:00;128;ac02 - Acidente com Vítima;794;BR-262/MG;Leste;Queda de Moto;;;;1;;;;;;;0;2;;;
08/08/2020;10:04:00;176;ac02 - Acidente com Vítima;116,129;BR-060/GO;Sul;Capotamento;1;;;;;;;;;;0;2;2;;
08/08/2020;13:07:00;267;ac03 - Acidente com Danos Materiais;11;BR-060/DF;Sul;Colisão Lateral;2;;;;;;;;;;2;;;;
08/08/2020;14:28:00;318;ac02 - Acidente com Vítima;108,748;BR-060/GO;Sul;Queda de Moto;;;;1;;;;;;;0;1;;;
08/08/2020;15:44:00;359;ac03 - Acidente com Danos Materiais;97,013;BR-060/GO;Sul;Colisão Lateral;2;;;;;;;;;;2;;;;
08/08/2020;15:59:00;367;ac02 - Acidente com Vítima;843;BR-262/MG;Oeste;Choque- Placa/Suporte Sinalização;;;;1;;;;;;;0;;1;;
08/08/2020;21:04:00;486;ac03 - Acidente com Danos Materiais;4;BR-060/DF;Sul;Colisão Lateral;2;;;;;;;;;;2;;;;
08/08/2020;23:11:00;520;ac02 - Acidente com Vítima;516;BR-153/GO;Norte;Colisão Traseira;1;;;1;;;;;;;1;;1;;
09/08/2020;09:54:00;140;ac02 - Acidente com Vítima;32;BR-060/GO;Sul;Colisão Traseira;1;;;;;;;;;1;1;1;;;
09/08/2020;10:07:00;144;ac02 - Acidente com Vítima;506,3;BR-153/GO;Sul;Choque- Poste/Equipamento;;;;;;;;;;1;0;;1;;
09/08/2020;14:46:00;249;ac03 - Acidente com Danos Materiais;44;BR-153/MG;Sul;Saida de Pista;1;;;;;;;;;;1;;;;
09/08/2020;14:59:00;254;ac01 - Acidente com Vítima Fatal;185,496;BR-153/MG;Sul;Colisão Frontal;1;;1;;;;;;;;0;;1;;1
09/08/2020;16:32:00;286;ac03 - Acidente com Danos Materiais;583,83;BR-153/GO;Sul;Queda de Moto;;;;1;;;;;;;2;;;;
09/08/2020;16:56:00;297;ac02 - Acidente com Vítima;492,765;BR-153/GO;Norte;Colisão Traseira;1;;;1;;;;;;;2;1;;;