data;horario;n_da_ocorrencia;tipo_de_ocorrencia;km;trecho;sentido;tipo_de_acidente;automovel;bicicleta;caminhao;moto;onibus;outros;tracao_animal;transporte_de_cargas_especiais;trator_maquinas;utilitarios;ilesos;levemente_feridos;moderadamente_feridos;gravemente_feridos;mortos
09/08/2020;19:11:00;353;ac02 - Acidente com Vítima;101;BR-060/GO;Sul;Choque- Placa/Suporte Sinalização;;;;1;;;;;;;0;;1;;
09/08/2020;20:04:00;372;ac03 - Acidente com Danos Materiais;44;BR-060/GO;Sul;Saida de Pista;1;;;;;;;;;;2;;;;
09/08/2020;21:07:00;397;ac02 - Acidente com Vítima;775;BR-262/MG;Oeste;Colisão Transversal;;;1;;;;;;;1;1;;1;1;
10/08/2020;00:00:00;3;ac03 - Acidente com Danos Materiais;198,309;BR-153/MG;Norte;Colisão Traseira;;;2;;;;;;;;2;;;;
10/08/2020;00:35:00;8;ac02 - Acidente com Vítima;94,126;BR-153/MG;Norte;Choque - Talude;1;;;;;1;;;;;1;1;;;
10/08/2020;05:23:00;38;ac03 - Acidente com Danos Materiais;635,107;BR-262/MG;Oeste;Tombamento;;;2;;;;;;;;3;;;;
10/08/2020;07:03:00;61;ac02 - Acidente com Vítima;105,4;BR-153/MG;Norte;Atropelamento de Animal;1;;;;;;;;;;0;1;;;
10/08/2020;08:37:00;94;ac03 - Acidente com Danos Materiais;501;BR-153/GO;Sul;Engavetamento;3;;;;;;;;;;3;;;;
10/08/2020;08:40:00;97;ac03 - Acidente com Danos Materiais;3;BR-060/DF;Sul;Tombamento;;;1;;;;;;;;2;;;;
10/08/2020;09:03:00;106;ac03 - Acidente com Danos Materiais;699,5;BR-262/MG;Oeste;Tombamento;;;1;;;;;;;;1;;;;
10/08/2020;11:49:00;194;ac03 - Acidente com Danos Materiais;60;BR-060/GO;Norte;Colisão Lateral;1;;1;;;;;;;;2;;;;
10/08/2020;14:41:00;270;ac02 - Acidente com Vítima;671,6;BR-153/GO;Norte;Tombamento;;;1;;;;;;;;0;1;;;
10/08/2020;14:57:00;279;ac03 - Acidente com Danos Materiais;24;BR-060/GO;Norte;Choque - Elemento de Drenagem;1;;;;;;;;;;1;;;;
10/08/2020;16:10:00;310;ac03 - Acidente com Danos Materiais;79,5;BR-153/MG;Sul;Tombamento;;;1;;;;;;;;1;;;;
10/08/2020;18:56:00;394;ac03 - Acidente com Danos Materiais;477;BR-262/MG;Oeste;Colisão Lateral;;;2;;;;;;;;2;;;;
10/08/2020;19:22:00;411;ac03 - Acidente com Danos Materiais;510;BR-153/GO;Sul;Colisão Lateral;1;;1;;;;;;;;2;;;;
10/08/2020;20:43:00;441;ac02 - Acidente com Vítima;718;BR-262/MG;Leste;Capotamento;1;;;;;;;;;;0;;;1;
11/08/2020;01:30:00;19;ac03 - Acidente com Danos Materiais;621;BR-153/GO;Norte;Tombamento;;;1;;;;;;;;1;;;;
11/08/2020;07:11:00;77;ac03 - Acidente com Danos Materiais;132;BR-060/GO;Sul;Capotamento;1;;;;;;;;;;1;;;;
11/08/2020;08:17:00;104;ac02 - Acidente com Vítima;66,2;BR-153/MG;Norte;Colisão Frontal;;;2;;;;;;;;0;;;2;
11/08/2020;10:25:00;163;ac03 - Acidente com Danos Materiais;38,7;BR-060/GO;Norte;Capotamento;1;;1;;;;;;;;2;;;;
11/08/2020;11:06:00;199;ac03 - Acidente com Danos Materiais;543;BR-153/GO;Sul;Objeto lançado contra veículo;;;2;;;;;;;;2;;;;
11/08/2020;16:57:00;349;ac03 - Acidente com Danos Materiais;435;BR-262/MG;Oeste;Choque - Talude;;;1;;;;;;;;1;;;;
11/08/2020;17:11:00;360;ac02 - Acidente com Vítima;364;BR-262/MG;Oeste;Colisão Traseira;;;1;1;;;;;;;1;1;;;
11/08/2020;18:29:00;398;ac03 - Acidente com Danos Materiais;505;BR-153/GO;Norte;Engavetamento;3;;;;;;;;;;3;;;;
11/08/2020;19:48:00;430;ac02 - Acidente com Vítima;94;BR-060/GO;Sul;Saida de Pista;1;;;;;;;;;;1;2;;;
11/08/2020;20:39:00;450;ac03 - Acidente com Danos Materiais;815;BR-262/MG;Leste;Saida de Pista;1;;;;;;;;;;1;;;;
11/08/2020;21:13:00;462;ac03 - Acidente com Danos Materiais;3;BR-153/MG;Norte;Capotamento;;;;;;;;;;1;1;;;;
12/08/2020;02:42:00;37;ac02 - Acidente com Vítima;606,15;BR-262/MG;Oeste;Saida de Pista;1;;;;;;;;;;0;2;1;1;
12/08/2020;07:46:00;92;ac02 - Acidente com Vítima;96,8;BR-060/GO;Sul;Capotamento;1;;;;;;;;;1;1;1;1;;
12/08/2020;08:11:00;101;ac03 - Acidente com Danos Materiais;96,74;BR-060/GO;Sul;Colisão Traseira;1;;1;;;;;;;;2;;;;
12/08/2020;09:04:00;132;ac03 - Acidente com Danos Materiais;480,8;BR-262/MG;Oeste;Colisão Traseira;;;2;;;;;;;;2;;;;
12/08/2020;10:22:00;169;ac03 - Acidente com Danos Materiais;472,15;BR-262/MG;Oeste;Colisão Traseira;;;1;;;;;;;1;2;;;;
12/08/2020;12:28:00;222;ac03 - Acidente com Danos Materiais;574,3;BR-262/MG;Leste;Capotamento;1;;;;;;;;;;1;;;;
12/08/2020;13:26:00;243;ac03 - Acidente com Danos Materiais;590;BR-153/GO;Sul;Colisão Traseira;2;;;;;;;;;;3;;;;
12/08/2020;16:14:00;307;ac02 - Acidente com Vítima;583,949;BR-153/GO;Sul;Queda de Moto;;;;1;;;;;;;0;1;;;
12/08/2020;16:43:00;320;ac03 - Acidente com Danos Materiais;107;BR-060/GO;Sul;Colisão Traseira;;;2;;;;;;;;2;;;;
12/08/2020;16:58:00;329;ac03 - Acidente com Danos Materiais;497,647;BR-153/GO;Norte;Choque - Defensa;;;2;;;;;;;;2;;;;
12/08/2020;19:20:00;402;ac02 - Acidente com Vítima;514;BR-153/GO;Sul;Queda de Moto;;;;1;;;;;;;0;1;;;
12/08/2020;19:40:00;411;ac03 - Acidente com Danos Materiais;693,175;BR-153/GO;Norte;Saida de Pista;1;;;;;;;;;;1;;;;
12/08/2020;19:54:00;422;ac03 - Acidente com Danos Materiais;713,5;BR-262/MG;Oeste;Capotamento;1;;;;;;;;;;2;;;;
12/08/2020;20:39:00;439;ac03 - Acidente com Danos Materiais;367,341;BR-262/MG;Oeste;Colisão Traseira;2;;;;;;;;;;2;;;;
12/08/2020;20:42:00;443;ac02 - Acidente com Vítima;510;BR-153/GO;Sul;Queda de Moto;;;;1;;;;;;;0;;1;;
12/08/2020;21:27:00;459;ac02 - Acidente com Vítima;501;BR-153/GO;Sul;Choque - Veiculo parado na pista;2;;;;;;;;;;1;1;;;
13/08/2020;07:27:00;92;ac03 - Acidente com Danos Materiais;504,311;BR-153/GO;Norte;Colisão Traseira;2;;;;;;;;;;2;;;;
13/08/2020;07:41:00;100;ac03 - Acidente com Danos Materiais;626,972;BR-153/GO;Norte;Tombamento;;;1;;;;;;;;2;;;;
13/08/2020;12:59:00;246;ac02 - Acidente com Vítima;779;BR-262/MG;Leste;Capotamento;1;;;;;;;;;;0;;1;;
13/08/2020;13:58:00;279;ac02 - Acidente com Vítima;134;BR-153/MG;Norte;Colisão Lateral;;;2;;;;;;;;3;1;;;
13/08/2020;18:07:00;402;ac02 - Acidente com Vítima;580,863;BR-262/MG;Oeste;Queda de Moto;;;;1;;1;;;;;1;;1;;
13/08/2020;19:03:00;427;ac01 - Acidente com Vítima Fatal;813;BR-262/MG;Oeste;Atropelamento - Ciclista;1;1;;;;;;;;;1;;;;1
13/08/2020;19:20:00;437;ac02 - Acidente com Vítima;95;BR-060/GO;Norte;Atropelamento - Morador;1;;;;;;;;;;1;1;;;
14/08/2020;00:54:00;16;ac03 - Acidente com Danos Materiais;504,9;BR-153/GO;Sul;Saida de Pista;;;1;;;;;;;;1;;;;
14/08/2020;05:14:00;45;ac03 - Acidente com Danos Materiais;605;BR-153/GO;Norte;Saida de Pista;1;;;;;;;;;;2;;;;
14/08/2020;06:24:00;57;ac03 - Acidente com Danos Materiais;43;BR-060/GO;Norte;Colisão Traseira;;;1;;;;;;;1;5;;;;
14/08/2020;09:16:00;142;ac03 - Acidente com Danos Materiais;553,249;BR-262/MG;Leste;Tombamento;;;1;;;;;;;;1;;;;
14/08/2020;11:28:00;232;ac03 - Acidente com Danos Materiais;69,5;BR-153/MG;Norte;Saida de Pista;;;1;;;;;;;;1;;;;
14/08/2020;14:03:00;307;ac03 - Acidente com Danos Materiais;112;BR-153/MG;Sul;Colisão Traseira;;;;1;;;;;;1;2;;;;
14/08/2020;16:02:00;365;ac03 - Acidente com Danos Materiais;58;BR-060/GO;Norte;Choque - Defensa;1;;;;;;;;;;1;;;;
14/08/2020;16:50:00;395;ac03 - Acidente com Danos Materiais;501;BR-153/GO;Sul;Engavetamento;1;;;2;;;;;;;3;;;;
14/08/2020;17:22:00;409;ac03 - Acidente com Danos Materiais;15;BR-060/DF;Norte;Tombamento;1;;;;;;;;;;1;;;;
14/08/2020;18:42:00;468;ac03 - Acidente com Danos Materiais;20,5;BR-060/GO;Sul;Saida de Pista;1;;;;;;;;;;3;;;;
14/08/2020;19:43:00;494;ac02 - Acidente com Vítima;190;BR-153/MG;Norte;Carreta deu L;;;1;;;;;;;;0;;2;;
14/08/2020;22:01:00;561;ac03 - Acidente com Danos Materiais;508;BR-153/GO;Norte;Colisão Traseira;1;;;;;1;;;;;3;;;;
14/08/2020;22:40:00;570;ac03 - Acidente com Danos Materiais;76;BR-153/MG;Norte;Choque - Barreira;;;1;;;;;;;;1;;;;
15/08/2020;05:43:00;64;ac02 - Acidente com Vítima;64,5;BR-060/GO;Norte;Capotamento;1;;;;;;;;;;0;;1;;
15/08/2020;06:21:00;73;ac03 - Acidente com Danos Materiais;703;BR-153/GO;Sul;Colisão Traseira;;;2;;;;;;;;2;;;;
15/08/2020;09:23:00;157;ac03 - Acidente com Danos Materiais;493;BR-153/GO;Sul;Colisão Traseira;1;;1;;;;;;;;2;;;;
15/08/2020;10:10:00;177;ac03 - Acidente com Danos Materiais;242;BR-153/MG;Norte;Saida de Pista;;;;;;;;;;1;1;;;;
15/08/2020;13:40:00;289;ac03 - Acidente com Danos Materiais;533;BR-153/GO;Sul;Capotamento;1;;;;;;;;;;1;;;;
15/08/2020;15:04:00;328;ac02 - Acidente com Vítima;586,52;BR-153/GO;Sul;Colisão Traseira;;;2;;;;;;;;2;;;1;
15/08/2020;15:35:00;351;ac03 - Acidente com Danos Materiais;134;BR-060/GO;Norte;Saida de Pista;1;;;;;;;;;;1;;;;
15/08/2020;16:22:00;385;ac03 - Acidente com Danos Materiais;525;BR-262/MG;Oeste;Saida de Pista;1;;;;;;;;;;1;;;;
15/08/2020;17:57:00;440;ac01 - Acidente com Vítima Fatal;239,5;BR-153/MG;Sul;Choque - Arvore;;;;;;;;;;1;0;;;;1
15/08/2020;18:55:00;461;ac03 - Acidente com Danos Materiais;409;BR-262/MG;Oeste;Capotamento;1;;;;;;;;;;1;;;;
15/08/2020;19:33:00;477;ac03 - Acidente com Danos Materiais;581;BR-262/MG;Oeste;Queda de Moto;;;1;1;;;;;;;2;;;;
15/08/2020;19:38:00;478;ac03 - Acidente com Danos Materiais;43;BR-060/GO;Norte;Colisão Traseira;2;;;;;;;;;;2;;;;
15/08/2020;19:55:00;484;ac03 - Acidente com Danos Materiais;386;BR-262/MG;Oeste;Saida de Pista;1;;;;;;;;;;1;;;;
15/08/2020;20:59:00;507;ac03 - Acidente com Danos Materiais;505;BR-153/GO;Sul;Engavetamento;1;;1;;;1;;;;;3;;;;
15/08/2020;21:09:00;511;ac03 - Acidente com Danos Materiais;423;BR-262/MG;Oeste;Queda de Moto;;;;1;;;;;;;1;;;;
15/08/2020;22:03:00;524;ac03 - Acidente com Danos Materiais;443;BR-262/MG;Oeste;;;;;1;;;;;;;1;;;;
16/08/2020;00:11:00;2;ac02 - Acidente com Vítima;524,3;BR-153/GO;Norte;Tombamento;;;1;;;;;;;;0;1;;;
16/08/2020;04:22:00;39;ac03 - Acidente com Danos Materiais;136;BR-060/GO;Norte;Saida de Pista;1;;;;;;;;;;1;;;;
16/08/2020;04:36:00;41;ac03 - Acidente com Danos Materiais;23,9;BR-153/MG;Norte;Tombamento;;;1;;;;;;;;1;;;;
16/08/2020;14:13:00;262;ac03 - Acidente com Danos Materiais;475;BR-262/MG;Leste;Saida de Pista;1;;;;;;;;;;4;;;;
16/08/2020;16:41:00;328;ac03 - Acidente com Danos Materiais;738,5;BR-262/MG;Oeste;Saida de Pista;;;;;;;;;;1;1;;;;
16/08/2020;18:47:00;392;ac02 - Acidente com Vítima;9;BR-060/DF;Norte;Colisão Traseira;1;;1;;;;;;;;3;;1;;
16/08/2020;19:00:00;402;ac02 - Acidente com Vítima;28;BR-060/GO;Sul;Colisão Traseira;1;;;;;;;;;1;0;7;;;
16/08/2020;19:03:00;403;ac02 - Acidente com Vítima;442,518;BR-262/MG;Leste;Engavetamento;3;;;;;2;;;;;8;;1;;
16/08/2020;19:17:00;408;ac03 - Acidente com Danos Materiais;444;BR-262/MG;Oeste;Colisão Traseira;2;;;;;;;;;;2;;;;
16/08/2020;19:42:00;418;ac03 - Acidente com Danos Materiais;436,05;BR-262/MG;Oeste;Colisão Lateral;1;;1;;;;;;;;5;;;;
16/08/2020;20:08:00;427;ac02 - Acidente com Vítima;509,3;BR-262/MG;Oeste;Capotamento;;;1;;;;;;;;0;;1;;
16/08/2020;21:49:00;456;ac01 - Acidente com Vítima Fatal;442,896;BR-262/MG;Leste;Atropelamento - Sem Informação;;;;;;1;;;;;1;;;;1
17/08/2020;07:54:00;69;ac03 - Acidente com Danos Materiais;506;BR-153/GO;Sul;Colisão Lateral;2;;;;;;;;;;2;;;;
17/08/2020;07:56:00;71;ac03 - Acidente com Danos Materiais;43;BR-060/GO;Sul;Engavetamento;3;;;;;;;;;;4;;;;
17/08/2020;08:28:00;89;ac03 - Acidente com Danos Materiais;553;BR-153/GO;Norte;Colisão Traseira;2;;;;;;;;;;2;;;;
17/08/2020;13:18:00;200;ac03 - Acidente com Danos Materiais;529,873;BR-153/GO;Sul;Choque - Elemento de Drenagem;1;;;;;;;;;;1;;;;
17/08/2020;15:56:00;261;ac02 - Acidente com Vítima;508,507;BR-153/GO;Sul;Colisão Lateral;;;1;1;;;;;;1;2;;1;;
17/08/2020;18:04:00;321;ac03 - Acidente com Danos Materiais;484,209;BR-262/MG;Leste;Tombamento;;;1;;;;;;;;1;;;;
18/08/2020;02:47:00;36;ac02 - Acidente com Vítima;12;BR-153/MG;Sul;Tombamento;;;1;;;;;;;;0;2;;;
18/08/2020;09:15:00;146;ac03 - Acidente com Danos Materiais;376,651;BR-262/MG;Oeste;Colisão Lateral;1;1;;;;;;;;;2;;;;
18/08/2020;19:17:00;445;ac02 - Acidente com Vítima;495;BR-153/GO;Norte;Queda de Ciclista;;;;1;;;;;;;0;1;;;
18/08/2020;20:12:00;468;ac02 - Acidente com Vítima;367;BR-262/MG;Oeste;Queda de Moto;;;;1;;;;;;;1;;1;;
18/08/2020;20:12:00;479;ac03 - Acidente com Danos Materiais;366;BR-262/MG;Leste;Saida de Pista;1;;;;;;;;;;1;;;;
18/08/2020;20:47:00;483;ac03 - Acidente com Danos Materiais;506,9;BR-153/GO;Sul;Engavetamento;2;;1;;;;;;;;4;;;;
18/08/2020;21:04:00;488;ac03 - Acidente com Danos Materiais;506,9;BR-153/GO;Norte;Objeto lançado contra veículo;2;;;;;2;;;;;4;;;;
18/08/2020;21:44:00;503;ac02 - Acidente com Vítima;9;BR-060/DF;Norte;Capotamento;1;;;;;;;;;;0;1;;;
18/08/2020;23:00:00;523;ac03 - Acidente com Danos Materiais;546;BR-262/MG;Leste;Tombamento;;;1;;;;;;;;1;;;;
19/08/2020;02:20:00;24;ac02 - Acidente com Vítima;624;BR-153/GO;Sul;Saida de Pista;1;;;;;;;;;;0;1;;;
19/08/2020;03:33:00;44;ac03 - Acidente com Danos Materiais;11;BR-060/DF;Sul;Saida de Pista;1;;;;;;;;;;1;;;;
19/08/2020;05:50:00;62;ac03 - Acidente com Danos Materiais;486;BR-262/MG;Oeste;Colisão Lateral;;;2;;;;;;;;2;;;;
19/08/2020;07:08:00;84;ac03 - Acidente com Danos Materiais;443;BR-262/MG;Leste;Colisão Traseira;1;;;1;;;;;;;2;;;;
19/08/2020;12:24:00;250;ac03 - Acidente com Danos Materiais;51,8;BR-153/MG;Norte;Capotamento;1;;;;;;;;;;1;;;;
19/08/2020;13:41:00;286;ac03 - Acidente com Danos Materiais;3;BR-153/MG;Norte;Capotamento;1;;;;;;;;;;1;;;;
19/08/2020;13:52:00;293;ac03 - Acidente com Danos Materiais;820;BR-262/MG;Oeste;Capotamento;1;;;;;;;;;;1;;;;
19/08/2020;15:40:00;339;ac03 - Acidente com Danos Materiais;597;BR-153/GO;Norte;Saida de Pista;1;;;;;;;;;;2;;;;
19/08/2020;16:36:00;366;ac03 - Acidente com Danos Materiais;503;BR-153/GO;Norte;Queda de Ciclista;;;;1;;;;;;;2;;;;
19/08/2020;17:25:00;393;ac03 - Acidente com Danos Materiais;501;BR-153/GO;Sul;Colisão Traseira;2;;;;;;;;;;2;;;;
19/08/2020;18:43:00;425;ac03 - Acidente com Danos Materiais;501;BR-153/GO;Sul;Engavetamento;3;;;;;1;;;;;4;;;;
19/08/2020;20:57:00;480;ac03 - Acidente com Danos Materiais;31;BR-060/DF;Norte;Colisão Traseira;2;;;;;;;;;;2;;;;
19/08/2020;22:38:00;516;ac02 - Acidente com Vítima;532;BR-153/GO;Norte;Choque- Poste/Equipamento;1;;;;;;;;;;1;1;;;
20/08/2020;08:00:00;109;ac03 - Acidente com Danos Materiais;480;BR-262/MG;Oeste;Colisão Lateral;1;;1;;;;;;;;4;;;;
20/08/2020;10:07:00;166;ac02 - Acidente com Vítima;105,6;BR-060/GO;Sul;Tombamento;;;1;;;;;;;;1;1;;;
20/08/2020;10:15:00;172;ac03 - Acidente com Danos Materiais;471,15;BR-262/MG;Leste;Choque - Elemento de Drenagem;1;;1;;;;;;;;2;;;;
20/08/2020;10:35:00;189;ac03 - Acidente com Danos Materiais;104,633;BR-060/GO;Sul;Capotamento;1;;;;;;;;;;1;;;;
20/08/2020;10:35:00;190;ac02 - Acidente com Vítima;673;BR-153/GO;Sul;Colisão Traseira;;;2;;;;;;;;1;1;;;
20/08/2020;11:53:00;231;ac03 - Acidente com Danos Materiais;508,9;BR-153/GO;Sul;Colisão Traseira;1;;;1;;;;;;;2;;;;
20/08/2020;12:08:00;238;ac02 - Acidente com Vítima;227;BR-153/MG;Norte;Saida de Pista;;;;;;;;;;1;0;;1;;
20/08/2020;14:41:00;301;ac02 - Acidente com Vítima;359;BR-262/MG;Leste;Colisão Transversal;2;;;;;;;;;;2;;1;;
20/08/2020;19:01:00;414;ac02 - Acidente com Vítima;548;BR-262/MG;Oeste;Colisão Traseira;;;1;;;;;;;1;1;;1;;
20/08/2020;19:45:00;432;ac03 - Acidente com Danos Materiais;717;BR-262/MG;Oeste;Choque - Arvore;;;1;;;;;;;;3;;;;
20/08/2020;20:19:00;449;ac03 - Acidente com Danos Materiais;5;BR-060/GO;Sul;Saida de Pista;1;;;;;;;;;;1;;;;
20/08/2020;21:02:00;468;ac02 - Acidente com Vítima;500;BR-153/GO;Sul;Colisão Lateral;2;;;;;;;;;;1;;2;;
21/08/2020;00:41:00;16;ac02 - Acidente com Vítima;701,7;BR-262/MG;Oeste;Tombamento;;;1;;;;;;;;0;1;;;
21/08/2020;08:22:00;126;ac03 - Acidente com Danos Materiais;553;BR-262/MG;Leste;Choque- Placa/Suporte Sinalização;1;;;;;;;;;;1;;;;
21/08/2020;09:26:00;164;ac03 - Acidente com Danos Materiais;414,23;BR-262/MG;Oeste;Choque - Elemento de Drenagem;1;;;;;;;;;;1;;;;
21/08/2020;11:12:00;219;ac03 - Acidente com Danos Materiais;544,7;BR-262/MG;Oeste;Choque - Elemento de Drenagem;1;;;;;;;;;;2;;;;
21/08/2020;14:32:00;319;ac03 - Acidente com Danos Materiais;518,35;BR-262/MG;Leste;Saida de Pista;1;;;;;1;;;;;2;;;;
21/08/2020;16:34:00;373;ac03 - Acidente com Danos Materiais;553;BR-153/GO;Norte;Colisão Traseira;;;1;;;;;;;1;2;;;;
21/08/2020;16:44:00;380;ac02 - Acidente com Vítima;380,3;BR-262/MG;Leste;Choque - Elemento de Drenagem;;;;;;;;;;1;0;;1;;
21/08/2020;19:07:00;442;ac03 - Acidente com Danos Materiais;520,8;BR-262/MG;Leste;Colisão Lateral;1;;;;;;;;;1;5;;;;
21/08/2020;19:40:00;447;ac03 - Acidente com Danos Materiais;519,739;BR-262/MG;Leste;Tombamento;;;1;;;;;;;;1;;;;
21/08/2020;20:35:00;474;ac03 - Acidente com Danos Materiais;239,264;BR-153/MG;Norte;Saida de Pista;1;;;;;;;;;;1;;;;
21/08/2020;22:32:00;504;ac02 - Acidente com Vítima;561;BR-262/MG;Oeste;Queda de Ciclista;;1;;;;;;;;;0;1;;;
21/08/2020;23:09:00;513;ac03 - Acidente com Danos Materiais;519,739;BR-262/MG;Leste;Carreta deu L;;;2;;;;;;;;2;;;;
22/08/2020;00:04:00;5;ac03 - Acidente com Danos Materiais;520;BR-262/MG;Oeste;Saida de Pista;;;1;;;;;;;;1;;;;
22/08/2020;03:02:00;36;ac03 - Acidente com Danos Materiais;547,949;BR-262/MG;Oeste;Choque - Elemento de Drenagem;1;;;;;;;;;;2;;;;
22/08/2020;03:07:00;38;ac02 - Acidente com Vítima;611,877;BR-262/MG;Leste;Capotamento;1;;;;;;;;;;0;1;;;
22/08/2020;03:58:00;50;ac02 - Acidente com Vítima;624,625;BR-262/MG;Oeste;Tombamento;;;1;;;;;;;;0;;;1;
22/08/2020;04:30:00;54;ac03 - Acidente com Danos Materiais;381,768;BR-262/MG;Leste;Saida de Pista;1;;;;;;;;;;3;;;;
22/08/2020;06:59:00;72;ac03 - Acidente com Danos Materiais;362;BR-262/MG;Leste;Capotamento;1;;;;;;;;;;4;;;;
22/08/2020;07:33:00;87;ac02 - Acidente com Vítima;479;BR-262/MG;Leste;Choque - Elemento de Drenagem;;;1;;;;;;;;2;1;;;
22/08/2020;08:01:00;98;ac03 - Acidente com Danos Materiais;380;BR-262/MG;Leste;Saida de Pista;;;;;;;;;;1;2;;;;
22/08/2020;08:14:00;105;ac03 - Acidente com Danos Materiais;388;BR-262/MG;Leste;Capotamento;1;;;;;;;;;;1;;;;
22/08/2020;09:17:00;137;ac03 - Acidente com Danos Materiais;553,5;BR-262/MG;Oeste;Saida de Pista;1;;;;;;;;;;1;;;;
22/08/2020;09:32:00;144;ac03 - Acidente com Danos Materiais;407,5;BR-262/MG;Leste;Capotamento;1;;;;;;;;;;2;;;;
22/08/2020;09:38:00;148;ac03 - Acidente com Danos Materiais;471;BR-262/MG;Oeste;Colisão Traseira;2;;1;;;;;;;;4;;;;
22/08/2020;10:15:00;170;ac03 - Acidente com Danos Materiais;60;BR-153/MG;Norte;Carreta deu L;;;1;;;;;;;;1;;;;
22/08/2020;10:30:00;176;ac03 - Acidente com Danos Materiais;507;BR-153/GO;Norte;Choque- Poste/Equipamento;1;;;;;;;;;;1;;;;
22/08/2020;11:06:00;188;ac03 - Acidente com Danos Materiais;378;BR-262/MG;Leste;Choque - Elemento de Drenagem;1;;;;;;;;;;1;;;;
22/08/2020;11:36:00;198;ac02 - Acidente com Vítima;378;BR-262/MG;Leste;Capotamento;1;;;;;;;;;;0;1;;;
22/08/2020;11:40:00;200;ac02 - Acidente com Vítima;401,2;BR-262/MG;Leste;Choque - Barreira;1;;;;;;;;;;0;1;1;;
22/08/2020;12:53:00;230;ac03 - Acidente com Danos Materiais;353;BR-262/MG;Oeste;Saida de Pista;1;;;;;;;;;;1;;;;
22/08/2020;13:06:00;236;ac03 - Acidente com Danos Materiais;611;BR-262/MG;Oeste;Carreta deu L;;;1;;;;;;;;3;;;;
22/08/2020;14:46:00;286;ac03 - Acidente com Danos Materiais;40;BR-060/GO;Sul;Choque - Talude;1;;;;;;;;;;1;;;;
22/08/2020;18:07:00;391;ac03 - Acidente com Danos Materiais;549;BR-262/MG;Oeste;Saida de Pista;1;;;;;;;;;;3;;;;
22/08/2020;19:36:00;422;ac02 - Acidente com Vítima;118;BR-060/GO;Norte;Queda de Moto;;;;1;;;;;;;0;;1;;
23/08/2020;04:24:00;43;ac03 - Acidente com Danos Materiais;505,684;BR-153/GO;Sul;Colisão Lateral;2;;;;;;;;;;2;;;;
23/08/2020;06:31:00;67;ac03 - Acidente com Danos Materiais;100;BR-153/MG;Norte;Saida de Pista;1;;;;;;;;;;1;;;;
23/08/2020;10:06:00;149;ac03 - Acidente com Danos Materiais;134;BR-153/MG;Norte;Colisão Lateral;1;;1;;;;;;;;2;;;;
23/08/2020;11:03:00;168;ac03 - Acidente com Danos Materiais;553;BR-262/MG;Oeste;Tombamento;;;1;;;;;;;;1;;;;
23/08/2020;11:21:00;177;ac03 - Acidente com Danos Materiais;631;BR-153/GO;Sul;Saida de Pista;;;;;;;;;;1;2;;;;
23/08/2020;12:56:00;204;ac03 - Acidente com Danos Materiais;500;BR-153/GO;Norte;Colisão Lateral;1;;1;;;;;;;;2;;;;
23/08/2020;17:07:00;313;ac03 - Acidente com Danos Materiais;829;BR-262/MG;Leste;Choque- Placa/Suporte Sinalização;1;;;;;;;;;;1;;;;
23/08/2020;17:16:00;319;ac02 - Acidente com Vítima;687,5;BR-262/MG;Oeste;Capotamento;1;;;;;;;;;;1;;;1;
23/08/2020;17:34:00;328;ac03 - Acidente com Danos Materiais;83;BR-060/GO;Sul;Capotamento;1;;;;;;;;;;4;;;;
24/08/2020;01:06:00;15;ac03 - Acidente com Danos Materiais;437,9;BR-262/MG;Leste;Saida de Pista;1;;;;;;;;;;2;;;;
24/08/2020;06:53:00;74;ac03 - Acidente com Danos Materiais;785;BR-262/MG;Oeste;Colisão Traseira;2;;1;;;;;;;;3;;;;
24/08/2020;07:49:00;96;ac03 - Acidente com Danos Materiais;183;BR-153/MG;Norte;Tombamento;;;1;;;;;;;;2;;;;
24/08/2020;08:39:00;117;ac02 - Acidente com Vítima;0,8;BR-060/DF;Norte;Colisão Traseira;1;;;1;;;;;;;1;1;;;
24/08/2020;11:50:00;219;ac02 - Acidente com Vítima;94,316;BR-060/GO;Sul;Colisão Traseira;1;;;;;;;;;1;1;1;;;
24/08/2020;12:02:00;229;ac03 - Acidente com Danos Materiais;4;BR-060/DF;Norte;Colisão Lateral;2;;;;;;;;;;2;;;;