data;horario;n_da_ocorrencia;tipo_de_ocorrencia;km;trecho;sentido;tipo_de_acidente;automovel;bicicleta;caminhao;moto;onibus;outros;tracao_animal;transporte_de_cargas_especiais;trator_maquinas;utilitarios;ilesos;levemente_feridos;moderadamente_feridos;gravemente_feridos;mortos
24/08/2020;13:55:00;285;ac02 - Acidente com Vítima;502;BR-153/GO;Norte;Queda de Moto;;;1;1;;;;;;;1;;1;;
24/08/2020;16:06:00;359;ac02 - Acidente com Vítima;368,8;BR-262/MG;Oeste;Queda de Moto;;;;1;;;;;;;0;;1;;
24/08/2020;18:16:00;418;ac02 - Acidente com Vítima;6;BR-060/DF;Sul;Queda de Moto;1;;;1;;;;;;;1;1;;;
24/08/2020;22:25:00;511;ac02 - Acidente com Vítima;492;BR-153/GO;Sul;Atropelamento - Ciclista;1;1;;;;;;;;;1;;;1;
24/08/2020;23:35:00;527;ac03 - Acidente com Danos Materiais;128;BR-060/GO;Sul;Queda de Moto;;;;1;;;;;;;1;;;;
25/08/2020;11:20:00;238;ac02 - Acidente com Vítima;575;BR-262/MG;Oeste;Tombamento;;;1;;;;;;;;0;;1;;
25/08/2020;17:39:00;458;ac02 - Acidente com Vítima;431;BR-262/MG;Leste;Queda de Moto;;;;1;;;;;;;0;1;;;
25/08/2020;23:25:00;571;ac02 - Acidente com Vítima;667,4;BR-153/GO;Norte;Colisão Traseira;1;;1;;;;;;;;3;1;;;
26/08/2020;00:19:00;15;ac03 - Acidente com Danos Materiais;388,9;BR-262/MG;Oeste;Colisão Traseira;;;1;;;;;;;1;2;;;;
26/08/2020;00:56:00;25;ac02 - Acidente com Vítima;624,3;BR-262/MG;Leste;Tombamento;;;1;;;2;;;;;2;;1;;
26/08/2020;08:27:00;122;ac03 - Acidente com Danos Materiais;531;BR-153/GO;Sul;Colisão Traseira;1;;1;;;;;;;;2;;;;
26/08/2020;14:25:00;339;ac03 - Acidente com Danos Materiais;473,8;BR-262/MG;Leste;Colisão Traseira;2;;;;;;;;;;2;;;;
26/08/2020;19:23:00;472;ac02 - Acidente com Vítima;91,064;BR-153/MG;Sul;Tombamento;;;1;;;;;;;;0;1;;;
26/08/2020;19:23:00;473;ac03 - Acidente com Danos Materiais;125;BR-060/GO;Norte;Saida de Pista;;;1;;;;;;;1;3;;;;
26/08/2020;19:34:00;479;ac03 - Acidente com Danos Materiais;91;BR-153/MG;Norte;Choque - Objeto sobre a pista;;;;;;;;;;1;1;;;;
26/08/2020;20:47:00;501;ac03 - Acidente com Danos Materiais;848;BR-262/MG;Oeste;Tombamento;;;1;;;1;;;;;2;;;;
26/08/2020;21:31:00;510;ac03 - Acidente com Danos Materiais;2;BR-060/DF;Norte;Saida de Pista;1;;1;;;;;;;;2;;;;
26/08/2020;22:35:00;525;ac03 - Acidente com Danos Materiais;365;BR-262/MG;Leste;Atropelamento de Animal;;;;;;;;;;1;1;;;;
27/08/2020;04:03:00;40;ac03 - Acidente com Danos Materiais;73;BR-060/GO;Sul;Capotamento;1;;;;;;;;;;1;;;;
27/08/2020;05:11:00;47;ac03 - Acidente com Danos Materiais;594;BR-153/GO;Norte;Colisão Traseira;;;2;;;;;;;;2;;;;
27/08/2020;09:06:00;134;ac03 - Acidente com Danos Materiais;510,6;BR-153/GO;Sul;Queda de Moto;;;;1;;;;;;;1;;;;
27/08/2020;10:13:00;179;ac03 - Acidente com Danos Materiais;586,169;BR-262/MG;Oeste;Tombamento;;;1;;;;;;;;1;;;;
27/08/2020;10:37:00;195;ac03 - Acidente com Danos Materiais;497;BR-153/GO;Norte;Queda de Moto;;;;1;;;;;;;2;;;;
27/08/2020;11:02:00;216;ac02 - Acidente com Vítima;6;BR-060/DF;Sul;Colisão Traseira;;;;1;1;;;;;;1;;1;;
27/08/2020;15:22:00;333;ac03 - Acidente com Danos Materiais;420;BR-262/MG;Oeste;Capotamento;1;;;;;;;;;;1;;;;
27/08/2020;16:41:00;366;ac03 - Acidente com Danos Materiais;134,6;BR-153/MG;Norte;Colisão Traseira;;;1;;;;;;;1;2;;;;
27/08/2020;16:46:00;369;ac02 - Acidente com Vítima;612,9;BR-153/GO;Sul;Capotamento;1;;;;;;;;;;0;1;;;
27/08/2020;20:47:00;476;ac02 - Acidente com Vítima;558,834;BR-153/GO;Sul;Choque - Outros;;;1;;;;;;;;0;1;1;;
27/08/2020;23:26:00;529;ac01 - Acidente com Vítima Fatal;894;BR-262/MG;Leste;Colisão Traseira;;;5;;;;;;;;4;;;;1
28/08/2020;01:41:00;12;ac03 - Acidente com Danos Materiais;506;BR-153/GO;Sul;Choque - Defensa;1;;;;;;;;;;1;;;;
28/08/2020;04:21:00;49;ac02 - Acidente com Vítima;148,1;BR-153/MG;Sul;Colisão Transversal;;;2;;;2;;;;;3;;;1;
28/08/2020;08:15:00;98;ac03 - Acidente com Danos Materiais;494,6;BR-153/GO;Sul;Engavetamento;3;;;;;;;;;;3;;;;
28/08/2020;09:12:00;126;ac03 - Acidente com Danos Materiais;499,216;BR-153/GO;Sul;Colisão Traseira;2;;;;;;;;;;4;;;;
28/08/2020;09:59:00;153;ac03 - Acidente com Danos Materiais;845,25;BR-262/MG;Oeste;Capotamento;1;;;;;;;;;;1;;;;
28/08/2020;12:52:00;241;ac02 - Acidente com Vítima;576,374;BR-153/GO;Sul;Saida de Pista;;;1;;;;;;;;0;1;;;
28/08/2020;14:00:00;271;ac03 - Acidente com Danos Materiais;896,15;BR-262/MG;Oeste;Tombamento;;;1;;;;;;;;1;;;;
28/08/2020;14:26:00;285;ac03 - Acidente com Danos Materiais;556,447;BR-153/GO;Norte;Colisão Traseira;;;1;;;;;;;1;2;;;;
28/08/2020;14:48:00;294;ac02 - Acidente com Vítima;30,673;BR-060/GO;Norte;Capotamento;1;;;;;;;;;;0;1;;;
28/08/2020;17:27:00;356;ac02 - Acidente com Vítima;434,266;BR-262/MG;Oeste;Capotamento;1;;;;;;;;;;0;1;;;
28/08/2020;17:38:00;362;ac02 - Acidente com Vítima;765,8;BR-262/MG;Oeste;Tombamento;;;1;;;;;;;;2;;1;;
28/08/2020;18:49:00;401;ac03 - Acidente com Danos Materiais;220;BR-153/MG;Sul;Saida de Pista;;;;;;;;;;1;1;;;;
28/08/2020;20:05:00;435;ac02 - Acidente com Vítima;94,009;BR-060/GO;Norte;Capotamento;1;;;;;;;;;;0;2;;;
28/08/2020;21:03:00;464;ac02 - Acidente com Vítima;14;BR-060/GO;Sul;Capotamento;1;;1;;;;;;;;2;2;;;
28/08/2020;21:09:00;466;ac03 - Acidente com Danos Materiais;97;BR-060/GO;Norte;Choque - Elemento de Drenagem;1;;;;;;;;;;1;;;;
28/08/2020;23:44:00;504;ac03 - Acidente com Danos Materiais;821;BR-262/MG;Leste;Atropelamento de Animal;1;;;;;;;;;;1;;;;
29/08/2020;04:43:00;58;ac03 - Acidente com Danos Materiais;400,5;BR-262/MG;Oeste;Choque - Barreira;1;;;;;;;;;;4;;;;
29/08/2020;05:59:00;68;ac03 - Acidente com Danos Materiais;131,946;BR-060/GO;Norte;Choque - Elemento de Drenagem;1;;;;;;;;;;1;;;;
29/08/2020;06:10:00;70;ac02 - Acidente com Vítima;519,267;BR-153/GO;Sul;Atropelamento - Andarilho;1;;;1;;;;;;;1;;;1;
29/08/2020;07:28:00;87;ac02 - Acidente com Vítima;394,35;BR-262/MG;Oeste;Colisão Transversal;2;;;;;;;;;;1;3;1;;
29/08/2020;12:22:00;228;ac03 - Acidente com Danos Materiais;591,5;BR-153/GO;Norte;Saida de Pista;1;;;;;;;;;;1;;;;
29/08/2020;15:52:00;329;ac03 - Acidente com Danos Materiais;587;BR-262/MG;Leste;Tombamento;;;1;;;;;;;;1;;;;
29/08/2020;16:37:00;358;ac03 - Acidente com Danos Materiais;137,29;BR-060/GO;Norte;Colisão Lateral;2;;;;;;;;;;2;;;;
29/08/2020;16:40:00;360;ac03 - Acidente com Danos Materiais;672;BR-153/GO;Sul;Colisão Lateral;1;;1;;;;;;;;5;;;;
29/08/2020;19:40:00;453;ac03 - Acidente com Danos Materiais;364;BR-262/MG;Oeste;Colisão Traseira;2;;;;;;;;;;5;;;;
29/08/2020;22:11:00;496;ac02 - Acidente com Vítima;506;BR-153/GO;Sul;Queda de Moto;;;;1;;;;;;;0;;1;;
30/08/2020;04:59:00;43;ac03 - Acidente com Danos Materiais;11;BR-060/GO;Norte;Saida de Pista;1;;;;;;;;;;1;;;;
30/08/2020;05:19:00;44;ac03 - Acidente com Danos Materiais;467,31;BR-262/MG;Oeste;Capotamento;1;;;;;;;;;;1;;;;
30/08/2020;06:13:00;51;ac03 - Acidente com Danos Materiais;9,3;BR-153/MG;Norte;Colisão Lateral;1;;1;;;;;;;;4;;;;
30/08/2020;06:54:00;59;ac03 - Acidente com Danos Materiais;632;BR-153/GO;Sul;Saida de Pista;1;;;;;;;;;;1;;;;
30/08/2020;09:48:00;131;ac03 - Acidente com Danos Materiais;40;BR-060/GO;Sul;Queda de Moto;;;;1;;;;;;;1;;;;
30/08/2020;16:43:00;313;ac03 - Acidente com Danos Materiais;129;BR-060/GO;Sul;Colisão Traseira;3;;;;;;;;;;3;;;;
30/08/2020;17:01:00;327;ac03 - Acidente com Danos Materiais;128;BR-060/GO;Sul;Engavetamento;3;;;;;;;;;;3;;;;
30/08/2020;17:40:00;350;ac03 - Acidente com Danos Materiais;524;BR-262/MG;Leste;Capotamento;1;;;;;;;;;;2;;;;
30/08/2020;20:12:00;424;ac03 - Acidente com Danos Materiais;3;BR-060/GO;Norte;Colisão Traseira;2;;;;;;;;;1;4;;;;
30/08/2020;21:00:00;445;ac03 - Acidente com Danos Materiais;638;BR-153/GO;Sul;Saida de Pista;1;;;;;;;;;;1;;;;
31/08/2020;03:32:00;41;ac03 - Acidente com Danos Materiais;506,6;BR-153/GO;Sul;Tombamento;;;1;;;;;;;;1;;;;
31/08/2020;05:09:00;56;ac02 - Acidente com Vítima;541;BR-153/GO;Norte;Colisão Traseira;;;2;;;;;;;;1;1;;;
31/08/2020;08:42:00;136;ac03 - Acidente com Danos Materiais;592,168;BR-262/MG;Leste;Tombamento;;;1;;;;;;;;1;;;;
31/08/2020;09:13:00;155;ac03 - Acidente com Danos Materiais;864;BR-262/MG;Oeste;Colisão Traseira;;;2;;;;;;;;2;;;;
31/08/2020;13:46:00;289;ac03 - Acidente com Danos Materiais;4;BR-060/DF;Sul;Colisão Lateral;1;;1;;;;;;;;4;;;;
31/08/2020;17:48:00;414;ac03 - Acidente com Danos Materiais;55;BR-153/MG;Sul;Saida de Pista;1;;;;;;;;;;2;;;;
31/08/2020;22:00:00;517;ac03 - Acidente com Danos Materiais;232;BR-153/MG;Sul;Saida de Pista;;;;;;;;;;1;2;;;;
01/09/2020;05:21:00;56;ac03 - Acidente com Danos Materiais;14;BR-060/DF;Norte;Colisão Lateral;;;2;;;;;;;;2;;;;
01/09/2020;07:43:00;86;ac02 - Acidente com Vítima;137,426;BR-060/GO;Sul;Atropelamento - Morador/Trabalhador;1;;;;;;;;;;1;1;;;
01/09/2020;08:14:00;100;ac02 - Acidente com Vítima;137,424;BR-060/GO;Sul;Atropelamento - Morador/Trabalhador;;;1;;;;;;;;1;;;1;
01/09/2020;09:11:00;131;ac02 - Acidente com Vítima;529,611;BR-153/GO;Norte;Capotamento;1;;;;;;;;;;1;1;;;
01/09/2020;14:19:00;286;ac02 - Acidente com Vítima;4,312;BR-060/DF;Norte;Colisão Traseira;2;;;;;;;;;;1;1;;;
01/09/2020;16:57:00;360;ac02 - Acidente com Vítima;354,23;BR-262/MG;Leste;Queda de Moto;;;;1;;;;;;;0;2;;;
01/09/2020;17:01:00;362;ac03 - Acidente com Danos Materiais;464,4;BR-262/MG;Oeste;Engavetamento;;;3;;;;;;;;3;;;;
02/09/2020;06:00:00;74;ac03 - Acidente com Danos Materiais;128,48;BR-060/GO;Sul;Colisão Traseira;;;2;;;;;;;;3;;;;
02/09/2020;08:03:00;117;ac03 - Acidente com Danos Materiais;494,912;BR-153/GO;Sul;Colisão Traseira;;;;;;;;;;2;2;;;;
02/09/2020;08:35:00;135;ac02 - Acidente com Vítima;117,832;BR-060/GO;Sul;Colisão Traseira;1;;1;;;;;;;;2;3;;;
02/09/2020;08:37:00;136;ac03 - Acidente com Danos Materiais;500,4;BR-153/GO;Sul;Colisão Traseira;;;1;;1;;;;;;2;;;;
02/09/2020;09:05:00;148;ac02 - Acidente com Vítima;509,665;BR-153/GO;Sul;Colisão Lateral;;;1;1;;;;;;;1;1;;;
02/09/2020;16:51:00;385;ac02 - Acidente com Vítima;539;BR-153/GO;Sul;Queda de Moto;;;1;1;;;;;;;1;;1;;
02/09/2020;18:28:00;428;ac02 - Acidente com Vítima;516;BR-153/GO;Norte;Queda de Ciclista;;;1;1;;;;;;;1;1;;;
02/09/2020;18:28:00;429;ac02 - Acidente com Vítima;39;BR-060/GO;Sul;Capotamento;1;;;;;;;;;;0;;1;;
02/09/2020;19:56:00;465;ac03 - Acidente com Danos Materiais;594,8;BR-262/MG;Oeste;Saida de Pista;;;1;;;;;;;;1;;;;
02/09/2020;22:37:00;515;ac02 - Acidente com Vítima;387,52;BR-262/MG;Oeste;Capotamento;;;;;;;;;;1;0;;1;;
03/09/2020;04:09:00;33;ac03 - Acidente com Danos Materiais;493;BR-153/GO;Norte;Colisão Traseira;2;;;;;;;;;;3;;;;
03/09/2020;08:19:00;94;ac03 - Acidente com Danos Materiais;513;BR-153/GO;Norte;Tombamento;;;1;;;;;;;;1;;;;
03/09/2020;08:56:00;118;ac03 - Acidente com Danos Materiais;58;BR-153/MG;Norte;Colisão Traseira;2;;;;;;;;;;2;;;;
03/09/2020;12:19:00;217;ac03 - Acidente com Danos Materiais;403;BR-262/MG;Leste;Colisão Traseira;;;2;;;;;;;;2;;;;
03/09/2020;12:44:00;226;ac03 - Acidente com Danos Materiais;484;BR-262/MG;Leste;Colisão Traseira;1;;1;;;;;;;;2;;;;
03/09/2020;13:27:00;250;ac03 - Acidente com Danos Materiais;780;BR-262/MG;Oeste;Colisão Traseira;;;2;;;;;;;;2;;;;
03/09/2020;16:08:00;319;ac02 - Acidente com Vítima;358;BR-262/MG;Leste;Capotamento;1;;;;;;;;;;0;2;;;
03/09/2020;16:43:00;342;ac02 - Acidente com Vítima;640;BR-262/MG;Leste;Colisão Traseira;1;;1;;;;;;;;1;;;1;
03/09/2020;17:03:00;357;ac03 - Acidente com Danos Materiais;619;BR-262/MG;Leste;Tombamento;;;1;;;;;;;;1;;;;
03/09/2020;18:42:00;409;ac03 - Acidente com Danos Materiais;228;BR-153/MG;Sul;Colisão Traseira;;;2;;;;;;;;2;;;;
03/09/2020;19:20:00;429;ac02 - Acidente com Vítima;60;BR-060/GO;Norte;Atropelamento - Morador;;;;;;1;;;;;0;;;2;
03/09/2020;19:36:00;438;ac03 - Acidente com Danos Materiais;627;BR-262/MG;Leste;Colisão Lateral;;;3;;;;;;;;3;;;;
03/09/2020;21:49:00;496;ac02 - Acidente com Vítima;439;BR-262/MG;Oeste;Queda de Moto;;;;1;;;;;;;0;;1;;
04/09/2020;07:04:00;80;ac02 - Acidente com Vítima;8,7;BR-060/DF;Norte;Colisão Traseira;2;;;;;;;;;;3;1;;;
04/09/2020;07:30:00;97;ac03 - Acidente com Danos Materiais;364,3;BR-262/MG;Leste;Colisão Traseira;2;;;;;;;;;;2;;;;
04/09/2020;11:38:00;259;ac03 - Acidente com Danos Materiais;365,8;BR-262/MG;Oeste;Colisão Traseira;2;;;;;;;;;;2;;;;
04/09/2020;12:10:00;272;ac03 - Acidente com Danos Materiais;497;BR-153/GO;Norte;Colisão Traseira;;;2;;;;;;;;2;;;;
04/09/2020;13:49:00;321;ac03 - Acidente com Danos Materiais;386;BR-262/MG;Oeste;Choque - Defensa;1;;;;;;;;;;1;;;;
04/09/2020;14:54:00;355;ac03 - Acidente com Danos Materiais;525;BR-262/MG;Leste;Colisão Traseira;;;2;;;;;;;;2;;;;
04/09/2020;14:55:00;356;ac03 - Acidente com Danos Materiais;92;BR-153/MG;Norte;Choque - Objeto sobre a pista;1;;1;;;;;;;;3;;;;
04/09/2020;16:39:00;413;ac03 - Acidente com Danos Materiais;530;BR-153/GO;Norte;Choque - Defensa;1;;;;;;;;;;1;;;;
04/09/2020;16:41:00;414;ac03 - Acidente com Danos Materiais;375;BR-262/MG;Leste;Saida de Pista;;;;;;;;;;1;1;;;;
04/09/2020;17:16:00;442;ac03 - Acidente com Danos Materiais;353;BR-262/MG;Oeste;Engavetamento;2;;2;;;;;;;;4;;;;
04/09/2020;18:22:00;480;ac03 - Acidente com Danos Materiais;506;BR-153/GO;Norte;Colisão Traseira;2;;;;;;;;;;2;;;;
04/09/2020;18:22:00;481;ac03 - Acidente com Danos Materiais;407;BR-262/MG;Oeste;Queda de Moto;;;;1;;;;;;;1;;;;
04/09/2020;18:46:00;496;ac03 - Acidente com Danos Materiais;502;BR-153/GO;Norte;Queda de Moto;;;;1;;;;;;;1;;;;
04/09/2020;19:37:00;521;ac03 - Acidente com Danos Materiais;359;BR-262/MG;Oeste;Saida de Pista;1;;;;;;;;;;1;;;;
04/09/2020;23:11:00;608;ac03 - Acidente com Danos Materiais;540;BR-153/GO;Norte;Atropelamento de Animal;1;;;;;;;;;;1;;;;
05/09/2020;00:38:00;11;ac03 - Acidente com Danos Materiais;74;BR-060/GO;Sul;Saida de Pista;;;1;;;;;;;;1;;;;
05/09/2020;03:58:00;61;ac02 - Acidente com Vítima;408;BR-262/MG;Leste;Colisão Traseira;;;2;;;;;;;;1;;1;;
05/09/2020;05:57:00;85;ac02 - Acidente com Vítima;439;BR-262/MG;Oeste;Atropelamento - Ciclista;1;1;;;;;;;;;1;1;;;
05/09/2020;08:31:00;158;ac03 - Acidente com Danos Materiais;500;BR-262/MG;Oeste;Capotamento;1;;;;;;;;;;1;;;;
05/09/2020;11:53:00;284;ac02 - Acidente com Vítima;769;BR-262/MG;Oeste;Capotamento;1;;;;;;;;;;0;3;1;;
05/09/2020;14:22:00;345;ac03 - Acidente com Danos Materiais;99;BR-060/GO;Sul;Colisão Traseira;;;1;1;;;;;;;2;;;;
05/09/2020;14:41:00;353;ac02 - Acidente com Vítima;22;BR-060/GO;Sul;Colisão Traseira;2;;;;;;;;;;6;1;;;
05/09/2020;15:29:00;379;ac02 - Acidente com Vítima;27,1;BR-153/MG;Norte;Capotamento;1;;;;;;;;;;0;2;;;
05/09/2020;16:00:00;391;ac03 - Acidente com Danos Materiais;803;BR-262/MG;Oeste;Choque - Talude;;;1;;;;;;;;1;;;;
05/09/2020;17:28:00;431;ac03 - Acidente com Danos Materiais;76;BR-060/GO;Norte;Colisão Traseira;;;1;;;;;;;1;4;;;;
05/09/2020;19:09:00;473;ac02 - Acidente com Vítima;439,943;BR-262/MG;Leste;Choque- Placa/Suporte Sinalização;;;;2;;;;;;;3;;1;;
05/09/2020;19:48:00;492;ac03 - Acidente com Danos Materiais;115;BR-060/GO;Norte;Atropelamento de Animal;;;;;1;;;;;;8;;;;
05/09/2020;19:59:00;498;ac02 - Acidente com Vítima;1,5;BR-153/MG;Sul;Atropelamento - Andarilho;1;;;;;;;;;;1;;;1;
05/09/2020;20:30:00;505;ac02 - Acidente com Vítima;113;BR-060/GO;Norte;Atropelamento de Animal;;;;1;;;;;;;0;1;;;
05/09/2020;20:30:00;510;ac02 - Acidente com Vítima;113,5;BR-060/GO;Norte;Atropelamento de Animal;1;;;;;;;;;;1;1;;;
05/09/2020;22:06:00;541;ac03 - Acidente com Danos Materiais;540;BR-262/MG;Oeste;Capotamento;1;;;;;;;;;;1;;;;
05/09/2020;22:31:00;551;ac03 - Acidente com Danos Materiais;549;BR-262/MG;Oeste;Capotamento;;;;;;;;;;1;1;;;;
05/09/2020;22:56:00;560;ac03 - Acidente com Danos Materiais;5;BR-060/DF;Sul;Queda de Moto;;;;1;;;;;;;1;;;;
05/09/2020;23:15:00;566;ac03 - Acidente com Danos Materiais;246;BR-153/MG;Sul;Colisão Lateral;2;;;;;;;;;;2;;;;
05/09/2020;23:26:00;569;ac02 - Acidente com Vítima;148;BR-153/MG;Sul;Tombamento;;;1;;;;;;;;0;1;;;
06/09/2020;00:57:00;7;ac03 - Acidente com Danos Materiais;578;BR-262/MG;Leste;Saida de Pista;1;;;;;1;;;;;6;;;;
06/09/2020;03:39:00;31;ac02 - Acidente com Vítima;665,5;BR-153/GO;Norte;Tombamento;;;1;;;;;;;;0;2;;;
06/09/2020;06:00:00;50;ac03 - Acidente com Danos Materiais;37;BR-153/MG;Sul;Colisão Traseira;;;1;;1;;;;;;2;;;;
06/09/2020;06:09:00;55;ac03 - Acidente com Danos Materiais;505,917;BR-153/GO;Norte;Choque - Talude;1;;;;;;;;;;1;;;;
06/09/2020;07:12:00;67;ac02 - Acidente com Vítima;11,252;BR-060/DF;Norte;Colisão Lateral;2;;;;;;;;;;5;1;;;
06/09/2020;09:54:00;152;ac03 - Acidente com Danos Materiais;519;BR-153/GO;Sul;Queda de Moto;;;;1;;;;;;;1;;;;
06/09/2020;11:10:00;190;ac03 - Acidente com Danos Materiais;367,1;BR-262/MG;Leste;Colisão Traseira;2;;;;;;;;;;6;;;;
06/09/2020;12:07:00;209;ac02 - Acidente com Vítima;48;BR-153/MG;Sul;Capotamento;;;;;;;;;;1;0;1;;;
06/09/2020;13:48:00;240;ac03 - Acidente com Danos Materiais;553,8;BR-262/MG;Leste;Tombamento;;;1;;;;;;;;1;;;;
06/09/2020;17:02:00;308;ac03 - Acidente com Danos Materiais;380,5;BR-262/MG;Oeste;Choque - Elemento de Drenagem;;;2;;;;;;;;2;;;;
06/09/2020;19:05:00;358;ac02 - Acidente com Vítima;126;BR-060/GO;Sul;Colisão Traseira;1;;;1;;;;;;;2;1;;;
06/09/2020;19:35:00;366;ac02 - Acidente com Vítima;11;BR-060/DF;Norte;Atropelamento de Animal;;;;1;;;;;;;0;;1;1;
06/09/2020;20:03:00;373;ac02 - Acidente com Vítima;362,509;BR-262/MG;Leste;Colisão Traseira;1;;;;;1;;;;;2;1;;;
06/09/2020;20:59:00;393;ac02 - Acidente com Vítima;28,722;BR-153/MG;Sul;Colisão Traseira;1;;1;;;;;;;;1;;1;;
06/09/2020;22:28:00;416;ac02 - Acidente com Vítima;504;BR-153/GO;Norte;Colisão Lateral;1;;;1;;;;;;;2;;1;;
06/09/2020;23:12:00;423;ac03 - Acidente com Danos Materiais;398,355;BR-262/MG;Leste;Saida de Pista;1;;;;;;;;;;1;;;;
07/09/2020;06:22:00;48;ac03 - Acidente com Danos Materiais;61,4;BR-060/GO;Sul;Choque - Submarino;;;1;;;;;;;;1;;;;
07/09/2020;16:00:00;346;ac03 - Acidente com Danos Materiais;23,2;BR-153/MG;Norte;Tombamento;;;1;;;;;;;;1;;;;
07/09/2020;16:15:00;359;ac03 - Acidente com Danos Materiais;2;BR-060/DF;Sul;Colisão Traseira;2;;;;;;;;;;3;;;;
07/09/2020;17:15:00;404;ac03 - Acidente com Danos Materiais;367;BR-262/MG;Leste;Engavetamento;2;;;;;1;;;;;3;;;;
07/09/2020;17:20:00;406;ac03 - Acidente com Danos Materiais;479;BR-262/MG;Leste;Engavetamento;4;;;;;;;;;;12;;;;
07/09/2020;17:44:00;422;ac02 - Acidente com Vítima;713;BR-262/MG;Leste;Capotamento;1;;;;;;;;;;0;1;2;1;
07/09/2020;18:45:00;464;ac03 - Acidente com Danos Materiais;4;BR-060/DF;Sul;Engavetamento;4;;;;;;;;;;4;;;;
07/09/2020;19:10:00;481;ac03 - Acidente com Danos Materiais;528;BR-153/GO;Norte;Colisão Lateral;2;;;;;;;;;;2;;;;
07/09/2020;19:13:00;483;ac03 - Acidente com Danos Materiais;412;BR-262/MG;Leste;Colisão Lateral;1;;;1;;;;;;;2;;;;
07/09/2020;19:20:00;488;ac03 - Acidente com Danos Materiais;746;BR-262/MG;Oeste;Carreta deu L;;;1;;;;;;;;1;;;;
07/09/2020;19:40:00;501;ac02 - Acidente com Vítima;19,5;BR-060/GO;Norte;Queda de Moto;1;;;1;;;;;;;1;2;;;
08/09/2020;05:28:00;60;ac03 - Acidente com Danos Materiais;91;BR-060/GO;Sul;Queda de Moto;;;;1;;;;;;;1;;;;
08/09/2020;06:19:00;72;ac02 - Acidente com Vítima;100,2;BR-060/GO;Norte;Capotamento;1;;;;;;;;;;0;1;;;
08/09/2020;06:57:00;92;ac02 - Acidente com Vítima;106;BR-060/GO;Sul;Capotamento;2;;;;;;;;;;1;1;;;
08/09/2020;07:18:00;103;ac02 - Acidente com Vítima;912;BR-262/MG;Oeste;Capotamento;1;;;;;;;;;;1;1;;;
08/09/2020;07:36:00;112;ac02 - Acidente com Vítima;507,8;BR-153/GO;Norte;Queda de Moto;;;;1;;;;;;;0;1;;;
08/09/2020;08:01:00;129;ac03 - Acidente com Danos Materiais;28,3;BR-060/GO;Sul;Saida de Pista;1;;;;;;;;;;3;;;;
08/09/2020;08:04:00;130;ac03 - Acidente com Danos Materiais;509,9;BR-153/GO;Norte;Engavetamento;3;;;;;;;;;;3;;;;
08/09/2020;11:09:00;252;ac03 - Acidente com Danos Materiais;353;BR-262/MG;Oeste;Colisão Traseira;2;;;;;;;;;;2;;;;
08/09/2020;12:19:00;285;ac02 - Acidente com Vítima;816;BR-262/MG;Oeste;Colisão Traseira;2;;;;;;;;;;1;;1;;
08/09/2020;14:00:00;316;ac02 - Acidente com Vítima;48,15;BR-060/GO;Norte;Saida de Pista;1;;;;;;;;;;1;1;;;
08/09/2020;14:46:00;338;ac03 - Acidente com Danos Materiais;765;BR-262/MG;Leste;Colisão Traseira;;;2;;;;;;;;2;;;;
08/09/2020;17:18:00;411;ac02 - Acidente com Vítima;570;BR-153/GO;Norte;Capotamento;1;;;;;;;;;;2;1;1;;
08/09/2020;19:45:00;475;ac03 - Acidente com Danos Materiais;32;BR-060/GO;Sul;Colisão Transversal;1;;1;;;;;;;;2;;;;
09/09/2020;00:51:00;17;ac03 - Acidente com Danos Materiais;397;BR-262/MG;Leste;Saida de Pista;1;;;;;;;;;;1;;;;
09/09/2020;06:37:00;61;ac02 - Acidente com Vítima;224;BR-153/MG;Sul;Colisão Frontal;;;1;1;;;;;;;1;;1;;
09/09/2020;08:38:00;118;ac02 - Acidente com Vítima;505,485;BR-153/GO;Norte;Colisão Traseira;1;;;1;;;;;;;2;;1;;
09/09/2020;08:58:00;122;ac02 - Acidente com Vítima;134,7;BR-153/MG;Norte;Colisão Frontal;;;3;;;;;;;;3;;1;;
09/09/2020;09:46:00;148;ac02 - Acidente com Vítima;442;BR-262/MG;Oeste;Queda de Moto;;;;1;;;;;;;0;1;;;
09/09/2020;14:51:00;269;ac02 - Acidente com Vítima;486,5;BR-262/MG;Oeste;Queda de Moto;;;;1;;;;;;;0;2;;;