data;horario;n_da_ocorrencia;tipo_de_ocorrencia;km;trecho;sentido;tipo_de_acidente;automovel;bicicleta;caminhao;moto;onibus;outros;tracao_animal;transporte_de_cargas_especiais;trator_maquinas;utilitarios;ilesos;levemente_feridos;moderadamente_feridos;gravemente_feridos;mortos
09/09/2020;18:41:00;378;ac03 - Acidente com Danos Materiais;500;BR-153/GO;Sul;Engavetamento;3;;;;;;;;;;3;;;;
09/09/2020;19:28:00;396;ac03 - Acidente com Danos Materiais;89;BR-060/GO;Norte;Colisão Traseira;1;;;1;;;;;;;2;;;;
09/09/2020;22:32:00;466;ac02 - Acidente com Vítima;577,768;BR-262/MG;Oeste;Tombamento;;;1;;;;;;;;0;1;;;
09/09/2020;22:46:00;470;ac03 - Acidente com Danos Materiais;398,112;BR-262/MG;Oeste;Colisão Traseira;;;1;1;;;;;;;2;;;;
10/09/2020;01:09:00;22;ac02 - Acidente com Vítima;91;BR-060/GO;Norte;Colisão Traseira;2;;;;;;;;;;1;1;;;
10/09/2020;04:31:00;44;ac03 - Acidente com Danos Materiais;405,5;BR-262/MG;Oeste;Tombamento;;;1;;;;;;;;1;;;;
10/09/2020;05:02:00;49;ac02 - Acidente com Vítima;439,96;BR-262/MG;Leste;Colisão Lateral;1;;1;;;;;;;;4;3;;;
10/09/2020;07:20:00;84;ac03 - Acidente com Danos Materiais;13;BR-153/MG;Sul;Saida de Pista;1;;;;;;;;;;1;;;;
10/09/2020;07:37:00;94;ac03 - Acidente com Danos Materiais;148;BR-153/MG;Sul;Colisão Lateral;;;2;;;;;;;;5;;;;
10/09/2020;10:11:00;180;ac03 - Acidente com Danos Materiais;512;BR-262/MG;Oeste;Colisão Traseira;1;;1;;;;;;;;2;;;;
10/09/2020;12:09:00;231;ac03 - Acidente com Danos Materiais;663;BR-153/GO;Sul;Colisão Traseira;;;1;;;;;;;1;4;;;;
10/09/2020;12:14:00;234;ac03 - Acidente com Danos Materiais;358,15;BR-262/MG;Oeste;Saida de Pista;1;;;;;;;;;;2;;;;
10/09/2020;15:20:00;293;ac02 - Acidente com Vítima;501,532;BR-153/GO;Sul;Engavetamento;4;;;1;;;;;;;4;1;;;
10/09/2020;17:17:00;351;ac03 - Acidente com Danos Materiais;496,615;BR-153/GO;Sul;Engavetamento;2;;;1;;;;;;;3;;;;
10/09/2020;17:35:00;359;ac01 - Acidente com Vítima Fatal;484,298;BR-262/MG;Leste;Colisão Transversal;;;5;;;;;;;;3;;1;1;2
10/09/2020;18:42:00;396;ac03 - Acidente com Danos Materiais;492,5;BR-153/GO;Norte;Colisão Lateral;1;;1;;;;;;;;2;;;;
10/09/2020;21:20:00;463;ac02 - Acidente com Vítima;32;BR-060/GO;Norte;Queda de Moto;;;;1;;;;;;;0;1;;;
11/09/2020;00:36:00;14;ac03 - Acidente com Danos Materiais;625;BR-153/GO;Sul;Tombamento;;;1;;;;;;;;1;;;;
11/09/2020;08:46:00;159;ac03 - Acidente com Danos Materiais;495;BR-153/GO;Sul;Engavetamento;2;;;;;;;;;1;3;;;;
11/09/2020;10:02:00;210;ac03 - Acidente com Danos Materiais;371;BR-262/MG;Oeste;Saida de Pista;1;;;;;;;;;;1;;;;
11/09/2020;15:35:00;371;ac03 - Acidente com Danos Materiais;534;BR-262/MG;Leste;Colisão Transversal;1;;1;;;;;;;;3;;;;
11/09/2020;17:01:00;417;ac02 - Acidente com Vítima;95;BR-060/GO;Norte;Atropelamento - Ciclista;;1;;1;;;;;;;1;1;;;
11/09/2020;17:08:00;423;ac03 - Acidente com Danos Materiais;398;BR-262/MG;Oeste;Tombamento;;;1;;;;;;;;1;;;;
11/09/2020;18:45:00;477;ac03 - Acidente com Danos Materiais;570;BR-262/MG;Oeste;Colisão Lateral;2;;;;;;;;;;3;;;;
11/09/2020;19:31:00;496;ac03 - Acidente com Danos Materiais;129,6;BR-060/GO;Sul;Colisão Traseira;;;1;;1;;;;;;2;;;;
11/09/2020;19:52:00;502;ac02 - Acidente com Vítima;106,3;BR-153/MG;Norte;Colisão Traseira;1;;;;;1;;;;;2;3;;;
11/09/2020;21:21:00;545;ac03 - Acidente com Danos Materiais;514;BR-153/GO;Norte;Colisão Lateral;1;;1;;;;;;;;2;;;;
11/09/2020;21:46:00;556;ac03 - Acidente com Danos Materiais;530;BR-153/GO;Sul;Colisão Lateral;;;;;;1;;;;1;2;;;;
12/09/2020;04:15:00;49;ac03 - Acidente com Danos Materiais;92;BR-060/GO;Norte;Colisão Traseira;1;;1;;;;;;;;2;;;;
12/09/2020;09:10:00;167;ac03 - Acidente com Danos Materiais;496,2;BR-153/GO;Sul;Engavetamento;1;;2;;;;;;;;3;;;;
12/09/2020;09:14:00;170;ac02 - Acidente com Vítima;799;BR-262/MG;Leste;Colisão Lateral;1;;;;;1;;;;1;6;1;;;
12/09/2020;11:14:00;233;ac02 - Acidente com Vítima;441;BR-262/MG;Oeste;Choque - Veiculo parado no acostamento;1;;;1;;;;;;;1;1;;;
12/09/2020;11:51:00;251;ac03 - Acidente com Danos Materiais;138;BR-060/GO;Sul;Choque - Defensa;;;1;;;;;;;;1;;;;
12/09/2020;12:01:00;256;ac03 - Acidente com Danos Materiais;138;BR-060/GO;Norte;Colisão Traseira;2;;;;;;;;;;8;;;;
12/09/2020;14:13:00;320;ac03 - Acidente com Danos Materiais;356,7;BR-262/MG;Leste;Capotamento;1;;;;;;;;;;1;;;;
12/09/2020;15:16:00;346;ac02 - Acidente com Vítima;21;BR-060/DF;Norte;Queda de Moto;;;;1;;;;;;;0;1;;;
12/09/2020;16:23:00;368;ac03 - Acidente com Danos Materiais;12;BR-060/GO;Norte;Engavetamento;2;;1;;;;;;;;6;;;;
12/09/2020;19:37:00;470;ac02 - Acidente com Vítima;70;BR-060/GO;Sul;Colisão Traseira;1;;1;;;;;;;;1;1;;;
12/09/2020;20:45:00;500;ac03 - Acidente com Danos Materiais;9;BR-060/DF;Sul;Atropelamento de Animal;;;1;;;;;;;;1;;;;
13/09/2020;00:25:00;8;ac02 - Acidente com Vítima;508,814;BR-153/GO;Norte;Queda de Moto;;;;1;;;;;;;0;;;1;
13/09/2020;05:50:00;66;ac02 - Acidente com Vítima;574,782;BR-153/GO;Sul;Queda de Moto;;;;1;;;;;;;0;1;;;
13/09/2020;07:33:00;89;ac03 - Acidente com Danos Materiais;666,8;BR-262/MG;Oeste;Saida de Pista;1;;;;;;;;;;1;;;;
13/09/2020;10:57:00;171;ac03 - Acidente com Danos Materiais;389;BR-262/MG;Leste;Colisão Traseira;1;;;1;;;;;;;2;;;;
13/09/2020;11:01:00;172;ac03 - Acidente com Danos Materiais;604;BR-262/MG;Oeste;Colisão Lateral;1;;1;;;;;;;;2;;;;
13/09/2020;13:15:00;222;ac03 - Acidente com Danos Materiais;367;BR-262/MG;Oeste;Colisão Traseira;2;;;;;;;;;;2;;;;
13/09/2020;14:16:00;243;ac02 - Acidente com Vítima;430,3;BR-262/MG;Oeste;Choque - Arvore;1;;;;;;;;;;0;;;1;
13/09/2020;15:40:00;288;ac03 - Acidente com Danos Materiais;679;BR-262/MG;Oeste;Colisão Traseira;2;;;;;;;;;;2;;;;
13/09/2020;17:14:00;332;ac02 - Acidente com Vítima;4,4;BR-060/DF;Norte;Capotamento;1;;;;;;;;;1;1;1;;;
13/09/2020;19:34:00;407;ac03 - Acidente com Danos Materiais;513,103;BR-262/MG;Leste;Atropelamento de Animal;1;;;;;;;;;;3;;;;
13/09/2020;21:00:00;448;ac02 - Acidente com Vítima;557;BR-153/GO;Norte;Colisão Traseira;;;2;;;;;;;;1;;;1;
13/09/2020;22:24:00;480;ac03 - Acidente com Danos Materiais;389;BR-262/MG;Leste;Colisão Lateral;1;;1;;;;;;;;2;;;;
14/09/2020;06:48:00;64;ac03 - Acidente com Danos Materiais;560;BR-262/MG;Leste;Saida de Pista;;;;;;;;;;1;1;;;;
14/09/2020;08:24:00;104;ac03 - Acidente com Danos Materiais;502,198;BR-153/GO;Norte;Engavetamento;3;;;;;;;;;;3;;;;
14/09/2020;09:34:00;145;ac03 - Acidente com Danos Materiais;501,254;BR-153/GO;Norte;Colisão Traseira;2;;;;;;;;;;2;;;;
14/09/2020;13:02:00;245;ac03 - Acidente com Danos Materiais;95,129;BR-060/GO;Norte;Colisão Traseira;;;3;;;;;;;;7;;;;
14/09/2020;14:13:00;277;ac03 - Acidente com Danos Materiais;510,386;BR-153/GO;Norte;Colisão Traseira;;;2;;;;;;;;2;;;;
14/09/2020;14:49:00;287;ac03 - Acidente com Danos Materiais;103;BR-060/GO;Norte;Saida de Pista;1;;;;;;;;;;3;;;;
14/09/2020;19:33:00;431;ac03 - Acidente com Danos Materiais;4,5;BR-060/DF;Sul;Capotamento;2;;;;;;;;;;2;;;;
14/09/2020;20:49:00;455;ac03 - Acidente com Danos Materiais;35,5;BR-153/MG;Sul;Colisão Traseira;;;2;;;;;;;;2;;;;
15/09/2020;01:53:00;30;ac03 - Acidente com Danos Materiais;632,724;BR-262/MG;Oeste;Saida de Pista;;;1;;;;;;;;1;;;;
15/09/2020;03:48:00;41;ac03 - Acidente com Danos Materiais;799,7;BR-262/MG;Oeste;Atropelamento de Animal;;;1;;;;;;;;1;;;;
15/09/2020;06:56:00;74;ac03 - Acidente com Danos Materiais;788,8;BR-262/MG;Oeste;Colisão Traseira;1;;1;;;;;;;;2;;;;
15/09/2020;07:09:00;77;ac02 - Acidente com Vítima;39;BR-060/GO;Norte;Capotamento;1;;;;;;;;;;0;1;;;
15/09/2020;07:23:00;82;ac02 - Acidente com Vítima;547;BR-262/MG;Leste;Tombamento;;;2;;;;;;;;1;;1;;
15/09/2020;07:27:00;85;ac02 - Acidente com Vítima;658,1;BR-153/GO;Norte;Queda de Moto;;;;1;;;;;;;0;;1;;
15/09/2020;07:35:00;88;ac03 - Acidente com Danos Materiais;29;BR-153/MG;Norte;Choque - Objeto sobre a pista;;;1;;;;;;;1;4;;;;
15/09/2020;08:40:00;125;ac03 - Acidente com Danos Materiais;663;BR-153/GO;Sul;Colisão Traseira;1;;1;;;;;;;;2;;;;
15/09/2020;08:51:00;135;ac03 - Acidente com Danos Materiais;495,1;BR-153/GO;Sul;Colisão Traseira;1;;1;;;;;;;;2;;;;
15/09/2020;08:58:00;139;ac03 - Acidente com Danos Materiais;494,3;BR-153/GO;Sul;Engavetamento;3;;;;;;;;;;3;;;;
15/09/2020;12:42:00;251;ac02 - Acidente com Vítima;702;BR-153/GO;Sul;Choque - Defensa;;;1;;;;;;;;0;;;1;
15/09/2020;13:51:00;267;ac03 - Acidente com Danos Materiais;509,4;BR-153/GO;Norte;Colisão Traseira;;;2;;;;;;;;2;;;;
15/09/2020;14:45:00;302;ac03 - Acidente com Danos Materiais;3;BR-153/MG;Norte;Saida de Pista;;;1;;;;;;;;1;;;;
15/09/2020;15:35:00;320;ac03 - Acidente com Danos Materiais;127;BR-060/GO;Norte;Colisão Traseira;1;;1;;;;;;;;2;;;;
15/09/2020;20:51:00;469;ac03 - Acidente com Danos Materiais;0;BR-060/DF;Sul;Colisão Lateral;1;;1;;;;;;;;2;;;;
15/09/2020;22:13:00;504;ac02 - Acidente com Vítima;527;BR-153/GO;Norte;Colisão Traseira;;;2;;;;;;;;1;1;;;
16/09/2020;01:23:00;25;ac03 - Acidente com Danos Materiais;169;BR-153/MG;Sul;Capotamento;;;1;;;;;;;;1;;;;
16/09/2020;06:24:00;78;ac02 - Acidente com Vítima;456,5;BR-262/MG;Leste;Tombamento;;;1;;;;;;;;0;1;;;
16/09/2020;08:39:00;162;ac03 - Acidente com Danos Materiais;188;BR-153/MG;Norte;Colisão Traseira;1;;1;;;;;;;;2;;;;
16/09/2020;09:28:00;198;ac03 - Acidente com Danos Materiais;130;BR-153/MG;Norte;Colisão Lateral;;;2;;;;;;;;2;;;;
16/09/2020;11:25:00;257;ac03 - Acidente com Danos Materiais;498;BR-153/GO;Sul;Queda de Moto;;;;1;;;;;;;1;;;;
16/09/2020;14:29:00;342;ac03 - Acidente com Danos Materiais;530;BR-153/GO;Norte;Colisão Lateral;;;2;;;;;;;;2;;;;
16/09/2020;15:36:00;377;ac03 - Acidente com Danos Materiais;762;BR-262/MG;Oeste;Saida de Pista;;;;;;;;;;1;1;;;;
16/09/2020;16:25:00;406;ac03 - Acidente com Danos Materiais;500;BR-262/MG;Leste;Capotamento;1;;;;;;;;;;1;;;;
16/09/2020;16:45:00;414;ac03 - Acidente com Danos Materiais;401;BR-262/MG;Oeste;Capotamento;1;;;;;;;;;;1;;;;
16/09/2020;17:20:00;425;ac03 - Acidente com Danos Materiais;568;BR-262/MG;Leste;Tombamento;;;1;;;;;;;;1;;;;
16/09/2020;18:45:00;458;ac03 - Acidente com Danos Materiais;500;BR-153/GO;Sul;Colisão Traseira;;;1;;;;;;;;1;;;;
16/09/2020;21:03:00;509;ac01 - Acidente com Vítima Fatal;103,4;BR-060/GO;Norte;Colisão Traseira;;;2;;;;;;;;1;;;;1
16/09/2020;21:17:00;517;ac03 - Acidente com Danos Materiais;210;BR-153/MG;Sul;Choque - Outros;1;;;;;;;;;;2;;;;
16/09/2020;21:46:00;529;ac02 - Acidente com Vítima;105,95;BR-060/GO;Norte;Queda de Moto;;;;1;;;;;;;0;;1;;
16/09/2020;22:53:00;545;ac03 - Acidente com Danos Materiais;49;BR-153/MG;Sul;Choque - Elemento de Drenagem;;;;;;;;;;1;2;;;;
17/09/2020;07:15:00;76;ac03 - Acidente com Danos Materiais;502;BR-153/GO;Sul;Queda de Moto;;;;1;;;;;;;2;;;;
17/09/2020;10:53:00;181;ac03 - Acidente com Danos Materiais;81;BR-060/GO;Sul;Saida de Pista;1;;;;;;;;;;1;;;;
17/09/2020;11:03:00;191;ac02 - Acidente com Vítima;129;BR-060/GO;Sul;Colisão Lateral;1;;2;;;;;;;;2;3;;;
17/09/2020;12:19:00;218;ac03 - Acidente com Danos Materiais;355;BR-262/MG;Oeste;Saida de Pista;1;;1;;;;;;;;2;;;;
17/09/2020;12:54:00;231;ac03 - Acidente com Danos Materiais;114;BR-060/GO;Sul;Colisão Traseira;1;;1;;;;;;;;2;;;;
17/09/2020;16:54:00;327;ac03 - Acidente com Danos Materiais;84;BR-060/GO;Sul;Saida de Pista;1;;;;;;;;;;2;;;;
17/09/2020;17:06:00;336;ac03 - Acidente com Danos Materiais;70;BR-153/MG;Norte;Colisão Lateral;2;;;;;;;;;;6;;;;
17/09/2020;17:48:00;361;ac02 - Acidente com Vítima;11;BR-060/DF;Sul;Queda de Moto;;;;1;;;;;;;0;1;;;
17/09/2020;17:51:00;365;ac02 - Acidente com Vítima;505;BR-153/GO;Norte;Queda de Moto;;;;1;;;;;;;0;;1;;
17/09/2020;21:10:00;458;ac03 - Acidente com Danos Materiais;611;BR-153/GO;Sul;Saida de Pista;1;;;;;;;;;;1;;;;
17/09/2020;22:46:00;484;ac03 - Acidente com Danos Materiais;172;BR-153/MG;Norte;Capotamento;1;;;;;;;;;;1;;;;
18/09/2020;08:37:00;122;ac03 - Acidente com Danos Materiais;90;BR-153/MG;Norte;Colisão Lateral;;;2;;;;;;;;3;;;;
18/09/2020;08:51:00;133;ac03 - Acidente com Danos Materiais;504;BR-153/GO;Norte;Colisão Traseira;1;;;;;;;;;1;2;;;;
18/09/2020;09:31:00;151;ac02 - Acidente com Vítima;504;BR-153/GO;Sul;Colisão Traseira;1;;;1;;;;;;;1;1;;;
18/09/2020;10:21:00;175;ac02 - Acidente com Vítima;499;BR-153/GO;Norte;Engavetamento;1;;;1;;;;;;1;2;1;;;
18/09/2020;10:24:00;180;ac03 - Acidente com Danos Materiais;20;BR-060/DF;Sul;Tombamento;;;1;;;;;;;;1;;;;
18/09/2020;11:38:00;218;ac03 - Acidente com Danos Materiais;43;BR-060/GO;Sul;Saida de Pista;1;;;;;;;;;;1;;;;
18/09/2020;11:46:00;222;ac03 - Acidente com Danos Materiais;500;BR-153/GO;Sul;Colisão Traseira;;;1;;1;;;;;;2;;;;
18/09/2020;12:11:00;231;ac01 - Acidente com Vítima Fatal;114;BR-060/GO;Norte;Capotamento;;;1;;;;;;;;3;1;2;;1
18/09/2020;15:39:00;305;ac03 - Acidente com Danos Materiais;702;BR-153/GO;Norte;Engavetamento;4;;;;;;;;;;13;;;;
18/09/2020;16:46:00;342;ac03 - Acidente com Danos Materiais;358;BR-262/MG;Leste;Tombamento;;;;;;;;;;1;1;;;;
18/09/2020;17:01:00;351;ac03 - Acidente com Danos Materiais;403;BR-262/MG;Oeste;Saida de Pista;;;;;;;;;;1;2;;;;
18/09/2020;17:02:00;352;ac02 - Acidente com Vítima;360;BR-262/MG;Leste;Queda de Moto;;;;1;;;;;;;0;1;1;;
18/09/2020;17:22:00;362;ac02 - Acidente com Vítima;467;BR-262/MG;Leste;Colisão Traseira;1;;;1;;;;;;;1;1;;;
18/09/2020;18:22:00;399;ac03 - Acidente com Danos Materiais;530;BR-153/GO;Norte;Saida de Pista;1;;;;;;;;;;2;;;;
18/09/2020;18:47:00;414;ac03 - Acidente com Danos Materiais;496;BR-153/GO;Norte;Engavetamento;1;;1;;1;;;;;;3;;;;
18/09/2020;20:16:00;451;ac03 - Acidente com Danos Materiais;496;BR-153/GO;Sul;Choque - Barreira;1;;;;;;;;;;1;;;;
18/09/2020;20:42:00;459;ac03 - Acidente com Danos Materiais;553,1;BR-153/GO;Sul;;1;;1;;;;;;;;2;;;;
18/09/2020;21:28:00;477;ac02 - Acidente com Vítima;355,502;BR-262/MG;Oeste;Atropelamento de Animal;2;;;1;;;;;;;4;;1;;
18/09/2020;23:10:00;508;ac03 - Acidente com Danos Materiais;369,524;BR-262/MG;Oeste;Saida de Pista;1;;;;;;;;;;3;;;;
19/09/2020;01:13:00;20;ac02 - Acidente com Vítima;660;BR-153/GO;Sul;Colisão Traseira;1;;1;;;;;;;;0;1;;1;
19/09/2020;08:37:00;125;ac03 - Acidente com Danos Materiais;423;BR-262/MG;Oeste;Queda de Moto;;;;1;;;;;;;1;;;;
19/09/2020;09:48:00;171;ac03 - Acidente com Danos Materiais;22;BR-060/GO;Sul;Colisão Traseira;;;2;;;;;;;;2;;;;
19/09/2020;12:15:00;258;ac03 - Acidente com Danos Materiais;136;BR-060/GO;Norte;Choque - Elemento de Drenagem;1;;;;;1;;;;;2;;;;
19/09/2020;12:25:00;267;ac03 - Acidente com Danos Materiais;367;BR-262/MG;Leste;Colisão Traseira;2;;;;;;;;;;2;;;;
19/09/2020;14:38:00;340;ac03 - Acidente com Danos Materiais;379;BR-262/MG;Oeste;Tombamento;;;1;;;;;;;;1;;;;
19/09/2020;16:23:00;400;ac02 - Acidente com Vítima;107,9;BR-060/GO;Norte;Queda de Moto;;;;1;;;;;;;0;1;;;
19/09/2020;17:43:00;454;ac03 - Acidente com Danos Materiais;431;BR-262/MG;Leste;Choque - Outros;1;;;;;;;;;;1;;;;
19/09/2020;17:50:00;457;ac03 - Acidente com Danos Materiais;28;BR-060/DF;Sul;Capotamento;1;;;;;;;;;;1;;;;
19/09/2020;18:29:00;473;ac02 - Acidente com Vítima;33;BR-060/GO;Sul;Capotamento;1;;;;;;;;;;0;1;;;
19/09/2020;22:36:00;553;ac03 - Acidente com Danos Materiais;656,715;BR-153/GO;Sul;Colisão Traseira;;;1;;;;;;;1;2;;;;
20/09/2020;01:27:00;13;ac01 - Acidente com Vítima Fatal;810,7;BR-262/MG;Oeste;Queda de Moto;;;;1;;;;;;;1;;;;1
20/09/2020;03:07:00;25;ac02 - Acidente com Vítima;119;BR-060/GO;Norte;Choque - Outros;;;;;;;;;;1;0;1;;;
20/09/2020;05:05:00;51;ac03 - Acidente com Danos Materiais;640;BR-153/GO;Norte;Atropelamento de Animal;1;;;;;;;;;;1;;;;
20/09/2020;05:19:00;55;ac03 - Acidente com Danos Materiais;846;BR-262/MG;Leste;Saida de Pista;;;1;;;;;;;;1;;;;
20/09/2020;08:53:00;106;ac02 - Acidente com Vítima;396;BR-262/MG;Oeste;Queda de Ciclista;;1;;;;;;;;;0;1;;;
20/09/2020;10:00:00;135;ac03 - Acidente com Danos Materiais;574;BR-262/MG;Oeste;Queda de Ciclista;;1;;;;;;;;;1;;;;
20/09/2020;14:58:00;230;ac01 - Acidente com Vítima Fatal;521,3;BR-153/GO;Norte;Capotamento;;;;;;1;;;;1;2;;2;1;1
20/09/2020;15:48:00;255;ac03 - Acidente com Danos Materiais;500,8;BR-153/GO;Sul;Carreta deu L;;;1;;;;;;;;1;;;;
20/09/2020;16:09:00;261;ac02 - Acidente com Vítima;639,5;BR-153/GO;Norte;Capotamento;;;;;;;;;;1;0;3;;;
20/09/2020;16:10:00;262;ac03 - Acidente com Danos Materiais;882;BR-262/MG;Oeste;Colisão Frontal;1;;1;;;;;;;;4;;;;
20/09/2020;16:13:00;264;ac02 - Acidente com Vítima;580;BR-262/MG;Leste;Queda de Moto;;;;1;;;;;;;0;1;;;
20/09/2020;16:22:00;268;ac03 - Acidente com Danos Materiais;364;BR-262/MG;Leste;Saida de Pista;1;;;;;;;;;;1;;;;
20/09/2020;16:22:00;279;ac02 - Acidente com Vítima;368;BR-262/MG;Leste;Capotamento;1;;;;;;;;;;0;1;;;
20/09/2020;18:22:00;332;ac02 - Acidente com Vítima;726;BR-262/MG;Leste;Saida de Pista;1;;;;;;;;;;0;;1;;
20/09/2020;19:04:00;350;ac03 - Acidente com Danos Materiais;100;BR-060/GO;Norte;Saida de Pista;1;;;;;;;;;;1;;;;
20/09/2020;21:44:00;436;ac03 - Acidente com Danos Materiais;437;BR-262/MG;Oeste;Colisão Lateral;1;;1;;;;;;;;2;;;;
20/09/2020;22:10:00;439;ac02 - Acidente com Vítima;1;BR-153/MG;Sul;Queda de Moto;;;;1;;;;;;;0;1;;;
21/09/2020;04:10:00;51;ac02 - Acidente com Vítima;4;BR-060/DF;Sul;Colisão Traseira;1;;;1;;;;;;;1;1;;;
21/09/2020;08:28:00;105;ac02 - Acidente com Vítima;803,9;BR-262/MG;Oeste;Colisão Traseira;2;;;;;;;;;;1;1;;;
21/09/2020;09:03:00;117;ac03 - Acidente com Danos Materiais;1,5;BR-153/MG;Norte;Choque - Barreira;1;;;;;;;;;;1;;;;
21/09/2020;09:59:00;143;ac03 - Acidente com Danos Materiais;100;BR-060/GO;Norte;Engavetamento;2;;;;;;;;;1;6;;;;
21/09/2020;13:53:00;234;ac03 - Acidente com Danos Materiais;60;BR-153/MG;Sul;Colisão Traseira;1;;1;;;;;;;;4;;;;
21/09/2020;13:56:00;237;ac02 - Acidente com Vítima;475;BR-262/MG;Leste;Engavetamento;3;;;;;;;;;;4;1;;;
21/09/2020;15:04:00;260;ac03 - Acidente com Danos Materiais;35;BR-060/GO;Sul;Choque - Talude;1;;;;;;;;;;1;;;;
21/09/2020;15:09:00;261;ac03 - Acidente com Danos Materiais;0,8;BR-060/GO;Sul;Tombamento;;;1;;;;;;;;2;;;;
21/09/2020;17:19:00;314;ac02 - Acidente com Vítima;24;BR-060/DF;Sul;Queda de Moto;;;;1;;;;;;;0;1;;;
21/09/2020;17:58:00;330;ac03 - Acidente com Danos Materiais;5;BR-060/DF;Sul;Tombamento;;;1;;;;;;;;1;;;;
21/09/2020;19:44:00;363;ac03 - Acidente com Danos Materiais;58;BR-153/MG;Sul;Colisão Lateral;1;;;;;;;;;1;2;;;;
21/09/2020;19:48:00;365;ac03 - Acidente com Danos Materiais;611,6;BR-262/MG;Leste;Saida de Pista;;;1;;;;;;;;1;;;;
21/09/2020;19:56:00;367;ac03 - Acidente com Danos Materiais;587,495;BR-262/MG;Oeste;Carreta deu L;;;1;;;;;;;;1;;;;
21/09/2020;20:22:00;372;ac03 - Acidente com Danos Materiais;33;BR-153/MG;Sul;Colisão Traseira;;;1;;;2;;;;;3;;;;
22/09/2020;04:33:00;26;ac03 - Acidente com Danos Materiais;621,847;BR-262/MG;Oeste;Tombamento;;;1;;;;;;;;1;;;;
22/09/2020;05:05:00;29;ac03 - Acidente com Danos Materiais;656,122;BR-153/GO;Norte;Colisão Traseira;;;2;;;;;;;;2;;;;
22/09/2020;05:12:00;31;ac02 - Acidente com Vítima;501;BR-153/GO;Sul;Colisão Traseira;;;1;1;;;;;;;1;1;;;
22/09/2020;05:34:00;39;ac03 - Acidente com Danos Materiais;593,5;BR-262/MG;Leste;Tombamento;;;1;;;;;;;;1;;;;
22/09/2020;07:21:00;63;ac03 - Acidente com Danos Materiais;508,419;BR-153/GO;Norte;Colisão Lateral;1;;2;;;;;;;;3;;;;
22/09/2020;08:14:00;88;ac03 - Acidente com Danos Materiais;108,321;BR-060/GO;Sul;Colisão Lateral;2;;;;;;;;;;2;;;;
22/09/2020;09:50:00;119;ac02 - Acidente com Vítima;385;BR-262/MG;Oeste;Choque - Arvore;1;;;;;;;;;;4;;1;;
22/09/2020;10:07:00;126;ac03 - Acidente com Danos Materiais;595,3;BR-262/MG;Oeste;Colisão Transversal;;;2;;;;;;;;2;;;;
22/09/2020;10:17:00;129;ac02 - Acidente com Vítima;111,29;BR-060/GO;Sul;Colisão Traseira;1;;1;;;;;;;;2;1;;;
22/09/2020;10:31:00;138;ac03 - Acidente com Danos Materiais;671,25;BR-262/MG;Leste;Choque- Placa/Suporte Sinalização;1;;;;;;;;;;1;;;;
22/09/2020;13:17:00;191;ac03 - Acidente com Danos Materiais;380;BR-262/MG;Oeste;Capotamento;1;;;;;;;;;;2;;;;
22/09/2020;13:46:00;197;ac03 - Acidente com Danos Materiais;549,5;BR-262/MG;Oeste;Colisão Transversal;1;;1;;;;;;;;2;;;;
22/09/2020;14:06:00;205;ac03 - Acidente com Danos Materiais;6,774;BR-060/GO;Sul;Choque - Arvore;;;;;;;;;;1;2;;;;
22/09/2020;16:38:00;268;ac03 - Acidente com Danos Materiais;4,6;BR-060/DF;Norte;Colisão Lateral;2;;;;;;;;;;2;;;;
22/09/2020;17:02:00;274;ac03 - Acidente com Danos Materiais;470;BR-262/MG;Oeste;Colisão Traseira;;;1;;;;;;;1;2;;;;
22/09/2020;18:01:00;301;ac03 - Acidente com Danos Materiais;590;BR-262/MG;Leste;Capotamento;1;;;;;;;;;;2;;;;
23/09/2020;00:11:00;6;ac03 - Acidente com Danos Materiais;28,5;BR-060/DF;Norte;Capotamento;;;1;;;;;;;1;2;;;;
23/09/2020;06:48:00;47;ac02 - Acidente com Vítima;447;BR-262/MG;Oeste;Queda de Moto;;;;1;;;;;;;0;;;1;
23/09/2020;08:07:00;75;ac03 - Acidente com Danos Materiais;706,4;BR-262/MG;Oeste;Engavetamento;1;;2;;;;;;;;6;;;;
23/09/2020;08:28:00;90;ac02 - Acidente com Vítima;564,3;BR-153/GO;Norte;Tombamento;;;1;;;;;;;;0;1;1;;
23/09/2020;11:04:00;195;ac03 - Acidente com Danos Materiais;129;BR-060/GO;Sul;Colisão Traseira;;;1;;;;;;;1;2;;;;