data;horario;n_da_ocorrencia;tipo_de_ocorrencia;km;trecho;sentido;tipo_de_acidente;automovel;bicicleta;caminhao;moto;onibus;outros;tracao_animal;transporte_de_cargas_especiais;trator_maquinas;utilitarios;ilesos;levemente_feridos;moderadamente_feridos;gravemente_feridos;mortos
23/09/2020;15:10:00;283;ac02 - Acidente com Vítima;512;BR-153/GO;Norte;Colisão Lateral;1;;;1;;;;;;;1;;1;;
23/09/2020;18:23:00;360;ac02 - Acidente com Vítima;521,3;BR-262/MG;Leste;Colisão Lateral;1;;1;;;;;;;;1;1;;;
24/09/2020;08:25:00;109;ac02 - Acidente com Vítima;443;BR-262/MG;Oeste;Colisão Lateral;1;;;1;;;;;;;1;;1;;
24/09/2020;08:44:00;123;ac03 - Acidente com Danos Materiais;495,1;BR-153/GO;Sul;Colisão Traseira;2;;;;;;;;;;2;;;;
24/09/2020;10:03:00;170;ac02 - Acidente com Vítima;499;BR-153/GO;Sul;Queda de Moto;;;;1;;;;;;;0;1;;;
24/09/2020;11:06:00;199;ac02 - Acidente com Vítima;7;BR-060/GO;Norte;Colisão Lateral;1;;1;;;;;;;;2;1;;;
24/09/2020;15:19:00;313;ac03 - Acidente com Danos Materiais;480;BR-262/MG;Oeste;Engavetamento;1;;2;;;;;;;;4;;;;
24/09/2020;15:37:00;320;ac01 - Acidente com Vítima Fatal;517;BR-262/MG;Leste;Choque - Arvore;;;1;;;;;;;;0;;;;1
24/09/2020;16:25:00;337;ac03 - Acidente com Danos Materiais;431;BR-262/MG;Oeste;Colisão Lateral;1;;1;;;;;;;;2;;;;
24/09/2020;17:03:00;353;ac03 - Acidente com Danos Materiais;517;BR-262/MG;Leste;Colisão Lateral;2;;;;;;;;;;2;;;;
24/09/2020;17:47:00;377;ac03 - Acidente com Danos Materiais;501;BR-153/GO;Sul;Engavetamento;2;;;;;;;;;1;3;;;;
24/09/2020;18:12:00;382;ac03 - Acidente com Danos Materiais;516;BR-153/GO;Norte;Colisão Lateral;2;;;;;;;;;;2;;;;
24/09/2020;18:25:00;391;ac03 - Acidente com Danos Materiais;508,85;BR-153/GO;Sul;Engavetamento;7;;;;;;;;;;10;;;;
24/09/2020;19:14:00;414;ac03 - Acidente com Danos Materiais;509;BR-153/GO;Norte;Colisão Traseira;1;;;;;1;;;;;2;;;;
25/09/2020;00:09:00;3;ac02 - Acidente com Vítima;43;BR-153/MG;Norte;Capotamento;1;;;;;1;;;;;3;1;1;;
25/09/2020;00:50:00;13;ac03 - Acidente com Danos Materiais;691;BR-153/GO;Norte;Colisão Traseira;;;2;;;;;;;;2;;;;
25/09/2020;07:18:00;87;ac02 - Acidente com Vítima;98,102;BR-060/GO;Sul;Queda de Moto;1;;;1;;;;;;;1;1;;;
25/09/2020;07:55:00;106;ac02 - Acidente com Vítima;616,762;BR-153/GO;Sul;Capotamento;1;;;;;1;;;;;1;2;;;
25/09/2020;09:47:00;176;ac03 - Acidente com Danos Materiais;516,4;BR-153/GO;Norte;Colisão Traseira;2;;;;;;;;;;2;;;;
25/09/2020;17:39:00;396;ac03 - Acidente com Danos Materiais;501;BR-153/GO;Sul;Colisão Traseira;1;;;;;1;;;;;2;;;;
25/09/2020;17:46:00;400;ac03 - Acidente com Danos Materiais;60;BR-060/GO;Norte;Colisão Lateral;1;;;;;;;;;1;5;;;;
25/09/2020;17:48:00;402;ac03 - Acidente com Danos Materiais;498,738;BR-153/GO;Sul;Colisão Traseira;1;;;;;1;;;;;2;;;;
25/09/2020;18:44:00;432;ac03 - Acidente com Danos Materiais;105;BR-060/GO;Sul;Choque - Outros;2;;1;;;;;;;;3;;;;
25/09/2020;18:49:00;438;ac03 - Acidente com Danos Materiais;500;BR-153/GO;Sul;Colisão Traseira;2;;;;;;;;;;2;;;;
25/09/2020;21:18:00;506;ac02 - Acidente com Vítima;26,5;BR-153/MG;Norte;Tombamento;;;1;;;;;;;;0;1;;;
26/09/2020;00:12:00;4;ac03 - Acidente com Danos Materiais;4;BR-153/MG;Sul;Choque - Elemento de Drenagem;1;;;;;1;;;;;3;;;;
26/09/2020;00:51:00;15;ac03 - Acidente com Danos Materiais;419,2;BR-262/MG;Oeste;Capotamento;1;;;;;;;;;;1;;;;
26/09/2020;02:38:00;40;ac03 - Acidente com Danos Materiais;57;BR-153/MG;Norte;Colisão Traseira;;;2;;;;;;;;2;;;;
26/09/2020;03:22:00;50;ac03 - Acidente com Danos Materiais;519;BR-153/GO;Sul;Atropelamento de Animal;;;1;;;;;;;;1;;;;
26/09/2020;07:04:00;87;ac03 - Acidente com Danos Materiais;15,313;BR-060/GO;Norte;Tombamento;;;1;;;;;;;;1;;;;
26/09/2020;10:39:00;193;ac02 - Acidente com Vítima;694;BR-153/GO;Norte;Saida de Pista;;;;1;;;;;;;0;1;;;
26/09/2020;13:37:00;268;ac03 - Acidente com Danos Materiais;413,5;BR-262/MG;Leste;Carreta deu L;;;1;1;;;;;;;2;;;;
26/09/2020;16:08:00;337;ac02 - Acidente com Vítima;507,739;BR-153/GO;Sul;Colisão Lateral;1;;;1;;;;;;;1;1;;;
26/09/2020;17:04:00;356;ac03 - Acidente com Danos Materiais;679;BR-262/MG;Oeste;Colisão Traseira;2;;;;;;;;;;3;;;;
26/09/2020;18:16:00;378;ac03 - Acidente com Danos Materiais;90;BR-060/GO;Norte;Colisão Lateral;;;;1;1;;;;;;2;;;;
26/09/2020;22:08:00;446;ac02 - Acidente com Vítima;440;BR-262/MG;Oeste;Colisão Traseira;;;1;;;;;;;1;2;;1;;
27/09/2020;04:23:00;41;ac02 - Acidente com Vítima;359,482;BR-262/MG;Oeste;Engavetamento;2;;;;;;;;;1;1;1;1;;
27/09/2020;06:48:00;74;ac03 - Acidente com Danos Materiais;496;BR-153/GO;Sul;Colisão Traseira;1;;1;;;;;;;;2;;;;
27/09/2020;07:33:00;94;ac03 - Acidente com Danos Materiais;101;BR-060/GO;Norte;Colisão Traseira;;;2;;;;;;;;2;;;;
27/09/2020;09:59:00;163;ac03 - Acidente com Danos Materiais;508;BR-153/GO;Sul;Capotamento;1;;;;;;;;;;3;;;;
27/09/2020;15:44:00;284;ac03 - Acidente com Danos Materiais;364,5;BR-262/MG;Oeste;Colisão Traseira;2;;;;;;;;;;3;;;;
27/09/2020;16:12:00;299;ac02 - Acidente com Vítima;4;BR-060/DF;Norte;Colisão Traseira;2;;1;;;;;;;;4;;;4;
27/09/2020;17:21:00;330;ac02 - Acidente com Vítima;8;BR-060/DF;Norte;Colisão Traseira;2;;;;;;;;;;3;1;;;
27/09/2020;17:29:00;336;ac02 - Acidente com Vítima;237,5;BR-153/MG;Sul;Capotamento;1;;1;;;;;;;;1;2;;;
27/09/2020;17:32:00;338;ac02 - Acidente com Vítima;446;BR-262/MG;Leste;Colisão Lateral;1;;;1;;;;;;;2;;1;;
27/09/2020;18:51:00;371;ac02 - Acidente com Vítima;148;BR-153/MG;Norte;Tombamento;;;1;;;;;;;;0;1;;;
27/09/2020;19:14:00;380;ac02 - Acidente com Vítima;97;BR-060/GO;Sul;Colisão Traseira;4;;;1;;;;;;;4;;1;;
27/09/2020;19:23:00;383;ac03 - Acidente com Danos Materiais;4;BR-060/DF;Sul;Colisão Traseira;2;;;;;;;;;;2;;;;
27/09/2020;19:28:00;385;ac01 - Acidente com Vítima Fatal;658,6;BR-262/MG;Leste;Colisão Frontal;;;1;;;1;;;;1;1;1;;;2
27/09/2020;19:33:00;386;ac02 - Acidente com Vítima;47;BR-060/GO;Sul;Colisão Lateral;2;;;;;;;;;;1;;2;;
27/09/2020;20:27:00;404;ac02 - Acidente com Vítima;117;BR-060/GO;Sul;Queda de Ciclista;;;;1;;;;;;;0;1;;;
27/09/2020;20:32:00;406;ac03 - Acidente com Danos Materiais;232;BR-153/MG;Sul;Colisão Traseira;;;2;;;;;;;;2;;;;
27/09/2020;21:45:00;429;ac02 - Acidente com Vítima;810;BR-262/MG;Leste;Atropelamento - Ciclista;1;;;;;1;;;;;1;1;;;
28/09/2020;03:19:00;38;ac03 - Acidente com Danos Materiais;377,963;BR-262/MG;Leste;Saida de Pista;1;;;;;;;;;;1;;;;
28/09/2020;03:21:00;39;ac03 - Acidente com Danos Materiais;55,444;BR-153/MG;Sul;Tombamento;;;1;;;;;;;;1;;;;
28/09/2020;05:46:00;57;ac03 - Acidente com Danos Materiais;611,3;BR-153/GO;Sul;Saida de Pista;1;;;;;;;;;;2;;;;
28/09/2020;06:37:00;69;ac03 - Acidente com Danos Materiais;96;BR-153/MG;Norte;Saida de Pista;1;;1;;;;;;;;2;;;;
28/09/2020;07:55:00;111;ac03 - Acidente com Danos Materiais;500;BR-153/GO;Sul;Colisão Traseira;2;;;;;;;;;;2;;;;
28/09/2020;10:25:00;206;ac03 - Acidente com Danos Materiais;102;BR-060/GO;Norte;Saida de Pista;1;;;;;;;;;;1;;;;
28/09/2020;13:12:00;278;ac03 - Acidente com Danos Materiais;383,4;BR-262/MG;Oeste;Colisão Lateral;;;2;;;;;;;;2;;;;
28/09/2020;22:33:00;533;ac02 - Acidente com Vítima;210;BR-153/MG;Norte;Capotamento;1;;;;;;;;;;0;1;;;
29/09/2020;02:23:00;38;ac03 - Acidente com Danos Materiais;92,86;BR-060/GO;Norte;Colisão Traseira;1;;;;;1;;;;;4;;;;
29/09/2020;03:11:00;39;ac03 - Acidente com Danos Materiais;569,656;BR-153/GO;Norte;Saida de Pista;1;;;;;;;;;;1;;;;
29/09/2020;04:23:00;49;ac03 - Acidente com Danos Materiais;642,71;BR-153/GO;Norte;Colisão Traseira;;;2;;;;;;;;2;;;;
29/09/2020;07:38:00;106;ac02 - Acidente com Vítima;500,565;BR-153/GO;Sul;Colisão Traseira;1;;;1;;;;;;;1;1;;;
29/09/2020;11:38:00;233;ac03 - Acidente com Danos Materiais;366;BR-262/MG;Oeste;Colisão Traseira;1;;1;;;;;;;;4;;;;
29/09/2020;15:06:00;311;ac03 - Acidente com Danos Materiais;563,301;BR-153/GO;Norte;Saida de Pista;1;;1;;;;;;;;2;;;;
29/09/2020;18:16:00;415;ac03 - Acidente com Danos Materiais;497,493;BR-262/MG;Leste;Tombamento;;;1;;;;;;;;1;;;;
29/09/2020;19:05:00;431;ac03 - Acidente com Danos Materiais;590,546;BR-262/MG;Oeste;Colisão Traseira;;;2;;;;;;;;2;;;;
29/09/2020;21:36:00;472;ac02 - Acidente com Vítima;495;BR-153/GO;Norte;Colisão Traseira;2;;;;;;;;;;1;1;;;
29/09/2020;23:59:00;507;ac03 - Acidente com Danos Materiais;42;BR-153/MG;Norte;Tombamento;;;1;;;;;;;;1;;;;
30/09/2020;00:19:00;8;ac03 - Acidente com Danos Materiais;542;BR-153/GO;Norte;Saida de Pista;1;;;;;;;;;;3;;;;
30/09/2020;00:49:00;13;ac02 - Acidente com Vítima;554,241;BR-262/MG;Leste;Tombamento;;;1;;;;;;;;0;1;1;;
30/09/2020;05:21:00;49;ac03 - Acidente com Danos Materiais;510;BR-153/GO;Norte;Queda de Moto;;;;1;;;;;;;2;;;;
30/09/2020;07:51:00;80;ac02 - Acidente com Vítima;26,961;BR-060/DF;Norte;Colisão Traseira;;;1;;;;;;;1;2;;2;1;
30/09/2020;08:17:00;92;ac02 - Acidente com Vítima;500,6;BR-153/GO;Norte;Colisão Lateral;1;;;1;;;;;;;2;1;;;
30/09/2020;10:55:00;172;ac02 - Acidente com Vítima;91,6;BR-153/MG;Sul;Tombamento;;;1;;;;;;;;0;1;;;
30/09/2020;13:36:00;245;ac02 - Acidente com Vítima;131,294;BR-060/GO;Sul;Colisão Traseira;1;;;;;;;;;1;3;1;;;
30/09/2020;13:46:00;250;ac03 - Acidente com Danos Materiais;143,7;BR-153/MG;Sul;Capotamento;1;;;;;;;;;;2;;;;
30/09/2020;16:21:00;331;ac03 - Acidente com Danos Materiais;137,25;BR-060/GO;Sul;Colisão Lateral;2;;;;;;;;;;2;;;;
30/09/2020;16:30:00;338;ac03 - Acidente com Danos Materiais;15,9;BR-153/MG;Sul;Engavetamento;;;1;;;;;;;2;3;;;;
30/09/2020;18:30:00;391;ac02 - Acidente com Vítima;773;BR-262/MG;Oeste;Capotamento;2;;;;;;;;;;3;;1;;
30/09/2020;19:16:00;409;ac03 - Acidente com Danos Materiais;506;BR-153/GO;Norte;Colisão Traseira;2;;;;;;;;;;2;;;;
01/10/2020;04:56:00;50;ac03 - Acidente com Danos Materiais;655,3;BR-262/MG;Oeste;Tombamento;;;;;;1;;;;1;4;;;;
01/10/2020;09:12:00;142;ac02 - Acidente com Vítima;133;BR-060/GO;Norte;Saida de Pista;;;1;;;;;;;;2;1;;;
01/10/2020;09:28:00;154;ac03 - Acidente com Danos Materiais;511;BR-153/GO;Norte;Engavetamento;3;;;;;;;;;;3;;;;
01/10/2020;11:24:00;227;ac02 - Acidente com Vítima;513,4;BR-153/GO;Norte;Queda de Moto;;;;1;;;;;;;1;;1;;
01/10/2020;13:03:00;281;ac03 - Acidente com Danos Materiais;515;BR-153/GO;Sul;Colisão Traseira;1;;;;;;;;;1;2;;;;
01/10/2020;13:37:00;300;ac02 - Acidente com Vítima;359,9;BR-262/MG;Leste;Saida de Pista;1;;;;;;;;;;1;1;;;
01/10/2020;13:47:00;306;ac03 - Acidente com Danos Materiais;553;BR-153/GO;Norte;Colisão Lateral;1;;1;;;;;;;;2;;;;
01/10/2020;14:26:00;330;ac03 - Acidente com Danos Materiais;95;BR-060/GO;Sul;Saida de Pista;;;1;;;;;;;;1;;;;
01/10/2020;19:09:00;480;ac03 - Acidente com Danos Materiais;493;BR-262/MG;Leste;Tombamento;;;1;;;;;;;;1;;;;
01/10/2020;22:21:00;567;ac02 - Acidente com Vítima;40;BR-060/GO;Sul;Queda de Moto;;;;1;;;;;;;0;1;;;
01/10/2020;22:26:00;569;ac03 - Acidente com Danos Materiais;528,8;BR-153/GO;Norte;Saida de Pista;1;;;;;;;;;;1;;;;
02/10/2020;02:51:00;24;ac01 - Acidente com Vítima Fatal;811,582;BR-262/MG;Oeste;Choque - Defensa;;;;1;;;;;;;0;;;;1
02/10/2020;06:15:00;63;ac02 - Acidente com Vítima;693;BR-153/GO;Sul;Queda de Moto;;;;1;;;;;;;0;1;;;
02/10/2020;08:15:00;101;ac03 - Acidente com Danos Materiais;359;BR-262/MG;Leste;Colisão Traseira;2;;;;;;;;;;2;;;;
02/10/2020;09:01:00;134;ac03 - Acidente com Danos Materiais;355,5;BR-262/MG;Leste;Colisão Traseira;1;;;1;;;;;;;2;;;;
02/10/2020;09:49:00;165;ac03 - Acidente com Danos Materiais;4;BR-060/DF;Norte;Colisão Traseira;2;;;;;;;;;;2;;;;
02/10/2020;13:39:00;289;ac03 - Acidente com Danos Materiais;73;BR-153/MG;Sul;Capotamento;1;;;;;;;;;;2;;;;
02/10/2020;14:29:00;311;ac03 - Acidente com Danos Materiais;120;BR-060/GO;Norte;Saida de Pista;1;;;;;;;;;;3;;;;
02/10/2020;15:08:00;335;ac03 - Acidente com Danos Materiais;501;BR-153/GO;Sul;Engavetamento;3;;;;;;;;;1;4;;;;
02/10/2020;15:26:00;346;ac03 - Acidente com Danos Materiais;34;BR-060/GO;Norte;Capotamento;1;;;;;;;;;;2;;;;
02/10/2020;15:41:00;353;ac03 - Acidente com Danos Materiais;373;BR-262/MG;Oeste;Colisão Traseira;1;;1;;;;;;;;2;;;;
02/10/2020;16:33:00;384;ac03 - Acidente com Danos Materiais;372,5;BR-262/MG;Oeste;Colisão Traseira;2;;;;;;;;;;3;;;;
02/10/2020;18:36:00;452;ac03 - Acidente com Danos Materiais;498;BR-153/GO;Norte;Queda de Moto;;;;1;;;;;;;1;;;;
02/10/2020;18:38:00;453;ac03 - Acidente com Danos Materiais;498;BR-153/GO;Norte;Engavetamento;3;;1;;;;;;;;4;;;;
02/10/2020;18:41:00;454;ac02 - Acidente com Vítima;496;BR-153/GO;Norte;Queda de Moto;;;;1;;;;;;;0;1;;;
02/10/2020;19:06:00;467;ac03 - Acidente com Danos Materiais;496;BR-153/GO;Norte;Queda de Ciclista;;;;1;;;;;;;2;;;;
02/10/2020;19:07:00;468;ac03 - Acidente com Danos Materiais;496;BR-153/GO;Norte;Queda de Moto;;;;1;;;;;;;1;;;;
02/10/2020;19:33:00;495;ac02 - Acidente com Vítima;494;BR-153/GO;Norte;Queda de Moto;;;;2;;;;;;;0;3;;;
02/10/2020;19:35:00;497;ac03 - Acidente com Danos Materiais;3;BR-060/DF;Sul;Colisão Lateral;1;;;1;;;;;;;3;;;;
02/10/2020;21:50:00;552;ac02 - Acidente com Vítima;23;BR-060/GO;Sul;Saida de Pista;1;;;;;;;;;;3;1;;;
02/10/2020;22:21:00;567;ac03 - Acidente com Danos Materiais;361;BR-262/MG;Leste;Colisão Traseira;2;;;;;;;;;;2;;;;
03/10/2020;00:18:00;5;ac02 - Acidente com Vítima;491;BR-153/GO;Norte;Colisão Lateral;;1;;1;;;;;;;1;1;;;
03/10/2020;00:59:00;13;ac03 - Acidente com Danos Materiais;561;BR-153/GO;Norte;Atropelamento de Animal;1;;;;;;;;;;1;;;;
03/10/2020;03:00:00;23;ac03 - Acidente com Danos Materiais;410;BR-262/MG;Leste;Choque - Arvore;;;1;;;;;;;;1;;;;
03/10/2020;04:26:00;38;ac03 - Acidente com Danos Materiais;410;BR-262/MG;Leste;Colisão Traseira;;;;;;1;;;;1;3;;;;
03/10/2020;07:10:00;65;ac02 - Acidente com Vítima;368;BR-262/MG;Oeste;Choque - Submarino;1;;;;;;;;;;0;;1;;
03/10/2020;08:44:00;107;ac03 - Acidente com Danos Materiais;10;BR-153/MG;Sul;Saida de Pista;1;;1;;;;;;;;3;;;;
03/10/2020;10:03:00;143;ac03 - Acidente com Danos Materiais;128;BR-060/GO;Norte;Colisão Lateral;1;;1;;;;;;;;2;;;;
03/10/2020;15:33:00;318;ac03 - Acidente com Danos Materiais;702;BR-153/GO;Norte;Colisão Traseira;1;;1;;;;;;;;2;;;;
03/10/2020;16:45:00;352;ac03 - Acidente com Danos Materiais;29;BR-153/MG;Sul;Saida de Pista;;;1;;;;;;;;1;;;;
03/10/2020;22:07:00;483;ac03 - Acidente com Danos Materiais;51;BR-153/MG;Sul;Colisão Frontal;;;2;;;;;;;;2;;;;
03/10/2020;23:13:00;497;ac03 - Acidente com Danos Materiais;366,824;BR-262/MG;Leste;Atropelamento de Animal;1;;;;;;;;;;1;;;;
04/10/2020;02:45:00;47;ac02 - Acidente com Vítima;0;BR-060/DF;Sul;Choque - Outros;1;;;;;;;;;;0;1;1;;
04/10/2020;05:19:00;65;ac03 - Acidente com Danos Materiais;511,2;BR-153/GO;Sul;Colisão Traseira;1;;;;;1;;;;;2;;;;
04/10/2020;07:05:00;93;ac03 - Acidente com Danos Materiais;369,15;BR-262/MG;Oeste;Choque - Defensa;1;;;;;;;;;;1;;;;
04/10/2020;09:55:00;183;ac02 - Acidente com Vítima;47,79;BR-060/GO;Sul;Queda de Moto;;;;1;;;;;;;0;;;1;
04/10/2020;11:37:00;231;ac03 - Acidente com Danos Materiais;856;BR-262/MG;Oeste;Saida de Pista;1;;;;;;;;;;1;;;;
04/10/2020;16:44:00;370;ac03 - Acidente com Danos Materiais;609,606;BR-153/GO;Norte;Colisão Traseira;;;2;;;;;;;;2;;;;
04/10/2020;17:16:00;388;ac02 - Acidente com Vítima;538,039;BR-153/GO;Norte;Colisão Traseira;1;;;1;;;;;;;1;1;;;
04/10/2020;18:00:00;405;ac03 - Acidente com Danos Materiais;831;BR-262/MG;Leste;Colisão Lateral;2;;;;;;;;;;2;;;;
04/10/2020;18:47:00;433;ac02 - Acidente com Vítima;496;BR-153/GO;Sul;Colisão Lateral;1;;;1;;;;;;;1;1;;;
04/10/2020;20:58:00;487;ac02 - Acidente com Vítima;501;BR-153/GO;Sul;Colisão Lateral;1;;;1;;;;;;;1;1;;;
04/10/2020;22:27:00;509;ac03 - Acidente com Danos Materiais;132,5;BR-060/GO;Sul;Colisão Lateral;1;;;;;1;;;;;2;;;;
04/10/2020;22:45:00;514;ac02 - Acidente com Vítima;103;BR-060/GO;Norte;Colisão Traseira;;;;1;;;;;;1;1;;;1;
04/10/2020;23:49:00;529;ac02 - Acidente com Vítima;677,5;BR-153/GO;Sul;Colisão Traseira;;;1;;1;;;;;;1;3;;;
05/10/2020;00:52:00;16;ac02 - Acidente com Vítima;412,215;BR-262/MG;Leste;Tombamento;;;1;;;;;;;;0;;1;;
05/10/2020;07:03:00;90;ac02 - Acidente com Vítima;96;BR-060/GO;Sul;Colisão Traseira;2;;;;;;;;;;2;;1;;
05/10/2020;09:50:00;165;ac03 - Acidente com Danos Materiais;376;BR-262/MG;Leste;Saida de Pista;1;;2;;;;;;;;3;;;;
05/10/2020;19:04:00;409;ac03 - Acidente com Danos Materiais;25,5;BR-060/GO;Sul;Saida de Pista;1;;;;;1;;;;;2;;;;
05/10/2020;21:03:00;453;ac02 - Acidente com Vítima;496;BR-153/GO;Norte;Choque- Placa/Suporte Sinalização;1;;;;;;;;;;0;1;;;
06/10/2020;08:17:00;104;ac03 - Acidente com Danos Materiais;37;BR-153/MG;Sul;Capotamento;1;;;;;;;;;;1;;;;
06/10/2020;11:19:00;204;ac03 - Acidente com Danos Materiais;3;BR-060/DF;Norte;Colisão Lateral;1;;;1;;;;;;;2;;;;
06/10/2020;12:34:00;235;ac02 - Acidente com Vítima;439;BR-262/MG;Oeste;Queda de Moto;;;;1;;;;;;;0;1;;;
06/10/2020;14:31:00;274;ac03 - Acidente com Danos Materiais;568;BR-262/MG;Oeste;Tombamento;;;1;;;;;;;;1;;;;
06/10/2020;16:01:00;311;ac03 - Acidente com Danos Materiais;19;BR-153/MG;Norte;Saida de Pista;1;;;;;;;;;;1;;;;
06/10/2020;19:31:00;406;ac03 - Acidente com Danos Materiais;505;BR-153/GO;Sul;Engavetamento;4;;;;;;;;;;5;;;;
06/10/2020;21:58:00;463;ac03 - Acidente com Danos Materiais;513;BR-153/GO;Norte;Choque - Defensa;;;1;;;;;;;;2;;;;
06/10/2020;23:15:00;474;ac02 - Acidente com Vítima;412;BR-262/MG;Leste;Queda de Moto;;;;1;;;;;;;0;;1;;
06/10/2020;23:51:00;481;ac03 - Acidente com Danos Materiais;246,3;BR-153/MG;Sul;Choque - Defensa;;;1;;;;;;;;1;;;;
07/10/2020;07:39:00;72;ac02 - Acidente com Vítima;772;BR-262/MG;Oeste;Queda de Moto;;;;1;;;;;;;1;1;;;
07/10/2020;08:11:00;83;ac03 - Acidente com Danos Materiais;130;BR-153/MG;Sul;Colisão Lateral;1;;1;;;;;;;;3;;;;
07/10/2020;12:43:00;218;ac03 - Acidente com Danos Materiais;464,3;BR-262/MG;Leste;Tombamento;;;1;;;;;;;;1;;;;
07/10/2020;14:47:00;278;ac03 - Acidente com Danos Materiais;526,211;BR-153/GO;Norte;Colisão Traseira;2;;;;;;;;;;2;;;;
07/10/2020;14:57:00;282;ac02 - Acidente com Vítima;646,513;BR-153/GO;Sul;Tombamento;;;1;;;;;;;;0;3;;;
07/10/2020;17:04:00;340;ac03 - Acidente com Danos Materiais;645;BR-153/GO;Norte;Colisão Traseira;;;2;;;;;;;;2;;;;
07/10/2020;17:23:00;352;ac02 - Acidente com Vítima;137;BR-060/GO;Norte;Colisão Transversal;;1;;1;;;;;;;1;;1;;
07/10/2020;20:12:00;432;ac02 - Acidente com Vítima;693;BR-262/MG;Leste;Tombamento;1;;;;;;;;;;1;1;;;
07/10/2020;20:24:00;438;ac03 - Acidente com Danos Materiais;500;BR-153/GO;Sul;Colisão Traseira;1;;1;;;;;;;;2;;;;
07/10/2020;21:10:00;453;ac03 - Acidente com Danos Materiais;500,2;BR-153/GO;Sul;Colisão Lateral;1;;;;;1;;;;;2;;;;
07/10/2020;21:24:00;456;ac03 - Acidente com Danos Materiais;129;BR-060/GO;Sul;Saida de Pista;1;;;;;;;;;;1;;;;
07/10/2020;21:30:00;459;ac03 - Acidente com Danos Materiais;434,989;BR-262/MG;Oeste;Capotamento;1;;;;;;;;;;1;;;;
07/10/2020;21:38:00;461;ac03 - Acidente com Danos Materiais;510;BR-153/GO;Norte;Queda de Moto;;;;1;;;;;;;2;;;;
07/10/2020;21:49:00;467;ac03 - Acidente com Danos Materiais;370,432;BR-262/MG;Oeste;Colisão Traseira;;;2;;;;;;;;2;;;;
08/10/2020;00:12:00;9;ac02 - Acidente com Vítima;445,768;BR-262/MG;Leste;Queda de Ciclista;;;;1;;;;;;;0;;1;;
08/10/2020;06:31:00;80;ac01 - Acidente com Vítima Fatal;44,9;BR-153/MG;Norte;Colisão Lateral;1;;1;;;;;;;;0;1;1;;1
08/10/2020;06:44:00;86;ac02 - Acidente com Vítima;240;BR-153/MG;Sul;Capotamento;1;;;;;;;;;;1;1;;;
08/10/2020;20:24:00;500;ac03 - Acidente com Danos Materiais;605,598;BR-262/MG;Oeste;Colisão Lateral;1;;1;;;;;;;;2;;;;
09/10/2020;00:43:00;10;ac02 - Acidente com Vítima;374,862;BR-262/MG;Oeste;Colisão Traseira;;;;1;;1;;;;;1;;1;;
09/10/2020;03:32:00;31;ac03 - Acidente com Danos Materiais;3;BR-060/DF;Sul;Choque- Poste/Equipamento;1;;;;;;;;;;1;;;;
09/10/2020;05:25:00;57;ac02 - Acidente com Vítima;2;BR-060/DF;Sul;Choque - Arvore;1;;;;;;;;;;0;1;;;
09/10/2020;07:53:00;124;ac03 - Acidente com Danos Materiais;494,5;BR-153/GO;Sul;Engavetamento;5;;;;;;;;;;5;;;;
09/10/2020;13:09:00;281;ac03 - Acidente com Danos Materiais;415;BR-262/MG;Oeste;Tombamento;;;1;;;;;;;;1;;;;
09/10/2020;13:50:00;302;ac03 - Acidente com Danos Materiais;415;BR-262/MG;Oeste;Colisão Traseira;;;1;;;;;;;1;2;;;;
09/10/2020;13:52:00;303;ac03 - Acidente com Danos Materiais;912;BR-262/MG;Leste;Saida de Pista;;;1;;;;;;1;;2;;;;
09/10/2020;15:14:00;349;ac03 - Acidente com Danos Materiais;826;BR-262/MG;Leste;Saida de Pista;1;;;;;;;;;;2;;;;
09/10/2020;15:43:00;373;ac03 - Acidente com Danos Materiais;505,2;BR-153/GO;Sul;Engavetamento;3;;;;;;;;;;3;;;;
09/10/2020;16:06:00;389;ac03 - Acidente com Danos Materiais;473;BR-262/MG;Oeste;Colisão Traseira;2;;;;;;;;;;5;;;;
09/10/2020;16:56:00;425;ac02 - Acidente com Vítima;505,35;BR-153/GO;Sul;Colisão Traseira;1;;;1;;;;;;;1;1;;;
09/10/2020;17:20:00;445;ac01 - Acidente com Vítima Fatal;21;BR-153/MG;Norte;Colisão Traseira;1;;;1;;;;;;;1;;;;1
09/10/2020;18:05:00;473;ac03 - Acidente com Danos Materiais;121;BR-060/GO;Norte;Colisão Traseira;2;;;;;;;;;;4;;;;