data;horario;n_da_ocorrencia;tipo_de_ocorrencia;km;trecho;sentido;tipo_de_acidente;automovel;bicicleta;caminhao;moto;onibus;outros;tracao_animal;transporte_de_cargas_especiais;trator_maquinas;utilitarios;ilesos;levemente_feridos;moderadamente_feridos;gravemente_feridos;mortos
21/10/2020;21:18:00;418;ac03 - Acidente com Danos Materiais;23;BR-060/GO;Sul;Tombamento;1;;;;;;;;;;1;;;;
21/10/2020;21:20:00;419;ac03 - Acidente com Danos Materiais;55;BR-153/MG;Norte;Choque - Elemento de Drenagem;1;;;;;;;;;;2;;;;
21/10/2020;22:33:00;439;ac02 - Acidente com Vítima;95;BR-060/GO;Sul;Atropelamento - Andarilho;1;;;;;;;;;;1;1;;;
22/10/2020;00:05:00;1;ac03 - Acidente com Danos Materiais;553;BR-262/MG;Oeste;Tombamento;;;1;;;;;;;;1;;;;
22/10/2020;06:39:00;73;ac03 - Acidente com Danos Materiais;901;BR-262/MG;Leste;Saida de Pista;;;1;;;;;;;;1;;;;
22/10/2020;11:29:00;207;ac02 - Acidente com Vítima;92;BR-060/GO;Norte;Colisão Lateral;1;;;1;;;;;;;0;2;;;
22/10/2020;13:14:00;248;ac03 - Acidente com Danos Materiais;367;BR-262/MG;Oeste;Colisão Traseira;;;2;;;;;;;;2;;;;
22/10/2020;15:23:00;297;ac03 - Acidente com Danos Materiais;245;BR-153/MG;Norte;Colisão Lateral;;;1;;;;;;;1;2;;;;
22/10/2020;18:31:00;380;ac03 - Acidente com Danos Materiais;508;BR-153/GO;Norte;Colisão Traseira;;;;;;1;;;;1;2;;;;
22/10/2020;18:34:00;384;ac03 - Acidente com Danos Materiais;96;BR-060/GO;Sul;Saida de Pista;1;;;;;;;;;;1;;;;
22/10/2020;18:42:00;387;ac03 - Acidente com Danos Materiais;90,3;BR-060/GO;Norte;Saida de Pista;1;;;;;;;;;;1;;;;
22/10/2020;18:42:00;388;ac01 - Acidente com Vítima Fatal;797;BR-262/MG;Leste;Colisão Frontal;2;;;;;;;;;;0;;2;;1
22/10/2020;20:40:00;438;ac03 - Acidente com Danos Materiais;115;BR-060/GO;Sul;Saida de Pista;;;1;;;;;;;;1;;;;
22/10/2020;22:47:00;478;ac03 - Acidente com Danos Materiais;812;BR-262/MG;Oeste;Capotamento;1;;;;;1;;;;;2;;;;
22/10/2020;22:51:00;481;ac03 - Acidente com Danos Materiais;2;BR-060/GO;Sul;Tombamento;;;1;;;;;;;;1;;;;
22/10/2020;23:21:00;485;ac03 - Acidente com Danos Materiais;782;BR-262/MG;Leste;Atropelamento de Animal;1;;;;;;;;;;1;;;;
22/10/2020;23:24:00;487;ac03 - Acidente com Danos Materiais;618;BR-153/GO;Norte;Atropelamento de Animal;1;;;;;;;;;;1;;;;
23/10/2020;01:20:00;18;ac03 - Acidente com Danos Materiais;693;BR-153/GO;Norte;Choque- Placa/Suporte Sinalização;1;;;;;;;;;;1;;;;
23/10/2020;07:44:00;94;ac03 - Acidente com Danos Materiais;508;BR-153/GO;Norte;Colisão Traseira;1;;;1;;;;;;;2;;;;
23/10/2020;08:01:00;107;ac02 - Acidente com Vítima;406;BR-262/MG;Leste;Capotamento;1;;;;;;;;;;0;;;1;
23/10/2020;08:21:00;117;ac02 - Acidente com Vítima;547;BR-262/MG;Oeste;Tombamento;;;1;;;;;;;;0;1;;;
23/10/2020;08:32:00;123;ac03 - Acidente com Danos Materiais;25,759;BR-060/GO;Norte;Capotamento;2;;;;;;;;;;6;;;;
23/10/2020;08:32:00;124;ac03 - Acidente com Danos Materiais;575,275;BR-262/MG;Leste;Saida de Pista;1;;;;;;;;;;1;;;;
23/10/2020;10:00:00;164;ac03 - Acidente com Danos Materiais;626;BR-262/MG;Leste;Saida de Pista;1;;;;;;;;;1;2;;;;
23/10/2020;10:35:00;182;ac03 - Acidente com Danos Materiais;101,621;BR-060/GO;Sul;Colisão Lateral;1;;1;;;;;;;;2;;;;
23/10/2020;10:47:00;190;ac02 - Acidente com Vítima;390;BR-262/MG;Leste;Choque - Talude;1;;;;;;;;;;0;;1;;
23/10/2020;11:11:00;206;ac03 - Acidente com Danos Materiais;195;BR-153/MG;Sul;Saida de Pista;1;;;;;1;;;;;2;;;;
23/10/2020;11:23:00;211;ac03 - Acidente com Danos Materiais;442,1;BR-262/MG;Leste;Colisão Traseira;2;;;;;1;;;;;3;;;;
23/10/2020;12:33:00;240;ac02 - Acidente com Vítima;836,4;BR-262/MG;Leste;Engavetamento;;;4;;;;;;;;3;1;;;
23/10/2020;13:59:00;275;ac03 - Acidente com Danos Materiais;27,521;BR-060/DF;Sul;Capotamento;1;;;;;;;;;;2;;;;
23/10/2020;14:05:00;276;ac03 - Acidente com Danos Materiais;500,208;BR-153/GO;Sul;Choque - Defensa;1;;;;;;;;;;1;;;;
23/10/2020;15:08:00;306;ac03 - Acidente com Danos Materiais;499;BR-153/GO;Sul;Engavetamento;3;;;;;;;;;1;4;;;;
23/10/2020;15:17:00;312;ac03 - Acidente com Danos Materiais;97,194;BR-060/GO;Norte;Colisão Traseira;2;;;;;;;;;;2;;;;
23/10/2020;15:45:00;328;ac03 - Acidente com Danos Materiais;586;BR-153/GO;Sul;Saida de Pista;;;;;;;;;;1;3;;;;
23/10/2020;15:56:00;335;ac03 - Acidente com Danos Materiais;113,75;BR-060/GO;Sul;Carreta deu L;;;1;;;;;;;;1;;;;
23/10/2020;16:09:00;341;ac03 - Acidente com Danos Materiais;516,7;BR-153/GO;Sul;Choque - Talude;1;;;;;;;;;;1;;;;
23/10/2020;16:31:00;354;ac03 - Acidente com Danos Materiais;574,243;BR-153/GO;Norte;Choque - Elemento de Drenagem;1;;;;;;;;;;2;;;;
23/10/2020;16:39:00;359;ac03 - Acidente com Danos Materiais;28,263;BR-060/GO;Sul;Choque - Elemento de Drenagem;1;;;;;;;;;;1;;;;
23/10/2020;17:26:00;391;ac02 - Acidente com Vítima;597;BR-153/GO;Sul;Capotamento;1;;;;;;;;;;0;1;;;
23/10/2020;17:33:00;396;ac03 - Acidente com Danos Materiais;20;BR-060/GO;Sul;Colisão Traseira;2;;;;;;;;;;2;;;;
23/10/2020;18:50:00;437;ac02 - Acidente com Vítima;426;BR-262/MG;Leste;Colisão Traseira;;;1;1;;;;;;;1;;;1;
23/10/2020;19:40:00;454;ac02 - Acidente com Vítima;505;BR-153/GO;Sul;Colisão Traseira;;;1;1;;;;;;;2;1;;;
23/10/2020;20:12:00;464;ac03 - Acidente com Danos Materiais;154,953;BR-153/MG;Norte;Saida de Pista;;;1;;;;;;;;1;;;;
23/10/2020;20:46:00;482;ac03 - Acidente com Danos Materiais;52;BR-153/MG;Sul;Choque - Elemento de Drenagem;1;;;;;;;;;;5;;;;
23/10/2020;21:36:00;500;ac03 - Acidente com Danos Materiais;74,5;BR-153/MG;Sul;Saida de Pista;;;1;;;;;;;;2;;;;
23/10/2020;23:41:00;538;ac03 - Acidente com Danos Materiais;81,305;BR-060/GO;Sul;Tombamento;;;1;;;;;;;;1;;;;
24/10/2020;01:57:00;22;ac02 - Acidente com Vítima;785,9;BR-262/MG;Leste;Capotamento;1;;;;;;;;;;0;;1;;
24/10/2020;04:41:00;46;ac03 - Acidente com Danos Materiais;127,583;BR-060/GO;Norte;Capotamento;;;;;;;;;;1;1;;;;
24/10/2020;06:32:00;72;ac03 - Acidente com Danos Materiais;148;BR-153/MG;Norte;Tombamento;;;1;;;;;;;;1;;;;
24/10/2020;06:51:00;79;ac03 - Acidente com Danos Materiais;22,862;BR-060/DF;Norte;Choque- Poste/Equipamento;1;;;;;;;;;;2;;;;
24/10/2020;08:49:00;124;ac03 - Acidente com Danos Materiais;559,35;BR-262/MG;Leste;Choque - Defensa;1;;;;;;;;;;2;;;;
24/10/2020;10:43:00;186;ac03 - Acidente com Danos Materiais;500,037;BR-153/GO;Norte;Colisão Lateral;;;1;1;;;;;;;2;;;;
24/10/2020;11:07:00;197;ac03 - Acidente com Danos Materiais;548,851;BR-262/MG;Leste;Choque - Talude;;;1;;;;;;;;1;;;;
24/10/2020;11:31:00;206;ac03 - Acidente com Danos Materiais;581,2;BR-262/MG;Leste;Capotamento;;;;;;;;;;1;3;;;;
24/10/2020;14:33:00;269;ac03 - Acidente com Danos Materiais;371;BR-262/MG;Oeste;Saida de Pista;1;;;;;;;;;;1;;;;
24/10/2020;15:01:00;286;ac03 - Acidente com Danos Materiais;97,721;BR-060/GO;Norte;Capotamento;1;;;;;;;;;;1;;;;
24/10/2020;15:37:00;301;ac03 - Acidente com Danos Materiais;587,285;BR-153/GO;Norte;Capotamento;;;;;;;;;;1;3;;;;
24/10/2020;15:55:00;311;ac02 - Acidente com Vítima;34,245;BR-060/GO;Sul;Capotamento;1;;;;;;;;;;0;;2;;
24/10/2020;15:57:00;313;ac02 - Acidente com Vítima;364;BR-262/MG;Leste;Tombamento;1;;;;;;;;;;0;1;;;
24/10/2020;16:02:00;317;ac03 - Acidente com Danos Materiais;380;BR-262/MG;Oeste;Saida de Pista;1;;;;;;;;;;1;;;;
24/10/2020;16:18:00;322;ac03 - Acidente com Danos Materiais;381;BR-262/MG;Leste;Saida de Pista;1;;;;;;;;;;4;;;;
24/10/2020;16:18:00;323;ac03 - Acidente com Danos Materiais;829;BR-262/MG;Oeste;Capotamento;;;;;;;;;;1;1;;;;
24/10/2020;16:43:00;333;ac03 - Acidente com Danos Materiais;364,35;BR-262/MG;Oeste;Colisão Traseira;2;;;;;;;;;;2;;;;
24/10/2020;16:51:00;335;ac03 - Acidente com Danos Materiais;381,15;BR-262/MG;Leste;Choque - Defensa;1;;;;;;;;;;3;;;;
24/10/2020;17:54:00;364;ac03 - Acidente com Danos Materiais;685;BR-153/GO;Sul;Saida de Pista;1;;;;;;;;;;3;;;;
24/10/2020;21:29:00;442;ac03 - Acidente com Danos Materiais;23;BR-060/GO;Sul;Capotamento;1;;;;;;;;;;2;;;;
25/10/2020;02:11:00;26;ac02 - Acidente com Vítima;499,3;BR-153/GO;Sul;Choque- Poste/Equipamento;1;;;;;;;;;;0;1;;;
25/10/2020;02:26:00;29;ac03 - Acidente com Danos Materiais;501;BR-153/GO;Norte;Colisão Traseira;2;;;;;;;;;;2;;;;
25/10/2020;03:26:00;37;ac03 - Acidente com Danos Materiais;499;BR-153/GO;Norte;Choque - Objeto sobre a pista;1;;;;;;;;;;1;;;;
25/10/2020;04:09:00;38;ac02 - Acidente com Vítima;801,8;BR-262/MG;Oeste;Choque - Veiculo parado na pista;1;;;;;1;;;;;1;;2;;
25/10/2020;06:46:00;57;ac03 - Acidente com Danos Materiais;558;BR-262/MG;Oeste;Capotamento;1;;;;;;;;;;1;;;;
25/10/2020;07:30:00;71;ac02 - Acidente com Vítima;549;BR-262/MG;Leste;Saida de Pista;1;;;;;;;;;;4;;1;;
25/10/2020;08:50:00;103;ac02 - Acidente com Vítima;379;BR-262/MG;Leste;Saida de Pista;1;;;;;;;;;;2;;1;1;
25/10/2020;12:24:00;197;ac03 - Acidente com Danos Materiais;378;BR-262/MG;Leste;Saida de Pista;1;;;;;;;;;;1;;;;
25/10/2020;12:47:00;207;ac02 - Acidente com Vítima;17;BR-060/GO;Norte;Capotamento;1;;;;;;;;;;0;1;;;
25/10/2020;13:16:00;221;ac03 - Acidente com Danos Materiais;608;BR-262/MG;Leste;Colisão Traseira;1;;1;;;;;;;;4;;;;
25/10/2020;13:30:00;228;ac03 - Acidente com Danos Materiais;367;BR-262/MG;Oeste;Saida de Pista;1;;;;;;;;;;4;;;;
25/10/2020;15:41:00;262;ac03 - Acidente com Danos Materiais;394;BR-262/MG;Oeste;Saida de Pista;1;;;;;;;;;;5;;;;
25/10/2020;15:46:00;264;ac02 - Acidente com Vítima;171;BR-153/MG;Norte;Colisão Lateral;1;;1;;;;;;;;1;1;;;
25/10/2020;22:09:00;397;ac02 - Acidente com Vítima;505;BR-153/GO;Sul;Queda de Moto;;;;1;;;;;;;0;1;1;;
25/10/2020;22:36:00;401;ac03 - Acidente com Danos Materiais;580;BR-262/MG;Leste;Saida de Pista;1;;;;;;;;;;1;;;;
26/10/2020;01:41:00;23;ac02 - Acidente com Vítima;243;BR-153/MG;Sul;Atropelamento de Animal;1;;;;;;;;;;0;1;;;
26/10/2020;04:57:00;47;ac02 - Acidente com Vítima;855;BR-262/MG;Leste;Colisão Traseira;1;;1;;;;;;;;1;;1;1;
26/10/2020;07:21:00;94;ac03 - Acidente com Danos Materiais;575,314;BR-153/GO;Norte;Capotamento;1;;;;;;;;;;1;;;;
26/10/2020;07:35:00;107;ac03 - Acidente com Danos Materiais;499,7;BR-153/GO;Norte;Queda de Moto;;;;1;;;;;;;1;;;;
26/10/2020;08:31:00;147;ac03 - Acidente com Danos Materiais;503;BR-153/GO;Norte;Engavetamento;3;;;;;;;;;;3;;;;
26/10/2020;09:35:00;214;ac03 - Acidente com Danos Materiais;126,863;BR-060/GO;Sul;Colisão Traseira;1;;;;;;;;;1;2;;;;
26/10/2020;09:54:00;232;ac02 - Acidente com Vítima;515;BR-153/GO;Norte;Queda de Moto;;;;1;;;;;;;0;1;;;
26/10/2020;13:32:00;359;ac03 - Acidente com Danos Materiais;129;BR-060/GO;Sul;Saida de Pista;1;;;;;1;;;;;5;;;;
26/10/2020;15:56:00;427;ac02 - Acidente com Vítima;96,421;BR-060/GO;Sul;Saida de Pista;;;1;;;;;;;;0;1;;;
26/10/2020;17:17:00;463;ac02 - Acidente com Vítima;97,5;BR-060/GO;Sul;Colisão Traseira;1;;;;;1;;;;;1;1;;;
26/10/2020;19:57:00;528;ac02 - Acidente com Vítima;810,5;BR-262/MG;Oeste;Queda de Moto;;;;1;;;;;;;0;1;;;
26/10/2020;22:52:00;583;ac02 - Acidente com Vítima;547;BR-262/MG;Oeste;Tombamento;;;1;;;;;;;;0;;1;;
26/10/2020;23:02:00;585;ac03 - Acidente com Danos Materiais;118;BR-060/GO;Norte;Colisão Traseira;1;;;;;1;;;;;3;;;;
27/10/2020;04:49:00;50;ac03 - Acidente com Danos Materiais;777;BR-262/MG;Leste;Colisão Traseira;;;;;;1;;;;1;2;;;;
27/10/2020;08:27:00;118;ac03 - Acidente com Danos Materiais;508,983;BR-153/GO;Norte;Engavetamento;3;;;;;;;;;;3;;;;
27/10/2020;13:54:00;285;ac03 - Acidente com Danos Materiais;129,576;BR-060/GO;Norte;Choque - Outros;1;;;;;;;;;;1;;;;
27/10/2020;14:11:00;293;ac03 - Acidente com Danos Materiais;28,517;BR-060/GO;Sul;Colisão Traseira;;;2;;;;;;;;2;;;;
27/10/2020;17:49:00;395;ac02 - Acidente com Vítima;831;BR-262/MG;Oeste;Choque - Defensa;1;;;;;;;;;;0;1;;;
27/10/2020;18:16:00;407;ac02 - Acidente com Vítima;95,882;BR-060/GO;Norte;Atropelamento - Morador;;;;1;;;;;;;0;1;;1;
27/10/2020;19:32:00;435;ac02 - Acidente com Vítima;876;BR-262/MG;Leste;Colisão Lateral;1;;;1;;;;;;;1;1;;;
27/10/2020;20:47:00;466;ac03 - Acidente com Danos Materiais;88;BR-153/MG;Norte;Carreta deu L;;;1;;;;;;;;1;;;;
27/10/2020;21:25:00;480;ac03 - Acidente com Danos Materiais;152,2;BR-153/MG;Sul;Choque - Veiculo parado na pista;1;;1;;;;;;;;2;;;;
27/10/2020;21:58:00;491;ac03 - Acidente com Danos Materiais;16,224;BR-153/MG;Sul;Tombamento;;;1;;;;;;;;1;;;;
28/10/2020;02:55:00;72;ac03 - Acidente com Danos Materiais;557,849;BR-153/GO;Norte;Capotamento;;;;;;;;;;1;1;;;;
28/10/2020;09:17:00;195;ac03 - Acidente com Danos Materiais;500,901;BR-153/GO;Norte;Choque- Placa/Suporte Sinalização;1;;;;;;;;;;1;;;;
28/10/2020;10:21:00;245;ac03 - Acidente com Danos Materiais;553;BR-262/MG;Oeste;Colisão Traseira;1;;1;;;;;;;;2;;;;
28/10/2020;17:50:00;464;ac03 - Acidente com Danos Materiais;626;BR-153/GO;Sul;Capotamento;1;;;;;;;;;;1;;;;
28/10/2020;20:20:00;533;ac02 - Acidente com Vítima;372,998;BR-262/MG;Oeste;Colisão Traseira;;;2;;;;;;;;1;;1;;
29/10/2020;05:50:00;59;ac03 - Acidente com Danos Materiais;379,7;BR-262/MG;Oeste;Capotamento;1;;;;;;;;;;1;;;;
29/10/2020;06:15:00;66;ac03 - Acidente com Danos Materiais;385;BR-262/MG;Oeste;Capotamento;1;;;;;;;;;;4;;;;
29/10/2020;06:26:00;71;ac02 - Acidente com Vítima;492;BR-153/GO;Norte;Atropelamento de Animal;;;;1;;;;;;;0;1;;;
29/10/2020;08:44:00;129;ac03 - Acidente com Danos Materiais;364;BR-262/MG;Oeste;Colisão Traseira;2;;;;;;;;;1;3;;;;
29/10/2020;09:54:00;170;ac02 - Acidente com Vítima;640;BR-262/MG;Leste;Colisão Lateral;;;4;;;;;;;;3;;;1;
29/10/2020;10:20:00;186;ac03 - Acidente com Danos Materiais;98;BR-153/MG;Sul;Tombamento;;;1;;;;;;;;1;;;;
29/10/2020;14:11:00;273;ac02 - Acidente com Vítima;477;BR-262/MG;Oeste;Colisão Lateral;1;;1;;;;;;;;0;4;;;
29/10/2020;15:25:00;300;ac02 - Acidente com Vítima;84;BR-153/MG;Sul;Colisão Frontal;;;2;;;;;;;;1;1;;;
29/10/2020;16:41:00;339;ac03 - Acidente com Danos Materiais;45,3;BR-153/MG;Sul;Saida de Pista;1;;;;;1;;;;;2;;;;
29/10/2020;17:45:00;366;ac03 - Acidente com Danos Materiais;501;BR-153/GO;Sul;Colisão Traseira;1;;;;;1;;;;;2;;;;
29/10/2020;22:06:00;467;ac03 - Acidente com Danos Materiais;509;BR-153/GO;Norte;Choque - Defensa;1;;;;;;;;;;2;;;;
29/10/2020;22:18:00;473;ac02 - Acidente com Vítima;512;BR-153/GO;Sul;Atropelamento - Ciclista;1;1;;;;;;;;;1;;1;;
29/10/2020;22:26:00;476;ac02 - Acidente com Vítima;136;BR-060/GO;Norte;Queda de Moto;;;;1;;;;;;;0;1;;;
29/10/2020;23:09:00;492;ac01 - Acidente com Vítima Fatal;128,7;BR-060/GO;Sul;Colisão Traseira;;;2;;;;;;;;1;;;;1
30/10/2020;01:33:00;27;ac03 - Acidente com Danos Materiais;23;BR-153/MG;Sul;Saida de Pista;;;1;;;;;;;;1;;;;
30/10/2020;03:01:00;36;ac01 - Acidente com Vítima Fatal;100,5;BR-060/GO;Sul;Colisão Frontal;1;;;1;;;;;;;0;1;;;1
30/10/2020;07:32:00;90;ac02 - Acidente com Vítima;515;BR-153/GO;Sul;Engavetamento;3;;;;;;;;;1;0;5;;;
30/10/2020;09:17:00;151;ac02 - Acidente com Vítima;697;BR-153/GO;Norte;Tombamento;;;1;;;;;;;;0;1;;;
30/10/2020;09:39:00;170;ac02 - Acidente com Vítima;589;BR-153/GO;Sul;Choque - Outros;1;;;;;1;;;;;1;1;;;
30/10/2020;10:54:00;215;ac02 - Acidente com Vítima;107;BR-060/GO;Norte;Colisão Transversal;;;1;;;;;;;1;3;1;1;;
30/10/2020;12:37:00;269;ac03 - Acidente com Danos Materiais;388;BR-262/MG;Leste;Choque - Defensa;1;;;;;;;;;;2;;;;
30/10/2020;13:08:00;280;ac03 - Acidente com Danos Materiais;370;BR-262/MG;Leste;Colisão Traseira;2;;;;;;;;;;3;;;;
30/10/2020;13:24:00;285;ac03 - Acidente com Danos Materiais;631;BR-262/MG;Leste;Colisão Traseira;2;;;;;;;;;;2;;;;
30/10/2020;14:27:00;315;ac03 - Acidente com Danos Materiais;582;BR-153/GO;Norte;Queda de Moto;;;;1;;;;;;;1;;;;
30/10/2020;15:56:00;361;ac03 - Acidente com Danos Materiais;449;BR-262/MG;Leste;Colisão Traseira;2;;;;;;;;;;2;;;;
30/10/2020;16:11:00;368;ac03 - Acidente com Danos Materiais;677;BR-262/MG;Leste;Saida de Pista;1;;;;;;;;;;1;;;;
30/10/2020;16:31:00;378;ac03 - Acidente com Danos Materiais;117,8;BR-060/GO;Norte;Capotamento;1;;;;;;;;;;2;;;;
30/10/2020;16:40:00;382;ac02 - Acidente com Vítima;562;BR-153/GO;Sul;Tombamento;1;;;;;;;;;;0;2;;;
30/10/2020;18:34:00;422;ac03 - Acidente com Danos Materiais;464;BR-262/MG;Oeste;Tombamento;;;1;;;;;;;;1;;;;
30/10/2020;18:54:00;436;ac03 - Acidente com Danos Materiais;665;BR-153/GO;Sul;Capotamento;1;;;;;;;;;;1;;;;
30/10/2020;18:55:00;437;ac02 - Acidente com Vítima;29;BR-060/DF;Sul;Colisão Lateral;;;;1;;1;;;;;1;1;;;
30/10/2020;20:15:00;480;ac03 - Acidente com Danos Materiais;22;BR-060/GO;Sul;Engavetamento;3;;;;;;;;;;3;;;;
30/10/2020;21:20:00;502;ac03 - Acidente com Danos Materiais;24;BR-060/GO;Norte;Capotamento;1;;;;;;;;;;1;;;;
30/10/2020;22:01:00;513;ac02 - Acidente com Vítima;701;BR-153/GO;Sul;Colisão Lateral;;;;;;1;;;;1;1;1;;;
31/10/2020;01:03:00;24;ac03 - Acidente com Danos Materiais;637;BR-262/MG;Oeste;Saida de Pista;;;;;;;;;;1;1;;;;
31/10/2020;01:10:00;27;ac03 - Acidente com Danos Materiais;639;BR-153/GO;Norte;Capotamento;1;;;;;;;;;;1;;;;
31/10/2020;06:05:00;77;ac02 - Acidente com Vítima;380,15;BR-262/MG;Oeste;Capotamento;;;;;;;;;;1;1;;1;;
31/10/2020;07:44:00;125;ac03 - Acidente com Danos Materiais;11,5;BR-060/GO;Sul;Tombamento;;;1;;;;;;;;1;;;;
31/10/2020;08:04:00;139;ac03 - Acidente com Danos Materiais;96,863;BR-060/GO;Norte;Colisão Traseira;;;;2;;;;;;;3;;;;
31/10/2020;08:11:00;144;ac02 - Acidente com Vítima;3,181;BR-060/DF;Sul;Colisão Traseira;1;;;;1;;;;;;1;1;;;
31/10/2020;08:52:00;167;ac03 - Acidente com Danos Materiais;137,181;BR-060/GO;Sul;Queda de Moto;;;;1;;;;;;;1;;;;
31/10/2020;09:10:00;178;ac03 - Acidente com Danos Materiais;26,846;BR-060/DF;Sul;Choque - Elemento de Drenagem;1;;;;;1;;;;;2;;;;
31/10/2020;10:32:00;224;ac02 - Acidente com Vítima;445,5;BR-262/MG;Oeste;Queda de Ciclista;;;;1;;;;;;;0;1;;;
31/10/2020;11:28:00;245;ac03 - Acidente com Danos Materiais;500;BR-153/GO;Sul;Engavetamento;2;;4;;;;;;;;6;;;;
31/10/2020;11:43:00;250;ac03 - Acidente com Danos Materiais;28,332;BR-060/GO;Norte;Choque - Elemento de Drenagem;1;;;;;;;;;;1;;;;
31/10/2020;11:47:00;253;ac02 - Acidente com Vítima;10,507;BR-060/GO;Norte;Capotamento;1;;;;;;;;;;0;1;;;
31/10/2020;12:04:00;256;ac03 - Acidente com Danos Materiais;25;BR-060/GO;Sul;Choque - Talude;;;1;;;;;;;;2;;;;
31/10/2020;12:11:00;258;ac03 - Acidente com Danos Materiais;116,768;BR-060/GO;Norte;Saida de Pista;1;;;;;;;;;;2;;;;
31/10/2020;12:28:00;263;ac03 - Acidente com Danos Materiais;185;BR-153/MG;Sul;Colisão Traseira;;;2;;;;;;;;2;;;;
31/10/2020;12:31:00;264;ac03 - Acidente com Danos Materiais;120;BR-060/GO;Norte;Choque - Talude;1;;;;;;;;;;1;;;;
31/10/2020;13:15:00;289;ac02 - Acidente com Vítima;105,757;BR-060/GO;Sul;Capotamento;1;;;;;;;;;;0;1;;;
31/10/2020;13:27:00;295;ac03 - Acidente com Danos Materiais;556,8;BR-153/GO;Sul;Choque - Arvore;1;;;;;;;;;;1;;;;
31/10/2020;14:02:00;318;ac03 - Acidente com Danos Materiais;557,3;BR-153/GO;Sul;Saida de Pista;;;;;;;;;;1;1;;;;
31/10/2020;14:04:00;319;ac03 - Acidente com Danos Materiais;557,3;BR-153/GO;Sul;Choque - Arvore;1;;;;;;;;;;1;;;;
31/10/2020;14:16:00;324;ac02 - Acidente com Vítima;558,5;BR-153/GO;Norte;Choque - Elemento de Drenagem;1;;;;;;;;;;1;3;;;
31/10/2020;14:33:00;335;ac03 - Acidente com Danos Materiais;6,812;BR-060/GO;Norte;Saida de Pista;;;;;;;;;;1;1;;;;
31/10/2020;14:51:00;349;ac03 - Acidente com Danos Materiais;575,634;BR-153/GO;Norte;Saida de Pista;1;;;;;;;;;;3;;;;
31/10/2020;15:52:00;371;ac03 - Acidente com Danos Materiais;575,7;BR-153/GO;Norte;Saida de Pista;1;;;;;;;;;;1;;;;
31/10/2020;15:56:00;375;ac03 - Acidente com Danos Materiais;62;BR-060/GO;Norte;Colisão Lateral;1;;1;;;;;;;;3;;;;
31/10/2020;16:09:00;385;ac03 - Acidente com Danos Materiais;575,85;BR-153/GO;Norte;Saida de Pista;1;;;;;;;;;;1;;;;
31/10/2020;16:59:00;416;ac03 - Acidente com Danos Materiais;23;BR-153/MG;Sul;Saida de Pista;1;;;;;;;;;;2;;;;
31/10/2020;20:00:00;493;ac03 - Acidente com Danos Materiais;10;BR-153/MG;Norte;Choque - Elemento de Drenagem;1;;;;;;;;;;2;;;;
31/10/2020;21:34:00;519;ac03 - Acidente com Danos Materiais;820;BR-262/MG;Oeste;Choque - Elemento de Drenagem;1;;;;;;;;;;1;;;;
01/11/2020;00:48:00;18;ac02 - Acidente com Vítima;103;BR-060/GO;Norte;Capotamento;1;;;;;;;;;;2;1;1;;
01/11/2020;03:50:00;49;ac02 - Acidente com Vítima;567;BR-153/GO;Sul;Capotamento;1;;;;;;;;;;1;3;;;
01/11/2020;05:48:00;68;ac02 - Acidente com Vítima;28,611;BR-060/DF;Norte;Capotamento;1;;;;;;;;;;0;;1;1;
01/11/2020;10:39:00;233;ac02 - Acidente com Vítima;584,32;BR-153/GO;Norte;Capotamento;1;;;;;;;;;;1;2;;;
01/11/2020;15:52:00;380;ac03 - Acidente com Danos Materiais;612;BR-262/MG;Oeste;Capotamento;1;;;;;;;;;;6;;;;
01/11/2020;15:58:00;382;ac03 - Acidente com Danos Materiais;574,35;BR-262/MG;Oeste;Queda de Moto;;;;1;;;;;;;1;;;;
01/11/2020;16:11:00;389;ac02 - Acidente com Vítima;460,15;BR-262/MG;Leste;Choque- Placa/Suporte Sinalização;1;;;;;;;;;;0;1;;;
01/11/2020;16:43:00;407;ac02 - Acidente com Vítima;2,913;BR-060/DF;Norte;Colisão Traseira;1;;;1;;;;;;;1;1;;;
01/11/2020;17:35:00;420;ac02 - Acidente com Vítima;40,9;BR-060/GO;Sul;Queda de Moto;;;;1;;;;;;;0;2;;;