data;horario;n_da_ocorrencia;tipo_de_ocorrencia;km;trecho;sentido;tipo_de_acidente;automovel;bicicleta;caminhao;moto;onibus;outros;tracao_animal;transporte_de_cargas_especiais;trator_maquinas;utilitarios;ilesos;levemente_feridos;moderadamente_feridos;gravemente_feridos;mortos
01/11/2020;19:20:00;447;ac02 - Acidente com Vítima;374,789;BR-262/MG;Leste;Queda de Moto;;;;1;;;;;;;0;;1;;
01/11/2020;19:26:00;450;ac03 - Acidente com Danos Materiais;505,7;BR-153/GO;Sul;Colisão Traseira;2;;;;;;;;;;2;;;;
01/11/2020;22:27:00;503;ac03 - Acidente com Danos Materiais;433;BR-262/MG;Leste;Choque - Defensa;1;;;;;;;;;;3;;;;
01/11/2020;22:51:00;511;ac02 - Acidente com Vítima;244;BR-153/MG;Sul;Capotamento;1;;;;;1;;;;;2;3;;;
02/11/2020;05:54:00;72;ac02 - Acidente com Vítima;835;BR-262/MG;Oeste;Tombamento;1;;;;;;;;;;0;1;;;
02/11/2020;11:26:00;187;ac03 - Acidente com Danos Materiais;108;BR-153/MG;Norte;Colisão Lateral;;;2;;;;;;;;2;;;;
02/11/2020;14:20:00;272;ac03 - Acidente com Danos Materiais;554;BR-153/GO;Sul;Colisão Lateral;1;;1;;;;;;;;2;;;;
02/11/2020;15:24:00;307;ac03 - Acidente com Danos Materiais;406;BR-262/MG;Oeste;Saida de Pista;1;;;;;;;;;;1;;;;
02/11/2020;17:42:00;392;ac01 - Acidente com Vítima Fatal;567,9;BR-262/MG;Oeste;Colisão Transversal;;;1;;;;;;;1;0;1;1;1;1
02/11/2020;18:53:00;430;ac02 - Acidente com Vítima;128;BR-060/GO;Sul;Capotamento;1;;;;;;;;;;0;2;2;;
02/11/2020;19:02:00;432;ac02 - Acidente com Vítima;613;BR-153/GO;Sul;Queda de Ciclista;;;;1;;;;;;;0;1;;;
02/11/2020;19:42:00;456;ac02 - Acidente com Vítima;514,8;BR-153/GO;Sul;Colisão Traseira;;1;;;;1;;;;;1;1;;;
02/11/2020;19:53:00;463;ac02 - Acidente com Vítima;699,294;BR-153/GO;Sul;Queda de Moto;;;;1;;;;;;;0;1;;;
02/11/2020;20:16:00;469;ac03 - Acidente com Danos Materiais;539,547;BR-262/MG;Oeste;Saida de Pista;;;;;;1;;;;1;2;;;;
03/11/2020;04:58:00;45;ac02 - Acidente com Vítima;676;BR-153/GO;Norte;Capotamento;1;;;;;;;;;;0;3;;;
03/11/2020;11:30:00;213;ac03 - Acidente com Danos Materiais;1;BR-153/MG;Sul;Colisão Traseira;1;;;1;;;;;;;3;;;;
03/11/2020;12:05:00;235;ac03 - Acidente com Danos Materiais;494;BR-153/GO;Norte;Colisão Traseira;1;;1;;;;;;;;2;;;;
03/11/2020;12:17:00;242;ac03 - Acidente com Danos Materiais;691;BR-262/MG;Leste;Colisão Traseira;1;;1;;;;;;;;2;;;;
03/11/2020;13:01:00;261;ac03 - Acidente com Danos Materiais;501;BR-153/GO;Sul;Colisão Traseira;;;1;1;;;;;;;2;;;;
03/11/2020;15:16:00;312;ac02 - Acidente com Vítima;84;BR-060/GO;Sul;Capotamento;1;;;;;1;;;;;1;1;;1;
03/11/2020;15:17:00;313;ac03 - Acidente com Danos Materiais;389;BR-262/MG;Oeste;Colisão Lateral;;;2;;;;;;;;2;;;;
03/11/2020;16:08:00;335;ac01 - Acidente com Vítima Fatal;570;BR-262/MG;Oeste;Colisão Lateral;1;;1;;;;;;;;0;1;;;1
03/11/2020;16:38:00;347;ac03 - Acidente com Danos Materiais;547;BR-262/MG;Oeste;Colisão Lateral;2;;;;;;;;;;2;;;;
03/11/2020;17:54:00;390;ac03 - Acidente com Danos Materiais;28;BR-060/GO;Norte;Tombamento;;;1;;;;;;;;1;;;;
03/11/2020;18:00:00;394;ac03 - Acidente com Danos Materiais;403;BR-262/MG;Leste;Saida de Pista;1;;;;;;;;;;1;;;;
03/11/2020;18:35:00;407;ac03 - Acidente com Danos Materiais;500;BR-153/GO;Sul;Engavetamento;1;;2;;;;;;;;3;;;;
03/11/2020;19:34:00;438;ac03 - Acidente com Danos Materiais;440;BR-262/MG;Leste;Saida de Pista;1;;;;;;;;;;1;;;;
03/11/2020;19:37:00;439;ac03 - Acidente com Danos Materiais;484;BR-262/MG;Oeste;Atropelamento de Animal;;;1;;;;;;;;1;;;;
03/11/2020;21:59:00;491;ac03 - Acidente com Danos Materiais;880,234;BR-262/MG;Leste;Choque - Elemento de Drenagem;1;;;;;;;;;;1;;;;
04/11/2020;00:11:00;3;ac03 - Acidente com Danos Materiais;103;BR-060/GO;Norte;Colisão Traseira;;;2;;;;;;;;2;;;;
04/11/2020;00:35:00;9;ac03 - Acidente com Danos Materiais;123;BR-153/MG;Norte;Choque - Elemento de Drenagem;;;1;;;;;;;;1;;;;
04/11/2020;02:21:00;28;ac03 - Acidente com Danos Materiais;381;BR-262/MG;Leste;Choque - Barreira;;;;;;;;;;1;1;;;;
04/11/2020;03:29:00;35;ac03 - Acidente com Danos Materiais;575;BR-262/MG;Leste;Colisão Lateral;1;;1;;;;;;;;6;;;;
04/11/2020;07:08:00;87;ac02 - Acidente com Vítima;101,267;BR-060/GO;Norte;Colisão Lateral;1;;;1;;;;;;;2;;1;;
04/11/2020;16:14:00;359;ac02 - Acidente com Vítima;101,279;BR-060/GO;Norte;Colisão Traseira;1;;;1;;;;;;;2;2;;;
04/11/2020;18:55:00;421;ac03 - Acidente com Danos Materiais;439,7;BR-262/MG;Leste;Colisão Traseira;;;2;;;;;;;;2;;;;
04/11/2020;21:12:00;464;ac01 - Acidente com Vítima Fatal;515,095;BR-153/GO;Sul;Colisão Traseira;1;;;1;;;;;;;0;1;1;;1
04/11/2020;22:22:00;476;ac03 - Acidente com Danos Materiais;608,3;BR-153/GO;Norte;Colisão Traseira;;;1;;;1;;;;;2;;;;
05/11/2020;01:55:00;18;ac03 - Acidente com Danos Materiais;136;BR-060/GO;Sul;Capotamento;1;;;;;;;;;;1;;;;
05/11/2020;02:35:00;25;ac02 - Acidente com Vítima;507,814;BR-153/GO;Sul;Atropelamento - Usuário;1;;;;;;;;;;1;;;1;
05/11/2020;07:49:00;120;ac02 - Acidente com Vítima;138;BR-060/GO;Norte;Atropelamento de Animal;;;;1;;;;;;;0;1;;;
05/11/2020;07:51:00;121;ac02 - Acidente com Vítima;2,392;BR-060/DF;Norte;Queda de Moto;;;;1;;;;;;;0;1;;;
05/11/2020;08:28:00;148;ac03 - Acidente com Danos Materiais;13,408;BR-060/GO;Sul;Colisão Traseira;2;;;;;;;;;;2;;;;
05/11/2020;19:20:00;452;ac03 - Acidente com Danos Materiais;79;BR-060/GO;Sul;Atropelamento de Animal;1;;;;;;;;;;1;;;;
05/11/2020;20:19:00;476;ac03 - Acidente com Danos Materiais;634;BR-153/GO;Norte;Atropelamento de Animal;1;;;;;;;;;;1;;;;
06/11/2020;00:15:00;7;ac02 - Acidente com Vítima;75;BR-060/GO;Norte;Capotamento;1;;;;;;;;;;0;1;;;
06/11/2020;01:06:00;19;ac03 - Acidente com Danos Materiais;649,5;BR-262/MG;Oeste;Saida de Pista;;;;;;;;;;1;1;;;;
06/11/2020;11:47:00;278;ac03 - Acidente com Danos Materiais;462,5;BR-262/MG;Leste;Colisão Traseira;;;1;;;;;;;1;2;;;;
06/11/2020;12:39:00;304;ac02 - Acidente com Vítima;449;BR-262/MG;Oeste;Colisão Traseira;2;;;;1;;;;;;2;1;;;
06/11/2020;13:42:00;327;ac03 - Acidente com Danos Materiais;694;BR-262/MG;Leste;Saida de Pista;1;;;;;;;;;;1;;;;
06/11/2020;15:29:00;369;ac03 - Acidente com Danos Materiais;74;BR-060/GO;Sul;Saida de Pista;1;;;;;1;;;;;2;;;;
06/11/2020;18:09:00;450;ac02 - Acidente com Vítima;101;BR-060/GO;Sul;Colisão Traseira;;;1;1;;;;;;;1;1;1;;
06/11/2020;18:43:00;461;ac03 - Acidente com Danos Materiais;99,5;BR-060/GO;Sul;Capotamento;1;;;;;;;;;;1;;;;
06/11/2020;19:29:00;479;ac03 - Acidente com Danos Materiais;138;BR-060/GO;Norte;Colisão Lateral;;;2;;;;;;;;2;;;;
06/11/2020;19:50:00;487;ac03 - Acidente com Danos Materiais;127;BR-060/GO;Norte;Choque - Objeto sobre a pista;;;;;;;;;;1;1;;;;
06/11/2020;20:23:00;502;ac03 - Acidente com Danos Materiais;8;BR-060/DF;Sul;Tombamento;;;1;;;;;;;;1;;;;
07/11/2020;10:05:00;156;ac03 - Acidente com Danos Materiais;598;BR-262/MG;Leste;Saida de Pista;1;;;;;;;;;;2;;;;
07/11/2020;17:07:00;357;ac02 - Acidente com Vítima;595;BR-262/MG;Leste;Tombamento;;;;;1;;;;;;2;1;;;
07/11/2020;17:46:00;380;ac03 - Acidente com Danos Materiais;595,6;BR-262/MG;Leste;Saida de Pista;;;1;;;;;;;1;2;;;;
07/11/2020;18:46:00;408;ac02 - Acidente com Vítima;97;BR-060/GO;Sul;Colisão Traseira;1;;;1;;;;;;;1;2;;;
07/11/2020;19:11:00;422;ac02 - Acidente com Vítima;138;BR-060/GO;Sul;Colisão Traseira;1;;;1;;;;;;;1;1;;;
07/11/2020;19:32:00;434;ac02 - Acidente com Vítima;594,413;BR-262/MG;Oeste;Colisão Traseira;1;;1;;;;;;;;1;;1;;
07/11/2020;21:51:00;465;ac02 - Acidente com Vítima;506;BR-153/GO;Sul;Queda de Moto;;;;1;;;;;;;0;;1;;
07/11/2020;23:28:00;486;ac03 - Acidente com Danos Materiais;470;BR-262/MG;Leste;Saida de Pista;1;;;;;;;;;;1;;;;
08/11/2020;02:16:00;24;ac02 - Acidente com Vítima;12;BR-060/DF;Norte;Colisão Frontal;1;;;1;;;;;;;1;1;;;
08/11/2020;03:32:00;33;ac03 - Acidente com Danos Materiais;627,8;BR-153/GO;Sul;Tombamento;;;1;;;;;;;;1;;;;
08/11/2020;04:34:00;41;ac02 - Acidente com Vítima;391,89;BR-262/MG;Oeste;Capotamento;1;;;;;;;;;;0;1;;;
08/11/2020;04:43:00;43;ac03 - Acidente com Danos Materiais;677;BR-153/GO;Norte;Atropelamento de Animal;1;;;;;;;;;;4;;;;
08/11/2020;06:18:00;60;ac02 - Acidente com Vítima;369,5;BR-262/MG;Leste;Capotamento;1;;;;;;;;;;0;1;;;
08/11/2020;07:38:00;81;ac03 - Acidente com Danos Materiais;390;BR-262/MG;Leste;Colisão Traseira;;1;1;;;;;;;;2;;;;
08/11/2020;08:28:00;99;ac03 - Acidente com Danos Materiais;629;BR-262/MG;Leste;Choque - Elemento de Drenagem;1;;;;;;;;;;1;;;;
08/11/2020;09:16:00;138;ac03 - Acidente com Danos Materiais;378;BR-262/MG;Oeste;Queda de Moto;;;;1;;;;;;;1;;;;
08/11/2020;10:02:00;165;ac02 - Acidente com Vítima;512,514;BR-153/GO;Sul;Engavetamento;2;;;;;;;;;1;6;2;1;;
08/11/2020;11:15:00;196;ac02 - Acidente com Vítima;630,234;BR-153/GO;Sul;Capotamento;1;;;;;;;;;;0;2;;;
08/11/2020;13:54:00;258;ac03 - Acidente com Danos Materiais;66,15;BR-153/MG;Sul;Colisão Lateral;1;;1;;;;;;;;5;;;;
08/11/2020;15:04:00;286;ac02 - Acidente com Vítima;629,065;BR-153/GO;Sul;Choque - Elemento de Drenagem;1;;;;;;;;;;2;1;;;
08/11/2020;16:28:00;324;ac03 - Acidente com Danos Materiais;510,45;BR-153/GO;Sul;Choque- Placa/Suporte Sinalização;;;2;;;;;;;;2;;;;
08/11/2020;19:45:00;438;ac02 - Acidente com Vítima;878;BR-262/MG;Leste;Colisão Traseira;;;2;;;;;;;;1;1;;;
08/11/2020;20:05:00;445;ac03 - Acidente com Danos Materiais;648;BR-262/MG;Oeste;Queda de Moto;;;;1;;;;;;;2;;;;
09/11/2020;02:09:00;24;ac03 - Acidente com Danos Materiais;58,5;BR-060/GO;Norte;Atropelamento de Animal;1;;;;;;;;;;4;;;;
09/11/2020;05:01:00;42;ac02 - Acidente com Vítima;495,5;BR-153/GO;Sul;Colisão Traseira;1;;1;;;;;;;;0;2;;;
09/11/2020;05:12:00;45;ac03 - Acidente com Danos Materiais;11,3;BR-060/DF;Norte;Saida de Pista;1;;;;;;;;;;1;;;;
09/11/2020;05:12:00;46;ac03 - Acidente com Danos Materiais;496,3;BR-262/MG;Oeste;Capotamento;1;;;;;;;;;;1;;;;
09/11/2020;07:53:00;106;ac02 - Acidente com Vítima;803;BR-262/MG;Leste;Colisão Traseira;1;;1;;;;;;;;2;1;;;
09/11/2020;08:07:00;110;ac02 - Acidente com Vítima;499,843;BR-153/GO;Sul;Colisão Traseira;1;;;1;;;;;;;1;1;;;
09/11/2020;10:17:00;180;ac03 - Acidente com Danos Materiais;372;BR-262/MG;Oeste;Choque - Elemento de Drenagem;1;;;;;;;;;;1;;;;
09/11/2020;14:04:00;278;ac03 - Acidente com Danos Materiais;553;BR-262/MG;Oeste;Colisão Lateral;;;2;;;;;;;;2;;;;
09/11/2020;14:31:00;295;ac03 - Acidente com Danos Materiais;619,8;BR-262/MG;Leste;Colisão Lateral;2;;;;;;;;;;2;;;;
09/11/2020;14:54:00;305;ac03 - Acidente com Danos Materiais;586;BR-262/MG;Oeste;Saida de Pista;;;1;;;;;;;;1;;;;
09/11/2020;16:22:00;346;ac03 - Acidente com Danos Materiais;1,8;BR-153/MG;Sul;Colisão Lateral;1;;1;;;;;;;;2;;;;
09/11/2020;18:27:00;402;ac02 - Acidente com Vítima;138;BR-060/GO;Sul;Colisão Lateral;1;;;1;;;;;;;1;1;;;
09/11/2020;22:11:00;476;ac03 - Acidente com Danos Materiais;576;BR-153/GO;Sul;Carreta deu L;;;1;;;;;;;;1;;;;
09/11/2020;22:13:00;478;ac02 - Acidente com Vítima;507;BR-153/GO;Sul;Queda de Moto;;;;1;;;;;;;0;1;;;
09/11/2020;22:26:00;482;ac03 - Acidente com Danos Materiais;150,1;BR-153/MG;Sul;Capotamento;;;1;;;;;;;;1;;;;
10/11/2020;00:53:00;9;ac02 - Acidente com Vítima;838,05;BR-262/MG;Oeste;Choque - Outros;;;1;;;;;;;;0;;1;;
10/11/2020;01:42:00;12;ac03 - Acidente com Danos Materiais;26,7;BR-060/DF;Norte;Saida de Pista;1;;;;;;;;;;3;;;;
10/11/2020;16:02:00;286;ac03 - Acidente com Danos Materiais;369;BR-262/MG;Oeste;Saida de Pista;1;;;;;;;;;;3;;;;
10/11/2020;16:30:00;301;ac02 - Acidente com Vítima;356;BR-262/MG;Oeste;Capotamento;1;;;;;;;;;;0;;1;;
10/11/2020;17:41:00;337;ac03 - Acidente com Danos Materiais;380;BR-262/MG;Oeste;Capotamento;1;;;;;;;;;;1;;;;
10/11/2020;17:45:00;339;ac03 - Acidente com Danos Materiais;501;BR-153/GO;Sul;Engavetamento;3;;;1;;1;;;;;5;;;;
10/11/2020;23:19:00;446;ac03 - Acidente com Danos Materiais;651;BR-262/MG;Leste;Objeto lançado contra veículo;;;1;;;;;;;1;5;;;;
10/11/2020;23:51:00;453;ac03 - Acidente com Danos Materiais;664;BR-262/MG;Leste;Queda de Moto;;;;1;;1;;;;;2;;;;
11/11/2020;00:06:00;2;ac03 - Acidente com Danos Materiais;71;BR-153/MG;Norte;Choque - Barreira;;;1;;;1;;;;;2;;;;
11/11/2020;03:57:00;36;ac03 - Acidente com Danos Materiais;814,5;BR-262/MG;Oeste;Colisão Traseira;1;;;;;;;;;1;2;;;;
11/11/2020;07:14:00;74;ac03 - Acidente com Danos Materiais;505;BR-153/GO;Norte;Colisão Traseira;2;;;;;;;;;;2;;;;
11/11/2020;07:48:00;93;ac03 - Acidente com Danos Materiais;508;BR-153/GO;Norte;Colisão Traseira;2;;;;;;;;;;2;;;;
11/11/2020;08:29:00;112;ac03 - Acidente com Danos Materiais;509,6;BR-153/GO;Norte;Engavetamento;3;;;;;;;;;;4;;;;
11/11/2020;09:12:00;141;ac01 - Acidente com Vítima Fatal;75;BR-153/MG;Norte;Colisão Frontal;;;4;;;5;;;;;8;;;;1
11/11/2020;10:30:00;182;ac03 - Acidente com Danos Materiais;379;BR-262/MG;Oeste;;1;;;;;;;;;;1;;;;
11/11/2020;12:08:00;222;ac03 - Acidente com Danos Materiais;588,5;BR-262/MG;Leste;Saida de Pista;;;1;;;;;;;;1;;;;
11/11/2020;14:58:00;306;ac03 - Acidente com Danos Materiais;504;BR-153/GO;Norte;Colisão Lateral;;;1;1;;;;;;;2;;;;
11/11/2020;15:19:00;314;ac03 - Acidente com Danos Materiais;380;BR-262/MG;Leste;Saida de Pista;1;;;;;;;;;;1;;;;
11/11/2020;15:19:00;315;ac03 - Acidente com Danos Materiais;607;BR-153/GO;Sul;Colisão Traseira;;;2;;;;;;;;2;;;;
11/11/2020;15:27:00;317;ac03 - Acidente com Danos Materiais;5;BR-060/DF;Sul;Engavetamento;3;;;;;;;;;;3;;;;
11/11/2020;15:32:00;320;ac03 - Acidente com Danos Materiais;402;BR-262/MG;Oeste;Saida de Pista;1;;;;;;;;;;1;;;;
11/11/2020;16:06:00;329;ac03 - Acidente com Danos Materiais;394;BR-262/MG;Oeste;Colisão Traseira;;;1;;;;;;;1;2;;;;
11/11/2020;17:52:00;378;ac02 - Acidente com Vítima;516;BR-153/GO;Norte;Queda de Moto;;;;1;;;;;;;0;;1;;
11/11/2020;19:19:00;418;ac03 - Acidente com Danos Materiais;554;BR-262/MG;Oeste;Saida de Pista;1;;;;;;;;;;2;;;;
11/11/2020;19:44:00;428;ac03 - Acidente com Danos Materiais;133,8;BR-060/GO;Sul;Saida de Pista;1;;;;;;;;;;3;;;;
11/11/2020;20:04:00;435;ac02 - Acidente com Vítima;133,3;BR-060/GO;Sul;Choque - Veiculo parado no acostamento;1;;;;;1;;;;;1;1;;;
12/11/2020;02:13:00;28;ac03 - Acidente com Danos Materiais;552;BR-262/MG;Leste;Saida de Pista;;;1;;;;;;;;1;;;;
12/11/2020;02:28:00;31;ac03 - Acidente com Danos Materiais;47;BR-060/GO;Norte;Tombamento;;;1;;;;;;;;1;;;;
12/11/2020;06:44:00;79;ac03 - Acidente com Danos Materiais;380;BR-262/MG;Leste;Capotamento;1;;;;;;;;;;2;;;;
12/11/2020;06:47:00;83;ac02 - Acidente com Vítima;553;BR-262/MG;Leste;Colisão Frontal;;;2;;;;;;;;1;1;;;
12/11/2020;07:24:00;96;ac03 - Acidente com Danos Materiais;506,563;BR-153/GO;Norte;Colisão Traseira;1;;;;;;;;;1;2;;;;
12/11/2020;08:43:00;126;ac03 - Acidente com Danos Materiais;502,188;BR-153/GO;Norte;Colisão Traseira;2;;;;;;;;;;2;;;;
12/11/2020;09:02:00;150;ac02 - Acidente com Vítima;243,35;BR-153/MG;Sul;Queda de Moto;;;;1;;;;;;;0;1;;;
12/11/2020;09:54:00;167;ac03 - Acidente com Danos Materiais;532,35;BR-153/GO;Norte;Choque - Talude;;;1;;;;;;;;1;;;;
12/11/2020;12:14:00;237;ac03 - Acidente com Danos Materiais;27,318;BR-060/GO;Norte;Choque - Elemento de Drenagem;1;;;;;;;;;;1;;;;
12/11/2020;12:20:00;240;ac03 - Acidente com Danos Materiais;29,878;BR-060/GO;Norte;Choque- Placa/Suporte Sinalização;1;;;;;;;;;;1;;;;
12/11/2020;14:27:00;279;ac03 - Acidente com Danos Materiais;533;BR-262/MG;Leste;Saida de Pista;;;1;;;1;;;;;2;;;;
12/11/2020;15:20:00;307;ac03 - Acidente com Danos Materiais;509,309;BR-153/GO;Norte;Colisão Traseira;2;;;;;;;;;;2;;;;
12/11/2020;15:26:00;310;ac03 - Acidente com Danos Materiais;500,6;BR-153/GO;Sul;Colisão Traseira;2;;;;;;;;;;2;;;;
12/11/2020;15:35:00;313;ac03 - Acidente com Danos Materiais;586,9;BR-262/MG;Oeste;Colisão Lateral;;;2;;;;;;;;3;;;;
12/11/2020;15:56:00;319;ac03 - Acidente com Danos Materiais;112;BR-060/GO;Sul;Choque - Talude;;;1;;;;;;;;1;;;;
12/11/2020;16:33:00;332;ac02 - Acidente com Vítima;659,24;BR-153/GO;Norte;Choque - Elemento de Drenagem;1;;;;;;;;;;0;1;;;
12/11/2020;16:40:00;339;ac03 - Acidente com Danos Materiais;777,12;BR-262/MG;Oeste;Tombamento;;;1;;;;;;;;2;;;;
12/11/2020;17:22:00;358;ac02 - Acidente com Vítima;562,976;BR-153/GO;Norte;Tombamento;;;1;;;;;;;;0;3;;;
12/11/2020;17:31:00;364;ac02 - Acidente com Vítima;217,8;BR-153/MG;Norte;Colisão Transversal;1;;;;;;;;;1;0;1;1;;
12/11/2020;17:43:00;371;ac03 - Acidente com Danos Materiais;6,6;BR-060/DF;Norte;Choque- Poste/Equipamento;1;;;;;;;;;;1;;;;
12/11/2020;17:53:00;375;ac03 - Acidente com Danos Materiais;507;BR-153/GO;Sul;Engavetamento;2;;;;;1;;;;;3;;;;
12/11/2020;19:39:00;416;ac03 - Acidente com Danos Materiais;508;BR-153/GO;Norte;Colisão Traseira;1;;;;;1;;;;;2;;;;
12/11/2020;19:56:00;421;ac03 - Acidente com Danos Materiais;507,9;BR-153/GO;Sul;Colisão Lateral;1;;;;;1;;;;;2;;;;
12/11/2020;21:35:00;459;ac03 - Acidente com Danos Materiais;498;BR-153/GO;Norte;Queda de Moto;;;;1;;;;;;;1;;;;
12/11/2020;23:36:00;485;ac03 - Acidente com Danos Materiais;441,7;BR-262/MG;Leste;Colisão Traseira;1;;1;;;;;;;;2;;;;
13/11/2020;04:43:00;34;ac03 - Acidente com Danos Materiais;673;BR-153/GO;Sul;Colisão Traseira;;;2;;;;;;;;2;;;;
13/11/2020;04:49:00;36;ac03 - Acidente com Danos Materiais;589,989;BR-262/MG;Oeste;Colisão Traseira;1;;1;;;;;;;;6;;;;
13/11/2020;06:25:00;54;ac03 - Acidente com Danos Materiais;635,787;BR-153/GO;Norte;Colisão Traseira;;;2;;;;;;;;2;;;;
13/11/2020;07:30:00;74;ac03 - Acidente com Danos Materiais;366,8;BR-262/MG;Oeste;Colisão Traseira;2;;;;;;;;;;2;;;;
13/11/2020;07:43:00;80;ac03 - Acidente com Danos Materiais;607,35;BR-262/MG;Leste;Choque - Talude;;;1;;;;;;;;1;;;;
13/11/2020;07:54:00;82;ac02 - Acidente com Vítima;367,6;BR-262/MG;Leste;Queda de Moto;;;;1;;;;;;;0;1;;;
13/11/2020;08:18:00;96;ac03 - Acidente com Danos Materiais;507,336;BR-153/GO;Sul;Colisão Traseira;2;;;;;;;;;;2;;;;
13/11/2020;08:30:00;103;ac03 - Acidente com Danos Materiais;501,5;BR-153/GO;Norte;Colisão Traseira;2;;;;;;;;;;2;;;;
13/11/2020;09:58:00;153;ac02 - Acidente com Vítima;104,652;BR-060/GO;Sul;Queda de Moto;;;;1;;;;;;;0;2;;;
13/11/2020;10:32:00;169;ac03 - Acidente com Danos Materiais;386,25;BR-262/MG;Oeste;Capotamento;1;;;;;;;;;;1;;;;
13/11/2020;11:37:00;202;ac03 - Acidente com Danos Materiais;380;BR-262/MG;Oeste;Choque - Elemento de Drenagem;1;;;;;;;;;;5;;;;
13/11/2020;13:04:00;234;ac03 - Acidente com Danos Materiais;358,15;BR-262/MG;Leste;Carreta deu L;;;1;;;;;;;;1;;;;
13/11/2020;14:22:00;265;ac03 - Acidente com Danos Materiais;592,695;BR-153/GO;Sul;Colisão Traseira;;;2;;;;;;;;2;;;;
13/11/2020;14:52:00;275;ac02 - Acidente com Vítima;84,203;BR-060/GO;Sul;Queda de Moto;;;;1;;;;;;;0;1;;;
13/11/2020;15:39:00;291;ac03 - Acidente com Danos Materiais;46;BR-153/MG;Norte;Saida de Pista;;;1;;;;;;;;1;;;;
13/11/2020;15:59:00;298;ac03 - Acidente com Danos Materiais;499,731;BR-153/GO;Sul;Colisão Traseira;2;;;;;;;;;;2;;;;
13/11/2020;16:29:00;309;ac02 - Acidente com Vítima;529,28;BR-153/GO;Sul;Capotamento;1;;;;;;;;;;0;2;;;
13/11/2020;16:37:00;314;ac03 - Acidente com Danos Materiais;34,817;BR-060/GO;Sul;Capotamento;1;;;;;;;;;;1;;;;
13/11/2020;16:47:00;317;ac03 - Acidente com Danos Materiais;534;BR-153/GO;Norte;Choque - Elemento de Drenagem;1;;;;;;;;;;1;;;;
13/11/2020;17:14:00;334;ac03 - Acidente com Danos Materiais;567,6;BR-262/MG;Leste;Capotamento;1;;;;;;;;;;2;;;;
13/11/2020;17:36:00;342;ac02 - Acidente com Vítima;553;BR-262/MG;Leste;Colisão Frontal;;;2;;;1;;;;;2;;1;;
13/11/2020;18:46:00;372;ac03 - Acidente com Danos Materiais;589;BR-262/MG;Oeste;Saida de Pista;;;1;;;;;;;;1;;;;
13/11/2020;19:00:00;379;ac02 - Acidente com Vítima;664;BR-153/GO;Sul;Colisão Traseira;;;1;;;;;;;1;2;1;;;
13/11/2020;19:54:00;402;ac03 - Acidente com Danos Materiais;548,1;BR-262/MG;Leste;Choque - Defensa;1;;;;;;;;;;5;;;;
13/11/2020;19:59:00;405;ac03 - Acidente com Danos Materiais;38;BR-060/GO;Norte;Capotamento;1;;;;;;;;;;2;;;;
13/11/2020;20:03:00;407;ac03 - Acidente com Danos Materiais;3;BR-060/DF;Sul;Colisão Traseira;1;;;1;;;;;;;4;;;;
13/11/2020;20:09:00;410;ac03 - Acidente com Danos Materiais;117;BR-060/GO;Norte;Colisão Traseira;2;;;;;;;;;;3;;;;
13/11/2020;21:18:00;441;ac03 - Acidente com Danos Materiais;27,732;BR-060/GO;Sul;Colisão Traseira;1;;1;;;;;;;;3;;;;
13/11/2020;21:28:00;444;ac02 - Acidente com Vítima;509;BR-153/GO;Sul;Queda de Ciclista;;1;;;;;;;;;0;;1;;
13/11/2020;21:30:00;445;ac03 - Acidente com Danos Materiais;0,6;BR-060/DF;Sul;Colisão Traseira;2;;;;;;;;;;2;;;;
13/11/2020;23:14:00;469;ac03 - Acidente com Danos Materiais;173,784;BR-153/MG;Sul;Saida de Pista;;;1;;;;;;;;1;;;;
14/11/2020;00:22:00;11;ac03 - Acidente com Danos Materiais;125;BR-060/GO;Sul;Colisão Transversal;;;2;;;;;;;;2;;;;
14/11/2020;07:59:00;118;ac03 - Acidente com Danos Materiais;863;BR-262/MG;Leste;Saida de Pista;1;;;;;;;;;;1;;;;
14/11/2020;08:22:00;135;ac03 - Acidente com Danos Materiais;519;BR-262/MG;Leste;Capotamento;1;;;;;;;;;;1;;;;
14/11/2020;08:58:00;151;ac03 - Acidente com Danos Materiais;43;BR-060/GO;Sul;Colisão Traseira;1;;1;;;;;;;;2;;;;