data;horario;n_da_ocorrencia;tipo_de_ocorrencia;km;trecho;sentido;tipo_de_acidente;automovel;bicicleta;caminhao;moto;onibus;outros;tracao_animal;transporte_de_cargas_especiais;trator_maquinas;utilitarios;ilesos;levemente_feridos;moderadamente_feridos;gravemente_feridos;mortos
07/12/2020;14:41:00;293;ac03 - Acidente com Danos Materiais;418;BR-262/MG;Oeste;Saida de Pista;1;;;;;;;;;;1;;;;
07/12/2020;15:00:00;300;ac03 - Acidente com Danos Materiais;454;BR-262/MG;Leste;Choque - Objeto sobre a pista;1;;1;;;;;;;;2;;;;
07/12/2020;16:56:00;346;ac03 - Acidente com Danos Materiais;380,15;BR-262/MG;Oeste;Capotamento;1;;;;;;;;;;4;;;;
07/12/2020;17:11:00;354;ac03 - Acidente com Danos Materiais;380,5;BR-262/MG;Leste;Capotamento;1;;;;;;;;;;1;;;;
07/12/2020;18:42:00;388;ac03 - Acidente com Danos Materiais;24,3;BR-060/DF;Norte;Capotamento;1;;;;;;;;;;2;;;;
07/12/2020;19:11:00;399;ac03 - Acidente com Danos Materiais;369,5;BR-262/MG;Oeste;Colisão Lateral;;;1;;;;;;;1;2;;;;
08/12/2020;06:53:00;69;ac03 - Acidente com Danos Materiais;508,7;BR-153/GO;Norte;Colisão Lateral;1;;;1;;;;;;;2;;;;
08/12/2020;07:44:00;92;ac03 - Acidente com Danos Materiais;499,2;BR-153/GO;Norte;Colisão Traseira;2;;;;;;;;;;3;;;;
08/12/2020;11:10:00;227;ac03 - Acidente com Danos Materiais;571;BR-262/MG;Leste;Tombamento;;;1;;;2;;;;;3;;;;
08/12/2020;13:25:00;284;ac03 - Acidente com Danos Materiais;529,25;BR-153/GO;Norte;Capotamento;1;;;;;;;;;;1;;;;
08/12/2020;13:26:00;285;ac03 - Acidente com Danos Materiais;595;BR-262/MG;Leste;Saida de Pista;;;1;;;;;;;;1;;;;
08/12/2020;13:38:00;290;ac03 - Acidente com Danos Materiais;588;BR-262/MG;Oeste;Carreta deu L;;;1;;;;;;;;1;;;;
08/12/2020;13:39:00;291;ac03 - Acidente com Danos Materiais;573;BR-262/MG;Oeste;Saida de Pista;;;1;;;;;;;;1;;;;
08/12/2020;14:10:00;303;ac03 - Acidente com Danos Materiais;620;BR-153/GO;Norte;Choque - Elemento de Drenagem;1;;;;;;;;;;1;;;;
08/12/2020;14:11:00;306;ac03 - Acidente com Danos Materiais;588;BR-262/MG;Leste;Queda de Moto;;;;1;;;;;;;1;;;;
08/12/2020;14:54:00;336;ac02 - Acidente com Vítima;546;BR-153/GO;Norte;Engavetamento;1;;1;;;;;;;1;5;1;;;
08/12/2020;15:24:00;361;ac03 - Acidente com Danos Materiais;548;BR-153/GO;Norte;Saida de Pista;1;;;;;;;;;;1;;;;
08/12/2020;15:30:00;364;ac03 - Acidente com Danos Materiais;527,3;BR-153/GO;Sul;Capotamento;1;;;;1;;;;;;13;;;;
08/12/2020;17:07:00;411;ac03 - Acidente com Danos Materiais;573;BR-262/MG;Leste;Saida de Pista;;;1;;;;;;;;1;;;;
08/12/2020;17:36:00;423;ac03 - Acidente com Danos Materiais;501;BR-262/MG;Leste;Colisão Lateral;;;1;1;;;;;;;2;;;;
08/12/2020;19:01:00;463;ac03 - Acidente com Danos Materiais;6,6;BR-060/GO;Sul;Tombamento;;;1;;;1;;;;;2;;;;
09/12/2020;01:16:00;17;ac03 - Acidente com Danos Materiais;46,238;BR-153/MG;Norte;Tombamento;;;1;;;;;;;;1;;;;
09/12/2020;03:54:00;49;ac03 - Acidente com Danos Materiais;46,674;BR-153/MG;Norte;Tombamento;;;1;;;1;;;;;2;;;;
09/12/2020;04:51:00;54;ac03 - Acidente com Danos Materiais;557;BR-262/MG;Leste;Saida de Pista;;;1;;;;;;;;1;;;;
09/12/2020;06:00:00;71;ac02 - Acidente com Vítima;381;BR-262/MG;Leste;Capotamento;1;;;;;;;;;;0;1;;;
09/12/2020;07:36:00;99;ac02 - Acidente com Vítima;501;BR-153/GO;Norte;Colisão Lateral;1;;;1;;;;;;;2;1;;;
09/12/2020;08:10:00;124;ac03 - Acidente com Danos Materiais;544;BR-262/MG;Leste;Colisão Traseira;2;;;;;;;;;;2;;;;
09/12/2020;13:43:00;376;ac03 - Acidente com Danos Materiais;556;BR-262/MG;Leste;Colisão Traseira;;;2;;;2;;;;;4;;;;
09/12/2020;15:10:00;418;ac02 - Acidente com Vítima;625,1;BR-153/GO;Norte;Capotamento;1;;;;;;;;;;1;4;;;
09/12/2020;15:42:00;439;ac03 - Acidente com Danos Materiais;16;BR-153/MG;Sul;Saida de Pista;1;;;;;;;;;;1;;;;
09/12/2020;18:31:00;516;ac03 - Acidente com Danos Materiais;610;BR-262/MG;Leste;Saida de Pista;;;1;;;;;;;;1;;;;
09/12/2020;19:30:00;557;ac02 - Acidente com Vítima;90,5;BR-060/GO;Norte;Colisão Traseira;1;;;1;;;;;;;2;1;;;
10/12/2020;05:06:00;56;ac03 - Acidente com Danos Materiais;566;BR-262/MG;Leste;Saida de Pista;;;1;;;;;;;;1;;;;
10/12/2020;07:45:00;104;ac03 - Acidente com Danos Materiais;378,15;BR-262/MG;Leste;Choque - Elemento de Drenagem;;;;;;;;;;1;1;;;;
10/12/2020;07:56:00;107;ac03 - Acidente com Danos Materiais;378,2;BR-262/MG;Leste;Choque - Elemento de Drenagem;1;;;;;;;;;;1;;;;
10/12/2020;08:10:00;112;ac03 - Acidente com Danos Materiais;385,335;BR-262/MG;Leste;Choque - Elemento de Drenagem;1;;;;;;;;;;1;;;;
10/12/2020;08:14:00;116;ac02 - Acidente com Vítima;580,05;BR-262/MG;Leste;Tombamento;;;1;;;;;;;;0;;;1;
10/12/2020;11:51:00;264;ac02 - Acidente com Vítima;47;BR-060/GO;Sul;Saida de Pista;;;;;;;;;;1;0;1;;;
10/12/2020;12:08:00;273;ac03 - Acidente com Danos Materiais;549;BR-262/MG;Leste;Saida de Pista;1;;;;;;;;;;1;;;;
10/12/2020;13:06:00;294;ac03 - Acidente com Danos Materiais;695;BR-262/MG;Leste;Choque - Elemento de Drenagem;1;;;;;;;;;;1;;;;
10/12/2020;13:12:00;295;ac03 - Acidente com Danos Materiais;389,3;BR-262/MG;Oeste;Saida de Pista;;;1;;;;;;;;1;;;;
10/12/2020;13:16:00;296;ac03 - Acidente com Danos Materiais;99;BR-060/GO;Norte;Saida de Pista;;;1;;;;;;;;1;;;;
10/12/2020;13:33:00;301;ac03 - Acidente com Danos Materiais;402;BR-262/MG;Oeste;Saida de Pista;1;;;;;;;;;;2;;;;
10/12/2020;14:11:00;314;ac03 - Acidente com Danos Materiais;385;BR-262/MG;Leste;Capotamento;1;;;;;;;;;;1;;;;
10/12/2020;15:11:00;332;ac03 - Acidente com Danos Materiais;386;BR-262/MG;Leste;Saida de Pista;1;;;;;;;;;;1;;;;
10/12/2020;16:27:00;376;ac01 - Acidente com Vítima Fatal;619,9;BR-262/MG;Oeste;Colisão Lateral;1;;3;;1;;;;;;19;;;;1
10/12/2020;16:30:00;377;ac03 - Acidente com Danos Materiais;548;BR-262/MG;Oeste;Capotamento;1;;;;;;;;;;3;;;;
10/12/2020;17:18:00;393;ac02 - Acidente com Vítima;8,4;BR-060/GO;Sul;Capotamento;1;;;;;;;;;;1;;2;;
10/12/2020;18:39:00;424;ac03 - Acidente com Danos Materiais;134;BR-060/GO;Sul;Colisão Traseira;2;;;;;;;;;;2;;;;
10/12/2020;18:59:00;430;ac03 - Acidente com Danos Materiais;743,4;BR-262/MG;Leste;Colisão Traseira;1;;;;;1;;;;;6;;;;
10/12/2020;19:00:00;431;ac03 - Acidente com Danos Materiais;480;BR-262/MG;Leste;Saida de Pista;;;1;;;;;;;;1;;;;
10/12/2020;19:17:00;434;ac03 - Acidente com Danos Materiais;481,572;BR-262/MG;Leste;Saida de Pista;;;1;;;;;;;;1;;;;
10/12/2020;19:32:00;439;ac03 - Acidente com Danos Materiais;587;BR-262/MG;Leste;Capotamento;1;;;;;;;;;;1;;;;
10/12/2020;21:52:00;481;ac03 - Acidente com Danos Materiais;11,8;BR-153/MG;Norte;Choque - Elemento de Drenagem;1;;;;;;;;;;2;;;;
10/12/2020;22:00:00;485;ac03 - Acidente com Danos Materiais;524,529;BR-262/MG;Oeste;Atropelamento de Animal;1;;;;;;;;;;1;;;;
10/12/2020;22:32:00;492;ac03 - Acidente com Danos Materiais;586;BR-153/GO;Norte;Tombamento;;;1;;;;;;;;1;;;;
10/12/2020;22:39:00;493;ac03 - Acidente com Danos Materiais;472,427;BR-262/MG;Oeste;Tombamento;;;1;;;;;;;;1;;;;
10/12/2020;23:54:00;507;ac03 - Acidente com Danos Materiais;47;BR-060/GO;Norte;Capotamento;;;;;;;;;;1;1;;;;
11/12/2020;00:42:00;13;ac03 - Acidente com Danos Materiais;894;BR-262/MG;Leste;Saida de Pista;1;;;;;;;;;;1;;;;
11/12/2020;02:48:00;38;ac03 - Acidente com Danos Materiais;385,92;BR-262/MG;Oeste;Tombamento;;;;;;;;;;1;2;;;;
11/12/2020;06:58:00;84;ac03 - Acidente com Danos Materiais;47,647;BR-060/GO;Sul;Saida de Pista;1;;;;;;;;;;1;;;;
11/12/2020;07:00:00;85;ac03 - Acidente com Danos Materiais;491;BR-153/GO;Sul;Choque - Defensa;;;1;;;;;;;;1;;;;
11/12/2020;07:44:00;98;ac03 - Acidente com Danos Materiais;508;BR-153/GO;Norte;Colisão Transversal;2;;;;;;;;;;2;;;;
11/12/2020;08:08:00;107;ac02 - Acidente com Vítima;503;BR-153/GO;Sul;Colisão Traseira;1;;;1;;;;;;;1;1;;;
11/12/2020;10:54:00;209;ac02 - Acidente com Vítima;94,5;BR-153/MG;Sul;Engavetamento;;;5;;;;;;;;6;1;1;;
11/12/2020;11:21:00;221;ac03 - Acidente com Danos Materiais;407,15;BR-262/MG;Oeste;Capotamento;;;;;;;;;;1;1;;;;
11/12/2020;12:40:00;248;ac03 - Acidente com Danos Materiais;27;BR-060/DF;Norte;Saida de Pista;1;;;;;;;;;;1;;;;
11/12/2020;12:43:00;249;ac02 - Acidente com Vítima;172,3;BR-153/MG;Norte;Tombamento;;;1;;;2;;;;;2;1;;;
11/12/2020;13:08:00;254;ac03 - Acidente com Danos Materiais;27,5;BR-060/DF;Norte;Saida de Pista;1;;;;;;;;;;1;;;;
11/12/2020;14:08:00;274;ac02 - Acidente com Vítima;97;BR-060/GO;Sul;Queda de Moto;1;;;1;;;;;;;2;1;;;
11/12/2020;14:36:00;287;ac02 - Acidente com Vítima;136;BR-060/GO;Sul;Capotamento;;;;;;;;;;1;0;;1;;
11/12/2020;15:33:00;307;ac03 - Acidente com Danos Materiais;129;BR-060/GO;Norte;Colisão Traseira;1;;1;;;;;;;;3;;;;
11/12/2020;16:34:00;335;ac02 - Acidente com Vítima;517;BR-153/GO;Sul;Saida de Pista;;;1;;;;;;;;0;1;;;
11/12/2020;16:47:00;340;ac03 - Acidente com Danos Materiais;499;BR-153/GO;Sul;Colisão Traseira;1;;;;;1;;;;;3;;;;
11/12/2020;17:02:00;379;ac02 - Acidente com Vítima;701,5;BR-262/MG;Leste;Colisão Transversal;;;;;;;;;;2;1;1;;;
11/12/2020;17:19:00;390;ac03 - Acidente com Danos Materiais;505;BR-153/GO;Norte;Colisão Traseira;2;;;;;1;;;;;3;;;;
11/12/2020;17:32:00;393;ac03 - Acidente com Danos Materiais;445;BR-262/MG;Oeste;Colisão Traseira;;;1;1;;;;;;;2;;;;
11/12/2020;17:36:00;395;ac02 - Acidente com Vítima;505,5;BR-153/GO;Norte;Colisão Traseira;1;;;;;1;;;;;2;;1;;
11/12/2020;17:49:00;400;ac03 - Acidente com Danos Materiais;25;BR-153/MG;Sul;Saida de Pista;1;;;;;;;;;;1;;;;
11/12/2020;19:11:00;414;ac03 - Acidente com Danos Materiais;54,5;BR-153/MG;Norte;Saida de Pista;1;;;;;;;;;;3;;;;
11/12/2020;19:18:00;418;ac02 - Acidente com Vítima;479,8;BR-262/MG;Oeste;Capotamento;1;;;;;1;;;;;1;1;;;
11/12/2020;19:30:00;419;ac03 - Acidente com Danos Materiais;60;BR-153/MG;Norte;Engavetamento;1;;2;;;;;;;;7;;;;
11/12/2020;21:08:00;449;ac03 - Acidente com Danos Materiais;50;BR-153/MG;Sul;Choque - Elemento de Drenagem;1;;;;;;;;;;2;;;;
11/12/2020;21:27:00;453;ac03 - Acidente com Danos Materiais;607,127;BR-262/MG;Oeste;Saida de Pista;;;;;1;1;;;;;25;;;;
11/12/2020;21:50:00;462;ac03 - Acidente com Danos Materiais;421,461;BR-262/MG;Leste;Atropelamento de Animal;;;1;;;1;;;;;2;;;;
11/12/2020;22:35:00;472;ac02 - Acidente com Vítima;506;BR-153/GO;Sul;Colisão Traseira;1;;;;;1;;;;;4;;2;;
11/12/2020;23:11:00;478;ac03 - Acidente com Danos Materiais;519;BR-153/GO;Norte;Capotamento;1;;;;;;;;;;2;;;;
12/12/2020;01:22:00;18;ac03 - Acidente com Danos Materiais;549,557;BR-262/MG;Leste;Saida de Pista;1;;;;;;;;;;3;;;;
12/12/2020;02:13:00;30;ac03 - Acidente com Danos Materiais;412,786;BR-262/MG;Leste;Saida de Pista;;;1;;;;;;;;3;;;;
12/12/2020;06:38:00;79;ac03 - Acidente com Danos Materiais;801;BR-262/MG;Leste;Saida de Pista;1;;;;;;;;;;2;;;;
12/12/2020;09:10:00;148;ac02 - Acidente com Vítima;496;BR-153/GO;Sul;Colisão Lateral;1;;;1;;;;;;;2;2;;;
12/12/2020;09:15:00;151;ac03 - Acidente com Danos Materiais;443;BR-262/MG;Leste;Colisão Traseira;1;;;;;;;;;;1;;;;
12/12/2020;11:10:00;204;ac02 - Acidente com Vítima;70;BR-060/GO;Sul;Colisão Lateral;2;;;;;;;;;;5;1;;;
12/12/2020;12:49:00;245;ac03 - Acidente com Danos Materiais;633;BR-262/MG;Oeste;Capotamento;1;;;;;;;;;;1;;;;
12/12/2020;14:18:00;279;ac03 - Acidente com Danos Materiais;558;BR-262/MG;Leste;Saida de Pista;1;;;;;;;;;;1;;;;
12/12/2020;15:12:00;307;ac03 - Acidente com Danos Materiais;103;BR-060/GO;Sul;Saida de Pista;1;;;;;;;;;;1;;;;
12/12/2020;15:18:00;311;ac03 - Acidente com Danos Materiais;26;BR-060/DF;Norte;Choque - Objeto sobre a pista;1;;;;;;;;;;1;;;;
12/12/2020;15:22:00;315;ac02 - Acidente com Vítima;24;BR-153/MG;Norte;Capotamento;1;;;;;;;;;;0;4;1;;
12/12/2020;15:22:00;316;ac03 - Acidente com Danos Materiais;116;BR-060/GO;Sul;Saida de Pista;;;1;;;;;;;;1;;;;
12/12/2020;15:45:00;326;ac03 - Acidente com Danos Materiais;19;BR-060/GO;Norte;Saida de Pista;1;;;;;;;;;;2;;;;
12/12/2020;16:02:00;332;ac03 - Acidente com Danos Materiais;594,6;BR-262/MG;Leste;Carreta deu L;;;1;;;;;;;;1;;;;
12/12/2020;16:59:00;359;ac03 - Acidente com Danos Materiais;27,2;BR-060/GO;Sul;Capotamento;1;;;;;;;;;;5;;;;
12/12/2020;17:11:00;366;ac03 - Acidente com Danos Materiais;26;BR-060/DF;Sul;Capotamento;1;;;;;;;;;;1;;;;
12/12/2020;17:38:00;376;ac03 - Acidente com Danos Materiais;398;BR-262/MG;Oeste;Colisão Lateral;1;;;1;;;;;;;2;;;;
12/12/2020;18:15:00;389;ac03 - Acidente com Danos Materiais;499;BR-153/GO;Norte;Colisão Traseira;2;;;;;;;;;;6;;;;
12/12/2020;19:32:00;428;ac03 - Acidente com Danos Materiais;25;BR-060/DF;Norte;Atropelamento de Animal;1;;;;;;;;;;2;;;;
12/12/2020;21:11:00;466;ac02 - Acidente com Vítima;506;BR-153/GO;Sul;Atropelamento - Andarilho;2;;;;;1;;;;;3;;;1;
12/12/2020;22:04:00;483;ac03 - Acidente com Danos Materiais;505,08;BR-153/GO;Sul;Colisão Traseira;1;;;;;1;;;;;2;;;;
12/12/2020;22:34:00;491;ac03 - Acidente com Danos Materiais;137;BR-060/GO;Sul;Choque- Placa/Suporte Sinalização;;;1;;;;;;;;1;;;;
12/12/2020;22:46:00;494;ac02 - Acidente com Vítima;101;BR-060/GO;Sul;Colisão Traseira;2;;;;;;;;;;4;1;;;
13/12/2020;00:27:00;13;ac03 - Acidente com Danos Materiais;451;BR-262/MG;Leste;Colisão Transversal;2;;;;;;;;;;2;;;;
13/12/2020;02:18:00;30;ac03 - Acidente com Danos Materiais;410;BR-262/MG;Leste;Colisão Lateral;2;;;;;;;;;;2;;;;
13/12/2020;04:45:00;45;ac02 - Acidente com Vítima;42;BR-153/MG;Sul;Tombamento;;;1;;;1;;;;;1;1;;;
13/12/2020;05:47:00;54;ac03 - Acidente com Danos Materiais;100;BR-060/GO;Norte;Saida de Pista;1;;;;;;;;;;2;;;;
13/12/2020;06:25:00;70;ac03 - Acidente com Danos Materiais;547,7;BR-262/MG;Oeste;Capotamento;;;;;;;;;;1;4;;;;
13/12/2020;08:11:00;101;ac03 - Acidente com Danos Materiais;507;BR-153/GO;Sul;Capotamento;1;;;;;;;;;;1;;;;
13/12/2020;09:58:00;148;ac03 - Acidente com Danos Materiais;6;BR-060/DF;Norte;Queda de Ciclista;;;;1;;1;;;;;2;;;;
13/12/2020;12:20:00;235;ac03 - Acidente com Danos Materiais;608;BR-262/MG;Oeste;Saida de Pista;1;;;;;;;;;;1;;;;
13/12/2020;12:58:00;247;ac02 - Acidente com Vítima;4;BR-153/MG;Sul;Capotamento;1;;;;;;;;;;0;1;;;
13/12/2020;14:10:00;272;ac02 - Acidente com Vítima;515;BR-153/GO;Sul;Colisão Traseira;1;;1;;;1;;;;;2;1;;;
13/12/2020;14:36:00;279;ac03 - Acidente com Danos Materiais;417;BR-262/MG;Oeste;Capotamento;1;;;;;;;;;;2;;;;
13/12/2020;15:10:00;292;ac02 - Acidente com Vítima;24;BR-060/DF;Norte;Queda de Moto;;;;1;;;;;;;1;;1;;
13/12/2020;16:25:00;320;ac03 - Acidente com Danos Materiais;97;BR-060/GO;Sul;Saida de Pista;1;;;;;;;;;;3;;;;
13/12/2020;17:06:00;339;ac03 - Acidente com Danos Materiais;199,916;BR-153/MG;Norte;Colisão Lateral;;;1;;;1;;;;;2;;;;
13/12/2020;18:59:00;395;ac02 - Acidente com Vítima;508,2;BR-153/GO;Sul;Colisão Traseira;;;;1;;1;;;;;1;1;;;
13/12/2020;19:05:00;402;ac03 - Acidente com Danos Materiais;508,1;BR-153/GO;Sul;Engavetamento;3;;;;;;;;;;3;;;;
13/12/2020;20:04:00;435;ac03 - Acidente com Danos Materiais;2;BR-060/DF;Sul;Choque- Placa/Suporte Sinalização;1;;;;;;;;;;1;;;;
14/12/2020;00:51:00;13;ac03 - Acidente com Danos Materiais;124,694;BR-153/MG;Sul;Choque - Elemento de Drenagem;;;1;;;;;;;;1;;;;
14/12/2020;03:03:00;29;ac03 - Acidente com Danos Materiais;12,5;BR-060/GO;Norte;Saida de Pista;1;;;;;;;;;;1;;;;
14/12/2020;06:51:00;75;ac03 - Acidente com Danos Materiais;699;BR-153/GO;Norte;Colisão Traseira;;;2;;;;;;;;2;;;;
14/12/2020;07:13:00;80;ac03 - Acidente com Danos Materiais;501;BR-153/GO;Sul;Engavetamento;5;;;;;;;;;;5;;;;
14/12/2020;07:16:00;82;ac03 - Acidente com Danos Materiais;4;BR-060/DF;Norte;Colisão Traseira;1;;;;;1;;;;;2;;;;
14/12/2020;07:30:00;87;ac03 - Acidente com Danos Materiais;501;BR-153/GO;Sul;Colisão Traseira;1;;;1;;;;;;;2;;;;
14/12/2020;07:35:00;89;ac02 - Acidente com Vítima;504;BR-153/GO;Norte;Engavetamento;1;;;1;;;;;;1;2;1;1;;
14/12/2020;07:40:00;90;ac02 - Acidente com Vítima;97;BR-060/GO;Sul;Queda de Moto;;;;1;;;;;;;0;1;1;;
14/12/2020;07:42:00;92;ac02 - Acidente com Vítima;815;BR-262/MG;Leste;Colisão Traseira;2;;;;;;;;;;3;1;;;
14/12/2020;08:24:00;107;ac03 - Acidente com Danos Materiais;121;BR-060/GO;Norte;Colisão Traseira;1;;;;;;;;;1;2;;;;
14/12/2020;08:27:00;111;ac03 - Acidente com Danos Materiais;712,3;BR-262/MG;Leste;Capotamento;1;;;;;;;;;;1;;;;
14/12/2020;08:29:00;113;ac02 - Acidente com Vítima;801;BR-262/MG;Oeste;Colisão Lateral;1;;;;1;;;;;;2;2;;;
14/12/2020;10:36:00;197;ac03 - Acidente com Danos Materiais;118;BR-060/GO;Sul;Engavetamento;1;;1;;;;;;;1;3;;;;
14/12/2020;15:45:00;379;ac03 - Acidente com Danos Materiais;108;BR-060/GO;Sul;Capotamento;1;;;;;;;;;;1;;;;
14/12/2020;16:17:00;392;ac03 - Acidente com Danos Materiais;126;BR-060/GO;Norte;Saida de Pista;;;1;;;;;;;;1;;;;
14/12/2020;22:11:00;532;ac03 - Acidente com Danos Materiais;532;BR-153/GO;Norte;Tombamento;;;2;;;;;;;;2;;;;
14/12/2020;22:58:00;549;ac02 - Acidente com Vítima;653;BR-153/GO;Sul;Capotamento;;;;;;;;;;1;2;;1;;
15/12/2020;06:57:00;94;ac03 - Acidente com Danos Materiais;74;BR-060/GO;Sul;Saida de Pista;;;1;;;;;;;;1;;;;
15/12/2020;07:59:00;129;ac03 - Acidente com Danos Materiais;494;BR-153/GO;Sul;Colisão Traseira;1;;;1;;;;;;;4;;;;
15/12/2020;08:12:00;138;ac03 - Acidente com Danos Materiais;20;BR-060/GO;Norte;Colisão Traseira;1;;;;;1;;;;;3;;;;
15/12/2020;10:45:00;283;ac03 - Acidente com Danos Materiais;175;BR-153/MG;Sul;Colisão Traseira;2;;;;;;;;;;2;;;;
15/12/2020;11:59:00;366;ac02 - Acidente com Vítima;491,35;BR-262/MG;Oeste;Colisão Transversal;1;;1;;;;;;;;1;1;;;
15/12/2020;17:28:00;546;ac02 - Acidente com Vítima;453,1;BR-262/MG;Leste;Colisão Traseira;1;;;1;;;;;;;0;1;;1;
15/12/2020;19:05:00;589;ac03 - Acidente com Danos Materiais;499;BR-153/GO;Sul;Colisão Traseira;1;;;;;1;;;;;2;;;;
15/12/2020;20:54:00;641;ac02 - Acidente com Vítima;79,1;BR-153/MG;Norte;Atropelamento de Animal;;;;;;;;;;1;2;1;;;
15/12/2020;21:03:00;644;ac03 - Acidente com Danos Materiais;417;BR-262/MG;Oeste;Atropelamento de Animal;1;;;;;;;;;;1;;;;
15/12/2020;23:04:00;702;ac03 - Acidente com Danos Materiais;96;BR-060/GO;Sul;Colisão Traseira;1;;;1;;;;;;;2;;;;
16/12/2020;00:40:00;19;ac02 - Acidente com Vítima;539,346;BR-262/MG;Leste;Saida de Pista;1;;1;;;1;;;;;2;1;;;
16/12/2020;04:28:00;54;ac03 - Acidente com Danos Materiais;502,3;BR-262/MG;Oeste;Saida de Pista;;;1;;;;;;;;1;;;;
16/12/2020;05:55:00;83;ac03 - Acidente com Danos Materiais;176,5;BR-153/MG;Sul;Saida de Pista;;;1;;;;;;;;1;;;;
16/12/2020;08:36:00;151;ac03 - Acidente com Danos Materiais;502,3;BR-153/GO;Norte;Engavetamento;3;;;;;;;;;1;8;;;;
16/12/2020;11:55:00;292;ac03 - Acidente com Danos Materiais;141;BR-153/MG;Sul;Colisão Traseira;;;1;;;;;;;1;5;;;;
16/12/2020;12:39:00;317;ac02 - Acidente com Vítima;137,15;BR-060/GO;Norte;Colisão Lateral;1;;;1;;;;;;;0;4;;;
16/12/2020;13:24:00;344;ac03 - Acidente com Danos Materiais;492;BR-153/GO;Sul;Colisão Lateral;1;;1;;;;;;;;2;;;;
16/12/2020;14:35:00;374;ac02 - Acidente com Vítima;359;BR-262/MG;Oeste;Queda de Moto;;;;1;;;;;;;0;1;1;;
16/12/2020;15:32:00;411;ac03 - Acidente com Danos Materiais;451;BR-262/MG;Leste;Colisão Lateral;;;2;;;;;;;;2;;;;
16/12/2020;18:54:00;539;ac03 - Acidente com Danos Materiais;499;BR-153/GO;Sul;Colisão Traseira;1;;;;;1;;;;;2;;;;
16/12/2020;21:06:00;621;ac02 - Acidente com Vítima;156,98;BR-153/MG;Sul;Capotamento;1;;;;;;;;;;0;1;;;
17/12/2020;02:08:00;31;ac02 - Acidente com Vítima;626,95;BR-153/GO;Norte;Tombamento;;;1;;;;;;;;0;1;;;
17/12/2020;09:13:00;199;ac03 - Acidente com Danos Materiais;551;BR-153/GO;Sul;Tombamento;;;1;;;;;;;;6;;;;
17/12/2020;09:49:00;216;ac03 - Acidente com Danos Materiais;761;BR-262/MG;Leste;Colisão Traseira;;;2;;;;;;;;2;;;;
17/12/2020;12:25:00;303;ac02 - Acidente com Vítima;784;BR-262/MG;Leste;Colisão Traseira;2;;;;;;;;;;2;1;;;
17/12/2020;14:44:00;394;ac03 - Acidente com Danos Materiais;596;BR-153/GO;Sul;Capotamento;1;;;;;;;;;;2;;;;
17/12/2020;15:11:00;411;ac03 - Acidente com Danos Materiais;587;BR-262/MG;Leste;Saida de Pista;1;;;;;;;;;;1;;;;
17/12/2020;15:14:00;414;ac03 - Acidente com Danos Materiais;449;BR-262/MG;Leste;Colisão Traseira;1;;;;;;;;;1;2;;;;
17/12/2020;15:29:00;426;ac03 - Acidente com Danos Materiais;609;BR-262/MG;Oeste;Tombamento;;;;;;;;;;1;1;;;;
17/12/2020;15:34:00;428;ac03 - Acidente com Danos Materiais;14;BR-060/GO;Norte;Choque - Outros;;;1;;;;;;;;1;;;;
17/12/2020;15:34:00;429;ac03 - Acidente com Danos Materiais;527;BR-153/GO;Norte;Colisão Lateral;1;;1;;;;;;;;2;;;;
17/12/2020;16:49:00;474;ac03 - Acidente com Danos Materiais;496;BR-153/GO;Sul;Engavetamento;3;;1;;;;;;;;4;;;;
17/12/2020;17:21:00;491;ac02 - Acidente com Vítima;652,45;BR-262/MG;Leste;Saida de Pista;;;1;;;;;;;;0;1;;;
17/12/2020;17:23:00;492;ac02 - Acidente com Vítima;470,5;BR-262/MG;Leste;Colisão Frontal;;;2;;;1;;;;;1;;;2;
17/12/2020;17:28:00;498;ac03 - Acidente com Danos Materiais;575;BR-262/MG;Leste;Saida de Pista;1;;;;;;;;;;1;;;;
17/12/2020;19:13:00;547;ac03 - Acidente com Danos Materiais;356;BR-262/MG;Leste;Saida de Pista;1;;;;;;;;;;1;;;;
17/12/2020;19:55:00;566;ac03 - Acidente com Danos Materiais;553;BR-262/MG;Leste;Saida de Pista;;;1;;;;;;;;1;;;;