data;horario;n_da_ocorrencia;tipo_de_ocorrencia;km;trecho;sentido;tipo_de_acidente;automovel;bicicleta;caminhao;moto;onibus;outros;tracao_animal;transporte_de_cargas_especiais;trator_maquinas;utilitarios;ilesos;levemente_feridos;moderadamente_feridos;gravemente_feridos;mortos
17/12/2020;20:05:00;571;ac02 - Acidente com Vítima;2,3;BR-060/DF;Sul;Colisão Lateral;1;;;1;;;;;;;1;1;;;
17/12/2020;20:07:00;572;ac01 - Acidente com Vítima Fatal;497;BR-262/MG;Leste;Colisão Lateral;1;;1;;;;;;;;1;;;;1
17/12/2020;20:16:00;577;ac02 - Acidente com Vítima;18;BR-060/DF;Norte;Colisão Traseira;1;;1;;;;;;;;1;1;;;
17/12/2020;20:17:00;578;ac03 - Acidente com Danos Materiais;357;BR-262/MG;Oeste;Colisão Lateral;2;;;;;;;;;;3;;;;
17/12/2020;21:44:00;617;ac03 - Acidente com Danos Materiais;508;BR-153/GO;Sul;Engavetamento;;;;2;;1;;;;;3;;;;
18/12/2020;00:42:00;10;ac03 - Acidente com Danos Materiais;59;BR-153/MG;Sul;Colisão Traseira;;;2;;;;;;;;2;;;;
18/12/2020;05:14:00;47;ac01 - Acidente com Vítima Fatal;190,72;BR-153/MG;Sul;Colisão Frontal;;;3;;;;;;;;0;;2;;1
18/12/2020;05:46:00;57;ac02 - Acidente com Vítima;507;BR-153/GO;Sul;Colisão Lateral;1;;1;;;;;;;;1;1;;;
18/12/2020;06:47:00;70;ac03 - Acidente com Danos Materiais;573,15;BR-153/GO;Sul;Saida de Pista;1;;;;;;;;;;3;;;;
18/12/2020;07:26:00;83;ac02 - Acidente com Vítima;507;BR-153/GO;Norte;Engavetamento;1;;;1;;;;;;;1;1;;;
18/12/2020;10:08:00;172;ac02 - Acidente com Vítima;1;BR-060/GO;Sul;Capotamento;1;;;;;;;;;;0;;;1;
18/12/2020;11:09:00;197;ac03 - Acidente com Danos Materiais;4;BR-060/DF;Sul;Colisão Traseira;;;;1;;2;;;;;3;;;;
18/12/2020;11:14:00;199;ac03 - Acidente com Danos Materiais;499;BR-153/GO;Sul;Colisão Traseira;;;;;;1;;;;1;2;;;;
18/12/2020;11:40:00;209;ac03 - Acidente com Danos Materiais;504;BR-153/GO;Norte;Colisão Lateral;2;;1;;;;;;;;3;;;;
18/12/2020;11:58:00;217;ac03 - Acidente com Danos Materiais;659;BR-153/GO;Norte;Saida de Pista;;;1;;;;;;;;1;;;;
18/12/2020;13:44:00;246;ac03 - Acidente com Danos Materiais;501;BR-153/GO;Sul;Colisão Traseira;1;;;1;;;;;;;2;;;;
18/12/2020;15:26:00;286;ac03 - Acidente com Danos Materiais;83;BR-060/GO;Sul;Capotamento;1;;;1;;;;;;;2;;;;
18/12/2020;15:36:00;292;ac03 - Acidente com Danos Materiais;389;BR-262/MG;Oeste;Colisão Traseira;;;;;1;1;;;;;3;;;;
18/12/2020;17:19:00;336;ac03 - Acidente com Danos Materiais;498;BR-153/GO;Sul;Colisão Lateral;1;;1;;;;;;;;2;;;;
18/12/2020;17:21:00;339;ac03 - Acidente com Danos Materiais;501;BR-153/GO;Sul;Colisão Traseira;2;;;;;;;;;;2;;;;
18/12/2020;17:44:00;353;ac03 - Acidente com Danos Materiais;607,9;BR-262/MG;Leste;Saida de Pista;1;;;;;;;;;;1;;;;
18/12/2020;19:04:00;402;ac02 - Acidente com Vítima;366;BR-262/MG;Leste;Atropelamento - Morador;1;;;;;;;;;;2;;;1;
18/12/2020;19:12:00;407;ac03 - Acidente com Danos Materiais;496;BR-153/GO;Sul;Colisão Traseira;1;;;;1;;;;;;2;;;;
18/12/2020;19:53:00;431;ac02 - Acidente com Vítima;76;BR-060/GO;Norte;Queda de Ciclista;;1;;;;;;;;;0;1;;;
18/12/2020;21:54:00;488;ac03 - Acidente com Danos Materiais;542;BR-153/GO;Sul;Saida de Pista;1;;;;;;;;;;1;;;;
18/12/2020;23:41:00;524;ac03 - Acidente com Danos Materiais;366;BR-262/MG;Leste;Saida de Pista;1;;;;;;;;;;1;;;;
19/12/2020;00:04:00;1;ac03 - Acidente com Danos Materiais;361,081;BR-262/MG;Leste;Capotamento;1;;;;;;;;;;1;;;;
19/12/2020;01:29:00;28;ac03 - Acidente com Danos Materiais;402,7;BR-262/MG;Oeste;Choque - Talude;;;1;;;;;;;;1;;;;
19/12/2020;02:03:00;36;ac02 - Acidente com Vítima;115,418;BR-153/MG;Norte;Saida de Pista;;;;;;;;;;1;0;1;;;
19/12/2020;02:29:00;41;ac03 - Acidente com Danos Materiais;27,525;BR-153/MG;Norte;Choque - Elemento de Drenagem;;;;;;;;;;1;2;;;;
19/12/2020;04:45:00;61;ac03 - Acidente com Danos Materiais;431;BR-262/MG;Oeste;Saida de Pista;1;;;;;;;;;;1;;;;
19/12/2020;05:27:00;72;ac01 - Acidente com Vítima Fatal;8;BR-153/MG;Sul;Tombamento;;;1;;;1;;;;;1;;;;1
19/12/2020;06:52:00;93;ac02 - Acidente com Vítima;494,5;BR-153/GO;Norte;Colisão Traseira;;1;;1;;;;;;;0;;2;;
19/12/2020;11:38:00;213;ac03 - Acidente com Danos Materiais;666;BR-153/GO;Norte;Tombamento;;;1;;;;;;;;3;;;;
19/12/2020;11:42:00;215;ac03 - Acidente com Danos Materiais;384,25;BR-262/MG;Oeste;Tombamento;;;1;;;;;;;;1;;;;
19/12/2020;14:51:00;280;ac03 - Acidente com Danos Materiais;137;BR-060/GO;Norte;Colisão Frontal;2;;;;;;;;;;2;;;;
19/12/2020;15:15:00;284;ac03 - Acidente com Danos Materiais;882,3;BR-262/MG;Leste;Saida de Pista;1;;;;;;;;;;1;;;;
19/12/2020;15:39:00;293;ac01 - Acidente com Vítima Fatal;499,1;BR-262/MG;Leste;Tombamento;1;;;;;;;;;;0;;;;1
19/12/2020;16:12:00;301;ac03 - Acidente com Danos Materiais;193;BR-153/MG;Sul;Colisão Traseira;2;;;;;;;;;;2;;;;
19/12/2020;16:46:00;313;ac03 - Acidente com Danos Materiais;446;BR-262/MG;Leste;Colisão Traseira;;;;2;;;;;;;2;;;;
19/12/2020;19:36:00;383;ac03 - Acidente com Danos Materiais;678,77;BR-262/MG;Oeste;Colisão Lateral;1;;;;;;;;;1;3;;;;
19/12/2020;20:24:00;409;ac03 - Acidente com Danos Materiais;244;BR-153/MG;Norte;Choque - Outros;1;;;;;;;;;;1;;;;
19/12/2020;23:09:00;464;ac03 - Acidente com Danos Materiais;353;BR-262/MG;Leste;Saida de Pista;1;;;;;;;;;;2;;;;
19/12/2020;23:27:00;468;ac03 - Acidente com Danos Materiais;361;BR-262/MG;Leste;Saida de Pista;1;;;;;;;;;;1;;;;
19/12/2020;23:48:00;472;ac02 - Acidente com Vítima;118;BR-060/GO;Norte;Atropelamento - Morador;;;;;;1;;;;;1;;;1;
20/12/2020;01:07:00;13;ac03 - Acidente com Danos Materiais;499;BR-153/GO;Sul;Saida de Pista;1;;;;;;;;;;1;;;;
20/12/2020;01:07:00;14;ac02 - Acidente com Vítima;594,306;BR-262/MG;Leste;Colisão Lateral;;;1;;1;1;;;;;42;2;;;
20/12/2020;03:45:00;29;ac03 - Acidente com Danos Materiais;628,8;BR-153/GO;Norte;Saida de Pista;1;;;;;;;;;;1;;;;
20/12/2020;09:31:00;134;ac03 - Acidente com Danos Materiais;228;BR-153/MG;Norte;Colisão Traseira;2;;;;;;;;;;2;;;;
20/12/2020;13:51:00;255;ac03 - Acidente com Danos Materiais;623,85;BR-153/GO;Sul;Saida de Pista;1;;;;;;;;;;1;;;;
20/12/2020;15:47:00;302;ac03 - Acidente com Danos Materiais;553;BR-262/MG;Leste;Saida de Pista;;;1;;;2;;;;;4;;;;
20/12/2020;16:50:00;332;ac02 - Acidente com Vítima;800;BR-262/MG;Oeste;Queda de Moto;;;;1;;;;;;;0;2;;;
20/12/2020;18:07:00;367;ac03 - Acidente com Danos Materiais;96,5;BR-060/GO;Norte;Colisão Traseira;;;;1;;1;;;;;2;;;;
20/12/2020;19:58:00;433;ac03 - Acidente com Danos Materiais;737;BR-262/MG;Oeste;Saida de Pista;1;;;;;;;;;;2;;;;
20/12/2020;22:38:00;483;ac03 - Acidente com Danos Materiais;443;BR-262/MG;Oeste;Saida de Pista;1;;;;;;;;;;1;;;;
21/12/2020;00:10:00;3;ac03 - Acidente com Danos Materiais;443;BR-262/MG;Oeste;Choque - Defensa;1;;;;;;;;;;2;;;;
21/12/2020;03:44:00;19;ac03 - Acidente com Danos Materiais;691,072;BR-153/GO;Norte;Colisão Traseira;;;1;;;1;;;;1;3;;;;
21/12/2020;08:06:00;108;ac03 - Acidente com Danos Materiais;508;BR-153/GO;Norte;Engavetamento;3;;;;;;;;;;3;;;;
21/12/2020;11:58:00;326;ac03 - Acidente com Danos Materiais;626;BR-153/GO;Sul;Saida de Pista;1;;;;;;;;;;2;;;;
21/12/2020;13:04:00;388;ac03 - Acidente com Danos Materiais;83,223;BR-060/GO;Norte;Saida de Pista;1;;;;;;;;;;1;;;;
21/12/2020;13:35:00;408;ac03 - Acidente com Danos Materiais;498,985;BR-153/GO;Norte;Saida de Pista;;;1;;;;;;;;1;;;;
21/12/2020;14:00:00;420;ac02 - Acidente com Vítima;44,123;BR-153/MG;Sul;Capotamento;1;;;;;;;;;;0;1;;;
21/12/2020;14:07:00;422;ac03 - Acidente com Danos Materiais;131,127;BR-060/GO;Norte;Saida de Pista;;;1;;;;;;;;1;;;;
21/12/2020;14:15:00;426;ac03 - Acidente com Danos Materiais;131;BR-060/GO;Norte;;1;;;;;;;;;;1;;;;
21/12/2020;14:24:00;433;ac02 - Acidente com Vítima;498,365;BR-153/GO;Sul;Engavetamento;1;;1;1;;;;;;;3;;1;;
21/12/2020;14:32:00;437;ac03 - Acidente com Danos Materiais;128,125;BR-060/GO;Norte;Saida de Pista;;;1;;;;;;;;1;;;;
21/12/2020;14:37:00;441;ac03 - Acidente com Danos Materiais;508,074;BR-153/GO;Sul;Choque - Defensa;;;1;;;;;;;;1;;;;
21/12/2020;15:10:00;461;ac03 - Acidente com Danos Materiais;413;BR-262/MG;Leste;Saida de Pista;;;2;;;;;;;1;3;;;;
21/12/2020;15:15:00;463;ac03 - Acidente com Danos Materiais;45,972;BR-153/MG;Sul;Choque- Placa/Suporte Sinalização;;;1;;;;;;;;1;;;;
21/12/2020;15:21:00;467;ac02 - Acidente com Vítima;43,332;BR-153/MG;Sul;Capotamento;1;;;;;;;;;;1;2;;;
21/12/2020;15:42:00;480;ac03 - Acidente com Danos Materiais;838;BR-262/MG;Leste;Saida de Pista;1;;;;;;;;;;1;;;;
21/12/2020;16:34:00;511;ac03 - Acidente com Danos Materiais;549;BR-153/GO;Sul;Colisão Traseira;1;;;;;1;;;;;2;;;;
21/12/2020;16:49:00;520;ac03 - Acidente com Danos Materiais;788;BR-262/MG;Leste;Choque - Elemento de Drenagem;1;;;;;;;;;;3;;;;
21/12/2020;17:25:00;532;ac03 - Acidente com Danos Materiais;801;BR-262/MG;Oeste;Choque - Elemento de Drenagem;;;;;;;;;;1;1;;;;
21/12/2020;18:00:00;547;ac03 - Acidente com Danos Materiais;46;BR-153/MG;Sul;Choque - Outros;1;;;;;;;;;;4;;;;
21/12/2020;20:03:00;606;ac03 - Acidente com Danos Materiais;635;BR-153/GO;Sul;Capotamento;2;;;;;;;;;;2;;;;
21/12/2020;20:52:00;630;ac02 - Acidente com Vítima;506;BR-153/GO;Sul;Queda de Moto;;;;1;;;;;;;0;1;;;
22/12/2020;00:08:00;1;ac02 - Acidente com Vítima;445;BR-262/MG;Oeste;Colisão Lateral;;;1;1;;;;;;;1;1;;;
22/12/2020;05:50:00;64;ac02 - Acidente com Vítima;563,457;BR-153/GO;Norte;Tombamento;;;1;;;;;;;;0;1;;;
22/12/2020;06:06:00;65;ac03 - Acidente com Danos Materiais;387,15;BR-262/MG;Leste;Saida de Pista;1;;;;;;;;;;1;;;;
22/12/2020;06:28:00;69;ac03 - Acidente com Danos Materiais;385,1;BR-262/MG;Oeste;Choque - Elemento de Drenagem;1;;;;;;;;;;1;;;;
22/12/2020;07:17:00;96;ac03 - Acidente com Danos Materiais;55,5;BR-060/GO;Sul;Choque - Elemento de Drenagem;1;;;;;;;;;;1;;;;
22/12/2020;08:05:00;114;ac03 - Acidente com Danos Materiais;4,291;BR-060/DF;Sul;Colisão Lateral;1;;1;;;;;;;;2;;;;
22/12/2020;08:23:00;127;ac03 - Acidente com Danos Materiais;498,5;BR-262/MG;Oeste;Saida de Pista;1;;;;;;;;;;1;;;;
22/12/2020;08:54:00;155;ac03 - Acidente com Danos Materiais;621,25;BR-262/MG;Leste;Colisão Traseira;;;2;;;;;;;;2;;;;
22/12/2020;09:15:00;167;ac03 - Acidente com Danos Materiais;360,3;BR-262/MG;Leste;Colisão Traseira;1;;1;;;;;;;;2;;;;
22/12/2020;11:57:00;259;ac02 - Acidente com Vítima;608,35;BR-262/MG;Leste;Colisão Traseira;1;;1;;;;;;;;2;;1;1;
22/12/2020;12:42:00;303;ac03 - Acidente com Danos Materiais;183,1;BR-153/MG;Norte;Capotamento;1;;;;;;;;;;1;;;;
22/12/2020;13:30:00;322;ac03 - Acidente com Danos Materiais;492,5;BR-262/MG;Leste;Colisão Traseira;;;2;;;;;;;;3;;;;
22/12/2020;13:41:00;329;ac03 - Acidente com Danos Materiais;89;BR-060/GO;Sul;Colisão Traseira;2;;;;;;;;;;2;;;;
22/12/2020;13:52:00;336;ac02 - Acidente com Vítima;84,697;BR-060/GO;Norte;Queda de Moto;;;;1;;;;;;;0;;2;;
22/12/2020;14:52:00;351;ac03 - Acidente com Danos Materiais;627;BR-262/MG;Leste;Choque - Talude;;;;;1;;;;;;2;;;;
22/12/2020;14:58:00;355;ac03 - Acidente com Danos Materiais;124;BR-153/MG;Norte;Saida de Pista;1;;;;;;;;;;2;;;;
22/12/2020;15:38:00;376;ac03 - Acidente com Danos Materiais;100,104;BR-060/GO;Norte;Saida de Pista;;;1;;;;;;;;1;;;;
22/12/2020;16:55:00;410;ac03 - Acidente com Danos Materiais;48,982;BR-060/GO;Sul;Saida de Pista;1;;;;;;;;;;1;;;;
22/12/2020;17:10:00;414;ac03 - Acidente com Danos Materiais;494,887;BR-153/GO;Sul;Engavetamento;3;;1;;;;;;;;4;;;;
22/12/2020;18:39:00;436;ac03 - Acidente com Danos Materiais;390;BR-262/MG;Leste;Tombamento;;;1;;;1;;;;;2;;;;
22/12/2020;19:30:00;456;ac03 - Acidente com Danos Materiais;100;BR-060/GO;Sul;Colisão Lateral;1;;1;;;;;;;;2;;;;
22/12/2020;19:41:00;466;ac03 - Acidente com Danos Materiais;519;BR-153/GO;Sul;Saida de Pista;1;;;;;;;;;;1;;;;
22/12/2020;20:52:00;501;ac03 - Acidente com Danos Materiais;101;BR-060/GO;Sul;Saida de Pista;1;;;;;;;;;;1;;;;
22/12/2020;20:56:00;503;ac02 - Acidente com Vítima;380,682;BR-262/MG;Oeste;Capotamento;;;;;;;;;;1;1;1;;;
22/12/2020;21:00:00;504;ac03 - Acidente com Danos Materiais;563,4;BR-153/GO;Sul;Colisão Traseira;1;;1;;;;;;;;2;;;;
22/12/2020;21:40:00;517;ac03 - Acidente com Danos Materiais;408,815;BR-262/MG;Oeste;Saida de Pista;1;;;;;;;;;;1;;;;
22/12/2020;22:42:00;541;ac03 - Acidente com Danos Materiais;118;BR-060/GO;Sul;Colisão Traseira;1;;;;;;;;;1;2;;;;
23/12/2020;03:40:00;23;ac03 - Acidente com Danos Materiais;628;BR-153/GO;Norte;Choque - Arvore;;;1;;;;;;;;1;;;;
23/12/2020;04:26:00;31;ac03 - Acidente com Danos Materiais;683;BR-153/GO;Sul;Capotamento;1;;;;;;;;;;2;;;;
23/12/2020;06:00:00;42;ac03 - Acidente com Danos Materiais;385;BR-262/MG;Oeste;Saida de Pista;1;;;;;;;;;;1;;;;
23/12/2020;06:34:00;44;ac03 - Acidente com Danos Materiais;525,2;BR-153/GO;Norte;Saida de Pista;;;1;;;;;;;;1;;;;
23/12/2020;06:42:00;46;ac02 - Acidente com Vítima;466,3;BR-262/MG;Oeste;Capotamento;1;;;;;1;;;;;2;1;1;;
23/12/2020;07:10:00;59;ac03 - Acidente com Danos Materiais;476;BR-262/MG;Leste;Capotamento;1;;;;;;;;;;1;;;;
23/12/2020;07:48:00;76;ac03 - Acidente com Danos Materiais;394;BR-262/MG;Leste;Choque - Elemento de Drenagem;1;;;;;;;;;;1;;;;
23/12/2020;08:10:00;81;ac03 - Acidente com Danos Materiais;607;BR-153/GO;Norte;Colisão Traseira;1;;;;;;;;;1;2;;;;
23/12/2020;08:57:00;111;ac03 - Acidente com Danos Materiais;380;BR-262/MG;Oeste;Choque - Talude;1;;;;;;;;;;1;;;;
23/12/2020;09:06:00;119;ac03 - Acidente com Danos Materiais;177;BR-153/MG;Sul;Saida de Pista;1;;;;;1;;;;;3;;;;
23/12/2020;09:10:00;120;ac02 - Acidente com Vítima;490;BR-262/MG;Leste;Capotamento;1;;;;;;;;;;0;;3;;
23/12/2020;09:33:00;138;ac02 - Acidente com Vítima;363;BR-262/MG;Leste;Queda de Moto;;;;1;;;;;;;0;1;;;
23/12/2020;09:52:00;146;ac03 - Acidente com Danos Materiais;570;BR-153/GO;Norte;Colisão Traseira;;;2;;;;;;;;2;;;;
23/12/2020;10:45:00;175;ac03 - Acidente com Danos Materiais;384,3;BR-262/MG;Oeste;Capotamento;1;;;;;;;;;;1;;;;
23/12/2020;10:57:00;184;ac01 - Acidente com Vítima Fatal;190;BR-153/MG;Norte;Saida de Pista;;;2;;;2;;;;;3;;;;1
23/12/2020;11:21:00;198;ac02 - Acidente com Vítima;44;BR-153/MG;Sul;Tombamento;;;1;;;;;;;;1;1;;;
23/12/2020;12:49:00;228;ac03 - Acidente com Danos Materiais;361,9;BR-262/MG;Oeste;Saida de Pista;;;1;;;;;;;;2;;;;
23/12/2020;13:47:00;260;ac03 - Acidente com Danos Materiais;445;BR-262/MG;Oeste;Capotamento;1;;;;;;;;;;1;;;;
23/12/2020;14:33:00;273;ac03 - Acidente com Danos Materiais;107,9;BR-060/GO;Sul;Choque - Outros;;;1;;;;;;;;1;;;;
23/12/2020;14:57:00;283;ac02 - Acidente com Vítima;95,351;BR-060/GO;Sul;Queda de Moto;;;;1;;;;;;;0;;2;;
23/12/2020;15:21:00;294;ac03 - Acidente com Danos Materiais;549,5;BR-262/MG;Oeste;Saida de Pista;1;;;;;;;;;;1;;;;
23/12/2020;15:28:00;297;ac03 - Acidente com Danos Materiais;586,2;BR-262/MG;Oeste;Saida de Pista;;;1;;;;;;;;2;;;;
23/12/2020;15:38:00;300;ac03 - Acidente com Danos Materiais;212;BR-153/MG;Norte;Colisão Lateral;1;;1;;;;;;;;2;;;;
23/12/2020;15:40:00;303;ac03 - Acidente com Danos Materiais;587;BR-262/MG;Oeste;Saida de Pista;;;1;;;;;;;;1;;;;
23/12/2020;16:28:00;327;ac03 - Acidente com Danos Materiais;501,382;BR-153/GO;Norte;Engavetamento;2;;1;;;;;;;;3;;;;
23/12/2020;16:39:00;334;ac03 - Acidente com Danos Materiais;828;BR-262/MG;Leste;Queda de Moto;;;;1;;;;;;;1;;;;
23/12/2020;17:59:00;359;ac03 - Acidente com Danos Materiais;519;BR-153/GO;Sul;Tombamento;;;;;;;;;;1;1;;;;
23/12/2020;18:48:00;387;ac03 - Acidente com Danos Materiais;532;BR-153/GO;Norte;Saida de Pista;1;;;;;;;;;;1;;;;
23/12/2020;21:27:00;459;ac02 - Acidente com Vítima;95;BR-060/GO;Norte;Colisão Traseira;1;;;1;;;;;;;1;1;;;
23/12/2020;22:18:00;476;ac03 - Acidente com Danos Materiais;494,5;BR-153/GO;Norte;Colisão Lateral;1;;1;;;;;;;;5;;;;
24/12/2020;05:44:00;58;ac03 - Acidente com Danos Materiais;58;BR-153/MG;Norte;Colisão Traseira;2;;;;;;;;;;2;;;;
24/12/2020;07:28:00;94;ac02 - Acidente com Vítima;381;BR-262/MG;Leste;Capotamento;1;;;;;;;;;;1;;1;;
24/12/2020;07:30:00;96;ac02 - Acidente com Vítima;125,405;BR-060/GO;Norte;Colisão Traseira;1;;1;;;;;;;;1;1;;;
24/12/2020;07:35:00;99;ac01 - Acidente com Vítima Fatal;135;BR-153/MG;Norte;Colisão Traseira;1;;1;;;;;;;;1;1;2;;2
24/12/2020;07:45:00;104;ac03 - Acidente com Danos Materiais;380;BR-262/MG;Leste;Queda de Moto;;;;1;;;;;;;1;;;;
24/12/2020;10:40:00;188;ac02 - Acidente com Vítima;385;BR-262/MG;Oeste;Capotamento;1;;;;;;;;;;0;1;;;
24/12/2020;10:52:00;195;ac03 - Acidente com Danos Materiais;380;BR-262/MG;Oeste;Capotamento;1;;;;;;;;;;1;;;;
24/12/2020;10:54:00;197;ac03 - Acidente com Danos Materiais;384;BR-262/MG;Leste;Saida de Pista;1;;;;;;;;;;3;;;;
24/12/2020;13:27:00;265;ac03 - Acidente com Danos Materiais;580,475;BR-153/GO;Sul;Saida de Pista;1;;;;;;;;;;1;;;;
24/12/2020;14:45:00;315;ac02 - Acidente com Vítima;173;BR-153/MG;Sul;Capotamento;1;;;;;;;;;;3;1;;;
24/12/2020;15:54:00;347;ac03 - Acidente com Danos Materiais;380;BR-262/MG;Leste;Capotamento;1;;;;;;;;;;2;;;;
24/12/2020;17:38:00;405;ac02 - Acidente com Vítima;114,456;BR-060/GO;Sul;Queda de Ciclista;;;;1;;;;;;;0;1;;;
24/12/2020;18:22:00;428;ac03 - Acidente com Danos Materiais;608,84;BR-262/MG;Oeste;Saida de Pista;1;;;;;;;;;;4;;;;
24/12/2020;18:44:00;442;ac03 - Acidente com Danos Materiais;47,3;BR-060/GO;Sul;Colisão Traseira;2;;;;;;;;;;2;;;;
24/12/2020;19:06:00;457;ac03 - Acidente com Danos Materiais;450;BR-262/MG;Leste;Saida de Pista;1;;;;;;;;;;1;;;;
24/12/2020;19:19:00;463;ac03 - Acidente com Danos Materiais;528;BR-262/MG;Leste;Saida de Pista;1;;;;;;;;;;1;;;;
24/12/2020;19:57:00;489;ac03 - Acidente com Danos Materiais;429;BR-262/MG;Leste;Saida de Pista;1;;;;;;;;;;1;;;;
24/12/2020;20:07:00;494;ac03 - Acidente com Danos Materiais;580;BR-262/MG;Oeste;Saida de Pista;;;;;;;;;;1;1;;;;
24/12/2020;20:46:00;512;ac03 - Acidente com Danos Materiais;606;BR-153/GO;Sul;Colisão Traseira;1;;1;;;;;;;;3;;;;
24/12/2020;21:55:00;543;ac03 - Acidente com Danos Materiais;41;BR-060/GO;Norte;Saida de Pista;1;;;;;;;;;;1;;;;
24/12/2020;21:57:00;544;ac03 - Acidente com Danos Materiais;380;BR-262/MG;Oeste;Saida de Pista;1;;;;;;;;;;1;;;;
24/12/2020;22:11:00;551;ac03 - Acidente com Danos Materiais;25;BR-153/MG;Norte;Colisão Traseira;;;2;;;;;;;;2;;;;
24/12/2020;23:05:00;563;ac03 - Acidente com Danos Materiais;132,9;BR-060/GO;Sul;Saida de Pista;1;;;;;;;;;;1;;;;
25/12/2020;01:02:00;13;ac03 - Acidente com Danos Materiais;505;BR-153/GO;Norte;Saida de Pista;1;;;;;;;;;;1;;;;
25/12/2020;03:14:00;40;ac03 - Acidente com Danos Materiais;118;BR-060/GO;Norte;Colisão Lateral;1;;;;;1;;;;;5;;;;
25/12/2020;03:21:00;42;ac02 - Acidente com Vítima;512;BR-153/GO;Norte;Queda de Moto;;;;1;;;;;;;0;1;;;
25/12/2020;07:06:00;82;ac03 - Acidente com Danos Materiais;25;BR-060/DF;Norte;Saida de Pista;1;;;;;;;;;;1;;;;
25/12/2020;07:56:00;95;ac03 - Acidente com Danos Materiais;568;BR-262/MG;Leste;Choque- Placa/Suporte Sinalização;1;;;;;;;;;;1;;;;
25/12/2020;14:58:00;242;ac03 - Acidente com Danos Materiais;122,238;BR-060/GO;Norte;Saida de Pista;1;;;;;;;;;;5;;;;
25/12/2020;15:10:00;247;ac03 - Acidente com Danos Materiais;122,238;BR-060/GO;Sul;Saida de Pista;1;;;;;;;;;;2;;;;
25/12/2020;15:42:00;262;ac03 - Acidente com Danos Materiais;510;BR-153/GO;Norte;;;;1;;;;;;;;1;;;;
25/12/2020;15:46:00;263;ac03 - Acidente com Danos Materiais;120;BR-060/GO;Sul;Choque - Outros;1;;;;;;;;;;1;;;;
25/12/2020;15:47:00;264;ac03 - Acidente com Danos Materiais;582;BR-153/GO;Norte;Capotamento;1;;;;;;;;;;1;;;;
25/12/2020;16:43:00;276;ac03 - Acidente com Danos Materiais;796;BR-262/MG;Leste;Choque - Arvore;2;;;;;;;;;;3;;;;
25/12/2020;18:55:00;325;ac03 - Acidente com Danos Materiais;532,6;BR-153/GO;Sul;Capotamento;1;;;;;;;;;;3;;;;
25/12/2020;20:11:00;347;ac03 - Acidente com Danos Materiais;367;BR-262/MG;Oeste;Colisão Traseira;2;;;;;;;;;;2;;;;
25/12/2020;21:34:00;373;ac03 - Acidente com Danos Materiais;657;BR-262/MG;Leste;Saida de Pista;1;;;;;;;;;;1;;;;
26/12/2020;01:02:00;5;ac03 - Acidente com Danos Materiais;403;BR-262/MG;Oeste;Choque- Placa/Suporte Sinalização;1;;;;;;;;;;1;;;;
26/12/2020;06:50:00;36;ac03 - Acidente com Danos Materiais;33;BR-153/MG;Norte;Saida de Pista;1;;;;;;;;;;1;;;;
26/12/2020;07:57:00;53;ac03 - Acidente com Danos Materiais;380,35;BR-262/MG;Oeste;Saida de Pista;1;;;;;;;;;;1;;;;
26/12/2020;08:25:00;61;ac03 - Acidente com Danos Materiais;4,5;BR-060/GO;Sul;Capotamento;;;;;;;;;;1;2;;;;
26/12/2020;08:47:00;69;ac03 - Acidente com Danos Materiais;4,6;BR-060/GO;Sul;Choque - Defensa;1;;;;;;;;;;1;;;;
26/12/2020;10:51:00;127;ac02 - Acidente com Vítima;554,015;BR-153/GO;Norte;Capotamento;1;;;;;;;;;;0;1;;;
26/12/2020;12:05:00;156;ac03 - Acidente com Danos Materiais;4;BR-153/MG;Norte;Choque - Outros;1;;;;;1;;;;;2;;;;
26/12/2020;13:34:00;179;ac03 - Acidente com Danos Materiais;584,3;BR-153/GO;Norte;Choque - Talude;1;;;;;;;;;;1;;;;
26/12/2020;13:43:00;182;ac03 - Acidente com Danos Materiais;122;BR-153/MG;Sul;Colisão Lateral;2;;;;;;;;;;4;;;;
26/12/2020;14:48:00;209;ac03 - Acidente com Danos Materiais;187;BR-153/MG;Norte;Saida de Pista;1;;;;;;;;;;1;;;;