data;horario;n_da_ocorrencia;tipo_de_ocorrencia;km;trecho;sentido;tipo_de_acidente;automovel;bicicleta;caminhao;moto;onibus;outros;tracao_animal;transporte_de_cargas_especiais;trator_maquinas;utilitarios;ilesos;levemente_feridos;moderadamente_feridos;gravemente_feridos;mortos
26/12/2020;16:44:00;250;ac03 - Acidente com Danos Materiais;246,5;BR-153/MG;Sul;Engavetamento;3;;;;;;;;;;7;;;;
26/12/2020;20:31:00;319;ac02 - Acidente com Vítima;9,352;BR-153/MG;Norte;Capotamento;1;;;;;1;;;;;1;1;;;
26/12/2020;21:22:00;331;ac02 - Acidente com Vítima;100,5;BR-060/GO;Sul;Colisão Traseira;1;1;;;;;;;;;1;;1;;
27/12/2020;10:34:00;265;ac02 - Acidente com Vítima;380,5;BR-262/MG;Oeste;Queda de Moto;;;;1;;;;;;;0;1;;;
27/12/2020;11:40:00;344;ac03 - Acidente com Danos Materiais;557,5;BR-153/GO;Sul;Saida de Pista;1;;;;;;;;;;1;;;;
27/12/2020;11:57:00;351;ac03 - Acidente com Danos Materiais;475,35;BR-262/MG;Oeste;Engavetamento;3;;;;;;;;;;5;;;;
27/12/2020;13:20:00;394;ac03 - Acidente com Danos Materiais;58,8;BR-153/MG;Sul;Colisão Traseira;2;;;;;;;;;;3;;;;
27/12/2020;13:29:00;399;ac03 - Acidente com Danos Materiais;121;BR-153/MG;Norte;Saida de Pista;1;;;;;;;;;;3;;;;
27/12/2020;13:31:00;400;ac02 - Acidente com Vítima;746,35;BR-262/MG;Oeste;Colisão Transversal;1;;;;;;;;;1;1;1;;;
27/12/2020;15:16:00;432;ac03 - Acidente com Danos Materiais;32;BR-153/MG;Sul;Queda de Moto;;;;1;;;;;;;1;;;;
27/12/2020;15:34:00;444;ac02 - Acidente com Vítima;18,8;BR-060/GO;Norte;Capotamento;1;;;;;;;;;;0;1;1;;
27/12/2020;16:21:00;471;ac03 - Acidente com Danos Materiais;520,175;BR-262/MG;Oeste;Capotamento;1;;;;;;;;;;1;;;;
27/12/2020;16:30:00;473;ac03 - Acidente com Danos Materiais;119,5;BR-060/GO;Sul;Engavetamento;5;;1;;;;;;;;12;;;;
27/12/2020;16:47:00;479;ac03 - Acidente com Danos Materiais;231;BR-153/MG;Sul;;;;1;;;;;;;;1;;;;
27/12/2020;17:21:00;489;ac03 - Acidente com Danos Materiais;564;BR-153/GO;Norte;Choque - Elemento de Drenagem;1;;;;;;;;;;1;;;;
27/12/2020;19:06:00;527;ac03 - Acidente com Danos Materiais;138;BR-060/GO;Norte;Colisão Traseira;1;;;1;;;;;;;3;;;;
27/12/2020;19:25:00;531;ac02 - Acidente com Vítima;558;BR-153/GO;Norte;Capotamento;1;;;;;;;;;;0;3;;;
27/12/2020;22:54:00;586;ac01 - Acidente com Vítima Fatal;549;BR-262/MG;Oeste;Colisão Frontal;2;;1;;;;;;;;2;;;;3
28/12/2020;00:13:00;6;ac03 - Acidente com Danos Materiais;14;BR-060/GO;Sul;Saida de Pista;1;;;;;;;;;;1;;;;
28/12/2020;06:29:00;49;ac03 - Acidente com Danos Materiais;232;BR-153/MG;Sul;Saida de Pista;1;;;;;;;;;;1;;;;
28/12/2020;07:42:00;69;ac03 - Acidente com Danos Materiais;27;BR-060/DF;Sul;Choque - Arvore;1;;;;;;;;;;1;;;;
28/12/2020;07:55:00;74;ac03 - Acidente com Danos Materiais;70;BR-060/GO;Sul;Capotamento;1;;;;;;;;;;3;;;;
28/12/2020;08:46:00;100;ac03 - Acidente com Danos Materiais;6,1;BR-060/GO;Sul;;1;;;;;;;;;;2;;;;
28/12/2020;08:47:00;102;ac02 - Acidente com Vítima;627,7;BR-153/GO;Norte;Capotamento;;;;;;;;;;1;0;1;;;
28/12/2020;10:32:00;152;ac03 - Acidente com Danos Materiais;643,225;BR-153/GO;Norte;Capotamento;1;;;;;;;;;;4;;;;
28/12/2020;11:38:00;198;ac03 - Acidente com Danos Materiais;666;BR-153/GO;Norte;Tombamento;;;1;;;;;;;;1;;;;
28/12/2020;12:28:00;230;ac03 - Acidente com Danos Materiais;46;BR-153/MG;Sul;Colisão Traseira;2;;;;;;;;;;3;;;;
28/12/2020;13:15:00;249;ac03 - Acidente com Danos Materiais;67;BR-153/MG;Norte;Saida de Pista;;;1;;;;;;;;1;;;;
28/12/2020;13:22:00;250;ac03 - Acidente com Danos Materiais;195;BR-153/MG;Norte;Colisão Frontal;1;;;;;;;;;;2;;;;
28/12/2020;14:10:00;267;ac03 - Acidente com Danos Materiais;115,5;BR-060/GO;Norte;Saida de Pista;;;1;;;;;;;;2;;;;
28/12/2020;15:26:00;305;ac02 - Acidente com Vítima;552;BR-262/MG;Oeste;Colisão Lateral;1;;1;;;;;;;;1;1;;;
28/12/2020;15:42:00;314;ac02 - Acidente com Vítima;547;BR-262/MG;Leste;Queda de Moto;;;;1;;;;;;;0;;1;;
28/12/2020;15:49:00;318;ac03 - Acidente com Danos Materiais;519;BR-262/MG;Leste;Colisão Lateral;2;;;;;;;;;;2;;;;
28/12/2020;23:09:00;470;ac02 - Acidente com Vítima;10;BR-060/DF;Sul;Atropelamento de Animal;1;;;;;;;;;;1;1;;;
29/12/2020;06:48:00;67;ac03 - Acidente com Danos Materiais;4,6;BR-060/DF;Norte;Colisão Lateral;1;;1;;;;;;;;2;;;;
29/12/2020;09:36:00;197;ac02 - Acidente com Vítima;763;BR-262/MG;Oeste;Saida de Pista;1;;;;;;;;;;2;2;;;
29/12/2020;11:08:00;249;ac02 - Acidente com Vítima;101;BR-060/GO;Norte;Colisão Lateral;;;1;1;;;;;;;1;;1;;
29/12/2020;18:10:00;440;ac03 - Acidente com Danos Materiais;385;BR-262/MG;Oeste;Capotamento;1;;;;;;;;;;1;;;;
29/12/2020;21:52:00;539;ac03 - Acidente com Danos Materiais;498;BR-153/GO;Norte;Choque- Placa/Suporte Sinalização;1;;;;;;;;;;1;;;;
29/12/2020;23:31:00;571;ac03 - Acidente com Danos Materiais;179;BR-153/MG;Norte;Carreta deu L;;;1;;;;;;;;1;;;;
30/12/2020;02:56:00;26;ac03 - Acidente com Danos Materiais;129,18;BR-060/GO;Norte;Choque- Placa/Suporte Sinalização;;;1;;;1;;;;;2;;;;
30/12/2020;03:03:00;27;ac03 - Acidente com Danos Materiais;692,526;BR-153/GO;Sul;Colisão Lateral;;;;;;1;;;;1;4;;;;
30/12/2020;06:12:00;54;ac03 - Acidente com Danos Materiais;107;BR-060/GO;Norte;Colisão Traseira;;;2;;;;;;;;2;;;;
30/12/2020;08:59:00;145;ac03 - Acidente com Danos Materiais;148,2;BR-153/MG;Sul;Colisão Lateral;1;;1;;;;;;;;2;;;;
30/12/2020;09:23:00;163;ac02 - Acidente com Vítima;356,005;BR-262/MG;Leste;Saida de Pista;;;1;;;;;;;;1;1;1;;
30/12/2020;10:12:00;191;ac02 - Acidente com Vítima;358;BR-262/MG;Leste;Colisão Lateral;1;;;1;;;;;;;1;1;;;
30/12/2020;11:15:00;265;ac01 - Acidente com Vítima Fatal;490,766;BR-153/GO;Norte;Atropelamento - Usuário;;;;1;;;;;;;1;;;;1
30/12/2020;12:17:00;301;ac03 - Acidente com Danos Materiais;357;BR-262/MG;Leste;Saida de Pista;1;;;;;;;;;;1;;;;
30/12/2020;12:50:00;308;ac03 - Acidente com Danos Materiais;514;BR-153/GO;Sul;Colisão Traseira;2;;;;;;;;;;5;;;;
30/12/2020;13:28:00;321;ac03 - Acidente com Danos Materiais;131,41;BR-060/GO;Sul;Colisão Traseira;;;2;;;;;;;;2;;;;
30/12/2020;13:30:00;322;ac02 - Acidente com Vítima;382;BR-262/MG;Oeste;Queda de Ciclista;;;;1;;;;;;;0;;;1;
30/12/2020;14:47:00;350;ac03 - Acidente com Danos Materiais;617,464;BR-153/GO;Norte;Saida de Pista;1;;1;;;;;;;;2;;;;
30/12/2020;17:31:00;409;ac03 - Acidente com Danos Materiais;496,439;BR-153/GO;Sul;Colisão Traseira;2;;;;;;;;;;2;;;;
30/12/2020;18:41:00;435;ac03 - Acidente com Danos Materiais;127,4;BR-060/GO;Norte;Colisão Traseira;2;;;;;;;;;;4;;;;
30/12/2020;19:00:00;445;ac03 - Acidente com Danos Materiais;57;BR-060/GO;Sul;Colisão Lateral;1;;;;;1;;;;;3;;;;
30/12/2020;19:27:00;449;ac02 - Acidente com Vítima;565,404;BR-153/GO;Sul;Atropelamento - Morador;;;;;;;;;;1;1;;1;;
30/12/2020;21:07:00;476;ac02 - Acidente com Vítima;529;BR-153/GO;Sul;Colisão Traseira;;1;;;;1;;;;1;2;;1;;
30/12/2020;23:37:00;507;ac02 - Acidente com Vítima;814;BR-262/MG;Oeste;Queda de Moto;;;;1;;;;;;;0;1;;;
31/12/2020;03:46:00;35;ac03 - Acidente com Danos Materiais;128,9;BR-153/MG;Sul;Colisão Traseira;;;2;;;;;;;;2;;;;
31/12/2020;04:44:00;41;ac02 - Acidente com Vítima;791;BR-262/MG;Oeste;Saida de Pista;;;1;;;;;;;;0;;;1;
31/12/2020;05:17:00;42;ac02 - Acidente com Vítima;800;BR-262/MG;Oeste;Choque - Defensa;;;;1;;;;;;;0;;;1;
31/12/2020;05:55:00;51;ac03 - Acidente com Danos Materiais;547,3;BR-262/MG;Oeste;Tombamento;;;1;;;;;;;;1;;;;
31/12/2020;10:33:00;141;ac02 - Acidente com Vítima;148;BR-153/MG;Norte;Colisão Lateral;1;;1;;;;;;;;1;2;;;
31/12/2020;10:52:00;146;ac03 - Acidente com Danos Materiais;367,15;BR-262/MG;Oeste;Capotamento;1;;;;;;;;;;1;;;;
31/12/2020;12:50:00;189;ac02 - Acidente com Vítima;89,926;BR-060/GO;Norte;Queda de Moto;;;;1;;;;;;;0;1;;;
31/12/2020;13:39:00;204;ac02 - Acidente com Vítima;109;BR-153/MG;Norte;Colisão Lateral;1;;1;;;;;;;;1;1;;;
31/12/2020;15:37:00;245;ac03 - Acidente com Danos Materiais;104,68;BR-060/GO;Sul;Choque - Elemento de Drenagem;1;;;;;;;;;;1;;;;
31/12/2020;15:49:00;254;ac03 - Acidente com Danos Materiais;117,609;BR-060/GO;Norte;Colisão Lateral;1;;;;1;;;;;;6;;;;
31/12/2020;18:28:00;329;ac03 - Acidente com Danos Materiais;27;BR-153/MG;Norte;Colisão Traseira;1;;;;;;;;;;1;;;;
31/12/2020;22:10:00;401;ac03 - Acidente com Danos Materiais;514;BR-153/GO;Norte;Colisão Transversal;2;;;;;;;;;;2;;;;
31/12/2020;23:49:00;420;ac03 - Acidente com Danos Materiais;509;BR-153/GO;Norte;Capotamento;2;;;;;;;;;;2;;;;
31/12/2020;23:54:00;423;ac03 - Acidente com Danos Materiais;34;BR-153/MG;Sul;Tombamento;;;1;;;;;;;;1;;;;
01/01/2021;03:17:00;30;ac03 - Acidente com Danos Materiais;90;BR-060/GO;Norte;Saida de Pista;1;;;;;;;;;;1;;;;
01/01/2021;05:43:00;50;ac03 - Acidente com Danos Materiais;4;BR-060/DF;Sul;Choque - Arvore;1;;;;;;;;;;1;;;;
01/01/2021;05:59:00;56;ac03 - Acidente com Danos Materiais;0;BR-060/GO;Sul;Choque - Elemento de Drenagem;1;;;;;;;;;;1;;;;
01/01/2021;06:24:00;62;ac02 - Acidente com Vítima;514;BR-153/GO;Norte;Colisão Lateral;2;;;;;;;;;;1;1;;;
01/01/2021;10:37:00;147;ac03 - Acidente com Danos Materiais;637;BR-153/GO;Sul;Saida de Pista;1;;;;;;;;;;1;;;;
01/01/2021;11:02:00;153;ac03 - Acidente com Danos Materiais;440;BR-262/MG;Leste;Queda de Moto;;;;1;;;;;;;1;;;;
01/01/2021;12:37:00;180;ac02 - Acidente com Vítima;495,65;BR-153/GO;Sul;Colisão Traseira;1;;;1;;;;;;;1;1;;;
01/01/2021;15:13:00;219;ac03 - Acidente com Danos Materiais;595;BR-262/MG;Leste;Saida de Pista;1;;;;;;;;;;1;;;;
01/01/2021;15:14:00;220;ac02 - Acidente com Vítima;412;BR-262/MG;Leste;Capotamento;;;;;;;;;;1;0;;;1;
01/01/2021;15:28:00;226;ac03 - Acidente com Danos Materiais;15;BR-060/GO;Sul;Saida de Pista;1;;;;;;;;;;2;;;;
01/01/2021;17:43:00;272;ac03 - Acidente com Danos Materiais;579,8;BR-153/GO;Sul;Capotamento;1;;;;;;;;;;2;;;;
01/01/2021;19:10:00;303;ac03 - Acidente com Danos Materiais;10;BR-060/GO;Norte;Saida de Pista;1;;;;;;;;;;5;;;;
01/01/2021;20:03:00;321;ac02 - Acidente com Vítima;25;BR-060/GO;Norte;Saida de Pista;1;;;;;;;;;;0;2;;;
01/01/2021;20:08:00;324;ac02 - Acidente com Vítima;22,5;BR-060/DF;Norte;Colisão Traseira;1;;;1;;;;;;;1;;1;;
02/01/2021;11:24:00;160;ac02 - Acidente com Vítima;507;BR-153/GO;Sul;Choque - Outros;1;;;;;;;;;;0;1;;;
02/01/2021;12:14:00;175;ac02 - Acidente com Vítima;412;BR-262/MG;Leste;Colisão Lateral;1;;;1;;;;;;;1;;1;;
02/01/2021;13:20:00;196;ac03 - Acidente com Danos Materiais;447;BR-262/MG;Oeste;Colisão Traseira;1;;;;;1;;;;;2;;;;
02/01/2021;13:31:00;202;ac02 - Acidente com Vítima;580;BR-153/GO;Sul;Queda de Ciclista;;;;1;;;;;;;0;1;;;
02/01/2021;15:41:00;247;ac02 - Acidente com Vítima;33;BR-153/MG;Sul;Colisão Frontal;1;;;1;;;;;;;3;1;;;
02/01/2021;18:09:00;316;ac02 - Acidente com Vítima;429;BR-262/MG;Oeste;Colisão Traseira;1;;;1;;;;;;;1;;;1;
02/01/2021;18:11:00;317;ac03 - Acidente com Danos Materiais;419;BR-262/MG;Oeste;Saida de Pista;1;;;;;;;;;;2;;;;
02/01/2021;19:47:00;362;ac03 - Acidente com Danos Materiais;511;BR-262/MG;Oeste;Saida de Pista;;;;;;;;;;1;1;;;;
02/01/2021;21:50:00;410;ac03 - Acidente com Danos Materiais;378;BR-262/MG;Leste;Saida de Pista;1;;;;;;;;;;1;;;;
03/01/2021;09:51:00;84;ac03 - Acidente com Danos Materiais;521,672;BR-153/GO;Norte;Choque - Arvore;1;;;;;;;;;;1;;;;
03/01/2021;10:51:00;111;ac02 - Acidente com Vítima;516,416;BR-153/GO;Sul;Colisão Traseira;;;1;;;;;;;1;3;1;;;
03/01/2021;12:36:00;154;ac03 - Acidente com Danos Materiais;506,646;BR-153/GO;Sul;Capotamento;1;;;;;;;;;;1;;;;
03/01/2021;12:46:00;161;ac03 - Acidente com Danos Materiais;89,793;BR-060/GO;Norte;Saida de Pista;1;;;;;;;;;;1;;;;
03/01/2021;13:26:00;177;ac03 - Acidente com Danos Materiais;547,8;BR-153/GO;Sul;Saida de Pista;1;;;;;;;;;;1;;;;
03/01/2021;13:53:00;196;ac03 - Acidente com Danos Materiais;679,25;BR-262/MG;Leste;Saida de Pista;;;;;;1;;;;1;6;;;;
03/01/2021;13:59:00;200;ac02 - Acidente com Vítima;79,136;BR-060/GO;Sul;Colisão Lateral;;;2;;;;;;;;1;;1;;
03/01/2021;14:04:00;202;ac03 - Acidente com Danos Materiais;780,15;BR-262/MG;Oeste;Colisão Traseira;2;;;;;;;;;;2;;;;
03/01/2021;15:09:00;222;ac03 - Acidente com Danos Materiais;558;BR-153/GO;Norte;Choque - Elemento de Drenagem;1;;;;;;;;;;2;;;;
03/01/2021;15:33:00;230;ac03 - Acidente com Danos Materiais;364,15;BR-262/MG;Leste;Colisão Traseira;2;;;;;;;;;;2;;;;
03/01/2021;16:30:00;255;ac03 - Acidente com Danos Materiais;26,22;BR-060/GO;Sul;Choque - Defensa;1;;;;;;;;;;1;;;;
03/01/2021;16:31:00;256;ac02 - Acidente com Vítima;449;BR-262/MG;Oeste;Colisão Traseira;;;1;;;1;;;;;1;1;;;
03/01/2021;16:43:00;262;ac03 - Acidente com Danos Materiais;388,1;BR-262/MG;Leste;Colisão Traseira;2;;;;;;;;;;3;;;;
03/01/2021;16:59:00;274;ac02 - Acidente com Vítima;18,105;BR-060/DF;Sul;Capotamento;1;;;;;;;;;;3;;1;;
03/01/2021;17:00:00;277;ac03 - Acidente com Danos Materiais;83;BR-153/MG;Sul;Tombamento;;;1;;;;;;;;1;;;;
03/01/2021;17:20:00;285;ac02 - Acidente com Vítima;612,3;BR-262/MG;Oeste;Choque - Talude;1;;;;;;;;;;1;1;;;
03/01/2021;17:47:00;296;ac03 - Acidente com Danos Materiais;4,2;BR-060/DF;Sul;Engavetamento;3;;;;;1;;;;;4;;;;
03/01/2021;17:50:00;297;ac03 - Acidente com Danos Materiais;117;BR-060/GO;Sul;Engavetamento;3;;;;;;;;;;8;;;;
03/01/2021;20:25:00;360;ac03 - Acidente com Danos Materiais;446;BR-262/MG;Oeste;Queda de Moto;;;;1;;;;;;;1;;;;
03/01/2021;23:53:00;429;ac03 - Acidente com Danos Materiais;107;BR-153/MG;Norte;Saida de Pista;1;;;;;;;;;;1;;;;
04/01/2021;03:10:00;31;ac03 - Acidente com Danos Materiais;607;BR-153/GO;Norte;Saida de Pista;1;;;;;;;;;;4;;;;
04/01/2021;07:00:00;65;ac03 - Acidente com Danos Materiais;557,922;BR-153/GO;Sul;Capotamento;;;;;;;;;;1;1;;;;
04/01/2021;12:45:00;195;ac03 - Acidente com Danos Materiais;58;BR-153/MG;Sul;Saida de Pista;1;;;;;;;;;;1;;;;
04/01/2021;16:57:00;259;ac03 - Acidente com Danos Materiais;83;BR-153/MG;Sul;Colisão Traseira;1;;1;;;;;;;;2;;;;
05/01/2021;04:20:00;23;ac02 - Acidente com Vítima;114;BR-153/MG;Sul;Saida de Pista;;;1;;;;;;;;0;;1;;
05/01/2021;05:11:00;30;ac03 - Acidente com Danos Materiais;427;BR-262/MG;Leste;Saida de Pista;1;;;;;;;;;;5;;;;
05/01/2021;05:47:00;35;ac03 - Acidente com Danos Materiais;577;BR-153/GO;Sul;Saida de Pista;;;;;;;;;;1;5;;;;
05/01/2021;05:47:00;36;ac03 - Acidente com Danos Materiais;443;BR-262/MG;Oeste;Saida de Pista;1;;;;;;;;;;4;;;;
05/01/2021;06:11:00;40;ac03 - Acidente com Danos Materiais;621;BR-153/GO;Norte;Saida de Pista;;;1;;;;;;;;1;;;;
05/01/2021;11:21:00;169;ac02 - Acidente com Vítima;136,237;BR-060/GO;Norte;Capotamento;1;;;;;;;;;;0;;1;;
05/01/2021;13:36:00;235;ac02 - Acidente com Vítima;540;BR-153/GO;Norte;Queda de Moto;;;;1;;;;;;;1;1;;;
05/01/2021;14:53:00;266;ac02 - Acidente com Vítima;108,776;BR-060/GO;Norte;Tombamento;;;1;;;;;;;;0;1;;;
05/01/2021;18:43:00;395;ac03 - Acidente com Danos Materiais;58,7;BR-153/MG;Norte;Colisão Traseira;;;1;;;1;;;;;2;;;;
05/01/2021;19:43:00;426;ac03 - Acidente com Danos Materiais;79;BR-060/GO;Norte;Saida de Pista;1;;;;;;;;;;2;;;;
06/01/2021;01:23:00;17;ac02 - Acidente com Vítima;392;BR-262/MG;Oeste;Saida de Pista;1;;;;;;;;;;0;1;1;;
06/01/2021;04:19:00;39;ac03 - Acidente com Danos Materiais;128;BR-060/GO;Sul;Carreta deu L;;;1;;;;;;;;1;;;;
06/01/2021;07:50:00;97;ac02 - Acidente com Vítima;506;BR-153/GO;Norte;Colisão Traseira;;;;1;;;;;;1;1;;1;;
06/01/2021;11:14:00;281;ac02 - Acidente com Vítima;547,5;BR-262/MG;Leste;Capotamento;;;;;;;;;;1;0;2;;;
06/01/2021;11:45:00;298;ac03 - Acidente com Danos Materiais;128,396;BR-060/GO;Norte;Tombamento;;;1;;;;;;;;2;;;;
06/01/2021;12:17:00;315;ac03 - Acidente com Danos Materiais;500;BR-153/GO;Sul;Colisão Lateral;1;;;1;;;;;;;2;;;;
06/01/2021;15:35:00;410;ac03 - Acidente com Danos Materiais;0,2;BR-153/MG;Norte;Colisão Traseira;;;;1;;;;;;1;2;;;;
06/01/2021;21:26:00;541;ac02 - Acidente com Vítima;137;BR-060/GO;Norte;Queda de Ciclista;;;;1;;;;;;;0;1;;;
07/01/2021;09:26:00;106;ac03 - Acidente com Danos Materiais;492,801;BR-153/GO;Sul;;1;;1;;;;;;;;2;;;;
07/01/2021;11:57:00;171;ac02 - Acidente com Vítima;93;BR-060/GO;Norte;Queda de Moto;;;;1;;;;;;;0;2;;;
07/01/2021;12:04:00;174;ac01 - Acidente com Vítima Fatal;102,671;BR-060/GO;Norte;Capotamento;1;1;;;;;;;;;0;1;1;;1
07/01/2021;15:21:00;226;ac03 - Acidente com Danos Materiais;559,8;BR-262/MG;Oeste;Tombamento;;;1;;;;;;;;1;;;;
07/01/2021;15:54:00;236;ac01 - Acidente com Vítima Fatal;104;BR-153/MG;Sul;Colisão Frontal;1;;1;;;1;;;;;2;;;;1
07/01/2021;16:43:00;245;ac03 - Acidente com Danos Materiais;419,25;BR-262/MG;Oeste;Colisão Traseira;2;;;;;;;;;;2;;;;
07/01/2021;17:47:00;273;ac02 - Acidente com Vítima;48;BR-060/GO;Norte;Capotamento;1;;;;;;;;;;0;2;;;
07/01/2021;20:15:00;320;ac03 - Acidente com Danos Materiais;505;BR-262/MG;Leste;Choque - Outros;1;;;;;;;;;;1;;;;
08/01/2021;00:26:00;6;ac03 - Acidente com Danos Materiais;588;BR-262/MG;Leste;Carreta deu L;;;1;;;;;;;;1;;;;
08/01/2021;01:26:00;15;ac03 - Acidente com Danos Materiais;656,684;BR-153/GO;Norte;Tombamento;;;1;;;;;;;;1;;;;
08/01/2021;07:34:00;87;ac02 - Acidente com Vítima;113;BR-153/MG;Sul;Colisão Lateral;1;;1;;;;;;;;3;2;;;
08/01/2021;07:37:00;88;ac02 - Acidente com Vítima;499,64;BR-153/GO;Sul;Engavetamento;2;;1;;;;;;;;4;1;;;
08/01/2021;09:59:00;140;ac02 - Acidente com Vítima;824;BR-262/MG;Leste;Capotamento;1;;;;;;;;;1;1;1;;;
08/01/2021;10:24:00;156;ac02 - Acidente com Vítima;630;BR-153/GO;Sul;Tombamento;;;1;;;;;;;;0;1;;;
08/01/2021;10:36:00;168;ac03 - Acidente com Danos Materiais;552,15;BR-262/MG;Leste;Colisão Traseira;1;;;;;1;;;;;2;;;;
08/01/2021;13:01:00;204;ac03 - Acidente com Danos Materiais;515;BR-153/GO;Norte;Colisão Traseira;2;;;;;;;;;;2;;;;
08/01/2021;14:23:00;239;ac03 - Acidente com Danos Materiais;113,653;BR-060/GO;Sul;Tombamento;;;1;;;;;;;;1;;;;
08/01/2021;14:34:00;245;ac03 - Acidente com Danos Materiais;503,72;BR-153/GO;Norte;Engavetamento;3;;;;;;;;;;3;;;;
08/01/2021;16:53:00;299;ac03 - Acidente com Danos Materiais;410,25;BR-262/MG;Leste;Colisão Traseira;;;;1;1;;;;;;3;;;;
08/01/2021;17:10:00;303;ac03 - Acidente com Danos Materiais;546,287;BR-153/GO;Sul;Choque - Elemento de Drenagem;;;;;;;;;;1;1;;;;
08/01/2021;17:21:00;312;ac03 - Acidente com Danos Materiais;787;BR-262/MG;Leste;Colisão Lateral;;;2;;;;;;;1;4;;;;
08/01/2021;17:53:00;325;ac03 - Acidente com Danos Materiais;498;BR-153/GO;Sul;Choque - Defensa;1;;;;;;;;;;1;;;;
08/01/2021;19:05:00;363;ac03 - Acidente com Danos Materiais;503;BR-153/GO;Sul;Colisão Traseira;2;;;;;;;;;;4;;;;
08/01/2021;20:03:00;394;ac03 - Acidente com Danos Materiais;632;BR-262/MG;Leste;Saida de Pista;1;;;;;;;;;;2;;;;
08/01/2021;22:49:00;454;ac02 - Acidente com Vítima;128,5;BR-153/MG;Norte;Tombamento;;;1;;;;;;;;0;1;;;
09/01/2021;01:45:00;18;ac03 - Acidente com Danos Materiais;681,8;BR-153/GO;Norte;Saida de Pista;1;;;;;;;;;;1;;;;
09/01/2021;01:52:00;19;ac02 - Acidente com Vítima;32;BR-060/GO;Norte;Colisão Traseira;1;;1;;;;;;;;4;;1;;
09/01/2021;10:40:00;187;ac02 - Acidente com Vítima;447,5;BR-262/MG;Leste;Queda de Moto;;;;2;;;;;;;0;3;;;
09/01/2021;11:45:00;211;ac03 - Acidente com Danos Materiais;212;BR-153/MG;Sul;Tombamento;;;2;;;;;;;;2;;;;
09/01/2021;11:56:00;215;ac03 - Acidente com Danos Materiais;607;BR-262/MG;Leste;Queda de Moto;;;;1;;;;;;;1;;;;
09/01/2021;12:57:00;244;ac03 - Acidente com Danos Materiais;495,2;BR-153/GO;Norte;Colisão Traseira;1;;;;;;;;;1;3;;;;
09/01/2021;13:24:00;253;ac03 - Acidente com Danos Materiais;588;BR-262/MG;Leste;Colisão Lateral;;;1;;;;;;;1;2;;;;
09/01/2021;14:12:00;274;ac02 - Acidente com Vítima;465;BR-262/MG;Leste;Queda de Moto;;;;1;;;;;;;0;2;;;
09/01/2021;15:07:00;297;ac02 - Acidente com Vítima;608;BR-262/MG;Leste;Capotamento;;;;;;;;;;1;0;1;1;;
09/01/2021;15:57:00;318;ac03 - Acidente com Danos Materiais;586,9;BR-262/MG;Leste;Colisão Lateral;1;;1;;;;;;;;3;;;;
09/01/2021;16:16:00;327;ac03 - Acidente com Danos Materiais;4,7;BR-060/DF;Norte;Colisão Traseira;2;;;;;;;;;;9;;;;
09/01/2021;16:27:00;332;ac03 - Acidente com Danos Materiais;586;BR-262/MG;Leste;Colisão Lateral;1;;1;;1;;;;;;4;;;;
09/01/2021;16:31:00;333;ac03 - Acidente com Danos Materiais;582;BR-262/MG;Leste;Saida de Pista;1;;;;;;;;;;1;;;;
09/01/2021;16:56:00;347;ac03 - Acidente com Danos Materiais;4,7;BR-060/DF;Sul;Engavetamento;1;;1;1;;;;;;;4;;;;
09/01/2021;18:47:00;388;ac03 - Acidente com Danos Materiais;500;BR-153/GO;Sul;Colisão Traseira;2;;;;;;;;;;2;;;;
10/01/2021;00:52:00;9;ac02 - Acidente com Vítima;29;BR-060/GO;Norte;Capotamento;1;;;;;;;;;;0;;1;;
10/01/2021;01:25:00;16;ac03 - Acidente com Danos Materiais;683;BR-153/GO;Sul;Saida de Pista;;;;;;;;;;1;4;;;;
10/01/2021;01:41:00;18;ac03 - Acidente com Danos Materiais;11;BR-153/MG;Norte;Saida de Pista;1;;;;;;;;;;1;;;;
10/01/2021;09:09:00;153;ac02 - Acidente com Vítima;390;BR-262/MG;Oeste;Queda de Moto;;;;1;;;;;;;0;1;;;
10/01/2021;16:06:00;332;ac03 - Acidente com Danos Materiais;575;BR-153/GO;Norte;Saida de Pista;1;;;;;;;;;;1;;;;
10/01/2021;16:23:00;335;ac02 - Acidente com Vítima;45;BR-060/GO;Sul;Capotamento;2;;;;;;;;;;3;3;;;
10/01/2021;17:12:00;350;ac03 - Acidente com Danos Materiais;48;BR-060/GO;Norte;Choque - Elemento de Drenagem;1;;;;;;;;;;1;;;;