data;horario;n_da_ocorrencia;tipo_de_ocorrencia;km;trecho;sentido;tipo_de_acidente;automovel;bicicleta;caminhao;moto;onibus;outros;tracao_animal;transporte_de_cargas_especiais;trator_maquinas;utilitarios;ilesos;levemente_feridos;moderadamente_feridos;gravemente_feridos;mortos
21/01/2021;19:00:00;448;ac02 - Acidente com Vítima;563,2;BR-153/GO;Norte;Choque - Talude;1;;1;;;2;;;;;3;1;;;
21/01/2021;19:59:00;478;ac03 - Acidente com Danos Materiais;835,5;BR-262/MG;Leste;Colisão Frontal;;;1;;;;;;;1;3;;;;
22/01/2021;07:54:00;121;ac02 - Acidente com Vítima;502;BR-153/GO;Norte;Colisão Lateral;1;;;1;;;;;;;1;1;;;
22/01/2021;08:10:00;128;ac02 - Acidente com Vítima;755;BR-262/MG;Leste;Colisão Lateral;1;;1;;;;;;;;1;1;;;
22/01/2021;09:35:00;173;ac03 - Acidente com Danos Materiais;504;BR-153/GO;Norte;Colisão Traseira;1;;;;;;;;;1;5;;;;
22/01/2021;09:48:00;180;ac03 - Acidente com Danos Materiais;518;BR-153/GO;Norte;Saida de Pista;1;;;;;1;;;;;2;;;;
22/01/2021;10:02:00;192;ac02 - Acidente com Vítima;549,9;BR-153/GO;Norte;Capotamento;1;;;;;;;;;;0;2;;;
22/01/2021;10:49:00;215;ac03 - Acidente com Danos Materiais;500,9;BR-153/GO;Sul;Colisão Traseira;2;;;;;;;;;;2;;;;
22/01/2021;11:23:00;229;ac03 - Acidente com Danos Materiais;41;BR-153/MG;Norte;Choque - Elemento de Drenagem;1;;;;;;;;;;1;;;;
22/01/2021;11:51:00;243;ac03 - Acidente com Danos Materiais;501;BR-153/GO;Norte;Engavetamento;4;;;;;;;;;;4;;;;
22/01/2021;13:12:00;269;ac03 - Acidente com Danos Materiais;465;BR-262/MG;Leste;Colisão Traseira;;;1;;;;;;;1;4;;;;
22/01/2021;13:21:00;273;ac02 - Acidente com Vítima;527;BR-153/GO;Norte;Colisão Traseira;1;;1;;;;;;;;3;1;;;
22/01/2021;16:57:00;388;ac03 - Acidente com Danos Materiais;514;BR-153/GO;Sul;Colisão Lateral;2;;;;;;;;;;3;;;;
22/01/2021;20:11:00;477;ac02 - Acidente com Vítima;502;BR-153/GO;Sul;Queda de Moto;;;;1;;1;;;;;1;1;;;
22/01/2021;20:35:00;487;ac03 - Acidente com Danos Materiais;586,42;BR-153/GO;Norte;Carreta deu L;;;1;;;1;;;;;2;;;;
23/01/2021;00:05:00;1;ac03 - Acidente com Danos Materiais;20;BR-060/GO;Norte;Colisão Traseira;;;1;;;;;;;1;6;;;;
23/01/2021;05:10:00;45;ac03 - Acidente com Danos Materiais;563,5;BR-262/MG;Oeste;Saida de Pista;1;;;;;;;;;;1;;;;
23/01/2021;06:57:00;67;ac02 - Acidente com Vítima;499,15;BR-262/MG;Leste;Queda de Moto;;;;1;;;;;;;0;2;;;
23/01/2021;08:48:00;90;ac03 - Acidente com Danos Materiais;381,2;BR-262/MG;Oeste;Choque - Elemento de Drenagem;1;;;;;;;;;;2;;;;
23/01/2021;09:13:00;104;ac03 - Acidente com Danos Materiais;386;BR-262/MG;Oeste;Saida de Pista;1;;;;;;;;;;3;;;;
23/01/2021;10:07:00;129;ac03 - Acidente com Danos Materiais;236;BR-153/MG;Sul;Capotamento;;;1;;;;;;;;3;;;;
23/01/2021;14:56:00;241;ac02 - Acidente com Vítima;462;BR-262/MG;Oeste;Choque - Talude;;;1;1;;;;;;1;4;1;;;
23/01/2021;15:12:00;246;ac03 - Acidente com Danos Materiais;519,245;BR-153/GO;Norte;Capotamento;1;;;;;;;;;;1;;;;
23/01/2021;15:27:00;251;ac02 - Acidente com Vítima;1,433;BR-060/DF;Sul;Colisão Lateral;1;;;1;;;;;;;1;;2;;
23/01/2021;17:26:00;299;ac02 - Acidente com Vítima;620;BR-153/GO;Sul;Saida de Pista;;;;;;;;;;1;0;1;;;
23/01/2021;21:10:00;371;ac02 - Acidente com Vítima;408,088;BR-262/MG;Leste;Colisão Traseira;1;;1;;;;;;;;1;;1;;
23/01/2021;21:33:00;373;ac02 - Acidente com Vítima;353;BR-262/MG;Oeste;Colisão Traseira;1;;;;;;;;;1;1;;1;;
24/01/2021;02:15:00;20;ac03 - Acidente com Danos Materiais;41,369;BR-153/MG;Norte;Tombamento;;;1;;;;;;;;1;;;;
24/01/2021;03:12:00;27;ac01 - Acidente com Vítima Fatal;409,5;BR-262/MG;Oeste;Capotamento;;;;;;;;;;1;0;;;;1
24/01/2021;07:31:00;59;ac03 - Acidente com Danos Materiais;501,191;BR-153/GO;Sul;Colisão Traseira;1;;1;;;;;;;;2;;;;
24/01/2021;08:11:00;71;ac02 - Acidente com Vítima;501,246;BR-153/GO;Sul;Colisão Traseira;;;;2;;;;;;;0;2;;;
24/01/2021;08:53:00;89;ac03 - Acidente com Danos Materiais;500,9;BR-153/GO;Sul;Engavetamento;3;;;;;;;;;;3;;;;
24/01/2021;14:33:00;210;ac03 - Acidente com Danos Materiais;491,667;BR-153/GO;Norte;Colisão Traseira;2;;;;;;;;;;2;;;;
24/01/2021;16:02:00;239;ac02 - Acidente com Vítima;433,32;BR-262/MG;Oeste;Saida de Pista;1;;;;;;;;;;0;;1;;
24/01/2021;16:19:00;247;ac02 - Acidente com Vítima;16;BR-060/DF;Norte;Tombamento;;;1;;;;;;;;0;1;;;
24/01/2021;17:47:00;297;ac03 - Acidente com Danos Materiais;559,541;BR-262/MG;Leste;Tombamento;;;1;;;1;;;;;2;;;;
24/01/2021;19:32:00;353;ac03 - Acidente com Danos Materiais;28,125;BR-060/DF;Norte;Saida de Pista;1;;;;;;;;;;2;;;;
24/01/2021;19:40:00;357;ac03 - Acidente com Danos Materiais;394;BR-262/MG;Oeste;Colisão Traseira;2;;;;;;;;;;2;;;;
24/01/2021;19:48:00;362;ac03 - Acidente com Danos Materiais;32;BR-060/GO;Sul;Colisão Frontal;2;;1;;;;;;;;3;;;;
24/01/2021;20:37:00;389;ac03 - Acidente com Danos Materiais;2,5;BR-060/DF;Sul;Colisão Lateral;2;;;;;;;;;;3;;;;
24/01/2021;22:26:00;412;ac02 - Acidente com Vítima;117,2;BR-060/GO;Sul;Atropelamento de Animal;1;;;;;;;;;;1;1;1;;
24/01/2021;22:46:00;417;ac02 - Acidente com Vítima;566;BR-262/MG;Oeste;Colisão Frontal;2;;;;;;;;;;0;1;3;;
25/01/2021;01:57:00;20;ac03 - Acidente com Danos Materiais;393,392;BR-262/MG;Oeste;Colisão Traseira;;;2;;;2;;;;;4;;;;
25/01/2021;04:38:00;44;ac01 - Acidente com Vítima Fatal;461;BR-262/MG;Oeste;Colisão Frontal;1;;1;;;;;;;;1;;;;1
25/01/2021;11:22:00;224;ac03 - Acidente com Danos Materiais;515;BR-153/GO;Norte;Colisão Traseira;1;;1;;;;;;;;2;;;;
25/01/2021;14:25:00;310;ac02 - Acidente com Vítima;811;BR-262/MG;Leste;Colisão Traseira;1;;;1;;;;;;;1;1;;;
25/01/2021;14:26:00;311;ac02 - Acidente com Vítima;124;BR-060/GO;Sul;Queda de Moto;;;;1;;;;;;;0;;1;;
25/01/2021;16:07:00;349;ac03 - Acidente com Danos Materiais;455;BR-262/MG;Oeste;Colisão Traseira;1;;;;;;;;;1;2;;;;
25/01/2021;16:13:00;352;ac03 - Acidente com Danos Materiais;127;BR-153/MG;Norte;Colisão Lateral;1;;1;;;;;;;;2;;;;
25/01/2021;16:53:00;365;ac03 - Acidente com Danos Materiais;97,375;BR-060/GO;Sul;Tombamento;;;1;;;;;;;;1;;;;
25/01/2021;17:44:00;381;ac03 - Acidente com Danos Materiais;534;BR-153/GO;Sul;Colisão Frontal;1;;;;;;;;;;1;;;;
25/01/2021;18:00:00;384;ac03 - Acidente com Danos Materiais;694;BR-262/MG;Leste;Colisão Traseira;2;;;;;;;;;;2;;;;
25/01/2021;20:17:00;444;ac03 - Acidente com Danos Materiais;8,5;BR-060/DF;Sul;Colisão Lateral;;;1;;1;;;;;;2;;;;
25/01/2021;22:41:00;501;ac03 - Acidente com Danos Materiais;777,3;BR-262/MG;Leste;Capotamento;1;;;;;;;;;;3;;;;
25/01/2021;23:04:00;506;ac03 - Acidente com Danos Materiais;556,7;BR-153/GO;Norte;Saida de Pista;1;;;;;;;;;;2;;;;
25/01/2021;23:51:00;520;ac02 - Acidente com Vítima;616;BR-262/MG;Oeste;Saida de Pista;;;1;;;;;;;;0;1;;;
26/01/2021;01:32:00;25;ac02 - Acidente com Vítima;136;BR-060/GO;Sul;Tombamento;;;1;;;;;;;;0;1;;;
26/01/2021;06:10:00;74;ac02 - Acidente com Vítima;54;BR-153/MG;Sul;Colisão Frontal;1;;1;;;;;;;;0;1;1;;
26/01/2021;06:53:00;88;ac03 - Acidente com Danos Materiais;134;BR-060/GO;Sul;Engavetamento;;;3;;;;;;;;3;;;;
26/01/2021;07:57:00;120;ac03 - Acidente com Danos Materiais;505;BR-153/GO;Sul;Colisão Traseira;1;;;;;;;;;1;2;;;;
26/01/2021;09:42:00;195;ac03 - Acidente com Danos Materiais;462;BR-262/MG;Oeste;;;;1;;;;;;;;1;;;;
26/01/2021;11:21:00;252;ac03 - Acidente com Danos Materiais;566,7;BR-153/GO;Norte;Colisão Traseira;1;;1;;;;;;;;2;;;;
26/01/2021;12:25:00;273;ac02 - Acidente com Vítima;645;BR-153/GO;Sul;Colisão Lateral;;;2;;;2;;;;;2;1;;1;
26/01/2021;14:39:00;317;ac03 - Acidente com Danos Materiais;387;BR-262/MG;Oeste;Colisão Lateral;1;;;;;;;;;1;3;;;;
26/01/2021;14:42:00;319;ac02 - Acidente com Vítima;9;BR-060/DF;Norte;Tombamento;;;1;;;;;;;;0;1;;;
26/01/2021;14:43:00;320;ac03 - Acidente com Danos Materiais;3;BR-153/MG;Sul;Saida de Pista;1;;;;;;;;;;1;;;;
26/01/2021;14:49:00;324;ac03 - Acidente com Danos Materiais;27;BR-060/DF;Sul;Saida de Pista;1;;;;;;;;;;3;;;;
26/01/2021;14:51:00;326;ac03 - Acidente com Danos Materiais;584,6;BR-153/GO;Sul;Capotamento;1;;;;;;;;;;1;;;;
26/01/2021;15:14:00;333;ac02 - Acidente com Vítima;444,2;BR-262/MG;Leste;Colisão Traseira;1;;1;;;;;;;;2;;;1;
26/01/2021;15:21:00;338;ac03 - Acidente com Danos Materiais;518;BR-262/MG;Leste;;1;;;;;;;;;;1;;;;
26/01/2021;16:25:00;363;ac03 - Acidente com Danos Materiais;72;BR-060/GO;Norte;Saida de Pista;;;;;;;;;;1;1;;;;
26/01/2021;17:25:00;390;ac03 - Acidente com Danos Materiais;563;BR-153/GO;Sul;Colisão Traseira;2;;;;;;;;;;2;;;;
26/01/2021;19:03:00;429;ac02 - Acidente com Vítima;4,551;BR-060/DF;Norte;Queda de Ciclista;;;;1;;;;;;;0;1;;;
27/01/2021;03:34:00;27;ac03 - Acidente com Danos Materiais;365;BR-262/MG;Oeste;Colisão Traseira;;;2;;;;;;;;2;;;;
27/01/2021;09:08:00;131;ac03 - Acidente com Danos Materiais;443,15;BR-262/MG;Leste;Tombamento;;;2;;;;;;;;2;;;;
27/01/2021;10:14:00;161;ac03 - Acidente com Danos Materiais;354,3;BR-262/MG;Leste;Tombamento;;;1;;;;;;;;2;;;;
27/01/2021;11:26:00;210;ac02 - Acidente com Vítima;492,396;BR-153/GO;Norte;Colisão Traseira;;;1;1;1;;;;;;2;;1;;
27/01/2021;11:34:00;215;ac02 - Acidente com Vítima;411,25;BR-262/MG;Oeste;Capotamento;1;;;;;;;;;;0;;1;;
27/01/2021;13:56:00;266;ac03 - Acidente com Danos Materiais;671,35;BR-262/MG;Leste;Tombamento;;;1;;;;;;;;1;;;;
27/01/2021;14:38:00;279;ac03 - Acidente com Danos Materiais;48,994;BR-060/GO;Norte;Saida de Pista;1;;;;;;;;;;1;;;;
27/01/2021;14:56:00;286;ac03 - Acidente com Danos Materiais;595,628;BR-153/GO;Norte;Saida de Pista;;;1;;;;;;;;2;;;;
27/01/2021;15:06:00;291;ac02 - Acidente com Vítima;14,39;BR-060/GO;Norte;Colisão Traseira;1;;2;;;;;;;1;3;1;1;;
27/01/2021;15:19:00;296;ac02 - Acidente com Vítima;875,146;BR-262/MG;Oeste;Colisão Traseira;;;2;;;;;;;;1;1;;;
27/01/2021;20:41:00;424;ac02 - Acidente com Vítima;788;BR-262/MG;Oeste;Choque - Arvore;;;;;;;;;;1;0;;;1;
28/01/2021;07:23:00;73;ac03 - Acidente com Danos Materiais;650;BR-153/GO;Sul;Choque - Objeto sobre a pista;;;1;;;;;;;1;2;;;;
28/01/2021;07:51:00;91;ac03 - Acidente com Danos Materiais;650,904;BR-153/GO;Sul;Saida de Pista;;;;;;;;;;1;1;;;;
28/01/2021;08:58:00;140;ac03 - Acidente com Danos Materiais;493,3;BR-262/MG;Leste;Colisão Traseira;;;2;;;;;;;;4;;;;
28/01/2021;09:00:00;141;ac03 - Acidente com Danos Materiais;121,9;BR-060/GO;Norte;Colisão Traseira;;;1;;1;;;;;;10;;;;
28/01/2021;09:56:00;168;ac03 - Acidente com Danos Materiais;780;BR-262/MG;Leste;Engavetamento;1;;2;;;;;;;1;4;;;;
28/01/2021;12:54:00;262;ac03 - Acidente com Danos Materiais;490,334;BR-153/GO;Sul;Colisão Lateral;1;;;;;;;;;1;2;;;;
28/01/2021;13:21:00;274;ac02 - Acidente com Vítima;0,8;BR-060/DF;Sul;Colisão Frontal;1;;;1;;;;;;;1;1;;;
28/01/2021;14:40:00;304;ac02 - Acidente com Vítima;575,1;BR-153/GO;Norte;Capotamento;1;;;;;;;;;;0;1;;;
28/01/2021;15:19:00;316;ac02 - Acidente com Vítima;101,711;BR-060/GO;Sul;Choque - Talude;1;;;;;;;;;;1;1;;;
28/01/2021;15:24:00;320;ac03 - Acidente com Danos Materiais;85,5;BR-060/GO;Sul;Queda de Moto;;;;1;;;;;;;2;;;;
28/01/2021;15:47:00;327;ac02 - Acidente com Vítima;10;BR-153/MG;Sul;Colisão Frontal;;;3;;;3;;;;;4;1;;1;
28/01/2021;16:00:00;334;ac03 - Acidente com Danos Materiais;588;BR-153/GO;Norte;Choque - Elemento de Drenagem;1;;;;;;;;;;2;;;;
28/01/2021;18:41:00;409;ac03 - Acidente com Danos Materiais;502;BR-153/GO;Sul;Colisão Traseira;1;;;1;;;;;;;2;;;;
29/01/2021;02:44:00;28;ac03 - Acidente com Danos Materiais;588;BR-153/GO;Norte;Tombamento;1;;;;;;;;;;2;;;;
29/01/2021;03:47:00;36;ac03 - Acidente com Danos Materiais;104,115;BR-153/MG;Sul;Atropelamento de Animal;1;;;;;;;;;;2;;;;
29/01/2021;03:57:00;39;ac03 - Acidente com Danos Materiais;103,983;BR-153/MG;Sul;Atropelamento de Animal;;;1;;;;;;;;1;;;;
29/01/2021;07:56:00;97;ac03 - Acidente com Danos Materiais;3,7;BR-060/DF;Norte;Colisão Traseira;2;;;;;;;;;;2;;;;
29/01/2021;11:13:00;210;ac02 - Acidente com Vítima;87;BR-153/MG;Norte;Colisão Lateral;1;;1;;;1;;;;;2;1;;;
29/01/2021;14:55:00;323;ac03 - Acidente com Danos Materiais;98;BR-060/GO;Sul;;2;;;;;;;;;;2;;;;
29/01/2021;16:16:00;359;ac02 - Acidente com Vítima;101;BR-060/GO;Norte;Atropelamento - Outros;;;;1;;;;;;;0;;2;;
29/01/2021;16:25:00;366;ac03 - Acidente com Danos Materiais;499;BR-153/GO;Sul;Engavetamento;2;;1;;;;;;;;3;;;;
29/01/2021;17:40:00;411;ac03 - Acidente com Danos Materiais;443;BR-262/MG;Leste;Choque- Poste/Equipamento;;;;;;;;;;1;1;;;;
29/01/2021;18:35:00;437;ac03 - Acidente com Danos Materiais;42;BR-060/GO;Sul;Engavetamento;3;;1;;;;;;;;8;;;;
29/01/2021;19:22:00;461;ac03 - Acidente com Danos Materiais;507;BR-153/GO;Sul;;1;;;;;;;;;;1;;;;
29/01/2021;19:30:00;468;ac03 - Acidente com Danos Materiais;100;BR-060/GO;Sul;Choque - Defensa;1;;;;;1;;;;;2;;;;
29/01/2021;20:07:00;488;ac02 - Acidente com Vítima;802,2;BR-262/MG;Oeste;Engavetamento;1;;1;;;;;;;1;3;1;;;
30/01/2021;12:29:00;213;ac03 - Acidente com Danos Materiais;733;BR-262/MG;Leste;Capotamento;1;;;;;;;;;;1;;;;
30/01/2021;14:57:00;281;ac02 - Acidente com Vítima;609;BR-262/MG;Leste;Queda de Moto;;;;1;;;;;;;0;2;;;
30/01/2021;16:30:00;320;ac03 - Acidente com Danos Materiais;566,25;BR-153/GO;Norte;Colisão Traseira;1;;;;;;;;;;3;;;;
30/01/2021;19:04:00;414;ac03 - Acidente com Danos Materiais;653;BR-262/MG;Leste;Colisão Traseira;2;;;;;;;;;;2;;;;
30/01/2021;21:43:00;477;ac02 - Acidente com Vítima;699;BR-153/GO;Sul;Colisão Traseira;1;;;1;;;;;;;1;1;;;
30/01/2021;22:08:00;488;ac03 - Acidente com Danos Materiais;65,46;BR-060/GO;Norte;Atropelamento de Animal;1;;;;;;;;;;1;;;;
30/01/2021;23:17:00;513;ac03 - Acidente com Danos Materiais;505,02;BR-153/GO;Sul;Colisão Traseira;2;;;;;;;;;;2;;;;
31/01/2021;04:42:00;41;ac03 - Acidente com Danos Materiais;579;BR-262/MG;Oeste;Colisão Lateral;1;;1;;;;;;;;2;;;;
31/01/2021;06:25:00;73;ac03 - Acidente com Danos Materiais;245;BR-153/MG;Norte;Saida de Pista;;;;;;;;;;1;1;;;;
31/01/2021;07:22:00;91;ac02 - Acidente com Vítima;370;BR-262/MG;Leste;Capotamento;;;;;;;;;;1;0;1;;;
31/01/2021;08:14:00;105;ac03 - Acidente com Danos Materiais;126,687;BR-060/GO;Sul;Queda de Moto;;;;1;;;;;;;2;;;;
31/01/2021;10:39:00;185;ac02 - Acidente com Vítima;379,15;BR-262/MG;Leste;Tombamento;;;1;;;1;;;;;1;;;1;
31/01/2021;14:00:00;252;ac03 - Acidente com Danos Materiais;371,5;BR-262/MG;Oeste;Colisão Lateral;;;;2;;;;;;;2;;;;
31/01/2021;14:50:00;269;ac03 - Acidente com Danos Materiais;586;BR-262/MG;Oeste;Saida de Pista;1;;;;;;;;;;1;;;;
31/01/2021;18:54:00;364;ac02 - Acidente com Vítima;699;BR-153/GO;Sul;Queda de Moto;;;;1;;;;;;;0;1;;;
31/01/2021;19:33:00;390;ac03 - Acidente com Danos Materiais;536;BR-153/GO;Norte;Saida de Pista;1;;;;;;;;;;2;;;;
31/01/2021;19:57:00;400;ac02 - Acidente com Vítima;836;BR-262/MG;Oeste;Saida de Pista;1;;;;;;;;;;0;1;;;
31/01/2021;20:13:00;407;ac03 - Acidente com Danos Materiais;701;BR-153/GO;Sul;Tombamento;;;1;;;1;;;;;2;;;;
31/01/2021;21:42:00;433;ac03 - Acidente com Danos Materiais;363;BR-262/MG;Leste;Colisão Traseira;2;;;;;;;;;;2;;;;
31/01/2021;23:04:00;454;ac03 - Acidente com Danos Materiais;499;BR-153/GO;Sul;Saida de Pista;1;;;;;;;;;;1;;;;
01/02/2021;01:29:00;24;ac03 - Acidente com Danos Materiais;132;BR-060/GO;Sul;Choque - Defensa;1;;;;;;;;;;1;;;;
01/02/2021;02:32:00;33;ac03 - Acidente com Danos Materiais;591,8;BR-153/GO;Sul;Tombamento;;;1;;;;;;;;1;;;;
01/02/2021;02:51:00;34;ac03 - Acidente com Danos Materiais;565,5;BR-153/GO;Sul;Saida de Pista;1;;;;;;;;;;1;;;;
01/02/2021;04:37:00;39;ac03 - Acidente com Danos Materiais;503;BR-153/GO;Norte;Queda de Moto;;;;1;;;;;;;1;;;;
01/02/2021;04:49:00;41;ac03 - Acidente com Danos Materiais;366;BR-262/MG;Oeste;Atropelamento de Animal;1;;;;;;;;;;1;;;;
01/02/2021;05:45:00;50;ac03 - Acidente com Danos Materiais;367,311;BR-262/MG;Oeste;Colisão Traseira;2;;;;;;;;;;2;;;;
01/02/2021;07:14:00;67;ac02 - Acidente com Vítima;398,2;BR-262/MG;Oeste;Colisão Traseira;1;;;1;;;;;;;1;;1;;
01/02/2021;07:36:00;74;ac02 - Acidente com Vítima;442,15;BR-262/MG;Oeste;Colisão Traseira;1;;;1;;;;;;;1;;1;;
01/02/2021;08:35:00;103;ac03 - Acidente com Danos Materiais;7,863;BR-060/DF;Sul;Colisão Traseira;1;;;;1;;;;;;3;;;;
01/02/2021;09:00:00;110;ac03 - Acidente com Danos Materiais;543,652;BR-153/GO;Norte;Capotamento;1;;;;;;;;;;4;;;;
01/02/2021;09:26:00;124;ac02 - Acidente com Vítima;506,367;BR-153/GO;Norte;Colisão Lateral;1;;;1;;1;;;;;5;1;;;
01/02/2021;09:40:00;131;ac03 - Acidente com Danos Materiais;626,2;BR-262/MG;Oeste;Tombamento;;;1;;;;;;;;1;;;;
01/02/2021;09:42:00;132;ac03 - Acidente com Danos Materiais;11,502;BR-060/GO;Sul;Choque - Elemento de Drenagem;1;;;;;;;;;;3;;;;
01/02/2021;10:03:00;141;ac03 - Acidente com Danos Materiais;1;BR-060/GO;Sul;Saida de Pista;1;;;;;;;;;;1;;;;
01/02/2021;12:17:00;203;ac02 - Acidente com Vítima;48;BR-153/MG;Sul;Capotamento;1;;;;;;;;;;0;;1;;
01/02/2021;18:45:00;358;ac02 - Acidente com Vítima;505,963;BR-153/GO;Sul;Queda de Moto;;;;1;;1;;;;;2;1;;;
01/02/2021;19:45:00;381;ac03 - Acidente com Danos Materiais;582;BR-153/GO;Norte;Colisão Traseira;1;;;;;;;;;1;2;;;;
01/02/2021;22:21:00;410;ac03 - Acidente com Danos Materiais;44;BR-153/MG;Norte;Saida de Pista;;;;;;;;;;1;1;;;;
02/02/2021;06:16:00;51;ac03 - Acidente com Danos Materiais;224;BR-153/MG;Norte;Colisão Lateral;2;;;;;;;;;;2;;;;
02/02/2021;07:36:00;81;ac02 - Acidente com Vítima;116;BR-060/GO;Sul;Queda de Moto;;;;1;;;;;;;0;1;;;
02/02/2021;07:55:00;92;ac03 - Acidente com Danos Materiais;500;BR-153/GO;Sul;Engavetamento;4;;;;;;;;;;4;;;;
02/02/2021;08:06:00;95;ac02 - Acidente com Vítima;514;BR-153/GO;Norte;Colisão Lateral;1;1;;;;;;;;;1;1;;;
02/02/2021;11:01:00;195;ac02 - Acidente com Vítima;95;BR-060/GO;Norte;Colisão Lateral;2;;;;;;;;;;0;;2;;
02/02/2021;14:32:00;271;ac03 - Acidente com Danos Materiais;570;BR-262/MG;Leste;Capotamento;1;;;;;;;;;;1;;;;
02/02/2021;15:11:00;288;ac03 - Acidente com Danos Materiais;388;BR-262/MG;Leste;Capotamento;1;;;;;;;;;;1;;;;
02/02/2021;15:25:00;293;ac03 - Acidente com Danos Materiais;861;BR-262/MG;Oeste;;1;;;;;;;;;;1;;;;
02/02/2021;16:05:00;306;ac03 - Acidente com Danos Materiais;0,3;BR-060/GO;Sul;Saida de Pista;1;;;;;;;;;;1;;;;
02/02/2021;16:14:00;312;ac02 - Acidente com Vítima;749;BR-262/MG;Leste;Colisão Lateral;1;;1;;;;;;;;2;1;;;
02/02/2021;16:27:00;320;ac03 - Acidente com Danos Materiais;100;BR-060/GO;Norte;Saida de Pista;1;;;;;;;;;;1;;;;
02/02/2021;16:51:00;323;ac03 - Acidente com Danos Materiais;369;BR-262/MG;Leste;Saida de Pista;;;;;;;;;;1;1;;;;
02/02/2021;17:41:00;350;ac03 - Acidente com Danos Materiais;128;BR-060/GO;Norte;Saida de Pista;;;;;;;;;;1;4;;;;
02/02/2021;19:55:00;421;ac02 - Acidente com Vítima;1;BR-060/GO;Sul;Capotamento;1;;;;;1;;;;;2;;1;;
02/02/2021;20:10:00;427;ac03 - Acidente com Danos Materiais;109;BR-153/MG;Norte;Saida de Pista;;;1;;;;;;;;1;;;;
02/02/2021;20:57:00;440;ac03 - Acidente com Danos Materiais;557,3;BR-153/GO;Sul;Choque - Outros;1;;;;;;;;;;1;;;;
03/02/2021;01:22:00;20;ac03 - Acidente com Danos Materiais;547;BR-153/GO;Norte;Saida de Pista;;;;;;1;;;;1;2;;;;
03/02/2021;03:44:00;39;ac02 - Acidente com Vítima;703;BR-153/GO;Norte;Tombamento;;;1;;;3;;;;;3;1;;;
03/02/2021;08:33:00;130;ac03 - Acidente com Danos Materiais;39;BR-060/GO;Sul;Tombamento;;;1;;;2;;;;;3;;;;
03/02/2021;09:49:00;177;ac01 - Acidente com Vítima Fatal;7;BR-060/DF;Norte;Colisão Traseira;;;1;1;;;;;;;1;;;;1
03/02/2021;13:32:00;265;ac03 - Acidente com Danos Materiais;4;BR-060/GO;Norte;Choque - Defensa;;;1;;;;;;;;1;;;;
03/02/2021;15:48:00;317;ac03 - Acidente com Danos Materiais;22,55;BR-060/DF;Norte;Capotamento;;;;;;;;;;1;1;;;;
03/02/2021;16:04:00;331;ac03 - Acidente com Danos Materiais;500,6;BR-153/GO;Sul;Colisão Traseira;1;;1;;;;;;;;3;;;;
03/02/2021;16:22:00;340;ac03 - Acidente com Danos Materiais;407;BR-262/MG;Leste;Saida de Pista;1;;;;;;;;;;1;;;;
03/02/2021;17:52:00;388;ac03 - Acidente com Danos Materiais;20;BR-060/GO;Norte;Saida de Pista;;;1;;;;;;;;1;;;;
03/02/2021;18:15:00;399;ac03 - Acidente com Danos Materiais;506,8;BR-153/GO;Norte;Colisão Traseira;2;;;;;;;;;;2;;;;
03/02/2021;18:45:00;409;ac03 - Acidente com Danos Materiais;507,2;BR-153/GO;Norte;Colisão Traseira;1;;;1;;;;;;;2;;;;
03/02/2021;19:12:00;420;ac03 - Acidente com Danos Materiais;507,2;BR-153/GO;Norte;Colisão Traseira;1;;1;;;;;;;;2;;;;
03/02/2021;19:17:00;423;ac02 - Acidente com Vítima;101;BR-060/GO;Norte;Atropelamento - Outros;;;;1;;;;;;;0;3;;;
03/02/2021;19:21:00;426;ac03 - Acidente com Danos Materiais;627;BR-262/MG;Oeste;Colisão Traseira;;;2;;;;;;;;2;;;;
03/02/2021;19:47:00;439;ac03 - Acidente com Danos Materiais;412;BR-262/MG;Oeste;Capotamento;1;;;;;;;;;;1;;;;
03/02/2021;21:54:00;480;ac03 - Acidente com Danos Materiais;364;BR-262/MG;Oeste;Saida de Pista;;;1;;;;;;;;1;;;;
04/02/2021;10:17:00;166;ac02 - Acidente com Vítima;398,5;BR-262/MG;Leste;Colisão Transversal;1;;;1;;;;;;;1;;3;1;
04/02/2021;12:19:00;215;ac03 - Acidente com Danos Materiais;372,2;BR-262/MG;Oeste;Colisão Traseira;;;2;;;;;;;;2;;;;