data;horario;n_da_ocorrencia;tipo_de_ocorrencia;km;trecho;sentido;tipo_de_acidente;automovel;bicicleta;caminhao;moto;onibus;outros;tracao_animal;transporte_de_cargas_especiais;trator_maquinas;utilitarios;ilesos;levemente_feridos;moderadamente_feridos;gravemente_feridos;mortos
04/02/2021;16:41:00;338;ac03 - Acidente com Danos Materiais;501,595;BR-153/GO;Sul;Colisão Traseira;2;;;;;;;;;;2;;;;
04/02/2021;22:31:00;457;ac02 - Acidente com Vítima;44;BR-060/GO;Norte;Saida de Pista;1;;;;;;;;;;1;1;;;
05/02/2021;00:10:00;2;ac02 - Acidente com Vítima;360,256;BR-262/MG;Oeste;Colisão Traseira;1;;;;;1;;;;;1;;1;;
05/02/2021;00:10:00;4;ac03 - Acidente com Danos Materiais;2,888;BR-060/GO;Sul;Tombamento;;;1;;;;;;;;2;;;;
05/02/2021;05:43:00;38;ac03 - Acidente com Danos Materiais;518,1;BR-262/MG;Leste;Choque - Arvore;;;1;;;;;;;;1;;;;
05/02/2021;06:17:00;46;ac03 - Acidente com Danos Materiais;522,05;BR-262/MG;Oeste;Saida de Pista;;;2;;;;;;;;2;;;;
05/02/2021;06:21:00;49;ac03 - Acidente com Danos Materiais;519,65;BR-262/MG;Oeste;Saida de Pista;;;1;;;;;;;;1;;;;
05/02/2021;07:45:00;79;ac03 - Acidente com Danos Materiais;385;BR-262/MG;Oeste;Saida de Pista;1;;;;;;;;;;1;;;;
05/02/2021;07:49:00;81;ac03 - Acidente com Danos Materiais;358;BR-262/MG;Leste;Choque - Elemento de Drenagem;1;;;;;;;;;;1;;;;
05/02/2021;08:12:00;90;ac02 - Acidente com Vítima;502,596;BR-153/GO;Sul;Colisão Lateral;1;;;1;;;;;;;1;1;;;
05/02/2021;08:33:00;96;ac03 - Acidente com Danos Materiais;492;BR-262/MG;Leste;Colisão Lateral;1;;1;;;;;;;;2;;;;
05/02/2021;11:38:00;188;ac02 - Acidente com Vítima;96;BR-060/GO;Norte;Atropelamento - Usuário;;;;1;;;;;;;0;2;;;
05/02/2021;12:50:00;217;ac03 - Acidente com Danos Materiais;506,818;BR-153/GO;Norte;Engavetamento;4;;;;;;;;;;4;;;;
05/02/2021;12:56:00;219;ac03 - Acidente com Danos Materiais;378,85;BR-262/MG;Leste;Capotamento;1;;;;;;;;;;5;;;;
05/02/2021;12:59:00;222;ac03 - Acidente com Danos Materiais;94;BR-153/MG;Sul;Saida de Pista;1;;;;;;;;;;1;;;;
05/02/2021;13:19:00;230;ac03 - Acidente com Danos Materiais;381;BR-262/MG;Leste;Saida de Pista;1;;;;;;;;;;1;;;;
05/02/2021;13:19:00;231;ac02 - Acidente com Vítima;11,626;BR-060/DF;Norte;Choque- Poste/Equipamento;1;;;;;;;;;;0;3;;;
05/02/2021;16:13:00;306;ac03 - Acidente com Danos Materiais;113,209;BR-060/GO;Sul;Capotamento;1;;;;;;;;;;1;;;;
05/02/2021;16:48:00;321;ac02 - Acidente com Vítima;380,15;BR-262/MG;Leste;Choque - Elemento de Drenagem;1;;;;;;;;;;0;2;;;
05/02/2021;20:09:00;418;ac03 - Acidente com Danos Materiais;367;BR-262/MG;Oeste;Colisão Traseira;2;;;;;;;;;;2;;;;
05/02/2021;21:13:00;450;ac03 - Acidente com Danos Materiais;549;BR-262/MG;Leste;Saida de Pista;1;;;;;;;;;;1;;;;
05/02/2021;23:57:00;477;ac03 - Acidente com Danos Materiais;632;BR-262/MG;Oeste;Saida de Pista;1;;;;;;;;;;1;;;;
06/02/2021;00:29:00;7;ac03 - Acidente com Danos Materiais;532;BR-153/GO;Sul;Saida de Pista;1;;;;;;;;;;1;;;;
06/02/2021;06:48:00;62;ac03 - Acidente com Danos Materiais;385;BR-262/MG;Oeste;Choque - Defensa;1;;;;;;;;;;5;;;;
06/02/2021;07:01:00;68;ac02 - Acidente com Vítima;513;BR-153/GO;Sul;Engavetamento;3;;;;;;;;;;2;1;;;
06/02/2021;08:18:00;89;ac03 - Acidente com Danos Materiais;369;BR-262/MG;Leste;Choque - Defensa;1;;;;;;;;;;1;;;;
06/02/2021;08:26:00;95;ac03 - Acidente com Danos Materiais;127,3;BR-060/GO;Norte;Colisão Lateral;2;;;;;;;;;;4;;;;
06/02/2021;08:53:00;110;ac03 - Acidente com Danos Materiais;24;BR-060/DF;Norte;Saida de Pista;;;1;;;;;;;;3;;;;
06/02/2021;09:30:00;129;ac03 - Acidente com Danos Materiais;353;BR-262/MG;Leste;Choque - Outros;1;;;;;;;;;;1;;;;
06/02/2021;10:07:00;147;ac03 - Acidente com Danos Materiais;41;BR-060/GO;Norte;Capotamento;1;;;;;;;;;;1;;;;
06/02/2021;10:30:00;154;ac03 - Acidente com Danos Materiais;26;BR-060/DF;Sul;;;;;;;;;;;1;1;;;;
06/02/2021;11:47:00;178;ac03 - Acidente com Danos Materiais;389;BR-262/MG;Leste;Colisão Lateral;2;;;;;;;;;;2;;;;
06/02/2021;11:58:00;182;ac03 - Acidente com Danos Materiais;389;BR-262/MG;Leste;;1;;;;;;;;;;1;;;;
06/02/2021;12:12:00;188;ac03 - Acidente com Danos Materiais;553;BR-153/GO;Sul;Engavetamento;2;;1;;;;;;;;3;;;;
06/02/2021;12:21:00;191;ac01 - Acidente com Vítima Fatal;369,8;BR-262/MG;Oeste;Atropelamento - Morador;1;;;;;;;;;;3;;;;1
06/02/2021;12:40:00;200;ac03 - Acidente com Danos Materiais;2;BR-060/DF;Norte;Carreta deu L;;;1;;;;;;;;1;;;;
06/02/2021;14:04:00;226;ac03 - Acidente com Danos Materiais;45;BR-060/GO;Norte;Engavetamento;3;;;;;;;;;;3;;;;
06/02/2021;14:22:00;233;ac03 - Acidente com Danos Materiais;608;BR-262/MG;Leste;Saida de Pista;;;;;;;;;;1;1;;;;
06/02/2021;14:53:00;252;ac02 - Acidente com Vítima;47;BR-153/MG;Sul;Saida de Pista;1;;;;;;;;;;0;1;;;
06/02/2021;15:01:00;258;ac03 - Acidente com Danos Materiais;603;BR-262/MG;Leste;Tombamento;;;1;;;;;;;;1;;;;
06/02/2021;15:21:00;261;ac03 - Acidente com Danos Materiais;441;BR-262/MG;Leste;Colisão Traseira;2;;;;;1;;;;;3;;;;
06/02/2021;16:03:00;279;ac02 - Acidente com Vítima;389;BR-262/MG;Leste;Colisão Traseira;2;;;;;;;;;;2;1;;;
06/02/2021;16:11:00;280;ac03 - Acidente com Danos Materiais;775;BR-262/MG;Oeste;Choque - Outros;1;;;;;;;;;;3;;;;
06/02/2021;17:13:00;300;ac03 - Acidente com Danos Materiais;381;BR-262/MG;Leste;Choque- Placa/Suporte Sinalização;1;;;;;;;;;;1;;;;
06/02/2021;18:56:00;348;ac02 - Acidente com Vítima;96;BR-060/GO;Sul;Colisão Traseira;1;;;1;;;;;;;1;1;;;
06/02/2021;19:00:00;349;ac02 - Acidente com Vítima;377;BR-262/MG;Leste;Queda de Moto;;;;1;;;;;;;0;;1;;
06/02/2021;20:16:00;377;ac03 - Acidente com Danos Materiais;816;BR-262/MG;Oeste;Atropelamento de Animal;1;;;;;;;;;;2;;;;
06/02/2021;20:32:00;383;ac03 - Acidente com Danos Materiais;513;BR-153/GO;Sul;Colisão Traseira;;;1;;;1;;;;;2;;;;
06/02/2021;21:11:00;395;ac02 - Acidente com Vítima;552,2;BR-153/GO;Sul;Queda de Moto;;;;1;;;;;;;0;;1;;
06/02/2021;22:18:00;410;ac03 - Acidente com Danos Materiais;367;BR-262/MG;Oeste;Saida de Pista;1;;;;;;;;;;1;;;;
06/02/2021;23:38:00;426;ac02 - Acidente com Vítima;32;BR-153/MG;Sul;Capotamento;1;;;;;;;;;;0;1;;;
07/02/2021;03:02:00;32;ac03 - Acidente com Danos Materiais;516,547;BR-153/GO;Norte;Capotamento;1;;;;;;;;;;2;;;;
07/02/2021;05:18:00;47;ac03 - Acidente com Danos Materiais;802;BR-262/MG;Oeste;Saida de Pista;1;;;;;;;;;;1;;;;
07/02/2021;06:12:00;58;ac03 - Acidente com Danos Materiais;517,95;BR-153/GO;Norte;Atropelamento de Animal;1;;;;;1;;;;;3;;;;
07/02/2021;06:44:00;65;ac03 - Acidente com Danos Materiais;878;BR-262/MG;Leste;;1;;;;;;;;;;1;;;;
07/02/2021;08:00:00;86;ac03 - Acidente com Danos Materiais;27;BR-153/MG;Sul;;;;1;;;;;;;;1;;;;
07/02/2021;08:29:00;95;ac03 - Acidente com Danos Materiais;219;BR-153/MG;Sul;Colisão Lateral;1;;1;;;;;;;;4;;;;
07/02/2021;09:43:00;125;ac03 - Acidente com Danos Materiais;125,4;BR-060/GO;Norte;Saida de Pista;1;;;;;;;;;;1;;;;
07/02/2021;09:55:00;129;ac03 - Acidente com Danos Materiais;381;BR-262/MG;Leste;Saida de Pista;1;;;;;;;;;;1;;;;
07/02/2021;11:16:00;162;ac03 - Acidente com Danos Materiais;387;BR-262/MG;Oeste;Saida de Pista;1;;;;;;;;;;1;;;;
07/02/2021;12:30:00;185;ac03 - Acidente com Danos Materiais;97;BR-060/GO;Norte;Saida de Pista;1;;;;;;;;;;1;;;;
07/02/2021;12:46:00;192;ac03 - Acidente com Danos Materiais;579;BR-153/GO;Sul;Saida de Pista;1;;;;;;;;;;1;;;;
07/02/2021;13:06:00;200;ac03 - Acidente com Danos Materiais;7;BR-060/DF;Sul;Colisão Traseira;2;;;;;;;;;;2;;;;
07/02/2021;14:30:00;226;ac03 - Acidente com Danos Materiais;391;BR-262/MG;Oeste;Capotamento;1;;;;;;;;;;4;;;;
07/02/2021;16:01:00;254;ac03 - Acidente com Danos Materiais;372;BR-262/MG;Leste;Saida de Pista;1;;;;;;;;;;1;;;;
07/02/2021;16:08:00;258;ac03 - Acidente com Danos Materiais;378;BR-262/MG;Leste;Capotamento;1;;;;;;;;;;1;;;;
07/02/2021;16:36:00;266;ac03 - Acidente com Danos Materiais;561,8;BR-153/GO;Sul;Saida de Pista;1;;;;;;;;;;2;;;;
07/02/2021;17:03:00;276;ac03 - Acidente com Danos Materiais;380;BR-262/MG;Leste;Saida de Pista;1;;;;;;;;;;1;;;;
07/02/2021;17:37:00;285;ac01 - Acidente com Vítima Fatal;17;BR-060/GO;Norte;Colisão Frontal;2;;;;1;;;;;;0;24;;;2
07/02/2021;18:07:00;290;ac03 - Acidente com Danos Materiais;381;BR-262/MG;Leste;Capotamento;1;;;;;;;;;;1;;;;
07/02/2021;18:19:00;296;ac02 - Acidente com Vítima;382;BR-262/MG;Oeste;Capotamento;1;;;;;;;;;;2;1;;;
07/02/2021;18:36:00;303;ac03 - Acidente com Danos Materiais;505;BR-153/GO;Sul;Colisão Lateral;1;;;;;1;;;;;3;;;;
07/02/2021;19:49:00;325;ac03 - Acidente com Danos Materiais;499;BR-153/GO;Sul;Choque- Placa/Suporte Sinalização;1;;;;;;;;;;1;;;;
07/02/2021;20:24:00;340;ac03 - Acidente com Danos Materiais;457;BR-262/MG;Oeste;Saida de Pista;1;;;;;;;;;;1;;;;
07/02/2021;20:41:00;347;ac02 - Acidente com Vítima;148;BR-153/MG;Norte;Saida de Pista;1;;;;;;;;;;0;1;;;
07/02/2021;21:47:00;367;ac02 - Acidente com Vítima;446,552;BR-262/MG;Leste;Engavetamento;1;;1;1;;;;;;;3;;1;;
07/02/2021;23:50:00;394;ac02 - Acidente com Vítima;789;BR-262/MG;Oeste;Atropelamento de Animal;;;;1;;;;;;;1;;1;;
08/02/2021;03:20:00;42;ac02 - Acidente com Vítima;19;BR-060/GO;Sul;Capotamento;1;;;;;;;;;;3;;1;;
08/02/2021;06:47:00;85;ac02 - Acidente com Vítima;507,6;BR-153/GO;Norte;Colisão Traseira;;;;2;;;;;;;2;1;;;
08/02/2021;07:08:00;92;ac03 - Acidente com Danos Materiais;508;BR-153/GO;Norte;Colisão Traseira;2;;;;;;;;;;2;;;;
08/02/2021;07:28:00;102;ac03 - Acidente com Danos Materiais;500,607;BR-153/GO;Sul;Engavetamento;4;;;;;;;;;;5;;;;
08/02/2021;13:26:00;313;ac03 - Acidente com Danos Materiais;364,15;BR-262/MG;Leste;Colisão Traseira;2;;;;;;;;;;3;;;;
08/02/2021;16:44:00;404;ac03 - Acidente com Danos Materiais;4,5;BR-060/GO;Sul;Choque - Defensa;1;;;;;;;;;;1;;;;
08/02/2021;18:04:00;436;ac02 - Acidente com Vítima;498;BR-153/GO;Sul;Queda de Ciclista;;;;1;;;;;;;1;1;;;
08/02/2021;18:07:00;437;ac03 - Acidente com Danos Materiais;34;BR-060/GO;Norte;Colisão Lateral;1;;2;;;;;;;;3;;;;
08/02/2021;20:45:00;481;ac02 - Acidente com Vítima;501,5;BR-153/GO;Norte;Colisão Traseira;1;;;1;;;;;;;1;1;;;
08/02/2021;21:08:00;486;ac03 - Acidente com Danos Materiais;812,257;BR-262/MG;Leste;Capotamento;;;;;;;;;;1;1;;;;
08/02/2021;23:51:00;525;ac02 - Acidente com Vítima;810;BR-262/MG;Leste;Choque- Placa/Suporte Sinalização;;;;;1;;;;;;0;1;;;
09/02/2021;01:15:00;20;ac03 - Acidente com Danos Materiais;509;BR-153/GO;Sul;Atropelamento de Animal;;;;1;;;;;;;2;;;;
09/02/2021;05:31:00;48;ac03 - Acidente com Danos Materiais;380;BR-262/MG;Oeste;Queda de Moto;;;;1;;;;;;;1;;;;
09/02/2021;07:16:00;93;ac03 - Acidente com Danos Materiais;500,317;BR-153/GO;Norte;Colisão Lateral;;;1;;;;;;;1;2;;;;
09/02/2021;12:17:00;361;ac02 - Acidente com Vítima;425,5;BR-262/MG;Oeste;Capotamento;1;;;;;;;;;;0;2;1;;
09/02/2021;13:36:00;388;ac03 - Acidente com Danos Materiais;738;BR-262/MG;Leste;Colisão Traseira;;;1;;;;;;;1;3;;;;
09/02/2021;14:08:00;406;ac03 - Acidente com Danos Materiais;503,502;BR-153/GO;Norte;Colisão Traseira;1;;;;;;;;;1;2;;;;
09/02/2021;14:53:00;419;ac03 - Acidente com Danos Materiais;25,386;BR-060/DF;Norte;Saida de Pista;1;;;;;;;;;;1;;;;
09/02/2021;15:07:00;427;ac03 - Acidente com Danos Materiais;429;BR-262/MG;Oeste;Saida de Pista;1;;;;;;;;;;1;;;;
09/02/2021;15:52:00;447;ac02 - Acidente com Vítima;410;BR-262/MG;Oeste;Capotamento;1;;;;;;;;;;0;2;;;
09/02/2021;17:48:00;531;ac02 - Acidente com Vítima;815;BR-262/MG;Oeste;Colisão Traseira;;;;1;;;;;;1;2;1;;;
09/02/2021;18:50:00;554;ac03 - Acidente com Danos Materiais;554,5;BR-262/MG;Oeste;Colisão Traseira;;;;;;1;;;;1;2;;;;
09/02/2021;21:38:00;595;ac02 - Acidente com Vítima;604,73;BR-153/GO;Norte;Colisão Traseira;;;1;;;1;;;;;1;;1;;
10/02/2021;02:31:00;18;ac03 - Acidente com Danos Materiais;513,9;BR-262/MG;Leste;Atropelamento de Animal;1;;;;;;;;;;1;;;;
10/02/2021;07:15:00;77;ac02 - Acidente com Vítima;0,5;BR-060/DF;Norte;Colisão Traseira;4;;;;;;;;;;4;;2;;
10/02/2021;07:17:00;79;ac03 - Acidente com Danos Materiais;95;BR-060/GO;Norte;Saida de Pista;1;;;;;;;;;;1;;;;
10/02/2021;09:16:00;151;ac02 - Acidente com Vítima;27,556;BR-060/DF;Norte;Capotamento;1;;;;;;;;;;0;;;1;
10/02/2021;13:01:00;273;ac03 - Acidente com Danos Materiais;505;BR-153/GO;Sul;Saida de Pista;1;;;;;;;;;;1;;;;
10/02/2021;14:42:00;320;ac03 - Acidente com Danos Materiais;555;BR-262/MG;Leste;Colisão Traseira;1;;;;;;;;;1;4;;;;
10/02/2021;15:20:00;340;ac02 - Acidente com Vítima;20;BR-060/GO;Norte;Capotamento;;;;;;;;;;1;0;1;;;
10/02/2021;15:42:00;344;ac03 - Acidente com Danos Materiais;570;BR-153/GO;Sul;Saida de Pista;1;;;;;;;;;;2;;;;
10/02/2021;18:19:00;410;ac02 - Acidente com Vítima;474;BR-262/MG;Oeste;Queda de Moto;;;;1;;;;;;;0;;1;1;
11/02/2021;06:18:00;69;ac03 - Acidente com Danos Materiais;501;BR-153/GO;Norte;Colisão Lateral;1;;;1;;;;;;;3;;;;
11/02/2021;07:09:00;83;ac03 - Acidente com Danos Materiais;73,378;BR-060/GO;Norte;Colisão Traseira;;;2;;;;;;;;2;;;;
11/02/2021;07:47:00;103;ac03 - Acidente com Danos Materiais;171;BR-153/MG;Norte;Colisão Traseira;2;;;;;;;;;;4;;;;
11/02/2021;08:18:00;116;ac03 - Acidente com Danos Materiais;412;BR-262/MG;Oeste;Tombamento;;;1;;;1;;;;;2;;;;
11/02/2021;09:24:00;154;ac02 - Acidente com Vítima;549,7;BR-262/MG;Leste;Tombamento;;;1;;;;;;;;0;1;;;
11/02/2021;10:06:00;177;ac02 - Acidente com Vítima;53;BR-060/GO;Norte;Saida de Pista;1;;;;;;;;;;0;3;;;
11/02/2021;16:00:00;319;ac03 - Acidente com Danos Materiais;6,2;BR-060/GO;Sul;Saida de Pista;1;;;;;;;;;;1;;;;
11/02/2021;16:14:00;324;ac03 - Acidente com Danos Materiais;379;BR-262/MG;Leste;Choque - Elemento de Drenagem;;;;;;;;;;1;1;;;;
11/02/2021;16:47:00;337;ac03 - Acidente com Danos Materiais;379;BR-262/MG;Leste;Capotamento;1;;;;;;;;;;1;;;;
11/02/2021;17:55:00;367;ac03 - Acidente com Danos Materiais;4,2;BR-060/DF;Norte;Colisão Traseira;;;1;1;;;;;;;2;;;;
11/02/2021;18:00:00;371;ac03 - Acidente com Danos Materiais;500,3;BR-153/GO;Sul;Engavetamento;3;;;;;;;;;;3;;;;
11/02/2021;18:01:00;372;ac03 - Acidente com Danos Materiais;461;BR-262/MG;Oeste;Queda de Moto;;;;1;;;;;;;2;;;;
11/02/2021;18:36:00;386;ac02 - Acidente com Vítima;3;BR-060/GO;Sul;Capotamento;1;;;;;;;;;;0;;1;;
11/02/2021;19:00:00;403;ac03 - Acidente com Danos Materiais;523;BR-262/MG;Oeste;Saida de Pista;1;;;;;;;;;;1;;;;
11/02/2021;19:50:00;424;ac02 - Acidente com Vítima;517;BR-153/GO;Norte;Queda de Moto;;;;1;;;;;;;0;1;;;
11/02/2021;21:16:00;451;ac03 - Acidente com Danos Materiais;114;BR-060/GO;Norte;Capotamento;1;;;;;;;;;;3;;;;
12/02/2021;00:44:00;12;ac03 - Acidente com Danos Materiais;685,096;BR-153/GO;Sul;Saida de Pista;;;1;;;;;;;;1;;;;
12/02/2021;02:03:00;24;ac03 - Acidente com Danos Materiais;604;BR-153/GO;Norte;Tombamento;;;1;;;;;;;;2;;;;
12/02/2021;02:24:00;31;ac03 - Acidente com Danos Materiais;552,5;BR-153/GO;Norte;Tombamento;;;1;;;1;;;;;2;;;;
12/02/2021;02:40:00;34;ac03 - Acidente com Danos Materiais;514;BR-153/GO;Norte;Choque - Defensa;;;;;;;;;;1;1;;;;
12/02/2021;05:03:00;53;ac03 - Acidente com Danos Materiais;128;BR-060/GO;Sul;Tombamento;;;1;;;1;;;;;2;;;;
12/02/2021;05:17:00;57;ac02 - Acidente com Vítima;456;BR-262/MG;Oeste;Engavetamento;2;;;;;;;;;1;1;2;;;
12/02/2021;06:30:00;71;ac03 - Acidente com Danos Materiais;76,316;BR-153/MG;Sul;Capotamento;1;;;;;;;;;;2;;;;
12/02/2021;06:50:00;75;ac02 - Acidente com Vítima;561,734;BR-153/GO;Sul;Capotamento;1;;;;;;;;;;0;1;;;
12/02/2021;10:37:00;171;ac03 - Acidente com Danos Materiais;101,726;BR-060/GO;Norte;Choque - Elemento de Drenagem;;;1;;;;;;;;1;;;;
12/02/2021;11:20:00;197;ac03 - Acidente com Danos Materiais;607,35;BR-262/MG;Oeste;Saida de Pista;;;;;;;;;;1;1;;;;
12/02/2021;11:41:00;210;ac03 - Acidente com Danos Materiais;359;BR-262/MG;Leste;Saida de Pista;1;;;;;;;;;;2;;;;
12/02/2021;11:55:00;215;ac03 - Acidente com Danos Materiais;547,5;BR-262/MG;Leste;Colisão Traseira;2;;;;;;;;;1;6;;;;
12/02/2021;13:20:00;246;ac03 - Acidente com Danos Materiais;42,353;BR-060/GO;Norte;Capotamento;1;;;;;;;;;;1;;;;
12/02/2021;13:32:00;251;ac03 - Acidente com Danos Materiais;119,975;BR-060/GO;Sul;Tombamento;;;1;;;;;;;;2;;;;
12/02/2021;13:48:00;258;ac03 - Acidente com Danos Materiais;4;BR-060/GO;Sul;Carreta deu L;;;1;;;;;;;;1;;;;
12/02/2021;14:08:00;266;ac02 - Acidente com Vítima;50,199;BR-060/GO;Sul;Capotamento;1;;;;;;;;;;0;1;;;
12/02/2021;14:13:00;267;ac03 - Acidente com Danos Materiais;130;BR-060/GO;Norte;Choque - Defensa;1;;;;;;;;;;1;;;;
12/02/2021;14:46:00;289;ac03 - Acidente com Danos Materiais;14;BR-060/GO;Norte;Saida de Pista;1;;;;;;;;;;2;;;;
12/02/2021;14:47:00;290;ac02 - Acidente com Vítima;95,379;BR-060/GO;Sul;Capotamento;;;1;;;;;;;;0;;2;;
12/02/2021;15:21:00;303;ac03 - Acidente com Danos Materiais;26,293;BR-060/DF;Norte;Colisão Traseira;1;;1;;;;;;;;2;;;;
12/02/2021;15:24:00;304;ac03 - Acidente com Danos Materiais;111;BR-060/GO;Norte;Saida de Pista;1;;;;;;;;;;1;;;;
12/02/2021;16:21:00;331;ac03 - Acidente com Danos Materiais;57;BR-060/GO;Norte;Choque - Defensa;;;;;;;;;;1;1;;;;
12/02/2021;16:38:00;338;ac03 - Acidente com Danos Materiais;6,896;BR-060/GO;Sul;Capotamento;1;;;;;;;;;;1;;;;
12/02/2021;16:46:00;345;ac03 - Acidente com Danos Materiais;10,215;BR-060/GO;Sul;Choque - Arvore;1;;;;;;;;;;1;;;;
12/02/2021;16:54:00;349;ac01 - Acidente com Vítima Fatal;431,2;BR-262/MG;Leste;Choque - Defensa;;;;1;;;;;;;0;;;1;1
12/02/2021;18:11:00;382;ac03 - Acidente com Danos Materiais;124;BR-060/GO;Sul;Capotamento;1;;;;;1;;;;;3;;;;
12/02/2021;18:32:00;389;ac03 - Acidente com Danos Materiais;626;BR-153/GO;Norte;Saida de Pista;1;;;;;;;;;;2;;;;
12/02/2021;20:26:00;450;ac03 - Acidente com Danos Materiais;107;BR-060/GO;Norte;Colisão Lateral;1;;1;;;;;;;;2;;;;
12/02/2021;22:32:00;496;ac03 - Acidente com Danos Materiais;90;BR-060/GO;Norte;Colisão Traseira;2;;;;;1;;;;;7;;;;
12/02/2021;22:50:00;500;ac03 - Acidente com Danos Materiais;392,655;BR-262/MG;Leste;Atropelamento de Animal;;;;;1;;;;;;1;;;;
12/02/2021;23:54:00;516;ac03 - Acidente com Danos Materiais;811;BR-262/MG;Leste;Choque - Defensa;1;;;;;;;;;;4;;;;
13/02/2021;01:05:00;18;ac03 - Acidente com Danos Materiais;520,5;BR-153/GO;Sul;Saida de Pista;1;;;;;;;;;;1;;;;
13/02/2021;06:34:00;66;ac03 - Acidente com Danos Materiais;65,206;BR-060/GO;Norte;Colisão Traseira;2;;;;;;;;;;2;;;;
13/02/2021;07:00:00;74;ac02 - Acidente com Vítima;357,2;BR-262/MG;Leste;Colisão Lateral;1;;;1;;;;;;;1;1;;;
13/02/2021;10:50:00;202;ac03 - Acidente com Danos Materiais;117,892;BR-060/GO;Norte;Colisão Lateral;1;;;;;;;;;1;2;;;;
13/02/2021;11:59:00;237;ac01 - Acidente com Vítima Fatal;17;BR-153/MG;Sul;Capotamento;;;;;;;;;;1;0;1;;;1
13/02/2021;13:02:00;262;ac02 - Acidente com Vítima;11,994;BR-060/GO;Norte;Capotamento;1;;;;;;;;;;0;;1;;
13/02/2021;13:49:00;273;ac03 - Acidente com Danos Materiais;626,3;BR-262/MG;Oeste;Tombamento;;;1;;;1;;;;;2;;;;
13/02/2021;14:57:00;294;ac03 - Acidente com Danos Materiais;635,15;BR-262/MG;Oeste;Saida de Pista;1;;;;;;;;;;2;;;;
13/02/2021;15:24:00;303;ac03 - Acidente com Danos Materiais;832,3;BR-262/MG;Oeste;Saida de Pista;;;;;;;;;;1;1;;;;
13/02/2021;15:40:00;312;ac03 - Acidente com Danos Materiais;27,245;BR-060/GO;Sul;Choque - Elemento de Drenagem;1;;;;;;;;;;4;;;;
13/02/2021;15:41:00;313;ac03 - Acidente com Danos Materiais;28;BR-153/MG;Sul;Saida de Pista;1;;;;;;;;;;1;;;;
13/02/2021;15:51:00;318;ac02 - Acidente com Vítima;172;BR-153/MG;Sul;Tombamento;;;1;;;;;;;;0;1;;;
13/02/2021;16:00:00;319;ac03 - Acidente com Danos Materiais;819;BR-262/MG;Oeste;Capotamento;1;;;;;;;;;;1;;;;
13/02/2021;16:20:00;325;ac03 - Acidente com Danos Materiais;27,388;BR-060/GO;Sul;Choque - Talude;1;;;;;;;;;;1;;;;
13/02/2021;17:08:00;350;ac03 - Acidente com Danos Materiais;604;BR-153/GO;Norte;Colisão Traseira;;;2;;;;;;;;2;;;;
13/02/2021;18:25:00;376;ac03 - Acidente com Danos Materiais;557;BR-153/GO;Sul;Saida de Pista;1;;;;;;;;;;1;;;;
13/02/2021;18:35:00;378;ac03 - Acidente com Danos Materiais;197;BR-153/MG;Sul;Tombamento;;;1;;;;;;;;1;;;;
13/02/2021;18:41:00;383;ac02 - Acidente com Vítima;547,4;BR-153/GO;Sul;Capotamento;1;;;;;;;;;;2;1;1;;
13/02/2021;21:13:00;428;ac03 - Acidente com Danos Materiais;101;BR-060/GO;Sul;Saida de Pista;;;;;;1;;;;1;2;;;;
13/02/2021;21:31:00;434;ac02 - Acidente com Vítima;525;BR-262/MG;Oeste;Atropelamento de Animal;1;;;;;;;;;;0;1;;;
13/02/2021;22:15:00;446;ac03 - Acidente com Danos Materiais;15;BR-153/MG;Sul;Saida de Pista;1;;;;;1;;;;;2;;;;
13/02/2021;23:03:00;455;ac03 - Acidente com Danos Materiais;768;BR-262/MG;Leste;Saida de Pista;;;1;;;;;;;;1;;;;
13/02/2021;23:44:00;470;ac03 - Acidente com Danos Materiais;10,425;BR-060/GO;Norte;Capotamento;1;;;;;;;;;;1;;;;
13/02/2021;23:52:00;472;ac03 - Acidente com Danos Materiais;197,5;BR-153/MG;Sul;Saida de Pista;1;;;;;;;;;;1;;;;
14/02/2021;05:39:00;39;ac03 - Acidente com Danos Materiais;31,6;BR-060/GO;Norte;Saida de Pista;1;;;;;;;;;;1;;;;
14/02/2021;05:50:00;40;ac02 - Acidente com Vítima;501,9;BR-153/GO;Sul;Colisão Traseira;1;;;1;;;;;;;1;1;;;
14/02/2021;07:37:00;66;ac03 - Acidente com Danos Materiais;577;BR-153/GO;Norte;Queda de Ciclista;;1;;;;;;;;;1;;;;