data;horario;n_da_ocorrencia;tipo_de_ocorrencia;km;trecho;sentido;tipo_de_acidente;automovel;bicicleta;caminhao;moto;onibus;outros;tracao_animal;transporte_de_cargas_especiais;trator_maquinas;utilitarios;ilesos;levemente_feridos;moderadamente_feridos;gravemente_feridos;mortos
27/02/2021;14:52:00;363;ac03 - Acidente com Danos Materiais;123,575;BR-060/GO;Norte;Choque- Placa/Suporte Sinalização;1;;;;;;;;;;3;;;;
27/02/2021;16:15:00;396;ac02 - Acidente com Vítima;595,15;BR-262/MG;Leste;Colisão Traseira;;;2;;;;;;;;1;;;1;
27/02/2021;16:19:00;399;ac03 - Acidente com Danos Materiais;594,35;BR-262/MG;Leste;Tombamento;;;1;;;;;;;;1;;;;
27/02/2021;16:22:00;402;ac02 - Acidente com Vítima;906;BR-262/MG;Leste;Saida de Pista;1;;;;;;;;;;0;1;;1;
27/02/2021;17:21:00;432;ac03 - Acidente com Danos Materiais;697;BR-153/GO;Sul;Saida de Pista;1;;;;;;;;;1;2;;;;
27/02/2021;18:16:00;453;ac03 - Acidente com Danos Materiais;94,6;BR-060/GO;Norte;Colisão Lateral;1;;;;;1;;;;;2;;;;
27/02/2021;18:47:00;469;ac03 - Acidente com Danos Materiais;172;BR-153/MG;Norte;Saida de Pista;;;1;;;2;;;;;3;;;;
27/02/2021;20:13:00;496;ac03 - Acidente com Danos Materiais;20;BR-153/MG;Norte;Colisão Frontal;1;;;;;;;;1;;4;;;;
27/02/2021;22:21:00;541;ac02 - Acidente com Vítima;563,6;BR-153/GO;Sul;Saida de Pista;1;;;;;;;;;;0;1;;;
28/02/2021;00:48:00;15;ac03 - Acidente com Danos Materiais;594,35;BR-262/MG;Leste;Choque - Veiculo parado no acostamento;1;;1;;;;;;;;2;;;;
28/02/2021;04:23:00;49;ac03 - Acidente com Danos Materiais;21,34;BR-060/DF;Sul;Saida de Pista;1;;;;;;;;;;2;;;;
28/02/2021;07:47:00;89;ac02 - Acidente com Vítima;385;BR-262/MG;Oeste;Capotamento;1;;;;;;;;;;0;2;2;;
28/02/2021;09:59:00;139;ac03 - Acidente com Danos Materiais;803;BR-262/MG;Oeste;Choque - Defensa;;;1;;;;;;;;1;;;;
28/02/2021;10:52:00;161;ac03 - Acidente com Danos Materiais;386;BR-262/MG;Leste;Queda de Moto;;;;1;;;;;;;2;;;;
28/02/2021;13:57:00;261;ac02 - Acidente com Vítima;118;BR-060/GO;Sul;Colisão Lateral;1;;;1;;;;;;;1;2;;;
28/02/2021;14:00:00;262;ac02 - Acidente com Vítima;702;BR-153/GO;Sul;Choque - Barreira;1;;;;;;;;;;1;1;;;
28/02/2021;14:34:00;269;ac03 - Acidente com Danos Materiais;633,8;BR-262/MG;Leste;Colisão Traseira;1;;1;;;;;;;;2;;;;
28/02/2021;15:10:00;281;ac03 - Acidente com Danos Materiais;51,833;BR-153/MG;Norte;Colisão Lateral;;;2;;;;;;;;2;;;;
28/02/2021;17:13:00;327;ac01 - Acidente com Vítima Fatal;702,447;BR-153/GO;Sul;Colisão Frontal;;;1;;;;;;;1;1;;;;1
28/02/2021;20:08:00;385;ac01 - Acidente com Vítima Fatal;800,5;BR-262/MG;Leste;Colisão Frontal;1;;;1;;;;;;;1;1;;;1
28/02/2021;20:15:00;388;ac03 - Acidente com Danos Materiais;514,232;BR-153/GO;Norte;Colisão Transversal;1;;;;;1;;;;;5;;;;
28/02/2021;21:27:00;402;ac03 - Acidente com Danos Materiais;498,72;BR-153/GO;Sul;Colisão Lateral;1;;;;;;;;;1;8;;;;
28/02/2021;22:27:00;420;ac02 - Acidente com Vítima;112;BR-060/GO;Sul;Colisão Traseira;;;1;;1;;;;;;3;;1;;
01/03/2021;03:37:00;43;ac03 - Acidente com Danos Materiais;8,954;BR-153/MG;Sul;Tombamento;;;1;;;;;;;;1;;;;
01/03/2021;07:19:00;98;ac02 - Acidente com Vítima;427,15;BR-262/MG;Leste;Colisão Traseira;1;1;;;;;;;;;1;;1;;
01/03/2021;10:13:00;204;ac03 - Acidente com Danos Materiais;435;BR-262/MG;Oeste;Tombamento;;;1;;;;;;;;2;;;;
01/03/2021;11:02:00;229;ac02 - Acidente com Vítima;501,5;BR-153/GO;Norte;Queda de Moto;;;;1;;;;;;;1;1;;;
01/03/2021;12:58:00;316;ac02 - Acidente com Vítima;512;BR-153/GO;Norte;Colisão Traseira;1;;;1;;;;;;;1;1;;;
01/03/2021;16:08:00;388;ac03 - Acidente com Danos Materiais;1;BR-060/DF;Sul;Colisão Lateral;;;1;;;;;;;1;3;;;;
01/03/2021;21:27:00;500;ac02 - Acidente com Vítima;516;BR-153/GO;Norte;Queda de Moto;;;;1;;;;;;;0;1;;;
01/03/2021;21:56:00;505;ac03 - Acidente com Danos Materiais;113,796;BR-060/GO;Sul;Saida de Pista;1;;;;;;;;;;1;;;;
02/03/2021;04:02:00;41;ac03 - Acidente com Danos Materiais;410,79;BR-262/MG;Leste;Atropelamento de Animal;;;1;;;;;;;;2;;;;
02/03/2021;04:20:00;43;ac03 - Acidente com Danos Materiais;66;BR-060/GO;Norte;Saida de Pista;1;;;;;;;;;;1;;;;
02/03/2021;07:12:00;64;ac02 - Acidente com Vítima;72;BR-060/GO;Norte;Saida de Pista;1;;;;;;;;;;0;1;;;
02/03/2021;07:32:00;69;ac03 - Acidente com Danos Materiais;101;BR-060/GO;Sul;Saida de Pista;1;;;;;;;;;;1;;;;
02/03/2021;09:12:00;124;ac03 - Acidente com Danos Materiais;587;BR-262/MG;Leste;Colisão Traseira;1;;1;;;;;;;;2;;;;
02/03/2021;09:27:00;130;ac02 - Acidente com Vítima;369,217;BR-262/MG;Leste;Tombamento;;;1;;;;;;;;0;1;;;
02/03/2021;10:27:00;157;ac02 - Acidente com Vítima;118;BR-060/GO;Norte;Colisão Lateral;1;;1;;;;;;;;1;;1;;
02/03/2021;11:05:00;182;ac02 - Acidente com Vítima;589,475;BR-153/GO;Norte;Saida de Pista;;;1;;;;;;;;3;3;;;
02/03/2021;12:55:00;224;ac03 - Acidente com Danos Materiais;509;BR-153/GO;Sul;Saida de Pista;1;;;;;;;;;;1;;;;
02/03/2021;13:37:00;240;ac03 - Acidente com Danos Materiais;587;BR-153/GO;Sul;Saida de Pista;1;;;;;;;;;;1;;;;
02/03/2021;18:48:00;356;ac03 - Acidente com Danos Materiais;629;BR-153/GO;Norte;Choque - Elemento de Drenagem;1;;;;;;;;;;4;;;;
03/03/2021;03:41:00;51;ac01 - Acidente com Vítima Fatal;505;BR-153/GO;Norte;Colisão Traseira;;;;1;;1;;;;;2;;;;1
03/03/2021;07:27:00;98;ac02 - Acidente com Vítima;506;BR-153/GO;Norte;Queda de Moto;1;;;1;;;;;;;1;1;;;
03/03/2021;08:04:00;124;ac03 - Acidente com Danos Materiais;627;BR-153/GO;Norte;Tombamento;;;1;;;;;;;;2;;;;
03/03/2021;09:00:00;160;ac03 - Acidente com Danos Materiais;4;BR-060/DF;Sul;Colisão Lateral;1;;1;;;;;;;;2;;;;
03/03/2021;11:43:00;239;ac03 - Acidente com Danos Materiais;687;BR-262/MG;Leste;Colisão Traseira;1;;1;;;;;;;;2;;;;
03/03/2021;11:49:00;242;ac03 - Acidente com Danos Materiais;97;BR-060/GO;Norte;Colisão Traseira;2;;;;;;;;;;2;;;;
03/03/2021;12:50:00;262;ac03 - Acidente com Danos Materiais;60;BR-060/GO;Norte;Colisão Lateral;2;;;;;;;;;;2;;;;
03/03/2021;12:54:00;265;ac02 - Acidente com Vítima;138;BR-060/GO;Sul;Colisão Traseira;1;;;1;;;;;;;1;;1;;
03/03/2021;16:02:00;337;ac03 - Acidente com Danos Materiais;231;BR-153/MG;Norte;Saida de Pista;1;;;;;;;;;;1;;;;
03/03/2021;16:23:00;349;ac03 - Acidente com Danos Materiais;666;BR-153/GO;Norte;Saida de Pista;1;;;;;;;;;;2;;;;
03/03/2021;18:05:00;411;ac02 - Acidente com Vítima;96;BR-060/GO;Norte;Colisão Lateral;1;;;1;;;;;;;1;;1;;
03/03/2021;18:25:00;426;ac03 - Acidente com Danos Materiais;109;BR-060/GO;Norte;Colisão Lateral;2;;;;;;;;;;2;;;;
03/03/2021;21:37:00;498;ac03 - Acidente com Danos Materiais;512;BR-153/GO;Norte;Choque - Defensa;1;;;;;1;;;;;2;;;;
03/03/2021;23:05:00;513;ac03 - Acidente com Danos Materiais;138;BR-060/GO;Norte;Atropelamento de Animal;;;1;;;;;;;;1;;;;
03/03/2021;23:26:00;519;ac03 - Acidente com Danos Materiais;99;BR-060/GO;Norte;Choque - Defensa;1;;;;;;;;;;1;;;;
04/03/2021;02:24:00;32;ac03 - Acidente com Danos Materiais;423;BR-262/MG;Leste;Atropelamento de Animal;1;;;;;;;;;;1;;;;
04/03/2021;07:55:00;108;ac03 - Acidente com Danos Materiais;449,8;BR-262/MG;Leste;Colisão Traseira;;;2;;;1;;;;;3;;;;
04/03/2021;11:05:00;229;ac03 - Acidente com Danos Materiais;96,845;BR-060/GO;Norte;Colisão Traseira;1;;;;;;;;;1;5;;;;
04/03/2021;11:14:00;234;ac03 - Acidente com Danos Materiais;109,988;BR-060/GO;Sul;Colisão Traseira;1;;;1;;;;;;;2;;;;
04/03/2021;11:29:00;247;ac03 - Acidente com Danos Materiais;136,3;BR-153/MG;Sul;Colisão Traseira;;;1;;;1;;;;;2;;;;
04/03/2021;12:59:00;282;ac03 - Acidente com Danos Materiais;79;BR-060/GO;Sul;Colisão Traseira;2;;;;;;;;;;3;;;;
04/03/2021;13:51:00;304;ac03 - Acidente com Danos Materiais;97;BR-060/GO;Sul;Colisão Traseira;2;;;;;;;;;;2;;;;
04/03/2021;14:14:00;313;ac03 - Acidente com Danos Materiais;517;BR-153/GO;Sul;Saida de Pista;;;1;;;;;;;;1;;;;
04/03/2021;15:08:00;336;ac03 - Acidente com Danos Materiais;398,15;BR-262/MG;Oeste;Colisão Traseira;;;1;1;;;;;;;2;;;;
04/03/2021;21:04:00;486;ac03 - Acidente com Danos Materiais;143;BR-153/MG;Sul;Saida de Pista;1;;;;;;;;;;1;;;;
04/03/2021;21:38:00;494;ac02 - Acidente com Vítima;803;BR-262/MG;Leste;Queda de Moto;;;;1;;;;;;;1;1;;;
04/03/2021;22:49:00;520;ac03 - Acidente com Danos Materiais;516,64;BR-262/MG;Oeste;Colisão Traseira;;;2;;;;;;;;2;;;;
04/03/2021;23:46:00;535;ac03 - Acidente com Danos Materiais;398;BR-262/MG;Oeste;Choque - Barreira;1;;;;;;;;;;2;;;;
05/03/2021;08:32:00;122;ac03 - Acidente com Danos Materiais;491;BR-153/GO;Sul;Colisão Lateral;1;;;;;;;;;;1;;;;
05/03/2021;10:16:00;227;ac03 - Acidente com Danos Materiais;557,3;BR-153/GO;Norte;Capotamento;1;;;;;;;;;;1;;;;
05/03/2021;10:17:00;228;ac03 - Acidente com Danos Materiais;508,674;BR-153/GO;Norte;Engavetamento;3;;1;;;;;;;;4;;;;
05/03/2021;11:47:00;289;ac03 - Acidente com Danos Materiais;24;BR-153/MG;Norte;Choque - Elemento de Drenagem;1;;;;;;;;;;3;;;;
05/03/2021;14:32:00;354;ac03 - Acidente com Danos Materiais;873;BR-262/MG;Oeste;Choque - Elemento de Drenagem;1;;;;;;;;;;1;;;;
05/03/2021;14:59:00;363;ac02 - Acidente com Vítima;507;BR-153/GO;Norte;Queda de Ciclista;;;;1;;;;;;;0;2;;;
05/03/2021;16:03:00;393;ac02 - Acidente com Vítima;603,2;BR-262/MG;Oeste;Capotamento;1;;;;;;;;;;0;;1;;
05/03/2021;16:36:00;406;ac03 - Acidente com Danos Materiais;812,136;BR-262/MG;Leste;Queda de Moto;;;;1;;;;;;;2;;;;
05/03/2021;16:36:00;407;ac02 - Acidente com Vítima;437,15;BR-262/MG;Leste;Colisão Traseira;;;;2;;;;;;;1;1;1;;
05/03/2021;17:20:00;426;ac03 - Acidente com Danos Materiais;53;BR-153/MG;Norte;Choque - Elemento de Drenagem;;;;;;;;;;1;1;;;;
05/03/2021;19:13:00;469;ac03 - Acidente com Danos Materiais;674,16;BR-153/GO;Norte;Saida de Pista;1;;;;;1;;;;;2;;;;
05/03/2021;19:13:00;470;ac03 - Acidente com Danos Materiais;738;BR-262/MG;Oeste;Tombamento;;;1;;;;;;;;1;;;;
05/03/2021;19:44:00;481;ac02 - Acidente com Vítima;454;BR-262/MG;Oeste;Colisão Traseira;1;;;1;;;;;;;1;1;;;
05/03/2021;20:45:00;506;ac03 - Acidente com Danos Materiais;792;BR-262/MG;Leste;Tombamento;;;1;;;;;;;;1;;;;
06/03/2021;00:02:00;2;ac03 - Acidente com Danos Materiais;439;BR-262/MG;Leste;Choque - Defensa;1;;;;;;;;;;1;;;;
06/03/2021;01:26:00;20;ac03 - Acidente com Danos Materiais;79;BR-060/GO;Norte;Saida de Pista;1;;;;;;;;;;5;;;;
06/03/2021;13:27:00;240;ac03 - Acidente com Danos Materiais;547;BR-262/MG;Leste;Saida de Pista;;;1;;;;;;;;2;;;;
06/03/2021;13:55:00;251;ac02 - Acidente com Vítima;640;BR-153/GO;Norte;Saida de Pista;1;;;;;;;;;;1;1;;;
06/03/2021;14:21:00;265;ac03 - Acidente com Danos Materiais;590;BR-153/GO;Sul;Saida de Pista;;;1;;;;;;;;2;;;;
06/03/2021;15:14:00;275;ac03 - Acidente com Danos Materiais;26;BR-153/MG;Norte;Engavetamento;1;;;;;;;;;2;8;;;;
06/03/2021;15:15:00;276;ac03 - Acidente com Danos Materiais;548,5;BR-262/MG;Leste;Choque - Talude;1;;;;;;;;;;1;;;;
06/03/2021;16:45:00;305;ac03 - Acidente com Danos Materiais;564;BR-153/GO;Sul;Capotamento;1;;1;;;;;;;;4;;;;
06/03/2021;17:21:00;319;ac03 - Acidente com Danos Materiais;653;BR-153/GO;Norte;Saida de Pista;1;;;;;;;;;;1;;;;
06/03/2021;18:44:00;339;ac03 - Acidente com Danos Materiais;32;BR-060/GO;Norte;Colisão Transversal;1;;;;;1;;;;;4;;;;
06/03/2021;18:56:00;344;ac03 - Acidente com Danos Materiais;640;BR-153/GO;Norte;Capotamento;1;;;;;;;;;;2;;;;
06/03/2021;19:07:00;352;ac03 - Acidente com Danos Materiais;506,5;BR-153/GO;Sul;Capotamento;1;1;;;;;;;;;2;;;;
06/03/2021;19:33:00;366;ac03 - Acidente com Danos Materiais;443;BR-262/MG;Leste;Queda de Moto;;;;1;;;;;;;1;;;;
06/03/2021;19:42:00;371;ac02 - Acidente com Vítima;606;BR-262/MG;Leste;Saida de Pista;1;;;;;;;;;;1;;2;;
06/03/2021;21:05:00;410;ac03 - Acidente com Danos Materiais;537;BR-153/GO;Sul;Choque - Elemento de Drenagem;;;1;;;;;;;;1;;;;
06/03/2021;22:22:00;442;ac03 - Acidente com Danos Materiais;7;BR-060/GO;Norte;Saida de Pista;1;;;;;;;;;;1;;;;
07/03/2021;00:02:00;3;ac03 - Acidente com Danos Materiais;23;BR-060/GO;Norte;Saida de Pista;1;;;;;;;;;;1;;;;
07/03/2021;05:27:00;42;ac03 - Acidente com Danos Materiais;102;BR-060/GO;Norte;Atropelamento de Animal;1;;;;;;;;;;1;;;;
07/03/2021;09:16:00;96;ac03 - Acidente com Danos Materiais;607;BR-262/MG;Leste;Saida de Pista;1;;;;;;;;;;3;;;;
07/03/2021;09:27:00;102;ac02 - Acidente com Vítima;64;BR-060/GO;Norte;Queda de Ciclista;;1;;;;;;;;;0;;1;;
07/03/2021;12:21:00;180;ac01 - Acidente com Vítima Fatal;68;BR-060/GO;Norte;Capotamento;1;;;;;;;;;;2;;;;1
07/03/2021;13:32:00;204;ac03 - Acidente com Danos Materiais;549;BR-262/MG;Oeste;Tombamento;;;1;;;;;;;;2;;;;
07/03/2021;14:42:00;227;ac02 - Acidente com Vítima;379;BR-262/MG;Leste;Capotamento;1;;;;;;;;;;0;6;;;
07/03/2021;15:16:00;239;ac03 - Acidente com Danos Materiais;356;BR-262/MG;Leste;Saida de Pista;1;;;;;;;;;;2;;;;
07/03/2021;15:27:00;241;ac02 - Acidente com Vítima;400;BR-262/MG;Leste;Colisão Frontal;1;;;1;;;;;;;1;;;1;
07/03/2021;16:56:00;273;ac03 - Acidente com Danos Materiais;400;BR-262/MG;Leste;Colisão Traseira;2;;;;;;;;;;2;;;;
07/03/2021;17:25:00;286;ac02 - Acidente com Vítima;98;BR-060/GO;Sul;Colisão Lateral;1;;1;;;;;;;;1;1;;;
07/03/2021;19:06:00;336;ac03 - Acidente com Danos Materiais;4;BR-060/GO;Norte;Colisão Lateral;2;;;;;;;;;;3;;;;
07/03/2021;20:04:00;364;ac03 - Acidente com Danos Materiais;526;BR-262/MG;Oeste;Saida de Pista;1;;;;;;;;;;1;;;;
07/03/2021;20:50:00;380;ac03 - Acidente com Danos Materiais;113;BR-060/GO;Norte;Queda de Moto;;;;1;;;;;;;2;;;;
07/03/2021;22:22:00;410;ac02 - Acidente com Vítima;3;BR-060/DF;Sul;Atropelamento - Outros;1;;;;;;;;;;2;;1;;
08/03/2021;03:30:00;42;ac03 - Acidente com Danos Materiais;107;BR-153/MG;Sul;Choque- Placa/Suporte Sinalização;1;;;;;;;;;;2;;;;
08/03/2021;05:20:00;52;ac03 - Acidente com Danos Materiais;354,35;BR-262/MG;Oeste;Tombamento;;;;;;1;;;;;1;;;;
08/03/2021;05:48:00;57;ac03 - Acidente com Danos Materiais;400,8;BR-262/MG;Leste;Capotamento;1;;;;;;;;;;1;;;;
08/03/2021;06:15:00;63;ac03 - Acidente com Danos Materiais;548,1;BR-262/MG;Leste;Choque - Defensa;1;;;;;;;;;;1;;;;
08/03/2021;06:32:00;66;ac03 - Acidente com Danos Materiais;384,15;BR-262/MG;Oeste;Choque - Elemento de Drenagem;1;;;;;;;;;;1;;;;
08/03/2021;07:08:00;76;ac03 - Acidente com Danos Materiais;630;BR-153/GO;Sul;Choque - Elemento de Drenagem;;;1;;;;;;;;1;;;;
08/03/2021;07:09:00;77;ac03 - Acidente com Danos Materiais;384,1;BR-262/MG;Oeste;Choque - Elemento de Drenagem;1;;;;;;;;;;1;;;;
08/03/2021;10:24:00;175;ac03 - Acidente com Danos Materiais;92;BR-060/GO;Norte;Choque - Defensa;;;1;;;;;;;;1;;;;
08/03/2021;11:09:00;196;ac03 - Acidente com Danos Materiais;2,757;BR-153/MG;Norte;Colisão Traseira;2;;;;;;;;;;2;;;;
08/03/2021;12:22:00;222;ac03 - Acidente com Danos Materiais;93;BR-060/GO;Sul;Colisão Lateral;2;;;;;;;;;;3;;;;
08/03/2021;18:05:00;339;ac02 - Acidente com Vítima;501,7;BR-262/MG;Leste;Queda de Moto;;;;1;;;;;;;1;;1;;
08/03/2021;19:12:00;361;ac03 - Acidente com Danos Materiais;4,635;BR-060/DF;Norte;Colisão Lateral;1;;;;;1;;;;;2;;;;
08/03/2021;20:34:00;399;ac03 - Acidente com Danos Materiais;65,045;BR-060/GO;Sul;Choque - Defensa;1;;;;;;;;;;2;;;;
09/03/2021;04:46:00;35;ac02 - Acidente com Vítima;549;BR-262/MG;Oeste;Colisão Transversal;1;;1;;;;;;;;1;;;1;
09/03/2021;05:17:00;38;ac03 - Acidente com Danos Materiais;625,15;BR-262/MG;Oeste;Colisão Traseira;;;2;;;;;;;;2;;;;
09/03/2021;06:32:00;51;ac02 - Acidente com Vítima;506;BR-153/GO;Norte;Colisão Traseira;1;;;1;;;;;;;1;1;;;
09/03/2021;07:17:00;78;ac03 - Acidente com Danos Materiais;123;BR-060/GO;Norte;Saida de Pista;;;1;;;;;;;;1;;;;
09/03/2021;08:44:00;126;ac03 - Acidente com Danos Materiais;542,648;BR-153/GO;Sul;Colisão Lateral;;;2;;;;;;;;2;;;;
09/03/2021;12:15:00;221;ac03 - Acidente com Danos Materiais;382,35;BR-262/MG;Oeste;Colisão Traseira;1;;1;;;;;;;;2;;;;
09/03/2021;14:18:00;263;ac03 - Acidente com Danos Materiais;549,5;BR-262/MG;Leste;Saida de Pista;;;1;;;;;;;;1;;;;
09/03/2021;14:28:00;271;ac03 - Acidente com Danos Materiais;537,85;BR-262/MG;Leste;Colisão Traseira;;;2;;;;;;;;2;;;;
09/03/2021;16:31:00;315;ac03 - Acidente com Danos Materiais;597;BR-153/GO;Sul;Saida de Pista;1;;;;;;;;;;1;;;;
09/03/2021;17:44:00;357;ac02 - Acidente com Vítima;112;BR-060/GO;Norte;Queda de Moto;;;;1;;;;;;;0;1;;;
09/03/2021;19:09:00;381;ac03 - Acidente com Danos Materiais;17,3;BR-153/MG;Sul;Tombamento;;;2;;;2;;;;;4;;;;
09/03/2021;19:35:00;391;ac02 - Acidente com Vítima;506,74;BR-153/GO;Sul;Colisão Traseira;;;1;1;;;;;;;1;1;;;
09/03/2021;22:52:00;438;ac03 - Acidente com Danos Materiais;585;BR-153/GO;Norte;Tombamento;;;;;;;;;;1;1;;;;
09/03/2021;23:41:00;448;ac03 - Acidente com Danos Materiais;698,5;BR-153/GO;Norte;Colisão Lateral;;;2;;;;;;;;2;;;;
10/03/2021;04:03:00;34;ac03 - Acidente com Danos Materiais;414;BR-262/MG;Leste;Saida de Pista;;;1;;;;;;;;1;;;;
10/03/2021;05:01:00;38;ac02 - Acidente com Vítima;506;BR-153/GO;Sul;Queda de Moto;;;;1;;;;;;;0;;1;;
10/03/2021;14:53:00;296;ac03 - Acidente com Danos Materiais;515;BR-153/GO;Norte;Colisão Traseira;;;2;;;;;;;;2;;;;
10/03/2021;15:06:00;303;ac03 - Acidente com Danos Materiais;236;BR-153/MG;Norte;Tombamento;;;1;;;;;;;;1;;;;
10/03/2021;19:43:00;445;ac02 - Acidente com Vítima;504,153;BR-153/GO;Sul;Atropelamento de Animal;;;;1;;;;;;;0;;1;;
10/03/2021;22:31:00;511;ac03 - Acidente com Danos Materiais;78;BR-060/GO;Sul;Atropelamento de Animal;1;;;;;;;;;;3;;;;
11/03/2021;01:40:00;27;ac03 - Acidente com Danos Materiais;8;BR-153/MG;Sul;Saida de Pista;;;1;;;1;;;;;2;;;;
11/03/2021;06:37:00;72;ac03 - Acidente com Danos Materiais;41,736;BR-153/MG;Norte;Tombamento;;;1;;;;;;;;1;;;;
11/03/2021;08:08:00;100;ac03 - Acidente com Danos Materiais;71;BR-153/MG;Norte;Saida de Pista;;;1;;;;;;;;1;;;;
11/03/2021;09:54:00;177;ac03 - Acidente com Danos Materiais;618;BR-153/GO;Norte;Tombamento;;;;;;;;;;1;1;;;;
11/03/2021;13:22:00;279;ac03 - Acidente com Danos Materiais;113;BR-060/GO;Sul;Colisão Traseira;1;;;;;;;;;;1;;;;
11/03/2021;14:58:00;318;ac03 - Acidente com Danos Materiais;506;BR-153/GO;Norte;Carreta deu L;;;1;;;;;;;;1;;;;
11/03/2021;15:05:00;320;ac02 - Acidente com Vítima;490;BR-262/MG;Leste;Engavetamento;1;;2;;;;;;;;2;1;;;
11/03/2021;17:27:00;393;ac03 - Acidente com Danos Materiais;105,603;BR-060/GO;Norte;Saida de Pista;;;;;;;;;;1;1;;;;
11/03/2021;22:26:00;511;ac03 - Acidente com Danos Materiais;506,5;BR-153/GO;Sul;Choque - Cabine de Pedágio;1;;;;;;;;;;1;;;;
12/03/2021;07:41:00;101;ac03 - Acidente com Danos Materiais;519,127;BR-153/GO;Norte;Tombamento;;;1;;;;;;;;1;;;;
12/03/2021;08:09:00;123;ac03 - Acidente com Danos Materiais;744,3;BR-262/MG;Oeste;Saida de Pista;;;1;;;;;;;;1;;;;
12/03/2021;10:05:00;196;ac03 - Acidente com Danos Materiais;34,9;BR-060/GO;Norte;Choque - Defensa;1;;;;;;;;;;1;;;;
12/03/2021;14:31:00;304;ac03 - Acidente com Danos Materiais;655;BR-153/GO;Norte;Saida de Pista;;;;;;;;;;1;2;;;;
12/03/2021;16:34:00;356;ac03 - Acidente com Danos Materiais;69,5;BR-060/GO;Norte;Choque - Defensa;1;;;;;1;;;;;2;;;;
12/03/2021;17:58:00;399;ac03 - Acidente com Danos Materiais;442;BR-262/MG;Oeste;Colisão Traseira;2;;;;;;;;;;2;;;;
12/03/2021;20:08:00;458;ac03 - Acidente com Danos Materiais;129;BR-060/GO;Sul;Colisão Traseira;;;;2;;;;;;;2;;;;
12/03/2021;21:50:00;488;ac02 - Acidente com Vítima;532;BR-262/MG;Leste;Capotamento;1;;;;;;;;;;0;;1;;
13/03/2021;03:37:00;37;ac03 - Acidente com Danos Materiais;608;BR-262/MG;Oeste;Saida de Pista;1;;;;;;;;;;4;;;;
13/03/2021;07:36:00;93;ac02 - Acidente com Vítima;390,1;BR-262/MG;Oeste;Tombamento;;;1;;;;;;;;0;1;;;
13/03/2021;09:05:00;146;ac03 - Acidente com Danos Materiais;244,02;BR-153/MG;Sul;Colisão Transversal;1;;;;;;;;;1;5;;;;
13/03/2021;12:12:00;236;ac03 - Acidente com Danos Materiais;2;BR-060/GO;Norte;Choque - Talude;1;;;;;;;;;;3;;;;
13/03/2021;12:29:00;248;ac03 - Acidente com Danos Materiais;1,274;BR-060/GO;Norte;Saida de Pista;;;1;;;;;;;;1;;;;
13/03/2021;14:10:00;292;ac02 - Acidente com Vítima;421,285;BR-262/MG;Oeste;Capotamento;1;;;;;;;;;;1;;;1;
13/03/2021;15:03:00;315;ac03 - Acidente com Danos Materiais;493;BR-153/GO;Norte;Choque - Barreira;1;;;;;;;;;;1;;;;
13/03/2021;15:29:00;320;ac03 - Acidente com Danos Materiais;25,774;BR-153/MG;Norte;Choque - Elemento de Drenagem;1;;;;;;;;;;1;;;;
13/03/2021;16:00:00;335;ac03 - Acidente com Danos Materiais;58,104;BR-153/MG;Sul;Choque- Placa/Suporte Sinalização;1;;;;;;;;;;1;;;;
13/03/2021;17:00:00;352;ac02 - Acidente com Vítima;894,5;BR-262/MG;Leste;Tombamento;;;1;;;;;;;;0;1;;;
13/03/2021;19:02:00;390;ac03 - Acidente com Danos Materiais;514;BR-153/GO;Norte;Colisão Lateral;1;;;;;1;;;;;3;;;;
13/03/2021;23:05:00;459;ac02 - Acidente com Vítima;633,5;BR-262/MG;Leste;Colisão Traseira;;;2;;;;;;;;0;3;1;;
14/03/2021;00:17:00;4;ac03 - Acidente com Danos Materiais;693;BR-153/GO;Norte;Capotamento;1;;;;;;;;;;1;;;;
14/03/2021;06:46:00;49;ac03 - Acidente com Danos Materiais;1;BR-153/MG;Norte;Saida de Pista;1;;;;;;;;;;1;;;;
14/03/2021;10:37:00;163;ac03 - Acidente com Danos Materiais;81,657;BR-060/GO;Sul;Saida de Pista;1;;;;;;;;;;5;;;;