data;horario;n_da_ocorrencia;tipo_de_ocorrencia;km;trecho;sentido;tipo_de_acidente;automovel;bicicleta;caminhao;moto;onibus;outros;tracao_animal;transporte_de_cargas_especiais;trator_maquinas;utilitarios;ilesos;levemente_feridos;moderadamente_feridos;gravemente_feridos;mortos
14/03/2021;10:39:00;164;ac02 - Acidente com Vítima;502;BR-262/MG;Leste;Capotamento;1;;1;;;;;;;;1;1;;;
14/03/2021;15:36:00;277;ac02 - Acidente com Vítima;802,158;BR-262/MG;Oeste;Saida de Pista;;;1;;;;;;;;0;1;;;
14/03/2021;16:05:00;292;ac03 - Acidente com Danos Materiais;75,5;BR-153/MG;Norte;Colisão Traseira;;;2;;;;;;;;2;;;;
14/03/2021;17:20:00;323;ac02 - Acidente com Vítima;14;BR-060/DF;Norte;Queda de Moto;;;;1;;;;;;;0;1;;;
14/03/2021;19:21:00;372;ac02 - Acidente com Vítima;101;BR-060/GO;Sul;Colisão Traseira;2;;;;;;;;;;2;3;2;;
14/03/2021;19:45:00;380;ac03 - Acidente com Danos Materiais;810;BR-262/MG;Oeste;Choque - Elemento de Drenagem;1;;;;;;;;;;1;;;;
14/03/2021;21:00:00;418;ac03 - Acidente com Danos Materiais;13;BR-060/DF;Norte;Saida de Pista;1;;;;;;;;;;1;;;;
14/03/2021;22:04:00;439;ac03 - Acidente com Danos Materiais;501;BR-153/GO;Norte;Queda de Ciclista;;;;1;;;;;;;1;;;;
15/03/2021;03:27:00;36;ac03 - Acidente com Danos Materiais;503;BR-153/GO;Norte;Choque - Barreira;1;;;;;;;;;;1;;;;
15/03/2021;08:53:00;132;ac03 - Acidente com Danos Materiais;88;BR-060/GO;Sul;Choque - Defensa;;;1;;;;;;;;1;;;;
15/03/2021;10:23:00;191;ac02 - Acidente com Vítima;563,5;BR-153/GO;Norte;Queda de Ciclista;;;;1;;;;;;;0;1;;;
15/03/2021;10:26:00;193;ac03 - Acidente com Danos Materiais;1,002;BR-153/MG;Sul;Colisão Traseira;1;;;;;;;;;1;4;;;;
15/03/2021;12:23:00;237;ac03 - Acidente com Danos Materiais;412,5;BR-262/MG;Oeste;Colisão Traseira;1;;;1;;;;;;;4;;;;
15/03/2021;15:07:00;299;ac03 - Acidente com Danos Materiais;28,561;BR-060/DF;Norte;Capotamento;1;;;;;;;;;;1;;;;
15/03/2021;16:01:00;319;ac03 - Acidente com Danos Materiais;508;BR-153/GO;Sul;Colisão Traseira;1;;1;;;;;;;;2;;;;
15/03/2021;17:35:00;361;ac03 - Acidente com Danos Materiais;408;BR-262/MG;Leste;Saida de Pista;1;;;;;;;;;;2;;;;
15/03/2021;19:19:00;399;ac03 - Acidente com Danos Materiais;502;BR-153/GO;Sul;Choque - Objeto sobre a pista;1;;;;;;;;;;2;;;;
15/03/2021;21:58:00;486;ac03 - Acidente com Danos Materiais;100,676;BR-060/GO;Norte;Choque - Elemento de Drenagem;1;;;;;1;;;;;3;;;;
16/03/2021;14:00:00;355;ac02 - Acidente com Vítima;552,45;BR-262/MG;Leste;Tombamento;;;1;;;;;;;;0;1;;;
16/03/2021;19:02:00;482;ac03 - Acidente com Danos Materiais;114;BR-060/GO;Sul;Saida de Pista;1;;;;;;;;;;1;;;;
16/03/2021;20:38:00;519;ac02 - Acidente com Vítima;12,937;BR-060/GO;Norte;Colisão Traseira;;;2;;;;;;;;1;;1;;
16/03/2021;20:49:00;521;ac03 - Acidente com Danos Materiais;607;BR-153/GO;Norte;Saida de Pista;;;1;;;;;;;;1;;;;
17/03/2021;04:50:00;42;ac03 - Acidente com Danos Materiais;97,005;BR-060/GO;Norte;Colisão Traseira;1;;;1;;;;;;;2;;;;
17/03/2021;07:00:00;67;ac03 - Acidente com Danos Materiais;109;BR-060/GO;Sul;Saida de Pista;1;;;;;;;;;;1;;;;
17/03/2021;08:36:00;115;ac03 - Acidente com Danos Materiais;529;BR-153/GO;Sul;Saida de Pista;1;;;;;;;;;;1;;;;
17/03/2021;09:39:00;159;ac02 - Acidente com Vítima;510,334;BR-153/GO;Sul;Colisão Lateral;1;;;1;;;;;;;1;1;;;
17/03/2021;13:50:00;272;ac03 - Acidente com Danos Materiais;797,76;BR-262/MG;Leste;Saida de Pista;1;;;;;;;;;;5;;;;
17/03/2021;15:32:00;303;ac03 - Acidente com Danos Materiais;497;BR-153/GO;Norte;Tombamento;1;;;;;1;;;;;2;;;;
17/03/2021;17:55:00;383;ac03 - Acidente com Danos Materiais;136;BR-060/GO;Sul;Capotamento;1;;;;;;;;;;3;;;;
18/03/2021;00:54:00;10;ac03 - Acidente com Danos Materiais;368;BR-262/MG;Leste;Saida de Pista;1;;;;;;;;;;1;;;;
18/03/2021;02:57:00;18;ac03 - Acidente com Danos Materiais;397;BR-262/MG;Leste;Capotamento;1;;;;;;;;;;1;;;;
18/03/2021;05:11:00;37;ac02 - Acidente com Vítima;583;BR-153/GO;Norte;Saida de Pista;;;1;;;;;;;;0;1;;;
18/03/2021;05:57:00;52;ac02 - Acidente com Vítima;608,24;BR-153/GO;Sul;Colisão Traseira;;;1;;;;;;;1;3;1;;;
18/03/2021;07:22:00;78;ac03 - Acidente com Danos Materiais;40;BR-060/GO;Sul;Saida de Pista;1;;;;;;;;;;2;;;;
18/03/2021;11:59:00;237;ac02 - Acidente com Vítima;425;BR-262/MG;Leste;Queda de Moto;;;;1;;;;;;;0;2;;;
18/03/2021;12:02:00;239;ac03 - Acidente com Danos Materiais;548,9;BR-153/GO;Sul;Saida de Pista;1;;;;;;;;;;1;;;;
18/03/2021;12:37:00;259;ac03 - Acidente com Danos Materiais;140;BR-153/MG;Norte;Colisão Traseira;;;1;;;;;;;1;2;;;;
18/03/2021;17:55:00;389;ac03 - Acidente com Danos Materiais;13;BR-060/GO;Norte;Colisão Traseira;2;;;;;;;;;;2;;;;
18/03/2021;17:58:00;391;ac03 - Acidente com Danos Materiais;26;BR-060/GO;Norte;Capotamento;;;;;;1;;;;1;2;;;;
18/03/2021;22:10:00;508;ac02 - Acidente com Vítima;355;BR-262/MG;Oeste;Saida de Pista;1;;;;;;;;;;0;1;;;
19/03/2021;06:48:00;76;ac02 - Acidente com Vítima;7;BR-060/DF;Sul;Colisão Traseira;;;1;;1;;;;;;8;;1;;
19/03/2021;09:58:00;194;ac03 - Acidente com Danos Materiais;506;BR-153/GO;Norte;Colisão Traseira;1;;1;;;;;;;;2;;;;
19/03/2021;12:22:00;300;ac03 - Acidente com Danos Materiais;29,747;BR-060/GO;Sul;Saida de Pista;1;;;;;;;;;;3;;;;
19/03/2021;14:39:00;361;ac03 - Acidente com Danos Materiais;473;BR-262/MG;Leste;Tombamento;;;1;;;;;;;;1;;;;
19/03/2021;18:55:00;491;ac03 - Acidente com Danos Materiais;370;BR-262/MG;Leste;Colisão Traseira;;;1;1;;1;;;;;3;;;;
20/03/2021;07:12:00;76;ac03 - Acidente com Danos Materiais;130;BR-153/MG;Sul;Colisão Traseira;1;;;;;;;;;1;2;;;;
20/03/2021;08:38:00;120;ac02 - Acidente com Vítima;24,684;BR-153/MG;Sul;Colisão Traseira;;;1;;;;;;;1;2;;;1;
20/03/2021;15:04:00;326;ac03 - Acidente com Danos Materiais;492;BR-153/GO;Sul;Choque - Defensa;1;;;;;1;;;;;2;;;;
20/03/2021;16:46:00;376;ac03 - Acidente com Danos Materiais;821;BR-262/MG;Leste;Choque - Talude;;;;;;;;;;1;2;;;;
20/03/2021;17:46:00;428;ac03 - Acidente com Danos Materiais;100;BR-060/GO;Norte;Saida de Pista;1;;;;;;;;;;1;;;;
20/03/2021;17:56:00;434;ac03 - Acidente com Danos Materiais;100;BR-060/GO;Norte;Saida de Pista;1;;;;;;;;;;1;;;;
20/03/2021;20:22:00;481;ac03 - Acidente com Danos Materiais;514,234;BR-153/GO;Norte;Colisão Lateral;1;;;;;1;;;;;3;;;;
20/03/2021;23:12:00;666;ac02 - Acidente com Vítima;502;BR-153/GO;Norte;Queda de Moto;;;;1;;1;;;;;1;;1;;
21/03/2021;07:03:00;144;ac02 - Acidente com Vítima;147;BR-153/MG;Sul;Capotamento;;;;;;1;;;;1;1;1;;;
21/03/2021;09:37:00;416;ac02 - Acidente com Vítima;37,7;BR-060/GO;Norte;Colisão Traseira;;;;2;;;;;;;0;2;;;
21/03/2021;10:31:00;512;ac03 - Acidente com Danos Materiais;95;BR-060/GO;Sul;Colisão Lateral;1;;1;;;1;;;;;3;;;;
21/03/2021;12:37:00;635;ac03 - Acidente com Danos Materiais;687,2;BR-262/MG;Leste;Tombamento;;;1;;;;;;;;1;;;;
21/03/2021;14:33:00;725;ac03 - Acidente com Danos Materiais;115;BR-060/GO;Norte;Colisão Transversal;1;;;;;;;;;1;8;;;;
21/03/2021;14:42:00;729;ac03 - Acidente com Danos Materiais;357,3;BR-262/MG;Oeste;Saida de Pista;1;;1;;;;;;;;2;;;;
21/03/2021;20:08:00;880;ac02 - Acidente com Vítima;870;BR-262/MG;Leste;Capotamento;1;;;;;;;;;;0;1;;;
21/03/2021;20:10:00;882;ac03 - Acidente com Danos Materiais;499;BR-153/GO;Norte;Colisão Traseira;2;;;;;;;;;;5;;;;
22/03/2021;06:27:00;102;ac03 - Acidente com Danos Materiais;97;BR-060/GO;Sul;Engavetamento;2;;;1;;;;;;;4;;;;
22/03/2021;06:47:00;111;ac03 - Acidente com Danos Materiais;97;BR-060/GO;Sul;Engavetamento;2;;;;;;;;;1;3;;;;
22/03/2021;10:24:00;267;ac02 - Acidente com Vítima;505,3;BR-153/GO;Sul;Colisão Traseira;1;;;1;;;;;;;1;2;;;
22/03/2021;13:30:00;367;ac03 - Acidente com Danos Materiais;136;BR-060/GO;Norte;Colisão Frontal;2;;;;;;;;;;2;;;;
22/03/2021;16:37:00;477;ac03 - Acidente com Danos Materiais;743;BR-262/MG;Oeste;Colisão Traseira;;;2;;;;;;;;2;;;;
22/03/2021;17:54:00;514;ac03 - Acidente com Danos Materiais;52;BR-060/GO;Sul;Colisão Lateral;2;;;;;;;;;;3;;;;
22/03/2021;22:06:00;684;ac03 - Acidente com Danos Materiais;582;BR-153/GO;Sul;Capotamento;1;;;;;;;;;;1;;;;
23/03/2021;02:24:00;34;ac03 - Acidente com Danos Materiais;61;BR-060/GO;Sul;Colisão Traseira;;;2;;;;;;;;2;;;;
23/03/2021;04:28:00;52;ac03 - Acidente com Danos Materiais;411;BR-262/MG;Leste;Tombamento;;;1;;;;;;;;1;;;;
23/03/2021;05:44:00;59;ac03 - Acidente com Danos Materiais;42;BR-153/MG;Norte;Tombamento;;;1;;;;;;;;1;;;;
23/03/2021;10:27:00;222;ac02 - Acidente com Vítima;135;BR-060/GO;Norte;Queda de Ciclista;;1;;;;;;;;;0;;1;;
23/03/2021;14:04:00;326;ac03 - Acidente com Danos Materiais;504,8;BR-153/GO;Sul;Colisão Lateral;1;;1;;;;;;;;2;;;;
23/03/2021;19:31:00;500;ac03 - Acidente com Danos Materiais;701;BR-153/GO;Norte;Saida de Pista;1;;;;;;;;;;1;;;;
23/03/2021;20:36:00;532;ac03 - Acidente com Danos Materiais;2;BR-153/MG;Norte;Saida de Pista;1;;;;;;;;;;2;;;;
23/03/2021;22:40:00;576;ac02 - Acidente com Vítima;411;BR-262/MG;Leste;Atropelamento de Animal;1;;;;;;;;;;1;1;;;
24/03/2021;04:01:00;54;ac02 - Acidente com Vítima;779;BR-262/MG;Leste;Capotamento;1;;;;;;;;;;0;1;;;
24/03/2021;06:52:00;90;ac03 - Acidente com Danos Materiais;27;BR-060/GO;Sul;Colisão Traseira;;;2;;;;;;;;2;;;;
24/03/2021;08:07:00;129;ac03 - Acidente com Danos Materiais;501,5;BR-153/GO;Sul;Engavetamento;1;;1;;;;;;;1;3;;;;
24/03/2021;09:10:00;193;ac03 - Acidente com Danos Materiais;54,6;BR-060/GO;Sul;Choque - Defensa;1;;;;;;;;;;1;;;;
24/03/2021;17:15:00;462;ac02 - Acidente com Vítima;492,1;BR-262/MG;Leste;Colisão Transversal;1;;1;;;;;;;;1;;1;1;
24/03/2021;20:09:00;546;ac03 - Acidente com Danos Materiais;498,8;BR-262/MG;Leste;Atropelamento de Animal;1;;;;;;;;;;1;;;;
24/03/2021;21:09:00;573;ac03 - Acidente com Danos Materiais;117,9;BR-060/GO;Norte;Colisão Lateral;2;;;;;;;;;;3;;;;
25/03/2021;08:02:00;157;ac02 - Acidente com Vítima;6;BR-060/DF;Sul;Colisão Lateral;1;;;1;;;;;;;1;;1;;
25/03/2021;08:37:00;184;ac03 - Acidente com Danos Materiais;515;BR-153/GO;Norte;Colisão Lateral;2;;;;;;;;;;2;;;;
25/03/2021;08:51:00;194;ac03 - Acidente com Danos Materiais;661,25;BR-262/MG;Leste;Tombamento;;;1;;;;;;;;1;;;;
25/03/2021;09:38:00;228;ac03 - Acidente com Danos Materiais;789,55;BR-262/MG;Oeste;Engavetamento;;;2;;;;;;;1;4;;;;
25/03/2021;13:05:00;372;ac03 - Acidente com Danos Materiais;44,5;BR-153/MG;Sul;Colisão Traseira;;;2;;;;;;;;2;;;;
25/03/2021;14:52:00;420;ac03 - Acidente com Danos Materiais;464,35;BR-262/MG;Leste;Engavetamento;1;;2;;;;;;;;8;;;;
25/03/2021;15:10:00;423;ac02 - Acidente com Vítima;107;BR-060/GO;Sul;Colisão Traseira;2;;;;;;;;;;1;;1;;
25/03/2021;15:26:00;433;ac03 - Acidente com Danos Materiais;108;BR-060/GO;Sul;Tombamento;;;1;;;;;;;;1;;;;
25/03/2021;15:59:00;445;ac02 - Acidente com Vítima;762;BR-262/MG;Oeste;Colisão Frontal;2;;;;;;;;;;2;;2;;
25/03/2021;16:35:00;468;ac02 - Acidente com Vítima;76,832;BR-153/MG;Sul;Colisão Transversal;;;3;;;2;;;;;4;1;;1;
25/03/2021;18:52:00;530;ac03 - Acidente com Danos Materiais;4;BR-060/DF;Sul;Capotamento;1;;;;;;;;;;1;;;;
26/03/2021;02:17:00;20;ac03 - Acidente com Danos Materiais;888;BR-262/MG;Oeste;Saida de Pista;;;1;;;;;;;;1;;;;
26/03/2021;11:20:00;190;ac03 - Acidente com Danos Materiais;606;BR-153/GO;Norte;Tombamento;;;1;;;;;;;;1;;;;
26/03/2021;17:32:00;369;ac02 - Acidente com Vítima;362;BR-262/MG;Oeste;Capotamento;1;;;;;;;;;;0;1;;;
26/03/2021;20:10:00;465;ac02 - Acidente com Vítima;501;BR-153/GO;Sul;Queda de Moto;;;;1;;1;;;;;1;;1;;
27/03/2021;03:34:00;38;ac01 - Acidente com Vítima Fatal;589,8;BR-262/MG;Leste;Atropelamento - Andarilho;;;;;;;;;;1;1;;;;1
27/03/2021;04:22:00;45;ac03 - Acidente com Danos Materiais;445;BR-262/MG;Oeste;Atropelamento de Animal;;;;1;;;;;;;1;;;;
27/03/2021;06:24:00;67;ac02 - Acidente com Vítima;148;BR-153/MG;Sul;Queda de Moto;;;;1;;;;;;;0;1;;;
27/03/2021;06:53:00;77;ac03 - Acidente com Danos Materiais;813;BR-262/MG;Oeste;Colisão Lateral;;1;;1;;;;;;;2;;;;
27/03/2021;10:31:00;201;ac02 - Acidente com Vítima;501;BR-153/GO;Sul;Atropelamento - Ciclista;;1;;1;;;;;;;1;;1;;
27/03/2021;11:00:00;226;ac03 - Acidente com Danos Materiais;152,588;BR-153/MG;Sul;Colisão Traseira;1;;1;;;1;;;;;4;;;;
27/03/2021;11:20:00;238;ac03 - Acidente com Danos Materiais;535;BR-153/GO;Norte;Colisão Traseira;1;;1;;;1;;;;;3;;;;
27/03/2021;13:27:00;305;ac03 - Acidente com Danos Materiais;500,3;BR-153/GO;Norte;Colisão Lateral;1;;1;;;;;;;;3;;;;
27/03/2021;14:14:00;327;ac03 - Acidente com Danos Materiais;544;BR-153/GO;Sul;Capotamento;;;;;;;;;;1;1;;;;
27/03/2021;14:36:00;336;ac03 - Acidente com Danos Materiais;14;BR-060/GO;Sul;Colisão Traseira;1;;1;;;;;;;;5;;;;
27/03/2021;23:57:00;574;ac02 - Acidente com Vítima;107;BR-060/GO;Sul;Choque - Submarino;1;;;;;;;;;;1;;1;;
28/03/2021;10:43:00;170;ac03 - Acidente com Danos Materiais;436,5;BR-262/MG;Leste;Capotamento;1;;;;;;;;;;2;;;;
28/03/2021;10:49:00;174;ac02 - Acidente com Vítima;57,5;BR-060/GO;Norte;Queda de Ciclista;;;;1;;;;;;;0;1;;;
28/03/2021;13:21:00;235;ac02 - Acidente com Vítima;15;BR-060/GO;Sul;Queda de Ciclista;;;;1;;;;;;;0;;;1;
28/03/2021;15:27:00;279;ac02 - Acidente com Vítima;113,795;BR-060/GO;Norte;Queda de Moto;;;;1;;;;;;;0;1;;;
28/03/2021;16:44:00;316;ac03 - Acidente com Danos Materiais;382,05;BR-262/MG;Leste;Capotamento;1;;;;;;;;;;1;;;;
28/03/2021;16:55:00;322;ac02 - Acidente com Vítima;824,923;BR-262/MG;Oeste;Colisão Lateral;;1;;;;;;;;1;2;1;;;
28/03/2021;17:09:00;330;ac03 - Acidente com Danos Materiais;412,175;BR-262/MG;Leste;Capotamento;1;;;;;;;;;;1;;;;
28/03/2021;18:03:00;358;ac03 - Acidente com Danos Materiais;32;BR-153/MG;Norte;Capotamento;1;;;;;;;;;;1;;;;
28/03/2021;18:46:00;372;ac03 - Acidente com Danos Materiais;551;BR-153/GO;Norte;Colisão Lateral;1;;;;;;;;;;1;;;;
28/03/2021;22:20:00;446;ac03 - Acidente com Danos Materiais;654;BR-262/MG;Oeste;Saida de Pista;;;1;;;;;;;;1;;;;
29/03/2021;01:33:00;16;ac03 - Acidente com Danos Materiais;107;BR-060/GO;Sul;Colisão Traseira;1;;1;;;;;;;;2;;;;
29/03/2021;06:57:00;84;ac02 - Acidente com Vítima;95;BR-060/GO;Sul;Colisão Traseira;1;;;1;;;;;;;1;;1;;
29/03/2021;07:06:00;93;ac03 - Acidente com Danos Materiais;94;BR-060/GO;Norte;Engavetamento;3;;;;;;;;;;3;;;;
29/03/2021;10:10:00;195;ac03 - Acidente com Danos Materiais;13,9;BR-060/GO;Norte;Queda de Ciclista;1;;;;;;;;;;1;;;;
29/03/2021;10:12:00;197;ac03 - Acidente com Danos Materiais;497;BR-153/GO;Norte;Queda de Ciclista;;;;1;;;;;;;1;;;;
29/03/2021;13:56:00;294;ac03 - Acidente com Danos Materiais;417,35;BR-262/MG;Leste;Colisão Lateral;;;1;;;;;;;1;3;;;;
29/03/2021;14:50:00;320;ac03 - Acidente com Danos Materiais;683,208;BR-153/GO;Sul;Capotamento;;;;;;;;;;1;1;;;;
29/03/2021;15:11:00;333;ac03 - Acidente com Danos Materiais;514;BR-153/GO;Norte;Colisão Traseira;2;;;;;;;;;;2;;;;
29/03/2021;17:19:00;394;ac03 - Acidente com Danos Materiais;506;BR-153/GO;Norte;Choque - Defensa;1;;;;;;;;;;1;;;;
29/03/2021;17:55:00;408;ac02 - Acidente com Vítima;385;BR-262/MG;Leste;Tombamento;;;;;;;;;;1;0;1;;;
29/03/2021;18:13:00;412;ac03 - Acidente com Danos Materiais;107;BR-060/GO;Sul;Colisão Traseira;1;;1;;;;;;;;5;;;;
29/03/2021;20:33:00;475;ac02 - Acidente com Vítima;131;BR-060/GO;Sul;Queda de Moto;;;;1;;;;;;;0;1;;;
30/03/2021;06:34:00;86;ac02 - Acidente com Vítima;4;BR-060/GO;Norte;Colisão Traseira;;;1;1;;;;;;;1;;1;;
30/03/2021;07:21:00;118;ac02 - Acidente com Vítima;90,1;BR-060/GO;Norte;Queda de Moto;;;;1;;;;;;;0;;1;;
30/03/2021;07:34:00;122;ac03 - Acidente com Danos Materiais;495;BR-153/GO;Sul;Colisão Lateral;1;;1;;;;;;;;2;;;;
30/03/2021;07:37:00;123;ac03 - Acidente com Danos Materiais;508;BR-153/GO;Norte;Engavetamento;2;;;1;;;;;;;3;;;;
30/03/2021;15:22:00;384;ac02 - Acidente com Vítima;457;BR-262/MG;Oeste;Colisão Lateral;1;;1;;;;;;;;1;1;;;
30/03/2021;15:31:00;387;ac03 - Acidente com Danos Materiais;47,8;BR-060/GO;Sul;Saida de Pista;1;;;;;;;;;;1;;;;
30/03/2021;17:10:00;435;ac02 - Acidente com Vítima;505;BR-153/GO;Norte;Colisão Traseira;1;;;1;;;;;;;1;1;;;
30/03/2021;17:31:00;444;ac01 - Acidente com Vítima Fatal;469,5;BR-262/MG;Oeste;Choque - Arvore;;;1;;;;;;;;0;;;;1
30/03/2021;18:35:00;468;ac02 - Acidente com Vítima;594;BR-262/MG;Leste;Colisão Frontal;;;2;;;;;;;;1;1;1;;
30/03/2021;19:02:00;480;ac03 - Acidente com Danos Materiais;106;BR-060/GO;Sul;Colisão Traseira;1;;2;;;;;;;;3;;;;
30/03/2021;23:48:00;565;ac02 - Acidente com Vítima;371;BR-262/MG;Oeste;Capotamento;1;;;;;;;;;;0;;1;;
31/03/2021;00:56:00;50;ac03 - Acidente com Danos Materiais;681;BR-262/MG;Leste;Saida de Pista;;;1;;;;;;;;1;;;;
31/03/2021;05:22:00;93;ac03 - Acidente com Danos Materiais;844,7;BR-262/MG;Oeste;Colisão Lateral;1;;;;;;;;;;1;;;;
31/03/2021;16:44:00;455;ac03 - Acidente com Danos Materiais;379;BR-262/MG;Leste;Saida de Pista;;;1;;;;;;;;1;;;;
31/03/2021;19:04:00;514;ac03 - Acidente com Danos Materiais;551;BR-262/MG;Leste;Tombamento;;;1;;;1;;;;;2;;;;
01/04/2021;04:26:00;53;ac03 - Acidente com Danos Materiais;363;BR-262/MG;Leste;Colisão Traseira;1;;1;;;;;;;;2;;;;
01/04/2021;11:14:00;241;ac03 - Acidente com Danos Materiais;688,55;BR-262/MG;Oeste;Colisão Lateral;;;2;;;;;;;;2;;;;
01/04/2021;11:22:00;246;ac02 - Acidente com Vítima;511,199;BR-153/GO;Sul;Colisão Lateral;1;;;1;;;;;;;1;;1;;
01/04/2021;14:35:00;340;ac03 - Acidente com Danos Materiais;479;BR-262/MG;Oeste;Engavetamento;1;;2;;;;;;;;4;;;;
01/04/2021;15:07:00;354;ac03 - Acidente com Danos Materiais;676;BR-153/GO;Sul;Engavetamento;;;3;;;;;;;;3;;;;
01/04/2021;15:33:00;367;ac03 - Acidente com Danos Materiais;533,9;BR-262/MG;Leste;Carreta deu L;;;1;;;;;;;;1;;;;
01/04/2021;15:36:00;368;ac03 - Acidente com Danos Materiais;528;BR-262/MG;Leste;Saida de Pista;1;;;;;;;;;;2;;;;
01/04/2021;15:49:00;372;ac02 - Acidente com Vítima;48,3;BR-060/GO;Sul;Capotamento;1;;;;;;;;;;0;1;1;;
01/04/2021;16:21:00;390;ac03 - Acidente com Danos Materiais;501;BR-153/GO;Sul;Colisão Traseira;2;;;;;1;;;;;3;;;;
01/04/2021;16:49:00;402;ac03 - Acidente com Danos Materiais;632;BR-262/MG;Oeste;Colisão Traseira;2;;;;;;;;;;2;;;;
01/04/2021;19:05:00;466;ac02 - Acidente com Vítima;34;BR-060/GO;Norte;Queda de Moto;;;;1;;;;;;;0;1;;;
01/04/2021;19:44:00;483;ac03 - Acidente com Danos Materiais;640;BR-153/GO;Sul;Saida de Pista;1;;;;;;;;;;2;;;;
01/04/2021;20:45:00;510;ac03 - Acidente com Danos Materiais;89;BR-060/GO;Sul;Colisão Traseira;2;;;;;;;;;;2;;;;
01/04/2021;21:25:00;522;ac02 - Acidente com Vítima;501,5;BR-153/GO;Sul;Choque - Veiculo parado na pista;;;1;1;;;;;;;1;;1;;
02/04/2021;03:32:00;48;ac03 - Acidente com Danos Materiais;2;BR-060/DF;Norte;Saida de Pista;1;;;;;;;;;;1;;;;
02/04/2021;04:07:00;54;ac03 - Acidente com Danos Materiais;840;BR-262/MG;Oeste;Choque - Defensa;;;1;;;;;;;;1;;;;
02/04/2021;06:22:00;71;ac03 - Acidente com Danos Materiais;391;BR-262/MG;Leste;Queda de Moto;;;;1;;;;;;;1;;;;
02/04/2021;07:27:00;90;ac03 - Acidente com Danos Materiais;759;BR-262/MG;Oeste;Colisão Lateral;1;;1;;;;;;;;2;;;;
02/04/2021;09:37:00;163;ac03 - Acidente com Danos Materiais;362;BR-262/MG;Oeste;Colisão Traseira;1;;1;;;;;;;;3;;;;
02/04/2021;17:44:00;422;ac03 - Acidente com Danos Materiais;369,15;BR-262/MG;Leste;Queda de Moto;;;;1;;;;;;;1;;;;
02/04/2021;18:13:00;431;ac03 - Acidente com Danos Materiais;534,7;BR-153/GO;Norte;Colisão Traseira;1;;;;;;;;;1;2;;;;
02/04/2021;18:17:00;432;ac03 - Acidente com Danos Materiais;7;BR-060/GO;Norte;Saida de Pista;1;;;;;;;;;;1;;;;
02/04/2021;18:41:00;444;ac03 - Acidente com Danos Materiais;694;BR-262/MG;Leste;Colisão Lateral;1;;;;;;;;;;3;;;;
02/04/2021;20:25:00;465;ac03 - Acidente com Danos Materiais;93;BR-153/MG;Sul;Saida de Pista;1;;;;;;;;;;3;;;;
03/04/2021;04:42:00;33;ac03 - Acidente com Danos Materiais;405;BR-262/MG;Oeste;Saida de Pista;1;;;;;;;;;;1;;;;
03/04/2021;07:51:00;90;ac03 - Acidente com Danos Materiais;67;BR-060/GO;Sul;Capotamento;1;;;;;;;;;1;2;;;;
03/04/2021;10:13:00;167;ac03 - Acidente com Danos Materiais;602;BR-153/GO;Sul;Saida de Pista;;;;;;;;;;1;2;;;;
03/04/2021;11:46:00;238;ac02 - Acidente com Vítima;491;BR-153/GO;Norte;Queda de Moto;1;;;1;;;;;;;1;1;1;;
03/04/2021;12:07:00;247;ac03 - Acidente com Danos Materiais;561;BR-262/MG;Oeste;Saida de Pista;1;;;;;;;;;;2;;;;
03/04/2021;12:44:00;267;ac03 - Acidente com Danos Materiais;683;BR-153/GO;Norte;Saida de Pista;;;1;;;;;;;;1;;;;
03/04/2021;14:03:00;291;ac02 - Acidente com Vítima;353;BR-262/MG;Leste;Capotamento;1;;;;;;;;;;0;4;;;
03/04/2021;15:37:00;323;ac03 - Acidente com Danos Materiais;416;BR-262/MG;Leste;Saida de Pista;;;1;;;;;;;;1;;;;
03/04/2021;17:43:00;382;ac03 - Acidente com Danos Materiais;587,5;BR-262/MG;Leste;Saida de Pista;1;;;;;;;;;;2;;;;
03/04/2021;18:43:00;400;ac03 - Acidente com Danos Materiais;563;BR-153/GO;Norte;Queda de Moto;;;;1;;;;;;;1;;;;
03/04/2021;19:43:00;435;ac03 - Acidente com Danos Materiais;411;BR-262/MG;Oeste;Atropelamento de Animal;;;1;;;;;;;;1;;;;
03/04/2021;19:51:00;442;ac03 - Acidente com Danos Materiais;412;BR-262/MG;Oeste;Colisão Frontal;1;;;;;;;;;;1;;;;
03/04/2021;19:52:00;443;ac03 - Acidente com Danos Materiais;412;BR-262/MG;Oeste;Colisão Lateral;1;;;;;;;;;;1;;;;