data;horario;n_da_ocorrencia;tipo_de_ocorrencia;km;trecho;sentido;tipo_de_acidente;automovel;bicicleta;caminhao;moto;onibus;outros;tracao_animal;transporte_de_cargas_especiais;trator_maquinas;utilitarios;ilesos;levemente_feridos;moderadamente_feridos;gravemente_feridos;mortos
03/04/2021;20:37:00;461;ac02 - Acidente com Vítima;801;BR-262/MG;Oeste;Colisão Lateral;1;;;;;1;;;;;1;1;;;
03/04/2021;22:31:00;500;ac03 - Acidente com Danos Materiais;411;BR-262/MG;Leste;Colisão Lateral;1;;;;;;;;;;2;;;;
03/04/2021;22:58:00;510;ac03 - Acidente com Danos Materiais;411;BR-262/MG;Oeste;Colisão Frontal;1;;;;;;;;;;2;;;;
03/04/2021;23:53:00;524;ac03 - Acidente com Danos Materiais;5;BR-060/DF;Norte;Saida de Pista;1;;;;;;;;;;1;;;;
04/04/2021;00:28:00;8;ac03 - Acidente com Danos Materiais;552;BR-262/MG;Leste;Saida de Pista;;;1;;;1;;;;;3;;;;
04/04/2021;08:45:00;135;ac03 - Acidente com Danos Materiais;95;BR-060/GO;Norte;Saida de Pista;1;;;;;;;;;;1;;;;
04/04/2021;11:02:00;198;ac03 - Acidente com Danos Materiais;904;BR-262/MG;Leste;Saida de Pista;1;;;;;;;;;;2;;;;
04/04/2021;13:07:00;249;ac03 - Acidente com Danos Materiais;5,588;BR-060/DF;Norte;Colisão Traseira;1;;;;;;;;;1;2;;;;
04/04/2021;14:34:00;280;ac02 - Acidente com Vítima;27,758;BR-060/DF;Norte;Colisão Traseira;2;;;;;;;;;;0;3;1;;
04/04/2021;14:42:00;285;ac02 - Acidente com Vítima;573,358;BR-153/GO;Sul;Capotamento;2;;;;;;;;;;1;4;;1;
04/04/2021;17:04:00;368;ac02 - Acidente com Vítima;645;BR-153/GO;Sul;Queda de Moto;;;;1;;;;;;;0;1;;;
04/04/2021;17:34:00;393;ac03 - Acidente com Danos Materiais;743;BR-262/MG;Oeste;Saida de Pista;;;1;;;1;;;;;2;;;;
04/04/2021;19:19:00;453;ac03 - Acidente com Danos Materiais;499;BR-153/GO;Norte;Saida de Pista;1;;;;;;;;;;1;;;;
04/04/2021;19:28:00;458;ac02 - Acidente com Vítima;438,2;BR-262/MG;Oeste;Queda de Moto;;;;1;;;;;;;0;;;1;
04/04/2021;20:01:00;472;ac03 - Acidente com Danos Materiais;360;BR-262/MG;Leste;Saida de Pista;2;;;;;;;;;;3;;;;
04/04/2021;20:21:00;479;ac03 - Acidente com Danos Materiais;520;BR-153/GO;Norte;Saida de Pista;1;;;;;;;;;;1;;;;
04/04/2021;20:32:00;482;ac03 - Acidente com Danos Materiais;123;BR-060/GO;Norte;Choque - Barreira;1;;;;;;;;;;1;;;;
05/04/2021;00:58:00;15;ac03 - Acidente com Danos Materiais;22;BR-153/MG;Sul;Tombamento;;;1;;;2;;;;;3;;;;
05/04/2021;06:44:00;72;ac02 - Acidente com Vítima;543,565;BR-153/GO;Sul;Choque - Arvore;1;;;;;;;;;;1;2;;;
05/04/2021;06:55:00;78;ac02 - Acidente com Vítima;413,3;BR-262/MG;Leste;Queda de Moto;;;;1;;;;;;;1;1;;;
05/04/2021;08:07:00;114;ac03 - Acidente com Danos Materiais;501;BR-153/GO;Sul;Colisão Traseira;2;;;;;;;;;;2;;;;
05/04/2021;09:52:00;185;ac02 - Acidente com Vítima;598;BR-153/GO;Sul;Saida de Pista;1;;;;;;;;;;0;1;;;
05/04/2021;10:36:00;214;ac03 - Acidente com Danos Materiais;95;BR-060/GO;Sul;Colisão Lateral;;;2;;;;;;;;2;;;;
05/04/2021;13:05:00;320;ac03 - Acidente com Danos Materiais;563,5;BR-153/GO;Sul;Saida de Pista;1;;;;;;;;;;1;;;;
05/04/2021;14:17:00;346;ac03 - Acidente com Danos Materiais;105;BR-060/GO;Sul;Capotamento;1;;;;;;;;;;1;;;;
05/04/2021;14:18:00;347;ac03 - Acidente com Danos Materiais;597;BR-153/GO;Sul;Choque - Talude;1;;;;;;;;;;1;;;;
05/04/2021;14:27:00;353;ac03 - Acidente com Danos Materiais;564;BR-153/GO;Norte;Saida de Pista;;;2;;;;;;;;2;;;;
05/04/2021;15:35:00;378;ac03 - Acidente com Danos Materiais;93,459;BR-153/MG;Sul;Saida de Pista;1;;;;;;;;;;3;;;;
05/04/2021;17:32:00;440;ac03 - Acidente com Danos Materiais;46,3;BR-153/MG;Sul;Choque- Placa/Suporte Sinalização;1;;;;;;;;;;1;;;;
05/04/2021;19:16:00;478;ac03 - Acidente com Danos Materiais;496;BR-153/GO;Sul;Queda de Ciclista;1;;;2;;;;;;;4;;;;
05/04/2021;20:52:00;521;ac03 - Acidente com Danos Materiais;88;BR-060/GO;Sul;Atropelamento de Animal;1;;;;;;;;;;1;;;;
06/04/2021;07:24:00;102;ac03 - Acidente com Danos Materiais;3;BR-060/GO;Sul;Choque - Defensa;1;;;;;;;;;;1;;;;
06/04/2021;08:33:00;131;ac03 - Acidente com Danos Materiais;4;BR-060/GO;Sul;;1;;;;;;;;;;1;;;;
06/04/2021;12:15:00;311;ac03 - Acidente com Danos Materiais;588;BR-153/GO;Sul;Saida de Pista;1;;;;;;;;;;1;;;;
06/04/2021;12:16:00;312;ac02 - Acidente com Vítima;12,71;BR-060/GO;Norte;Colisão Traseira;2;;;;;;;;;;3;1;;;
06/04/2021;12:44:00;329;ac03 - Acidente com Danos Materiais;121;BR-060/GO;Norte;Saida de Pista;;;1;;;;;;;;1;;;;
06/04/2021;15:33:00;403;ac03 - Acidente com Danos Materiais;10;BR-060/GO;Sul;Capotamento;1;;;;;;;;;;4;;;;
06/04/2021;15:48:00;411;ac02 - Acidente com Vítima;361,15;BR-262/MG;Oeste;Colisão Traseira;1;;;1;;;;;;;2;1;;;
06/04/2021;15:52:00;414;ac03 - Acidente com Danos Materiais;518;BR-153/GO;Norte;Colisão Traseira;;;2;;;;;;;;2;;;;
06/04/2021;16:19:00;426;ac02 - Acidente com Vítima;587,6;BR-262/MG;Oeste;Colisão Transversal;1;;1;;;;;;;;2;4;;;
06/04/2021;16:39:00;432;ac02 - Acidente com Vítima;30;BR-060/DF;Norte;Colisão Traseira;2;;;;;;;;;;4;1;;;
06/04/2021;17:42:00;457;ac03 - Acidente com Danos Materiais;501,5;BR-153/GO;Sul;Engavetamento;4;;;;;;;;;;4;;;;
06/04/2021;19:01:00;486;ac03 - Acidente com Danos Materiais;700;BR-153/GO;Sul;Colisão Lateral;2;;;;;;;;;;2;;;;
06/04/2021;19:32:00;500;ac03 - Acidente com Danos Materiais;502;BR-153/GO;Sul;Colisão Traseira;2;;;;;;;;;;2;;;;
06/04/2021;20:49:00;526;ac02 - Acidente com Vítima;520;BR-153/GO;Norte;Colisão Traseira;1;;;1;;;;;;;1;1;;;
06/04/2021;21:35:00;539;ac03 - Acidente com Danos Materiais;549,2;BR-262/MG;Leste;Saida de Pista;;;1;;;;;;;;1;;;;
06/04/2021;22:27:00;550;ac02 - Acidente com Vítima;601,8;BR-153/GO;Sul;Colisão Traseira;;;2;;;;;;;;3;1;;;
06/04/2021;22:28:00;551;ac03 - Acidente com Danos Materiais;24;BR-153/MG;Sul;Saida de Pista;1;;;;;;;;;;1;;;;
07/04/2021;10:32:00;261;ac02 - Acidente com Vítima;95;BR-060/GO;Norte;Choque- Placa/Suporte Sinalização;;;;;;;;;;1;0;;1;;
07/04/2021;12:29:00;362;ac02 - Acidente com Vítima;240,559;BR-153/MG;Sul;Capotamento;;;1;;;;;;;;1;1;;;
07/04/2021;14:29:00;445;ac02 - Acidente com Vítima;628;BR-153/GO;Sul;Capotamento;;;;;;;;;;1;0;1;;;
07/04/2021;16:08:00;506;ac03 - Acidente com Danos Materiais;649;BR-262/MG;Leste;Capotamento;;;;;;;;;;1;2;;;;
07/04/2021;16:46:00;527;ac03 - Acidente com Danos Materiais;693;BR-262/MG;Oeste;Colisão Lateral;;;;;;1;;;;1;2;;;;
07/04/2021;17:37:00;554;ac03 - Acidente com Danos Materiais;405;BR-262/MG;Oeste;Saida de Pista;1;;;;;;;;;;2;;;;
07/04/2021;18:19:00;578;ac03 - Acidente com Danos Materiais;511;BR-262/MG;Leste;Saida de Pista;;;1;;;;;;;;1;;;;
07/04/2021;22:17:00;677;ac03 - Acidente com Danos Materiais;28;BR-060/DF;Sul;Saida de Pista;1;;;;;;;;;;3;;;;
07/04/2021;23:08:00;707;ac02 - Acidente com Vítima;501;BR-153/GO;Sul;Saida de Pista;;;;2;;;;;;;0;1;1;;
08/04/2021;02:10:00;31;ac03 - Acidente com Danos Materiais;4;BR-153/MG;Norte;Colisão Traseira;1;;;;;1;;;;;2;;;;
08/04/2021;02:43:00;44;ac03 - Acidente com Danos Materiais;366;BR-262/MG;Oeste;Choque- Placa/Suporte Sinalização;1;;;;;;;;;;1;;;;
08/04/2021;06:44:00;123;ac02 - Acidente com Vítima;79;BR-060/GO;Norte;Queda de Ciclista;;1;;;;;;;;;0;;1;;
08/04/2021;07:24:00;142;ac02 - Acidente com Vítima;624;BR-153/GO;Norte;Saida de Pista;1;;;;;;;;;;1;1;;;
08/04/2021;10:36:00;289;ac03 - Acidente com Danos Materiais;461;BR-262/MG;Leste;Saida de Pista;1;;;;;;;;;;1;;;;
08/04/2021;11:49:00;336;ac03 - Acidente com Danos Materiais;369;BR-262/MG;Leste;Capotamento;;;1;;;;;;;;1;;;;
08/04/2021;12:27:00;352;ac03 - Acidente com Danos Materiais;713;BR-262/MG;Leste;Colisão Traseira;;;1;;;;;;;1;2;;;;
08/04/2021;17:27:00;509;ac01 - Acidente com Vítima Fatal;698,5;BR-262/MG;Leste;Colisão Frontal;1;;1;;;;;;;;0;;;1;1
08/04/2021;17:53:00;523;ac03 - Acidente com Danos Materiais;500;BR-153/GO;Sul;;1;;;;;;;;;1;2;;;;
08/04/2021;18:03:00;526;ac02 - Acidente com Vítima;413;BR-262/MG;Oeste;Colisão Lateral;2;;;;;;;;;;1;1;;;
08/04/2021;23:38:00;669;ac03 - Acidente com Danos Materiais;167,5;BR-153/MG;Sul;Tombamento;;;1;;;1;;;;;2;;;;
09/04/2021;06:26:00;77;ac03 - Acidente com Danos Materiais;368;BR-262/MG;Leste;Colisão Traseira;1;;2;;;;;;;;7;;;;
09/04/2021;14:53:00;472;ac03 - Acidente com Danos Materiais;474;BR-262/MG;Leste;Choque- Poste/Equipamento;1;;;;;;;;;;2;;;;
09/04/2021;17:09:00;607;ac03 - Acidente com Danos Materiais;697;BR-153/GO;Norte;Capotamento;1;;;;;;;;;;1;;;;
09/04/2021;19:30:00;699;ac03 - Acidente com Danos Materiais;694;BR-262/MG;Oeste;;;;2;;;;;;;;2;;;;
10/04/2021;00:07:00;5;ac03 - Acidente com Danos Materiais;2,894;BR-060/DF;Sul;Atropelamento - Andarilho;1;;;;;;;;;;3;;;;
10/04/2021;05:28:00;48;ac02 - Acidente com Vítima;467,9;BR-262/MG;Oeste;Choque - Arvore;1;;;;;;;;;;1;1;;;
10/04/2021;14:39:00;435;ac03 - Acidente com Danos Materiais;123,5;BR-060/GO;Norte;Saida de Pista;1;;1;;;;;;;;2;;;;
10/04/2021;14:55:00;441;ac03 - Acidente com Danos Materiais;601,25;BR-262/MG;Oeste;Saida de Pista;1;;;;;;;;;;1;;;;
10/04/2021;15:27:00;459;ac03 - Acidente com Danos Materiais;443;BR-262/MG;Leste;Colisão Lateral;1;;1;;;;;;;;2;;;;
10/04/2021;16:08:00;476;ac03 - Acidente com Danos Materiais;379,3;BR-262/MG;Leste;Choque - Talude;1;;;;;;;;;;1;;;;
10/04/2021;16:23:00;487;ac03 - Acidente com Danos Materiais;82;BR-060/GO;Norte;Choque - Outros;;;;;1;2;;;;;3;;;;
10/04/2021;16:55:00;542;ac02 - Acidente com Vítima;127;BR-153/MG;Norte;Colisão Traseira;;;2;;;;;;;;2;1;;;
10/04/2021;18:15:00;577;ac03 - Acidente com Danos Materiais;506;BR-153/GO;Sul;Colisão Lateral;;;;2;;;;;;;2;;;;
10/04/2021;19:17:00;607;ac03 - Acidente com Danos Materiais;99;BR-060/GO;Sul;Colisão Traseira;1;;;1;;;;;;;2;;;;
11/04/2021;08:30:00;96;ac02 - Acidente com Vítima;703;BR-153/GO;Sul;Colisão Lateral;1;;;1;;;;;;;1;1;;;
11/04/2021;10:02:00;144;ac03 - Acidente com Danos Materiais;692;BR-262/MG;Leste;Saida de Pista;1;;;;;;;;;;1;;;;
11/04/2021;10:21:00;149;ac03 - Acidente com Danos Materiais;12;BR-060/GO;Sul;Queda de Moto;;;;1;;;;;;;1;;;;
11/04/2021;13:51:00;253;ac03 - Acidente com Danos Materiais;473;BR-262/MG;Leste;Saida de Pista;1;;;;;;;;;;1;;;;
11/04/2021;16:07:00;323;ac02 - Acidente com Vítima;671,677;BR-153/GO;Sul;Tombamento;;;1;;;;;;;;0;1;;;
11/04/2021;16:46:00;348;ac02 - Acidente com Vítima;354;BR-262/MG;Oeste;Colisão Lateral;1;;;1;;;;;;;0;4;;;
11/04/2021;18:56:00;406;ac03 - Acidente com Danos Materiais;32;BR-060/GO;Norte;Colisão Lateral;1;;;1;;;;;;;2;;;;
11/04/2021;22:57:00;518;ac02 - Acidente com Vítima;517;BR-262/MG;Oeste;Colisão Transversal;1;;1;;;;;;;;4;1;1;;
11/04/2021;23:01:00;520;ac02 - Acidente com Vítima;701;BR-153/GO;Norte;Queda de Ciclista;;;;1;;;;;;;0;1;;;
11/04/2021;23:34:00;531;ac02 - Acidente com Vítima;526;BR-153/GO;Norte;Saida de Pista;;;;;;;;;;1;0;1;;;
12/04/2021;00:23:00;4;ac03 - Acidente com Danos Materiais;210;BR-153/MG;Sul;Saida de Pista;1;;;;;;;;;;1;;;;
12/04/2021;02:14:00;26;ac03 - Acidente com Danos Materiais;416;BR-262/MG;Oeste;Tombamento;;;1;;;;;;;;1;;;;
12/04/2021;03:15:00;35;ac03 - Acidente com Danos Materiais;92;BR-060/GO;Sul;Saida de Pista;1;;;;;;;;;;1;;;;
12/04/2021;09:06:00;176;ac03 - Acidente com Danos Materiais;1,6;BR-060/DF;Sul;Colisão Traseira;2;;;;;;;;;;2;;;;
12/04/2021;09:17:00;185;ac02 - Acidente com Vítima;11,68;BR-153/MG;Norte;Capotamento;1;;;;;;;;;;0;1;;;
12/04/2021;10:37:00;271;ac03 - Acidente com Danos Materiais;0,1;BR-153/MG;Norte;Saida de Pista;;;1;;;1;;;;;2;;;;
12/04/2021;11:12:00;299;ac02 - Acidente com Vítima;148;BR-153/MG;Sul;Colisão Traseira;2;;;;;;;;;;0;3;;;
12/04/2021;11:37:00;311;ac03 - Acidente com Danos Materiais;771;BR-262/MG;Leste;Colisão Traseira;;;2;;;;;;;;2;;;;
12/04/2021;12:27:00;342;ac03 - Acidente com Danos Materiais;663,655;BR-262/MG;Leste;Capotamento;;;1;;;;;;;;2;;;;
12/04/2021;13:15:00;366;ac03 - Acidente com Danos Materiais;499;BR-153/GO;Sul;Colisão Traseira;1;;;1;;;;;;;2;;;;
12/04/2021;15:17:00;420;ac03 - Acidente com Danos Materiais;402;BR-262/MG;Leste;Capotamento;1;;;;;;;;;;3;;;;
12/04/2021;15:33:00;428;ac03 - Acidente com Danos Materiais;657;BR-262/MG;Oeste;Atropelamento - Ciclista;1;1;;;;;;;;;2;;;;
12/04/2021;16:00:00;441;ac02 - Acidente com Vítima;27;BR-153/MG;Norte;Colisão Lateral;;;1;1;;;;;;;1;;;1;
12/04/2021;17:20:00;491;ac03 - Acidente com Danos Materiais;439;BR-262/MG;Leste;Queda de Moto;;;;1;;;;;;;1;;;;
12/04/2021;17:23:00;494;ac03 - Acidente com Danos Materiais;74;BR-060/GO;Sul;Carreta deu L;;;1;;;;;;;;1;;;;
12/04/2021;18:30:00;525;ac03 - Acidente com Danos Materiais;508;BR-153/GO;Norte;Engavetamento;3;;;;;;;;;;3;;;;
12/04/2021;19:58:00;565;ac03 - Acidente com Danos Materiais;505;BR-153/GO;Norte;Choque - Defensa;2;;;;;;;;;;2;;;;
13/04/2021;00:58:00;16;ac01 - Acidente com Vítima Fatal;383;BR-262/MG;Oeste;Atropelamento - Andarilho;;;1;;;;;;;;1;;;;1
13/04/2021;01:39:00;30;ac03 - Acidente com Danos Materiais;43,5;BR-060/GO;Norte;Colisão Lateral;1;;;;;1;;;;;2;;;;
13/04/2021;08:23:00;137;ac02 - Acidente com Vítima;472,982;BR-262/MG;Oeste;Choque - Barreira;;;2;;;;;;;;2;;1;;
13/04/2021;09:42:00;179;ac02 - Acidente com Vítima;575,2;BR-262/MG;Oeste;Tombamento;;;1;;;;;;;;0;1;;;
13/04/2021;09:58:00;200;ac03 - Acidente com Danos Materiais;694;BR-262/MG;Oeste;Colisão Traseira;;;2;;;;;;;;2;;;;
13/04/2021;17:39:00;418;ac03 - Acidente com Danos Materiais;501;BR-153/GO;Norte;Colisão Traseira;;;2;;;;;;;;2;;;;
13/04/2021;18:59:00;456;ac03 - Acidente com Danos Materiais;685;BR-153/GO;Sul;Colisão Traseira;;;1;;;;;;;1;8;;;;
14/04/2021;00:09:00;3;ac02 - Acidente com Vítima;65,5;BR-060/GO;Sul;Queda de Moto;;;;1;;;;;;;0;1;1;;
14/04/2021;05:15:00;34;ac03 - Acidente com Danos Materiais;355,9;BR-262/MG;Leste;Capotamento;;;1;;;;;;;;1;;;;
14/04/2021;06:43:00;48;ac03 - Acidente com Danos Materiais;96;BR-060/GO;Sul;Colisão Lateral;1;;1;;;;;;;;2;;;;
14/04/2021;06:49:00;52;ac03 - Acidente com Danos Materiais;653,8;BR-262/MG;Leste;Choque - Elemento de Drenagem;1;;;;;;;;;;1;;;;
14/04/2021;07:45:00;76;ac03 - Acidente com Danos Materiais;501,7;BR-153/GO;Sul;Colisão Traseira;2;;;;;;;;;;2;;;;
14/04/2021;07:49:00;78;ac03 - Acidente com Danos Materiais;876,8;BR-262/MG;Leste;Colisão Lateral;1;;;;;;;;;1;2;;;;
14/04/2021;07:53:00;80;ac03 - Acidente com Danos Materiais;508,4;BR-262/MG;Leste;Colisão Traseira;;;2;;;;;;;;2;;;;
14/04/2021;09:14:00;168;ac02 - Acidente com Vítima;461;BR-262/MG;Leste;Colisão Lateral;;;1;1;;;;;;;1;1;;;
14/04/2021;10:52:00;224;ac03 - Acidente com Danos Materiais;360;BR-262/MG;Leste;Colisão Traseira;;;1;;;;;;;1;2;;;;
14/04/2021;15:26:00;371;ac02 - Acidente com Vítima;755;BR-262/MG;Oeste;Colisão Transversal;;;2;;;;;;;1;2;;1;;
14/04/2021;15:38:00;378;ac03 - Acidente com Danos Materiais;10,9;BR-153/MG;Sul;Colisão Traseira;1;;1;;;;;;;;2;;;;
14/04/2021;16:05:00;389;ac03 - Acidente com Danos Materiais;106;BR-153/MG;Norte;Capotamento;1;;;;;;;;;;2;;;;
14/04/2021;19:35:00;483;ac03 - Acidente com Danos Materiais;687,5;BR-262/MG;Oeste;Saida de Pista;;;1;;;;;;;;2;;;;
14/04/2021;21:41:00;533;ac03 - Acidente com Danos Materiais;534,9;BR-153/GO;Sul;Saida de Pista;;;1;;;2;;;;;3;;;;
15/04/2021;03:18:00;28;ac02 - Acidente com Vítima;190;BR-153/MG;Sul;Saida de Pista;;;1;;;;;;;;1;1;;;
15/04/2021;07:03:00;63;ac02 - Acidente com Vítima;500,95;BR-153/GO;Sul;Colisão Traseira;1;;;1;;;;;;;2;;1;;
15/04/2021;07:20:00;73;ac02 - Acidente com Vítima;499,3;BR-153/GO;Sul;Colisão Traseira;1;;;1;;;;;;;1;;1;;
15/04/2021;07:43:00;87;ac03 - Acidente com Danos Materiais;499,25;BR-153/GO;Sul;Colisão Traseira;2;;;;;;;;;;2;;;;
15/04/2021;10:48:00;193;ac03 - Acidente com Danos Materiais;501;BR-153/GO;Sul;Colisão Traseira;2;;;;;;;;;;2;;;;
15/04/2021;13:38:00;283;ac03 - Acidente com Danos Materiais;496;BR-153/GO;Sul;Engavetamento;3;;;;;;;;;;3;;;;
15/04/2021;13:40:00;287;ac03 - Acidente com Danos Materiais;618;BR-153/GO;Norte;Saida de Pista;;;;;;;;;;1;3;;;;
15/04/2021;17:13:00;389;ac02 - Acidente com Vítima;443;BR-262/MG;Leste;Colisão Lateral;;1;;1;;;;;;;2;1;;;
15/04/2021;17:45:00;410;ac03 - Acidente com Danos Materiais;12;BR-060/GO;Sul;Colisão Lateral;1;;1;;;;;;;;2;;;;
15/04/2021;18:24:00;432;ac03 - Acidente com Danos Materiais;505;BR-153/GO;Sul;Engavetamento;3;;;;;;;;;;3;;;;
15/04/2021;19:49:00;494;ac03 - Acidente com Danos Materiais;544;BR-153/GO;Sul;Tombamento;;;1;;;;;;;;1;;;;
16/04/2021;00:05:00;5;ac03 - Acidente com Danos Materiais;532;BR-153/GO;Sul;Colisão Frontal;1;;1;;;;;;;;2;;;;
16/04/2021;07:10:00;103;ac03 - Acidente com Danos Materiais;508;BR-153/GO;Sul;Colisão Traseira;;;;2;;;;;;;2;;;;
16/04/2021;07:44:00;123;ac03 - Acidente com Danos Materiais;509;BR-153/GO;Norte;Engavetamento;2;;1;;1;;;;;;7;;;;
16/04/2021;09:13:00;168;ac03 - Acidente com Danos Materiais;789;BR-262/MG;Leste;Colisão Lateral;;;2;;;;;;;;3;;;;
16/04/2021;09:20:00;174;ac03 - Acidente com Danos Materiais;494,5;BR-153/GO;Sul;Colisão Traseira;2;;;;;;;;;;5;;;;
16/04/2021;10:32:00;218;ac03 - Acidente com Danos Materiais;88,5;BR-060/GO;Sul;Colisão Traseira;2;;;;;;;;;;2;;;;
16/04/2021;11:07:00;239;ac03 - Acidente com Danos Materiais;675;BR-153/GO;Sul;Saida de Pista;1;;;;;;;;;;3;;;;
16/04/2021;11:45:00;263;ac02 - Acidente com Vítima;789,7;BR-262/MG;Oeste;Tombamento;;;1;;;;;;;;0;1;;;
16/04/2021;13:06:00;300;ac02 - Acidente com Vítima;630,8;BR-262/MG;Leste;Colisão Frontal;1;;2;;;;;;;;1;1;1;1;
16/04/2021;14:12:00;319;ac02 - Acidente com Vítima;875;BR-262/MG;Leste;Atropelamento - Usuário;1;;;;;;;;;;0;2;;;
16/04/2021;14:26:00;323;ac03 - Acidente com Danos Materiais;501,3;BR-262/MG;Leste;Saida de Pista;;;2;;;;;;;;2;;;;
16/04/2021;15:26:00;346;ac03 - Acidente com Danos Materiais;438;BR-262/MG;Leste;Colisão Traseira;2;;;;;;;;;;2;;;;
16/04/2021;16:01:00;365;ac03 - Acidente com Danos Materiais;443;BR-262/MG;Leste;Colisão Traseira;2;;;;;;;;;;2;;;;
16/04/2021;16:45:00;384;ac02 - Acidente com Vítima;397;BR-262/MG;Oeste;Colisão Lateral;2;;;;;;;;;;2;1;;;
16/04/2021;18:45:00;451;ac02 - Acidente com Vítima;235;BR-153/MG;Norte;Tombamento;;;1;;;;;;;;0;1;;;
16/04/2021;18:46:00;453;ac03 - Acidente com Danos Materiais;396;BR-262/MG;Oeste;Queda de Moto;;;;1;;;;;;;1;;;;
16/04/2021;18:50:00;457;ac02 - Acidente com Vítima;390;BR-262/MG;Oeste;Capotamento;1;;;;;;;;;;3;1;;;
16/04/2021;19:08:00;470;ac03 - Acidente com Danos Materiais;129;BR-153/MG;Sul;Colisão Traseira;2;;;;;;;;;;2;;;;
16/04/2021;21:23:00;531;ac03 - Acidente com Danos Materiais;147;BR-153/MG;Sul;Saida de Pista;;;1;;;;;;;;1;;;;
16/04/2021;21:25:00;535;ac03 - Acidente com Danos Materiais;479;BR-262/MG;Oeste;Atropelamento de Animal;;;1;;;;;;;;1;;;;
17/04/2021;07:38:00;79;ac03 - Acidente com Danos Materiais;535,5;BR-153/GO;Sul;Capotamento;;;;;;;;;;1;1;;;;
17/04/2021;08:27:00;106;ac03 - Acidente com Danos Materiais;0,2;BR-153/MG;Norte;Choque - Defensa;;;1;;;;;;;;1;;;;
17/04/2021;11:44:00;208;ac03 - Acidente com Danos Materiais;102;BR-060/GO;Norte;Colisão Traseira;1;;1;;;;;;;;2;;;;
17/04/2021;14:25:00;269;ac02 - Acidente com Vítima;226;BR-153/MG;Sul;Tombamento;;;1;;;;;;;;0;1;;;
17/04/2021;16:26:00;327;ac03 - Acidente com Danos Materiais;107;BR-060/GO;Sul;Choque - Cancela de Pedagio;;;;;;;;;;1;1;;;;
17/04/2021;18:59:00;390;ac02 - Acidente com Vítima;366;BR-262/MG;Leste;Saida de Pista;1;;;;;;;;;;0;1;;;
17/04/2021;21:44:00;441;ac03 - Acidente com Danos Materiais;505;BR-153/GO;Norte;Colisão Traseira;1;;;1;;;;;;;2;;;;
17/04/2021;22:49:00;461;ac03 - Acidente com Danos Materiais;129;BR-060/GO;Sul;Saida de Pista;1;;;;;;;;;;1;;;;
17/04/2021;23:02:00;462;ac03 - Acidente com Danos Materiais;813;BR-262/MG;Oeste;Queda de Moto;;;;1;;;;;;;1;;;;
18/04/2021;00:50:00;6;ac02 - Acidente com Vítima;72,283;BR-060/GO;Sul;Colisão Frontal;;;;1;;;;;;1;4;;1;;
18/04/2021;04:39:00;24;ac02 - Acidente com Vítima;494,809;BR-153/GO;Norte;Colisão Frontal;;;1;1;;;;;;;1;;;1;
18/04/2021;06:46:00;41;ac03 - Acidente com Danos Materiais;0,1;BR-153/MG;Sul;Choque - Defensa;1;;;;;;;;;;4;;;;
18/04/2021;08:49:00;88;ac02 - Acidente com Vítima;411;BR-262/MG;Oeste;Queda de Moto;;;1;1;;;;;;;1;1;;;
18/04/2021;09:56:00;120;ac02 - Acidente com Vítima;59;BR-060/GO;Norte;Queda de Moto;;;;1;;;;;;;0;;;1;
18/04/2021;14:36:00;242;ac02 - Acidente com Vítima;408,924;BR-262/MG;Leste;Queda de Moto;;;;1;;;;;;;1;1;;;
18/04/2021;15:30:00;271;ac03 - Acidente com Danos Materiais;99;BR-060/GO;Norte;Engavetamento;3;;;;;;;;;;3;;;;
18/04/2021;15:56:00;278;ac03 - Acidente com Danos Materiais;635;BR-262/MG;Oeste;Choque - Talude;1;;;;;;;;;;1;;;;
18/04/2021;16:41:00;292;ac02 - Acidente com Vítima;576,2;BR-262/MG;Leste;Tombamento;;;1;;;;;;;;1;;1;;
18/04/2021;17:00:00;305;ac02 - Acidente com Vítima;507,9;BR-153/GO;Norte;Colisão Lateral;1;;;2;;;;;;;2;;1;;
18/04/2021;18:23:00;335;ac03 - Acidente com Danos Materiais;533;BR-153/GO;Norte;Saida de Pista;1;;;;;;;;;;1;;;;
18/04/2021;18:39:00;346;ac03 - Acidente com Danos Materiais;96,457;BR-060/GO;Norte;Capotamento;1;;;;;;;;;;1;;;;
18/04/2021;18:46:00;348;ac02 - Acidente com Vítima;436;BR-262/MG;Leste;Colisão Traseira;;;1;;;;;;;1;1;;1;;