data;horario;n_da_ocorrencia;tipo_de_ocorrencia;km;trecho;sentido;tipo_de_acidente;automovel;bicicleta;caminhao;moto;onibus;outros;tracao_animal;transporte_de_cargas_especiais;trator_maquinas;utilitarios;ilesos;levemente_feridos;moderadamente_feridos;gravemente_feridos;mortos
18/04/2021;19:09:00;358;ac02 - Acidente com Vítima;604;BR-153/GO;Norte;Capotamento;;;;;;;;;;1;0;1;;;
18/04/2021;19:28:00;366;ac02 - Acidente com Vítima;99,093;BR-060/GO;Sul;Tombamento;;;1;;;;;;;;0;;;1;
18/04/2021;20:07:00;388;ac03 - Acidente com Danos Materiais;871;BR-262/MG;Oeste;Saida de Pista;1;;;;;;;;;;1;;;;
18/04/2021;20:12:00;392;ac02 - Acidente com Vítima;405;BR-262/MG;Leste;Saida de Pista;1;;;;;;;;;;0;;;1;
18/04/2021;21:58:00;427;ac02 - Acidente com Vítima;107,363;BR-060/GO;Norte;Colisão Traseira;1;;;1;;;;;;;1;1;;;
19/04/2021;06:37:00;47;ac03 - Acidente com Danos Materiais;144;BR-153/MG;Norte;Saida de Pista;;;1;;;;;;;;1;;;;
19/04/2021;12:06:00;260;ac03 - Acidente com Danos Materiais;367;BR-262/MG;Leste;Colisão Traseira;1;;;;;;;;;1;2;;;;
19/04/2021;13:29:00;299;ac03 - Acidente com Danos Materiais;435;BR-262/MG;Leste;Queda de Moto;1;;;;;;;;;;1;;;;
19/04/2021;14:12:00;329;ac02 - Acidente com Vítima;398;BR-262/MG;Oeste;Capotamento;1;;;;;;;;;;0;1;1;;
19/04/2021;14:22:00;338;ac03 - Acidente com Danos Materiais;99;BR-060/GO;Sul;Colisão Traseira;2;;;;;;;;;;2;;;;
19/04/2021;14:39:00;349;ac03 - Acidente com Danos Materiais;738;BR-262/MG;Leste;Colisão Traseira;;;2;;;;;;;;3;;;;
19/04/2021;15:34:00;373;ac02 - Acidente com Vítima;106;BR-060/GO;Sul;Capotamento;;;;;;;;;;1;0;1;;;
19/04/2021;15:44:00;375;ac03 - Acidente com Danos Materiais;28;BR-060/DF;Norte;Capotamento;1;;;;;;;;;;1;;;;
19/04/2021;16:50:00;403;ac03 - Acidente com Danos Materiais;587;BR-262/MG;Leste;Saida de Pista;;;1;;;;;;;;2;;;;
19/04/2021;19:14:00;476;ac03 - Acidente com Danos Materiais;95;BR-060/GO;Norte;Saida de Pista;;;1;;;2;;;;;3;;;;
19/04/2021;19:32:00;483;ac02 - Acidente com Vítima;820;BR-262/MG;Oeste;Colisão Transversal;1;;1;;;;;;;;1;1;;;
19/04/2021;20:42:00;507;ac03 - Acidente com Danos Materiais;362;BR-262/MG;Leste;Colisão Traseira;2;;;;;;;;;;3;;;;
20/04/2021;02:05:00;46;ac03 - Acidente com Danos Materiais;614;BR-262/MG;Oeste;Colisão Transversal;;;2;;;1;;;;;3;;;;
20/04/2021;04:51:00;77;ac03 - Acidente com Danos Materiais;575;BR-153/GO;Norte;Tombamento;;;1;;;;;;;;1;;;;
20/04/2021;07:42:00;159;ac03 - Acidente com Danos Materiais;507;BR-153/GO;Norte;Engavetamento;3;;;;;;;;;;4;;;;
20/04/2021;08:56:00;215;ac03 - Acidente com Danos Materiais;502;BR-153/GO;Sul;Engavetamento;3;;;;;;;;;;4;;;;
20/04/2021;10:56:00;322;ac02 - Acidente com Vítima;359;BR-262/MG;Oeste;Capotamento;1;;;;;;;;;;0;1;;;
20/04/2021;11:10:00;328;ac03 - Acidente com Danos Materiais;700;BR-262/MG;Oeste;Colisão Traseira;;;2;;;;;;;;2;;;;
20/04/2021;17:22:00;581;ac02 - Acidente com Vítima;17;BR-153/MG;Norte;Colisão Lateral;2;;;;;;;;;;1;2;;;
20/04/2021;20:21:00;662;ac03 - Acidente com Danos Materiais;82;BR-060/GO;Sul;Saida de Pista;1;;;;;;;;;;1;;;;
20/04/2021;22:09:00;696;ac03 - Acidente com Danos Materiais;529;BR-153/GO;Norte;Tombamento;;;1;;;;;;;;1;;;;
21/04/2021;04:02:00;56;ac03 - Acidente com Danos Materiais;885;BR-262/MG;Oeste;Saida de Pista;1;;;;;;;;;;1;;;;
21/04/2021;06:59:00;91;ac03 - Acidente com Danos Materiais;778;BR-262/MG;Oeste;Saida de Pista;;;1;;;2;;;;;3;;;;
21/04/2021;07:02:00;92;ac02 - Acidente com Vítima;513,676;BR-153/GO;Norte;Colisão Traseira;1;;;1;;;;;;;1;;;1;
21/04/2021;08:02:00;123;ac03 - Acidente com Danos Materiais;505;BR-153/GO;Norte;Colisão Traseira;2;;;;;;;;;;2;;;;
21/04/2021;09:13:00;163;ac03 - Acidente com Danos Materiais;531,818;BR-153/GO;Sul;Capotamento;1;;;;;;;;;;2;;;;
21/04/2021;10:34:00;207;ac02 - Acidente com Vítima;492;BR-262/MG;Oeste;Colisão Transversal;1;;1;;;;;;;;1;1;2;;
21/04/2021;10:38:00;210;ac03 - Acidente com Danos Materiais;138;BR-060/GO;Sul;Colisão Lateral;;;1;;;1;;;;;2;;;;
21/04/2021;10:46:00;214;ac03 - Acidente com Danos Materiais;188;BR-153/MG;Norte;Saida de Pista;;;2;;;;;;;;2;;;;
21/04/2021;11:23:00;237;ac02 - Acidente com Vítima;449,8;BR-262/MG;Oeste;Choque - Defensa;1;;;;;;;;;;0;1;;;
21/04/2021;11:25:00;240;ac03 - Acidente com Danos Materiais;835;BR-262/MG;Leste;Tombamento;1;;;;;;;;;;4;;;;
21/04/2021;14:49:00;306;ac03 - Acidente com Danos Materiais;504;BR-153/GO;Sul;;;;;1;;;;;;;1;;;;
21/04/2021;20:22:00;481;ac03 - Acidente com Danos Materiais;506,403;BR-153/GO;Sul;Colisão Traseira;1;;1;;;;;;;;2;;;;
21/04/2021;20:36:00;492;ac03 - Acidente com Danos Materiais;2,5;BR-060/DF;Sul;Colisão Lateral;2;;;;;;;;;;2;;;;
22/04/2021;06:55:00;55;ac02 - Acidente com Vítima;104,4;BR-060/GO;Norte;Colisão Traseira;;;;1;;1;;;;;1;;1;;
22/04/2021;07:33:00;95;ac02 - Acidente com Vítima;506;BR-153/GO;Norte;Colisão Lateral;;;;1;;1;;;;;2;1;;;
22/04/2021;09:38:00;207;ac03 - Acidente com Danos Materiais;95;BR-060/GO;Sul;Colisão Transversal;;;2;;;;;;;;2;;;;
22/04/2021;12:17:00;284;ac03 - Acidente com Danos Materiais;110;BR-060/GO;Norte;Capotamento;1;;;;;;;;;;1;;;;
22/04/2021;18:36:00;469;ac03 - Acidente com Danos Materiais;499,1;BR-153/GO;Norte;Colisão Traseira;1;;;1;;;;;;;2;;;;
23/04/2021;04:59:00;70;ac03 - Acidente com Danos Materiais;76,5;BR-060/GO;Norte;Colisão Traseira;;;2;;;;;;;;2;;;;
23/04/2021;05:38:00;83;ac03 - Acidente com Danos Materiais;444;BR-262/MG;Leste;Queda de Moto;;;;1;;;;;;;2;;;;
23/04/2021;06:22:00;89;ac03 - Acidente com Danos Materiais;650,5;BR-153/GO;Sul;Capotamento;1;;;;;1;;;;;5;;;;
23/04/2021;08:05:00;141;ac03 - Acidente com Danos Materiais;789;BR-262/MG;Oeste;Colisão Lateral;;;2;;;;;;;;2;;;;
23/04/2021;14:30:00;387;ac03 - Acidente com Danos Materiais;734;BR-262/MG;Oeste;Saida de Pista;;;1;;;;;;;;1;;;;
23/04/2021;15:13:00;414;ac03 - Acidente com Danos Materiais;506;BR-153/GO;Sul;Colisão Lateral;;;;1;;;;;;1;2;;;;
23/04/2021;15:27:00;422;ac03 - Acidente com Danos Materiais;110;BR-060/GO;Norte;Saida de Pista;1;;;;;;;;;;5;;;;
23/04/2021;15:33:00;427;ac03 - Acidente com Danos Materiais;500,2;BR-153/GO;Sul;Colisão Traseira;1;;1;;;;;;;;2;;;;
23/04/2021;17:37:00;503;ac02 - Acidente com Vítima;445;BR-262/MG;Leste;Colisão Traseira;1;;;1;;;;;;;1;2;;;
23/04/2021;17:42:00;506;ac03 - Acidente com Danos Materiais;682;BR-153/GO;Sul;Capotamento;1;;;;;;;;;;2;;;;
23/04/2021;18:38:00;536;ac02 - Acidente com Vítima;513;BR-153/GO;Norte;Colisão Traseira;;;;2;;;;;;;0;1;1;;
23/04/2021;19:32:00;564;ac03 - Acidente com Danos Materiais;458;BR-262/MG;Oeste;Colisão Traseira;2;;;;;;;;;;3;;;;
24/04/2021;01:29:00;17;ac02 - Acidente com Vítima;354;BR-262/MG;Leste;Atropelamento de Animal;;;;1;;;;;;;0;;1;;
24/04/2021;05:20:00;45;ac01 - Acidente com Vítima Fatal;44;BR-153/MG;Norte;Atropelamento - Andarilho;;;1;;;;;;;;1;;;;1
24/04/2021;06:30:00;57;ac03 - Acidente com Danos Materiais;516;BR-262/MG;Oeste;Colisão Traseira;;;2;;;;;;;;2;;;;
24/04/2021;08:31:00;142;ac03 - Acidente com Danos Materiais;44;BR-153/MG;Norte;Colisão Traseira;1;;1;;;;;;;;5;;;;
24/04/2021;08:46:00;151;ac03 - Acidente com Danos Materiais;86;BR-153/MG;Sul;Tombamento;;;1;;;2;;;;;3;;;;
24/04/2021;10:00:00;206;ac03 - Acidente com Danos Materiais;647;BR-262/MG;Oeste;Tombamento;;;1;;;;;;;;1;;;;
24/04/2021;10:22:00;223;ac03 - Acidente com Danos Materiais;647,5;BR-262/MG;Oeste;Engavetamento;1;;3;;;;;;;;4;;;;
24/04/2021;14:49:00;353;ac03 - Acidente com Danos Materiais;18;BR-060/GO;Sul;Colisão Traseira;;;2;;;;;;;;3;;;;
24/04/2021;15:47:00;382;ac03 - Acidente com Danos Materiais;405;BR-262/MG;Leste;Colisão Traseira;1;;;;;;;;;;1;;;;
24/04/2021;17:09:00;418;ac02 - Acidente com Vítima;515;BR-153/GO;Norte;Colisão Lateral;1;;;1;;;;;;;1;;1;;
24/04/2021;18:35:00;465;ac02 - Acidente com Vítima;435;BR-262/MG;Leste;Atropelamento - Ciclista;1;1;;;;;;;;;1;1;;;
25/04/2021;03:20:00;29;ac03 - Acidente com Danos Materiais;17;BR-153/MG;Sul;Tombamento;;;1;;;;;;;;1;;;;
25/04/2021;05:30:00;51;ac03 - Acidente com Danos Materiais;634,7;BR-153/GO;Norte;Saida de Pista;1;;;;;;;;;;1;;;;
25/04/2021;07:56:00;102;ac02 - Acidente com Vítima;422,35;BR-262/MG;Leste;Colisão Transversal;;;1;1;;;;;;;1;;;1;
25/04/2021;09:04:00;132;ac03 - Acidente com Danos Materiais;763;BR-262/MG;Leste;;1;;;;;;;;;;1;;;;
25/04/2021;09:18:00;135;ac03 - Acidente com Danos Materiais;514,12;BR-262/MG;Leste;Saida de Pista;;;2;;;;;;;;2;;;;
25/04/2021;09:31:00;138;ac01 - Acidente com Vítima Fatal;454,03;BR-262/MG;Leste;Colisão Traseira;1;;1;;;;;;;;0;;;1;1
25/04/2021;11:16:00;241;ac02 - Acidente com Vítima;27,212;BR-060/GO;Sul;Queda de Ciclista;;;;1;;;;;;;0;1;;;
25/04/2021;12:46:00;267;ac03 - Acidente com Danos Materiais;611;BR-262/MG;Leste;Objeto lançado contra veículo;1;;1;;;;;;;;2;;;;
25/04/2021;13:55:00;290;ac03 - Acidente com Danos Materiais;145;BR-153/MG;Sul;Tombamento;;;1;;;;;;;;1;;;;
25/04/2021;17:06:00;342;ac03 - Acidente com Danos Materiais;789;BR-262/MG;Leste;Colisão Traseira;1;;1;;;;;;;;5;;;;
25/04/2021;18:10:00;371;ac03 - Acidente com Danos Materiais;439,2;BR-262/MG;Leste;Colisão Lateral;;;;2;;;;;;;2;;;;
26/04/2021;00:52:00;16;ac02 - Acidente com Vítima;130;BR-060/GO;Sul;Colisão Traseira;;;2;;;;;;;;1;1;;;
26/04/2021;04:13:00;55;ac02 - Acidente com Vítima;512;BR-153/GO;Norte;Atropelamento de Animal;;;;1;;;;;;;1;1;;;
26/04/2021;05:42:00;68;ac02 - Acidente com Vítima;779;BR-262/MG;Leste;Choque - Arvore;;;;1;;;;;;;0;;1;;
26/04/2021;07:44:00;123;ac03 - Acidente com Danos Materiais;603;BR-153/GO;Sul;Queda de Ciclista;;;;1;;;;;;;1;;;;
26/04/2021;08:01:00;131;ac02 - Acidente com Vítima;500;BR-153/GO;Sul;Colisão Lateral;1;;;1;;;;;;;1;1;;;
26/04/2021;08:52:00;161;ac03 - Acidente com Danos Materiais;92;BR-060/GO;Norte;Colisão Traseira;1;;;1;;;;;;;2;;;;
26/04/2021;09:47:00;213;ac03 - Acidente com Danos Materiais;368,3;BR-262/MG;Leste;Choque - Elemento de Drenagem;1;;1;;;;;;;;2;;;;
26/04/2021;12:43:00;298;ac02 - Acidente com Vítima;406,25;BR-262/MG;Leste;Capotamento;1;;;;;;;;;;2;;1;;
26/04/2021;05:42:00;312;ac03 - Acidente com Danos Materiais;779;BR-262/MG;Leste;Choque - Arvore;1;;;;;;;;;;1;;;;
26/04/2021;05:42:00;315;ac03 - Acidente com Danos Materiais;779;BR-262/MG;Leste;Choque - Arvore;1;;;;;;;;;;1;;;;
26/04/2021;14:25:00;341;ac02 - Acidente com Vítima;551;BR-153/GO;Sul;Capotamento;1;;;;;;;;;;0;1;;;
26/04/2021;15:53:00;386;ac03 - Acidente com Danos Materiais;99;BR-060/GO;Norte;Colisão Traseira;;;2;;;;;;;;3;;;;
26/04/2021;17:14:00;449;ac03 - Acidente com Danos Materiais;802;BR-262/MG;Leste;Queda de Moto;;;;1;;;;;;;1;;;;
26/04/2021;17:58:00;470;ac03 - Acidente com Danos Materiais;501,9;BR-153/GO;Sul;Engavetamento;3;;;;;;;;;;3;;;;
27/04/2021;03:20:00;27;ac03 - Acidente com Danos Materiais;63;BR-153/MG;Norte;Colisão Traseira;;;2;;;;;;;;2;;;;
27/04/2021;07:38:00;81;ac03 - Acidente com Danos Materiais;405;BR-262/MG;Oeste;Colisão Traseira;;;1;;;;;;;1;22;;;;
27/04/2021;09:09:00;148;ac02 - Acidente com Vítima;708;BR-262/MG;Oeste;Capotamento;1;;;;;;;;;;2;1;;;
27/04/2021;10:43:00;218;ac02 - Acidente com Vítima;678,5;BR-153/GO;Sul;Capotamento;1;;;;;;;;;;0;1;;;
27/04/2021;11:15:00;238;ac03 - Acidente com Danos Materiais;500;BR-153/GO;Sul;Engavetamento;4;;;;;;;;;;4;;;;
27/04/2021;11:15:00;269;ac03 - Acidente com Danos Materiais;500;BR-153/GO;Sul;Engavetamento;2;;;;;;;;;;2;;;;
27/04/2021;13:56:00;339;ac03 - Acidente com Danos Materiais;531,5;BR-262/MG;Oeste;Saida de Pista;;;;;;;;;;1;1;;;;
27/04/2021;14:15:00;352;ac02 - Acidente com Vítima;382;BR-262/MG;Oeste;Capotamento;;;;;;;;;;1;1;1;;;
28/04/2021;00:16:00;3;ac02 - Acidente com Vítima;368;BR-262/MG;Oeste;Saida de Pista;;;1;;;;;;;;0;;1;;
28/04/2021;05:26:00;41;ac03 - Acidente com Danos Materiais;53;BR-060/GO;Sul;Tombamento;;;1;;;;;;;;1;;;;
28/04/2021;07:47:00;76;ac02 - Acidente com Vítima;495;BR-153/GO;Sul;Colisão Traseira;1;;1;;;;;;;;1;1;;;
28/04/2021;07:53:00;79;ac03 - Acidente com Danos Materiais;509;BR-153/GO;Norte;Colisão Traseira;1;;;1;;;;;;;2;;;;
28/04/2021;11:51:00;267;ac03 - Acidente com Danos Materiais;96;BR-153/MG;Norte;Saida de Pista;1;;;;;;;;;;6;;;;
28/04/2021;13:07:00;295;ac03 - Acidente com Danos Materiais;52;BR-060/GO;Sul;Choque- Poste/Equipamento;1;;;;;;;;;;1;;;;
28/04/2021;14:20:00;338;ac02 - Acidente com Vítima;623;BR-153/GO;Norte;Capotamento;1;;;;;;;;;;1;1;1;1;
28/04/2021;14:46:00;346;ac03 - Acidente com Danos Materiais;381,5;BR-262/MG;Leste;Queda de Moto;;;;1;;;;;;;1;;;;
28/04/2021;16:31:00;393;ac03 - Acidente com Danos Materiais;480;BR-262/MG;Leste;Colisão Traseira;;;;;;;;;;2;3;;;;
28/04/2021;19:12:00;469;ac03 - Acidente com Danos Materiais;32;BR-060/GO;Sul;Colisão Transversal;2;;;;;;;;;;3;;;;
28/04/2021;19:31:00;480;ac03 - Acidente com Danos Materiais;383;BR-262/MG;Oeste;Colisão Lateral;2;;;;;;;;;;2;;;;
28/04/2021;23:06:00;543;ac03 - Acidente com Danos Materiais;913;BR-262/MG;Oeste;Saida de Pista;;;1;;;1;;;;;2;;;;
29/04/2021;00:56:00;21;ac03 - Acidente com Danos Materiais;46;BR-060/GO;Sul;Colisão Traseira;;;2;;;;;;;;2;;;;
29/04/2021;05:06:00;57;ac03 - Acidente com Danos Materiais;3;BR-060/GO;Norte;Choque - Talude;1;;;;;;;;;;2;;;;
29/04/2021;05:57:00;80;ac03 - Acidente com Danos Materiais;6,848;BR-060/GO;Norte;Atropelamento de Animal;1;;2;;;;;;;;3;;;;
29/04/2021;07:52:00;129;ac03 - Acidente com Danos Materiais;42;BR-153/MG;Norte;Colisão Frontal;;;;;;;;;;2;3;;;;
29/04/2021;08:13:00;138;ac02 - Acidente com Vítima;105;BR-153/MG;Sul;Choque - Talude;1;;;;;;;;;;0;1;;;
29/04/2021;09:11:00;179;ac02 - Acidente com Vítima;95,445;BR-060/GO;Sul;Colisão Traseira;1;;;1;;;;;;;1;1;;;
29/04/2021;09:15:00;183;ac02 - Acidente com Vítima;95,392;BR-060/GO;Sul;Engavetamento;4;;;1;;;;;;;4;1;;;
29/04/2021;10:18:00;218;ac03 - Acidente com Danos Materiais;124;BR-153/MG;Norte;Saida de Pista;;;1;;;;;;;;1;;;;
29/04/2021;13:39:00;341;ac03 - Acidente com Danos Materiais;505,6;BR-153/GO;Sul;Colisão Lateral;1;;1;;;;;;;;2;;;;
29/04/2021;14:07:00;360;ac03 - Acidente com Danos Materiais;770;BR-262/MG;Leste;Colisão Traseira;2;;;;;;;;;;4;;;;
30/04/2021;00:56:00;18;ac03 - Acidente com Danos Materiais;46,1;BR-153/MG;Norte;Colisão Traseira;1;;1;;;;;;;;2;;;;
30/04/2021;07:32:00;96;ac02 - Acidente com Vítima;364,35;BR-262/MG;Leste;Colisão Traseira;1;;1;;;;;;;;1;;2;;
30/04/2021;08:06:00;112;ac03 - Acidente com Danos Materiais;677,4;BR-153/GO;Sul;Tombamento;;;1;;;;;;;;1;;;;
30/04/2021;13:50:00;334;ac03 - Acidente com Danos Materiais;129;BR-060/GO;Sul;Saida de Pista;1;;;;;;;;;;1;;;;
30/04/2021;14:38:00;352;ac03 - Acidente com Danos Materiais;119;BR-060/GO;Sul;Carreta deu L;;;1;;;;;;;;1;;;;
30/04/2021;15:46:00;394;ac03 - Acidente com Danos Materiais;113,5;BR-060/GO;Sul;Tombamento;;;1;;;;;;;;2;;;;
30/04/2021;16:02:00;400;ac02 - Acidente com Vítima;28;BR-060/DF;Norte;Capotamento;1;;;;;;;;;;1;1;;;
30/04/2021;16:23:00;409;ac03 - Acidente com Danos Materiais;508;BR-153/GO;Sul;Colisão Traseira;;;1;;;;;;;1;2;;;;
30/04/2021;17:24:00;440;ac02 - Acidente com Vítima;45,921;BR-060/GO;Norte;Saida de Pista;;;;;;;;;;1;0;1;;;
30/04/2021;17:49:00;443;ac03 - Acidente com Danos Materiais;101;BR-060/GO;Norte;Colisão Lateral;1;;1;;;;;;;;2;;;;
30/04/2021;19:18:00;490;ac03 - Acidente com Danos Materiais;17;BR-153/MG;Sul;Saida de Pista;1;;;;;;;;;;2;;;;
30/04/2021;19:57:00;511;ac03 - Acidente com Danos Materiais;371;BR-262/MG;Leste;Tombamento;;;1;;;;;;;;1;;;;
30/04/2021;20:08:00;516;ac02 - Acidente com Vítima;791;BR-262/MG;Oeste;Queda de Moto;;;;1;;;;;;;0;;1;;
01/05/2021;01:20:00;17;ac03 - Acidente com Danos Materiais;393;BR-262/MG;Leste;Saida de Pista;1;;;;;;;;;;2;;;;
01/05/2021;01:36:00;20;ac03 - Acidente com Danos Materiais;96,7;BR-060/GO;Sul;Saida de Pista;1;;;;;;;;;;1;;;;
01/05/2021;05:31:00;50;ac02 - Acidente com Vítima;893;BR-262/MG;Leste;Colisão Traseira;;;1;;;;;;1;;1;1;;;
01/05/2021;05:51:00;52;ac02 - Acidente com Vítima;582;BR-262/MG;Leste;Capotamento;;;;;;;;;;1;0;3;;;
01/05/2021;08:31:00;106;ac02 - Acidente com Vítima;232;BR-153/MG;Sul;Queda de Ciclista;;1;;;;;;;;;0;1;;;
01/05/2021;08:53:00;118;ac03 - Acidente com Danos Materiais;364;BR-262/MG;Leste;Carreta deu L;;;1;;;;;;;;1;;;;
01/05/2021;09:19:00;134;ac02 - Acidente com Vítima;359;BR-262/MG;Oeste;Queda de Moto;;;;1;;;;;;;0;1;1;;
01/05/2021;13:29:00;262;ac02 - Acidente com Vítima;86;BR-060/GO;Norte;Queda de Moto;;;;1;;;;;;;0;1;;;
01/05/2021;16:50:00;361;ac03 - Acidente com Danos Materiais;651;BR-262/MG;Leste;Saida de Pista;1;;;;;;;;;;1;;;;
01/05/2021;18:20:00;394;ac02 - Acidente com Vítima;439,9;BR-262/MG;Oeste;Queda de Moto;;;;1;;;;;;;0;;;1;
01/05/2021;19:50:00;445;ac03 - Acidente com Danos Materiais;94;BR-060/GO;Norte;Queda de Ciclista;;;1;1;;;;;;;2;;;;
01/05/2021;22:29:00;503;ac03 - Acidente com Danos Materiais;513;BR-153/GO;Norte;Capotamento;1;;;;;;;;;;1;;;;
02/05/2021;10:06:00;222;ac03 - Acidente com Danos Materiais;377;BR-262/MG;Leste;Colisão Traseira;2;;;2;;;;;;;5;;;;
02/05/2021;11:36:00;291;ac02 - Acidente com Vítima;507,476;BR-153/GO;Sul;Queda de Moto;;;;1;;;;;;;0;1;;;
02/05/2021;12:08:00;308;ac02 - Acidente com Vítima;379;BR-262/MG;Leste;Queda de Moto;;;;1;;;;;;;1;1;;;
02/05/2021;12:17:00;310;ac02 - Acidente com Vítima;788;BR-262/MG;Oeste;Saida de Pista;1;;1;;;;;;;;1;2;;;
02/05/2021;14:28:00;392;ac03 - Acidente com Danos Materiais;29;BR-060/DF;Norte;Atropelamento - Esportista/Romeiro;;;;;;;;;;1;2;;;;
02/05/2021;15:10:00;407;ac03 - Acidente com Danos Materiais;3;BR-060/DF;Norte;Colisão Traseira;3;;;;;;;;;;3;;;;
02/05/2021;17:25:00;455;ac03 - Acidente com Danos Materiais;463;BR-262/MG;Leste;Colisão Traseira;2;;;;;;;;;;3;;;;
02/05/2021;17:47:00;468;ac03 - Acidente com Danos Materiais;366;BR-262/MG;Oeste;Saida de Pista;1;;1;;;;;;;;5;;;;
02/05/2021;18:53:00;505;ac02 - Acidente com Vítima;508,471;BR-153/GO;Sul;Queda de Moto;;;;1;;;;;;;0;1;;;
02/05/2021;20:31:00;551;ac03 - Acidente com Danos Materiais;401;BR-262/MG;Oeste;Saida de Pista;;;1;;;;;;;;1;;;;
02/05/2021;21:13:00;571;ac03 - Acidente com Danos Materiais;28;BR-060/DF;Sul;Colisão Traseira;1;;;;;;;;;1;7;;;;
02/05/2021;21:22:00;575;ac03 - Acidente com Danos Materiais;822,5;BR-262/MG;Oeste;Saida de Pista;1;;;;;;;;;;1;;;;
03/05/2021;06:32:00;65;ac03 - Acidente com Danos Materiais;410;BR-262/MG;Oeste;Capotamento;1;;;;;;;;;;1;;;;
03/05/2021;06:46:00;70;ac02 - Acidente com Vítima;2;BR-060/DF;Sul;Colisão Traseira;1;;;1;;;;;;;1;;1;;
03/05/2021;07:12:00;79;ac02 - Acidente com Vítima;3,964;BR-060/DF;Sul;Colisão Traseira;2;;;;;;;;;;1;1;;;
03/05/2021;07:46:00;93;ac02 - Acidente com Vítima;502;BR-153/GO;Norte;Queda de Moto;1;;;1;;;;;;;1;;2;;
03/05/2021;07:58:00;99;ac03 - Acidente com Danos Materiais;494;BR-153/GO;Sul;Colisão Traseira;3;;;;;;;;;;3;;;;
03/05/2021;08:06:00;105;ac02 - Acidente com Vítima;18;BR-060/GO;Norte;Capotamento;1;;;;;;;;;;0;;2;;
03/05/2021;08:27:00;115;ac02 - Acidente com Vítima;495,5;BR-153/GO;Norte;Colisão Lateral;1;;;1;;;;;;;1;1;;;
03/05/2021;09:01:00;136;ac02 - Acidente com Vítima;496;BR-153/GO;Norte;Colisão Lateral;2;;;1;;;;;;;2;1;;;
03/05/2021;10:12:00;177;ac02 - Acidente com Vítima;673;BR-153/GO;Sul;Capotamento;1;;;;;;;;;;1;3;;;
03/05/2021;12:39:00;288;ac03 - Acidente com Danos Materiais;3;BR-060/DF;Sul;Colisão Lateral;1;;1;;;;;;;;2;;;;
03/05/2021;14:14:00;328;ac02 - Acidente com Vítima;492;BR-262/MG;Leste;Colisão Transversal;2;;;;;;;;;;2;3;;;
03/05/2021;14:25:00;335;ac03 - Acidente com Danos Materiais;670,169;BR-153/GO;Norte;Tombamento;;;1;;;;;;;;2;;;;
03/05/2021;15:15:00;359;ac02 - Acidente com Vítima;502,8;BR-153/GO;Sul;Queda de Ciclista;;;;1;;;;;;;0;1;;;
03/05/2021;17:17:00;413;ac03 - Acidente com Danos Materiais;9,8;BR-153/MG;Sul;Colisão Traseira;;;2;;;;;;;;2;;;;
03/05/2021;17:39:00;423;ac03 - Acidente com Danos Materiais;14;BR-153/MG;Sul;Tombamento;;;1;;;;;;;;1;;;;
03/05/2021;19:22:00;453;ac03 - Acidente com Danos Materiais;97,8;BR-153/MG;Sul;Saida de Pista;;;1;;;;;;;;1;;;;
03/05/2021;19:37:00;460;ac02 - Acidente com Vítima;506,8;BR-153/GO;Sul;Queda de Moto;;;;1;;;;;;;0;;2;;
04/05/2021;07:41:00;111;ac02 - Acidente com Vítima;501,8;BR-153/GO;Norte;Engavetamento;2;;1;1;;;;;;1;5;1;;;
04/05/2021;07:42:00;113;ac01 - Acidente com Vítima Fatal;0;BR-060/DF;Norte;Colisão Traseira;1;;;1;;;;;;;0;4;;;1
04/05/2021;07:53:00;126;ac02 - Acidente com Vítima;500,8;BR-153/GO;Sul;Colisão Traseira;;;;2;;;;;;;1;;;1;
04/05/2021;09:10:00;182;ac03 - Acidente com Danos Materiais;497;BR-153/GO;Sul;Colisão Traseira;2;;;;;;;;;;2;;;;
04/05/2021;11:04:00;254;ac03 - Acidente com Danos Materiais;621;BR-153/GO;Sul;Capotamento;1;;1;;;;;;;;3;;;;
04/05/2021;11:46:00;275;ac03 - Acidente com Danos Materiais;368,177;BR-262/MG;Leste;Capotamento;1;;;;;;;;;;1;;;;
04/05/2021;12:16:00;287;ac03 - Acidente com Danos Materiais;501;BR-153/GO;Sul;Colisão Lateral;1;;;1;;;;;;;2;;;;
04/05/2021;13:03:00;315;ac02 - Acidente com Vítima;11,513;BR-060/DF;Sul;Capotamento;1;;;;;1;;;;;1;3;;;