data;horario;n_da_ocorrencia;tipo_de_ocorrencia;km;trecho;sentido;tipo_de_acidente;automovel;bicicleta;caminhao;moto;onibus;outros;tracao_animal;transporte_de_cargas_especiais;trator_maquinas;utilitarios;ilesos;levemente_feridos;moderadamente_feridos;gravemente_feridos;mortos
20/06/2021;22:40:00;408;ac02 - Acidente com Vítima;514,142;BR-153/GO;Norte;Queda de Moto;;;;1;;;;;;;0;1;;;
20/06/2021;23:14:00;418;ac03 - Acidente com Danos Materiais;25;BR-060/GO;Sul;Saida de Pista;1;;;;;;;;;;1;;;;
21/06/2021;00:53:00;15;ac02 - Acidente com Vítima;135,599;BR-060/GO;Norte;Atropelamento de Animal;1;;1;;;;;;;1;2;;1;;
21/06/2021;06:44:00;57;ac03 - Acidente com Danos Materiais;506;BR-262/MG;Oeste;Saida de Pista;;;1;;;;;;;;2;;;;
21/06/2021;06:47:00;58;ac03 - Acidente com Danos Materiais;506;BR-153/GO;Norte;Engavetamento;4;;;;;;;;;;4;;;;
21/06/2021;07:15:00;63;ac03 - Acidente com Danos Materiais;116;BR-060/GO;Norte;Engavetamento;6;;;;;;;;;;6;;;;
21/06/2021;07:34:00;76;ac03 - Acidente com Danos Materiais;507;BR-153/GO;Norte;Engavetamento;3;;;;;;;;;;3;;;;
21/06/2021;07:49:00;83;ac03 - Acidente com Danos Materiais;615,47;BR-262/MG;Leste;Tombamento;;;1;;;;;;;;1;;;;
21/06/2021;08:14:00;99;ac03 - Acidente com Danos Materiais;423;BR-262/MG;Leste;Tombamento;;;2;;;;;;;;4;;;;
21/06/2021;08:21:00;101;ac03 - Acidente com Danos Materiais;557,45;BR-153/GO;Norte;Choque - Outros;;;1;;;;;;;1;2;;;;
21/06/2021;08:35:00;108;ac03 - Acidente com Danos Materiais;364,214;BR-262/MG;Oeste;Choque - Defensa;;;1;;;;;;;;1;;;;
21/06/2021;09:23:00;138;ac02 - Acidente com Vítima;502;BR-153/GO;Sul;Colisão Traseira;1;;;1;;;;;;;1;1;;;
21/06/2021;13:31:00;255;ac03 - Acidente com Danos Materiais;125,5;BR-060/GO;Norte;Objeto lançado contra veículo;1;;;;;;;;;;1;;;;
21/06/2021;18:28:00;386;ac02 - Acidente com Vítima;747;BR-262/MG;Leste;Colisão Lateral;;;1;;;;;;;1;0;1;;1;
21/06/2021;19:28:00;414;ac02 - Acidente com Vítima;615;BR-262/MG;Leste;Colisão Traseira;1;;1;;;;;;;;1;;;1;
21/06/2021;19:59:00;422;ac03 - Acidente com Danos Materiais;615,7;BR-262/MG;Oeste;Colisão Traseira;2;;;;;;;;;;2;;;;
21/06/2021;20:37:00;438;ac02 - Acidente com Vítima;46;BR-153/MG;Sul;Tombamento;;;2;;;2;;;;;3;;;1;
21/06/2021;23:30:00;469;ac03 - Acidente com Danos Materiais;58;BR-153/MG;Sul;Colisão Traseira;;;2;;;;;;;;2;;;;
22/06/2021;07:07:00;74;ac03 - Acidente com Danos Materiais;533,5;BR-262/MG;Leste;Colisão Lateral;1;;1;;;1;;;;;7;;;;
22/06/2021;07:41:00;85;ac03 - Acidente com Danos Materiais;365;BR-262/MG;Leste;Saida de Pista;1;;;;;;;;;;1;;;;
22/06/2021;10:23:00;235;ac03 - Acidente com Danos Materiais;5;BR-060/DF;Sul;Colisão Traseira;1;;;1;;;;;;;4;;;;
22/06/2021;10:32:00;241;ac03 - Acidente com Danos Materiais;679;BR-262/MG;Leste;Colisão Traseira;1;;;;;;;;;1;2;;;;
22/06/2021;11:43:00;272;ac03 - Acidente com Danos Materiais;11,7;BR-153/MG;Norte;Capotamento;;;1;;;1;;;;;2;;;;
22/06/2021;17:28:00;457;ac03 - Acidente com Danos Materiais;447,5;BR-262/MG;Leste;Choque - Objeto sobre a pista;1;;1;;;;;;;;2;;;;
22/06/2021;18:50:00;484;ac02 - Acidente com Vítima;442;BR-262/MG;Leste;Colisão Lateral;;;;2;;;;;;;1;1;;;
23/06/2021;05:40:00;58;ac03 - Acidente com Danos Materiais;138;BR-060/GO;Norte;Colisão Traseira;1;;;;;1;;;;;2;;;;
23/06/2021;07:17:00;90;ac03 - Acidente com Danos Materiais;501;BR-153/GO;Sul;;2;;;;;;;;;;2;;;;
23/06/2021;07:32:00;98;ac03 - Acidente com Danos Materiais;598;BR-262/MG;Oeste;Colisão Transversal;;;2;;;;;;;;2;;;;
23/06/2021;08:04:00;114;ac03 - Acidente com Danos Materiais;104;BR-060/GO;Sul;Colisão Traseira;;;2;;;1;;;;;3;;;;
23/06/2021;10:55:00;231;ac02 - Acidente com Vítima;726;BR-262/MG;Leste;Engavetamento;;;3;;;;;;;;2;1;;;
23/06/2021;11:34:00;246;ac03 - Acidente com Danos Materiais;52;BR-153/MG;Norte;Tombamento;;;2;;;1;;;;;3;;;;
23/06/2021;12:14:00;255;ac03 - Acidente com Danos Materiais;117;BR-060/GO;Norte;Colisão Lateral;2;;;;;;;;;;5;;;;
23/06/2021;13:13:00;274;ac03 - Acidente com Danos Materiais;14,4;BR-060/GO;Norte;Saida de Pista;;;;;;;;;;1;1;;;;
23/06/2021;13:52:00;291;ac03 - Acidente com Danos Materiais;31;BR-060/DF;Sul;Colisão Traseira;2;;;;;;;;;;5;;;;
23/06/2021;17:55:00;428;ac02 - Acidente com Vítima;210;BR-153/MG;Sul;Colisão Traseira;;;;1;;;;;;1;2;1;;;
23/06/2021;22:18:00;567;ac02 - Acidente com Vítima;504;BR-153/GO;Sul;Queda de Moto;;;;1;;;;;;;0;1;1;;
24/06/2021;02:38:00;57;ac03 - Acidente com Danos Materiais;519;BR-153/GO;Sul;Colisão Lateral;;;2;;;;;;;;2;;;;
24/06/2021;07:37:00;131;ac03 - Acidente com Danos Materiais;12;BR-153/MG;Sul;Saida de Pista;1;;;;;;;;;;1;;;;
24/06/2021;10:32:00;230;ac03 - Acidente com Danos Materiais;70;BR-153/MG;Sul;Colisão Lateral;;;1;;;;;;;1;6;;;;
24/06/2021;14:22:00;353;ac03 - Acidente com Danos Materiais;54;BR-060/GO;Norte;Choque - Objeto sobre a pista;1;;;;;;;;;;1;;;;
24/06/2021;15:02:00;367;ac03 - Acidente com Danos Materiais;877;BR-262/MG;Leste;Saida de Pista;;;1;;;;;;;;1;;;;
24/06/2021;16:32:00;400;ac03 - Acidente com Danos Materiais;661,104;BR-153/GO;Sul;Colisão Lateral;;;2;;;;;;;;2;;;;
24/06/2021;17:44:00;424;ac03 - Acidente com Danos Materiais;502,75;BR-153/GO;Norte;Colisão Traseira;1;;1;;;;;;;;2;;;;
24/06/2021;19:40:00;466;ac03 - Acidente com Danos Materiais;43,093;BR-060/GO;Sul;Choque - Veiculo parado na pista;;;1;;;;;;;1;2;;;;
25/06/2021;01:10:00;15;ac02 - Acidente com Vítima;630,377;BR-153/GO;Sul;Saida de Pista;;;;;1;;;;;;32;1;;;
25/06/2021;07:09:00;57;ac03 - Acidente com Danos Materiais;71;BR-060/GO;Sul;Saida de Pista;1;;;;;;;;;;1;;;;
25/06/2021;07:54:00;75;ac03 - Acidente com Danos Materiais;748;BR-262/MG;Leste;;1;;;;;;;;;;1;;;;
25/06/2021;07:58:00;78;ac03 - Acidente com Danos Materiais;702,187;BR-262/MG;Leste;Colisão Lateral;1;;1;;;;;;;;2;;;;
25/06/2021;08:05:00;81;ac02 - Acidente com Vítima;500,55;BR-153/GO;Sul;Colisão Traseira;1;;;1;;;;;;;2;1;;;
25/06/2021;09:09:00;107;ac03 - Acidente com Danos Materiais;358;BR-262/MG;Oeste;Choque - Talude;1;;;;;;;;;;1;;;;
25/06/2021;12:05:00;221;ac02 - Acidente com Vítima;851,226;BR-262/MG;Leste;Choque - Arvore;1;;;;;;;;;;0;;1;;
25/06/2021;14:45:00;305;ac03 - Acidente com Danos Materiais;14,491;BR-060/GO;Norte;Tombamento;;;1;;;;;;;;1;;;;
25/06/2021;14:46:00;306;ac03 - Acidente com Danos Materiais;419;BR-262/MG;Oeste;;;;1;;;;;;;;1;;;;
25/06/2021;15:48:00;353;ac03 - Acidente com Danos Materiais;682;BR-153/GO;Norte;Saida de Pista;1;;;;;1;;;;1;4;;;;
25/06/2021;17:36:00;407;ac03 - Acidente com Danos Materiais;107;BR-060/GO;Sul;;3;;;;;;;;;;3;;;;
25/06/2021;20:00:00;483;ac02 - Acidente com Vítima;465;BR-262/MG;Leste;Choque - Veiculo parado no acostamento;1;;1;;;;;;;;0;3;;;
25/06/2021;20:18:00;488;ac03 - Acidente com Danos Materiais;496,417;BR-153/GO;Norte;Choque - Objeto sobre a pista;;;;1;;;;;;;1;;;;
25/06/2021;20:20:00;491;ac01 - Acidente com Vítima Fatal;700;BR-153/GO;Sul;Colisão Frontal;;;;1;;;;;;1;1;;;;1
25/06/2021;20:28:00;495;ac02 - Acidente com Vítima;439;BR-262/MG;Leste;Queda de Moto;;;;1;;;;;;;0;;1;;
25/06/2021;20:55:00;502;ac03 - Acidente com Danos Materiais;405;BR-262/MG;Leste;Saida de Pista;1;;;;;;;;;;1;;;;
26/06/2021;01:29:00;28;ac03 - Acidente com Danos Materiais;789,4;BR-262/MG;Leste;Colisão Traseira;1;;1;;;;;;;;2;;;;
26/06/2021;03:27:00;47;ac03 - Acidente com Danos Materiais;135,769;BR-060/GO;Sul;Atropelamento de Animal;1;;;;;;;;;;1;;;;
26/06/2021;03:44:00;51;ac03 - Acidente com Danos Materiais;633;BR-153/GO;Norte;Choque - Elemento de Drenagem;1;;;;;;;;;;1;;;;
26/06/2021;08:21:00;120;ac03 - Acidente com Danos Materiais;134;BR-153/MG;Norte;Saida de Pista;;;1;;;;;;;;1;;;;
26/06/2021;12:56:00;269;ac03 - Acidente com Danos Materiais;635;BR-262/MG;Leste;Queda de Moto;;;;1;;;;;;;1;;;;
26/06/2021;13:10:00;275;ac03 - Acidente com Danos Materiais;427;BR-262/MG;Oeste;Saida de Pista;1;;;;;;;;;;1;;;;
26/06/2021;14:01:00;287;ac02 - Acidente com Vítima;2;BR-060/DF;Sul;Queda de Moto;;;;1;;;;;;;0;;;1;
26/06/2021;14:06:00;288;ac03 - Acidente com Danos Materiais;3;BR-060/GO;Sul;Colisão Traseira;;;2;;;;;;;;2;;;;
26/06/2021;16:04:00;349;ac02 - Acidente com Vítima;136;BR-060/GO;Norte;Queda de Moto;;;;1;;;;;;;0;1;;;
26/06/2021;16:25:00;361;ac03 - Acidente com Danos Materiais;876;BR-262/MG;Leste;Colisão Traseira;1;;;;;;;;;1;2;;;;
26/06/2021;17:17:00;381;ac02 - Acidente com Vítima;11;BR-060/GO;Norte;Colisão Traseira;1;;;1;;;;;;;1;2;;;
26/06/2021;18:17:00;409;ac03 - Acidente com Danos Materiais;577;BR-153/GO;Norte;Capotamento;1;;;;;;;;;;1;;;;
26/06/2021;18:27:00;413;ac02 - Acidente com Vítima;493;BR-153/GO;Norte;Colisão Traseira;;;;1;;1;;;;;1;1;;;
26/06/2021;18:50:00;421;ac03 - Acidente com Danos Materiais;367;BR-262/MG;Leste;Colisão Lateral;1;;;;;1;;;;;4;;;;
26/06/2021;22:50:00;521;ac03 - Acidente com Danos Materiais;512;BR-153/GO;Norte;Queda de Ciclista;;;;1;;;;;;;2;;;;
26/06/2021;23:30:00;536;ac02 - Acidente com Vítima;27;BR-060/GO;Sul;Capotamento;1;;;;;;;;;;2;3;;;
27/06/2021;09:20:00;162;ac03 - Acidente com Danos Materiais;9;BR-060/DF;Sul;Capotamento;1;;;;;;;;;;2;;;;
27/06/2021;15:33:00;347;ac03 - Acidente com Danos Materiais;1;BR-153/MG;Sul;Colisão Lateral;1;;1;;;1;;;;;3;;;;
27/06/2021;15:41:00;353;ac03 - Acidente com Danos Materiais;450;BR-262/MG;Leste;Colisão Traseira;;;2;;;;;;;;2;;;;
27/06/2021;17:16:00;418;ac03 - Acidente com Danos Materiais;801;BR-262/MG;Leste;Capotamento;1;;;;;;;;;;2;;;;
27/06/2021;17:38:00;431;ac02 - Acidente com Vítima;95;BR-060/GO;Sul;Capotamento;1;;;;;;;;;;1;;1;;
27/06/2021;18:48:00;473;ac02 - Acidente com Vítima;494;BR-153/GO;Sul;Colisão Traseira;1;;;1;;;;;;;2;1;;;
27/06/2021;18:59:00;483;ac03 - Acidente com Danos Materiais;119;BR-060/GO;Norte;Saida de Pista;1;;;;;;;;;;1;;;;
27/06/2021;19:34:00;502;ac01 - Acidente com Vítima Fatal;39;BR-060/GO;Norte;Capotamento;;;;;;;;;;1;0;;;;1
27/06/2021;20:57:00;539;ac03 - Acidente com Danos Materiais;800;BR-262/MG;Oeste;Queda de Moto;;;;1;;;;;;;1;;;;
27/06/2021;22:18:00;573;ac03 - Acidente com Danos Materiais;40;BR-060/GO;Norte;Engavetamento;2;;1;;;;;;;;3;;;;
28/06/2021;06:24:00;70;ac03 - Acidente com Danos Materiais;137,81;BR-060/GO;Norte;Capotamento;1;;;;;;;;;;1;;;;
28/06/2021;06:54:00;76;ac02 - Acidente com Vítima;58,5;BR-153/MG;Norte;Colisão Traseira;1;;;;;;;;;1;1;1;;;
28/06/2021;08:00:00;107;ac03 - Acidente com Danos Materiais;96,8;BR-060/GO;Sul;Engavetamento;4;;;;;;;;;;4;;;;
28/06/2021;08:22:00;115;ac03 - Acidente com Danos Materiais;96,8;BR-060/GO;Sul;Colisão Traseira;1;;;1;;;;;;;2;;;;
28/06/2021;09:39:00;161;ac02 - Acidente com Vítima;136;BR-060/GO;Norte;Colisão Frontal;2;;;;;;;;;;1;;1;;
28/06/2021;09:54:00;172;ac03 - Acidente com Danos Materiais;363,6;BR-262/MG;Oeste;Colisão Lateral;1;;1;;;;;;;;2;;;;
28/06/2021;10:57:00;222;ac03 - Acidente com Danos Materiais;108;BR-060/GO;Norte;Colisão Traseira;1;;;;;;;;;1;2;;;;
28/06/2021;11:13:00;238;ac03 - Acidente com Danos Materiais;108;BR-060/GO;Sul;Colisão Traseira;;;;;;;;;;2;2;;;;
28/06/2021;13:33:00;357;ac03 - Acidente com Danos Materiais;5;BR-060/DF;Sul;Colisão Traseira;1;;;;;;;;;1;2;;;;
28/06/2021;13:49:00;361;ac03 - Acidente com Danos Materiais;514,2;BR-153/GO;Norte;Colisão Lateral;2;;;;;;;;;;2;;;;
28/06/2021;17:05:00;480;ac03 - Acidente com Danos Materiais;543;BR-262/MG;Leste;Saida de Pista;1;;;;;;;;;;4;;;;
28/06/2021;18:20:00;501;ac03 - Acidente com Danos Materiais;0,5;BR-060/DF;Sul;Colisão Lateral;1;;;1;;1;;;;;3;;;;
29/06/2021;07:07:00;50;ac03 - Acidente com Danos Materiais;428;BR-262/MG;Leste;Colisão Traseira;;;2;;;;;;;;3;;;;
29/06/2021;07:27:00;57;ac02 - Acidente com Vítima;512;BR-153/GO;Sul;Colisão Traseira;;1;1;;;;;;;;1;1;;;
29/06/2021;11:56:00;197;ac02 - Acidente com Vítima;22,3;BR-153/MG;Sul;Capotamento;1;;;;;;;;;;0;;1;;
29/06/2021;12:20:00;205;ac02 - Acidente com Vítima;557;BR-153/GO;Norte;Colisão Traseira;1;;;;;1;;;;;1;1;;;
29/06/2021;13:31:00;235;ac02 - Acidente com Vítima;518,5;BR-153/GO;Norte;Capotamento;1;;;;;;;;;;1;1;;;
29/06/2021;13:45:00;242;ac03 - Acidente com Danos Materiais;69;BR-060/GO;Sul;Saida de Pista;1;;;;;;;;;;1;;;;
29/06/2021;16:25:00;299;ac02 - Acidente com Vítima;813;BR-262/MG;Leste;Queda de Moto;;;;1;;;;;;;0;2;;;
29/06/2021;18:29:00;346;ac03 - Acidente com Danos Materiais;494;BR-153/GO;Sul;Colisão Traseira;1;;1;;;;;;;;4;;;;
29/06/2021;23:22:00;437;ac03 - Acidente com Danos Materiais;95;BR-060/GO;Sul;Choque - Defensa;1;;;;;;;;;;1;;;;
30/06/2021;01:08:00;10;ac03 - Acidente com Danos Materiais;58;BR-153/MG;Sul;Carreta deu L;;;1;;;;;;;;1;;;;
30/06/2021;07:13:00;48;ac03 - Acidente com Danos Materiais;3;BR-060/GO;Norte;Tombamento;;;1;;;;;;;;2;;;;
30/06/2021;07:42:00;64;ac03 - Acidente com Danos Materiais;504,5;BR-262/MG;Leste;Capotamento;1;;;;;1;;;;;2;;;;
30/06/2021;14:54:00;287;ac03 - Acidente com Danos Materiais;527;BR-153/GO;Sul;Colisão Traseira;;;2;;;;;;;;2;;;;
30/06/2021;16:12:00;326;ac03 - Acidente com Danos Materiais;95;BR-060/GO;Sul;;1;;;1;;;;;;;2;;;;
30/06/2021;16:41:00;340;ac03 - Acidente com Danos Materiais;81;BR-153/MG;Norte;Saida de Pista;1;;;;;;;;;;1;;;;
30/06/2021;16:42:00;341;ac03 - Acidente com Danos Materiais;493;BR-153/GO;Sul;Colisão Traseira;1;;1;;;1;;;;;3;;;;
30/06/2021;17:37:00;385;ac03 - Acidente com Danos Materiais;425;BR-262/MG;Oeste;Colisão Traseira;3;;;;;;;;;;6;;;;
30/06/2021;17:56:00;388;ac03 - Acidente com Danos Materiais;554;BR-262/MG;Leste;Saida de Pista;;;1;;;;;;;;1;;;;
30/06/2021;18:30:00;399;ac03 - Acidente com Danos Materiais;501;BR-153/GO;Sul;Engavetamento;3;;;;;;;;;;3;;;;
30/06/2021;18:38:00;403;ac03 - Acidente com Danos Materiais;659;BR-262/MG;Leste;Choque - Outros;;;2;;;;;;;;2;;;;
30/06/2021;19:00:00;413;ac03 - Acidente com Danos Materiais;499;BR-153/GO;Sul;Colisão Lateral;;;;;;1;;;;1;4;;;;
30/06/2021;19:25:00;427;ac03 - Acidente com Danos Materiais;500,5;BR-153/GO;Sul;Colisão Transversal;1;;1;;;;;;;;2;;;;
30/06/2021;20:02:00;440;ac03 - Acidente com Danos Materiais;500;BR-153/GO;Sul;Colisão Traseira;1;;;;;1;;;;;2;;;;
01/07/2021;01:46:00;38;ac03 - Acidente com Danos Materiais;136;BR-060/GO;Norte;Saida de Pista;1;;;;;;;;;;1;;;;
01/07/2021;07:33:00;153;ac03 - Acidente com Danos Materiais;0;BR-060/DF;Norte;Engavetamento;3;;;;;;;;;;4;;;;
01/07/2021;09:29:00;233;ac03 - Acidente com Danos Materiais;225;BR-153/MG;Norte;Saida de Pista;1;;;;;;;;;;1;;;;
01/07/2021;14:05:00;407;ac03 - Acidente com Danos Materiais;89;BR-060/GO;Norte;Colisão Lateral;1;;1;;;;;;;;2;;;;
02/07/2021;02:57:00;57;ac02 - Acidente com Vítima;137,65;BR-060/GO;Sul;Saida de Pista;;;1;;;;;;;;2;1;;;
02/07/2021;06:35:00;97;ac03 - Acidente com Danos Materiais;143;BR-153/MG;Norte;Colisão Lateral;;;1;;;;;;;;1;;;;
02/07/2021;07:37:00;116;ac03 - Acidente com Danos Materiais;115;BR-060/GO;Sul;Queda de Ciclista;;;;1;;;;;;;1;;;;
02/07/2021;08:46:00;152;ac03 - Acidente com Danos Materiais;724;BR-262/MG;Oeste;Capotamento;1;;;;;;;;;;1;;;;
02/07/2021;13:48:00;365;ac03 - Acidente com Danos Materiais;101;BR-060/GO;Sul;Colisão Traseira;;;;1;;1;;;;;2;;;;
02/07/2021;16:47:00;437;ac03 - Acidente com Danos Materiais;685,8;BR-153/GO;Sul;Colisão Traseira;2;;;;;;;;;;2;;;;
02/07/2021;18:02:00;473;ac03 - Acidente com Danos Materiais;815;BR-262/MG;Leste;Colisão Traseira;2;;;;;;;;;;5;;;;
02/07/2021;18:17:00;479;ac03 - Acidente com Danos Materiais;73;BR-060/GO;Sul;Queda de Moto;;;;1;;;;;;;1;;;;
02/07/2021;21:21:00;551;ac02 - Acidente com Vítima;361;BR-262/MG;Oeste;Queda de Moto;;;;1;;;;;;;0;;1;;
03/07/2021;07:19:00;103;ac03 - Acidente com Danos Materiais;402;BR-262/MG;Oeste;Capotamento;1;;;;;;;;;;2;;;;
03/07/2021;07:59:00;117;ac03 - Acidente com Danos Materiais;405;BR-262/MG;Leste;Saida de Pista;1;;;;;;;;;;1;;;;
03/07/2021;10:42:00;262;ac03 - Acidente com Danos Materiais;596;BR-153/GO;Sul;Tombamento;;;1;;;;;;;;1;;;;
03/07/2021;11:34:00;277;ac02 - Acidente com Vítima;36;BR-153/MG;Sul;Capotamento;1;;;;;;;;;;0;1;1;;
03/07/2021;20:41:00;526;ac03 - Acidente com Danos Materiais;428;BR-262/MG;Leste;Queda de Moto;;;;1;;;;;;;1;;;;
03/07/2021;21:27:00;538;ac03 - Acidente com Danos Materiais;28;BR-060/DF;Sul;Choque- Placa/Suporte Sinalização;1;;;;;;;;;;1;;;;
04/07/2021;00:42:00;12;ac03 - Acidente com Danos Materiais;527;BR-153/GO;Sul;Capotamento;1;;;;;;;;;;1;;;;
04/07/2021;01:16:00;18;ac03 - Acidente com Danos Materiais;608;BR-153/GO;Sul;Colisão Traseira;1;;;;;1;;;;;2;;;;
04/07/2021;06:13:00;79;ac03 - Acidente com Danos Materiais;508;BR-262/MG;Oeste;Capotamento;1;;;;;;;;;;1;;;;
04/07/2021;14:47:00;300;ac03 - Acidente com Danos Materiais;359;BR-262/MG;Leste;Colisão Traseira;2;;;;;;;;;;2;;;;
04/07/2021;15:32:00;321;ac03 - Acidente com Danos Materiais;796;BR-262/MG;Oeste;Queda de Moto;;;;1;;;;;;;1;;;;
04/07/2021;17:11:00;372;ac02 - Acidente com Vítima;519;BR-262/MG;Oeste;Tombamento;;;1;;;;;;;;0;1;;;
04/07/2021;17:47:00;393;ac02 - Acidente com Vítima;864;BR-262/MG;Leste;Choque - Submarino;1;;;;;;;;;;1;1;;;
04/07/2021;18:15:00;403;ac02 - Acidente com Vítima;21,5;BR-060/GO;Norte;Choque - Elemento de Drenagem;2;;;;;;;;;;2;;1;;
04/07/2021;18:33:00;409;ac01 - Acidente com Vítima Fatal;581,9;BR-153/GO;Norte;Choque - Arvore;1;;;;;;;;;;0;2;;2;2
04/07/2021;18:51:00;415;ac02 - Acidente com Vítima;15;BR-060/GO;Norte;Colisão Traseira;2;;;;;;;;;;4;;1;;
04/07/2021;19:03:00;421;ac03 - Acidente com Danos Materiais;371;BR-262/MG;Oeste;Colisão Traseira;;;;1;;1;;;;;2;;;;
04/07/2021;19:05:00;423;ac02 - Acidente com Vítima;456;BR-262/MG;Leste;Colisão Traseira;1;;;1;;;;;;;2;1;;;
04/07/2021;20:00:00;449;ac01 - Acidente com Vítima Fatal;533;BR-153/GO;Norte;Queda de Moto;;;;1;;2;;;;;2;;;;1
04/07/2021;20:31:00;458;ac01 - Acidente com Vítima Fatal;244;BR-153/MG;Sul;Colisão Lateral;1;;;1;;;;;;;1;;;;1
04/07/2021;21:33:00;479;ac03 - Acidente com Danos Materiais;745;BR-262/MG;Leste;Colisão Traseira;1;;;;;1;;;;;2;;;;
04/07/2021;21:35:00;480;ac02 - Acidente com Vítima;509;BR-153/GO;Sul;Choque - Veiculo parado na pista;1;;;1;;;;;;;1;1;;;
04/07/2021;21:39:00;482;ac02 - Acidente com Vítima;400;BR-262/MG;Oeste;Choque - Defensa;;;;1;;;;;;;0;;;1;
04/07/2021;21:49:00;486;ac02 - Acidente com Vítima;29;BR-060/GO;Sul;Colisão Traseira;;;1;;;;;;;1;1;;1;;
05/07/2021;05:12:00;43;ac03 - Acidente com Danos Materiais;638;BR-153/GO;Sul;Choque - Elemento de Drenagem;1;;;;;;;;;;3;;;;
05/07/2021;06:32:00;65;ac02 - Acidente com Vítima;504,5;BR-153/GO;Norte;Colisão Traseira;;;;2;;;;;;;0;1;1;;
05/07/2021;06:44:00;68;ac03 - Acidente com Danos Materiais;430;BR-262/MG;Oeste;Colisão Traseira;1;;1;;;;;;;;2;;;;
05/07/2021;06:55:00;72;ac03 - Acidente com Danos Materiais;30;BR-060/GO;Norte;Capotamento;1;;;;;;;;;;1;;;;
05/07/2021;07:44:00;101;ac02 - Acidente com Vítima;647;BR-262/MG;Oeste;Colisão Traseira;1;;;;;;;;;;0;;1;;
05/07/2021;12:36:00;358;ac03 - Acidente com Danos Materiais;118;BR-060/GO;Norte;Queda de Moto;1;;;1;;;;;;;2;;;;
05/07/2021;14:28:00;402;ac03 - Acidente com Danos Materiais;10,8;BR-060/DF;Norte;Colisão Traseira;1;;1;;;;;;;;5;;;;
05/07/2021;16:08:00;432;ac02 - Acidente com Vítima;42;BR-060/GO;Norte;Capotamento;1;;;;;;;;;;0;;1;;
05/07/2021;16:11:00;434;ac03 - Acidente com Danos Materiais;633,5;BR-153/GO;Norte;Colisão Traseira;;;2;;;;;;;;2;;;;
05/07/2021;16:20:00;440;ac03 - Acidente com Danos Materiais;573;BR-262/MG;Oeste;Saida de Pista;1;;;;;;;;;;1;;;;
05/07/2021;20:34:00;570;ac02 - Acidente com Vítima;476;BR-262/MG;Oeste;Colisão Lateral;1;;1;;;;;;;;3;1;;;
05/07/2021;23:51:00;650;ac03 - Acidente com Danos Materiais;97,6;BR-060/GO;Sul;Colisão Lateral;1;;;;;1;;;;;2;;;;
06/07/2021;11:07:00;239;ac03 - Acidente com Danos Materiais;553;BR-153/GO;Sul;Colisão Traseira;2;;;;;;;;;;2;;;;
06/07/2021;11:08:00;240;ac02 - Acidente com Vítima;53;BR-060/GO;Sul;Saida de Pista;1;;;;1;;;;;;1;;1;;
06/07/2021;11:41:00;258;ac03 - Acidente com Danos Materiais;497,512;BR-153/GO;Sul;Queda de Moto;;;;1;;;;;;;2;;;;
06/07/2021;14:49:00;358;ac03 - Acidente com Danos Materiais;138;BR-060/GO;Sul;Colisão Lateral;2;;;;;;;;;;2;;;;
06/07/2021;16:48:00;416;ac02 - Acidente com Vítima;18;BR-060/DF;Sul;Queda de Ciclista;;1;;;;;;;;;0;;1;;
06/07/2021;18:35:00;455;ac02 - Acidente com Vítima;4;BR-060/DF;Sul;Colisão Lateral;1;;;1;;;;;;;1;2;;;
07/07/2021;03:53:00;51;ac03 - Acidente com Danos Materiais;532;BR-262/MG;Oeste;Tombamento;;;1;;;;;;;;1;;;;
07/07/2021;05:07:00;60;ac03 - Acidente com Danos Materiais;491;BR-153/GO;Norte;Choque - Defensa;1;;;;;;;;;;2;;;;
07/07/2021;08:09:00;104;ac03 - Acidente com Danos Materiais;670;BR-153/GO;Sul;Colisão Lateral;2;;;;;;;;;;2;;;;
07/07/2021;09:41:00;194;ac03 - Acidente com Danos Materiais;578,8;BR-153/GO;Sul;Colisão Traseira;2;;;;;;;;;;7;;;;
07/07/2021;09:42:00;195;ac03 - Acidente com Danos Materiais;43;BR-060/GO;Norte;Colisão Traseira;1;;1;;;;;;;;2;;;;
07/07/2021;15:39:00;449;ac03 - Acidente com Danos Materiais;490,5;BR-153/GO;Sul;Capotamento;1;;;;;;;;;;1;;;;