data;horario;n_da_ocorrencia;tipo_de_ocorrencia;km;trecho;sentido;tipo_de_acidente;automovel;bicicleta;caminhao;moto;onibus;outros;tracao_animal;transporte_de_cargas_especiais;trator_maquinas;utilitarios;ilesos;levemente_feridos;moderadamente_feridos;gravemente_feridos;mortos
07/07/2021;16:56:00;480;ac03 - Acidente com Danos Materiais;88;BR-060/GO;Sul;Colisão Lateral;1;;;;;1;;;;;6;;;;
07/07/2021;18:23:00;524;ac03 - Acidente com Danos Materiais;446;BR-262/MG;Leste;Colisão Transversal;1;;1;;;;;;;;2;;;;
07/07/2021;20:12:00;574;ac02 - Acidente com Vítima;516;BR-153/GO;Norte;Colisão Traseira;;;;1;;1;;;;;1;;;1;
08/07/2021;06:29:00;44;ac03 - Acidente com Danos Materiais;625;BR-153/GO;Sul;Saida de Pista;1;;;;;;;;;;2;;;;
08/07/2021;07:38:00;66;ac03 - Acidente com Danos Materiais;500;BR-153/GO;Sul;Colisão Lateral;;;1;1;;;;;;;2;;;;
08/07/2021;07:51:00;71;ac03 - Acidente com Danos Materiais;499,7;BR-153/GO;Sul;Engavetamento;4;;;;;;;;;1;7;;;;
08/07/2021;08:07:00;79;ac03 - Acidente com Danos Materiais;503;BR-153/GO;Norte;Colisão Traseira;1;;;;;;;;;1;2;;;;
08/07/2021;09:36:00;115;ac03 - Acidente com Danos Materiais;496;BR-153/GO;Sul;Colisão Traseira;1;;;;;;;;;1;2;;;;
08/07/2021;13:58:00;267;ac03 - Acidente com Danos Materiais;515;BR-153/GO;Norte;Colisão Lateral;;;;;;;;;;1;2;;;;
08/07/2021;17:17:00;382;ac03 - Acidente com Danos Materiais;586;BR-262/MG;Leste;Saida de Pista;1;;;;;;;;;;1;;;;
08/07/2021;18:33:00;435;ac03 - Acidente com Danos Materiais;504,7;BR-153/GO;Sul;Engavetamento;3;;;;;1;;;;;4;;;;
09/07/2021;05:16:00;77;ac03 - Acidente com Danos Materiais;424;BR-262/MG;Leste;Colisão Traseira;;;2;;;;;;;;2;;;;
09/07/2021;06:43:00;95;ac02 - Acidente com Vítima;494;BR-153/GO;Norte;Colisão Lateral;;1;;1;;;;;;;1;;1;;
09/07/2021;07:54:00;124;ac03 - Acidente com Danos Materiais;497;BR-153/GO;Norte;Colisão Traseira;1;;1;;;;;;;;2;;;;
09/07/2021;08:13:00;135;ac03 - Acidente com Danos Materiais;468,8;BR-262/MG;Oeste;Queda de Moto;;;;1;;;;;;;1;;;;
09/07/2021;08:13:00;136;ac03 - Acidente com Danos Materiais;662;BR-153/GO;Sul;Colisão Traseira;2;;;;;1;;;;;3;;;;
09/07/2021;08:28:00;157;ac02 - Acidente com Vítima;6;BR-060/DF;Norte;Colisão Traseira;2;;;;;;;;;;4;1;;;
09/07/2021;08:45:00;173;ac03 - Acidente com Danos Materiais;506;BR-153/GO;Norte;Colisão Traseira;1;;;;;;;;;1;2;;;;
09/07/2021;09:17:00;215;ac02 - Acidente com Vítima;642;BR-153/GO;Sul;Saida de Pista;1;;;;;;;;;;0;2;;;
09/07/2021;10:17:00;298;ac03 - Acidente com Danos Materiais;221;BR-153/MG;Sul;Colisão Traseira;;;2;;;1;;;;;3;;;;
09/07/2021;12:59:00;388;ac03 - Acidente com Danos Materiais;54,7;BR-153/MG;Sul;Tombamento;;;1;;;;;;;;1;;;;
09/07/2021;13:45:00;407;ac03 - Acidente com Danos Materiais;823;BR-262/MG;Leste;Choque - Arvore;1;;;;;;;;;;1;;;;
09/07/2021;13:51:00;409;ac02 - Acidente com Vítima;612;BR-153/GO;Sul;Queda de Moto;;;;1;;;;;;;0;1;;;
09/07/2021;14:41:00;436;ac02 - Acidente com Vítima;27;BR-153/MG;Sul;Colisão Traseira;2;;;;;;;;;;0;3;;;
09/07/2021;15:17:00;453;ac03 - Acidente com Danos Materiais;28;BR-060/GO;Sul;Colisão Traseira;1;;1;;;;;;;;2;;;;
09/07/2021;15:24:00;457;ac03 - Acidente com Danos Materiais;27;BR-153/MG;Norte;Colisão Traseira;1;;1;;;;;;;;2;;;;
09/07/2021;15:25:00;458;ac03 - Acidente com Danos Materiais;395;BR-262/MG;Oeste;Colisão Traseira;1;;1;;;;;;;;5;;;;
09/07/2021;15:34:00;461;ac03 - Acidente com Danos Materiais;701;BR-153/GO;Sul;Colisão Traseira;;;1;1;;;;;;;2;;;;
09/07/2021;15:47:00;470;ac03 - Acidente com Danos Materiais;71;BR-153/MG;Norte;Colisão Traseira;;;2;;;;;;;;2;;;;
09/07/2021;15:48:00;471;ac02 - Acidente com Vítima;40;BR-060/GO;Sul;Colisão Traseira;;;2;;;;;;;;1;;1;;
09/07/2021;16:09:00;480;ac02 - Acidente com Vítima;495;BR-153/GO;Sul;Colisão Traseira;2;;;;;;;;;;1;1;;;
10/07/2021;05:02:00;77;ac03 - Acidente com Danos Materiais;376;BR-262/MG;Leste;Saida de Pista;1;;;;;;;;;;1;;;;
10/07/2021;06:07:00;95;ac03 - Acidente com Danos Materiais;96;BR-060/GO;Sul;Colisão Traseira;1;;1;;;;;;;;2;;;;
10/07/2021;07:42:00;124;ac03 - Acidente com Danos Materiais;353;BR-262/MG;Leste;Saida de Pista;1;;;;;;;;;;1;;;;
10/07/2021;08:31:00;151;ac03 - Acidente com Danos Materiais;43;BR-060/GO;Sul;Colisão Lateral;1;;1;;;;;;;;2;;;;
10/07/2021;10:38:00;264;ac03 - Acidente com Danos Materiais;748;BR-262/MG;Oeste;Colisão Traseira;;;2;;;;;;;;2;;;;
10/07/2021;10:42:00;268;ac03 - Acidente com Danos Materiais;366;BR-262/MG;Leste;Saida de Pista;1;;;;;;;;;;2;;;;
10/07/2021;11:04:00;277;ac03 - Acidente com Danos Materiais;579;BR-153/GO;Sul;Saida de Pista;1;;;;;;;;;;1;;;;
10/07/2021;16:04:00;503;ac02 - Acidente com Vítima;466;BR-262/MG;Leste;Capotamento;1;;;;;;;;;;0;1;;;
10/07/2021;16:40:00;523;ac02 - Acidente com Vítima;609,1;BR-153/GO;Sul;Choque - Arvore;;;1;;;;;;;;0;1;1;;
10/07/2021;17:04:00;534;ac02 - Acidente com Vítima;135,2;BR-153/MG;Norte;Tombamento;;;1;;;;;;;;0;1;;;
10/07/2021;18:33:00;574;ac03 - Acidente com Danos Materiais;7,8;BR-153/MG;Sul;Colisão Traseira;1;;1;;;;;;;;2;;;;
10/07/2021;19:11:00;592;ac03 - Acidente com Danos Materiais;6,5;BR-153/MG;Sul;Colisão Traseira;;;2;;;;;;;;2;;;;
10/07/2021;19:16:00;596;ac03 - Acidente com Danos Materiais;6,3;BR-153/MG;Sul;Colisão Traseira;2;;;;;;;;;;2;;;;
10/07/2021;23:23:00;688;ac03 - Acidente com Danos Materiais;802;BR-262/MG;Leste;Colisão Traseira;1;;;1;;;;;;;3;;;;
11/07/2021;00:46:00;12;ac02 - Acidente com Vítima;409;BR-262/MG;Leste;Capotamento;1;;;;;;;;;;0;;2;;
11/07/2021;02:13:00;30;ac03 - Acidente com Danos Materiais;415,5;BR-262/MG;Leste;Atropelamento - Andarilho;1;;;;;;;;;;1;;;;
11/07/2021;06:09:00;65;ac02 - Acidente com Vítima;410,884;BR-262/MG;Leste;Tombamento;;;1;;;;;;;;0;;1;;
11/07/2021;06:40:00;73;ac02 - Acidente com Vítima;639;BR-262/MG;Leste;Queda de Moto;;;;1;;;;;;;0;;1;;
11/07/2021;07:33:00;82;ac03 - Acidente com Danos Materiais;553;BR-153/GO;Norte;Choque - Outros;;;;;1;;;;;;1;;;;
11/07/2021;09:48:00;171;ac02 - Acidente com Vítima;67,567;BR-060/GO;Sul;Queda de Moto;;;;1;;;;;;;0;;;1;
11/07/2021;10:14:00;191;ac02 - Acidente com Vítima;802;BR-262/MG;Oeste;Queda de Moto;;;;1;;;;;;;0;;1;;
11/07/2021;10:50:00;211;ac02 - Acidente com Vítima;113;BR-060/GO;Sul;Colisão Traseira;1;;;1;;;;;;;2;;1;;
11/07/2021;11:20:00;221;ac03 - Acidente com Danos Materiais;802,15;BR-262/MG;Leste;Choque - Elemento de Drenagem;1;;;;;;;;;;1;;;;
11/07/2021;16:21:00;330;ac02 - Acidente com Vítima;379;BR-262/MG;Oeste;Choque - Defensa;;;;1;;;;;;;0;;2;;
11/07/2021;16:38:00;334;ac03 - Acidente com Danos Materiais;590;BR-262/MG;Leste;Saida de Pista;1;;;;;;;;;;2;;;;
11/07/2021;17:36:00;356;ac03 - Acidente com Danos Materiais;421;BR-262/MG;Leste;Colisão Traseira;2;;;;;1;;;;;5;;;;
11/07/2021;18:00:00;367;ac03 - Acidente com Danos Materiais;675;BR-153/GO;Norte;Saida de Pista;1;;;;;;;;;;4;;;;
11/07/2021;19:35:00;406;ac02 - Acidente com Vítima;233;BR-153/MG;Sul;Colisão Lateral;;;1;;;1;;;;1;2;4;2;;
11/07/2021;20:12:00;426;ac03 - Acidente com Danos Materiais;661,9;BR-262/MG;Leste;Choque - Defensa;1;;;;;;;;;;1;;;;
12/07/2021;06:21:00;56;ac03 - Acidente com Danos Materiais;448;BR-262/MG;Oeste;Choque - Outros;1;;;;;;;;;;1;;;;
12/07/2021;06:24:00;59;ac03 - Acidente com Danos Materiais;96;BR-060/GO;Sul;Colisão Traseira;;;1;;1;;;;;;2;;;;
12/07/2021;07:17:00;76;ac03 - Acidente com Danos Materiais;446;BR-262/MG;Oeste;Engavetamento;2;;;2;;;;;;;6;;;;
12/07/2021;08:02:00;91;ac03 - Acidente com Danos Materiais;0;BR-060/DF;Sul;Colisão Traseira;1;;;1;;;;;;;2;;;;
12/07/2021;08:23:00;105;ac03 - Acidente com Danos Materiais;599,5;BR-153/GO;Sul;Saida de Pista;1;;;;;1;;;;;2;;;;
12/07/2021;10:06:00;216;ac03 - Acidente com Danos Materiais;819;BR-262/MG;Leste;Saida de Pista;1;;;;;;;;;;1;;;;
12/07/2021;13:07:00;437;ac03 - Acidente com Danos Materiais;369;BR-262/MG;Leste;Colisão Traseira;1;;;;;;;;;;1;;;;
12/07/2021;13:18:00;442;ac03 - Acidente com Danos Materiais;463;BR-262/MG;Leste;Colisão Traseira;;;2;;;;;;;;3;;;;
12/07/2021;14:24:00;477;ac03 - Acidente com Danos Materiais;112;BR-153/MG;Sul;Saida de Pista;;;;;;1;;;;1;3;;;;
12/07/2021;14:59:00;485;ac03 - Acidente com Danos Materiais;455;BR-262/MG;Oeste;Capotamento;;;1;;;;;;;1;4;;;;
12/07/2021;19:17:00;643;ac02 - Acidente com Vítima;439,5;BR-262/MG;Leste;Queda de Moto;;;;1;;;;;;;0;1;;;
13/07/2021;01:45:00;21;ac03 - Acidente com Danos Materiais;38,9;BR-060/GO;Sul;Tombamento;;;1;;;2;;;;;3;;;;
13/07/2021;07:36:00;131;ac03 - Acidente com Danos Materiais;504;BR-153/GO;Sul;Queda de Moto;1;;;1;;;;;;;2;;;;
13/07/2021;08:21:00;174;ac02 - Acidente com Vítima;496;BR-153/GO;Sul;Colisão Traseira;1;;;;;;;;;;0;;1;;
13/07/2021;08:56:00;215;ac03 - Acidente com Danos Materiais;631;BR-262/MG;Leste;Colisão Traseira;;;2;;;;;;;;2;;;;
13/07/2021;14:50:00;526;ac03 - Acidente com Danos Materiais;5;BR-060/DF;Sul;Choque - Barreira;1;;;;;;;;;;1;;;;
13/07/2021;17:28:00;627;ac02 - Acidente com Vítima;493;BR-153/GO;Sul;Colisão Lateral;;;2;2;;;;;;;2;1;1;;
13/07/2021;18:14:00;648;ac03 - Acidente com Danos Materiais;462;BR-262/MG;Leste;Colisão Traseira;2;;;;;;;;;;2;;;;
13/07/2021;18:50:00;680;ac03 - Acidente com Danos Materiais;94,199;BR-153/MG;Sul;Choque - Barreira;;;1;;;1;;;;;2;;;;
13/07/2021;19:53:00;713;ac03 - Acidente com Danos Materiais;38,9;BR-060/GO;Sul;Colisão Lateral;;;;;;1;;;;1;2;;;;
13/07/2021;23:23:00;794;ac02 - Acidente com Vítima;2;BR-060/DF;Norte;Choque- Placa/Suporte Sinalização;1;;;;;;;;;;0;1;;;
14/07/2021;06:52:00;124;ac02 - Acidente com Vítima;356,5;BR-262/MG;Leste;Colisão Frontal;1;;;1;;;;;;;1;;;1;
14/07/2021;09:57:00;308;ac03 - Acidente com Danos Materiais;11,9;BR-153/MG;Norte;Colisão Traseira;1;;1;;;;;;;;2;;;;
14/07/2021;12:04:00;449;ac03 - Acidente com Danos Materiais;55,6;BR-153/MG;Norte;Colisão Traseira;1;;1;;;;;;;;2;;;;
14/07/2021;14:17:00;509;ac02 - Acidente com Vítima;38,863;BR-060/GO;Norte;Capotamento;;;;;;;;;;1;1;;1;;
14/07/2021;17:10:00;580;ac03 - Acidente com Danos Materiais;517,825;BR-153/GO;Norte;Capotamento;1;;;;;1;;;;;2;;;;
14/07/2021;17:33:00;597;ac03 - Acidente com Danos Materiais;508;BR-153/GO;Norte;Colisão Traseira;1;;;;;2;;;;;3;;;;
14/07/2021;21:27:00;694;ac03 - Acidente com Danos Materiais;410;BR-262/MG;Leste;Saida de Pista;1;;;;;;;;;;5;;;;
14/07/2021;21:49:00;697;ac02 - Acidente com Vítima;59;BR-060/GO;Sul;Colisão Transversal;3;;;;;;;;;;2;1;1;1;
15/07/2021;07:46:00;83;ac03 - Acidente com Danos Materiais;7;BR-060/DF;Sul;Colisão Traseira;1;;1;;;;;;;;3;;;;
15/07/2021;08:28:00;140;ac03 - Acidente com Danos Materiais;3;BR-060/DF;Sul;Engavetamento;2;;;;;;;;;1;3;;;;
15/07/2021;11:20:00;276;ac03 - Acidente com Danos Materiais;389;BR-262/MG;Oeste;Colisão Traseira;1;;1;;;;;;;;2;;;;
15/07/2021;13:49:00;391;ac03 - Acidente com Danos Materiais;692,7;BR-153/GO;Sul;Saida de Pista;;;1;;;;;;;;1;;;;
15/07/2021;14:40:00;413;ac03 - Acidente com Danos Materiais;625;BR-153/GO;Sul;Capotamento;1;;;;;;;;;;1;;;;
15/07/2021;15:19:00;437;ac03 - Acidente com Danos Materiais;367;BR-262/MG;Oeste;Colisão Traseira;2;;;;;;;;;;2;;;;
15/07/2021;16:14:00;464;ac02 - Acidente com Vítima;30;BR-153/MG;Norte;Capotamento;1;;;;;;;;;;1;3;;;
15/07/2021;21:48:00;622;ac02 - Acidente com Vítima;491;BR-153/GO;Sul;Choque - Veiculo parado no acostamento;1;;;1;;;;;;;1;1;;;
16/07/2021;11:59:00;243;ac03 - Acidente com Danos Materiais;479;BR-262/MG;Oeste;Colisão Lateral;2;;;;;;;;;;2;;;;
16/07/2021;13:47:00;291;ac03 - Acidente com Danos Materiais;462;BR-262/MG;Leste;Colisão Traseira;2;;1;;;;;;;;6;;;;
16/07/2021;14:07:00;301;ac02 - Acidente com Vítima;0;BR-153/MG;Norte;Saida de Pista;;;1;1;;;;;;;1;1;;;
16/07/2021;15:43:00;355;ac03 - Acidente com Danos Materiais;506;BR-153/GO;Norte;Colisão Traseira;1;;1;;;;;;;;2;;;;
16/07/2021;16:34:00;405;ac02 - Acidente com Vítima;497;BR-153/GO;Sul;Engavetamento;4;;;1;;;;;;;4;;1;;
16/07/2021;17:00:00;425;ac03 - Acidente com Danos Materiais;372;BR-262/MG;Oeste;Colisão Traseira;;;2;;;;;;;;2;;;;
16/07/2021;18:06:00;476;ac02 - Acidente com Vítima;95;BR-060/GO;Norte;Choque - Elemento de Drenagem;1;;;;;1;;;;;2;;1;;
16/07/2021;18:49:00;491;ac02 - Acidente com Vítima;520;BR-153/GO;Norte;Colisão Traseira;2;;;;;;;;;;3;2;;;
16/07/2021;19:52:00;537;ac02 - Acidente com Vítima;394;BR-262/MG;Oeste;Colisão Frontal;2;;;;;;;;;;4;1;;;
17/07/2021;02:25:00;46;ac03 - Acidente com Danos Materiais;21,4;BR-153/MG;Sul;Tombamento;;;1;;;;;;;;1;;;;
17/07/2021;06:02:00;114;ac01 - Acidente com Vítima Fatal;473;BR-262/MG;Leste;Colisão Frontal;2;;1;;;;;;;;1;;1;;1
17/07/2021;06:28:00;120;ac03 - Acidente com Danos Materiais;480;BR-262/MG;Leste;Saida de Pista;;;;;;;;;;1;1;;;;
17/07/2021;10:19:00;255;ac02 - Acidente com Vítima;823;BR-262/MG;Oeste;Queda de Moto;;;;1;;;;;;;0;2;;;
17/07/2021;10:52:00;275;ac03 - Acidente com Danos Materiais;590;BR-153/GO;Sul;Colisão Traseira;1;;1;;;;;;;;3;;;;
17/07/2021;14:36:00;385;ac03 - Acidente com Danos Materiais;356;BR-262/MG;Oeste;Colisão Traseira;1;;1;;;;;;;;2;;;;
17/07/2021;17:06:00;480;ac01 - Acidente com Vítima Fatal;510,45;BR-262/MG;Oeste;Choque - Arvore;1;;;;;;;;;;0;1;;;1
17/07/2021;19:06:00;542;ac03 - Acidente com Danos Materiais;371;BR-262/MG;Oeste;Capotamento;1;;;;;;;;;;1;;;;
17/07/2021;20:17:00;571;ac02 - Acidente com Vítima;366;BR-262/MG;Oeste;Atropelamento - Usuário;1;;;;;;;;;;1;;1;;
18/07/2021;06:44:00;66;ac03 - Acidente com Danos Materiais;748;BR-262/MG;Leste;Capotamento;1;;;;;;;;;;1;;;;
18/07/2021;09:55:00;140;ac03 - Acidente com Danos Materiais;230,5;BR-153/MG;Sul;Saida de Pista;1;;;;;;;;;;1;;;;
18/07/2021;11:36:00;179;ac03 - Acidente com Danos Materiais;100;BR-060/GO;Norte;Colisão Traseira;1;;;;;;;;;1;2;;;;
18/07/2021;13:13:00;203;ac03 - Acidente com Danos Materiais;410;BR-262/MG;Leste;Choque - Defensa;1;;;;;;;;;;1;;;;
18/07/2021;13:55:00;219;ac03 - Acidente com Danos Materiais;24;BR-060/DF;Sul;Saida de Pista;1;;;;;;;;;;1;;;;
18/07/2021;16:57:00;318;ac03 - Acidente com Danos Materiais;14;BR-153/MG;Norte;Capotamento;;;;;;;;;;1;1;;;;
18/07/2021;18:59:00;376;ac03 - Acidente com Danos Materiais;384,5;BR-262/MG;Leste;Colisão Traseira;1;;1;;;;;;;;5;;;;
18/07/2021;19:50:00;407;ac02 - Acidente com Vítima;9,5;BR-060/GO;Norte;Queda de Moto;;;;1;;;;;;;0;;2;;
19/07/2021;11:37:00;167;ac03 - Acidente com Danos Materiais;506;BR-153/GO;Norte;Colisão Traseira;2;;;;;;;;;;2;;;;
19/07/2021;16:46:00;307;ac03 - Acidente com Danos Materiais;399;BR-262/MG;Leste;Colisão Traseira;2;;;;;;;;;;6;;;;
19/07/2021;17:16:00;317;ac03 - Acidente com Danos Materiais;877;BR-262/MG;Leste;Colisão Lateral;2;;;;;;;;;;2;;;;
19/07/2021;17:21:00;319;ac02 - Acidente com Vítima;594;BR-262/MG;Oeste;Choque - Elemento de Drenagem;;;1;;;;;;;;0;;1;;
19/07/2021;17:33:00;326;ac03 - Acidente com Danos Materiais;21;BR-060/GO;Norte;Saida de Pista;1;;;;;;;;;;1;;;;
19/07/2021;19:18:00;372;ac01 - Acidente com Vítima Fatal;754,1;BR-262/MG;Leste;Atropelamento - Morador;1;;;;;;;;;;2;;;;1
19/07/2021;20:01:00;391;ac03 - Acidente com Danos Materiais;517;BR-262/MG;Leste;Colisão Traseira;1;;1;;;;;;;;2;;;;
19/07/2021;21:14:00;409;ac03 - Acidente com Danos Materiais;631;BR-262/MG;Leste;Colisão Traseira;1;;1;;;;;;;;3;;;;
20/07/2021;04:24:00;28;ac02 - Acidente com Vítima;570;BR-262/MG;Oeste;Capotamento;;;1;;;;;;;;0;;1;;
20/07/2021;06:36:00;54;ac03 - Acidente com Danos Materiais;43;BR-060/GO;Sul;Colisão Lateral;1;;1;;;;;;;;2;;;;
20/07/2021;07:41:00;79;ac02 - Acidente com Vítima;102;BR-060/GO;Norte;Colisão Traseira;1;;1;;;;;;;;1;1;;;
20/07/2021;07:55:00;87;ac03 - Acidente com Danos Materiais;505,3;BR-153/GO;Norte;Queda de Ciclista;;;;1;;;;;;;1;;;;
20/07/2021;09:13:00;129;ac02 - Acidente com Vítima;20;BR-060/DF;Norte;Queda de Ciclista;;1;;;;;;;;;0;1;;;
20/07/2021;11:35:00;232;ac02 - Acidente com Vítima;57,2;BR-060/GO;Norte;Capotamento;1;;;;;;;;;;1;;1;;
20/07/2021;12:59:00;301;ac03 - Acidente com Danos Materiais;34;BR-153/MG;Sul;Tombamento;;;1;;;;;;;;1;;;;
20/07/2021;13:43:00;332;ac02 - Acidente com Vítima;0;BR-153/MG;Sul;Colisão Frontal;;1;;1;;;;;;;0;2;;;
20/07/2021;14:15:00;355;ac03 - Acidente com Danos Materiais;433;BR-262/MG;Leste;Saida de Pista;1;;;;;;;;;;1;;;;
20/07/2021;18:05:00;511;ac03 - Acidente com Danos Materiais;500;BR-153/GO;Sul;Colisão Lateral;;;;2;;;;;;;2;;;;
20/07/2021;20:45:00;589;ac03 - Acidente com Danos Materiais;125;BR-060/GO;Norte;Carreta deu L;;;1;;;;;;;;1;;;;
20/07/2021;23:35:00;664;ac02 - Acidente com Vítima;810;BR-262/MG;Oeste;Queda de Ciclista;;;;1;;;;;;;0;1;;;
21/07/2021;04:41:00;66;ac03 - Acidente com Danos Materiais;81,3;BR-060/GO;Norte;Choque - Veiculo parado no acostamento;;;2;;;;;;;;2;;;;
21/07/2021;07:58:00;124;ac03 - Acidente com Danos Materiais;501;BR-153/GO;Sul;Colisão Traseira;2;;;;;;;;;;2;;;;
21/07/2021;11:39:00;240;ac03 - Acidente com Danos Materiais;870;BR-262/MG;Leste;Capotamento;1;;;;;;;;;;1;;;;
21/07/2021;14:41:00;341;ac01 - Acidente com Vítima Fatal;687,5;BR-262/MG;Oeste;Atropelamento - Usuário;;;1;;;3;;;;;4;;;;2
21/07/2021;15:55:00;380;ac02 - Acidente com Vítima;109;BR-060/GO;Norte;Capotamento;1;;;;1;;;;;;1;;2;;
21/07/2021;16:30:00;402;ac03 - Acidente com Danos Materiais;526;BR-153/GO;Sul;Saida de Pista;;;1;;;1;;;;;3;;;;
21/07/2021;19:40:00;481;ac02 - Acidente com Vítima;394;BR-262/MG;Leste;Colisão Traseira;1;;;1;;;;;;;2;1;;;
21/07/2021;20:47:00;516;ac02 - Acidente com Vítima;97,4;BR-060/GO;Sul;Colisão Traseira;1;;1;;;;;;;;2;2;;;
21/07/2021;21:24:00;531;ac02 - Acidente com Vítima;364;BR-262/MG;Leste;Colisão Traseira;1;;1;;;;;;;;1;;1;1;
21/07/2021;22:43:00;555;ac03 - Acidente com Danos Materiais;554;BR-262/MG;Leste;Colisão Traseira;;;2;;;;;;;;2;;;;
22/07/2021;10:53:00;248;ac03 - Acidente com Danos Materiais;810;BR-262/MG;Leste;Colisão Lateral;;1;;;;1;;;;;2;;;;
22/07/2021;14:28:00;356;ac01 - Acidente com Vítima Fatal;606,2;BR-153/GO;Sul;Colisão Traseira;;;2;;;;;;;;1;;;;1
22/07/2021;14:39:00;358;ac03 - Acidente com Danos Materiais;625;BR-262/MG;Leste;Saida de Pista;;;1;;;;;;;;1;;;;
22/07/2021;17:08:00;470;ac03 - Acidente com Danos Materiais;552;BR-262/MG;Oeste;Colisão Traseira;;;2;;;;;;;;2;;;;
22/07/2021;17:09:00;472;ac03 - Acidente com Danos Materiais;420;BR-262/MG;Oeste;Colisão Traseira;1;;1;;;;;;;;2;;;;
22/07/2021;17:32:00;480;ac03 - Acidente com Danos Materiais;89;BR-060/GO;Sul;Colisão Lateral;1;;1;;;;;;;;2;;;;
22/07/2021;17:44:00;484;ac03 - Acidente com Danos Materiais;496;BR-153/GO;Norte;Engavetamento;;;2;;;;;;;1;3;;;;
22/07/2021;18:28:00;500;ac02 - Acidente com Vítima;496;BR-153/GO;Sul;Colisão Traseira;1;;;1;;;;;;;1;;1;;
22/07/2021;21:47:00;564;ac02 - Acidente com Vítima;606,2;BR-153/GO;Sul;Colisão Traseira;1;;1;;;;;;;;1;1;;;
23/07/2021;00:30:00;10;ac02 - Acidente com Vítima;897;BR-262/MG;Leste;Colisão Lateral;1;;1;;;;;;;;1;1;;;
23/07/2021;08:55:00;136;ac03 - Acidente com Danos Materiais;587;BR-153/GO;Sul;Colisão Traseira;;;1;;;1;;;;;2;;;;
23/07/2021;11:52:00;253;ac03 - Acidente com Danos Materiais;100;BR-060/GO;Norte;Saida de Pista;1;;;;;1;;;;;3;;;;
23/07/2021;12:45:00;276;ac03 - Acidente com Danos Materiais;555,8;BR-262/MG;Oeste;Colisão Traseira;1;;1;;;;;;;;2;;;;
23/07/2021;14:09:00;314;ac03 - Acidente com Danos Materiais;640;BR-153/GO;Norte;Saida de Pista;1;;;;;;;;;;4;;;;
23/07/2021;17:59:00;408;ac03 - Acidente com Danos Materiais;109;BR-060/GO;Sul;Engavetamento;3;;;;;;;;;1;4;;;;
23/07/2021;19:29:00;453;ac03 - Acidente com Danos Materiais;107;BR-060/GO;Norte;Colisão Traseira;2;;;;;;;;;;2;;;;
23/07/2021;21:59:00;513;ac03 - Acidente com Danos Materiais;99;BR-060/GO;Sul;Capotamento;2;;;;;;;;;;2;;;;
24/07/2021;05:34:00;40;ac02 - Acidente com Vítima;148;BR-153/MG;Sul;Colisão Lateral;;;2;;;;;;;;1;2;1;;
24/07/2021;07:00:00;55;ac03 - Acidente com Danos Materiais;221;BR-153/MG;Norte;Saida de Pista;1;;;;;;;;;;1;;;;
24/07/2021;07:12:00;59;ac03 - Acidente com Danos Materiais;522;BR-262/MG;Oeste;Saida de Pista;1;;;;;;;;;;3;;;;
24/07/2021;07:44:00;75;ac03 - Acidente com Danos Materiais;38,5;BR-060/GO;Sul;Tombamento;;;1;;;2;;;;;3;;;;
24/07/2021;08:04:00;82;ac03 - Acidente com Danos Materiais;506;BR-153/GO;Sul;Colisão Traseira;1;;;1;;;;;;;2;;;;
24/07/2021;09:39:00;139;ac03 - Acidente com Danos Materiais;514;BR-153/GO;Norte;Colisão Traseira;2;;;;;;;;;;2;;;;
24/07/2021;10:24:00;155;ac03 - Acidente com Danos Materiais;134;BR-153/MG;Norte;Colisão Transversal;;;2;;;;;;;;3;;;;
24/07/2021;11:09:00;172;ac02 - Acidente com Vítima;58;BR-060/GO;Norte;Colisão Traseira;1;1;;;;;;;;;1;;1;;
24/07/2021;12:37:00;206;ac02 - Acidente com Vítima;83;BR-060/GO;Sul;Queda de Moto;;;;1;;;;;;;0;;2;;
24/07/2021;13:21:00;219;ac02 - Acidente com Vítima;414,368;BR-262/MG;Oeste;Colisão Lateral;;;1;1;;;;;;;1;1;;;
24/07/2021;13:49:00;231;ac02 - Acidente com Vítima;8;BR-060/DF;Sul;Capotamento;1;;;;;;;;;;3;;;1;
24/07/2021;14:56:00;251;ac03 - Acidente com Danos Materiais;599;BR-153/GO;Sul;Saida de Pista;1;;;;;;;;;;1;;;;
24/07/2021;15:18:00;266;ac03 - Acidente com Danos Materiais;599;BR-153/GO;Sul;Saida de Pista;1;;;;;;;;;;1;;;;