data;horario;n_da_ocorrencia;tipo_de_ocorrencia;km;trecho;sentido;tipo_de_acidente;automovel;bicicleta;caminhao;moto;onibus;outros;tracao_animal;transporte_de_cargas_especiais;trator_maquinas;utilitarios;ilesos;levemente_feridos;moderadamente_feridos;gravemente_feridos;mortos
24/07/2021;20:02:00;418;ac02 - Acidente com Vítima;354;BR-262/MG;Oeste;Queda de Ciclista;;;;1;;;;;;;1;1;;;
24/07/2021;20:17:00;427;ac02 - Acidente com Vítima;503;BR-153/GO;Norte;Colisão Traseira;;;;2;;2;;;;;2;1;1;;
24/07/2021;20:50:00;448;ac02 - Acidente com Vítima;811;BR-262/MG;Oeste;Capotamento;1;;;;;;;;;;0;1;;;
24/07/2021;22:30:00;479;ac03 - Acidente com Danos Materiais;442,5;BR-262/MG;Leste;Colisão Traseira;2;;;;;;;;;;5;;;;
25/07/2021;10:50:00;272;ac02 - Acidente com Vítima;525;BR-262/MG;Leste;Saida de Pista;1;;;;;;;;;;0;1;1;;
25/07/2021;11:51:00;334;ac02 - Acidente com Vítima;507;BR-153/GO;Norte;Queda de Ciclista;1;;;1;;;;;;;1;;1;;
25/07/2021;12:39:00;401;ac01 - Acidente com Vítima Fatal;132;BR-060/GO;Sul;Colisão Transversal;2;;;;;;;;;1;7;;;;1
25/07/2021;12:46:00;406;ac03 - Acidente com Danos Materiais;118;BR-060/GO;Norte;Queda de Ciclista;;;;1;;;;;;;1;;;;
25/07/2021;16:58:00;551;ac02 - Acidente com Vítima;562,3;BR-153/GO;Sul;Capotamento;1;;;;;;;;;;4;1;;;
25/07/2021;17:32:00;570;ac03 - Acidente com Danos Materiais;906,631;BR-262/MG;Leste;Colisão Lateral;1;;1;;;;;;;;4;;;;
25/07/2021;18:40:00;605;ac03 - Acidente com Danos Materiais;118;BR-060/GO;Norte;Colisão Transversal;2;;;;;;;;;;2;;;;
25/07/2021;18:49:00;607;ac03 - Acidente com Danos Materiais;369;BR-262/MG;Oeste;Saida de Pista;1;;;;;;;;;;1;;;;
25/07/2021;18:58:00;613;ac03 - Acidente com Danos Materiais;98;BR-060/GO;Sul;Colisão Lateral;1;;;;;1;;;;;2;;;;
25/07/2021;19:34:00;631;ac03 - Acidente com Danos Materiais;520;BR-153/GO;Norte;Colisão Traseira;2;;;;;;;;;;2;;;;
25/07/2021;20:13:00;648;ac02 - Acidente com Vítima;371;BR-262/MG;Oeste;Capotamento;1;;;;;;;;;;2;1;;;
26/07/2021;02:34:00;51;ac02 - Acidente com Vítima;497,1;BR-153/GO;Sul;Queda de Ciclista;;;;1;;;;;;;0;;1;;
26/07/2021;02:35:00;52;ac01 - Acidente com Vítima Fatal;585,094;BR-262/MG;Oeste;Saida de Pista;;;1;;;;;;;;0;;;;1
26/07/2021;05:13:00;89;ac02 - Acidente com Vítima;537;BR-153/GO;Sul;Queda de Moto;;;;1;;;;;;;1;1;;;
26/07/2021;05:50:00;102;ac02 - Acidente com Vítima;385;BR-262/MG;Leste;Colisão Traseira;;;1;;;;;;;1;0;6;;;
26/07/2021;07:46:00;129;ac02 - Acidente com Vítima;450;BR-262/MG;Oeste;Engavetamento;3;;;;;;;;;;8;1;;;
26/07/2021;08:54:00;158;ac03 - Acidente com Danos Materiais;10;BR-153/MG;Sul;Tombamento;;;1;;;;;;;;1;;;;
26/07/2021;09:46:00;192;ac03 - Acidente com Danos Materiais;550;BR-153/GO;Norte;Saida de Pista;1;;;;;;;;;;1;;;;
26/07/2021;09:49:00;194;ac03 - Acidente com Danos Materiais;753;BR-262/MG;Leste;Colisão Traseira;2;;;;;;;;;;3;;;;
26/07/2021;10:08:00;207;ac03 - Acidente com Danos Materiais;693;BR-262/MG;Oeste;Saida de Pista;1;;;;;;;;;;1;;;;
26/07/2021;11:30:00;245;ac02 - Acidente com Vítima;508;BR-153/GO;Sul;Choque - Defensa;1;;;;;;;;;;0;;1;;
26/07/2021;11:31:00;246;ac03 - Acidente com Danos Materiais;129;BR-060/GO;Sul;Colisão Traseira;1;;;;;1;;;;;2;;;;
26/07/2021;12:18:00;260;ac03 - Acidente com Danos Materiais;586;BR-153/GO;Norte;Saida de Pista;;;1;;;;;;;;1;;;;
26/07/2021;16:48:00;385;ac03 - Acidente com Danos Materiais;687,5;BR-262/MG;Oeste;Tombamento;;;1;;;;;;;;1;;;;
26/07/2021;16:54:00;391;ac03 - Acidente com Danos Materiais;1,5;BR-153/MG;Norte;Colisão Traseira;1;;1;;;;;;;;4;;;;
27/07/2021;01:12:00;20;ac03 - Acidente com Danos Materiais;27;BR-060/GO;Sul;Carreta deu L;;;1;;;;;;;;1;;;;
27/07/2021;03:01:00;48;ac03 - Acidente com Danos Materiais;580,1;BR-262/MG;Oeste;Saida de Pista;;;1;;;;;;;;1;;;;
27/07/2021;04:51:00;58;ac02 - Acidente com Vítima;634;BR-153/GO;Sul;Saida de Pista;1;;;;;;;;;;0;1;;;
27/07/2021;05:48:00;70;ac03 - Acidente com Danos Materiais;503;BR-262/MG;Leste;Colisão Traseira;2;;;;;;;;;;2;;;;
27/07/2021;07:00:00;84;ac03 - Acidente com Danos Materiais;625;BR-153/GO;Norte;Atropelamento de Animal;1;;;;;;;;;;1;;;;
27/07/2021;07:28:00;91;ac03 - Acidente com Danos Materiais;3;BR-060/DF;Norte;Colisão Traseira;1;;;;;1;;;;;2;;;;
27/07/2021;09:57:00;200;ac03 - Acidente com Danos Materiais;107;BR-060/GO;Sul;Colisão Traseira;1;;1;;;;;;;;2;;;;
27/07/2021;10:09:00;207;ac03 - Acidente com Danos Materiais;3;BR-060/DF;Sul;Colisão Lateral;1;;1;;;;;;;;2;;;;
27/07/2021;16:50:00;432;ac03 - Acidente com Danos Materiais;38,5;BR-153/MG;Sul;Saida de Pista;1;;;;;;;;;;2;;;;
27/07/2021;18:58:00;495;ac03 - Acidente com Danos Materiais;801,9;BR-262/MG;Oeste;Atropelamento de Animal;;;1;;;;;;;;1;;;;
27/07/2021;20:43:00;539;ac02 - Acidente com Vítima;519;BR-153/GO;Norte;Queda de Ciclista;;1;;;;;;;;;0;1;;;
27/07/2021;20:52:00;544;ac03 - Acidente com Danos Materiais;358;BR-262/MG;Oeste;Choque - Objeto sobre a pista;1;;1;;;;;;;;2;;;;
27/07/2021;22:25:00;583;ac03 - Acidente com Danos Materiais;563;BR-262/MG;Oeste;Saida de Pista;1;;;;;;;;;;1;;;;
28/07/2021;00:02:00;1;ac03 - Acidente com Danos Materiais;39;BR-060/GO;Sul;Saida de Pista;1;;;;;;;;;;1;;;;
28/07/2021;00:17:00;2;ac03 - Acidente com Danos Materiais;601;BR-262/MG;Oeste;Saida de Pista;;;1;;;;;;;;1;;;;
28/07/2021;05:59:00;66;ac02 - Acidente com Vítima;507;BR-153/GO;Sul;Colisão Traseira;1;;;;;;;;;1;2;1;;;
28/07/2021;06:59:00;80;ac02 - Acidente com Vítima;516,5;BR-262/MG;Leste;Engavetamento;1;;2;;;;;;;;0;5;;;
28/07/2021;07:06:00;84;ac03 - Acidente com Danos Materiais;472,2;BR-262/MG;Leste;Colisão Traseira;2;;;;;;;;;;6;;;;
28/07/2021;07:43:00;99;ac03 - Acidente com Danos Materiais;11;BR-060/DF;Sul;Colisão Traseira;1;;;1;;;;;;;2;;;;
28/07/2021;13:06:00;354;ac03 - Acidente com Danos Materiais;506;BR-262/MG;Leste;Colisão Lateral;;;2;;;;;;;;2;;;;
28/07/2021;14:17:00;399;ac03 - Acidente com Danos Materiais;227,9;BR-153/MG;Norte;Colisão Lateral;1;;1;;;;;;;;4;;;;
28/07/2021;16:56:00;519;ac03 - Acidente com Danos Materiais;374;BR-262/MG;Oeste;Capotamento;;;;;;;;;;1;1;;;;
29/07/2021;03:45:00;65;ac03 - Acidente com Danos Materiais;148;BR-153/MG;Norte;Tombamento;;;1;;;1;;;;;2;;;;
29/07/2021;07:42:00;129;ac03 - Acidente com Danos Materiais;793;BR-262/MG;Oeste;Colisão Traseira;2;;;;;;;;;;3;;;;
29/07/2021;12:06:00;437;ac03 - Acidente com Danos Materiais;695;BR-153/GO;Sul;Capotamento;1;;;;;;;;;;1;;;;
29/07/2021;13:07:00;468;ac03 - Acidente com Danos Materiais;3,8;BR-060/GO;Norte;Saida de Pista;1;;;;;1;;;;;3;;;;
29/07/2021;13:47:00;497;ac03 - Acidente com Danos Materiais;81;BR-060/GO;Norte;Colisão Lateral;1;;1;;;;;;;;2;;;;
29/07/2021;15:47:00;624;ac03 - Acidente com Danos Materiais;113;BR-060/GO;Sul;Colisão Lateral;2;;;;;;;;;;2;;;;
29/07/2021;17:20:00;697;ac02 - Acidente com Vítima;500;BR-153/GO;Sul;Colisão Traseira;;;;2;;;;;;;1;;1;;
29/07/2021;22:03:00;821;ac02 - Acidente com Vítima;0;BR-060/GO;Norte;Saida de Pista;1;;;;;;;;;;3;1;;;
30/07/2021;01:08:00;40;ac03 - Acidente com Danos Materiais;737;BR-262/MG;Oeste;Saida de Pista;;;1;;;;;;;;1;;;;
30/07/2021;06:06:00;95;ac03 - Acidente com Danos Materiais;439;BR-262/MG;Oeste;Choque - Arvore;1;;;;;;;;;;1;;;;
30/07/2021;06:48:00;104;ac03 - Acidente com Danos Materiais;508;BR-153/GO;Norte;Colisão Traseira;2;;;;;;;;;;2;;;;
30/07/2021;07:02:00;108;ac02 - Acidente com Vítima;813;BR-262/MG;Leste;Queda de Moto;;;;1;;;;;;;0;;1;;
30/07/2021;07:40:00;120;ac02 - Acidente com Vítima;575;BR-262/MG;Oeste;Colisão Lateral;;;2;;;;;;;;0;1;1;;
30/07/2021;08:01:00;125;ac03 - Acidente com Danos Materiais;645;BR-262/MG;Oeste;Saida de Pista;1;;;;;;;;;;1;;;;
30/07/2021;08:22:00;139;ac03 - Acidente com Danos Materiais;122;BR-060/GO;Norte;Colisão Lateral;;;1;;;;;;;1;2;;;;
30/07/2021;09:11:00;170;ac03 - Acidente com Danos Materiais;693;BR-262/MG;Oeste;Colisão Traseira;1;;1;;;;;;;;2;;;;
30/07/2021;11:14:00;247;ac03 - Acidente com Danos Materiais;581;BR-262/MG;Oeste;Colisão Traseira;2;;;;;;;;;;2;;;;
30/07/2021;13:13:00;352;ac02 - Acidente com Vítima;494;BR-153/GO;Norte;Queda de Ciclista;;;;1;;;;;;;0;;1;;
30/07/2021;13:47:00;368;ac02 - Acidente com Vítima;27;BR-060/GO;Sul;Capotamento;1;;;;;;;;;;0;1;;;
30/07/2021;14:43:00;431;ac02 - Acidente com Vítima;531;BR-153/GO;Sul;Choque - Elemento de Drenagem;1;;;;;;;;;;1;;1;;
30/07/2021;16:53:00;502;ac03 - Acidente com Danos Materiais;501;BR-153/GO;Sul;Engavetamento;3;;;;;;;;;1;4;;;;
30/07/2021;19:50:00;582;ac03 - Acidente com Danos Materiais;498,5;BR-153/GO;Sul;Colisão Traseira;1;;;;;;;;;1;2;;;;
30/07/2021;21:21:00;617;ac01 - Acidente com Vítima Fatal;524;BR-262/MG;Leste;Colisão Transversal;;;2;;;;;;;;1;;;;1
31/07/2021;00:33:00;11;ac02 - Acidente com Vítima;442;BR-262/MG;Oeste;Capotamento;1;;;;;;;;;;0;;2;;
31/07/2021;07:44:00;94;ac03 - Acidente com Danos Materiais;501;BR-153/GO;Sul;Colisão Traseira;1;;;1;;;;;;;2;;;;
31/07/2021;07:46:00;96;ac02 - Acidente com Vítima;672,8;BR-262/MG;Leste;Colisão Traseira;1;;1;;;;;;;;1;4;;;
31/07/2021;09:45:00;225;ac02 - Acidente com Vítima;475;BR-262/MG;Leste;Queda de Moto;;;;1;;;;;;;0;1;;;
31/07/2021;09:51:00;236;ac03 - Acidente com Danos Materiais;29;BR-153/MG;Sul;Colisão Lateral;1;;1;;;;;;;;3;;;;
31/07/2021;10:31:00;300;ac03 - Acidente com Danos Materiais;575;BR-262/MG;Oeste;Colisão Traseira;1;;;;;1;;;;;2;;;;
31/07/2021;11:18:00;358;ac03 - Acidente com Danos Materiais;414;BR-262/MG;Oeste;Saida de Pista;1;;;;;;;;;;2;;;;
31/07/2021;13:47:00;427;ac02 - Acidente com Vítima;503;BR-153/GO;Norte;Queda de Moto;;;;1;;;;;;;0;1;;;
31/07/2021;17:03:00;520;ac03 - Acidente com Danos Materiais;863;BR-262/MG;Oeste;Choque- Poste/Equipamento;;;1;;;;;;;;1;;;;
31/07/2021;17:14:00;526;ac03 - Acidente com Danos Materiais;556,25;BR-153/GO;Sul;Saida de Pista;1;;;;;;;;;;1;;;;
31/07/2021;18:35:00;567;ac03 - Acidente com Danos Materiais;431;BR-262/MG;Oeste;Choque - Defensa;1;;;;;;;;;;1;;;;
31/07/2021;19:16:00;587;ac03 - Acidente com Danos Materiais;245;BR-153/MG;Norte;Colisão Lateral;1;;1;;;;;;;;2;;;;
31/07/2021;22:34:00;651;ac01 - Acidente com Vítima Fatal;735;BR-262/MG;Leste;Capotamento;;;1;;;;;;;;0;;;;1
01/08/2021;02:24:00;22;ac03 - Acidente com Danos Materiais;127;BR-060/GO;Sul;Choque - Defensa;1;;;;;;;;;;1;;;;
01/08/2021;03:10:00;37;ac01 - Acidente com Vítima Fatal;24;BR-153/MG;Sul;Capotamento;;;1;;;;;;;;0;1;1;;1
01/08/2021;08:36:00;107;ac03 - Acidente com Danos Materiais;107;BR-060/GO;Sul;Choque- Poste/Equipamento;;;1;;;;;;;;1;;;;
01/08/2021;10:08:00;175;ac02 - Acidente com Vítima;72;BR-060/GO;Norte;Queda de Moto;;;;1;;;;;;;0;1;1;;
01/08/2021;10:15:00;181;ac02 - Acidente com Vítima;643;BR-153/GO;Norte;Queda de Moto;;;;1;;;;;;;0;2;;;
01/08/2021;10:16:00;182;ac03 - Acidente com Danos Materiais;59;BR-153/MG;Sul;Colisão Traseira;2;;;;;;;;;;5;;;;
01/08/2021;11:30:00;217;ac02 - Acidente com Vítima;33,868;BR-060/GO;Norte;Choque- Placa/Suporte Sinalização;;;;1;;;;;;;0;;;1;
01/08/2021;11:55:00;232;ac02 - Acidente com Vítima;577;BR-153/GO;Sul;Tombamento;;;1;;;;;;;;0;3;;;
01/08/2021;16:37:00;438;ac03 - Acidente com Danos Materiais;46,999;BR-060/GO;Norte;Tombamento;;;1;;;;;;;;1;;;;
01/08/2021;18:37:00;515;ac03 - Acidente com Danos Materiais;429,827;BR-262/MG;Leste;Choque - Elemento de Drenagem;1;;;;;;;;;;1;;;;
01/08/2021;19:00:00;523;ac02 - Acidente com Vítima;107;BR-153/MG;Sul;Colisão Traseira;2;;;;;1;;;;;2;;1;;
02/08/2021;04:01:00;94;ac02 - Acidente com Vítima;405,752;BR-262/MG;Leste;Tombamento;;;1;;;;;;;;0;1;;;
02/08/2021;07:32:00;165;ac03 - Acidente com Danos Materiais;11;BR-153/MG;Sul;Colisão Lateral;2;;;;;;;;;;6;;;;
02/08/2021;08:21:00;192;ac03 - Acidente com Danos Materiais;685;BR-153/GO;Norte;Colisão Traseira;;;2;;;;;;;;2;;;;
02/08/2021;08:54:00;220;ac03 - Acidente com Danos Materiais;357;BR-262/MG;Leste;Saida de Pista;1;;;;;;;;;;1;;;;
02/08/2021;14:17:00;469;ac02 - Acidente com Vítima;51;BR-060/GO;Norte;Engavetamento;2;;;;;;;;;;1;1;;;
02/08/2021;14:26:00;476;ac03 - Acidente com Danos Materiais;137;BR-060/GO;Sul;Choque- Poste/Equipamento;1;;;;;;;;;;1;;;;
02/08/2021;14:45:00;483;ac02 - Acidente com Vítima;51;BR-060/GO;Norte;Colisão Traseira;1;;1;;;;;;;;0;5;;;
02/08/2021;17:59:00;594;ac02 - Acidente com Vítima;116;BR-060/GO;Norte;Capotamento;1;;;;;;;;;;0;1;;1;
02/08/2021;21:14:00;692;ac03 - Acidente com Danos Materiais;118;BR-060/GO;Norte;Colisão Traseira;2;;;;;;;;;;2;;;;
02/08/2021;23:00:00;732;ac03 - Acidente com Danos Materiais;71;BR-060/GO;Sul;Choque- Placa/Suporte Sinalização;1;;;;;;;;;;1;;;;
03/08/2021;09:29:00;162;ac02 - Acidente com Vítima;514;BR-153/GO;Norte;Colisão Traseira;;;;1;;;;;;1;2;1;;;
03/08/2021;15:29:00;397;ac02 - Acidente com Vítima;110;BR-060/GO;Sul;Capotamento;1;;;;;;;;;;1;;1;;
03/08/2021;19:18:00;526;ac01 - Acidente com Vítima Fatal;515;BR-153/GO;Sul;Colisão Traseira;;;1;1;;;;;;;1;;;;1
03/08/2021;19:56:00;546;ac01 - Acidente com Vítima Fatal;767;BR-262/MG;Leste;Saida de Pista;;;1;;;;;;;;0;;;;1
04/08/2021;00:11:00;22;ac02 - Acidente com Vítima;547;BR-262/MG;Oeste;Colisão Frontal;;;2;;;;;;;;1;;1;;
04/08/2021;01:29:00;70;ac03 - Acidente com Danos Materiais;547,2;BR-262/MG;Oeste;Colisão Lateral;;;1;;;;;;;1;2;;;;
04/08/2021;09:49:00;346;ac03 - Acidente com Danos Materiais;555;BR-262/MG;Oeste;Colisão Traseira;;;2;;;;;;;;2;;;;
04/08/2021;12:06:00;480;ac03 - Acidente com Danos Materiais;460;BR-262/MG;Leste;Colisão Traseira;;;2;;;;;;;;2;;;;
04/08/2021;12:46:00;498;ac02 - Acidente com Vítima;118;BR-060/GO;Norte;Colisão Lateral;;;;2;;;;;;;1;2;;;
04/08/2021;22:28:00;863;ac03 - Acidente com Danos Materiais;0;BR-060/DF;Sul;Choque- Poste/Equipamento;1;;;;;;;;;;1;;;;
04/08/2021;23:22:00;908;ac03 - Acidente com Danos Materiais;96;BR-060/GO;Sul;Saida de Pista;;;1;;;;;;;1;2;;;;
05/08/2021;07:37:00;256;ac03 - Acidente com Danos Materiais;495;BR-153/GO;Sul;Engavetamento;4;;;;;;;;;;4;;;;
05/08/2021;09:44:00;483;ac03 - Acidente com Danos Materiais;418;BR-262/MG;Leste;Colisão Traseira;1;;1;;;;;;;;2;;;;
05/08/2021;10:05:00;516;ac03 - Acidente com Danos Materiais;604;BR-262/MG;Leste;Colisão Traseira;1;;1;;;;;;;;2;;;;
05/08/2021;13:31:00;714;ac02 - Acidente com Vítima;19;BR-060/GO;Sul;Capotamento;1;;;;;;;;;;1;1;;;
05/08/2021;16:21:00;917;ac03 - Acidente com Danos Materiais;137,5;BR-060/GO;Sul;Colisão Traseira;1;;1;;;;;;;;2;;;;
05/08/2021;18:20:00;1017;ac02 - Acidente com Vítima;0,782;BR-060/DF;Sul;Colisão Lateral;1;;;1;;;;;;;2;2;;;
05/08/2021;18:54:00;1032;ac03 - Acidente com Danos Materiais;227;BR-153/MG;Sul;Saida de Pista;;;;;;;;;;1;1;;;;
05/08/2021;21:11:00;1114;ac02 - Acidente com Vítima;115,101;BR-060/GO;Sul;Queda de Moto;;;;1;;;;;;;0;;1;;
05/08/2021;21:36:00;1129;ac02 - Acidente com Vítima;494;BR-153/GO;Sul;Queda de Moto;;;;1;;1;;;;;1;;1;;
05/08/2021;22:19:00;1140;ac02 - Acidente com Vítima;25,366;BR-060/GO;Norte;Choque - Arvore;;;;;;1;;;;1;6;;1;;
06/08/2021;03:21:00;113;ac03 - Acidente com Danos Materiais;71;BR-153/MG;Norte;Tombamento;;;1;;;2;;;;;3;;;;
06/08/2021;04:34:00;134;ac03 - Acidente com Danos Materiais;613;BR-153/GO;Sul;Colisão Traseira;;;2;;;;;;;;2;;;;
06/08/2021;08:20:00;254;ac03 - Acidente com Danos Materiais;665;BR-153/GO;Sul;Saida de Pista;;;1;;;;;;;;1;;;;
06/08/2021;11:27:00;480;ac03 - Acidente com Danos Materiais;586;BR-262/MG;Leste;Colisão Lateral;;;2;;;;;;;;2;;;;
06/08/2021;13:31:00;559;ac02 - Acidente com Vítima;501;BR-153/GO;Sul;Choque- Poste/Equipamento;1;;;;;;;;;;1;2;;;
06/08/2021;16:00:00;724;ac02 - Acidente com Vítima;508;BR-153/GO;Norte;Colisão Traseira;;;;1;;1;;;;;1;1;;;
06/08/2021;17:08:00;822;ac03 - Acidente com Danos Materiais;22;BR-153/MG;Sul;Saida de Pista;;;;;1;;;;;;2;;;;
06/08/2021;19:39:00;900;ac02 - Acidente com Vítima;365;BR-262/MG;Oeste;Atropelamento - Morador;;;;;;1;;;;;1;1;;;
06/08/2021;19:54:00;911;ac03 - Acidente com Danos Materiais;625;BR-262/MG;Oeste;Saida de Pista;;;1;;;;;;;;1;;;;
06/08/2021;20:27:00;932;ac03 - Acidente com Danos Materiais;3,9;BR-060/DF;Sul;Colisão Traseira;1;;;1;;;;;;;2;;;;
06/08/2021;21:29:00;952;ac01 - Acidente com Vítima Fatal;117;BR-060/GO;Sul;Atropelamento - Sem Informação;;;;;;1;;;;;1;;;;1
06/08/2021;23:32:00;994;ac03 - Acidente com Danos Materiais;521;BR-153/GO;Norte;Saida de Pista;1;;;;;;;;;;1;;;;
07/08/2021;00:18:00;6;ac03 - Acidente com Danos Materiais;447;BR-262/MG;Leste;Saida de Pista;1;;;;;;;;;;2;;;;
07/08/2021;03:59:00;91;ac02 - Acidente com Vítima;818,5;BR-262/MG;Leste;Capotamento;1;;;;;;;;;;0;;2;;
07/08/2021;07:04:00;137;ac03 - Acidente com Danos Materiais;560;BR-153/GO;Norte;Choque - Talude;1;;;;;;;;;;4;;;;
07/08/2021;07:31:00;148;ac02 - Acidente com Vítima;372;BR-262/MG;Leste;Atropelamento - Usuário;;;;;;1;;;;;1;1;;;
07/08/2021;08:08:00;169;ac03 - Acidente com Danos Materiais;64,705;BR-153/MG;Sul;Tombamento;;;2;;;;;;;;2;;;;
07/08/2021;14:21:00;358;ac03 - Acidente com Danos Materiais;437;BR-262/MG;Oeste;Colisão Lateral;1;;1;;;;;;;;2;;;;
07/08/2021;15:17:00;398;ac03 - Acidente com Danos Materiais;478;BR-262/MG;Leste;Colisão Lateral;2;;;;;;;;;;3;;;;
07/08/2021;15:35:00;404;ac03 - Acidente com Danos Materiais;374;BR-262/MG;Leste;Saida de Pista;1;;;;;;;;;;4;;;;
07/08/2021;20:10:00;539;ac03 - Acidente com Danos Materiais;94;BR-060/GO;Sul;Saida de Pista;;;2;;;;;;;;2;;;;
07/08/2021;22:35:00;666;ac03 - Acidente com Danos Materiais;449;BR-262/MG;Oeste;Choque - Defensa;1;;;;;;;;;;2;;;;
08/08/2021;02:02:00;24;ac02 - Acidente com Vítima;525;BR-262/MG;Leste;Choque - Arvore;1;;;;;;;;;;0;;;1;
08/08/2021;05:33:00;62;ac02 - Acidente com Vítima;800,3;BR-262/MG;Oeste;Queda de Moto;;;;1;;;;;;;0;;1;;
08/08/2021;08:53:00;169;ac03 - Acidente com Danos Materiais;521,189;BR-153/GO;Norte;Tombamento;;;1;;;;;;;;1;;;;
08/08/2021;10:16:00;266;ac01 - Acidente com Vítima Fatal;628,3;BR-262/MG;Leste;Tombamento;;;1;;;;;;;;0;;;1;1
08/08/2021;14:14:00;429;ac02 - Acidente com Vítima;2,142;BR-060/GO;Sul;Queda de Moto;;;;1;;;;;;;1;;1;;
08/08/2021;14:26:00;433;ac03 - Acidente com Danos Materiais;570;BR-262/MG;Oeste;Capotamento;1;;;;;;;;;;5;;;;
08/08/2021;14:52:00;442;ac03 - Acidente com Danos Materiais;440,9;BR-262/MG;Leste;Colisão Traseira;1;;;1;;;;;;;2;;;;
08/08/2021;17:31:00;504;ac02 - Acidente com Vítima;397;BR-262/MG;Leste;Saida de Pista;2;;;;;;;;;;1;1;;;
08/08/2021;18:43:00;543;ac02 - Acidente com Vítima;743;BR-262/MG;Leste;Colisão Lateral;1;;1;;;;;;;;5;;1;;
08/08/2021;19:49:00;611;ac03 - Acidente com Danos Materiais;401;BR-262/MG;Leste;Colisão Traseira;1;;1;;;;;;;;5;;;;
08/08/2021;21:37:00;679;ac03 - Acidente com Danos Materiais;553;BR-153/GO;Norte;Colisão Transversal;;;1;;;;;;;1;2;;;;
09/08/2021;01:37:00;41;ac03 - Acidente com Danos Materiais;384;BR-262/MG;Oeste;Capotamento;1;;;;;;;;;;1;;;;
09/08/2021;05:52:00;74;ac03 - Acidente com Danos Materiais;100;BR-060/GO;Norte;Saida de Pista;1;;;;;;;;;;1;;;;
09/08/2021;05:59:00;76;ac03 - Acidente com Danos Materiais;3;BR-060/GO;Norte;Saida de Pista;1;;;;;;;;;;1;;;;
09/08/2021;06:12:00;78;ac03 - Acidente com Danos Materiais;370;BR-262/MG;Leste;Atropelamento de Animal;1;;;;;;;;;;3;;;;
09/08/2021;07:31:00;98;ac03 - Acidente com Danos Materiais;460;BR-262/MG;Leste;Colisão Traseira;2;;;;;;;;;;3;;;;
09/08/2021;08:01:00;128;ac03 - Acidente com Danos Materiais;502;BR-153/GO;Sul;Engavetamento;4;;;;;;;;;;4;;;;
09/08/2021;08:11:00;167;ac03 - Acidente com Danos Materiais;506;BR-153/GO;Norte;Colisão Traseira;2;;;;;;;;;;2;;;;
09/08/2021;08:18:00;175;ac02 - Acidente com Vítima;501;BR-153/GO;Sul;Queda de Ciclista;;;;1;;;;;;;1;1;;;
09/08/2021;09:47:00;242;ac03 - Acidente com Danos Materiais;499;BR-153/GO;Sul;Colisão Traseira;2;;;;;;;;;;2;;;;
09/08/2021;09:58:00;248;ac03 - Acidente com Danos Materiais;364;BR-262/MG;Leste;Colisão Traseira;1;;;;;;;;;1;2;;;;
09/08/2021;10:29:00;285;ac02 - Acidente com Vítima;494;BR-153/GO;Sul;Colisão Traseira;1;;2;;;;;;;;2;1;;;
09/08/2021;10:30:00;286;ac03 - Acidente com Danos Materiais;501;BR-153/GO;Sul;Engavetamento;3;;;;;;;;;;3;;;;
09/08/2021;13:45:00;587;ac03 - Acidente com Danos Materiais;3;BR-060/DF;Norte;Colisão Lateral;2;;;;;;;;;;4;;;;
09/08/2021;16:57:00;748;ac03 - Acidente com Danos Materiais;112;BR-060/GO;Norte;Saida de Pista;1;;;;;;;;;;1;;;;
09/08/2021;16:57:00;750;ac03 - Acidente com Danos Materiais;101;BR-060/GO;Sul;Colisão Lateral;;;;;1;1;;;;;2;;;;
09/08/2021;19:32:00;832;ac03 - Acidente com Danos Materiais;160,3;BR-153/MG;Sul;Tombamento;;;1;;;1;;;;;2;;;;
09/08/2021;22:52:00;896;ac02 - Acidente com Vítima;401;BR-262/MG;Leste;Atropelamento de Animal;;;;2;;;;;;;2;1;;;
09/08/2021;23:33:00;907;ac03 - Acidente com Danos Materiais;6;BR-153/MG;Sul;Saida de Pista;;;1;;;;;;;;1;;;;
10/08/2021;06:32:00;82;ac03 - Acidente com Danos Materiais;97;BR-060/GO;Norte;Colisão Traseira;1;;;1;;;;;;;2;;;;
10/08/2021;08:00:00;133;ac03 - Acidente com Danos Materiais;502;BR-153/GO;Norte;Colisão Traseira;;;;1;;;;;;1;2;;;;