data;horario;n_da_ocorrencia;tipo_de_ocorrencia;km;trecho;sentido;tipo_de_acidente;automovel;bicicleta;caminhao;moto;onibus;outros;tracao_animal;transporte_de_cargas_especiais;trator_maquinas;utilitarios;ilesos;levemente_feridos;moderadamente_feridos;gravemente_feridos;mortos
16/09/2021;05:27:00;75;ac03 - Acidente com Danos Materiais;778,5;BR-262/MG;Leste;Colisão Traseira;1;;;;;1;;;;;2;;;;
16/09/2021;07:39:00;129;ac03 - Acidente com Danos Materiais;563;BR-262/MG;Leste;Tombamento;;;1;;;1;;;;;2;;;;
16/09/2021;11:18:00;300;ac03 - Acidente com Danos Materiais;485;BR-262/MG;Oeste;Saida de Pista;1;;;;;;;;;;1;;;;
16/09/2021;15:32:00;414;ac02 - Acidente com Vítima;94;BR-060/GO;Sul;Choque - Talude;1;;;;;;;;;;0;1;;;
16/09/2021;17:09:00;450;ac03 - Acidente com Danos Materiais;676,8;BR-153/GO;Sul;Capotamento;1;;;;;;;;;;1;;;;
16/09/2021;18:36:00;487;ac03 - Acidente com Danos Materiais;497;BR-153/GO;Norte;Engavetamento;3;;;;;;;;;;3;;;;
16/09/2021;20:59:00;565;ac03 - Acidente com Danos Materiais;3;BR-060/DF;Norte;Capotamento;1;;;;;;;;;;1;;;;
17/09/2021;03:55:00;94;ac02 - Acidente com Vítima;625;BR-262/MG;Oeste;Colisão Traseira;;;2;;;;;;;;1;1;;;
17/09/2021;04:08:00;96;ac03 - Acidente com Danos Materiais;413;BR-262/MG;Leste;Tombamento;;;1;;;;;;;;1;;;;
17/09/2021;07:19:00;151;ac03 - Acidente com Danos Materiais;471,5;BR-262/MG;Oeste;Colisão Traseira;1;;1;;;;;;;;2;;;;
17/09/2021;08:08:00;177;ac02 - Acidente com Vítima;2;BR-060/DF;Norte;Colisão Lateral;1;;;1;;;;;;;1;;2;;
17/09/2021;10:43:00;353;ac03 - Acidente com Danos Materiais;571;BR-262/MG;Leste;Colisão Lateral;1;;1;;;;;;;;2;;;;
17/09/2021;14:17:00;437;ac02 - Acidente com Vítima;19;BR-060/GO;Sul;Queda de Moto;;;;1;;;;;;;0;1;1;;
17/09/2021;15:27:00;460;ac03 - Acidente com Danos Materiais;604;BR-153/GO;Sul;Capotamento;1;;;;;;;;;;1;;;;
17/09/2021;16:12:00;478;ac03 - Acidente com Danos Materiais;505;BR-153/GO;Sul;Colisão Traseira;1;;;1;;;;;;;2;;;;
17/09/2021;18:48:00;563;ac03 - Acidente com Danos Materiais;210;BR-153/MG;Sul;Saida de Pista;1;;;;;;;;;;1;;;;
17/09/2021;22:25:00;646;ac02 - Acidente com Vítima;51,8;BR-153/MG;Sul;Colisão Traseira;;;2;;;;;;;;1;1;;;
18/09/2021;03:07:00;39;ac02 - Acidente com Vítima;579,8;BR-153/GO;Sul;Capotamento;1;;;;;;;;;;0;1;;;
18/09/2021;06:32:00;99;ac02 - Acidente com Vítima;362;BR-262/MG;Oeste;Capotamento;1;;;;;;;;;;0;1;;;
18/09/2021;07:08:00;106;ac03 - Acidente com Danos Materiais;362;BR-262/MG;Oeste;Colisão Traseira;2;;;;;;;;;;5;;;;
18/09/2021;10:23:00;239;ac03 - Acidente com Danos Materiais;93;BR-060/GO;Sul;Choque - Defensa;1;;;;;;;;;;3;;;;
18/09/2021;10:29:00;243;ac03 - Acidente com Danos Materiais;7;BR-060/DF;Sul;Colisão Traseira;2;;;;;;;;;;4;;;;
18/09/2021;13:22:00;381;ac03 - Acidente com Danos Materiais;499;BR-262/MG;Oeste;Capotamento;2;;;;;;;;;;2;;;;
18/09/2021;14:58:00;422;ac02 - Acidente com Vítima;374;BR-262/MG;Leste;Colisão Traseira;2;;;;;;;;;;2;1;;;
18/09/2021;15:34:00;449;ac03 - Acidente com Danos Materiais;607;BR-262/MG;Leste;Saida de Pista;1;;;;;;;;;;1;;;;
18/09/2021;16:10:00;486;ac03 - Acidente com Danos Materiais;94;BR-153/MG;Sul;Engavetamento;1;;2;;;;;;;;7;;;;
18/09/2021;18:48:00;586;ac03 - Acidente com Danos Materiais;4;BR-060/DF;Sul;Colisão Traseira;2;;;;;;;;;;2;;;;
18/09/2021;20:12:00;626;ac03 - Acidente com Danos Materiais;508;BR-153/GO;Norte;Saida de Pista;1;;;;;;;;;;1;;;;
19/09/2021;02:33:00;40;ac02 - Acidente com Vítima;7;BR-060/DF;Norte;Saida de Pista;1;;;;;;;;;;0;1;;;
19/09/2021;06:31:00;92;ac02 - Acidente com Vítima;496;BR-153/GO;Norte;Queda de Moto;;;;1;;;;;;;0;;1;;
19/09/2021;07:24:00;114;ac03 - Acidente com Danos Materiais;645,8;BR-153/GO;Norte;Saida de Pista;1;;;;;;;;;;1;;;;
19/09/2021;11:01:00;259;ac03 - Acidente com Danos Materiais;107;BR-060/GO;Sul;Saida de Pista;1;;;;;;;;;;1;;;;
19/09/2021;15:52:00;437;ac02 - Acidente com Vítima;599;BR-153/GO;Sul;Capotamento;1;;;;;;;;;;0;1;;;
19/09/2021;15:55:00;439;ac01 - Acidente com Vítima Fatal;548;BR-262/MG;Oeste;Colisão Frontal;;;1;1;;;;;;;1;;;;1
19/09/2021;16:29:00;458;ac03 - Acidente com Danos Materiais;128;BR-060/GO;Norte;Capotamento;3;;;;;;;;;;7;;;;
19/09/2021;16:53:00;474;ac03 - Acidente com Danos Materiais;548;BR-153/GO;Norte;Colisão Lateral;1;;;;;;;;;;1;;;;
19/09/2021;17:52:00;511;ac03 - Acidente com Danos Materiais;429;BR-262/MG;Leste;Tombamento;;;1;;;1;;;;;2;;;;
19/09/2021;19:38:00;565;ac03 - Acidente com Danos Materiais;30;BR-060/DF;Norte;Atropelamento de Animal;1;;;;;;;;;;2;;;;
19/09/2021;19:51:00;577;ac03 - Acidente com Danos Materiais;30;BR-060/DF;Norte;Atropelamento de Animal;1;;;;;;;;;;3;;;;
19/09/2021;21:19:00;618;ac02 - Acidente com Vítima;513;BR-153/GO;Sul;Queda de Moto;;;;1;;;;;;;0;;;1;
20/09/2021;01:43:00;31;ac03 - Acidente com Danos Materiais;101;BR-060/GO;Norte;Tombamento;1;;;;;;;;;;1;;;;
20/09/2021;03:17:00;44;ac03 - Acidente com Danos Materiais;678;BR-153/GO;Norte;Tombamento;;;1;;;;;;;;1;;;;
20/09/2021;04:06:00;47;ac03 - Acidente com Danos Materiais;21;BR-060/DF;Norte;Atropelamento de Animal;;;;;;;;;;1;3;;;;
20/09/2021;07:52:00;110;ac03 - Acidente com Danos Materiais;502;BR-153/GO;Norte;Colisão Traseira;;;1;;;;;;;1;2;;;;
20/09/2021;08:31:00;136;ac03 - Acidente com Danos Materiais;668,7;BR-153/GO;Norte;Saida de Pista;1;;;;;;;;;;1;;;;
20/09/2021;10:06:00;204;ac03 - Acidente com Danos Materiais;97;BR-060/GO;Norte;Capotamento;2;;;;;;;;;;2;;;;
20/09/2021;10:32:00;227;ac03 - Acidente com Danos Materiais;492;BR-153/GO;Norte;Saida de Pista;1;;;;;;;;;;1;;;;
20/09/2021;10:59:00;232;ac03 - Acidente com Danos Materiais;89;BR-060/GO;Norte;Colisão Traseira;2;;;;;;;;;;2;;;;
20/09/2021;12:25:00;282;ac03 - Acidente com Danos Materiais;97;BR-060/GO;Sul;Colisão Lateral;1;;;;1;;;;;;2;;;;
20/09/2021;15:18:00;398;ac03 - Acidente com Danos Materiais;134;BR-153/MG;Sul;Engavetamento;1;;2;;1;;;;;;4;;;;
20/09/2021;17:01:00;459;ac01 - Acidente com Vítima Fatal;517,1;BR-262/MG;Leste;Tombamento;;;1;;;2;;;;;2;;;;1
20/09/2021;19:16:00;500;ac03 - Acidente com Danos Materiais;0;BR-060/GO;Sul;Colisão Traseira;1;;1;;;;;;;;2;;;;
21/09/2021;10:15:00;231;ac02 - Acidente com Vítima;13;BR-060/GO;Sul;Capotamento;1;;1;;;;;;;;2;2;1;;
21/09/2021;11:01:00;274;ac01 - Acidente com Vítima Fatal;148;BR-153/MG;Sul;Colisão Lateral;1;;1;;;;;;;;1;;;;2
21/09/2021;11:43:00;291;ac02 - Acidente com Vítima;811;BR-262/MG;Leste;Capotamento;1;;;;;;;;;;0;1;;;
21/09/2021;12:53:00;312;ac02 - Acidente com Vítima;385,8;BR-262/MG;Oeste;Tombamento;;;1;;;;;;;;0;;1;;
21/09/2021;17:41:00;380;ac02 - Acidente com Vítima;353;BR-262/MG;Leste;Choque - Barreira;1;;;;;;;;;;0;;1;;
21/09/2021;18:01:00;391;ac02 - Acidente com Vítima;584,5;BR-262/MG;Oeste;Carreta deu L;;;1;;;;;;;;0;1;;;
21/09/2021;18:49:00;446;ac02 - Acidente com Vítima;501;BR-153/GO;Norte;Colisão Traseira;1;;;1;;;;;;;1;1;;;
22/09/2021;03:10:00;46;ac03 - Acidente com Danos Materiais;512;BR-262/MG;Oeste;Atropelamento de Animal;;;1;;;;;;;;1;;;;
22/09/2021;05:58:00;105;ac02 - Acidente com Vítima;47,5;BR-060/GO;Norte;Capotamento;;;1;;;;;;;;0;;;1;
22/09/2021;06:02:00;108;ac02 - Acidente com Vítima;46,5;BR-060/GO;Norte;Engavetamento;;;3;;;;;;;;2;;;1;
22/09/2021;08:04:00;163;ac03 - Acidente com Danos Materiais;612;BR-262/MG;Leste;Tombamento;;;1;;;;;;;;1;;;;
22/09/2021;09:25:00;206;ac03 - Acidente com Danos Materiais;541,95;BR-153/GO;Sul;Tombamento;;;1;;;;;;;;1;;;;
22/09/2021;11:37:00;287;ac03 - Acidente com Danos Materiais;507;BR-153/GO;Sul;Colisão Traseira;1;;1;;;;;;;;2;;;;
22/09/2021;13:09:00;329;ac03 - Acidente com Danos Materiais;104;BR-060/GO;Sul;Saida de Pista;;;;;;;;;;1;1;;;;
22/09/2021;17:30:00;471;ac02 - Acidente com Vítima;113;BR-060/GO;Norte;Colisão Traseira;1;;;;;;;;;1;1;1;;;
23/09/2021;07:17:00;117;ac03 - Acidente com Danos Materiais;101;BR-060/GO;Sul;Colisão Transversal;1;;1;;;;;;;;2;;;;
23/09/2021;08:09:00;150;ac03 - Acidente com Danos Materiais;503;BR-153/GO;Norte;Engavetamento;1;;2;;;;;;;;3;;;;
23/09/2021;09:50:00;248;ac03 - Acidente com Danos Materiais;23;BR-153/MG;Sul;Saida de Pista;;;1;;;;;;;1;11;;;;
23/09/2021;10:28:00;302;ac03 - Acidente com Danos Materiais;3;BR-060/DF;Sul;Capotamento;1;;;;;;;;;;1;;;;
23/09/2021;12:09:00;380;ac03 - Acidente com Danos Materiais;513;BR-153/GO;Norte;Queda de Ciclista;;;1;1;;;;;;;2;;;;
23/09/2021;17:37:00;550;ac03 - Acidente com Danos Materiais;674,4;BR-153/GO;Norte;Colisão Lateral;;;1;;;;;;;;1;;;;
24/09/2021;07:41:00;98;ac02 - Acidente com Vítima;1;BR-060/DF;Sul;Colisão Lateral;1;;;1;;;;;;;1;1;;;
24/09/2021;08:11:00;126;ac03 - Acidente com Danos Materiais;501;BR-153/GO;Sul;Engavetamento;3;;;;;1;;;;;4;;;;
24/09/2021;09:09:00;177;ac03 - Acidente com Danos Materiais;497;BR-153/GO;Sul;Colisão Traseira;2;;;;;;;;;;2;;;;
24/09/2021;09:18:00;184;ac03 - Acidente com Danos Materiais;58;BR-153/MG;Norte;Colisão Traseira;;;;;;;;;;1;1;;;;
24/09/2021;14:06:00;325;ac02 - Acidente com Vítima;654;BR-153/GO;Sul;Capotamento;1;;;;;;;;;;2;2;2;;
24/09/2021;14:56:00;346;ac02 - Acidente com Vítima;427,8;BR-262/MG;Oeste;Saida de Pista;1;;;;;;;;;;1;2;;;
24/09/2021;15:56:00;383;ac02 - Acidente com Vítima;516,9;BR-153/GO;Sul;Tombamento;;;;;1;;;;;;9;8;3;;
24/09/2021;16:36:00;416;ac03 - Acidente com Danos Materiais;607;BR-153/GO;Sul;Tombamento;;;1;;;;;;;;1;;;;
24/09/2021;20:18:00;506;ac03 - Acidente com Danos Materiais;363;BR-262/MG;Leste;Colisão Traseira;2;;;;;;;;;;2;;;;
24/09/2021;21:38:00;548;ac03 - Acidente com Danos Materiais;15,5;BR-060/GO;Norte;Capotamento;2;;;;;;;;;;2;;;;
24/09/2021;22:02:00;554;ac03 - Acidente com Danos Materiais;55;BR-153/MG;Sul;Tombamento;;;1;;;;;;;;1;;;;
24/09/2021;22:47:00;568;ac03 - Acidente com Danos Materiais;497;BR-153/GO;Norte;Colisão Lateral;;1;;1;;;;;;;2;;;;
24/09/2021;23:15:00;576;ac02 - Acidente com Vítima;13;BR-153/MG;Sul;Tombamento;;;1;;;;;;;;0;1;;;
25/09/2021;00:28:00;14;ac02 - Acidente com Vítima;100;BR-060/GO;Sul;Saida de Pista;1;;;;;;;;;;0;;1;;
25/09/2021;01:24:00;27;ac03 - Acidente com Danos Materiais;407;BR-262/MG;Oeste;Saida de Pista;1;;;;;;;;;;1;;;;
25/09/2021;03:41:00;51;ac03 - Acidente com Danos Materiais;365;BR-262/MG;Oeste;Colisão Lateral;1;;;;;;;;;;1;;;;
25/09/2021;09:12:00;158;ac03 - Acidente com Danos Materiais;652;BR-262/MG;Oeste;Saida de Pista;;;;;;1;;;;1;3;;;;
25/09/2021;12:27:00;289;ac03 - Acidente com Danos Materiais;48,7;BR-060/GO;Norte;Saida de Pista;;;1;;;;;;;;1;;;;
25/09/2021;14:11:00;326;ac02 - Acidente com Vítima;28,8;BR-153/MG;Sul;Capotamento;;;1;;;;;;;1;1;1;;;
25/09/2021;16:16:00;379;ac03 - Acidente com Danos Materiais;612;BR-262/MG;Oeste;Tombamento;;;1;;;;;;;;1;;;;
25/09/2021;18:45:00;438;ac03 - Acidente com Danos Materiais;109,2;BR-060/GO;Norte;Saida de Pista;2;;;;;;;;;;2;;;;
25/09/2021;18:48:00;440;ac02 - Acidente com Vítima;479;BR-262/MG;Leste;Colisão Traseira;1;;1;;;;;;;;3;2;1;;
25/09/2021;20:05:00;466;ac03 - Acidente com Danos Materiais;515;BR-153/GO;Sul;Saida de Pista;1;;;;;;;;;;1;;;;
26/09/2021;00:31:00;5;ac03 - Acidente com Danos Materiais;507;BR-153/GO;Sul;Colisão Traseira;2;;;;;;;;;;4;;;;
26/09/2021;00:46:00;7;ac02 - Acidente com Vítima;405;BR-262/MG;Leste;Tombamento;;;1;;;1;;;;;1;1;;;
26/09/2021;02:08:00;17;ac02 - Acidente com Vítima;506;BR-153/GO;Sul;Colisão Traseira;2;;;;;;;;;;1;1;;;
26/09/2021;02:48:00;26;ac03 - Acidente com Danos Materiais;802;BR-262/MG;Oeste;Colisão Traseira;2;;;;;;;;;;2;;;;
26/09/2021;09:10:00;170;ac02 - Acidente com Vítima;702;BR-262/MG;Leste;Capotamento;1;;;;;;;;;;0;1;;;
26/09/2021;13:27:00;313;ac03 - Acidente com Danos Materiais;381;BR-262/MG;Oeste;Saida de Pista;;;1;;;1;;;;;2;;;;
26/09/2021;15:56:00;361;ac03 - Acidente com Danos Materiais;359;BR-262/MG;Oeste;Capotamento;1;;;;;;;;;;3;;;;
26/09/2021;18:44:00;446;ac03 - Acidente com Danos Materiais;188;BR-153/MG;Sul;Carreta deu L;;;1;;;1;;;;;2;;;;
26/09/2021;19:26:00;477;ac03 - Acidente com Danos Materiais;731;BR-262/MG;Leste;Choque - Arvore;1;;;;;;;;;;1;;;;
26/09/2021;22:04:00;545;ac03 - Acidente com Danos Materiais;484;BR-262/MG;Oeste;Colisão Lateral;2;;;;;;;;;;2;;;;
27/09/2021;06:27:00;76;ac02 - Acidente com Vítima;671;BR-262/MG;Leste;Capotamento;1;;;;;;;;;;0;1;;;
27/09/2021;07:29:00;101;ac02 - Acidente com Vítima;100,375;BR-060/GO;Sul;Queda de Ciclista;2;;;;;;;;;;1;1;;;
27/09/2021;07:34:00;104;ac03 - Acidente com Danos Materiais;71,8;BR-060/GO;Sul;Capotamento;1;;;;;;;;;;2;;;;
27/09/2021;08:11:00;126;ac02 - Acidente com Vítima;103,72;BR-060/GO;Norte;Capotamento;;;1;;;;;;;;0;1;;;
27/09/2021;08:14:00;128;ac02 - Acidente com Vítima;503;BR-153/GO;Sul;Colisão Traseira;1;;;1;;;;;;;1;1;;;
27/09/2021;10:26:00;208;ac02 - Acidente com Vítima;77;BR-060/GO;Sul;Colisão Traseira;;;1;1;;;;;;;1;;;1;
27/09/2021;12:30:00;298;ac03 - Acidente com Danos Materiais;507;BR-153/GO;Norte;Colisão Lateral;;;2;;;;;;;;2;;;;
27/09/2021;15:16:00;366;ac02 - Acidente com Vítima;528;BR-153/GO;Sul;Queda de Moto;;;;1;;;;;;;1;1;;;
27/09/2021;16:54:00;423;ac02 - Acidente com Vítima;495;BR-153/GO;Sul;Colisão Traseira;1;;;1;;;;;;;1;1;;;
27/09/2021;19:08:00;493;ac03 - Acidente com Danos Materiais;244;BR-153/MG;Norte;Colisão Traseira;1;;1;;;;;;;;2;;;;
27/09/2021;19:31:00;504;ac03 - Acidente com Danos Materiais;97;BR-060/GO;Sul;Colisão Traseira;1;;1;;;;;;;;2;;;;
27/09/2021;20:42:00;537;ac03 - Acidente com Danos Materiais;413;BR-262/MG;Leste;Carreta deu L;;;1;;;;;;;;1;;;;
27/09/2021;21:20:00;543;ac03 - Acidente com Danos Materiais;100,198;BR-060/GO;Norte;Choque - Objeto sobre a pista;;;1;;;1;;;;;4;;;;
28/09/2021;05:59:00;66;ac03 - Acidente com Danos Materiais;441;BR-262/MG;Leste;Choque - Defensa;;;1;;;;;;;;1;;;;
28/09/2021;06:32:00;80;ac03 - Acidente com Danos Materiais;443;BR-262/MG;Leste;Colisão Lateral;;;2;;;;;;;;2;;;;
28/09/2021;06:38:00;83;ac03 - Acidente com Danos Materiais;101;BR-060/GO;Sul;Colisão Traseira;1;;1;;;;;;;;2;;;;
28/09/2021;07:42:00;106;ac03 - Acidente com Danos Materiais;495;BR-153/GO;Sul;Engavetamento;3;;;;;;;;;;3;;;;
28/09/2021;16:41:00;438;ac03 - Acidente com Danos Materiais;478,23;BR-262/MG;Oeste;Tombamento;;;1;;;;;;;;1;;;;
28/09/2021;17:09:00;447;ac02 - Acidente com Vítima;631;BR-153/GO;Sul;Colisão Traseira;;;1;;;1;;;;;1;1;;;
28/09/2021;17:48:00;462;ac03 - Acidente com Danos Materiais;127;BR-060/GO;Sul;Colisão Frontal;1;;1;;;;;;;;2;;;;
28/09/2021;19:37:00;505;ac02 - Acidente com Vítima;23;BR-060/GO;Norte;Atropelamento - Andarilho;1;;;;;;;;;;1;;1;;
28/09/2021;19:48:00;510;ac03 - Acidente com Danos Materiais;445,6;BR-262/MG;Oeste;Colisão Transversal;2;;;;;;;;;;2;;;;
28/09/2021;20:17:00;523;ac03 - Acidente com Danos Materiais;477;BR-262/MG;Leste;Colisão Transversal;2;;;;;;;;;;6;;;;
28/09/2021;21:51:00;550;ac01 - Acidente com Vítima Fatal;116,376;BR-060/GO;Sul;Atropelamento - Andarilho;1;;;;;;;;;;1;;;;1
28/09/2021;22:11:00;559;ac02 - Acidente com Vítima;564;BR-262/MG;Leste;Tombamento;;;1;;;;;;;;0;;1;;
29/09/2021;09:37:00;245;ac03 - Acidente com Danos Materiais;134;BR-060/GO;Norte;Choque - Defensa;1;;;;;;;;;;1;;;;
29/09/2021;10:50:00;299;ac03 - Acidente com Danos Materiais;39;BR-060/GO;Sul;Carreta deu L;;;1;;;;;;;;1;;;;
29/09/2021;14:51:00;420;ac03 - Acidente com Danos Materiais;588;BR-262/MG;Leste;Capotamento;1;;;;;;;;;;1;;;;
29/09/2021;14:53:00;423;ac03 - Acidente com Danos Materiais;547;BR-262/MG;Leste;Saida de Pista;;;1;;;;;;;;1;;;;
29/09/2021;15:01:00;425;ac02 - Acidente com Vítima;607;BR-262/MG;Leste;Capotamento;;;;;;;;;;1;1;2;;;
29/09/2021;15:01:00;426;ac03 - Acidente com Danos Materiais;132;BR-060/GO;Sul;Saida de Pista;;;1;;;;;;;;1;;;;
29/09/2021;15:47:00;448;ac03 - Acidente com Danos Materiais;520;BR-262/MG;Leste;Carreta deu L;;;1;;;;;;;;1;;;;
29/09/2021;16:04:00;456;ac03 - Acidente com Danos Materiais;519,8;BR-262/MG;Leste;Tombamento;;;1;;;;;;;;1;;;;
29/09/2021;18:38:00;510;ac02 - Acidente com Vítima;92;BR-060/GO;Norte;Queda de Moto;;;;1;;;;;;;0;1;;;
29/09/2021;18:57:00;520;ac03 - Acidente com Danos Materiais;500;BR-153/GO;Sul;Colisão Lateral;1;;1;;;;;;;;2;;;;
29/09/2021;21:06:00;566;ac02 - Acidente com Vítima;565,498;BR-153/GO;Sul;Colisão Frontal;1;;;1;;;;;;;0;3;;;
29/09/2021;23:18:00;605;ac02 - Acidente com Vítima;101,592;BR-060/GO;Sul;Queda de Moto;;;;1;;;;;;;0;1;;;
30/09/2021;05:41:00;67;ac02 - Acidente com Vítima;91;BR-060/GO;Sul;Atropelamento - Andarilho;;;;1;;;;;;;1;;;1;
30/09/2021;06:41:00;77;ac03 - Acidente com Danos Materiais;876,9;BR-262/MG;Oeste;Colisão Traseira;1;;;;;;;;;1;6;;;;
30/09/2021;08:52:00;148;ac03 - Acidente com Danos Materiais;9;BR-153/MG;Norte;Saida de Pista;;;1;;;;;;;;1;;;;
30/09/2021;14:59:00;376;ac03 - Acidente com Danos Materiais;245;BR-153/MG;Sul;Colisão Lateral;1;;1;;;;;;;;3;;;;
30/09/2021;15:07:00;379;ac03 - Acidente com Danos Materiais;126;BR-060/GO;Sul;Choque - Defensa;1;;;;;;;;;;3;;;;
30/09/2021;15:21:00;385;ac03 - Acidente com Danos Materiais;480,8;BR-262/MG;Oeste;Saida de Pista;;;1;;;;;;;;1;;;;
30/09/2021;15:34:00;393;ac02 - Acidente com Vítima;685;BR-153/GO;Sul;Colisão Traseira;;;1;;;;;;;1;1;2;;;
30/09/2021;15:55:00;406;ac03 - Acidente com Danos Materiais;472;BR-262/MG;Oeste;Colisão Traseira;;;2;;;;;;;1;3;;;;
30/09/2021;17:48:00;465;ac03 - Acidente com Danos Materiais;503;BR-153/GO;Sul;Colisão Lateral;1;;;1;;;;;;;2;;;;
30/09/2021;20:36:00;546;ac03 - Acidente com Danos Materiais;403;BR-262/MG;Leste;Saida de Pista;1;;;;;;;;;;1;;;;
30/09/2021;21:03:00;559;ac03 - Acidente com Danos Materiais;680;BR-153/GO;Sul;Colisão Traseira;1;;1;;;;;;;;2;;;;
30/09/2021;21:18:00;565;ac03 - Acidente com Danos Materiais;517;BR-262/MG;Leste;Colisão Frontal;2;;;;;;;;;;4;;;;
01/10/2021;01:39:00;18;ac02 - Acidente com Vítima;399,5;BR-262/MG;Leste;Colisão Frontal;1;;1;;;;;;;;1;1;;;
01/10/2021;07:48:00;148;ac03 - Acidente com Danos Materiais;22;BR-153/MG;Norte;Saida de Pista;;;;;;;;;;1;1;;;;
01/10/2021;08:40:00;189;ac02 - Acidente com Vítima;513;BR-262/MG;Leste;Queda de Moto;;;;1;;;;;;;0;1;;;
01/10/2021;09:46:00;220;ac03 - Acidente com Danos Materiais;504,8;BR-153/GO;Sul;Colisão Traseira;1;;;;;;;;;1;3;;;;
01/10/2021;11:29:00;318;ac02 - Acidente com Vítima;8,8;BR-153/MG;Sul;Engavetamento;;;3;;;;;;;;2;1;;;
01/10/2021;14:22:00;415;ac03 - Acidente com Danos Materiais;73,5;BR-060/GO;Sul;Saida de Pista;;;1;;;;;;;;1;;;;
01/10/2021;14:24:00;419;ac02 - Acidente com Vítima;551;BR-153/GO;Sul;Capotamento;1;;;;;1;;;;;3;1;;;
01/10/2021;15:17:00;451;ac03 - Acidente com Danos Materiais;58;BR-060/GO;Norte;Colisão Lateral;1;;1;;;;;;;;2;;;;
01/10/2021;15:21:00;454;ac02 - Acidente com Vítima;189,6;BR-153/MG;Sul;Capotamento;;;;;;;;;;1;0;1;;;
01/10/2021;16:15:00;479;ac03 - Acidente com Danos Materiais;112;BR-060/GO;Norte;Saida de Pista;;;1;;;;;;;;1;;;;
01/10/2021;16:48:00;500;ac03 - Acidente com Danos Materiais;47;BR-060/GO;Norte;Choque - Defensa;1;;;;;;;;;;1;;;;
01/10/2021;16:48:00;501;ac03 - Acidente com Danos Materiais;504;BR-153/GO;Sul;Colisão Traseira;2;;;;;;;;;;2;;;;
01/10/2021;16:51:00;504;ac03 - Acidente com Danos Materiais;506;BR-153/GO;Sul;Engavetamento;3;;;;;;;;;;3;;;;
01/10/2021;16:51:00;505;ac03 - Acidente com Danos Materiais;79,2;BR-153/MG;Sul;Tombamento;;;1;;;;;;;;1;;;;
01/10/2021;17:30:00;531;ac02 - Acidente com Vítima;8,3;BR-153/MG;Sul;Colisão Traseira;;;2;1;;;;;;;2;1;;;
01/10/2021;18:18:00;562;ac03 - Acidente com Danos Materiais;97;BR-060/GO;Norte;Colisão Traseira;1;;;1;;;;;;;2;;;;
01/10/2021;18:58:00;580;ac03 - Acidente com Danos Materiais;590;BR-153/GO;Norte;Capotamento;1;;;;;;;;;;1;;;;
01/10/2021;19:04:00;583;ac02 - Acidente com Vítima;17;BR-060/DF;Sul;Capotamento;1;;;;;1;;;;;1;1;;;
01/10/2021;19:56:00;599;ac03 - Acidente com Danos Materiais;508;BR-153/GO;Sul;Colisão Lateral;1;;;;;1;;;;;3;;;;
01/10/2021;22:34:00;647;ac03 - Acidente com Danos Materiais;383;BR-262/MG;Leste;Colisão Traseira;;;2;;;;;;;;2;;;;
01/10/2021;22:45:00;652;ac03 - Acidente com Danos Materiais;420;BR-262/MG;Leste;Capotamento;1;;;;;;;;;;1;;;;
01/10/2021;23:00:00;658;ac03 - Acidente com Danos Materiais;506,8;BR-153/GO;Norte;Choque - Barreira;2;;;;;;;;;;2;;;;
01/10/2021;23:18:00;659;ac02 - Acidente com Vítima;506,8;BR-153/GO;Sul;Colisão Traseira;;;;1;;1;;;;;1;;1;;
02/10/2021;00:59:00;7;ac03 - Acidente com Danos Materiais;507;BR-153/GO;Norte;Choque - Veiculo parado na pista;1;;;;;;;;;1;2;;;;
02/10/2021;01:10:00;9;ac03 - Acidente com Danos Materiais;583,7;BR-262/MG;Leste;Saida de Pista;;;;;;;;;;1;1;;;;
02/10/2021;04:17:00;61;ac03 - Acidente com Danos Materiais;594;BR-262/MG;Leste;Tombamento;;;1;;;;;;;;1;;;;
02/10/2021;06:30:00;87;ac03 - Acidente com Danos Materiais;95;BR-060/GO;Sul;Capotamento;1;;;;;;;;;;1;;;;
02/10/2021;06:59:00;96;ac02 - Acidente com Vítima;95;BR-060/GO;Norte;Choque - Talude;1;;;;;;;;;;0;1;;;
02/10/2021;07:04:00;99;ac03 - Acidente com Danos Materiais;95;BR-060/GO;Norte;Colisão Traseira;2;;;;;;;;;;2;;;;
02/10/2021;07:17:00;103;ac02 - Acidente com Vítima;6;BR-060/GO;Sul;Colisão Traseira;2;;;;;;;;;;0;4;;;