data;horario;n_da_ocorrencia;tipo_de_ocorrencia;km;trecho;sentido;tipo_de_acidente;automovel;bicicleta;caminhao;moto;onibus;outros;tracao_animal;transporte_de_cargas_especiais;trator_maquinas;utilitarios;ilesos;levemente_feridos;moderadamente_feridos;gravemente_feridos;mortos
16/10/2021;19:51:00;590;ac03 - Acidente com Danos Materiais;31;BR-153/MG;Norte;Saida de Pista;;;;;;;;;;1;3;;;;
17/10/2021;00:54:00;29;ac02 - Acidente com Vítima;471;BR-262/MG;Oeste;Capotamento;;;;;;;;;;1;0;1;;;
17/10/2021;03:17:00;59;ac01 - Acidente com Vítima Fatal;215;BR-153/MG;Sul;Colisão Frontal;1;;1;;;;;;;;2;;1;;1
17/10/2021;03:42:00;60;ac03 - Acidente com Danos Materiais;506;BR-153/GO;Sul;Colisão Traseira;2;;;;;;;;;;2;;;;
17/10/2021;06:05:00;90;ac03 - Acidente com Danos Materiais;587,9;BR-153/GO;Norte;Saida de Pista;;;;1;;;;;;;1;;;;
17/10/2021;08:32:00;243;ac02 - Acidente com Vítima;195,328;BR-153/MG;Sul;Colisão Traseira;1;;2;;;;;;;;2;2;;;
17/10/2021;14:32:00;597;ac03 - Acidente com Danos Materiais;381;BR-262/MG;Leste;Saida de Pista;1;;;;;;;;;;4;;;;
17/10/2021;16:38:00;664;ac03 - Acidente com Danos Materiais;639;BR-262/MG;Leste;Saida de Pista;1;;;;;;;;;;2;;;;
17/10/2021;17:00:00;703;ac03 - Acidente com Danos Materiais;645;BR-153/GO;Sul;Tombamento;;;1;;;;;;;;1;;;;
17/10/2021;18:37:00;817;ac02 - Acidente com Vítima;101;BR-060/GO;Sul;Atropelamento - Usuário;1;;;;;1;;;;;2;1;;;
17/10/2021;19:09:00;839;ac03 - Acidente com Danos Materiais;540;BR-153/GO;Sul;Saida de Pista;1;;;;;;;;;;1;;;;
17/10/2021;19:10:00;840;ac02 - Acidente com Vítima;59,5;BR-060/GO;Sul;Capotamento;1;;;;;;;;;;0;;1;;
17/10/2021;19:48:00;855;ac02 - Acidente com Vítima;702;BR-153/GO;Sul;Saida de Pista;1;;;;;1;;;;;2;1;;;
17/10/2021;20:58:00;890;ac03 - Acidente com Danos Materiais;693;BR-153/GO;Norte;Choque - Outros;1;;1;;;;;;;1;6;;;;
17/10/2021;22:22:00;913;ac03 - Acidente com Danos Materiais;111;BR-153/MG;Sul;Atropelamento de Animal;;;1;;;;;;;;1;;;;
17/10/2021;23:36:00;934;ac02 - Acidente com Vítima;523;BR-262/MG;Leste;Colisão Transversal;1;;;;;;;;;1;1;;1;;
18/10/2021;06:01:00;70;ac03 - Acidente com Danos Materiais;119;BR-060/GO;Sul;Saida de Pista;;;1;;;;;;;;1;;;;
18/10/2021;06:42:00;86;ac03 - Acidente com Danos Materiais;656;BR-153/GO;Norte;Saida de Pista;1;;;;;;;;;;1;;;;
18/10/2021;07:17:00;98;ac02 - Acidente com Vítima;508;BR-153/GO;Sul;Colisão Traseira;;;1;1;;;;;;;1;1;1;;
18/10/2021;07:36:00;104;ac03 - Acidente com Danos Materiais;94,7;BR-060/GO;Sul;Engavetamento;3;;;;;;;;;;3;;;;
18/10/2021;08:45:00;135;ac03 - Acidente com Danos Materiais;795;BR-262/MG;Oeste;Colisão Traseira;2;;;;;;;;;;2;;;;
18/10/2021;09:30:00;177;ac03 - Acidente com Danos Materiais;172,3;BR-153/MG;Norte;Saida de Pista;1;;;;;;;;;;1;;;;
18/10/2021;14:07:00;296;ac02 - Acidente com Vítima;118;BR-060/GO;Norte;Colisão Transversal;1;;;1;;;;;;;1;;1;;
18/10/2021;15:25:00;316;ac02 - Acidente com Vítima;99;BR-060/GO;Sul;Colisão Frontal;1;;;;1;;;;;;1;;;1;
18/10/2021;17:14:00;428;ac02 - Acidente com Vítima;3;BR-060/DF;Norte;Colisão Traseira;1;;;1;;;;;;;1;;1;;
18/10/2021;18:51:00;459;ac03 - Acidente com Danos Materiais;358;BR-262/MG;Oeste;Capotamento;1;;;;;;;;;;1;;;;
18/10/2021;19:45:00;485;ac03 - Acidente com Danos Materiais;388;BR-262/MG;Leste;Colisão Traseira;;;2;;;;;;;;2;;;;
18/10/2021;19:54:00;493;ac03 - Acidente com Danos Materiais;16;BR-060/GO;Norte;Saida de Pista;;;2;;;;;;;;2;;;;
18/10/2021;20:14:00;508;ac03 - Acidente com Danos Materiais;549;BR-262/MG;Oeste;Colisão Traseira;3;;;;;;;;;;6;;;;
19/10/2021;10:50:00;236;ac02 - Acidente com Vítima;571;BR-153/GO;Sul;Capotamento;1;;;;;;;;;;0;1;;;
19/10/2021;10:56:00;259;ac03 - Acidente com Danos Materiais;619,2;BR-153/GO;Norte;Tombamento;;;1;;;;;;;;1;;;;
19/10/2021;11:33:00;306;ac03 - Acidente com Danos Materiais;26;BR-060/GO;Sul;Colisão Lateral;1;;;;;1;;;;;2;;;;
19/10/2021;12:10:00;355;ac03 - Acidente com Danos Materiais;509;BR-153/GO;Norte;Colisão Traseira;2;;;;;;;;;;2;;;;
19/10/2021;12:58:00;419;ac01 - Acidente com Vítima Fatal;385;BR-262/MG;Oeste;Tombamento;;;1;;;;;;;;0;;;;1
19/10/2021;14:45:00;481;ac03 - Acidente com Danos Materiais;664;BR-153/GO;Sul;Saida de Pista;;;1;;;1;;;;;2;;;;
19/10/2021;14:47:00;482;ac03 - Acidente com Danos Materiais;380;BR-262/MG;Oeste;Saida de Pista;1;;;;;;;;;;1;;;;
19/10/2021;15:32:00;503;ac02 - Acidente com Vítima;495;BR-153/GO;Norte;Colisão Traseira;1;;;1;;;;;;;1;;1;;
19/10/2021;20:45:00;624;ac03 - Acidente com Danos Materiais;353;BR-262/MG;Leste;Choque - Talude;1;;;;;;;;;;1;;;;
20/10/2021;02:12:00;74;ac03 - Acidente com Danos Materiais;442,7;BR-262/MG;Oeste;Saida de Pista;1;;;;;;;;;;2;;;;
20/10/2021;08:00:00;168;ac03 - Acidente com Danos Materiais;595;BR-262/MG;Leste;Saida de Pista;;;1;;;;;;;;1;;;;
20/10/2021;08:22:00;181;ac03 - Acidente com Danos Materiais;549;BR-262/MG;Oeste;Choque - Barreira;1;;;;;;;;;;1;;;;
20/10/2021;08:22:00;186;ac02 - Acidente com Vítima;604;BR-262/MG;Oeste;Saida de Pista;1;;;;;;;;;;2;1;;;
20/10/2021;08:51:00;229;ac03 - Acidente com Danos Materiais;116;BR-060/GO;Norte;Capotamento;1;;;;;;;;;;1;;;;
20/10/2021;09:19:00;256;ac03 - Acidente com Danos Materiais;370;BR-262/MG;Leste;Choque - Defensa;;;;;;;;;;1;1;;;;
20/10/2021;10:57:00;439;ac02 - Acidente com Vítima;380;BR-262/MG;Oeste;Saida de Pista;1;;;;;;;;;;0;1;;;
20/10/2021;14:26:00;648;ac03 - Acidente com Danos Materiais;607,9;BR-262/MG;Leste;Tombamento;1;;3;;;;;;;;4;;;;
20/10/2021;14:38:00;656;ac02 - Acidente com Vítima;131,8;BR-060/GO;Sul;Saida de Pista;1;;;;;;;;;;4;1;;;
20/10/2021;14:54:00;666;ac03 - Acidente com Danos Materiais;129;BR-060/GO;Norte;Saida de Pista;;;1;;;;;;;;1;;;;
20/10/2021;15:39:00;725;ac03 - Acidente com Danos Materiais;607,3;BR-153/GO;Norte;Tombamento;;;1;;;;;;;;1;;;;
20/10/2021;16:10:00;758;ac03 - Acidente com Danos Materiais;499;BR-153/GO;Norte;Colisão Traseira;;;2;;;;;;;;2;;;;
20/10/2021;17:51:00;875;ac03 - Acidente com Danos Materiais;880;BR-262/MG;Leste;Colisão Traseira;;;3;;;;;;;;3;;;;
20/10/2021;18:20:00;915;ac03 - Acidente com Danos Materiais;500;BR-153/GO;Sul;Colisão Lateral;1;;;;;1;;;;;2;;;;
20/10/2021;19:38:00;951;ac03 - Acidente com Danos Materiais;501;BR-153/GO;Sul;Colisão Traseira;1;;;;;1;;;;;2;;;;
20/10/2021;20:51:00;971;ac03 - Acidente com Danos Materiais;4;BR-060/DF;Sul;Colisão Traseira;1;;;;;;1;;;;2;;;;
20/10/2021;21:57:00;994;ac03 - Acidente com Danos Materiais;25;BR-153/MG;Norte;Saida de Pista;1;;;;;;;;;;1;;;;
20/10/2021;22:31:00;1003;ac03 - Acidente com Danos Materiais;10;BR-060/GO;Sul;Saida de Pista;1;;;;;;;;;;1;;;;
20/10/2021;22:42:00;1008;ac02 - Acidente com Vítima;118;BR-060/GO;Norte;Colisão Traseira;2;;;;;;;;;;4;1;;;
21/10/2021;00:12:00;9;ac03 - Acidente com Danos Materiais;521;BR-153/GO;Norte;Colisão Traseira;;;2;;;;;;;;2;;;;
21/10/2021;01:39:00;117;ac03 - Acidente com Danos Materiais;75,5;BR-153/MG;Norte;Tombamento;;;1;;1;;;;;;4;;;;
21/10/2021;02:42:00;148;ac03 - Acidente com Danos Materiais;363;BR-262/MG;Leste;Colisão Traseira;;;2;;;;;;;;2;;;;
21/10/2021;06:10:00;227;ac03 - Acidente com Danos Materiais;527;BR-262/MG;Leste;Colisão Traseira;1;;1;;;;;;;;2;;;;
21/10/2021;06:58:00;248;ac03 - Acidente com Danos Materiais;92;BR-060/GO;Sul;Colisão Traseira;2;;;;;;;;;;2;;;;
21/10/2021;13:42:00;763;ac03 - Acidente com Danos Materiais;522,3;BR-262/MG;Oeste;Queda de Moto;;;;1;;;;;;;1;;;;
21/10/2021;15:56:00;895;ac02 - Acidente com Vítima;497;BR-153/GO;Norte;Objeto lançado contra veículo;;;;1;;;;;;;0;;1;;
21/10/2021;16:22:00;915;ac03 - Acidente com Danos Materiais;515;BR-153/GO;Sul;Saida de Pista;;;1;;;;;;;;2;;;;
21/10/2021;18:15:00;996;ac03 - Acidente com Danos Materiais;630,5;BR-153/GO;Sul;Saida de Pista;;;2;;;;;;;;2;;;;
21/10/2021;19:24:00;1045;ac02 - Acidente com Vítima;60;BR-060/GO;Sul;Colisão Transversal;1;;;1;;;;;;;1;1;;;
21/10/2021;20:16:00;1069;ac03 - Acidente com Danos Materiais;421;BR-262/MG;Leste;Colisão Traseira;;;2;;;;;;;;2;;;;
21/10/2021;20:18:00;1070;ac03 - Acidente com Danos Materiais;64;BR-153/MG;Sul;Capotamento;1;;;;;;;;;;2;;;;
21/10/2021;23:05:00;1167;ac02 - Acidente com Vítima;19;BR-060/DF;Norte;Colisão Traseira;1;;1;;;;;;;;1;1;;;
22/10/2021;07:05:00;155;ac03 - Acidente com Danos Materiais;127;BR-060/GO;Sul;Saida de Pista;1;;;;;;;;;;1;;;;
22/10/2021;08:51:00;221;ac03 - Acidente com Danos Materiais;493,1;BR-153/GO;Norte;Capotamento;;;;;;;;;;2;2;;;;
22/10/2021;09:08:00;232;ac03 - Acidente com Danos Materiais;671;BR-153/GO;Norte;Saida de Pista;;;;;;1;;;;1;3;;;;
22/10/2021;11:03:00;409;ac02 - Acidente com Vítima;10,7;BR-153/MG;Sul;Colisão Traseira;;;2;;;;;;;;1;1;;;
22/10/2021;13:41:00;583;ac03 - Acidente com Danos Materiais;98;BR-153/MG;Sul;Colisão Traseira;;;1;;1;;;;;;2;;;;
22/10/2021;14:24:00;606;ac03 - Acidente com Danos Materiais;501;BR-153/GO;Sul;Colisão Traseira;2;;;;;;;;;;2;;;;
22/10/2021;16:24:00;727;ac03 - Acidente com Danos Materiais;757,8;BR-262/MG;Leste;Saida de Pista;;;;;;;;;;1;1;;;;
22/10/2021;16:42:00;745;ac03 - Acidente com Danos Materiais;104;BR-060/GO;Sul;Colisão Traseira;2;;;;;;;;;;3;;;;
22/10/2021;17:02:00;754;ac03 - Acidente com Danos Materiais;554;BR-262/MG;Leste;Tombamento;;;1;;;;;;;;1;;;;
22/10/2021;17:16:00;763;ac03 - Acidente com Danos Materiais;472;BR-262/MG;Leste;Engavetamento;3;;;;;;;;;;3;;;;
22/10/2021;18:32:00;801;ac01 - Acidente com Vítima Fatal;705;BR-262/MG;Oeste;Queda de Ponte/Viaduto;;;1;;;;;;;;0;;;;1
22/10/2021;19:30:00;833;ac03 - Acidente com Danos Materiais;73;BR-153/MG;Norte;Saida de Pista;;;1;;;;;;;;1;;;;
22/10/2021;21:36:00;884;ac01 - Acidente com Vítima Fatal;564;BR-262/MG;Leste;Colisão Frontal;1;;;;;;;;;1;0;;;1;2
22/10/2021;22:46:00;908;ac03 - Acidente com Danos Materiais;234;BR-153/MG;Sul;Atropelamento de Animal;1;;;;;;;;;;1;;;;
23/10/2021;01:06:00;22;ac03 - Acidente com Danos Materiais;12,2;BR-153/MG;Sul;Capotamento;1;;;;;;;;;;1;;;;
23/10/2021;03:44:00;56;ac03 - Acidente com Danos Materiais;686;BR-262/MG;Oeste;Saida de Pista;;;;;;;;;;1;7;;;;
23/10/2021;10:28:00;390;ac02 - Acidente com Vítima;507;BR-153/GO;Norte;Queda de Moto;;;;1;;;;;;;0;;1;;
23/10/2021;13:47:00;519;ac03 - Acidente com Danos Materiais;677;BR-262/MG;Leste;Saida de Pista;1;;;;;;;;;;2;;;;
23/10/2021;15:17:00;575;ac03 - Acidente com Danos Materiais;19;BR-060/GO;Sul;Colisão Traseira;2;;;;;;;;;;2;;;;
23/10/2021;19:37:00;730;ac03 - Acidente com Danos Materiais;505;BR-153/GO;Norte;Colisão Traseira;1;;1;;;;;;;;4;;;;
24/10/2021;08:37:00;93;ac03 - Acidente com Danos Materiais;407;BR-262/MG;Oeste;Saida de Pista;1;;;;;;;;;;5;;;;
24/10/2021;08:57:00;103;ac02 - Acidente com Vítima;475;BR-262/MG;Leste;Queda de Moto;;;;1;;;;;;;0;1;;;
24/10/2021;09:23:00;125;ac03 - Acidente com Danos Materiais;118;BR-153/MG;Sul;Colisão Lateral;1;;1;;;;;;;;2;;;;
24/10/2021;09:36:00;134;ac03 - Acidente com Danos Materiais;369;BR-262/MG;Leste;Saida de Pista;1;;;;;;;;;;2;;;;
24/10/2021;10:05:00;157;ac03 - Acidente com Danos Materiais;380;BR-262/MG;Leste;Saida de Pista;1;;;;;;;;;;2;;;;
24/10/2021;11:38:00;213;ac03 - Acidente com Danos Materiais;419;BR-262/MG;Leste;Saida de Pista;1;;;;;;;;;;1;;;;
24/10/2021;12:12:00;237;ac03 - Acidente com Danos Materiais;49,5;BR-060/GO;Norte;Capotamento;1;;;;;;;;;;1;;;;
24/10/2021;12:13:00;238;ac03 - Acidente com Danos Materiais;580;BR-153/GO;Norte;Choque - Cancela de Pedagio;1;;;;;;;;;;1;;;;
24/10/2021;14:06:00;281;ac03 - Acidente com Danos Materiais;110;BR-060/GO;Sul;Capotamento;1;;;;;;;;;;1;;;;
24/10/2021;16:13:00;347;ac03 - Acidente com Danos Materiais;190;BR-153/MG;Norte;Engavetamento;;;3;;;;;;;;5;;;;
24/10/2021;16:46:00;366;ac03 - Acidente com Danos Materiais;30;BR-060/DF;Norte;Capotamento;1;;;;;;;;;1;4;;;;
24/10/2021;17:36:00;398;ac02 - Acidente com Vítima;100;BR-060/GO;Norte;Capotamento;1;;;;;;;;;;0;1;;;
24/10/2021;17:37:00;399;ac03 - Acidente com Danos Materiais;379;BR-262/MG;Leste;Saida de Pista;;;;;;;;;;1;2;;;;
24/10/2021;18:11:00;417;ac03 - Acidente com Danos Materiais;16;BR-060/DF;Norte;Saida de Pista;1;;;;;;;;;;3;;;;
24/10/2021;19:25:00;463;ac03 - Acidente com Danos Materiais;592;BR-153/GO;Norte;Saida de Pista;1;;;;;;;;;;5;;;;
24/10/2021;19:48:00;471;ac03 - Acidente com Danos Materiais;125;BR-060/GO;Norte;Colisão Traseira;2;;;;;;;;;;2;;;;
24/10/2021;20:05:00;479;ac02 - Acidente com Vítima;600;BR-153/GO;Norte;Capotamento;1;;;;;;;;;;0;1;;;
25/10/2021;01:16:00;16;ac03 - Acidente com Danos Materiais;535;BR-153/GO;Sul;Capotamento;;;;;;;;;;1;1;;;;
25/10/2021;10:57:00;403;ac03 - Acidente com Danos Materiais;594;BR-153/GO;Sul;Colisão Traseira;;;2;;;;;;;;2;;;;
25/10/2021;14:39:00;575;ac03 - Acidente com Danos Materiais;582;BR-153/GO;Norte;Choque - Elemento de Drenagem;;;;;;;;;;1;1;;;;
25/10/2021;14:43:00;578;ac03 - Acidente com Danos Materiais;83;BR-153/MG;Sul;Tombamento;;;1;;;;;;;;1;;;;
25/10/2021;14:45:00;579;ac01 - Acidente com Vítima Fatal;509;BR-153/GO;Norte;Engavetamento;4;;;1;;;;;;;4;;;;1
25/10/2021;14:59:00;587;ac03 - Acidente com Danos Materiais;511;BR-153/GO;Sul;Colisão Traseira;1;;;;;1;;;;;3;;;;
25/10/2021;15:54:00;622;ac02 - Acidente com Vítima;28;BR-060/DF;Sul;Capotamento;1;;;;;;;;;;0;;2;;
25/10/2021;15:59:00;630;ac03 - Acidente com Danos Materiais;406,5;BR-262/MG;Leste;Saida de Pista;;;1;;;;;;;;1;;;;
25/10/2021;16:05:00;635;ac02 - Acidente com Vítima;557;BR-262/MG;Oeste;Tombamento;;;1;;;;;;;;0;1;;;
25/10/2021;17:15:00;672;ac03 - Acidente com Danos Materiais;367;BR-262/MG;Oeste;Saida de Pista;;;1;;;;;;;;1;;;;
25/10/2021;17:50:00;715;ac03 - Acidente com Danos Materiais;381;BR-262/MG;Leste;Saida de Pista;;;1;;;1;;;;;2;;;;
25/10/2021;17:59:00;729;ac03 - Acidente com Danos Materiais;379;BR-262/MG;Leste;Saida de Pista;1;;;;;;;;;;1;;;;
25/10/2021;21:05:00;789;ac03 - Acidente com Danos Materiais;113;BR-060/GO;Sul;Carreta deu L;;;1;;;;;;;;1;;;;
25/10/2021;22:26:00;806;ac03 - Acidente com Danos Materiais;116;BR-060/GO;Sul;Saida de Pista;;;1;;;;;;;;1;;;;
26/10/2021;04:40:00;29;ac03 - Acidente com Danos Materiais;599,5;BR-153/GO;Sul;Carreta deu L;;;1;;;;;;;;1;;;;
26/10/2021;05:49:00;42;ac03 - Acidente com Danos Materiais;595;BR-262/MG;Leste;Saida de Pista;;;1;;;;;;;;1;;;;
26/10/2021;06:21:00;49;ac03 - Acidente com Danos Materiais;595;BR-262/MG;Leste;Saida de Pista;1;;;;;;;;;;2;;;;
26/10/2021;08:07:00;90;ac03 - Acidente com Danos Materiais;79;BR-153/MG;Norte;Colisão Traseira;;;2;;;;;;;;2;;;;
26/10/2021;08:59:00;107;ac03 - Acidente com Danos Materiais;585;BR-262/MG;Leste;Colisão Traseira;;;2;;;;;;;;2;;;;
26/10/2021;09:53:00;127;ac02 - Acidente com Vítima;547;BR-262/MG;Oeste;Colisão Transversal;1;;1;;;;;;;;4;;;1;
26/10/2021;10:04:00;141;ac03 - Acidente com Danos Materiais;586,5;BR-262/MG;Leste;Tombamento;;;1;;;;;;;;1;;;;
26/10/2021;10:21:00;153;ac03 - Acidente com Danos Materiais;379;BR-262/MG;Leste;Saida de Pista;;;1;;;;;;;;1;;;;
26/10/2021;10:38:00;168;ac03 - Acidente com Danos Materiais;500,9;BR-153/GO;Norte;Engavetamento;1;;;;;;;;;2;3;;;;
26/10/2021;11:10:00;184;ac02 - Acidente com Vítima;657;BR-262/MG;Leste;Saida de Pista;1;;;;;1;;;;;1;2;;;
26/10/2021;12:08:00;223;ac02 - Acidente com Vítima;7;BR-060/DF;Sul;Saida de Pista;1;;;;;;;;;;0;1;;;
26/10/2021;12:31:00;250;ac03 - Acidente com Danos Materiais;109,4;BR-060/GO;Norte;Colisão Traseira;;;2;;;;;;;;2;;;;
26/10/2021;14:52:00;358;ac03 - Acidente com Danos Materiais;119,5;BR-060/GO;Sul;Capotamento;;;1;;;;;;;;1;;;;
26/10/2021;15:47:00;395;ac03 - Acidente com Danos Materiais;27,5;BR-060/DF;Norte;Capotamento;;;;;;;;;;1;1;;;;
26/10/2021;15:53:00;396;ac03 - Acidente com Danos Materiais;28;BR-060/DF;Norte;Saida de Pista;;;;;;;;;;1;1;;;;
26/10/2021;16:06:00;432;ac03 - Acidente com Danos Materiais;542;BR-153/GO;Sul;Carreta deu L;;;1;;;;;;;;1;;;;
26/10/2021;18:36:00;536;ac03 - Acidente com Danos Materiais;542;BR-153/GO;Sul;Colisão Traseira;2;;;;;;;;;;2;;;;
26/10/2021;19:30:00;563;ac03 - Acidente com Danos Materiais;597;BR-153/GO;Sul;Choque - Talude;;;1;;;;;;;;1;;;;
27/10/2021;06:04:00;66;ac01 - Acidente com Vítima Fatal;663,3;BR-262/MG;Leste;Colisão Frontal;1;;1;;;;;;;;1;;;;2
27/10/2021;06:11:00;68;ac03 - Acidente com Danos Materiais;600;BR-153/GO;Sul;Tombamento;;;;;1;;;;;;1;;;;
27/10/2021;06:17:00;70;ac02 - Acidente com Vítima;148,157;BR-153/MG;Norte;Colisão Lateral;;;4;;;;;;;;3;1;;;
27/10/2021;06:56:00;82;ac03 - Acidente com Danos Materiais;591;BR-262/MG;Oeste;Tombamento;;;1;;;;;;;;1;;;;
27/10/2021;10:19:00;172;ac03 - Acidente com Danos Materiais;498;BR-153/GO;Norte;Choque - Defensa;1;;;;;;;;;;1;;;;
27/10/2021;12:12:00;292;ac03 - Acidente com Danos Materiais;40;BR-060/GO;Sul;Tombamento;;;1;;;;;;;;1;;;;
27/10/2021;13:46:00;371;ac02 - Acidente com Vítima;814;BR-262/MG;Leste;Colisão Lateral;;;;;;1;;;;1;2;1;;;
27/10/2021;14:10:00;379;ac03 - Acidente com Danos Materiais;114;BR-060/GO;Sul;Queda de Ciclista;;;;1;;;;;;;1;;;;
27/10/2021;14:56:00;401;ac03 - Acidente com Danos Materiais;495;BR-153/GO;Sul;Saida de Pista;1;;;;;;;;;;1;;;;
27/10/2021;15:32:00;452;ac03 - Acidente com Danos Materiais;57,7;BR-153/MG;Sul;Colisão Traseira;;;2;;;;;;;;2;;;;
27/10/2021;15:53:00;456;ac03 - Acidente com Danos Materiais;665;BR-262/MG;Oeste;Saida de Pista;;;1;;;;;;;;1;;;;
27/10/2021;16:00:00;457;ac02 - Acidente com Vítima;77,768;BR-153/MG;Norte;Colisão Traseira;;;2;;;2;;;;;4;1;;;
27/10/2021;16:33:00;465;ac01 - Acidente com Vítima Fatal;773,378;BR-262/MG;Leste;Colisão Frontal;;;1;;;;;;;1;0;;;;2
27/10/2021;17:16:00;477;ac03 - Acidente com Danos Materiais;503;BR-153/GO;Sul;Colisão Traseira;;;2;;;;;;;;2;;;;
27/10/2021;19:50:00;541;ac01 - Acidente com Vítima Fatal;40;BR-060/GO;Sul;Atropelamento - Usuário;1;;;;;;;;;;2;;;;1
28/10/2021;00:07:00;2;ac02 - Acidente com Vítima;24;BR-060/DF;Sul;Capotamento;1;;;;;;;;;;0;1;;;
28/10/2021;04:11:00;62;ac03 - Acidente com Danos Materiais;388;BR-262/MG;Oeste;Colisão Frontal;;;;;;;;;;1;1;;;;
28/10/2021;05:12:00;68;ac03 - Acidente com Danos Materiais;654;BR-153/GO;Norte;Colisão Traseira;;;2;;;;;;;;2;;;;
28/10/2021;05:43:00;74;ac02 - Acidente com Vítima;58,2;BR-153/MG;Norte;Colisão Traseira;;;2;;;;;;;;1;1;;;
28/10/2021;07:17:00;95;ac02 - Acidente com Vítima;433,6;BR-262/MG;Leste;Tombamento;;;1;;;;;;;;0;;;1;
28/10/2021;07:41:00;106;ac02 - Acidente com Vítima;494;BR-153/GO;Sul;Colisão Traseira;;;;1;;1;;;;;1;1;;;
28/10/2021;08:35:00;136;ac03 - Acidente com Danos Materiais;855;BR-262/MG;Oeste;Colisão Lateral;2;;;;;;;;;;2;;;;
28/10/2021;09:11:00;148;ac03 - Acidente com Danos Materiais;679;BR-262/MG;Leste;Colisão Traseira;;;2;;;;;;;;2;;;;
28/10/2021;12:58:00;278;ac02 - Acidente com Vítima;498,5;BR-153/GO;Norte;Colisão Traseira;1;;;1;;;;;;;1;1;;;
28/10/2021;13:25:00;288;ac03 - Acidente com Danos Materiais;757,5;BR-262/MG;Leste;Saida de Pista;;;1;;;;;;;;1;;;;
28/10/2021;15:20:00;325;ac03 - Acidente com Danos Materiais;365;BR-262/MG;Oeste;Queda de Moto;;;1;1;;;;;;;2;;;;
28/10/2021;17:53:00;418;ac03 - Acidente com Danos Materiais;95;BR-060/GO;Norte;Colisão Lateral;1;;;;;;;;;1;2;;;;
29/10/2021;05:49:00;70;ac02 - Acidente com Vítima;2;BR-153/MG;Norte;Colisão Traseira;1;;;;;1;;;;;1;2;;;
29/10/2021;07:49:00;125;ac02 - Acidente com Vítima;101;BR-060/GO;Sul;Queda de Moto;;;;1;;1;;;;;1;;1;;
29/10/2021;08:42:00;150;ac03 - Acidente com Danos Materiais;7,218;BR-060/GO;Sul;Choque - Elemento de Drenagem;1;;;;;;;;;;1;;;;
29/10/2021;14:26:00;369;ac02 - Acidente com Vítima;399,9;BR-262/MG;Oeste;Capotamento;;;;;;;;;;1;0;1;;;
29/10/2021;18:15:00;561;ac01 - Acidente com Vítima Fatal;371,084;BR-262/MG;Leste;Colisão Frontal;1;;;;1;;;;;;0;;;2;1
29/10/2021;23:29:00;680;ac02 - Acidente com Vítima;497;BR-153/GO;Norte;Queda de Ciclista;;;;1;;;;;;;0;;1;;
30/10/2021;00:58:00;11;ac03 - Acidente com Danos Materiais;561;BR-153/GO;Norte;Capotamento;1;;;;;;;;;;2;;;;
30/10/2021;04:08:00;44;ac03 - Acidente com Danos Materiais;73;BR-060/GO;Sul;Saida de Pista;1;;;;;;;;;;2;;;;
30/10/2021;05:08:00;54;ac03 - Acidente com Danos Materiais;570;BR-153/GO;Norte;Tombamento;;;1;;;;;;;;1;;;;
30/10/2021;05:28:00;56;ac03 - Acidente com Danos Materiais;560;BR-262/MG;Leste;Choque - Arvore;;;1;;;;;;;;1;;;;
30/10/2021;06:29:00;72;ac03 - Acidente com Danos Materiais;23;BR-153/MG;Sul;Queda de Moto;;;;1;;;;;;;1;;;;
30/10/2021;06:58:00;83;ac02 - Acidente com Vítima;500;BR-262/MG;Leste;Colisão Lateral;1;;1;;;;;;;;1;1;1;;
30/10/2021;08:16:00;127;ac03 - Acidente com Danos Materiais;499,6;BR-153/GO;Norte;Saida de Pista;;;1;;;;;;;;1;;;;
30/10/2021;08:45:00;144;ac03 - Acidente com Danos Materiais;398;BR-262/MG;Oeste;Colisão Lateral;1;;1;;;;;;;;2;;;;
30/10/2021;10:24:00;219;ac03 - Acidente com Danos Materiais;758;BR-262/MG;Leste;Colisão Transversal;1;;1;;;;;;;;2;;;;
30/10/2021;11:48:00;270;ac03 - Acidente com Danos Materiais;590;BR-153/GO;Sul;Colisão Traseira;;;2;;;;;;;;2;;;;
30/10/2021;14:27:00;370;ac03 - Acidente com Danos Materiais;8,8;BR-153/MG;Sul;Capotamento;1;;;;;2;;;;;3;;;;