data;horario;n_da_ocorrencia;tipo_de_ocorrencia;km;trecho;sentido;tipo_de_acidente;automovel;bicicleta;caminhao;moto;onibus;outros;tracao_animal;transporte_de_cargas_especiais;trator_maquinas;utilitarios;ilesos;levemente_feridos;moderadamente_feridos;gravemente_feridos;mortos
11/11/2021;11:54:00;162;ac03 - Acidente com Danos Materiais;112;BR-060/GO;Sul;Saida de Pista;1;;;;;;;;;;1;;;;
11/11/2021;11:59:00;164;ac03 - Acidente com Danos Materiais;388;BR-262/MG;Leste;Saida de Pista;1;;;;;;;;;;1;;;;
11/11/2021;12:04:00;170;ac03 - Acidente com Danos Materiais;575;BR-153/GO;Sul;Capotamento;1;;;;;;;;;;1;;;;
11/11/2021;12:18:00;176;ac03 - Acidente com Danos Materiais;57;BR-153/MG;Norte;Colisão Traseira;1;;1;;;;;;;;4;;;;
11/11/2021;14:22:00;214;ac03 - Acidente com Danos Materiais;47;BR-060/GO;Norte;Tombamento;;;1;;;;;;;;1;;;;
11/11/2021;14:35:00;216;ac03 - Acidente com Danos Materiais;28;BR-060/GO;Norte;Saida de Pista;;;;;;;;;;1;2;;;;
11/11/2021;14:58:00;218;ac02 - Acidente com Vítima;132;BR-060/GO;Norte;Saida de Pista;1;;;;;;;;;;0;1;;;
11/11/2021;15:00:00;219;ac02 - Acidente com Vítima;380;BR-262/MG;Leste;Choque - Elemento de Drenagem;;;;;;;;;;1;0;1;;;
11/11/2021;15:22:00;228;ac03 - Acidente com Danos Materiais;554;BR-262/MG;Leste;Capotamento;;;;;;;;;;1;1;;;;
11/11/2021;16:04:00;242;ac03 - Acidente com Danos Materiais;64;BR-060/GO;Sul;Capotamento;;;;;;;;;;1;1;;;;
11/11/2021;16:29:00;248;ac02 - Acidente com Vítima;383;BR-262/MG;Leste;Saida de Pista;;;;;;;;;;1;0;1;;;
11/11/2021;16:33:00;250;ac03 - Acidente com Danos Materiais;600,8;BR-153/GO;Sul;Saida de Pista;1;;;;;;;;;;1;;;;
11/11/2021;17:14:00;260;ac03 - Acidente com Danos Materiais;95;BR-060/GO;Sul;Colisão Lateral;1;;1;;;;;;;;2;;;;
11/11/2021;19:45:00;316;ac02 - Acidente com Vítima;512;BR-153/GO;Sul;Engavetamento;5;;;;1;;;;;;5;1;;;
12/11/2021;06:19:00;56;ac03 - Acidente com Danos Materiais;498;BR-262/MG;Oeste;Capotamento;1;;;;;;;;;;1;;;;
12/11/2021;07:16:00;66;ac03 - Acidente com Danos Materiais;391;BR-262/MG;Oeste;Choque - Elemento de Drenagem;1;;;;;;;;;;1;;;;
12/11/2021;10:20:00;188;ac03 - Acidente com Danos Materiais;71,6;BR-153/MG;Sul;Colisão Traseira;1;;2;;;;;;;;3;;;;
12/11/2021;12:25:00;272;ac03 - Acidente com Danos Materiais;81;BR-060/GO;Sul;Choque - Elemento de Drenagem;1;;;;;;;;;;1;;;;
12/11/2021;13:51:00;313;ac03 - Acidente com Danos Materiais;402;BR-262/MG;Leste;Saida de Pista;;;2;;;;;;;;2;;;;
12/11/2021;13:50:00;314;ac03 - Acidente com Danos Materiais;415;BR-262/MG;Leste;Saida de Pista;2;;1;;;;;;;;3;;;;
12/11/2021;14:41:00;345;ac03 - Acidente com Danos Materiais;28;BR-060/GO;Norte;Saida de Pista;;;;;;;;;;1;1;;;;
12/11/2021;16:17:00;407;ac02 - Acidente com Vítima;379;BR-262/MG;Leste;Capotamento;1;;;;;;;;;;0;2;;;
12/11/2021;16:41:00;421;ac03 - Acidente com Danos Materiais;501,8;BR-153/GO;Sul;Colisão Traseira;2;;;;;;;;;;2;;;;
12/11/2021;18:12:00;450;ac03 - Acidente com Danos Materiais;7;BR-060/GO;Sul;Queda de Moto;;;;1;;;;;;;1;;;;
12/11/2021;20:36:00;542;ac03 - Acidente com Danos Materiais;89;BR-060/GO;Norte;Colisão Lateral;1;;;;;;;;;1;2;;;;
12/11/2021;20:49:00;547;ac03 - Acidente com Danos Materiais;28,257;BR-060/DF;Norte;Choque - Talude;;;;;;;;;;1;1;;;;
12/11/2021;22:36:00;598;ac03 - Acidente com Danos Materiais;137;BR-060/GO;Sul;Saida de Pista;1;;;;;;;;;;1;;;;
12/11/2021;22:41:00;599;ac03 - Acidente com Danos Materiais;661;BR-153/GO;Norte;Tombamento;;;2;;;;;;;;2;;;;
13/11/2021;00:24:00;6;ac03 - Acidente com Danos Materiais;169;BR-153/MG;Norte;Tombamento;;;1;;;;;;;;1;;;;
13/11/2021;00:29:00;9;ac02 - Acidente com Vítima;799;BR-262/MG;Leste;Atropelamento de Animal;1;;;;;;;;;;0;1;2;;
13/11/2021;02:38:00;41;ac03 - Acidente com Danos Materiais;551;BR-262/MG;Leste;Saida de Pista;;;1;;;;;;;;1;;;;
13/11/2021;08:17:00;197;ac02 - Acidente com Vítima;126;BR-060/GO;Norte;Choque - Elemento de Drenagem;;;;1;;;;;;;0;1;;;
13/11/2021;10:46:00;519;ac03 - Acidente com Danos Materiais;28,4;BR-060/GO;Norte;Choque - Elemento de Drenagem;1;;;;;;;;;;1;;;;
13/11/2021;12:20:00;620;ac03 - Acidente com Danos Materiais;545,5;BR-153/GO;Norte;Capotamento;1;;;;;;;;;;2;;;;
13/11/2021;12:43:00;658;ac03 - Acidente com Danos Materiais;494;BR-153/GO;Norte;Colisão Traseira;1;;;1;;;;;;;2;;;;
13/11/2021;13:03:00;683;ac03 - Acidente com Danos Materiais;0,5;BR-060/GO;Sul;Saida de Pista;1;;;;;;;;;;2;;;;
13/11/2021;14:00:00;719;ac03 - Acidente com Danos Materiais;25;BR-060/GO;Norte;Capotamento;1;;;;;;;;;;1;;;;
13/11/2021;15:09:00;775;ac03 - Acidente com Danos Materiais;529;BR-153/GO;Norte;Choque - Elemento de Drenagem;1;;;;;;;;;;2;;;;
13/11/2021;15:10:00;776;ac03 - Acidente com Danos Materiais;19;BR-060/DF;Norte;Saida de Pista;1;;;;;;;;;;2;;;;
13/11/2021;15:16:00;782;ac03 - Acidente com Danos Materiais;590;BR-153/GO;Norte;Choque - Arvore;1;;;;;;;;;;1;;;;
13/11/2021;15:27:00;788;ac03 - Acidente com Danos Materiais;587;BR-153/GO;Norte;Capotamento;1;;;;;;;;;;1;;;;
13/11/2021;17:59:00;915;ac03 - Acidente com Danos Materiais;580;BR-153/GO;Sul;Choque - Talude;;;1;;;1;;;;;2;;;;
13/11/2021;21:34:00;1029;ac03 - Acidente com Danos Materiais;375;BR-262/MG;Oeste;Saida de Pista;2;;;;;;;;;;2;;;;
14/11/2021;04:33:00;128;ac03 - Acidente com Danos Materiais;83,2;BR-060/GO;Norte;Capotamento;1;;;;;;;;;;2;;;;
14/11/2021;05:25:00;149;ac02 - Acidente com Vítima;898;BR-262/MG;Leste;Saida de Pista;;;1;;;;;;;;0;;1;;
14/11/2021;06:06:00;172;ac02 - Acidente com Vítima;24;BR-060/DF;Norte;Choque - Arvore;1;;;;;;;;;;0;;1;;
14/11/2021;06:32:00;181;ac03 - Acidente com Danos Materiais;6;BR-060/GO;Norte;Choque - Defensa;1;;;;;;;;;;1;;;;
14/11/2021;09:07:00;338;ac02 - Acidente com Vítima;357;BR-262/MG;Oeste;Queda de Moto;;;;1;;;;;;;0;2;;;
14/11/2021;09:17:00;371;ac03 - Acidente com Danos Materiais;499;BR-153/GO;Norte;Queda de Moto;;;;1;;;;;;;2;;;;
14/11/2021;12:38:00;739;ac03 - Acidente com Danos Materiais;81,4;BR-060/GO;Sul;Choque - Elemento de Drenagem;1;;;;;;;;;;1;;;;
14/11/2021;12:51:00;754;ac02 - Acidente com Vítima;81,2;BR-060/GO;Sul;Choque - Talude;1;;;;;;;;;;0;1;1;;
14/11/2021;15:00:00;865;ac03 - Acidente com Danos Materiais;24;BR-060/GO;Sul;Capotamento;1;;;;;;;;;;2;;;;
14/11/2021;17:08:00;933;ac02 - Acidente com Vítima;402,3;BR-262/MG;Leste;Colisão Traseira;1;;;1;;;;;;;2;1;;;
14/11/2021;17:30:00;943;ac03 - Acidente com Danos Materiais;33;BR-060/GO;Sul;Colisão Traseira;2;;;;;;;;;;2;;;;
14/11/2021;18:09:00;983;ac03 - Acidente com Danos Materiais;493;BR-153/GO;Sul;Saida de Pista;;;1;;;;;;;;1;;;;
14/11/2021;18:33:00;992;ac03 - Acidente com Danos Materiais;93;BR-060/GO;Sul;Choque - Elemento de Drenagem;1;;;;;;;;;;1;;;;
14/11/2021;18:52:00;1004;ac03 - Acidente com Danos Materiais;491;BR-153/GO;Norte;Colisão Traseira;2;;;;;;;;;;2;;;;
15/11/2021;05:21:00;62;ac02 - Acidente com Vítima;423,5;BR-262/MG;Oeste;Capotamento;1;;;;;;;;;;0;1;;;
15/11/2021;06:13:00;79;ac03 - Acidente com Danos Materiais;507;BR-153/GO;Sul;Colisão Traseira;2;;;;;;;;;;2;;;;
15/11/2021;11:32:00;349;ac03 - Acidente com Danos Materiais;546;BR-153/GO;Sul;Capotamento;2;;;;;;;;;;2;;;;
15/11/2021;14:04:00;434;ac03 - Acidente com Danos Materiais;449,8;BR-262/MG;Leste;Colisão Traseira;1;;;;;;;;;1;4;;;;
15/11/2021;16:42:00;532;ac03 - Acidente com Danos Materiais;375;BR-262/MG;Leste;Colisão Traseira;;;;;;;;;;2;2;;;;
15/11/2021;16:43:00;533;ac03 - Acidente com Danos Materiais;551;BR-262/MG;Leste;Engavetamento;;;3;;;;;;;;3;;;;
15/11/2021;18:18:00;590;ac03 - Acidente com Danos Materiais;3;BR-060/DF;Sul;Engavetamento;3;;;;;;;;;;3;;;;
15/11/2021;18:28:00;598;ac02 - Acidente com Vítima;367;BR-262/MG;Leste;Colisão Lateral;1;;;1;;;;;;;1;1;;;
15/11/2021;18:37:00;602;ac03 - Acidente com Danos Materiais;646,453;BR-153/GO;Sul;Colisão Lateral;2;;;;;;;;;;5;;;;
15/11/2021;19:50:00;668;ac03 - Acidente com Danos Materiais;548;BR-262/MG;Oeste;Tombamento;;;1;;;;;;;;1;;;;
15/11/2021;21:48:00;737;ac03 - Acidente com Danos Materiais;127;BR-060/GO;Sul;Saida de Pista;1;;;;;;;;;;1;;;;
16/11/2021;05:01:00;73;ac02 - Acidente com Vítima;43;BR-153/MG;Norte;Capotamento;1;;;;;;;;;;0;3;;1;
16/11/2021;07:28:00;119;ac03 - Acidente com Danos Materiais;46;BR-060/GO;Sul;Choque - Elemento de Drenagem;1;;;;;;;;;;1;;;;
16/11/2021;07:39:00;125;ac03 - Acidente com Danos Materiais;494,2;BR-153/GO;Sul;Colisão Traseira;1;;;;;;;;;;1;;;;
16/11/2021;09:11:00;180;ac03 - Acidente com Danos Materiais;494;BR-153/GO;Sul;Colisão Traseira;2;;;;;;;;;;2;;;;
16/11/2021;09:25:00;193;ac03 - Acidente com Danos Materiais;101;BR-060/GO;Norte;Colisão Traseira;;;1;;;;;;;1;2;;;;
16/11/2021;10:17:00;217;ac03 - Acidente com Danos Materiais;495,5;BR-153/GO;Sul;Colisão Traseira;1;;1;;;;;;;;2;;;;
16/11/2021;12:34:00;310;ac03 - Acidente com Danos Materiais;53,5;BR-060/GO;Sul;Saida de Pista;;;1;;;;;;;;1;;;;
16/11/2021;12:59:00;324;ac02 - Acidente com Vítima;71;BR-060/GO;Sul;Queda de Moto;;;;1;;;;;;;1;1;;;
16/11/2021;13:42:00;355;ac01 - Acidente com Vítima Fatal;524,9;BR-262/MG;Leste;Capotamento;1;;;;;;;;;;0;;;;1
16/11/2021;15:42:00;400;ac03 - Acidente com Danos Materiais;479;BR-262/MG;Leste;Colisão Traseira;2;;;;;;;;;;3;;;;
16/11/2021;17:18:00;435;ac03 - Acidente com Danos Materiais;492;BR-153/GO;Norte;Colisão Lateral;2;;;;;;;;;;2;;;;
16/11/2021;18:09:00;460;ac02 - Acidente com Vítima;506;BR-153/GO;Norte;Queda de Moto;1;;;1;;;;;;;1;1;;;
16/11/2021;19:17:00;494;ac03 - Acidente com Danos Materiais;506;BR-153/GO;Sul;Engavetamento;3;;;;;;;;;;3;;;;
16/11/2021;19:31:00;501;ac01 - Acidente com Vítima Fatal;39,925;BR-060/GO;Norte;Atropelamento - Ciclista;1;1;;;;;;;;;1;;;;1
16/11/2021;20:55:00;526;ac02 - Acidente com Vítima;803;BR-262/MG;Leste;Colisão Traseira;;1;;1;;;;;;;1;1;;;
16/11/2021;21:29:00;532;ac02 - Acidente com Vítima;501;BR-153/GO;Norte;Queda de Moto;;;;1;;;;;;;1;;1;;
17/11/2021;05:36:00;69;ac02 - Acidente com Vítima;79,3;BR-060/GO;Norte;Capotamento;;;;;;;;;;1;4;2;;;
17/11/2021;07:30:00;112;ac03 - Acidente com Danos Materiais;530,3;BR-153/GO;Norte;Tombamento;;;1;;;;;;;;1;;;;
17/11/2021;13:28:00;350;ac02 - Acidente com Vítima;28;BR-060/GO;Sul;Capotamento;1;;;;;;;;;;1;1;;;
17/11/2021;13:46:00;358;ac03 - Acidente com Danos Materiais;104,233;BR-060/GO;Sul;Choque - Elemento de Drenagem;1;;;;;;;;;;1;;;;
17/11/2021;14:14:00;371;ac03 - Acidente com Danos Materiais;128;BR-060/GO;Sul;Tombamento;;;1;;;;;;;;1;;;;
17/11/2021;15:02:00;394;ac03 - Acidente com Danos Materiais;128;BR-060/GO;Norte;Engavetamento;1;;2;;;;;;;;6;;;;
17/11/2021;15:57:00;425;ac03 - Acidente com Danos Materiais;500,5;BR-153/GO;Sul;Colisão Traseira;;;;;;;;;;2;2;;;;
17/11/2021;18:25:00;513;ac02 - Acidente com Vítima;451;BR-262/MG;Oeste;Colisão Lateral;1;;;1;;;;;;;1;;;1;
17/11/2021;18:39:00;522;ac02 - Acidente com Vítima;101;BR-060/GO;Norte;Queda de Moto;;;;1;;;;;;;0;1;;;
17/11/2021;21:38:00;644;ac02 - Acidente com Vítima;630;BR-153/GO;Sul;Capotamento;1;;;;;;;;;;0;1;;;
17/11/2021;22:02:00;657;ac03 - Acidente com Danos Materiais;100;BR-060/GO;Sul;Saida de Pista;1;;;;;;;;;;1;;;;
18/11/2021;00:07:00;3;ac03 - Acidente com Danos Materiais;46;BR-153/MG;Sul;Saida de Pista;1;;;;;;;;;;5;;;;
18/11/2021;05:02:00;79;ac02 - Acidente com Vítima;505,332;BR-153/GO;Norte;Colisão Traseira;1;;1;;;;;;;;1;2;;;
18/11/2021;07:15:00;144;ac03 - Acidente com Danos Materiais;607;BR-153/GO;Sul;Colisão Traseira;;;1;;;;;;;1;5;;;;
18/11/2021;08:19:00;219;ac03 - Acidente com Danos Materiais;568;BR-262/MG;Leste;Colisão Traseira;;;1;;;;;;;1;4;;;;
18/11/2021;10:24:00;332;ac03 - Acidente com Danos Materiais;112;BR-153/MG;Sul;Capotamento;1;;;;;;;;;;2;;;;
18/11/2021;10:26:00;333;ac03 - Acidente com Danos Materiais;568;BR-153/GO;Norte;Capotamento;1;;;;;;;;;;1;;;;
18/11/2021;11:57:00;374;ac03 - Acidente com Danos Materiais;129;BR-060/GO;Norte;Tombamento;1;;;;;;;;;;1;;;;
18/11/2021;12:27:00;387;ac02 - Acidente com Vítima;515;BR-153/GO;Sul;Colisão Lateral;;;;1;;1;;;;;1;1;;;
18/11/2021;12:28:00;389;ac03 - Acidente com Danos Materiais;148;BR-153/MG;Sul;Colisão Traseira;;;2;;;;;;;;2;;;;
18/11/2021;12:49:00;399;ac02 - Acidente com Vítima;574;BR-153/GO;Sul;Capotamento;2;;;;;;;;;;1;;1;;
18/11/2021;13:19:00;403;ac03 - Acidente com Danos Materiais;9;BR-060/DF;Sul;Colisão Traseira;2;;;;;;;;;;2;;;;
18/11/2021;13:39:00;410;ac03 - Acidente com Danos Materiais;18;BR-060/GO;Norte;Saida de Pista;1;;;;;;;;;;2;;;;
18/11/2021;13:52:00;413;ac03 - Acidente com Danos Materiais;44;BR-060/GO;Norte;Choque - Talude;;;;;;;;;;1;1;;;;
18/11/2021;13:57:00;415;ac03 - Acidente com Danos Materiais;588;BR-153/GO;Norte;Tombamento;;;;;;;;;;1;1;;;;
18/11/2021;14:35:00;426;ac03 - Acidente com Danos Materiais;100;BR-060/GO;Norte;Choque - Elemento de Drenagem;1;;;;;1;;;;;2;;;;
18/11/2021;15:26:00;448;ac03 - Acidente com Danos Materiais;188;BR-153/MG;Sul;Capotamento;1;;;;;;;;;;1;;;;
18/11/2021;15:29:00;449;ac03 - Acidente com Danos Materiais;642,5;BR-262/MG;Leste;Saida de Pista;1;;;;;;;;;;1;;;;
18/11/2021;17:31:00;540;ac03 - Acidente com Danos Materiais;89;BR-060/GO;Sul;Colisão Lateral;2;;;;;;;;;;3;;;;
18/11/2021;20:31:00;652;ac03 - Acidente com Danos Materiais;172,3;BR-153/MG;Norte;Saida de Pista;;;1;;;;;;;;1;;;;
19/11/2021;02:21:00;15;ac03 - Acidente com Danos Materiais;171;BR-153/MG;Norte;Saida de Pista;;;;;;;;;;1;2;;;;
19/11/2021;04:25:00;25;ac03 - Acidente com Danos Materiais;131;BR-060/GO;Norte;Choque- Placa/Suporte Sinalização;1;;;;;;;;;;1;;;;
19/11/2021;05:23:00;32;ac02 - Acidente com Vítima;549;BR-262/MG;Leste;Colisão Traseira;;;1;;;;;;;;0;1;;;
19/11/2021;06:31:00;47;ac03 - Acidente com Danos Materiais;374;BR-262/MG;Oeste;Saida de Pista;;;1;;;;;;;;2;;;;
19/11/2021;08:35:00;99;ac03 - Acidente com Danos Materiais;372;BR-262/MG;Leste;Choque - Elemento de Drenagem;;;;;;;;;;1;1;;;;
19/11/2021;09:16:00;129;ac03 - Acidente com Danos Materiais;496;BR-153/GO;Sul;Colisão Traseira;1;;;;;;;;;1;2;;;;
19/11/2021;10:59:00;272;ac03 - Acidente com Danos Materiais;482;BR-262/MG;Oeste;Choque - Defensa;1;;;;;;;;;;1;;;;
19/11/2021;15:22:00;463;ac03 - Acidente com Danos Materiais;629;BR-153/GO;Sul;Saida de Pista;1;;;;;;;;;;1;;;;
19/11/2021;15:57:00;478;ac03 - Acidente com Danos Materiais;139;BR-153/MG;Sul;Saida de Pista;1;;1;;;;;;;;2;;;;
19/11/2021;16:05:00;481;ac03 - Acidente com Danos Materiais;787;BR-262/MG;Leste;Carreta deu L;;;1;;;;;;;;2;;;;
19/11/2021;16:26:00;500;ac03 - Acidente com Danos Materiais;100;BR-060/GO;Sul;Saida de Pista;1;;;;;;;;;;1;;;;
19/11/2021;17:03:00;518;ac02 - Acidente com Vítima;470;BR-262/MG;Oeste;Capotamento;1;;;;;;;;;;1;;;1;
19/11/2021;17:19:00;526;ac03 - Acidente com Danos Materiais;803;BR-262/MG;Oeste;Colisão Traseira;2;;;;;;;;;;2;;;;
19/11/2021;17:38:00;532;ac02 - Acidente com Vítima;108;BR-153/MG;Sul;Colisão Lateral;1;;1;;;;;;;;1;1;;;
19/11/2021;18:16:00;545;ac03 - Acidente com Danos Materiais;388;BR-262/MG;Oeste;Choque- Poste/Equipamento;1;;;;;;;;;;1;;;;
19/11/2021;21:24:00;632;ac03 - Acidente com Danos Materiais;246;BR-153/MG;Sul;Queda de Moto;;;;1;;;;;;;1;;;;
19/11/2021;22:18:00;647;ac02 - Acidente com Vítima;517;BR-262/MG;Oeste;Colisão Lateral;1;;1;;;;;;;;2;5;;;
19/11/2021;23:58:00;659;ac03 - Acidente com Danos Materiais;164;BR-153/MG;Norte;Saida de Pista;1;;;;;;;;;;2;;;;
20/11/2021;02:59:00;20;ac03 - Acidente com Danos Materiais;500,353;BR-153/GO;Norte;Choque - Veiculo parado na pista;1;;;;;;;;;1;2;;;;
20/11/2021;05:20:00;32;ac03 - Acidente com Danos Materiais;822,2;BR-262/MG;Oeste;Choque - Talude;1;;;;;;;;;;3;;;;
20/11/2021;06:23:00;42;ac03 - Acidente com Danos Materiais;38,5;BR-153/MG;Sul;Saida de Pista;;;1;;;;;;;;1;;;;
20/11/2021;07:46:00;65;ac03 - Acidente com Danos Materiais;14,743;BR-060/GO;Sul;Colisão Lateral;2;;;;;;;;;;3;;;;
20/11/2021;10:11:00;160;ac03 - Acidente com Danos Materiais;109;BR-060/GO;Norte;Colisão Lateral;;;1;;;;;;;1;2;;;;
20/11/2021;10:36:00;193;ac03 - Acidente com Danos Materiais;377;BR-262/MG;Leste;Choque - Elemento de Drenagem;1;;;;;;;;;;1;;;;
20/11/2021;11:15:00;255;ac03 - Acidente com Danos Materiais;380;BR-262/MG;Oeste;Capotamento;1;;;;;;;;;;1;;;;
20/11/2021;12:07:00;301;ac03 - Acidente com Danos Materiais;822;BR-262/MG;Oeste;Tombamento;;;2;;;2;;;;;4;;;;
20/11/2021;12:58:00;352;ac03 - Acidente com Danos Materiais;380;BR-262/MG;Leste;Capotamento;1;;;;;;;;;;1;;;;
20/11/2021;13:05:00;353;ac02 - Acidente com Vítima;379;BR-262/MG;Leste;Capotamento;1;;;;;;;;;;0;2;;;
20/11/2021;13:11:00;355;ac03 - Acidente com Danos Materiais;517;BR-153/GO;Sul;Choque - Outros;1;;;;;1;;;;;2;;;;
20/11/2021;15:34:00;402;ac03 - Acidente com Danos Materiais;82,83;BR-060/GO;Norte;Choque - Elemento de Drenagem;1;;;;;;;;;;4;;;;
20/11/2021;15:36:00;404;ac03 - Acidente com Danos Materiais;608;BR-262/MG;Leste;Saida de Pista;;;;;;;;;;1;2;;;;
20/11/2021;15:43:00;407;ac03 - Acidente com Danos Materiais;30;BR-060/DF;Sul;Choque - Outros;;;1;;;1;;;;;2;;;;
20/11/2021;16:41:00;451;ac03 - Acidente com Danos Materiais;96,9;BR-060/GO;Norte;Choque - Elemento de Drenagem;1;;;;;;;;;;3;;;;
20/11/2021;16:43:00;453;ac02 - Acidente com Vítima;505,1;BR-153/GO;Sul;Engavetamento;1;;1;;;;;;;1;2;3;;;
20/11/2021;17:11:00;466;ac02 - Acidente com Vítima;5;BR-060/GO;Sul;Capotamento;1;;;;;;;;;1;1;1;;;
20/11/2021;17:23:00;471;ac03 - Acidente com Danos Materiais;655;BR-153/GO;Norte;Saida de Pista;1;;;;;;;;;;1;;;;
20/11/2021;18:09:00;489;ac02 - Acidente com Vítima;717;BR-262/MG;Leste;Queda de Moto;;;;1;;;;;;;0;2;;;
20/11/2021;19:35:00;524;ac03 - Acidente com Danos Materiais;530,1;BR-262/MG;Oeste;Tombamento;;;1;;;;;;;;1;;;;
20/11/2021;20:03:00;537;ac03 - Acidente com Danos Materiais;659;BR-262/MG;Oeste;Saida de Pista;;;;;;;;;;1;1;;;;
20/11/2021;20:08:00;540;ac01 - Acidente com Vítima Fatal;99,1;BR-060/GO;Sul;Engavetamento;2;;;1;;;;;;;4;;;;1
20/11/2021;21:16:00;560;ac03 - Acidente com Danos Materiais;820;BR-262/MG;Oeste;Choque - Elemento de Drenagem;1;;;;;;;;;;1;;;;
20/11/2021;21:24:00;562;ac02 - Acidente com Vítima;550;BR-262/MG;Leste;Tombamento;;;1;;;;;;;;0;1;;;
20/11/2021;22:39:00;575;ac03 - Acidente com Danos Materiais;639;BR-262/MG;Leste;Tombamento;;;1;;;;;;;;1;;;;
21/11/2021;01:41:00;17;ac03 - Acidente com Danos Materiais;209;BR-153/MG;Sul;Capotamento;1;;;;;;;;;;1;;;;
21/11/2021;02:58:00;25;ac03 - Acidente com Danos Materiais;514;BR-153/GO;Norte;Colisão Lateral;2;;;;;;;;;;2;;;;
21/11/2021;05:20:00;50;ac02 - Acidente com Vítima;379;BR-262/MG;Leste;Queda de Moto;;;;1;;;;;;;0;2;;;
21/11/2021;05:27:00;51;ac03 - Acidente com Danos Materiais;364;BR-262/MG;Oeste;Queda de Moto;;;;1;;;;;;;1;;;;
21/11/2021;05:57:00;55;ac03 - Acidente com Danos Materiais;537;BR-153/GO;Sul;Saida de Pista;1;;;;;;;;;;1;;;;
21/11/2021;08:40:00;151;ac02 - Acidente com Vítima;491,215;BR-153/GO;Sul;Queda de Moto;;;;1;;;;;;;1;1;;;
21/11/2021;08:41:00;152;ac02 - Acidente com Vítima;210;BR-153/MG;Sul;Queda de Moto;;;;1;;;;;;;0;2;;;
21/11/2021;10:32:00;238;ac03 - Acidente com Danos Materiais;380;BR-262/MG;Oeste;Queda de Moto;;;;1;;;;;;;1;;;;
21/11/2021;11:11:00;280;ac03 - Acidente com Danos Materiais;381;BR-262/MG;Oeste;Saida de Pista;1;;;;;;;;;;1;;;;
21/11/2021;11:34:00;292;ac03 - Acidente com Danos Materiais;381;BR-262/MG;Leste;Saida de Pista;1;;;;;;;;;;1;;;;
21/11/2021;13:01:00;341;ac03 - Acidente com Danos Materiais;502;BR-153/GO;Norte;Colisão Traseira;2;;;;;;;;;;3;;;;
21/11/2021;13:10:00;347;ac03 - Acidente com Danos Materiais;379;BR-262/MG;Oeste;Capotamento;1;;;;;;;;;;1;;;;
21/11/2021;15:02:00;396;ac03 - Acidente com Danos Materiais;1;BR-060/GO;Norte;Choque - Elemento de Drenagem;1;;;;;;;;;;1;;;;
21/11/2021;17:20:00;470;ac03 - Acidente com Danos Materiais;478,4;BR-262/MG;Leste;Colisão Lateral;2;;;;;;;;;;3;;;;
21/11/2021;17:22:00;473;ac03 - Acidente com Danos Materiais;747;BR-262/MG;Leste;Colisão Lateral;1;;1;;;;;;;;2;;;;
21/11/2021;17:30:00;479;ac03 - Acidente com Danos Materiais;39,547;BR-060/GO;Norte;Choque - Barreira;1;;;;;;;;;;1;;;;
21/11/2021;17:33:00;481;ac03 - Acidente com Danos Materiais;407;BR-262/MG;Oeste;Saida de Pista;1;;;;;;;;;;4;;;;
21/11/2021;19:22:00;528;ac03 - Acidente com Danos Materiais;472,5;BR-262/MG;Oeste;Colisão Traseira;1;;;;;1;;;;;3;;;;
22/11/2021;00:57:00;31;ac02 - Acidente com Vítima;457;BR-262/MG;Leste;Choque - Arvore;1;;;;;;;;;;3;1;1;;
22/11/2021;01:54:00;45;ac03 - Acidente com Danos Materiais;802;BR-262/MG;Leste;Colisão Traseira;1;;1;;;;;;;;2;;;;
22/11/2021;07:03:00;111;ac02 - Acidente com Vítima;502;BR-153/GO;Norte;Engavetamento;4;;;;;1;;;;;8;1;;;
22/11/2021;08:57:00;191;ac02 - Acidente com Vítima;791;BR-262/MG;Oeste;Saida de Pista;;;1;;;;;;;;0;1;;;
22/11/2021;11:12:00;357;ac03 - Acidente com Danos Materiais;47;BR-153/MG;Norte;Choque - Elemento de Drenagem;;;;;;;;;;1;2;;;;
22/11/2021;13:36:00;464;ac02 - Acidente com Vítima;507,3;BR-153/GO;Norte;Colisão Lateral;;;;1;;1;;;;;2;1;;;
22/11/2021;14:49:00;526;ac03 - Acidente com Danos Materiais;101;BR-060/GO;Norte;Colisão Traseira;;;;;;;;;;2;2;;;;