data;horario;n_da_ocorrencia;tipo_de_ocorrencia;km;trecho;sentido;tipo_de_acidente;automovel;bicicleta;caminhao;moto;onibus;outros;tracao_animal;transporte_de_cargas_especiais;trator_maquinas;utilitarios;ilesos;levemente_feridos;moderadamente_feridos;gravemente_feridos;mortos
19/12/2021;17:30:00;487;ac03 - Acidente com Danos Materiais;4;BR-060/DF;Sul;Colisão Lateral;1;;;;;;;;;1;2;;;;
19/12/2021;18:21:00;521;ac03 - Acidente com Danos Materiais;441;BR-262/MG;Oeste;Saida de Pista;;;;;;;;;;1;1;;;;
19/12/2021;20:21:00;614;ac02 - Acidente com Vítima;32;BR-060/GO;Sul;Queda de Moto;;;;1;;;;;;;1;1;;;
20/12/2021;00:51:00;24;ac03 - Acidente com Danos Materiais;598;BR-153/GO;Sul;Saida de Pista;1;;;;;;;;;;1;;;;
20/12/2021;03:07:00;54;ac03 - Acidente com Danos Materiais;491;BR-153/GO;Norte;Choque- Placa/Suporte Sinalização;1;;;;;;;;;;1;;;;
20/12/2021;03:36:00;59;ac03 - Acidente com Danos Materiais;647;BR-153/GO;Sul;Capotamento;;;;;;;;;;1;5;;;;
20/12/2021;09:05:00;207;ac03 - Acidente com Danos Materiais;138;BR-060/GO;Norte;Colisão Lateral;1;;;1;;;;;;;5;;;;
20/12/2021;09:56:00;239;ac03 - Acidente com Danos Materiais;508;BR-153/GO;Sul;Colisão Lateral;1;;1;;;;;;;;2;;;;
20/12/2021;15:20:00;694;ac03 - Acidente com Danos Materiais;115;BR-153/MG;Sul;Colisão Lateral;;;2;;;;;;;;2;;;;
20/12/2021;15:20:00;695;ac03 - Acidente com Danos Materiais;65;BR-060/GO;Sul;Capotamento;1;;;;;;;;;;1;;;;
20/12/2021;16:06:00;736;ac03 - Acidente com Danos Materiais;34;BR-060/GO;Norte;Choque - Talude;1;;;;;;;;;;1;;;;
20/12/2021;18:14:00;927;ac02 - Acidente com Vítima;507;BR-153/GO;Sul;Colisão Lateral;;;1;1;;;;;;;1;1;1;;
20/12/2021;18:30:00;943;ac03 - Acidente com Danos Materiais;504;BR-153/GO;Norte;Engavetamento;1;;;;;2;;;;;3;;;;
20/12/2021;18:51:00;949;ac03 - Acidente com Danos Materiais;136;BR-060/GO;Norte;Choque- Poste/Equipamento;;;;;;;;;;1;1;;;;
20/12/2021;19:18:00;969;ac03 - Acidente com Danos Materiais;136;BR-060/GO;Sul;Colisão Lateral;1;;;;;1;;;;;3;;;;
20/12/2021;20:09:00;998;ac03 - Acidente com Danos Materiais;501;BR-153/GO;Norte;Colisão Traseira;;;1;;;1;;;;;2;;;;
20/12/2021;20:33:00;1038;ac03 - Acidente com Danos Materiais;5;BR-060/DF;Sul;Colisão Traseira;2;;;;;;;;;;2;;;;
20/12/2021;20:41:00;1041;ac03 - Acidente com Danos Materiais;88;BR-060/GO;Sul;Carreta deu L;;;1;;;1;;;;;2;;;;
20/12/2021;23:10:00;1132;ac03 - Acidente com Danos Materiais;135,6;BR-060/GO;Sul;Colisão Lateral;1;;;;;;;;;;2;;;;
20/12/2021;23:36:00;1139;ac02 - Acidente com Vítima;751;BR-262/MG;Oeste;Colisão Lateral;;;2;;;;;;;;0;3;;;
21/12/2021;08:09:00;236;ac03 - Acidente com Danos Materiais;508;BR-153/GO;Sul;Colisão Lateral;1;;1;;;;;;;;2;;;;
21/12/2021;08:25:00;249;ac03 - Acidente com Danos Materiais;507;BR-153/GO;Sul;Engavetamento;1;;;;;;;;;2;3;;;;
21/12/2021;11:17:00;413;ac03 - Acidente com Danos Materiais;69,2;BR-060/GO;Sul;Colisão Traseira;1;;1;;;;;;;;2;;;;
21/12/2021;11:30:00;416;ac01 - Acidente com Vítima Fatal;553,6;BR-262/MG;Leste;Tombamento;;;1;;;;;;;;0;;;;1
21/12/2021;17:25:00;572;ac03 - Acidente com Danos Materiais;134,24;BR-060/GO;Sul;Choque - Talude;1;;;;;;;;;;1;;;;
21/12/2021;17:37:00;578;ac03 - Acidente com Danos Materiais;126;BR-060/GO;Sul;Saida de Pista;;;1;;;;;;;;1;;;;
21/12/2021;19:48:00;654;ac03 - Acidente com Danos Materiais;442;BR-262/MG;Leste;Queda de Moto;;;;1;;;;;;;1;;;;
21/12/2021;20:20:00;683;ac02 - Acidente com Vítima;455;BR-262/MG;Leste;Saida de Pista;1;;;;;;;;;;3;1;1;;
22/12/2021;00:38:00;7;ac03 - Acidente com Danos Materiais;557,8;BR-153/GO;Sul;Saida de Pista;;;;;1;;;;;;45;;;;
22/12/2021;06:59:00;133;ac02 - Acidente com Vítima;12;BR-060/DF;Norte;Colisão Traseira;1;;;1;;;;;;;1;;1;;
22/12/2021;07:31:00;154;ac03 - Acidente com Danos Materiais;504;BR-153/GO;Norte;Engavetamento;3;;;;;;;;;;3;;;;
22/12/2021;11:46:00;380;ac02 - Acidente com Vítima;218,755;BR-153/MG;Sul;Engavetamento;;;3;;;;;;;;2;;1;;
22/12/2021;15:43:00;513;ac02 - Acidente com Vítima;4;BR-060/DF;Norte;Colisão Traseira;1;;;1;;;;;;;1;;1;;
22/12/2021;17:01:00;568;ac03 - Acidente com Danos Materiais;508;BR-153/GO;Norte;Colisão Traseira;;;2;;;;;;;;2;;;;
22/12/2021;17:54:00;597;ac03 - Acidente com Danos Materiais;357;BR-262/MG;Oeste;Saida de Pista;1;;;;;;;;;;1;;;;
22/12/2021;21:43:00;687;ac03 - Acidente com Danos Materiais;101;BR-060/GO;Sul;Colisão Traseira;2;;;;;;;;;;2;;;;
22/12/2021;21:51:00;689;ac03 - Acidente com Danos Materiais;507,3;BR-153/GO;Sul;Colisão Traseira;;;1;;;;;;;1;3;;;;
23/12/2021;02:51:00;36;ac03 - Acidente com Danos Materiais;94;BR-060/GO;Norte;Saida de Pista;1;;;;;;;;;;1;;;;
23/12/2021;04:36:00;52;ac03 - Acidente com Danos Materiais;793;BR-262/MG;Oeste;Saida de Pista;;;;;;;;;;1;1;;;;
23/12/2021;06:48:00;82;ac03 - Acidente com Danos Materiais;500;BR-153/GO;Norte;Engavetamento;;;2;;;;;;;1;3;;;;
23/12/2021;06:49:00;84;ac02 - Acidente com Vítima;695;BR-153/GO;Sul;Colisão Lateral;;;;1;;;;;1;;1;1;;;
23/12/2021;07:36:00;102;ac03 - Acidente com Danos Materiais;500;BR-153/GO;Norte;Colisão Traseira;2;;;;;;;;;;2;;;;
23/12/2021;07:40:00;104;ac01 - Acidente com Vítima Fatal;431,3;BR-262/MG;Leste;Tombamento;;;1;;;;;;;;0;;;;1
23/12/2021;08:40:00;135;ac02 - Acidente com Vítima;387;BR-262/MG;Oeste;Colisão Traseira;;;2;;;;;;;;3;1;;;
23/12/2021;09:34:00;180;ac03 - Acidente com Danos Materiais;483,5;BR-262/MG;Leste;Colisão Traseira;1;;1;;;;;;;;4;;;;
23/12/2021;11:45:00;279;ac02 - Acidente com Vítima;519,693;BR-153/GO;Norte;Queda de Moto;;;;1;;;;;;;1;1;;;
23/12/2021;12:10:00;283;ac03 - Acidente com Danos Materiais;608;BR-262/MG;Leste;Saida de Pista;1;;;;;;;;;;3;;;;
23/12/2021;12:12:00;287;ac03 - Acidente com Danos Materiais;581;BR-262/MG;Leste;Capotamento;1;;;;;;;;;;3;;;;
23/12/2021;12:26:00;291;ac02 - Acidente com Vítima;580,8;BR-262/MG;Oeste;Saida de Pista;;;1;;;;;;;;1;1;;;
23/12/2021;13:18:00;314;ac03 - Acidente com Danos Materiais;586;BR-262/MG;Leste;Saida de Pista;1;;;;;;;;;;1;;;;
23/12/2021;13:52:00;330;ac02 - Acidente com Vítima;558;BR-153/GO;Norte;Capotamento;1;;;;;;;;;;1;1;;;
23/12/2021;13:58:00;331;ac03 - Acidente com Danos Materiais;549;BR-262/MG;Leste;Capotamento;1;;;;;;;;;;1;;;;
23/12/2021;14:29:00;339;ac03 - Acidente com Danos Materiais;47;BR-060/GO;Norte;Capotamento;1;;;;;;;;;;2;;;;
23/12/2021;15:40:00;372;ac02 - Acidente com Vítima;136;BR-060/GO;Sul;Queda de Ciclista;;;;1;;;;;;;0;1;;;
23/12/2021;16:45:00;393;ac03 - Acidente com Danos Materiais;366;BR-262/MG;Leste;Colisão Traseira;2;;;;;;;;;;2;;;;
23/12/2021;17:01:00;400;ac03 - Acidente com Danos Materiais;29;BR-060/GO;Sul;Saida de Pista;1;;;;;;;;;;1;;;;
23/12/2021;19:54:00;501;ac03 - Acidente com Danos Materiais;500;BR-153/GO;Sul;Colisão Traseira;1;;;;;1;;;;;2;;;;
23/12/2021;20:06:00;504;ac03 - Acidente com Danos Materiais;359;BR-262/MG;Leste;Saida de Pista;1;;;;;;;;;;1;;;;
23/12/2021;20:12:00;507;ac02 - Acidente com Vítima;507;BR-153/GO;Norte;Colisão Traseira;;;;1;;1;;;;;1;;;1;
23/12/2021;20:14:00;509;ac02 - Acidente com Vítima;493;BR-153/GO;Sul;Queda de Moto;;;;1;;;;;;;0;1;;;
23/12/2021;20:18:00;512;ac02 - Acidente com Vítima;790;BR-262/MG;Oeste;Colisão Traseira;;;1;;;1;;;;1;2;;;2;
23/12/2021;20:22:00;515;ac02 - Acidente com Vítima;540,3;BR-262/MG;Oeste;Colisão Transversal;1;;1;;;2;;;;;3;;2;;
24/12/2021;01:25:00;24;ac03 - Acidente com Danos Materiais;37,8;BR-060/GO;Norte;Saida de Pista;1;;;;;;;;;;1;;;;
24/12/2021;02:04:00;38;ac01 - Acidente com Vítima Fatal;508,6;BR-153/GO;Sul;Choque - Veiculo parado na pista;;;1;;1;1;;;;1;46;3;3;1;6
24/12/2021;02:33:00;49;ac02 - Acidente com Vítima;768;BR-262/MG;Leste;Saida de Pista;1;;;;;;;;;;0;;1;1;
24/12/2021;02:40:00;54;ac03 - Acidente com Danos Materiais;540;BR-262/MG;Oeste;Capotamento;1;;;;;;;;;;1;;;;
24/12/2021;02:46:00;56;ac03 - Acidente com Danos Materiais;431;BR-262/MG;Leste;Colisão Lateral;2;;;;;;;;;;3;;;;
24/12/2021;04:16:00;75;ac02 - Acidente com Vítima;4;BR-060/GO;Sul;Capotamento;1;;;;;;;;;;2;;2;;
24/12/2021;05:49:00;100;ac02 - Acidente com Vítima;652,1;BR-262/MG;Leste;Capotamento;;;;;;;;;;1;2;;3;;
24/12/2021;06:12:00;108;ac02 - Acidente com Vítima;470;BR-262/MG;Oeste;Capotamento;1;;1;;;;;;;;4;;1;;
24/12/2021;06:28:00;114;ac02 - Acidente com Vítima;32;BR-153/MG;Sul;Capotamento;1;;;;;;;;;;0;3;;;
24/12/2021;06:54:00;119;ac03 - Acidente com Danos Materiais;431;BR-262/MG;Leste;Colisão Transversal;;;2;;;1;;;;;3;;;;
24/12/2021;07:13:00;125;ac03 - Acidente com Danos Materiais;15;BR-060/DF;Norte;Colisão Lateral;1;;;;;1;;;;;4;;;;
24/12/2021;09:14:00;211;ac02 - Acidente com Vítima;24;BR-060/DF;Sul;Queda de Moto;;;;1;;;;;;;1;;1;;
24/12/2021;09:21:00;215;ac03 - Acidente com Danos Materiais;513,5;BR-153/GO;Norte;Saida de Pista;;;1;;;;;;;;1;;;;
24/12/2021;12:37:00;334;ac03 - Acidente com Danos Materiais;516;BR-153/GO;Norte;Colisão Lateral;2;;;;;;;;;;2;;;;
24/12/2021;12:42:00;336;ac03 - Acidente com Danos Materiais;359;BR-262/MG;Oeste;Colisão Traseira;2;;;;;;;;;;2;;;;
24/12/2021;16:21:00;447;ac03 - Acidente com Danos Materiais;712,9;BR-262/MG;Leste;Saida de Pista;1;;;;;;;;;;4;;;;
24/12/2021;16:28:00;453;ac03 - Acidente com Danos Materiais;26,5;BR-060/GO;Sul;Colisão Traseira;1;;;;;;;;;1;8;;;;
24/12/2021;17:16:00;472;ac02 - Acidente com Vítima;178;BR-153/MG;Norte;Capotamento;1;;;;;;;;;;1;;1;;
24/12/2021;17:46:00;484;ac02 - Acidente com Vítima;30;BR-060/DF;Sul;Colisão Lateral;2;;;;;;;;;;1;;1;;
24/12/2021;18:22:00;507;ac02 - Acidente com Vítima;833,5;BR-262/MG;Oeste;Saida de Pista;1;;;;;;;;;;0;1;;;
24/12/2021;20:29:00;572;ac03 - Acidente com Danos Materiais;580;BR-153/GO;Sul;Saida de Pista;1;;;;;;;;;;1;;;;
24/12/2021;20:35:00;575;ac02 - Acidente com Vítima;93,6;BR-153/MG;Norte;Tombamento;;;1;;;1;;;;;1;;1;;
24/12/2021;20:37:00;576;ac03 - Acidente com Danos Materiais;166;BR-153/MG;Norte;Saida de Pista;;;;;;;;;;1;1;;;;
24/12/2021;21:44:00;593;ac02 - Acidente com Vítima;25;BR-153/MG;Norte;Queda de Moto;;;;1;;;;;;;0;2;;;
25/12/2021;03:25:00;22;ac02 - Acidente com Vítima;414,436;BR-262/MG;Leste;Capotamento;1;;;;;;;;;;0;;1;;
25/12/2021;03:44:00;24;ac03 - Acidente com Danos Materiais;556,524;BR-262/MG;Leste;Choque - Arvore;;;;;;;;;;1;1;;;;
25/12/2021;06:32:00;43;ac03 - Acidente com Danos Materiais;889;BR-262/MG;Leste;Saida de Pista;1;;;;;;;;;;1;;;;
25/12/2021;06:50:00;44;ac02 - Acidente com Vítima;93;BR-060/GO;Sul;Queda de Moto;;;;1;;;;;;;0;1;;;
25/12/2021;08:11:00;79;ac02 - Acidente com Vítima;63;BR-060/GO;Sul;Queda de Moto;;;;1;;;;;;;0;1;1;;
25/12/2021;11:27:00;237;ac03 - Acidente com Danos Materiais;515;BR-153/GO;Sul;Engavetamento;2;;;1;;;;;;;3;;;;
25/12/2021;11:41:00;244;ac03 - Acidente com Danos Materiais;500,5;BR-153/GO;Sul;Engavetamento;;;3;;;;;;;;3;;;;
25/12/2021;20:23:00;471;ac02 - Acidente com Vítima;422;BR-262/MG;Leste;Saida de Pista;1;;;;;;;;;;0;1;;;
26/12/2021;00:07:00;2;ac02 - Acidente com Vítima;5;BR-060/DF;Norte;Capotamento;1;;;;;;;;;;3;;;1;
26/12/2021;00:34:00;25;ac02 - Acidente com Vítima;358;BR-262/MG;Oeste;Atropelamento de Animal;;;;1;;;;;;;0;1;;;
26/12/2021;09:27:00;173;ac02 - Acidente com Vítima;473,2;BR-262/MG;Leste;Queda de Moto;;;;1;;;;;;;0;1;;;
26/12/2021;09:46:00;181;ac03 - Acidente com Danos Materiais;450,8;BR-262/MG;Leste;Saida de Pista;1;;;;;;;;;;1;;;;
26/12/2021;11:31:00;218;ac02 - Acidente com Vítima;98;BR-060/GO;Sul;Choque- Poste/Equipamento;1;;1;;;1;;;;;3;;1;;
26/12/2021;11:44:00;231;ac03 - Acidente com Danos Materiais;394;BR-262/MG;Leste;Colisão Lateral;1;;;;;;;;;1;3;;;;
26/12/2021;12:45:00;258;ac03 - Acidente com Danos Materiais;461,3;BR-262/MG;Oeste;Colisão Traseira;2;;;;;;;;;;2;;;;
26/12/2021;12:45:00;265;ac03 - Acidente com Danos Materiais;461,3;BR-262/MG;Leste;Choque - Talude;1;;;;;;;;;;1;;;;
26/12/2021;14:18:00;295;ac03 - Acidente com Danos Materiais;596;BR-153/GO;Norte;Saida de Pista;1;;;;;;;;;;1;;;;
26/12/2021;15:25:00;387;ac01 - Acidente com Vítima Fatal;89,47;BR-153/MG;Norte;Colisão Frontal;1;;1;;;2;;;;;3;;;3;1
26/12/2021;15:56:00;397;ac03 - Acidente com Danos Materiais;99;BR-060/GO;Sul;Colisão Traseira;2;;;;;;;;;;2;;;;
26/12/2021;17:49:00;454;ac03 - Acidente com Danos Materiais;608;BR-262/MG;Oeste;Saida de Pista;1;;;;;;;;;;1;;;;
26/12/2021;17:50:00;455;ac03 - Acidente com Danos Materiais;589;BR-262/MG;Oeste;Saida de Pista;1;;;;;;;;;;3;;;;
26/12/2021;18:14:00;461;ac03 - Acidente com Danos Materiais;109;BR-060/GO;Norte;Colisão Traseira;1;;;1;;;;;;;2;;;;
26/12/2021;18:58:00;486;ac03 - Acidente com Danos Materiais;90;BR-060/GO;Norte;Queda de Moto;;;;1;;;;;;;1;;;;
26/12/2021;20:36:00;545;ac02 - Acidente com Vítima;508;BR-153/GO;Norte;Choque- Placa/Suporte Sinalização;;;;1;;;;;;;0;2;;;
26/12/2021;21:07:00;575;ac03 - Acidente com Danos Materiais;767;BR-262/MG;Oeste;Saida de Pista;;;;;;;;;;1;1;;;;
27/12/2021;02:20:00;27;ac03 - Acidente com Danos Materiais;533;BR-153/GO;Sul;Saida de Pista;1;;;;;;;;;;1;;;;
27/12/2021;05:13:00;56;ac02 - Acidente com Vítima;93;BR-060/GO;Norte;Choque - Defensa;1;;;;;;;;;;1;1;;;
27/12/2021;05:27:00;59;ac02 - Acidente com Vítima;93;BR-060/GO;Norte;Queda de Moto;;;;1;;;;;;;0;1;;;
27/12/2021;08:21:00;129;ac02 - Acidente com Vítima;50;BR-060/GO;Sul;Choque - Arvore;1;;;;;;;;;;0;2;;;
27/12/2021;09:59:00;186;ac03 - Acidente com Danos Materiais;8;BR-060/GO;Norte;Saida de Pista;1;;;;;;;;;;2;;;;
27/12/2021;12:38:00;300;ac02 - Acidente com Vítima;506;BR-153/GO;Sul;Queda de Moto;;;;1;;;;;;;0;1;1;;
27/12/2021;15:45:00;388;ac03 - Acidente com Danos Materiais;89;BR-153/MG;Norte;Saida de Pista;1;;;;;;;;;;1;;;;
27/12/2021;20:55:00;565;ac02 - Acidente com Vítima;517;BR-153/GO;Norte;Colisão Traseira;;;;;;1;;;;1;2;;1;;
28/12/2021;04:54:00;35;ac03 - Acidente com Danos Materiais;633;BR-153/GO;Norte;Saida de Pista;1;;;;;;;;;;1;;;;
28/12/2021;13:30:00;274;ac03 - Acidente com Danos Materiais;509;BR-153/GO;Sul;Colisão Lateral;;;;2;;1;;;;;4;;;;
28/12/2021;14:18:00;289;ac03 - Acidente com Danos Materiais;587;BR-262/MG;Leste;Saida de Pista;1;;;;;;;;;;3;;;;
28/12/2021;14:33:00;297;ac03 - Acidente com Danos Materiais;586;BR-262/MG;Leste;Saida de Pista;1;;;;;;;;;;1;;;;
28/12/2021;19:20:00;442;ac02 - Acidente com Vítima;401;BR-262/MG;Leste;Colisão Traseira;2;;;;;;;;;;2;1;;;
28/12/2021;19:47:00;452;ac02 - Acidente com Vítima;582;BR-153/GO;Sul;Colisão Lateral;;;;;;1;;;;1;4;;1;1;
28/12/2021;23:08:00;523;ac03 - Acidente com Danos Materiais;25;BR-060/DF;Norte;Capotamento;1;;;;;;;;;;1;;;;
29/12/2021;00:21:00;8;ac03 - Acidente com Danos Materiais;12;BR-060/GO;Norte;Saida de Pista;1;;;;;;;;;;1;;;;
29/12/2021;02:03:00;24;ac03 - Acidente com Danos Materiais;219;BR-153/MG;Norte;Choque - Outros;;;1;;;1;;;;;4;;;;
29/12/2021;03:12:00;34;ac03 - Acidente com Danos Materiais;381;BR-262/MG;Leste;Saida de Pista;1;;;;;;;;;;2;;;;
29/12/2021;07:51:00;111;ac03 - Acidente com Danos Materiais;14;BR-060/DF;Sul;Tombamento;;;1;;;;;;;;1;;;;
29/12/2021;08:33:00;149;ac02 - Acidente com Vítima;619;BR-153/GO;Sul;Capotamento;1;;;;;;;;;;0;2;;;
29/12/2021;10:20:00;242;ac02 - Acidente com Vítima;504;BR-153/GO;Norte;Colisão Traseira;;;1;1;;;;;;;1;1;;;
29/12/2021;11:12:00;289;ac03 - Acidente com Danos Materiais;28;BR-060/DF;Sul;Saida de Pista;1;;;;;;;;;;1;;;;
29/12/2021;11:40:00;301;ac03 - Acidente com Danos Materiais;525,2;BR-262/MG;Leste;Colisão Traseira;2;;;;;;;;;;8;;;;
29/12/2021;12:15:00;330;ac03 - Acidente com Danos Materiais;28;BR-060/DF;Norte;Saida de Pista;1;;;;;;;;;;1;;;;
29/12/2021;13:15:00;354;ac03 - Acidente com Danos Materiais;553,8;BR-262/MG;Leste;Colisão Transversal;1;;1;;;;;;;;2;;;;
29/12/2021;13:58:00;363;ac03 - Acidente com Danos Materiais;548,15;BR-262/MG;Leste;Capotamento;1;;;;;;;;;;1;;;;
29/12/2021;14:06:00;367;ac03 - Acidente com Danos Materiais;569;BR-153/GO;Norte;Saida de Pista;1;;;;;;;;;;1;;;;
29/12/2021;14:43:00;394;ac02 - Acidente com Vítima;149;BR-153/MG;Sul;Capotamento;;;;;;;;;;1;0;2;;;
29/12/2021;14:48:00;396;ac03 - Acidente com Danos Materiais;570;BR-153/GO;Sul;Saida de Pista;;;;;;;;;;1;1;;;;
29/12/2021;15:23:00;410;ac03 - Acidente com Danos Materiais;497,5;BR-153/GO;Sul;Choque - Defensa;;;1;;;;;;;;1;;;;
29/12/2021;15:29:00;412;ac03 - Acidente com Danos Materiais;605,15;BR-262/MG;Leste;Colisão Lateral;1;;1;;;;;;;;2;;;;
29/12/2021;17:39:00;465;ac03 - Acidente com Danos Materiais;496;BR-153/GO;Sul;Colisão Traseira;;;;1;;;;;;1;2;;;;
29/12/2021;19:34:00;526;ac02 - Acidente com Vítima;356;BR-262/MG;Leste;Atropelamento de Animal;3;;;;;;;;;;3;1;1;;
29/12/2021;19:47:00;534;ac03 - Acidente com Danos Materiais;16;BR-153/MG;Norte;Tombamento;;;1;;;;;;;;1;;;;
29/12/2021;19:51:00;539;ac02 - Acidente com Vítima;121;BR-060/GO;Sul;Atropelamento - Morador/Trabalhador;1;;;;;;;;;;1;;1;;
30/12/2021;00:33:00;6;ac03 - Acidente com Danos Materiais;535,5;BR-153/GO;Norte;Saida de Pista;2;;;;;;;;;;2;;;;
30/12/2021;00:35:00;8;ac03 - Acidente com Danos Materiais;46;BR-060/GO;Norte;Saida de Pista;2;;;;;;;;;;2;;;;
30/12/2021;05:40:00;51;ac03 - Acidente com Danos Materiais;476,5;BR-262/MG;Oeste;Saida de Pista;1;;;;;;;;;;1;;;;
30/12/2021;05:43:00;55;ac02 - Acidente com Vítima;509;BR-153/GO;Norte;Colisão Traseira;;;2;;;;;;;;1;;1;;
30/12/2021;06:13:00;59;ac01 - Acidente com Vítima Fatal;710,7;BR-262/MG;Oeste;Colisão Transversal;1;;2;;;;;;;;1;;2;;1
30/12/2021;06:33:00;64;ac03 - Acidente com Danos Materiais;62;BR-060/GO;Norte;Saida de Pista;1;;;;;;;;;;5;;;;
30/12/2021;07:44:00;76;ac03 - Acidente com Danos Materiais;45,938;BR-153/MG;Norte;Capotamento;1;;;;;;;;;;2;;;;
30/12/2021;11:07:00;156;ac03 - Acidente com Danos Materiais;607,3;BR-262/MG;Leste;Saida de Pista;1;;;;;;;;;;3;;;;
30/12/2021;12:27:00;192;ac03 - Acidente com Danos Materiais;549,15;BR-262/MG;Oeste;Capotamento;1;;;;;;;;;;4;;;;
30/12/2021;12:46:00;199;ac02 - Acidente com Vítima;115;BR-153/MG;Sul;Choque - Arvore;1;;;;;;;;;;0;1;;;
30/12/2021;12:59:00;204;ac03 - Acidente com Danos Materiais;596;BR-262/MG;Oeste;Saida de Pista;1;;;;;;;;;;4;;;;
30/12/2021;13:02:00;206;ac02 - Acidente com Vítima;570,5;BR-153/GO;Sul;Capotamento;;;;;;;;;;1;0;;1;2;
30/12/2021;13:03:00;207;ac03 - Acidente com Danos Materiais;608;BR-262/MG;Oeste;Saida de Pista;1;;;;;;;;;;3;;;;
30/12/2021;13:20:00;214;ac02 - Acidente com Vítima;385;BR-262/MG;Oeste;Capotamento;1;;;;;;;;;;0;1;;;
30/12/2021;13:29:00;219;ac03 - Acidente com Danos Materiais;405,25;BR-262/MG;Oeste;Saida de Pista;1;;;;;;;;;;4;;;;
30/12/2021;14:52:00;250;ac02 - Acidente com Vítima;383,15;BR-262/MG;Oeste;Capotamento;1;;;;;;;;;;1;1;;;
30/12/2021;14:54:00;251;ac03 - Acidente com Danos Materiais;93;BR-060/GO;Sul;Capotamento;1;;;;;;;;;;1;;;;
30/12/2021;15:20:00;261;ac03 - Acidente com Danos Materiais;558,6;BR-262/MG;Leste;Saida de Pista;1;;;;;;;;;;4;;;;
30/12/2021;15:41:00;269;ac03 - Acidente com Danos Materiais;380;BR-262/MG;Leste;Saida de Pista;;;;;;;;;;1;1;;;;
30/12/2021;17:18:00;304;ac02 - Acidente com Vítima;144,429;BR-153/MG;Norte;Capotamento;1;;;;;;;;;;0;1;4;;
30/12/2021;17:27:00;310;ac02 - Acidente com Vítima;529,1;BR-153/GO;Sul;Capotamento;1;;;;;;;;;;4;1;;;
30/12/2021;17:41:00;315;ac03 - Acidente com Danos Materiais;127;BR-060/GO;Sul;Saida de Pista;;;1;;;;;;;;1;;;;
30/12/2021;20:05:00;386;ac01 - Acidente com Vítima Fatal;519,632;BR-153/GO;Norte;Atropelamento - Morador/Trabalhador;1;;;;;;;;;;1;;;;1
30/12/2021;20:23:00;392;ac03 - Acidente com Danos Materiais;508;BR-153/GO;Sul;Colisão Traseira;1;;1;;;;;;;;2;;;;
30/12/2021;20:36:00;404;ac02 - Acidente com Vítima;590;BR-262/MG;Oeste;Capotamento;1;;;;;;;;;;0;1;;;
30/12/2021;20:43:00;408;ac03 - Acidente com Danos Materiais;508;BR-153/GO;Sul;Colisão Traseira;1;;1;;;;;;;;2;;;;
30/12/2021;21:21:00;416;ac02 - Acidente com Vítima;611;BR-262/MG;Leste;Capotamento;1;;;;;;;;;;3;1;;;
30/12/2021;21:46:00;426;ac02 - Acidente com Vítima;395;BR-262/MG;Oeste;Colisão Traseira;1;;1;;;2;;;;;4;;1;;
31/12/2021;00:56:00;12;ac03 - Acidente com Danos Materiais;746,8;BR-262/MG;Oeste;Capotamento;1;;;;;;;;;;1;;;;
31/12/2021;02:03:00;27;ac03 - Acidente com Danos Materiais;603;BR-262/MG;Leste;Saida de Pista;;;1;;;;;;;;1;;;;
31/12/2021;04:27:00;43;ac03 - Acidente com Danos Materiais;29;BR-153/MG;Norte;Tombamento;;;1;;;;;;;;1;;;;
31/12/2021;06:57:00;80;ac03 - Acidente com Danos Materiais;579;BR-262/MG;Leste;Saida de Pista;;;1;;;;;;;;1;;;;
31/12/2021;08:24:00;137;ac03 - Acidente com Danos Materiais;673;BR-262/MG;Oeste;Saida de Pista;1;;;;;;;;;;1;;;;
31/12/2021;08:51:00;150;ac03 - Acidente com Danos Materiais;380;BR-262/MG;Oeste;Capotamento;1;;;;;;;;;;2;;;;
31/12/2021;10:33:00;189;ac03 - Acidente com Danos Materiais;665;BR-262/MG;Oeste;Choque - Elemento de Drenagem;;;;;;;;;;1;1;;;;
31/12/2021;13:49:00;269;ac02 - Acidente com Vítima;378,5;BR-262/MG;Oeste;Choque - Defensa;1;;;;;;;;;;0;1;;;
31/12/2021;13:54:00;270;ac02 - Acidente com Vítima;88;BR-060/GO;Sul;Colisão Traseira;1;;;;;1;;;;;4;1;;;
31/12/2021;13:58:00;275;ac03 - Acidente com Danos Materiais;512;BR-262/MG;Oeste;Saida de Pista;;;1;;;;;;;;1;;;;