data;horario;n_da_ocorrencia;tipo_de_ocorrencia;km;trecho;sentido;tipo_de_acidente;automovel;bicicleta;caminhao;moto;onibus;outros;tracao_animal;transporte_de_cargas_especiais;trator_maquinas;utilitarios;ilesos;levemente_feridos;moderadamente_feridos;gravemente_feridos;mortos
11/01/2022;08:00:00;93;ac03 - Acidente com Danos Materiais;58,6;BR-153/MG;Sul;Carreta deu L;0;0;1;0;0;0;0;0;0;0;1;0;0;0;0
11/01/2022;08:22:00;101;ac03 - Acidente com Danos Materiais;82;BR-060/GO;Norte;Saida de Pista;1;0;0;0;0;0;0;0;0;0;1;0;0;0;0
11/01/2022;09:40:00;125;ac03 - Acidente com Danos Materiais;692;BR-153/GO;Norte;Colisão Lateral;1;0;1;0;0;1;0;0;0;0;4;0;0;0;0
11/01/2022;11:15:00;177;ac03 - Acidente com Danos Materiais;628;BR-153/GO;Sul;Choque - Elemento de Drenagem;0;0;0;0;0;0;0;0;0;1;1;0;0;0;0
11/01/2022;11:27:00;184;ac03 - Acidente com Danos Materiais;24;BR-060/DF;Norte;Choque - Elemento de Drenagem;0;0;0;0;0;0;0;0;0;1;1;0;0;0;0
11/01/2022;11:33:00;187;ac02 - Acidente com Vítima;8,5;BR-153/MG;Norte;Tombamento;0;0;1;0;0;0;0;0;0;0;0;1;0;0;0
11/01/2022;13:38:00;232;ac03 - Acidente com Danos Materiais;47;BR-060/GO;Sul;Choque - Elemento de Drenagem;1;0;0;0;0;0;0;0;0;0;1;0;0;0;0
11/01/2022;13:50:00;236;ac03 - Acidente com Danos Materiais;29;BR-060/DF;Norte;Capotamento;1;0;0;0;0;0;0;0;0;0;1;0;0;0;0
12/01/2022;01:30:00;71;ac03 - Acidente com Danos Materiais;464;BR-262/MG;Oeste;Atropelamento de Animal;0;0;1;0;0;0;0;0;0;0;1;0;0;0;0
12/01/2022;05:30:00;112;ac03 - Acidente com Danos Materiais;48;BR-060/GO;Sul;Saida de Pista;0;0;1;0;0;0;0;0;0;1;2;0;0;0;0
12/01/2022;09:18:00;214;ac02 - Acidente com Vítima;94;BR-060/GO;Sul;Colisão Traseira;1;0;0;1;0;0;0;0;0;0;2;1;0;0;0
12/01/2022;11:32:00;327;ac02 - Acidente com Vítima;364;BR-262/MG;Leste;Colisão Traseira;1;0;0;0;0;0;0;0;0;1;1;0;1;0;0
12/01/2022;13:16:00;407;ac03 - Acidente com Danos Materiais;542,5;BR-153/GO;Sul;Tombamento;0;0;1;0;0;0;0;0;0;0;1;0;0;0;0
12/01/2022;13:23:00;410;ac02 - Acidente com Vítima;232;BR-153/MG;Sul;Colisão Lateral;1;0;1;0;0;0;0;0;0;0;1;3;0;0;0
12/01/2022;15:21:00;446;ac03 - Acidente com Danos Materiais;134;BR-060/GO;Sul;Saida de Pista;0;0;1;0;0;0;0;0;0;0;1;0;0;0;0
12/01/2022;18:31:00;540;ac02 - Acidente com Vítima;508;BR-153/GO;Sul;Queda de Moto;0;0;0;1;0;0;0;0;0;0;0;1;0;0;0
13/01/2022;00:23:00;8;ac03 - Acidente com Danos Materiais;701;BR-153/GO;Sul;Choque - Barreira;1;0;0;0;0;0;0;0;0;0;1;0;0;0;0
13/01/2022;01:36:00;27;ac02 - Acidente com Vítima;493;BR-153/GO;Sul;Queda de Moto;0;0;0;1;0;0;0;0;0;0;0;1;0;0;0
13/01/2022;03:47:00;46;ac03 - Acidente com Danos Materiais;379;BR-262/MG;Oeste;Tombamento;0;0;1;0;0;1;0;0;0;0;2;0;0;0;0
13/01/2022;11:31:00;325;ac03 - Acidente com Danos Materiais;39;BR-060/GO;Sul;Capotamento;0;0;0;0;0;1;0;0;0;1;3;0;0;0;0
13/01/2022;14:39:00;419;ac03 - Acidente com Danos Materiais;245;BR-153/MG;Norte;Colisão Traseira;0;0;1;0;0;1;0;0;0;1;3;0;0;0;0
13/01/2022;15:29:00;441;ac02 - Acidente com Vítima;793;BR-262/MG;Leste;Queda de Moto;0;0;0;1;0;0;0;0;0;0;0;1;0;0;0
13/01/2022;16:32:00;494;ac03 - Acidente com Danos Materiais;864;BR-262/MG;Leste;Engavetamento;3;0;1;0;0;0;0;0;0;0;14;0;0;0;0
13/01/2022;17:16:00;513;ac02 - Acidente com Vítima;539;BR-262/MG;Leste;Tombamento;0;0;1;0;0;0;0;0;0;0;0;1;0;0;0
13/01/2022;18:00:00;543;ac03 - Acidente com Danos Materiais;507,95;BR-153/GO;Sul;Colisão Lateral;1;0;0;0;0;1;0;0;0;0;2;0;0;0;0
13/01/2022;19:11:00;595;ac03 - Acidente com Danos Materiais;112;BR-060/GO;Norte;Choque - Outros;1;0;0;0;0;0;0;0;0;0;1;0;0;0;0
13/01/2022;19:30:00;602;ac03 - Acidente com Danos Materiais;2,5;BR-060/DF;Sul;Colisão Traseira;1;0;0;1;0;0;0;0;0;0;2;0;0;0;0
13/01/2022;21:39:00;657;ac01 - Acidente com Vítima Fatal;240,5;BR-153/MG;Norte;Capotamento;1;0;0;0;0;0;0;0;0;0;0;0;0;0;1
14/01/2022;02:45:00;39;ac03 - Acidente com Danos Materiais;906;BR-262/MG;Oeste;Tombamento;0;0;1;0;0;0;0;0;0;0;1;0;0;0;0
14/01/2022;03:01:00;40;ac02 - Acidente com Vítima;849;BR-262/MG;Oeste;Saida de Pista;0;0;0;0;0;0;0;0;0;1;0;1;0;0;0
14/01/2022;05:42:00;72;ac03 - Acidente com Danos Materiais;92;BR-060/GO;Sul;Colisão Transversal;1;0;1;0;0;0;0;0;0;0;2;0;0;0;0
14/01/2022;11:02:00;251;ac03 - Acidente com Danos Materiais;801,5;BR-262/MG;Leste;Colisão Traseira;1;0;1;0;0;0;0;0;0;0;2;0;0;0;0
14/01/2022;12:07:00;292;ac03 - Acidente com Danos Materiais;109,5;BR-060/GO;Norte;Objeto lançado contra veículo;1;0;1;0;0;0;0;0;0;0;2;0;0;0;0
14/01/2022;16:10:00;382;ac02 - Acidente com Vítima;824;BR-262/MG;Leste;Colisão Traseira;1;0;0;0;0;0;0;0;0;1;1;1;0;0;0
14/01/2022;18:31:00;463;ac02 - Acidente com Vítima;136;BR-060/GO;Norte;Colisão Traseira;0;0;0;1;0;1;0;0;0;0;2;0;1;0;0
14/01/2022;19:01:00;477;ac03 - Acidente com Danos Materiais;508;BR-153/GO;Norte;Colisão Traseira;0;0;0;0;1;1;0;0;0;0;2;0;0;0;0
14/01/2022;19:44:00;499;ac02 - Acidente com Vítima;356;BR-262/MG;Leste;Queda de Moto;0;0;0;1;0;0;0;0;0;0;0;1;1;0;0
14/01/2022;19:50:00;501;ac03 - Acidente com Danos Materiais;508;BR-153/GO;Norte;Colisão Traseira;1;0;1;0;0;0;0;0;0;0;2;0;0;0;0
14/01/2022;21:13:00;553;ac02 - Acidente com Vítima;582;BR-153/GO;Norte;Capotamento;1;0;0;0;0;0;0;0;0;0;2;1;1;0;0
14/01/2022;22:44:00;582;ac03 - Acidente com Danos Materiais;98;BR-060/GO;Sul;Queda de Moto;0;0;0;1;0;1;0;0;0;0;3;0;0;0;0
15/01/2022;03:09:00;30;ac03 - Acidente com Danos Materiais;28,5;BR-153/MG;Norte;Saida de Pista;0;0;0;0;0;0;0;0;0;1;2;0;0;0;0
15/01/2022;06:07:00;58;ac03 - Acidente com Danos Materiais;226;BR-153/MG;Sul;Colisão Traseira;0;0;2;0;0;0;0;0;0;0;2;0;0;0;0
15/01/2022;09:12:00;216;ac02 - Acidente com Vítima;88;BR-060/GO;Norte;Colisão Lateral;1;0;0;1;0;0;0;0;0;0;1;2;0;0;0
15/01/2022;12:23:00;334;ac03 - Acidente com Danos Materiais;5;BR-060/DF;Sul;Colisão Traseira;2;0;0;0;0;0;0;0;0;0;2;0;0;0;0
15/01/2022;12:53:00;349;ac03 - Acidente com Danos Materiais;191;BR-153/MG;Sul;Objeto lançado contra veículo;1;0;1;0;0;0;0;0;0;0;2;0;0;0;0
15/01/2022;15:50:00;503;ac02 - Acidente com Vítima;47;BR-153/MG;Norte;Tombamento;0;0;1;0;0;0;0;0;0;0;0;0;1;0;0
15/01/2022;17:28:00;557;ac03 - Acidente com Danos Materiais;100;BR-060/GO;Sul;Saida de Pista;1;0;0;0;0;0;0;0;0;0;4;0;0;0;0
15/01/2022;19:53:00;644;ac01 - Acidente com Vítima Fatal;700;BR-153/GO;Sul;Atropelamento - Morador/Trabalhador;0;0;0;0;0;1;0;0;0;0;1;0;0;0;1
16/01/2022;03:53:00;51;ac03 - Acidente com Danos Materiais;38;BR-060/GO;Norte;Saida de Pista;1;0;0;0;0;0;0;0;0;0;5;0;0;0;0
16/01/2022;04:48:00;56;ac03 - Acidente com Danos Materiais;512;BR-153/GO;Norte;Colisão Traseira;1;0;0;0;0;0;0;0;0;1;3;0;0;0;0
16/01/2022;05:44:00;64;ac03 - Acidente com Danos Materiais;563;BR-262/MG;Oeste;Capotamento;1;0;0;0;0;0;0;0;0;0;3;0;0;0;0
16/01/2022;07:27:00;101;ac01 - Acidente com Vítima Fatal;15;BR-060/GO;Sul;Choque - Arvore;0;0;0;1;0;0;0;0;0;0;0;0;0;0;1
16/01/2022;07:56:00;112;ac03 - Acidente com Danos Materiais;58;BR-153/MG;Sul;Colisão Transversal;1;0;1;0;0;0;0;0;0;0;5;0;0;0;0
16/01/2022;09:02:00;132;ac03 - Acidente com Danos Materiais;504;BR-153/GO;Norte;Colisão Traseira;1;0;1;0;0;0;0;0;0;0;5;0;0;0;0
16/01/2022;09:12:00;135;ac02 - Acidente com Vítima;28;BR-060/DF;Sul;Colisão Traseira;1;0;0;1;0;0;0;0;0;0;2;0;1;0;0
16/01/2022;09:41:00;156;ac03 - Acidente com Danos Materiais;373,256;BR-262/MG;Leste;Capotamento;0;0;0;0;0;0;0;0;0;1;1;0;0;0;0
16/01/2022;12:13:00;246;ac03 - Acidente com Danos Materiais;509;BR-153/GO;Norte;Colisão Traseira;1;0;1;0;0;0;0;0;0;0;2;0;0;0;0
16/01/2022;13:38:00;284;ac03 - Acidente com Danos Materiais;613;BR-262/MG;Oeste;Tombamento;0;0;0;0;0;0;0;0;0;1;2;0;0;0;0
16/01/2022;13:40:00;285;ac03 - Acidente com Danos Materiais;38;BR-060/GO;Norte;Tombamento;0;0;0;0;0;0;0;0;0;1;1;0;0;0;0
16/01/2022;14:09:00;300;ac03 - Acidente com Danos Materiais;608;BR-262/MG;Oeste;Capotamento;1;0;0;0;0;0;0;0;0;0;4;0;0;0;0
16/01/2022;14:48:00;318;ac02 - Acidente com Vítima;461;BR-262/MG;Oeste;Queda de Moto;0;0;0;1;0;0;0;0;0;0;0;2;0;0;0
16/01/2022;19:03:00;465;ac02 - Acidente com Vítima;792;BR-262/MG;Oeste;Colisão Traseira;0;0;0;2;0;0;0;0;0;0;1;1;0;0;0
16/01/2022;20:41:00;513;ac03 - Acidente com Danos Materiais;514;BR-153/GO;Norte;Saida de Pista;1;0;0;0;0;0;0;0;0;0;2;0;0;0;0
16/01/2022;21:08:00;518;ac03 - Acidente com Danos Materiais;0;BR-060/DF;Norte;Capotamento;0;0;0;0;0;0;0;0;0;1;4;0;0;0;0
16/01/2022;21:16:00;523;ac03 - Acidente com Danos Materiais;66;BR-153/MG;Norte;Tombamento;0;0;1;0;0;0;0;0;0;0;2;0;0;0;0
16/01/2022;22:59:00;570;ac03 - Acidente com Danos Materiais;515;BR-153/GO;Norte;Colisão Lateral;2;0;0;0;0;0;0;0;0;0;2;0;0;0;0
16/01/2022;23:09:00;574;ac02 - Acidente com Vítima;92;BR-060/GO;Norte;Queda de Moto;0;0;0;1;0;0;0;0;0;0;0;1;1;0;0
17/01/2022;01:30:00;21;ac02 - Acidente com Vítima;504;BR-153/GO;Sul;Saida de Pista;1;0;0;0;0;0;0;0;0;0;0;0;1;0;0
17/01/2022;01:36:00;22;ac02 - Acidente com Vítima;407;BR-262/MG;Oeste;Capotamento;0;0;0;0;0;0;0;0;0;1;0;0;0;1;0
17/01/2022;02:28:00;59;ac03 - Acidente com Danos Materiais;642;BR-153/GO;Sul;Atropelamento de Animal;1;0;0;0;0;0;0;0;0;0;1;0;0;0;0
17/01/2022;05:33:00;73;ac02 - Acidente com Vítima;135;BR-060/GO;Norte;Queda de Moto;0;0;1;1;0;0;0;0;0;0;1;0;0;1;0
17/01/2022;07:36:00;118;ac03 - Acidente com Danos Materiais;4,25;BR-060/DF;Sul;Colisão Traseira;0;0;1;1;0;0;0;0;0;0;2;0;0;0;0
17/01/2022;07:39:00;120;ac02 - Acidente com Vítima;810;BR-262/MG;Leste;Colisão Traseira;2;0;0;0;0;0;0;0;0;0;1;1;0;0;0
17/01/2022;11:57:00;304;ac03 - Acidente com Danos Materiais;815;BR-262/MG;Oeste;Saida de Pista;0;0;0;0;0;0;0;0;0;1;1;0;0;0;0
17/01/2022;13:18:00;344;ac03 - Acidente com Danos Materiais;508;BR-153/GO;Norte;Colisão Lateral;1;0;1;0;0;0;0;0;0;0;4;0;0;0;0
17/01/2022;14:15:00;395;ac02 - Acidente com Vítima;438,8;BR-262/MG;Oeste;Colisão Traseira;1;0;0;0;0;0;0;0;0;1;1;1;0;0;0
17/01/2022;15:06:00;420;ac02 - Acidente com Vítima;124;BR-060/GO;Norte;Saida de Pista;1;0;0;0;0;0;0;0;0;0;2;0;1;0;0
17/01/2022;16:18:00;455;ac02 - Acidente com Vítima;580,2;BR-262/MG;Leste;Choque - Talude;0;0;1;0;0;0;0;0;0;0;0;1;0;0;0
17/01/2022;23:11:00;669;ac02 - Acidente com Vítima;499,5;BR-262/MG;Oeste;Capotamento;1;0;0;0;0;0;0;0;0;0;1;1;0;0;0
18/01/2022;04:41:00;41;ac03 - Acidente com Danos Materiais;597;BR-153/GO;Norte;Saida de Pista;0;0;0;0;0;0;0;0;0;1;4;0;0;0;0
18/01/2022;05:51:00;63;ac02 - Acidente com Vítima;508;BR-153/GO;Norte;Engavetamento;2;0;2;0;0;0;0;0;0;0;3;0;1;0;0
18/01/2022;06:34:00;68;ac03 - Acidente com Danos Materiais;597,15;BR-262/MG;Leste;Colisão Traseira;0;0;2;0;0;0;0;0;0;0;3;0;0;0;0
18/01/2022;07:17:00;83;ac03 - Acidente com Danos Materiais;605,2;BR-262/MG;Leste;Saida de Pista;0;0;1;0;0;0;0;0;0;0;1;0;0;0;0
18/01/2022;13:18:00;312;ac03 - Acidente com Danos Materiais;50,5;BR-153/MG;Norte;Saida de Pista;0;0;1;0;0;0;0;0;0;0;1;0;0;0;0
18/01/2022;15:53:00;398;ac03 - Acidente com Danos Materiais;663;BR-262/MG;Leste;Saida de Pista;0;0;0;0;0;0;0;0;0;1;1;0;0;0;0
18/01/2022;17:09:00;420;ac03 - Acidente com Danos Materiais;173,8;BR-153/MG;Norte;Saida de Pista;0;0;1;0;0;0;0;0;0;0;1;0;0;0;0
18/01/2022;19:21:00;464;ac02 - Acidente com Vítima;360;BR-262/MG;Leste;Queda de Moto;0;0;0;1;0;0;0;0;0;0;0;0;1;0;0
19/01/2022;08:54:00;143;ac02 - Acidente com Vítima;443,9;BR-262/MG;Leste;Colisão Traseira;1;0;0;1;0;0;0;0;0;0;1;1;0;0;0
19/01/2022;09:09:00;150;ac02 - Acidente com Vítima;678;BR-153/GO;Sul;Tombamento;0;0;1;0;0;0;0;0;0;0;1;1;0;0;0
19/01/2022;10:02:00;230;ac03 - Acidente com Danos Materiais;12;BR-153/MG;Norte;Tombamento;0;0;1;0;0;0;0;0;0;0;1;0;0;0;0
19/01/2022;11:35:00;313;ac02 - Acidente com Vítima;76,8;BR-060/GO;Sul;Saida de Pista;1;0;0;0;0;0;0;0;0;0;0;3;0;0;0
19/01/2022;16:02:00;447;ac03 - Acidente com Danos Materiais;793;BR-262/MG;Oeste;Engavetamento;1;0;1;0;0;0;0;0;0;1;6;0;0;0;0
19/01/2022;17:11:00;465;ac02 - Acidente com Vítima;433;BR-262/MG;Leste;Engavetamento;1;0;0;3;0;0;0;0;0;0;1;3;0;0;0
19/01/2022;17:27:00;475;ac03 - Acidente com Danos Materiais;50;BR-060/GO;Norte;Saida de Pista;1;0;0;0;0;0;0;0;0;0;1;0;0;0;0
19/01/2022;22:31:00;671;ac03 - Acidente com Danos Materiais;6,8;BR-060/DF;Sul;Colisão Traseira;1;0;0;0;0;0;0;0;0;1;2;0;0;0;0
19/01/2022;23:39:00;694;ac03 - Acidente com Danos Materiais;591;BR-262/MG;Leste;Carreta deu L;0;0;1;0;0;0;0;0;0;0;1;0;0;0;0
20/01/2022;03:44:00;79;ac03 - Acidente com Danos Materiais;374,5;BR-262/MG;Oeste;Saida de Pista;0;0;1;0;0;0;0;0;0;0;1;0;0;0;0
20/01/2022;07:57:00;121;ac03 - Acidente com Danos Materiais;101;BR-060/GO;Sul;Colisão Traseira;1;0;1;0;0;0;0;0;0;0;3;0;0;0;0
20/01/2022;08:05:00;124;ac02 - Acidente com Vítima;544,7;BR-153/GO;Sul;Tombamento;1;0;0;0;0;0;0;0;0;0;3;1;0;0;0
20/01/2022;10:51:00;243;ac03 - Acidente com Danos Materiais;511;BR-262/MG;Oeste;Saida de Pista;1;0;0;0;0;0;0;0;0;0;1;0;0;0;0
20/01/2022;14:14:00;349;ac03 - Acidente com Danos Materiais;492;BR-153/GO;Sul;Queda de Moto;0;0;0;1;0;0;0;0;0;0;1;0;0;0;0
20/01/2022;15:27:00;400;ac03 - Acidente com Danos Materiais;566;BR-153/GO;Sul;Saida de Pista;1;0;0;0;0;0;0;0;0;0;1;0;0;0;0
20/01/2022;17:41:00;484;ac03 - Acidente com Danos Materiais;172,2;BR-153/MG;Norte;Saida de Pista;1;0;0;0;0;0;0;0;0;0;1;0;0;0;0
20/01/2022;17:47:00;486;ac03 - Acidente com Danos Materiais;172,2;BR-153/MG;Norte;Saida de Pista;1;0;0;0;0;0;0;0;0;0;1;0;0;0;0
20/01/2022;20:48:00;552;ac03 - Acidente com Danos Materiais;392;BR-262/MG;Oeste;Atropelamento de Animal;1;0;0;0;0;0;0;0;0;0;5;0;0;0;0
20/01/2022;23:17:00;600;ac03 - Acidente com Danos Materiais;82;BR-060/GO;Sul;Choque - Defensa;1;0;0;0;0;0;0;0;0;0;1;0;0;0;0
21/01/2022;06:28:00;87;ac02 - Acidente com Vítima;517,95;BR-262/MG;Oeste;Tombamento;0;0;1;0;0;1;0;0;0;0;4;1;0;0;0
21/01/2022;09:02:00;240;ac03 - Acidente com Danos Materiais;395;BR-262/MG;Oeste;Choque - Barreira;1;0;0;0;0;0;0;0;0;0;1;0;0;0;0
21/01/2022;10:53:00;373;ac03 - Acidente com Danos Materiais;508;BR-153/GO;Norte;Colisão Lateral;1;0;0;0;0;0;0;0;0;0;1;0;0;0;0
21/01/2022;11:05:00;391;ac02 - Acidente com Vítima;137,95;BR-060/GO;Sul;Colisão Traseira;0;0;0;0;1;0;0;0;0;1;2;1;0;0;0
21/01/2022;14:12:00;563;ac03 - Acidente com Danos Materiais;11;BR-060/GO;Norte;Tombamento;0;0;1;0;0;0;0;0;0;0;1;0;0;0;0
21/01/2022;15:04:00;591;ac03 - Acidente com Danos Materiais;25;BR-060/DF;Norte;Colisão Lateral;2;0;0;0;0;0;0;0;0;0;2;0;0;0;0
21/01/2022;15:58:00;609;ac03 - Acidente com Danos Materiais;54;BR-153/MG;Norte;Saida de Pista;0;0;1;0;0;0;0;0;0;0;1;0;0;0;0
21/01/2022;17:18:00;663;ac02 - Acidente com Vítima;113;BR-060/GO;Sul;Saida de Pista;0;0;1;0;0;0;0;0;0;0;0;1;0;0;0
21/01/2022;17:56:00;686;ac02 - Acidente com Vítima;803,9;BR-262/MG;Leste;Colisão Lateral;1;0;1;0;0;0;0;0;0;0;0;4;0;0;0
21/01/2022;20:25:00;811;ac01 - Acidente com Vítima Fatal;552;BR-153/GO;Sul;Atropelamento - Morador;0;0;0;0;0;1;0;0;0;0;1;0;0;0;1
21/01/2022;20:43:00;818;ac02 - Acidente com Vítima;552;BR-153/GO;Sul;Colisão Traseira;0;0;1;0;0;0;0;0;0;1;4;1;0;0;0
22/01/2022;06:26:00;89;ac03 - Acidente com Danos Materiais;580;BR-153/GO;Sul;Capotamento;1;0;0;0;0;0;0;0;0;0;3;0;0;0;0
22/01/2022;08:48:00;151;ac02 - Acidente com Vítima;518;BR-153/GO;Sul;Choque- Poste/Equipamento;1;0;0;0;0;0;0;0;0;0;0;0;1;0;0
22/01/2022;09:23:00;179;ac02 - Acidente com Vítima;129;BR-060/GO;Sul;Colisão Traseira;1;0;1;0;0;0;0;0;0;0;1;0;1;0;0
22/01/2022;10:58:00;241;ac02 - Acidente com Vítima;707,2;BR-262/MG;Leste;Colisão Traseira;1;0;0;0;0;0;0;0;0;1;3;3;1;1;0
22/01/2022;11:37:00;279;ac03 - Acidente com Danos Materiais;516;BR-153/GO;Norte;Colisão Transversal;1;0;0;1;0;0;0;0;0;0;2;0;0;0;0
22/01/2022;12:28:00;293;ac03 - Acidente com Danos Materiais;580;BR-153/GO;Sul;Saida de Pista;1;0;0;0;0;0;0;0;0;0;1;0;0;0;0
22/01/2022;14:45:00;332;ac02 - Acidente com Vítima;129;BR-153/MG;Sul;Colisão Traseira;0;0;2;0;0;0;0;0;0;0;0;1;1;0;0
22/01/2022;15:06:00;343;ac03 - Acidente com Danos Materiais;102;BR-060/GO;Norte;Colisão Lateral;0;0;1;0;0;0;0;0;0;1;3;0;0;0;0
22/01/2022;18:06:00;426;ac02 - Acidente com Vítima;64;BR-153/MG;Norte;Tombamento;0;0;1;0;0;0;0;0;0;0;0;1;0;0;0
23/01/2022;02:34:00;62;ac02 - Acidente com Vítima;421;BR-262/MG;Leste;Saida de Pista;1;0;0;0;0;0;0;0;0;0;0;0;1;0;0
23/01/2022;02:49:00;63;ac03 - Acidente com Danos Materiais;388;BR-262/MG;Oeste;Saida de Pista;1;0;0;0;0;0;0;0;0;0;1;0;0;0;0
23/01/2022;04:01:00;70;ac02 - Acidente com Vítima;443;BR-262/MG;Leste;Queda de Moto;0;0;0;1;0;0;0;0;0;0;0;1;0;0;0
23/01/2022;05:11:00;117;ac03 - Acidente com Danos Materiais;467;BR-262/MG;Leste;Tombamento;0;0;1;0;0;0;0;0;0;0;1;0;0;0;0
23/01/2022;05:12:00;119;ac03 - Acidente com Danos Materiais;575;BR-153/GO;Sul;Saida de Pista;1;0;0;0;0;0;0;0;0;0;1;0;0;0;0
23/01/2022;07:11:00;140;ac03 - Acidente com Danos Materiais;442,1;BR-262/MG;Oeste;Saida de Pista;1;0;0;0;0;0;0;0;0;0;2;0;0;0;0
23/01/2022;11:10:00;283;ac02 - Acidente com Vítima;77;BR-060/GO;Sul;Queda de Moto;0;0;0;1;0;0;0;0;0;0;0;1;0;0;0
23/01/2022;15:46:00;358;ac03 - Acidente com Danos Materiais;900;BR-262/MG;Oeste;Saida de Pista;0;0;1;0;0;0;0;0;0;0;1;0;0;0;0
23/01/2022;17:37:00;435;ac03 - Acidente com Danos Materiais;693;BR-153/GO;Norte;Saida de Pista;1;0;0;0;0;0;0;0;0;0;1;0;0;0;0
23/01/2022;18:14:00;450;ac03 - Acidente com Danos Materiais;28;BR-060/GO;Norte;Atropelamento de Animal;1;0;0;0;0;0;0;0;0;0;2;0;0;0;0
23/01/2022;18:26:00;456;ac03 - Acidente com Danos Materiais;66;BR-153/MG;Norte;Tombamento;0;0;1;0;0;0;0;0;0;0;1;0;0;0;0
24/01/2022;00:52:00;7;ac03 - Acidente com Danos Materiais;15,5;BR-153/MG;Sul;Tombamento;0;0;1;0;0;0;0;0;0;0;1;0;0;0;0
24/01/2022;01:26:00;9;ac03 - Acidente com Danos Materiais;30;BR-060/DF;Norte;Choque- Poste/Equipamento;1;0;0;0;0;0;0;0;0;0;1;0;0;0;0
24/01/2022;03:25:00;21;ac03 - Acidente com Danos Materiais;620;BR-153/GO;Sul;Saida de Pista;1;0;0;0;0;0;0;0;0;0;2;0;0;0;0
24/01/2022;08:12:00;96;ac02 - Acidente com Vítima;96;BR-060/GO;Norte;Colisão Traseira;1;0;0;1;0;0;0;0;0;0;1;0;1;0;0
24/01/2022;12:34:00;363;ac03 - Acidente com Danos Materiais;501;BR-153/GO;Sul;Colisão Lateral;0;0;2;0;0;0;0;0;0;0;2;0;0;0;0
24/01/2022;13:02:00;373;ac03 - Acidente com Danos Materiais;502,9;BR-153/GO;Norte;Colisão Traseira;0;0;1;0;0;0;0;0;0;1;2;0;0;0;0
24/01/2022;13:45:00;387;ac03 - Acidente com Danos Materiais;133;BR-060/GO;Norte;Colisão Traseira;0;0;2;0;0;0;0;0;0;0;2;0;0;0;0
24/01/2022;17:27:00;533;ac02 - Acidente com Vítima;96;BR-060/GO;Sul;Colisão Lateral;1;0;0;1;0;0;0;0;0;0;1;0;1;0;0
24/01/2022;18:42:00;596;ac02 - Acidente com Vítima;501;BR-153/GO;Sul;Queda de Moto;0;0;0;1;0;0;0;0;0;0;0;1;0;0;0
24/01/2022;21:08:00;697;ac03 - Acidente com Danos Materiais;2;BR-060/DF;Sul;Colisão Transversal;1;0;0;1;0;0;0;0;0;0;2;0;0;0;0
25/01/2022;01:33:00;19;ac03 - Acidente com Danos Materiais;576;BR-153/GO;Sul;Choque - Objeto sobre a pista;1;0;0;0;0;0;0;0;0;0;1;0;0;0;0
25/01/2022;04:32:00;42;ac02 - Acidente com Vítima;557;BR-262/MG;Oeste;Tombamento;0;0;1;0;0;0;0;0;0;0;0;1;0;0;0
25/01/2022;05:00:00;44;ac03 - Acidente com Danos Materiais;635;BR-153/GO;Sul;Atropelamento de Animal;1;0;0;0;0;0;0;0;0;0;1;0;0;0;0
25/01/2022;05:56:00;54;ac02 - Acidente com Vítima;768;BR-262/MG;Oeste;Tombamento;0;0;1;0;0;1;0;0;0;0;1;1;0;0;0
25/01/2022;06:59:00;66;ac02 - Acidente com Vítima;437,5;BR-262/MG;Oeste;Colisão Traseira;1;0;0;1;0;0;0;0;0;0;2;0;0;1;0
25/01/2022;07:38:00;80;ac02 - Acidente com Vítima;825;BR-262/MG;Leste;Saida de Pista;1;0;0;0;0;0;0;0;0;0;0;1;0;0;0
25/01/2022;09:27:00;130;ac03 - Acidente com Danos Materiais;568;BR-262/MG;Oeste;Colisão Transversal;2;0;0;0;0;0;0;0;0;0;2;0;0;0;0
25/01/2022;09:46:00;138;ac03 - Acidente com Danos Materiais;74;BR-060/GO;Norte;Saida de Pista;2;0;0;0;0;0;0;0;0;0;2;0;0;0;0
25/01/2022;10:47:00;170;ac02 - Acidente com Vítima;118;BR-060/GO;Norte;Colisão Transversal;2;0;0;0;0;0;0;0;0;0;5;1;0;0;0
25/01/2022;10:54:00;172;ac03 - Acidente com Danos Materiais;631;BR-262/MG;Leste;Colisão Traseira;1;0;0;1;0;0;0;0;0;0;2;0;0;0;0
25/01/2022;12:30:00;203;ac03 - Acidente com Danos Materiais;3;BR-060/GO;Sul;Choque - Talude;1;0;0;0;0;0;0;0;0;0;2;0;0;0;0
25/01/2022;14:34:00;259;ac03 - Acidente com Danos Materiais;547;BR-153/GO;Sul;Saida de Pista;0;0;0;0;0;0;0;0;0;1;1;0;0;0;0
25/01/2022;19:44:00;379;ac03 - Acidente com Danos Materiais;4;BR-060/DF;Norte;Colisão Traseira;2;0;0;0;0;0;0;0;0;0;2;0;0;0;0
26/01/2022;03:00:00;27;ac02 - Acidente com Vítima;129,7;BR-060/GO;Norte;Tombamento;0;0;0;0;0;0;0;0;0;1;3;1;0;0;0
26/01/2022;12:32:00;234;ac03 - Acidente com Danos Materiais;394,15;BR-262/MG;Leste;Colisão Traseira;2;0;0;0;0;0;0;0;0;0;6;0;0;0;0
26/01/2022;21:56:00;441;ac03 - Acidente com Danos Materiais;508;BR-153/GO;Sul;Objeto lançado contra veículo;1;0;0;0;0;1;0;0;0;1;3;0;0;0;0
27/01/2022;05:06:00;29;ac03 - Acidente com Danos Materiais;129;BR-060/GO;Norte;Choque - Objeto sobre a pista;2;0;0;0;0;0;0;0;0;1;3;0;0;0;0
27/01/2022;07:32:00;67;ac03 - Acidente com Danos Materiais;79;BR-060/GO;Norte;Capotamento;1;0;0;0;0;0;0;0;0;0;2;0;0;0;0