data;horario;n_da_ocorrencia;tipo_de_ocorrencia;km;trecho;sentido;tipo_de_acidente;automovel;bicicleta;caminhao;moto;onibus;outros;tracao_animal;transporte_de_cargas_especiais;trator_maquinas;utilitarios;ilesos;levemente_feridos;moderadamente_feridos;gravemente_feridos;mortos
27/01/2022;07:47:00;75;ac03 - Acidente com Danos Materiais;702;BR-153/GO;Norte;Colisão Lateral;2;0;0;0;0;0;0;0;0;0;5;0;0;0;0
27/01/2022;10:08:00;163;ac03 - Acidente com Danos Materiais;605,15;BR-262/MG;Leste;Saida de Pista;0;0;1;0;0;0;0;0;0;0;1;0;0;0;0
27/01/2022;14:24:00;264;ac03 - Acidente com Danos Materiais;49;BR-060/GO;Norte;Saida de Pista;1;0;0;0;0;0;0;0;0;0;2;0;0;0;0
27/01/2022;15:10:00;278;ac02 - Acidente com Vítima;370;BR-262/MG;Leste;Capotamento;1;0;0;0;0;0;0;0;0;0;0;0;0;1;0
27/01/2022;15:57:00;301;ac03 - Acidente com Danos Materiais;12;BR-060/DF;Norte;Saida de Pista;1;0;0;0;0;0;0;0;0;0;1;0;0;0;0
27/01/2022;16:39:00;322;ac02 - Acidente com Vítima;515;BR-153/GO;Sul;Colisão Traseira;1;0;0;1;0;0;0;0;0;0;2;2;0;0;0
27/01/2022;18:06:00;359;ac03 - Acidente com Danos Materiais;501;BR-153/GO;Sul;Colisão Traseira;2;0;0;0;0;0;0;0;0;0;2;0;0;0;0
27/01/2022;19:41:00;395;ac03 - Acidente com Danos Materiais;354;BR-262/MG;Oeste;Objeto lançado contra veículo;1;0;1;0;0;0;0;0;0;0;2;0;0;0;0
27/01/2022;21:59:00;429;ac03 - Acidente com Danos Materiais;102;BR-060/GO;Norte;Saida de Pista;1;0;0;0;0;0;0;0;0;0;1;0;0;0;0
27/01/2022;22:14:00;431;ac02 - Acidente com Vítima;439;BR-262/MG;Oeste;Atropelamento - Ciclista;1;0;0;0;0;0;0;0;0;0;1;0;1;0;0
27/01/2022;23:16:00;444;ac02 - Acidente com Vítima;109;BR-060/GO;Norte;Saida de Pista;1;0;0;0;0;0;0;0;0;0;2;2;0;0;0
28/01/2022;02:09:00;17;ac03 - Acidente com Danos Materiais;676;BR-262/MG;Oeste;Saida de Pista;1;0;0;0;0;0;0;0;0;0;4;0;0;0;0
28/01/2022;02:37:00;19;ac02 - Acidente com Vítima;415;BR-262/MG;Oeste;Saida de Pista;1;0;0;0;0;0;0;0;0;0;0;0;1;1;0
28/01/2022;03:10:00;24;ac02 - Acidente com Vítima;365;BR-262/MG;Oeste;Tombamento;0;0;1;0;0;1;0;0;0;0;1;1;0;0;0
28/01/2022;06:30:00;43;ac03 - Acidente com Danos Materiais;113;BR-153/MG;Norte;Colisão Traseira;1;0;2;0;0;0;0;0;0;0;3;0;0;0;0
28/01/2022;06:50:00;50;ac03 - Acidente com Danos Materiais;754;BR-262/MG;Oeste;Colisão Lateral;2;0;0;0;0;0;0;0;0;0;2;0;0;0;0
28/01/2022;10:23:00;165;ac02 - Acidente com Vítima;108;BR-060/GO;Sul;Colisão Lateral;0;1;0;0;1;0;0;0;0;0;1;0;1;0;0
28/01/2022;11:41:00;231;ac03 - Acidente com Danos Materiais;610,2;BR-262/MG;Oeste;Carreta deu L;0;0;1;0;0;0;0;0;0;0;1;0;0;0;0
28/01/2022;12:09:00;269;ac03 - Acidente com Danos Materiais;363;BR-262/MG;Leste;Colisão Traseira;0;0;0;0;2;0;0;0;0;0;2;0;0;0;0
28/01/2022;12:47:00;332;ac03 - Acidente com Danos Materiais;511;BR-153/GO;Norte;Colisão Lateral;1;0;0;0;0;1;0;0;0;0;2;0;0;0;0
28/01/2022;14:50:00;395;ac03 - Acidente com Danos Materiais;47,3;BR-153/MG;Sul;Colisão Lateral;1;0;1;0;0;1;0;0;0;0;6;0;0;0;0
28/01/2022;15:15:00;404;ac03 - Acidente com Danos Materiais;105;BR-060/GO;Norte;Saida de Pista;1;0;0;0;0;0;0;0;0;0;3;0;0;0;0
28/01/2022;17:43:00;503;ac02 - Acidente com Vítima;508;BR-153/GO;Sul;Colisão Lateral;0;0;1;1;0;0;0;0;0;0;1;0;1;0;0
28/01/2022;19:23:00;537;ac02 - Acidente com Vítima;360;BR-262/MG;Oeste;Queda de Moto;0;0;0;1;0;0;0;0;0;0;0;2;0;0;0
28/01/2022;23:32:00;620;ac03 - Acidente com Danos Materiais;409;BR-262/MG;Leste;Saida de Pista;0;0;1;0;0;2;0;0;0;0;3;0;0;0;0
29/01/2022;05:20:00;37;ac03 - Acidente com Danos Materiais;494,2;BR-153/GO;Sul;Queda de Moto;0;0;0;1;0;0;0;0;0;0;1;0;0;0;0
29/01/2022;05:39:00;40;ac03 - Acidente com Danos Materiais;541;BR-262/MG;Leste;Saida de Pista;0;0;1;0;0;0;0;0;0;0;1;0;0;0;0
29/01/2022;07:08:00;60;ac03 - Acidente com Danos Materiais;106;BR-060/GO;Sul;Queda de Ciclista;0;0;0;1;0;0;0;0;0;0;2;0;0;0;0
29/01/2022;07:35:00;70;ac03 - Acidente com Danos Materiais;509,625;BR-153/GO;Norte;Choque - Barreira;0;0;1;0;0;0;0;0;0;0;1;0;0;0;0
29/01/2022;08:30:00;107;ac03 - Acidente com Danos Materiais;570;BR-262/MG;Leste;Colisão Lateral;1;0;1;0;0;0;0;0;0;0;2;0;0;0;0
29/01/2022;11:57:00;395;ac03 - Acidente com Danos Materiais;4;BR-153/MG;Sul;Colisão Traseira;1;0;1;0;0;1;0;0;0;0;3;0;0;0;0
29/01/2022;13:30:00;432;ac02 - Acidente com Vítima;491,9;BR-262/MG;Leste;Capotamento;1;0;1;0;0;0;0;0;0;0;1;2;0;0;0
29/01/2022;13:43:00;439;ac03 - Acidente com Danos Materiais;590,15;BR-153/GO;Sul;Saida de Pista;1;0;0;0;0;0;0;0;0;0;1;0;0;0;0
29/01/2022;13:50:00;442;ac03 - Acidente com Danos Materiais;243;BR-153/MG;Norte;Saida de Pista;0;0;1;0;0;1;0;0;0;0;2;0;0;0;0
29/01/2022;18:43:00;618;ac03 - Acidente com Danos Materiais;505;BR-153/GO;Norte;Choque - Outros;1;0;0;0;0;0;0;0;0;0;1;0;0;0;0
29/01/2022;19:52:00;640;ac01 - Acidente com Vítima Fatal;18;BR-060/GO;Sul;Colisão Traseira;0;0;1;1;0;0;0;0;0;0;1;0;0;0;1
29/01/2022;23:07:00;708;ac03 - Acidente com Danos Materiais;129;BR-060/GO;Sul;Colisão Traseira;1;0;0;0;0;1;0;0;0;0;3;0;0;0;0
29/01/2022;23:42:00;718;ac03 - Acidente com Danos Materiais;440;BR-262/MG;Leste;Capotamento;1;0;0;0;0;0;0;0;0;0;1;0;0;0;0
30/01/2022;02:01:00;13;ac03 - Acidente com Danos Materiais;411;BR-262/MG;Oeste;Saida de Pista;1;0;0;0;0;0;0;0;0;0;2;0;0;0;0
30/01/2022;05:11:00;40;ac03 - Acidente com Danos Materiais;367,15;BR-262/MG;Oeste;Colisão Traseira;2;0;0;0;0;0;0;0;0;0;4;0;0;0;0
30/01/2022;05:42:00;48;ac03 - Acidente com Danos Materiais;479,5;BR-262/MG;Oeste;Choque - Talude;0;0;1;0;0;0;0;0;0;0;1;0;0;0;0
30/01/2022;11:17:00;180;ac02 - Acidente com Vítima;384,15;BR-262/MG;Leste;Colisão Transversal;0;0;0;2;0;0;0;0;0;0;0;1;1;0;0
30/01/2022;13:19:00;211;ac03 - Acidente com Danos Materiais;548;BR-262/MG;Leste;Saida de Pista;1;0;0;0;0;0;0;0;0;0;2;0;0;0;0
30/01/2022;13:38:00;220;ac03 - Acidente com Danos Materiais;363;BR-262/MG;Oeste;Engavetamento;3;0;0;0;0;0;0;0;0;0;5;0;0;0;0
30/01/2022;14:38:00;302;ac03 - Acidente com Danos Materiais;234;BR-153/MG;Norte;Saida de Pista;0;0;1;0;0;0;0;0;0;0;1;0;0;0;0
30/01/2022;17:12:00;347;ac03 - Acidente com Danos Materiais;431,2;BR-262/MG;Oeste;Saida de Pista;1;0;0;0;0;0;0;0;0;0;1;0;0;0;0
30/01/2022;17:14:00;350;ac03 - Acidente com Danos Materiais;762;BR-262/MG;Oeste;Saida de Pista;1;0;0;0;0;1;0;0;0;0;3;0;0;0;0
30/01/2022;17:25:00;356;ac03 - Acidente com Danos Materiais;237,3;BR-153/MG;Norte;Saida de Pista;1;0;0;0;0;0;0;0;0;0;1;0;0;0;0
30/01/2022;18:28:00;382;ac02 - Acidente com Vítima;532;BR-153/GO;Sul;Saida de Pista;1;0;0;0;0;0;0;0;0;0;1;1;0;0;0
30/01/2022;19:39:00;403;ac02 - Acidente com Vítima;101;BR-060/GO;Norte;Colisão Lateral;1;0;0;1;0;0;0;0;0;0;1;2;0;0;0
30/01/2022;20:04:00;416;ac03 - Acidente com Danos Materiais;242;BR-153/MG;Norte;Saida de Pista;1;0;0;0;0;0;0;0;0;0;1;0;0;0;0
30/01/2022;20:55:00;429;ac02 - Acidente com Vítima;877;BR-262/MG;Leste;Colisão Lateral;1;0;0;1;0;0;0;0;0;0;1;1;0;0;0
30/01/2022;22:52:00;445;ac03 - Acidente com Danos Materiais;564;BR-153/GO;Norte;Choque - Talude;0;0;0;0;1;0;0;0;0;0;32;0;0;0;0
30/01/2022;23:18:00;451;ac03 - Acidente com Danos Materiais;148;BR-153/MG;Norte;Tombamento;0;0;1;0;0;0;0;0;0;0;1;0;0;0;0
31/01/2022;02:02:00;11;ac03 - Acidente com Danos Materiais;24;BR-060/DF;Norte;Queda de Moto;0;0;0;1;0;0;0;0;0;0;1;0;0;0;0
31/01/2022;03:43:00;17;ac02 - Acidente com Vítima;11,3;BR-153/MG;Norte;Saida de Pista;1;0;0;0;0;0;0;0;0;0;1;1;0;0;0
31/01/2022;05:38:00;25;ac02 - Acidente com Vítima;388,2;BR-262/MG;Leste;Choque- Placa/Suporte Sinalização;0;1;0;0;0;0;0;0;0;0;0;0;1;0;0
31/01/2022;05:49:00;30;ac02 - Acidente com Vítima;72,4;BR-153/MG;Sul;Tombamento;0;0;1;0;0;0;0;0;0;0;0;0;1;0;0
31/01/2022;07:48:00;64;ac03 - Acidente com Danos Materiais;385,2;BR-262/MG;Oeste;Choque - Elemento de Drenagem;1;0;0;0;0;0;0;0;0;0;3;0;0;0;0
31/01/2022;07:49:00;66;ac03 - Acidente com Danos Materiais;235;BR-153/MG;Sul;Saida de Pista;0;0;1;0;0;0;0;0;0;0;1;0;0;0;0
31/01/2022;08:04:00;71;ac03 - Acidente com Danos Materiais;365;BR-262/MG;Leste;Colisão Traseira;2;0;0;0;0;0;0;0;0;0;3;0;0;0;0
31/01/2022;09:04:00;92;ac03 - Acidente com Danos Materiais;501,8;BR-153/GO;Sul;Colisão Traseira;1;0;0;0;0;0;0;0;0;1;2;0;0;0;0
31/01/2022;11:19:00;161;ac02 - Acidente com Vítima;448,15;BR-262/MG;Leste;Colisão Traseira;0;0;2;0;0;0;0;0;0;0;2;1;0;0;0
31/01/2022;12:15:00;242;ac03 - Acidente com Danos Materiais;30;BR-060/DF;Sul;Colisão Traseira;1;0;1;0;0;0;0;0;0;0;2;0;0;0;0
31/01/2022;13:02:00;257;ac03 - Acidente com Danos Materiais;212,7;BR-153/MG;Norte;Saida de Pista;1;0;0;0;0;0;0;0;0;0;1;0;0;0;0
31/01/2022;13:46:00;277;ac03 - Acidente com Danos Materiais;172;BR-153/MG;Norte;Choque - Outros;1;0;0;0;0;0;0;0;0;0;1;0;0;0;0
31/01/2022;13:47:00;278;ac03 - Acidente com Danos Materiais;611,3;BR-262/MG;Oeste;Choque - Talude;0;0;1;0;0;0;0;0;0;0;1;0;0;0;0
31/01/2022;14:02:00;281;ac03 - Acidente com Danos Materiais;577;BR-262/MG;Leste;Saida de Pista;1;0;1;0;0;0;0;0;0;0;2;0;0;0;0
31/01/2022;14:07:00;284;ac03 - Acidente com Danos Materiais;171,9;BR-153/MG;Norte;Colisão Traseira;1;0;1;0;0;0;0;0;0;0;3;0;0;0;0
31/01/2022;15:00:00;300;ac01 - Acidente com Vítima Fatal;168,7;BR-153/MG;Norte;Colisão Lateral;0;0;2;0;0;0;0;0;0;0;1;0;0;0;1
31/01/2022;15:29:00;311;ac03 - Acidente com Danos Materiais;4;BR-060/GO;Sul;Saida de Pista;1;0;0;0;0;0;0;0;0;0;1;0;0;0;0
31/01/2022;16:21:00;341;ac03 - Acidente com Danos Materiais;582;BR-262/MG;Oeste;Choque - Elemento de Drenagem;0;0;1;0;0;0;0;0;0;0;1;0;0;0;0
31/01/2022;16:42:00;356;ac03 - Acidente com Danos Materiais;508;BR-153/GO;Norte;Engavetamento;1;0;2;0;0;0;0;0;0;0;3;0;0;0;0
31/01/2022;19:01:00;392;ac03 - Acidente com Danos Materiais;586,5;BR-153/GO;Norte;Saida de Pista;0;0;0;0;0;0;0;0;0;1;5;0;0;0;0
31/01/2022;20:02:00;415;ac03 - Acidente com Danos Materiais;108;BR-153/MG;Sul;Saida de Pista;1;0;0;0;0;0;0;0;0;0;1;0;0;0;0
31/01/2022;20:35:00;424;ac03 - Acidente com Danos Materiais;11;BR-153/MG;Norte;Saida de Pista;1;0;0;0;0;0;0;0;0;0;1;0;0;0;0
01/02/2022;05:41:00;59;Acidente com Vítima;40,000;BR-060/GO;Norte;Colisão Traseira;2;0;0;0;0;0;0;0;0;0;5;0;0;0;0
01/02/2022;06:25:00;62;Acidente com Danos Materiais;364,000;BR-262/MG;Leste;Colisão Traseira;2;0;0;0;0;0;0;0;0;0;2;0;0;0;0
01/02/2022;13:44:00;333;Acidente com Danos Materiais;508,000;BR-153/GO;Norte;Colisão Traseira;1;0;1;0;0;0;0;0;0;0;2;0;0;0;0
01/02/2022;15:19:00;395;Acidente com Vítima;35,700;BR-060/GO;Norte;Choque - Arvore;1;0;0;0;0;0;0;0;0;0;0;0;2;0;0
01/02/2022;19:18:00;486;Acidente com Vítima;452,800;BR-262/MG;Oeste;Capotamento;0;0;0;0;0;0;0;0;0;1;1;0;0;0;0
01/02/2022;20:38:00;520;Acidente com Danos Materiais;32,000;BR-153/MG;Sul;Saida de Pista;1;0;0;0;0;0;0;0;0;0;4;0;0;0;0
01/02/2022;22:37:00;555;Acidente com Danos Materiais;21,575;BR-153/MG;Sul;Tombamento;0;0;1;0;0;0;0;0;0;0;1;0;0;0;0
01/02/2022;23:07:00;563;Acidente com Danos Materiais;127,000;BR-060/GO;Norte;Saida de Pista;1;0;0;0;0;0;0;0;0;0;1;0;0;0;0
02/02/2022;00:20:00;5;Acidente com Danos Materiais;494,800;BR-262/MG;Leste;Saida de Pista;0;0;1;0;0;0;0;0;0;0;1;0;0;0;0
02/02/2022;04:45:00;51;Acidente com Vítima Fatal;462,000;BR-262/MG;Oeste;Colisão Transversal;0;0;1;0;0;0;0;0;0;1;2;0;2;1;1
02/02/2022;05:04:00;54;Acidente com Danos Materiais;901,000;BR-262/MG;Oeste;Saida de Pista;0;0;0;0;0;0;0;0;0;1;1;0;0;0;0
02/02/2022;05:59:00;65;Acidente com Danos Materiais;137,000;BR-060/GO;Norte;Colisão Traseira;0;0;2;0;0;0;0;0;0;0;2;0;0;0;0
02/02/2022;06:15:00;68;Acidente com Danos Materiais;597,000;BR-262/MG;Oeste;Tombamento;0;0;1;0;0;0;0;0;0;0;1;0;0;0;0
02/02/2022;07:19:00;85;Acidente com Danos Materiais;694,000;BR-153/GO;Norte;Saida de Pista;0;0;0;0;0;0;0;0;0;1;1;0;0;0;0
02/02/2022;07:32:00;95;Acidente com Danos Materiais;190,000;BR-153/MG;Norte;Saida de Pista;1;0;0;0;0;0;0;0;0;0;1;0;0;0;0
02/02/2022;13:31:00;281;Acidente com Danos Materiais;549,000;BR-262/MG;Leste;Colisão Lateral;2;0;0;0;0;0;0;0;0;0;2;0;0;0;0
02/02/2022;16:55:00;373;Acidente com Vítima;4,500;BR-060/DF;Norte;Colisão Lateral;1;0;0;1;0;0;0;0;0;0;3;0;0;0;0
02/02/2022;17:55:00;406;Acidente com Danos Materiais;551,000;BR-262/MG;Oeste;Carreta deu L;0;0;1;0;0;0;0;0;0;0;1;0;0;0;0
02/02/2022;18:48:00;425;Acidente com Vítima;86,000;BR-153/MG;Norte;Colisão Transversal;0;0;4;0;0;0;0;0;0;0;5;0;1;0;0
03/02/2022;01:22:00;26;Acidente com Danos Materiais;138,000;BR-060/GO;Sul;Saida de Pista;0;0;1;0;0;0;0;0;0;0;1;0;0;0;0
03/02/2022;07:29:00;122;Acidente com Danos Materiais;748,150;BR-262/MG;Oeste;Colisão Traseira;0;0;2;0;0;0;0;0;0;0;2;0;0;0;0
03/02/2022;07:39:00;136;Acidente com Danos Materiais;39,210;BR-153/MG;Norte;Saida de Pista;0;0;0;0;0;1;0;0;0;1;2;0;0;0;0
03/02/2022;07:50:00;150;Acidente com Vítima;511,000;BR-153/GO;Norte;Colisão Traseira;0;0;0;2;0;0;0;0;0;0;1;0;1;0;0
03/02/2022;08:57:00;203;Acidente com Danos Materiais;22,500;BR-060/DF;Sul;Saida de Pista;0;0;1;0;0;0;0;0;0;0;2;0;0;0;0
03/02/2022;09:14:00;206;Acidente com Vítima;47,000;BR-060/GO;Sul;Saida de Pista;0;0;1;0;0;0;0;0;0;0;0;0;1;0;0
03/02/2022;11:24:00;278;Acidente com Danos Materiais;588,900;BR-262/MG;Leste;Colisão Traseira;2;0;2;0;0;0;0;0;0;0;5;0;0;0;0
03/02/2022;12:08:00;310;Acidente com Danos Materiais;548,000;BR-262/MG;Oeste;Choque - Elemento de Drenagem;1;0;0;0;0;0;0;0;0;0;1;0;0;0;0
03/02/2022;12:29:00;315;Acidente com Danos Materiais;380,150;BR-262/MG;Leste;Choque - Elemento de Drenagem;1;0;0;0;0;0;0;0;0;0;1;0;0;0;0
03/02/2022;13:14:00;335;Acidente com Vítima;458,150;BR-262/MG;Leste;Colisão Lateral;0;0;1;0;0;0;0;0;0;1;3;0;0;0;0
03/02/2022;14:00:00;349;Acidente com Danos Materiais;354,000;BR-262/MG;Leste;Colisão Traseira;1;0;0;0;0;1;0;0;0;0;2;0;0;0;0
03/02/2022;15:00:00;367;Acidente com Danos Materiais;46,000;BR-060/GO;Sul;Colisão Traseira;0;0;2;0;0;0;0;0;0;0;2;0;0;0;0
03/02/2022;15:32:00;379;Acidente com Danos Materiais;48,000;BR-060/GO;Norte;Choque - Talude;0;0;1;0;0;0;0;0;0;0;1;0;0;0;0
03/02/2022;18:00:00;435;Acidente com Vítima;95,000;BR-060/GO;Norte;Queda de Moto;0;0;0;1;0;0;0;0;0;0;1;0;0;0;0
03/02/2022;18:18:00;438;Acidente com Danos Materiais;499,000;BR-153/GO;Sul;Colisão Traseira;0;0;0;0;0;0;0;0;0;2;2;0;0;0;0
03/02/2022;19:26:00;466;Acidente com Danos Materiais;87,000;BR-060/GO;Sul;Saida de Pista;1;0;0;0;0;0;0;0;0;0;1;0;0;0;0
03/02/2022;19:45:00;473;Acidente com Vítima Fatal;22,000;BR-060/GO;Sul;Colisão Traseira;1;0;1;1;0;0;0;0;0;0;2;0;0;0;1
04/02/2022;05:48:00;74;Acidente com Danos Materiais;19,000;BR-060/GO;Sul;Saida de Pista;1;0;0;0;0;0;0;0;0;0;1;0;0;0;0
04/02/2022;07:06:00;98;Acidente com Danos Materiais;632,000;BR-262/MG;Oeste;Saida de Pista;1;0;0;0;0;0;0;0;0;0;1;0;0;0;0
04/02/2022;08:29:00;171;Acidente com Vítima;8,000;BR-153/MG;Sul;Colisão Traseira;2;0;0;0;0;0;0;0;0;0;2;0;1;0;0
04/02/2022;08:38:00;175;Acidente com Vítima;726,800;BR-262/MG;Leste;Queda de Moto;0;0;0;1;0;0;0;0;0;0;0;0;1;0;0
04/02/2022;13:31:00;500;Acidente com Danos Materiais;188,000;BR-153/MG;Norte;Saida de Pista;0;0;1;0;0;0;0;0;0;0;1;0;0;0;0
04/02/2022;14:15:00;521;Acidente com Danos Materiais;190,500;BR-153/MG;Sul;Colisão Traseira;1;0;1;0;0;0;0;0;0;0;2;0;0;0;0
04/02/2022;16:46:00;574;Acidente com Danos Materiais;380,000;BR-262/MG;Oeste;Choque - Elemento de Drenagem;1;0;0;0;0;0;0;0;0;0;1;0;0;0;0
04/02/2022;17:14:00;592;Acidente com Danos Materiais;385,000;BR-262/MG;Oeste;Capotamento;2;0;0;0;0;0;0;0;0;0;2;0;0;0;0
04/02/2022;19:38:00;656;Acidente com Danos Materiais;108,000;BR-153/MG;Sul;Colisão Traseira;1;0;0;0;0;0;0;0;0;1;2;0;0;0;0
04/02/2022;23:22:00;750;Acidente com Vítima Fatal;116,000;BR-153/MG;Norte;Colisão Transversal;0;0;1;2;0;0;0;0;0;0;2;0;0;0;1
05/02/2022;02:33:00;35;Acidente com Danos Materiais;535,000;BR-153/GO;Norte;Saida de Pista;1;0;0;0;0;0;0;0;0;0;2;0;0;0;0
05/02/2022;05:30:00;80;Acidente com Vítima;7,000;BR-060/DF;Sul;Colisão Frontal;2;0;0;0;0;0;0;0;0;0;1;0;1;0;0
05/02/2022;06:15:00;85;Acidente com Danos Materiais;244,000;BR-153/MG;Sul;Queda de Moto;0;0;0;1;0;0;0;0;0;0;1;0;0;0;0
05/02/2022;06:55:00;98;Acidente com Vítima;517,900;BR-262/MG;Oeste;Colisão Traseira;2;0;0;0;0;0;0;0;0;0;2;0;0;0;0
05/02/2022;08:12:00;121;Acidente com Vítima Fatal;79,800;BR-153/MG;Norte;Tombamento;0;0;1;0;0;0;0;0;0;0;2;0;0;0;1
05/02/2022;10:39:00;192;Acidente com Danos Materiais;478,000;BR-262/MG;Leste;Colisão Traseira;2;0;0;0;0;0;0;0;0;0;2;0;0;0;0
05/02/2022;12:32:00;237;Acidente com Vítima Fatal;568,000;BR-262/MG;Oeste;Colisão Frontal;1;0;1;0;0;0;0;0;0;0;1;0;1;0;3
05/02/2022;14:21:00;263;Acidente com Danos Materiais;368,100;BR-262/MG;Leste;Colisão Lateral;0;0;2;0;0;0;0;0;0;0;2;0;0;0;0
05/02/2022;14:29:00;268;Acidente com Danos Materiais;34,000;BR-060/GO;Sul;Capotamento;1;0;0;0;0;0;0;0;0;0;1;0;0;0;0
05/02/2022;18:28:00;367;Acidente com Danos Materiais;817,000;BR-262/MG;Leste;Saida de Pista;1;0;0;0;0;0;0;0;0;0;1;0;0;0;0
05/02/2022;19:33:00;391;Acidente com Danos Materiais;422,000;BR-262/MG;Leste;Saida de Pista;1;0;0;0;0;0;0;0;0;0;1;0;0;0;0
05/02/2022;20:01:00;403;Acidente com Danos Materiais;876,000;BR-262/MG;Oeste;Colisão Traseira;2;0;0;0;0;0;0;0;0;0;3;0;0;0;0
05/02/2022;20:20:00;407;Acidente com Danos Materiais;508,000;BR-153/GO;Sul;Colisão Traseira;1;0;0;1;0;0;0;0;0;0;3;0;0;0;0
05/02/2022;21:53:00;444;Acidente com Danos Materiais;360,000;BR-262/MG;Oeste;Choque - Veiculo parado na pista;1;0;0;1;0;0;0;0;0;0;5;0;0;0;0
05/02/2022;23:40:00;477;Acidente com Danos Materiais;100,200;BR-060/GO;Sul;Capotamento;2;0;0;0;0;0;0;0;0;0;4;0;0;0;0
06/02/2022;05:30:00;48;Acidente com Danos Materiais;433,000;BR-262/MG;Leste;Capotamento;1;0;0;0;0;0;0;0;0;0;1;0;0;0;0
06/02/2022;05:33:00;50;Acidente com Vítima;640,000;BR-153/GO;Norte;Tombamento;0;0;1;0;0;0;0;0;0;0;0;0;1;0;0
06/02/2022;06:54:00;61;Acidente com Danos Materiais;606,000;BR-153/GO;Sul;Saida de Pista;1;0;0;0;0;0;0;0;0;0;1;0;0;0;0
06/02/2022;07:00:00;63;Acidente com Vítima;608,000;BR-262/MG;Oeste;Capotamento;1;0;0;0;0;0;0;0;0;0;0;0;1;0;0
06/02/2022;13:00:00;176;Acidente com Danos Materiais;353,000;BR-262/MG;Leste;Capotamento;1;0;0;0;0;0;0;0;0;0;1;0;0;0;0
06/02/2022;14:38:00;242;Acidente com Danos Materiais;43,000;BR-060/GO;Norte;Colisão Traseira;2;0;0;0;0;0;0;0;0;0;2;0;0;0;0
06/02/2022;14:46:00;246;Acidente com Danos Materiais;381,000;BR-262/MG;Oeste;Saida de Pista;1;0;0;0;0;0;0;0;0;0;2;0;0;0;0
06/02/2022;18:43:00;363;Acidente com Danos Materiais;606,000;BR-153/GO;Sul;Capotamento;1;0;0;0;0;0;0;0;0;0;1;0;0;0;0
06/02/2022;19:52:00;395;Acidente com Danos Materiais;227,000;BR-153/MG;Sul;Capotamento;1;0;0;0;0;0;0;0;0;0;2;0;0;0;0
06/02/2022;19:56:00;398;Acidente com Vítima;41,000;BR-060/GO;Norte;Engavetamento;2;0;0;0;0;0;0;0;0;1;5;0;0;0;0
06/02/2022;20:21:00;412;Acidente com Vítima;29,000;BR-060/GO;Norte;Queda em Ribanceira;0;0;0;1;0;0;0;0;0;0;1;0;0;0;0
06/02/2022;22:01:00;456;Acidente com Danos Materiais;418,000;BR-262/MG;Leste;Saida de Pista;1;0;0;0;0;0;0;0;0;0;1;0;0;0;0
06/02/2022;23:54:00;489;Acidente com Vítima;817,000;BR-262/MG;Oeste;Saida de Pista;1;0;0;0;0;0;0;0;0;0;2;0;0;0;0
07/02/2022;00:17:00;3;Acidente com Danos Materiais;607,300;BR-262/MG;Leste;Saida de Pista;0;0;0;0;1;0;0;0;0;0;43;0;0;0;0
07/02/2022;00:55:00;12;Acidente com Danos Materiais;45,000;BR-060/GO;Sul;Capotamento;0;0;0;0;0;0;0;0;0;1;2;0;0;0;0
07/02/2022;01:20:00;14;Acidente com Danos Materiais;52,000;BR-153/MG;Sul;Choque - Defensa;1;0;0;0;0;0;0;0;0;0;1;0;0;0;0
07/02/2022;07:27:00;62;Acidente com Vítima;516,000;BR-153/GO;Norte;Colisão Lateral;1;0;1;1;0;0;0;0;0;0;4;0;1;1;0
07/02/2022;07:56:00;78;Acidente com Danos Materiais;499,000;BR-153/GO;Sul;Engavetamento;3;0;0;0;0;0;0;0;0;0;3;0;0;0;0
07/02/2022;08:04:00;87;Acidente com Danos Materiais;96,000;BR-060/GO;Sul;Engavetamento;3;0;0;0;0;0;0;0;0;0;4;0;0;0;0
07/02/2022;08:13:00;95;Acidente com Vítima;509,000;BR-153/GO;Sul;Queda de Moto;0;0;0;1;0;0;0;0;0;0;2;0;0;0;0
07/02/2022;10:48:00;187;Acidente com Vítima;153,800;BR-153/MG;Sul;Tombamento;0;0;1;0;0;0;0;0;0;0;0;0;1;0;0
07/02/2022;12:56:00;229;Acidente com Danos Materiais;670,000;BR-153/GO;Sul;Colisão Traseira;0;0;2;0;0;0;0;0;0;0;2;0;0;0;0
07/02/2022;13:48:00;245;Acidente com Danos Materiais;547,050;BR-262/MG;Leste;Saida de Pista;1;0;0;0;0;0;0;0;0;0;1;0;0;0;0
07/02/2022;14:53:00;271;Acidente com Danos Materiais;380,200;BR-262/MG;Leste;Choque - Elemento de Drenagem;1;0;0;0;0;0;0;0;0;0;2;0;0;0;0
07/02/2022;15:14:00;279;Acidente com Danos Materiais;634,300;BR-262/MG;Leste;Saida de Pista;1;0;0;0;0;0;0;0;0;0;1;0;0;0;0
07/02/2022;15:21:00;281;Acidente com Danos Materiais;682,000;BR-153/GO;Norte;Saida de Pista;2;0;0;0;0;0;0;0;0;0;2;0;0;0;0
07/02/2022;15:45:00;288;Acidente com Danos Materiais;50,000;BR-060/GO;Sul;Colisão Traseira;0;0;2;0;0;0;0;0;0;0;2;0;0;0;0
07/02/2022;18:45:00;349;Acidente com Danos Materiais;100,000;BR-060/GO;Norte;Saida de Pista;1;0;0;0;0;0;0;0;0;0;2;0;0;0;0
07/02/2022;19:32:00;371;Acidente com Danos Materiais;199,000;BR-153/MG;Norte;Saida de Pista;1;0;0;0;0;0;0;0;0;0;1;0;0;0;0