data;horario;n_da_ocorrencia;tipo_de_ocorrencia;km;trecho;sentido;tipo_de_acidente;automovel;bicicleta;caminhao;moto;onibus;outros;tracao_animal;transporte_de_cargas_especiais;trator_maquinas;utilitarios;ilesos;levemente_feridos;moderadamente_feridos;gravemente_feridos;mortos
07/02/2022;19:53:00;380;Acidente com Vítima;400,000;BR-262/MG;Oeste;Colisão Lateral;2;0;0;0;0;0;0;0;0;0;5;0;0;0;0
07/02/2022;20:33:00;393;Acidente com Danos Materiais;424,000;BR-262/MG;Leste;Saida de Pista;1;0;0;0;0;0;0;0;0;0;1;0;0;0;0
08/02/2022;04:39:00;38;Acidente com Danos Materiais;2,000;BR-060/GO;Sul;Choque - Defensa;0;0;1;0;0;1;0;0;0;0;2;0;0;0;0
08/02/2022;05:49:00;46;Acidente com Vítima;110,000;BR-153/MG;Sul;Tombamento;0;0;1;0;0;1;0;0;0;0;3;0;0;0;0
08/02/2022;08:11:00;76;Acidente com Danos Materiais;432,000;BR-262/MG;Oeste;Capotamento;1;0;0;0;0;0;0;0;0;0;1;0;0;0;0
08/02/2022;11:04:00;160;Acidente com Danos Materiais;62,000;BR-060/GO;Sul;Tombamento;0;0;1;0;0;0;0;0;0;0;1;0;0;0;0
08/02/2022;13:24:00;205;Acidente com Danos Materiais;94,000;BR-060/GO;Sul;Colisão Traseira;2;0;0;0;0;0;0;0;0;0;2;0;0;0;0
08/02/2022;13:44:00;214;Acidente com Danos Materiais;89,000;BR-060/GO;Sul;Queda de Ciclista;0;0;0;1;0;0;0;0;0;0;1;0;0;0;0
08/02/2022;14:12:00;219;Acidente com Danos Materiais;94,000;BR-060/GO;Sul;Engavetamento;3;0;0;0;0;0;0;0;0;0;4;0;0;0;0
08/02/2022;15:40:00;243;Acidente com Vítima;639,500;BR-153/GO;Sul;Colisão Traseira;1;0;0;0;0;1;0;0;0;0;2;0;0;0;0
08/02/2022;17:43:00;292;Acidente com Danos Materiais;244,000;BR-153/MG;Sul;Colisão Traseira;1;0;0;0;0;0;0;0;0;1;2;0;0;0;0
08/02/2022;17:44:00;293;Acidente com Danos Materiais;0,300;BR-153/MG;Sul;Tombamento;0;0;1;0;0;1;0;0;0;0;2;0;0;0;0
08/02/2022;17:45:00;294;Acidente com Danos Materiais;537,000;BR-153/GO;Sul;Colisão Lateral;0;0;0;0;0;0;0;0;0;1;1;0;0;0;0
08/02/2022;19:01:00;317;Acidente com Danos Materiais;597,000;BR-262/MG;Oeste;Colisão Lateral;1;0;2;0;0;0;0;0;0;0;4;0;0;0;0
08/02/2022;23:36:00;404;Acidente com Danos Materiais;55,000;BR-060/GO;Sul;Colisão Traseira;0;0;2;0;0;0;0;0;0;0;2;0;0;0;0
09/02/2022;01:41:00;16;Acidente com Danos Materiais;668,708;BR-153/GO;Sul;Tombamento;0;0;1;0;0;2;0;0;0;0;3;0;0;0;0
09/02/2022;05:20:00;48;Acidente com Danos Materiais;132,400;BR-060/GO;Norte;Colisão Traseira;0;0;2;0;0;0;0;0;0;0;2;0;0;0;0
09/02/2022;06:20:00;59;Acidente com Danos Materiais;82,000;BR-060/GO;Norte;Saida de Pista;1;0;0;0;0;0;0;0;0;0;1;0;0;0;0
09/02/2022;07:44:00;89;Acidente com Danos Materiais;873,000;BR-262/MG;Oeste;Capotamento;0;0;0;0;0;0;0;0;0;1;2;0;0;0;0
09/02/2022;08:02:00;97;Acidente com Danos Materiais;129,000;BR-060/GO;Norte;Saida de Pista;1;0;0;0;0;0;0;0;0;0;1;0;0;0;0
09/02/2022;09:52:00;154;Acidente com Danos Materiais;3,000;BR-060/DF;Sul;Colisão Traseira;2;0;0;0;0;0;0;0;0;0;2;0;0;0;0
09/02/2022;10:29:00;183;Acidente com Danos Materiais;607,000;BR-262/MG;Oeste;Saida de Pista;0;0;0;0;0;0;0;0;0;1;1;0;0;0;0
09/02/2022;11:42:00;216;Acidente com Vítima;413,000;BR-262/MG;Leste;Saida de Pista;1;0;0;0;0;0;0;0;0;0;1;0;0;0;0
09/02/2022;13:36:00;257;Acidente com Danos Materiais;403,100;BR-262/MG;Leste;Colisão Lateral;1;0;1;0;0;0;0;0;0;0;2;0;0;0;0
09/02/2022;14:32:00;283;Acidente com Danos Materiais;184,495;BR-153/MG;Sul;Colisão Traseira;0;0;2;0;0;0;0;0;0;0;2;0;0;0;0
09/02/2022;14:59:00;296;Acidente com Danos Materiais;790,000;BR-262/MG;Leste;Saida de Pista;1;0;0;0;0;1;0;0;0;0;2;0;0;0;0
09/02/2022;17:03:00;368;Acidente com Danos Materiais;580,000;BR-262/MG;Leste;Saida de Pista;0;0;1;0;0;0;0;0;0;0;1;0;0;0;0
09/02/2022;17:14:00;383;Acidente com Danos Materiais;45,000;BR-060/GO;Sul;Capotamento;0;0;0;0;0;0;0;0;0;1;1;0;0;0;0
09/02/2022;18:06:00;449;Acidente com Vítima;556,000;BR-262/MG;Leste;Queda de Moto;0;0;0;1;0;0;0;0;0;0;1;0;0;0;0
09/02/2022;18:32:00;455;Acidente com Danos Materiais;508,000;BR-153/GO;Sul;Colisão Lateral;0;0;0;1;0;0;0;0;0;1;3;0;0;0;0
09/02/2022;19:42:00;536;Acidente com Vítima;23,900;BR-153/MG;Sul;Saida de Pista;0;0;1;0;0;0;0;0;0;0;2;0;0;0;0
09/02/2022;19:56:00;543;Acidente com Vítima;111,500;BR-060/GO;Sul;Capotamento;1;0;0;0;0;0;0;0;0;0;2;0;0;0;0
10/02/2022;01:28:00;15;Acidente com Danos Materiais;2,000;BR-060/GO;Norte;Choque - Defensa;0;0;0;0;0;0;0;0;0;1;1;0;0;0;0
10/02/2022;05:46:00;78;Acidente com Vítima;503,000;BR-153/GO;Norte;Colisão Traseira;0;0;0;1;0;2;0;0;0;0;3;0;1;0;0
10/02/2022;05:58:00;82;Acidente com Vítima;210,292;BR-153/MG;Norte;Queda de Moto;0;0;0;1;0;0;0;0;0;0;2;0;0;0;0
10/02/2022;07:27:00;132;Acidente com Danos Materiais;133,000;BR-153/MG;Sul;Colisão Traseira;0;0;2;0;0;0;0;0;0;0;2;0;0;0;0
10/02/2022;09:16:00;209;Acidente com Danos Materiais;104,000;BR-153/MG;Sul;Saida de Pista;1;0;0;0;0;1;0;0;0;0;2;0;0;0;0
10/02/2022;12:51:00;416;Acidente com Danos Materiais;625,000;BR-262/MG;Oeste;Capotamento;1;0;0;0;0;0;0;0;0;0;1;0;0;0;0
10/02/2022;15:10:00;471;Acidente com Vítima;497,000;BR-262/MG;Oeste;Colisão Transversal;1;0;1;0;0;0;0;0;0;0;2;0;1;0;0
10/02/2022;15:52:00;519;Acidente com Danos Materiais;553,000;BR-153/GO;Sul;Saida de Pista;1;0;0;0;0;0;0;0;0;0;3;0;0;0;0
10/02/2022;16:09:00;526;Acidente com Danos Materiais;2,000;BR-060/GO;Norte;Choque- Placa/Suporte Sinalização;0;0;1;0;0;0;0;0;0;0;1;0;0;0;0
10/02/2022;17:17:00;558;Acidente com Danos Materiais;532,000;BR-153/GO;Sul;Capotamento;1;0;0;0;0;0;0;0;0;0;1;0;0;0;0
10/02/2022;19:16:00;596;Acidente com Danos Materiais;631,000;BR-153/GO;Sul;Colisão Traseira;0;0;2;0;0;0;0;0;0;0;2;0;0;0;0
10/02/2022;19:59:00;619;Acidente com Danos Materiais;513,000;BR-153/GO;Sul;Choque - Outros;1;0;0;0;0;0;0;0;0;0;1;0;0;0;0
10/02/2022;20:26:00;632;Acidente com Danos Materiais;109,000;BR-060/GO;Sul;Saida de Pista;1;0;0;0;0;0;0;0;0;0;1;0;0;0;0
10/02/2022;20:43:00;643;Acidente com Vítima;787,000;BR-262/MG;Oeste;Colisão Traseira;1;0;0;0;0;1;0;0;0;0;3;0;0;0;0
10/02/2022;21:50:00;688;Acidente com Danos Materiais;16,000;BR-153/MG;Sul;Saida de Pista;1;0;0;0;0;0;0;0;0;0;1;0;0;0;0
10/02/2022;22:46:00;706;Acidente com Danos Materiais;25,000;BR-060/DF;Norte;Capotamento;1;0;0;0;0;0;0;0;0;0;1;0;0;0;0
10/02/2022;23:41:00;722;Acidente com Vítima;113,000;BR-060/GO;Norte;Colisão Traseira;0;0;2;0;0;0;0;0;0;0;1;0;2;0;0
11/02/2022;00:27:00;2;Acidente com Vítima;519,700;BR-262/MG;Leste;Tombamento;0;0;1;0;0;1;0;0;0;0;2;0;0;0;0
11/02/2022;02:06:00;21;Acidente com Danos Materiais;507,000;BR-153/GO;Norte;Capotamento;2;0;0;0;0;0;0;0;0;0;2;0;0;0;0
11/02/2022;07:11:00;96;Acidente com Danos Materiais;517,000;BR-262/MG;Leste;Saida de Pista;0;0;0;0;0;0;0;0;0;1;1;0;0;0;0
11/02/2022;07:36:00;106;Acidente com Danos Materiais;71,000;BR-060/GO;Norte;Colisão Lateral;1;0;1;0;0;0;0;0;0;0;2;0;0;0;0
11/02/2022;08:03:00;122;Acidente com Danos Materiais;625,700;BR-262/MG;Oeste;Tombamento;0;0;1;0;0;0;0;0;0;0;1;0;0;0;0
11/02/2022;08:11:00;125;Acidente com Danos Materiais;506,000;BR-153/GO;Norte;Engavetamento;2;0;1;0;0;0;0;0;0;0;3;0;0;0;0
11/02/2022;08:52:00;144;Acidente com Danos Materiais;96,000;BR-060/GO;Norte;Capotamento;1;0;0;0;0;0;0;0;0;0;1;0;0;0;0
11/02/2022;12:51:00;315;Acidente com Danos Materiais;611,200;BR-262/MG;Leste;Engavetamento;2;0;1;0;0;0;0;0;0;0;3;0;0;0;0
11/02/2022;13:54:00;335;Acidente com Danos Materiais;127,000;BR-060/GO;Sul;Carreta deu L;0;0;1;0;0;0;0;0;0;0;1;0;0;0;0
11/02/2022;16:15:00;406;Acidente com Danos Materiais;408,300;BR-262/MG;Oeste;Capotamento;1;0;0;0;0;0;0;0;0;0;3;0;0;0;0
11/02/2022;16:34:00;416;Acidente com Danos Materiais;366,150;BR-262/MG;Leste;Engavetamento;2;0;0;0;0;0;0;0;0;1;13;0;0;0;0
11/02/2022;16:46:00;417;Acidente com Danos Materiais;599,000;BR-153/GO;Norte;Tombamento;0;0;1;0;0;1;0;0;0;0;2;0;0;0;0
11/02/2022;17:26:00;436;Acidente com Danos Materiais;124,000;BR-060/GO;Norte;Engavetamento;2;0;1;0;0;0;0;0;0;0;3;0;0;0;0
11/02/2022;17:27:00;437;Acidente com Danos Materiais;437,200;BR-262/MG;Oeste;Saida de Pista;1;0;0;0;0;0;0;0;0;0;1;0;0;0;0
11/02/2022;17:46:00;441;Acidente com Danos Materiais;50,000;BR-153/MG;Sul;Saida de Pista;1;0;0;0;0;0;0;0;0;0;1;0;0;0;0
11/02/2022;20:43:00;537;Acidente com Vítima Fatal;495,500;BR-153/GO;Sul;Atropelamento - Morador;0;0;1;0;0;0;0;0;0;0;1;0;0;0;1
12/02/2022;07:51:00;121;Acidente com Danos Materiais;40,000;BR-060/GO;Sul;Colisão Traseira;1;0;0;0;0;1;0;0;0;0;2;0;0;0;0
12/02/2022;08:59:00;167;Acidente com Danos Materiais;549,500;BR-262/MG;Leste;Saida de Pista;1;0;0;0;0;0;0;0;0;0;1;0;0;0;0
12/02/2022;10:16:00;296;Acidente com Danos Materiais;391,200;BR-262/MG;Leste;Choque - Elemento de Drenagem;1;0;0;0;0;0;0;0;0;0;1;0;0;0;0
12/02/2022;10:36:00;307;Acidente com Danos Materiais;549,950;BR-262/MG;Leste;Choque - Defensa;1;0;0;0;0;0;0;0;0;0;2;0;0;0;1
12/02/2022;14:19:00;394;Acidente com Danos Materiais;384,500;BR-262/MG;Leste;Choque - Elemento de Drenagem;0;0;0;0;0;0;0;0;0;1;1;0;0;0;0
12/02/2022;15:06:00;413;Acidente com Danos Materiais;108,000;BR-153/MG;Norte;Colisão Traseira;0;0;1;0;0;0;0;0;0;1;2;0;0;0;0
12/02/2022;17:43:00;468;Acidente com Danos Materiais;486,000;BR-262/MG;Leste;Colisão Lateral;1;0;1;0;0;0;0;0;0;0;2;0;0;0;0
13/02/2022;01:21:00;47;Acidente com Danos Materiais;79,000;BR-060/GO;Sul;Saida de Pista;1;0;0;0;0;0;0;0;0;0;1;0;0;0;0
13/02/2022;04:44:00;59;Acidente com Danos Materiais;125,000;BR-060/GO;Sul;Saida de Pista;1;0;0;0;0;0;0;0;0;0;1;0;0;0;0
13/02/2022;05:09:00;60;Acidente com Vítima;84,000;BR-060/GO;Norte;Colisão Traseira;2;0;0;0;0;0;0;0;0;0;3;0;0;0;0
13/02/2022;06:35:00;78;Acidente com Danos Materiais;803,950;BR-262/MG;Leste;Choque - Elemento de Drenagem;1;0;0;0;0;0;0;0;0;0;1;0;0;0;0
13/02/2022;08:06:00;111;Acidente com Danos Materiais;587,000;BR-262/MG;Oeste;Saida de Pista;0;0;0;0;0;0;0;0;0;1;1;0;0;0;0
13/02/2022;10:55:00;225;Acidente com Vítima;94,000;BR-153/MG;Norte;Capotamento;0;0;1;0;0;0;0;0;0;0;0;0;1;0;0
13/02/2022;11:51:00;254;Acidente com Danos Materiais;113,000;BR-060/GO;Norte;Saida de Pista;1;0;0;0;0;0;0;0;0;0;1;0;0;0;0
13/02/2022;13:19:00;288;Acidente com Danos Materiais;568,000;BR-262/MG;Oeste;Saida de Pista;0;0;1;0;0;0;0;0;0;0;1;0;0;0;0
13/02/2022;15:40:00;356;Acidente com Danos Materiais;46,000;BR-153/MG;Sul;Tombamento;0;0;1;0;0;0;0;0;0;0;1;0;0;0;0
13/02/2022;17:00:00;397;Acidente com Danos Materiais;702,800;BR-153/GO;Norte;Colisão Traseira;2;0;0;0;0;0;0;0;0;0;5;0;0;0;0
13/02/2022;23:21:00;592;Acidente com Danos Materiais;415,133;BR-262/MG;Leste;Capotamento;1;0;0;0;0;0;0;0;0;0;2;0;0;0;0
14/02/2022;01:53:00;57;Acidente com Danos Materiais;408,000;BR-262/MG;Oeste;Saida de Pista;1;0;0;0;0;0;0;0;0;0;2;0;0;0;0
14/02/2022;03:50:00;75;Acidente com Danos Materiais;592,000;BR-153/GO;Norte;Saida de Pista;1;0;0;0;0;0;0;0;0;0;1;0;0;0;0
14/02/2022;06:26:00;113;Acidente com Vítima;631,900;BR-153/GO;Norte;Tombamento;0;0;1;0;0;0;0;0;0;0;1;0;0;0;0
14/02/2022;08:09:00;150;Acidente com Danos Materiais;730,000;BR-262/MG;Oeste;Saida de Pista;1;0;0;0;0;0;0;0;0;0;2;0;0;0;0
14/02/2022;08:24:00;156;Acidente com Danos Materiais;425,000;BR-262/MG;Oeste;Saida de Pista;1;0;0;0;0;0;0;0;0;0;1;0;0;0;0
14/02/2022;09:01:00;179;Acidente com Vítima;611,000;BR-262/MG;Oeste;Queda de Moto;0;0;0;1;0;0;0;0;0;0;0;0;1;0;0
14/02/2022;12:43:00;299;Acidente com Vítima;100,000;BR-060/GO;Sul;Saida de Pista;1;0;0;0;0;0;0;0;0;0;1;0;0;0;0
14/02/2022;15:57:00;392;Acidente com Danos Materiais;638,800;BR-153/GO;Norte;Saida de Pista;1;0;0;0;0;0;0;0;0;0;1;0;0;0;0
14/02/2022;16:15:00;401;Acidente com Danos Materiais;509,000;BR-262/MG;Oeste;Saida de Pista;0;0;1;0;0;0;0;0;0;0;1;0;0;0;0
14/02/2022;17:17:00;430;Acidente com Danos Materiais;5,000;BR-060/GO;Sul;Choque - Barreira;0;0;0;0;0;0;0;0;0;1;1;0;0;0;0
14/02/2022;17:52:00;442;Acidente com Danos Materiais;413,000;BR-262/MG;Leste;Capotamento;0;0;0;0;0;0;0;0;0;1;2;0;0;0;0
15/02/2022;06:20:00;74;Acidente com Danos Materiais;526,000;BR-153/GO;Norte;Colisão Traseira;0;0;1;0;0;0;0;0;0;1;4;0;0;0;0
15/02/2022;08:49:00;123;Acidente com Danos Materiais;399,300;BR-262/MG;Leste;Colisão Traseira;0;0;1;0;0;0;0;0;0;1;2;0;0;0;0
15/02/2022;13:24:00;233;Acidente com Danos Materiais;381,500;BR-262/MG;Leste;Capotamento;1;0;0;0;0;0;0;0;0;0;1;0;0;0;0
15/02/2022;13:44:00;244;Acidente com Vítima;95,000;BR-060/GO;Norte;Colisão Traseira;1;0;0;0;0;0;0;0;0;0;1;0;0;0;0
15/02/2022;14:03:00;250;Acidente com Danos Materiais;95,000;BR-060/GO;Sul;Engavetamento;1;0;2;0;0;0;0;0;0;0;7;0;0;0;0
15/02/2022;14:10:00;254;Acidente com Danos Materiais;137,000;BR-060/GO;Sul;Colisão Frontal;0;0;2;0;0;0;0;0;0;0;2;0;0;0;0
15/02/2022;16:29:00;297;Acidente com Danos Materiais;2,000;BR-060/DF;Sul;Capotamento;2;0;0;0;0;0;0;0;0;0;2;0;0;0;0
15/02/2022;17:46:00;321;Acidente com Vítima;493,000;BR-153/GO;Sul;Queda de Moto;0;0;0;1;0;0;0;0;0;0;2;0;0;0;0
15/02/2022;17:57:00;325;Acidente com Danos Materiais;615,900;BR-262/MG;Leste;Tombamento;0;0;1;0;0;0;0;0;0;0;2;0;0;0;0
15/02/2022;18:32:00;338;Acidente com Danos Materiais;500,500;BR-153/GO;Sul;Colisão Traseira;1;0;1;0;0;0;0;0;0;0;2;0;0;0;0
15/02/2022;20:39:00;380;Acidente com Danos Materiais;23,000;BR-153/MG;Norte;Tombamento;0;0;1;0;0;0;0;0;0;0;1;0;0;0;0
15/02/2022;22:34:00;414;Acidente com Danos Materiais;44,000;BR-153/MG;Norte;Colisão Traseira;0;0;2;0;0;0;0;0;0;0;2;0;0;0;0
15/02/2022;23:22:00;429;Acidente com Danos Materiais;632,000;BR-262/MG;Oeste;Saida de Pista;0;0;1;0;0;0;0;0;0;0;1;0;0;0;0
16/02/2022;05:09:00;41;Acidente com Vítima;84,000;BR-153/MG;Sul;Tombamento;0;0;1;0;0;0;0;0;0;0;3;0;0;0;0
16/02/2022;05:46:00;48;Acidente com Vítima;23,000;BR-153/MG;Norte;Colisão Traseira;0;0;2;0;0;0;0;0;0;0;2;0;0;0;0
16/02/2022;06:50:00;67;Acidente com Danos Materiais;446,150;BR-262/MG;Oeste;Tombamento;0;0;1;0;0;0;0;0;0;0;1;0;0;0;0
16/02/2022;08:25:00;103;Acidente com Danos Materiais;512,000;BR-262/MG;Leste;Colisão Traseira;1;0;1;0;0;0;0;0;0;0;2;0;0;0;0
16/02/2022;09:39:00;133;Acidente com Vítima;53,000;BR-060/GO;Sul;Colisão Traseira;1;0;0;0;0;0;0;0;0;0;3;0;1;0;0
16/02/2022;10:32:00;160;Acidente com Vítima;365,800;BR-262/MG;Leste;Colisão Traseira;2;0;0;0;0;0;0;0;0;0;3;0;0;0;0
16/02/2022;11:56:00;182;Acidente com Danos Materiais;521,100;BR-262/MG;Oeste;Saida de Pista;1;0;0;0;0;0;0;0;0;0;1;0;0;0;0
16/02/2022;12:26:00;195;Acidente com Danos Materiais;514,000;BR-153/GO;Norte;Colisão Lateral;1;0;0;1;0;0;0;0;0;0;2;0;0;0;0
16/02/2022;14:38:00;239;Acidente com Danos Materiais;502,900;BR-153/GO;Sul;Colisão Lateral;0;0;1;0;0;0;0;0;0;1;2;0;0;0;0
16/02/2022;15:38:00;286;Acidente com Danos Materiais;755,000;BR-262/MG;Leste;Colisão Lateral;1;0;1;0;0;0;0;0;0;0;3;0;0;0;0
16/02/2022;17:52:00;366;Acidente com Danos Materiais;510,000;BR-153/GO;Norte;Colisão Traseira;1;0;1;0;0;0;0;0;0;0;3;0;0;0;0
16/02/2022;19:46:00;435;Acidente com Vítima;784,000;BR-262/MG;Leste;Colisão Transversal;1;0;1;0;1;0;0;0;0;0;3;0;0;0;0
16/02/2022;20:28:00;451;Acidente com Danos Materiais;576,000;BR-153/GO;Sul;Saida de Pista;1;0;0;0;0;0;0;0;0;0;2;0;0;0;0
16/02/2022;20:41:00;457;Acidente com Danos Materiais;575,000;BR-153/GO;Sul;Saida de Pista;2;0;0;0;0;0;0;0;0;0;3;0;0;0;0
16/02/2022;21:58:00;483;Acidente com Vítima Fatal;699,000;BR-153/GO;Norte;Colisão Traseira;1;1;0;0;0;0;0;0;0;0;1;0;0;0;1
16/02/2022;22:14:00;487;Acidente com Danos Materiais;445,000;BR-262/MG;Oeste;Saida de Pista;1;0;0;0;0;0;0;0;0;0;1;0;0;0;0
17/02/2022;02:11:00;36;Acidente com Vítima;450,400;BR-262/MG;Oeste;Choque - Arvore;0;0;0;1;0;0;0;0;0;0;0;0;1;0;0
17/02/2022;03:42:00;48;Acidente com Danos Materiais;100,000;BR-060/GO;Norte;Saida de Pista;1;0;0;0;0;0;0;0;0;0;1;0;0;0;0
17/02/2022;05:53:00;64;Acidente com Danos Materiais;27,000;BR-153/MG;Norte;Tombamento;0;0;1;0;0;0;0;0;0;0;1;0;0;0;0
17/02/2022;06:14:00;66;Acidente com Vítima;7,000;BR-060/DF;Sul;Capotamento;0;0;1;0;0;0;0;0;0;0;1;0;0;0;0
17/02/2022;06:52:00;76;Acidente com Vítima;519,800;BR-153/GO;Norte;Atropelamento - Outros;0;0;0;1;0;0;0;0;0;0;0;0;2;0;0
17/02/2022;07:16:00;84;Acidente com Vítima;484,000;BR-262/MG;Oeste;Capotamento;1;0;0;0;0;0;0;0;0;0;0;0;2;0;0
17/02/2022;07:49:00;94;Acidente com Danos Materiais;504,900;BR-153/GO;Norte;Colisão Traseira;2;0;0;0;0;0;0;0;0;0;2;0;0;0;0
17/02/2022;08:54:00;119;Acidente com Danos Materiais;665,000;BR-262/MG;Leste;Colisão Traseira;2;0;0;0;0;1;0;0;0;0;4;0;0;0;0
17/02/2022;10:54:00;198;Acidente com Danos Materiais;594,000;BR-153/GO;Norte;Capotamento;1;0;0;0;0;0;0;0;0;0;1;0;0;0;0
17/02/2022;12:02:00;227;Acidente com Danos Materiais;525,000;BR-262/MG;Leste;Colisão Traseira;0;0;2;0;0;0;0;0;0;0;2;0;0;0;0
17/02/2022;15:36:00;341;Acidente com Vítima;432,000;BR-262/MG;Oeste;Queda de Moto;0;0;0;1;0;0;0;0;0;0;2;0;0;0;0
17/02/2022;16:54:00;403;Acidente com Danos Materiais;433,000;BR-262/MG;Leste;Queda de Moto;0;0;0;1;0;0;0;0;0;0;1;0;0;0;0
17/02/2022;19:10:00;451;Acidente com Danos Materiais;579,000;BR-153/GO;Norte;Colisão Traseira;2;0;0;0;0;0;0;0;0;0;5;0;0;0;1
17/02/2022;21:59:00;526;Acidente com Danos Materiais;119,000;BR-060/GO;Norte;Atropelamento de Animal;1;0;0;0;0;0;0;0;0;0;2;0;0;0;0
17/02/2022;22:10:00;530;Acidente com Danos Materiais;3,000;BR-153/MG;Sul;Saida de Pista;1;0;0;0;0;0;0;0;0;0;1;0;0;0;0
17/02/2022;23:07:00;550;Acidente com Danos Materiais;901,000;BR-262/MG;Oeste;Carreta deu L;0;0;1;0;0;0;0;0;0;0;1;0;0;0;0
18/02/2022;02:10:00;37;Acidente com Danos Materiais;608,000;BR-262/MG;Oeste;Capotamento;1;0;0;0;0;0;0;0;0;0;1;0;0;0;0
18/02/2022;04:07:00;51;Acidente com Danos Materiais;368,000;BR-262/MG;Leste;Choque - Talude;0;0;1;0;0;0;0;0;0;0;1;0;0;0;0
18/02/2022;06:27:00;93;Acidente com Danos Materiais;481,000;BR-262/MG;Leste;Saida de Pista;1;0;0;0;0;0;0;0;0;0;3;0;0;0;0
18/02/2022;06:48:00;100;Acidente com Danos Materiais;508,000;BR-153/GO;Sul;Colisão Traseira;2;0;0;0;0;0;0;0;0;0;2;0;0;0;0
18/02/2022;08:12:00;122;Acidente com Danos Materiais;507,000;BR-153/GO;Sul;Colisão Lateral;0;0;1;0;0;0;0;0;0;1;2;0;0;0;0
18/02/2022;08:54:00;157;Acidente com Danos Materiais;46,000;BR-153/MG;Sul;Choque - Outros;1;0;0;0;0;0;0;0;0;0;1;0;0;0;0
18/02/2022;09:04:00;162;Acidente com Danos Materiais;611,000;BR-262/MG;Oeste;Saida de Pista;0;0;0;0;0;0;0;0;0;1;1;0;0;0;0
18/02/2022;11:17:00;259;Acidente com Danos Materiais;183,500;BR-153/MG;Sul;Tombamento;0;0;1;0;0;0;0;0;0;1;4;0;0;0;0
18/02/2022;12:01:00;273;Acidente com Danos Materiais;124,000;BR-153/MG;Norte;Colisão Traseira;0;0;2;0;0;0;0;0;0;0;2;0;0;0;0
18/02/2022;13:43:00;314;Acidente com Danos Materiais;514,000;BR-153/GO;Sul;Colisão Transversal;2;0;0;0;0;0;0;0;0;0;2;0;0;0;0
18/02/2022;14:06:00;319;Acidente com Danos Materiais;501,000;BR-153/GO;Sul;Colisão Traseira;1;0;0;0;0;1;0;0;0;0;2;0;0;0;0
18/02/2022;15:29:00;349;Acidente com Danos Materiais;60,000;BR-060/GO;Sul;Choque - Veiculo parado no acostamento;2;0;0;0;0;0;0;0;0;0;3;0;0;0;0
19/02/2022;04:14:00;31;Acidente com Danos Materiais;6,680;BR-153/MG;Sul;Tombamento;0;0;1;0;0;0;0;0;0;0;2;0;0;0;0
19/02/2022;06:12:00;58;Acidente com Danos Materiais;101,000;BR-060/GO;Norte;Saida de Pista;1;0;0;0;0;0;0;0;0;0;3;0;0;0;0
19/02/2022;06:43:00;67;Acidente com Danos Materiais;110,000;BR-060/GO;Sul;Capotamento;1;0;0;0;0;0;0;0;0;0;2;0;0;0;0
19/02/2022;06:44:00;68;Acidente com Danos Materiais;11,000;BR-153/MG;Norte;Saida de Pista;1;0;0;0;0;0;0;0;0;0;1;0;0;0;0
19/02/2022;07:49:00;85;Acidente com Danos Materiais;29,000;BR-060/GO;Sul;Choque - Defensa;1;0;0;0;0;0;0;0;0;0;1;0;0;0;0
19/02/2022;07:50:00;83;Acidente com Danos Materiais;385,200;BR-262/MG;Leste;Saida de Pista;1;0;0;0;0;0;0;0;0;0;5;0;0;0;0
19/02/2022;09:44:00;134;Acidente com Danos Materiais;100,000;BR-060/GO;Norte;Saida de Pista;1;0;0;0;0;0;0;0;0;0;1;0;0;0;0
19/02/2022;09:50:00;137;Acidente com Danos Materiais;509,000;BR-153/GO;Norte;Tombamento;0;0;1;0;0;0;0;0;0;0;1;0;0;0;0
19/02/2022;10:31:00;152;Acidente com Vítima;25,000;BR-060/DF;Sul;Capotamento;0;0;0;0;0;0;0;0;0;1;0;0;1;0;0
19/02/2022;10:37:00;156;Acidente com Vítima;183,500;BR-153/MG;Sul;Colisão Transversal;0;0;3;0;0;0;0;0;0;0;2;0;1;0;0
19/02/2022;10:41:00;157;Acidente com Danos Materiais;127,000;BR-060/GO;Sul;Saida de Pista;1;0;0;0;0;0;0;0;0;0;1;0;0;0;0
19/02/2022;11:51:00;197;Acidente com Danos Materiais;40,000;BR-060/GO;Norte;Saida de Pista;1;0;0;0;0;0;0;0;0;0;1;0;0;0;0
19/02/2022;13:01:00;227;Acidente com Danos Materiais;684,800;BR-153/GO;Sul;Tombamento;0;0;1;0;0;0;0;0;0;0;1;0;0;0;0
19/02/2022;13:08:00;229;Acidente com Danos Materiais;587,000;BR-153/GO;Sul;Saida de Pista;1;0;0;0;0;0;0;0;0;0;1;0;0;0;0
19/02/2022;14:42:00;254;Acidente com Danos Materiais;494,000;BR-153/GO;Sul;Tombamento;0;0;1;0;0;0;0;0;0;0;1;0;0;0;0
19/02/2022;15:03:00;258;Acidente com Vítima;446,700;BR-262/MG;Oeste;Colisão Traseira;0;0;1;1;0;0;0;0;0;0;2;0;0;1;0
19/02/2022;15:25:00;266;Acidente com Vítima;9,000;BR-060/GO;Norte;Saida de Pista;1;0;0;0;0;0;0;0;0;0;1;0;1;0;0
19/02/2022;18:35:00;336;Acidente com Vítima;531,000;BR-262/MG;Leste;Queda de Moto;0;0;0;1;0;0;0;0;0;0;0;0;0;1;0