data;horario;n_da_ocorrencia;tipo_de_ocorrencia;km;trecho;sentido;tipo_de_acidente;automovel;bicicleta;caminhao;moto;onibus;outros;tracao_animal;transporte_de_cargas_especiais;trator_maquinas;utilitarios;ilesos;levemente_feridos;moderadamente_feridos;gravemente_feridos;mortos
19/02/2022;19:57:00;367;Acidente com Danos Materiais;768,000;BR-262/MG;Oeste;Saida de Pista;1;0;0;0;0;0;0;0;0;0;4;0;0;0;0
19/02/2022;22:03:00;412;Acidente com Danos Materiais;438,000;BR-262/MG;Oeste;Saida de Pista;1;0;0;1;0;0;0;0;0;0;2;0;0;0;0
20/02/2022;00:06:00;2;Acidente com Vítima;75,500;BR-060/GO;Norte;Colisão Frontal;1;0;0;0;0;0;0;0;0;1;2;0;1;0;0
20/02/2022;03:32:00;27;Acidente com Danos Materiais;128,000;BR-060/GO;Sul;Saida de Pista;1;0;0;0;0;0;0;0;0;0;1;0;0;0;0
20/02/2022;05:32:00;38;Acidente com Danos Materiais;388,300;BR-262/MG;Leste;Capotamento;1;0;0;0;0;0;0;0;0;0;1;0;0;0;0
20/02/2022;06:21:00;45;Acidente com Danos Materiais;94,000;BR-060/GO;Sul;Saida de Pista;1;0;0;0;0;0;0;0;0;0;1;0;0;0;0
20/02/2022;06:24:00;47;Acidente com Danos Materiais;380,200;BR-262/MG;Leste;Saida de Pista;1;0;0;0;0;0;0;0;0;0;1;0;0;0;0
20/02/2022;06:39:00;49;Acidente com Danos Materiais;385,000;BR-262/MG;Oeste;Capotamento;1;0;0;0;0;0;0;0;0;0;2;0;0;0;0
20/02/2022;06:57:00;54;Acidente com Danos Materiais;507,000;BR-153/GO;Sul;Saida de Pista;1;0;0;0;0;0;0;0;0;0;1;0;0;0;0
20/02/2022;08:09:00;72;Acidente com Danos Materiais;500,000;BR-153/GO;Sul;Saida de Pista;0;0;0;0;0;0;0;0;0;1;1;0;0;0;0
20/02/2022;08:11:00;74;Acidente com Danos Materiais;610,200;BR-262/MG;Leste;Tombamento;0;0;1;0;0;0;0;0;0;0;1;0;0;0;0
20/02/2022;10:17:00;127;Acidente com Danos Materiais;190,000;BR-153/MG;Sul;Engavetamento;0;0;3;0;0;0;0;0;0;0;3;0;0;0;0
20/02/2022;10:40:00;160;Acidente com Danos Materiais;190,000;BR-153/MG;Sul;Tombamento;0;0;3;0;0;0;0;0;0;0;3;0;0;0;0
20/02/2022;10:43:00;161;Acidente com Vítima;505,000;BR-153/GO;Norte;Colisão Transversal;1;0;0;1;0;0;0;0;0;0;2;0;0;0;0
20/02/2022;11:35:00;201;Acidente com Danos Materiais;472,150;BR-262/MG;Oeste;Colisão Traseira;1;0;1;0;0;0;0;0;0;0;3;0;0;0;0
20/02/2022;15:55:00;265;Acidente com Danos Materiais;564,000;BR-153/GO;Norte;Tombamento;0;0;1;0;0;0;0;0;0;0;2;0;0;0;0
20/02/2022;16:58:00;288;Acidente com Danos Materiais;620,000;BR-262/MG;Leste;Choque - Talude;1;0;0;0;0;0;0;0;0;0;1;0;0;0;0
20/02/2022;17:52:00;303;Acidente com Danos Materiais;694,000;BR-262/MG;Oeste;Colisão Traseira;1;0;0;0;0;0;0;0;0;1;7;0;0;0;0
20/02/2022;20:59:00;372;Acidente com Vítima Fatal;144,000;BR-153/MG;Sul;Colisão Traseira;0;0;1;0;0;0;0;0;0;1;1;0;0;0;1
20/02/2022;23:59:00;425;Acidente com Danos Materiais;375,700;BR-262/MG;Oeste;Capotamento;1;0;0;0;0;0;0;0;0;0;3;0;0;0;0
21/02/2022;06:46:00;66;Acidente com Vítima;28,800;BR-153/MG;Sul;Colisão Lateral;0;0;1;0;0;0;0;0;0;1;1;0;1;0;0
21/02/2022;12:40:00;217;Acidente com Danos Materiais;136,900;BR-060/GO;Sul;Colisão Traseira;1;0;0;1;0;0;0;0;0;0;2;0;0;0;0
21/02/2022;13:19:00;231;Acidente com Danos Materiais;575,000;BR-262/MG;Oeste;Saida de Pista;0;0;0;0;0;0;0;0;0;1;1;0;0;0;0
21/02/2022;13:23:00;236;Acidente com Danos Materiais;597,000;BR-262/MG;Oeste;Saida de Pista;0;0;1;0;0;0;0;0;0;0;1;0;0;0;0
21/02/2022;14:28:00;260;Acidente com Vítima;70,000;BR-153/MG;Norte;Queda de Moto;0;0;0;1;0;0;0;0;0;0;2;0;0;0;0
21/02/2022;14:50:00;265;Acidente com Danos Materiais;133,000;BR-060/GO;Sul;Carreta deu L;0;0;1;0;0;0;0;0;0;0;1;0;0;0;0
21/02/2022;16:20:00;308;Acidente com Vítima;643,000;BR-262/MG;Oeste;Queda de Moto;0;0;0;1;0;0;0;0;0;0;2;0;0;0;0
21/02/2022;17:01:00;330;Acidente com Vítima;356,700;BR-262/MG;Oeste;Atropelamento de Animal;0;0;0;1;0;0;0;0;0;0;0;0;1;0;0
21/02/2022;17:08:00;335;Acidente com Danos Materiais;93,000;BR-060/GO;Sul;Choque - Defensa;1;0;0;0;0;0;0;0;0;0;1;0;0;0;0
21/02/2022;17:35:00;349;Acidente com Danos Materiais;506,000;BR-153/GO;Sul;Queda de Moto;0;0;0;1;0;0;0;0;0;0;1;0;0;0;0
21/02/2022;18:47:00;369;Acidente com Danos Materiais;519,000;BR-262/MG;Oeste;Saida de Pista;0;0;1;0;0;0;0;0;0;0;1;0;0;0;0
21/02/2022;20:37:00;412;Acidente com Danos Materiais;387,000;BR-262/MG;Leste;Saida de Pista;1;0;1;0;0;0;0;0;0;2;4;0;0;0;0
22/02/2022;05:24:00;39;Acidente com Danos Materiais;661,000;BR-153/GO;Norte;Colisão Lateral;1;0;0;0;0;1;0;0;0;0;5;0;0;0;0
22/02/2022;06:53:00;80;Acidente com Vítima;97,000;BR-060/GO;Sul;Colisão Lateral;0;0;1;1;0;0;0;0;0;0;2;0;0;0;0
22/02/2022;07:41:00;95;Acidente com Vítima;496,000;BR-153/GO;Sul;Queda de Moto;0;0;0;1;0;0;0;0;0;0;2;0;0;0;0
22/02/2022;09:43:00;165;Acidente com Danos Materiais;495,800;BR-153/GO;Sul;Colisão Traseira;0;0;1;0;0;0;0;0;0;1;2;0;0;0;0
22/02/2022;10:12:00;203;Acidente com Danos Materiais;801,020;BR-262/MG;Oeste;Colisão Traseira;2;0;0;0;0;0;0;0;0;0;2;0;0;0;0
22/02/2022;11:39:00;293;Acidente com Danos Materiais;57,000;BR-153/MG;Sul;Saida de Pista;0;0;1;0;0;0;0;0;0;0;1;0;0;0;0
22/02/2022;15:34:00;402;Acidente com Danos Materiais;472,000;BR-262/MG;Oeste;Colisão Traseira;0;0;2;0;0;0;0;0;0;0;2;0;0;0;0
22/02/2022;15:39:00;405;Acidente com Danos Materiais;430,000;BR-262/MG;Leste;Colisão Lateral;1;0;1;0;0;0;0;0;0;0;3;0;0;0;0
22/02/2022;17:30:00;469;Acidente com Danos Materiais;111,000;BR-060/GO;Sul;Colisão Lateral;1;0;1;0;0;0;0;0;0;0;2;0;0;0;0
22/02/2022;20:17:00;533;Acidente com Vítima;649,000;BR-262/MG;Oeste;Colisão Frontal;0;0;0;0;0;0;0;0;0;2;2;0;1;0;0
23/02/2022;03:47:48;48;Acidente com Danos Materiais;34,000;BR-060/GO;Norte;Colisão Traseira;0;0;2;0;0;0;0;0;0;0;2;0;0;0;0
23/02/2022;08:41:03;142;Acidente com Danos Materiais;502,000;BR-153/GO;Norte;Colisão Traseira;1;0;0;0;0;0;0;0;0;0;1;0;0;0;0
23/02/2022;09:17:20;150;Acidente com Danos Materiais;645,000;BR-153/GO;Norte;Saida de Pista;0;0;1;0;0;0;0;0;0;1;2;0;0;0;0
23/02/2022;10:46:02;183;Acidente com Danos Materiais;636,000;BR-153/GO;Norte;Saida de Pista;0;0;1;0;0;0;0;0;0;0;1;0;0;0;0
23/02/2022;11:46:40;208;Acidente com Danos Materiais;878,200;BR-262/MG;Oeste;Saida de Pista;1;0;0;0;0;0;0;0;0;0;1;0;0;0;0
23/02/2022;12:07:04;215;Acidente com Vítima;4,000;BR-153/MG;Sul;Colisão Traseira;1;0;1;0;0;0;0;0;0;0;3;0;0;0;0
23/02/2022;12:55:06;228;Acidente com Vítima;505,800;BR-153/GO;Norte;Queda de Moto;0;0;0;1;0;0;0;0;0;0;0;0;1;0;0
23/02/2022;15:00:23;262;Acidente com Danos Materiais;6,000;BR-153/MG;Norte;Colisão Traseira;0;0;1;0;0;0;0;0;0;0;2;0;0;0;0
23/02/2022;16:08:15;284;Acidente com Danos Materiais;431,200;BR-262/MG;Leste;Colisão Traseira;1;0;0;0;0;0;0;0;0;0;1;0;0;0;0
23/02/2022;20:08:26;342;Acidente com Danos Materiais;515,000;BR-153/GO;Norte;Colisão Lateral;2;0;0;0;0;0;0;0;0;0;2;0;0;0;0
24/02/2022;06:58:16;59;Acidente com Danos Materiais;89,000;BR-060/GO;Norte;Colisão Lateral;1;0;1;0;0;0;0;0;0;0;2;0;0;0;0
24/02/2022;08:12:58;81;Acidente com Danos Materiais;625,500;BR-262/MG;Oeste;Colisão Traseira;2;0;0;0;0;0;0;0;0;0;3;0;0;0;0
24/02/2022;08:49:51;96;Acidente com Danos Materiais;497,000;BR-153/GO;Norte;Queda de Moto;0;0;0;1;0;0;0;0;0;0;1;0;0;0;0
24/02/2022;13:39:34;198;Acidente com Danos Materiais;370,150;BR-262/MG;Leste;Colisão Traseira;0;0;2;0;0;0;0;0;0;0;2;0;0;0;0
24/02/2022;15:31:21;228;Acidente com Danos Materiais;136,000;BR-060/GO;Sul;Engavetamento;3;0;1;0;1;0;0;0;0;0;23;0;0;0;0
24/02/2022;16:00:47;240;Acidente com Danos Materiais;485,100;BR-262/MG;Oeste;Saida de Pista;1;0;0;0;0;0;0;0;0;0;1;0;0;0;0
25/02/2022;07:01:25;69;Acidente com Danos Materiais;653,000;BR-262/MG;Leste;Saida de Pista;0;0;1;0;0;0;0;0;0;0;1;0;0;0;0
25/02/2022;07:25:39;79;Acidente com Danos Materiais;570,000;BR-153/GO;Norte;Saida de Pista;1;0;0;0;0;0;0;0;0;0;1;0;0;0;0
25/02/2022;08:08:51;98;Acidente com Vítima;803,000;BR-262/MG;Oeste;Colisão Traseira;1;0;0;1;0;0;0;0;0;0;0;0;0;0;0
25/02/2022;08:54:38;113;Acidente com Vítima;657,000;BR-262/MG;Leste;Saida de Pista;2;0;0;0;0;0;0;0;0;0;0;0;2;0;0
25/02/2022;09:05:24;116;Acidente com Vítima;513,000;BR-153/GO;Norte;Colisão Lateral;0;0;0;1;0;1;0;0;0;0;0;0;0;1;0
25/02/2022;15:43:04;246;Acidente com Danos Materiais;500,000;BR-153/GO;Sul;Colisão Lateral;1;0;0;0;0;0;0;0;0;0;1;0;0;0;0
25/02/2022;17:11:16;281;Acidente com Vítima;495,000;BR-153/GO;Sul;Colisão Traseira;1;0;0;1;0;0;0;0;0;0;1;0;1;0;0
25/02/2022;18:04:23;296;Acidente com Vítima;92,000;BR-060/GO;Norte;Colisão Transversal;4;0;0;0;0;0;0;0;0;0;4;0;0;0;0
25/02/2022;18:19:18;302;Acidente com Danos Materiais;498,000;BR-153/GO;Norte;Colisão Traseira;1;0;1;0;0;0;0;0;0;0;2;0;0;0;0
25/02/2022;19:13:45;316;Acidente com Danos Materiais;357,000;BR-262/MG;Oeste;Queda de Moto;0;0;0;1;0;0;0;0;0;0;1;0;0;0;0
25/02/2022;19:18:57;320;Acidente com Danos Materiais;17,000;BR-153/MG;Sul;Saida de Pista;1;0;0;0;0;0;0;0;0;0;1;0;0;0;0
25/02/2022;20:20:57;337;Acidente com Vítima;508,400;BR-153/GO;Sul;Queda de Moto;0;0;0;1;0;0;0;0;0;0;0;0;0;0;0
25/02/2022;20:30:32;339;Acidente com Danos Materiais;73,000;BR-060/GO;Norte;Saida de Pista;1;0;0;0;0;0;0;0;0;0;2;0;0;0;0
25/02/2022;21:06:50;351;Acidente com Danos Materiais;492,600;BR-153/GO;Sul;Saida de Pista;1;0;0;0;0;0;0;0;0;0;1;0;0;0;0
26/02/2022;03:27:30;40;Acidente com Danos Materiais;558,000;BR-153/GO;Norte;Saida de Pista;0;0;1;0;0;0;0;0;0;0;1;0;0;0;0
26/02/2022;03:32:36;42;Acidente com Danos Materiais;579,000;BR-153/GO;Norte;Saida de Pista;1;0;0;0;0;0;0;0;0;0;5;0;0;0;0
26/02/2022;03:41:18;43;Acidente com Vítima;767,000;BR-262/MG;Leste;Capotamento;1;0;0;0;0;0;0;0;0;0;0;0;0;0;0
26/02/2022;06:32:24;64;Acidente com Danos Materiais;560,250;BR-153/GO;Sul;Tombamento;1;0;1;1;0;0;0;0;0;0;5;0;0;0;0
26/02/2022;06:54:45;68;Acidente com Vítima;594,000;BR-153/GO;Sul;Queda de Moto;0;0;0;1;0;0;0;0;0;0;0;0;0;0;0
26/02/2022;07:09:32;69;Acidente com Danos Materiais;117,000;BR-060/GO;Sul;Atropelamento - Andarilho;1;0;0;0;0;0;0;0;0;0;2;0;0;0;0
26/02/2022;08:23:14;88;Acidente com Danos Materiais;515,000;BR-153/GO;Sul;Colisão Traseira;1;0;0;1;0;0;0;0;0;0;2;0;0;0;0
26/02/2022;08:31:56;91;Acidente com Danos Materiais;680,000;BR-153/GO;Norte;Queda de Moto;0;0;1;0;0;0;0;0;0;0;2;0;0;0;0
26/02/2022;10:37:44;149;Acidente com Vítima;108,000;BR-060/GO;Norte;Queda de Moto;0;0;0;1;0;0;0;0;0;0;0;0;0;0;0
26/02/2022;11:05:02;158;Acidente com Vítima;410,000;BR-262/MG;Oeste;Saida de Pista;1;0;0;0;0;0;0;0;0;0;0;0;1;0;0
26/02/2022;14:48:39;229;Acidente com Vítima;690,000;BR-262/MG;Leste;Saida de Pista;0;0;1;0;0;0;0;0;0;0;0;0;0;0;0
26/02/2022;14:53:01;231;Acidente com Danos Materiais;496,000;BR-153/GO;Norte;Colisão Traseira;2;0;0;0;0;0;0;0;0;0;1;0;0;0;0
26/02/2022;16:33:23;267;Acidente com Danos Materiais;496,000;BR-153/GO;Sul;Engavetamento;3;0;0;0;0;0;0;0;0;0;3;0;0;0;0
26/02/2022;16:39:46;269;Acidente com Vítima;374,000;BR-262/MG;Leste;Capotamento;1;0;0;0;0;0;0;0;0;0;2;0;0;0;0
26/02/2022;16:45:22;271;Acidente com Danos Materiais;756,000;BR-262/MG;Leste;Tombamento;0;0;1;0;0;0;0;0;0;0;1;0;0;0;0
26/02/2022;17:17:04;286;Acidente com Vítima Fatal;354,000;BR-262/MG;Leste;Colisão Traseira;1;0;0;0;0;0;0;0;0;0;0;0;0;0;1
26/02/2022;17:42:18;297;Acidente com Vítima;601,000;BR-153/GO;Sul;Capotamento;1;0;0;0;0;0;0;0;0;0;3;0;0;0;0
26/02/2022;18:17:34;307;Acidente com Danos Materiais;664,000;BR-153/GO;Norte;Saida de Pista;1;0;0;0;0;0;0;0;0;0;1;0;0;0;0
26/02/2022;18:18:32;308;Acidente com Danos Materiais;354,500;BR-262/MG;Leste;Colisão Traseira;2;0;0;0;0;0;0;0;0;0;2;0;0;0;0
26/02/2022;18:38:28;319;Acidente com Danos Materiais;369,000;BR-262/MG;Oeste;Colisão Lateral;2;0;0;0;0;0;0;0;0;0;6;0;0;0;0
26/02/2022;21:11:32;361;Acidente com Danos Materiais;626,300;BR-153/GO;Sul;Colisão Traseira;1;0;0;0;0;0;0;0;0;0;1;0;0;0;0
26/02/2022;21:22:31;365;Acidente com Danos Materiais;445,000;BR-262/MG;Oeste;Choque - Defensa;0;0;0;0;0;0;0;0;0;1;1;0;0;0;0
26/02/2022;21:31:05;366;Acidente com Vítima;62,000;BR-060/GO;Sul;Atropelamento - Usuário;1;0;0;0;0;0;0;0;0;0;0;0;1;0;0
27/02/2022;04:16:57;35;Acidente com Vítima;802,000;BR-262/MG;Leste;Colisão Frontal;0;0;0;1;0;0;0;0;0;0;0;0;0;0;0
27/02/2022;06:11:53;47;Acidente com Vítima;411,000;BR-262/MG;Oeste;Capotamento;1;0;0;0;0;0;0;0;0;0;1;0;1;0;0
27/02/2022;09:02:58;96;Acidente com Danos Materiais;554,000;BR-153/GO;Norte;Colisão Traseira;1;0;0;0;0;0;0;0;0;0;1;0;0;0;0
27/02/2022;09:49:34;114;Acidente com Vítima;96,000;BR-060/GO;Sul;Queda de Moto;0;0;0;1;0;0;0;0;0;0;0;0;1;0;0
27/02/2022;10:28:40;122;Acidente com Vítima Fatal;669,200;BR-153/GO;Sul;Capotamento;1;0;0;0;0;0;0;0;0;0;0;0;1;0;4
27/02/2022;11:54:44;144;Acidente com Danos Materiais;117,500;BR-153/MG;Norte;Colisão Lateral;1;0;1;0;0;0;0;0;0;0;2;0;0;0;0
27/02/2022;14:48:32;195;Acidente com Danos Materiais;50,200;BR-153/MG;Norte;Choque - Defensa;0;0;1;0;0;0;0;0;0;0;1;0;0;0;0
27/02/2022;17:57:56;255;Acidente com Danos Materiais;514,000;BR-153/GO;Norte;Colisão Lateral;1;0;0;0;0;0;0;0;0;1;1;0;0;0;0
27/02/2022;19:20:18;271;Acidente com Vítima;409,000;BR-262/MG;Leste;Capotamento;1;0;0;0;0;0;0;0;0;0;0;0;0;1;0
27/02/2022;21:01:47;310;Acidente com Vítima;817,300;BR-262/MG;Leste;Queda de Moto;0;0;0;1;0;0;0;0;0;0;0;0;0;0;0
28/02/2022;06:39:10;57;Acidente com Danos Materiais;9,900;BR-153/MG;Norte;Capotamento;0;0;1;0;0;0;0;0;0;0;1;0;0;0;0
28/02/2022;14:51:18;236;Acidente com Danos Materiais;559,600;BR-153/GO;Norte;Capotamento;1;0;0;0;0;0;0;0;0;0;4;0;0;0;0
28/02/2022;19:51:52;357;Acidente com Danos Materiais;707,000;BR-262/MG;Leste;Colisão Transversal;0;0;3;0;0;0;0;0;0;0;3;0;0;0;0
28/02/2022;20:14:00;366;Acidente com Danos Materiais;46,300;BR-153/MG;Norte;Tombamento;0;0;1;0;0;0;0;0;0;0;1;0;0;0;0
01/03/2022;06:57:45;49;Acidente com Danos Materiais;57,000;BR-153/MG;Sul;Colisão Traseira;0;0;1;0;0;0;0;0;0;0;2;0;0;0;0
01/03/2022;07:02:34;50;Acidente com Danos Materiais;97,000;BR-153/MG;Norte;Capotamento;1;0;0;0;0;0;0;0;0;0;1;0;0;0;0
01/03/2022;09:32:24;117;Acidente com Danos Materiais;773,000;BR-262/MG;Oeste;Colisão Transversal;2;0;0;0;0;0;0;0;0;0;5;0;0;0;0
01/03/2022;11:37:54;170;Acidente com Vítima;675,000;BR-153/GO;Sul;Tombamento;0;0;1;0;0;1;0;0;0;0;0;0;0;0;0
01/03/2022;16:46:52;271;Acidente com Danos Materiais;537,000;BR-153/GO;Norte;Queda de Moto;0;0;0;1;0;0;0;0;0;0;1;0;0;0;0
01/03/2022;16:48:19;272;Acidente com Danos Materiais;562,000;BR-153/GO;Norte;Tombamento;2;0;1;0;0;0;0;0;0;0;5;0;0;0;0
01/03/2022;18:43:50;316;Acidente com Danos Materiais;90,000;BR-060/GO;Norte;Colisão Traseira;1;0;0;0;0;0;0;0;0;1;1;0;0;0;0
01/03/2022;19:22:01;331;Acidente com Danos Materiais;20,100;BR-060/GO;Sul;Queda de Moto;0;0;0;1;0;0;0;0;0;0;1;0;0;0;0
01/03/2022;20:11:48;357;Acidente com Danos Materiais;102,000;BR-060/GO;Norte;Engavetamento;1;0;0;0;0;0;0;0;0;0;1;0;0;0;0
02/03/2022;05:58:21;58;Acidente com Vítima;19,000;BR-060/GO;Sul;Choque - Elemento de Drenagem;1;0;0;0;0;0;0;0;0;0;0;0;0;0;0
02/03/2022;07:58:40;87;Acidente com Vítima;508,000;BR-153/GO;Norte;Colisão Traseira;0;0;0;1;0;0;0;0;0;0;0;0;1;0;0
02/03/2022;11:48:27;170;Acidente com Vítima;443,700;BR-262/MG;Oeste;Colisão Lateral;1;0;0;1;0;0;0;0;0;0;1;0;0;0;0
02/03/2022;13:12:40;193;Acidente com Danos Materiais;361,100;BR-262/MG;Oeste;Capotamento;1;0;0;0;0;0;0;0;0;0;1;0;0;0;0
02/03/2022;15:12:47;238;Acidente com Danos Materiais;131,500;BR-060/GO;Sul;Colisão Traseira;1;0;0;0;0;0;0;0;0;0;1;0;0;0;0
02/03/2022;17:16:13;294;Acidente com Vítima;405,000;BR-262/MG;Leste;Queda de Moto;0;0;0;1;0;0;0;0;0;0;0;0;1;0;0
02/03/2022;17:25:23;296;Acidente com Danos Materiais;1,900;BR-153/MG;Sul;Colisão Traseira;1;0;0;0;0;0;0;0;0;0;3;0;0;0;0
02/03/2022;18:09:33;309;Acidente com Vítima;62,000;BR-060/GO;Norte;Atropelamento - Usuário;1;0;0;0;0;0;0;0;0;0;3;0;0;1;0
02/03/2022;18:59:38;319;Acidente com Danos Materiais;96,000;BR-060/GO;Norte;Colisão Traseira;2;0;0;0;0;0;0;0;0;0;2;0;0;0;0
02/03/2022;20:03:26;337;Acidente com Danos Materiais;507,000;BR-153/GO;Sul;Colisão Traseira;1;0;1;0;0;0;0;0;0;1;3;0;0;0;0
03/03/2022;01:31:00;13;Acidente com Vítima;13,000;BR-153/MG;Sul;Capotamento;1;0;0;0;0;0;0;0;0;0;0;0;1;0;0
03/03/2022;04:22:07;30;Acidente com Vítima;622,000;BR-262/MG;Oeste;Tombamento;0;0;1;0;0;0;0;0;0;0;0;0;0;0;0
03/03/2022;07:54:22;64;Acidente com Danos Materiais;35,000;BR-153/MG;Norte;Tombamento;0;0;1;0;0;0;0;0;0;0;1;0;0;0;0
03/03/2022;07:57:32;65;Acidente com Vítima;502,000;BR-153/GO;Norte;Queda de Moto;0;0;0;1;0;0;0;0;0;0;0;0;0;0;0
03/03/2022;09:29:36;117;Acidente com Danos Materiais;507,000;BR-153/GO;Sul;Colisão Traseira;1;0;1;0;0;0;0;0;0;0;1;0;0;0;0
03/03/2022;13:05:17;210;Acidente com Danos Materiais;96,000;BR-060/GO;Sul;Colisão Traseira;0;0;0;0;0;0;0;0;0;0;2;0;0;0;0
03/03/2022;13:24:47;217;Acidente com Danos Materiais;96,200;BR-060/GO;Sul;Colisão Traseira;2;0;0;0;0;0;0;0;0;0;2;0;0;0;0
03/03/2022;14:24:35;232;Acidente com Danos Materiais;584,200;BR-153/GO;Sul;Carreta deu L;0;0;1;0;0;0;0;0;0;0;1;0;0;0;0
03/03/2022;14:37:01;235;Acidente com Vítima;580,900;BR-153/GO;Sul;Choque - Talude;0;0;1;0;0;0;0;0;0;0;0;0;0;0;0
03/03/2022;15:47:41;262;Acidente com Danos Materiais;111,000;BR-060/GO;Sul;Saida de Pista;1;0;0;0;0;0;0;0;0;0;1;0;0;0;0
03/03/2022;21:15:20;372;Acidente com Danos Materiais;98,300;BR-153/MG;Sul;Colisão Traseira;0;0;2;0;0;0;0;0;0;0;1;0;0;0;0
03/03/2022;22:29:31;388;Acidente com Danos Materiais;5,000;BR-060/DF;Sul;Colisão Lateral;2;0;0;0;0;0;0;0;0;0;2;0;0;0;0
04/03/2022;01:14:41;10;Acidente com Vítima;507,500;BR-153/GO;Sul;Colisão Traseira;1;0;1;0;0;0;0;0;0;0;1;0;1;0;0
04/03/2022;02:00:58;15;Acidente com Danos Materiais;96,000;BR-153/MG;Norte;Colisão Traseira;0;0;1;0;1;0;0;0;0;0;11;0;0;0;0
04/03/2022;07:18:34;55;Acidente com Vítima;732,000;BR-262/MG;Leste;Colisão Lateral;0;0;0;0;0;0;0;0;0;0;0;0;1;0;0
04/03/2022;08:03:22;70;Acidente com Danos Materiais;100,000;BR-153/MG;Norte;Saida de Pista;0;0;1;0;0;0;0;0;0;0;1;0;0;0;0
04/03/2022;09:29:22;100;Acidente com Vítima;28,700;BR-153/MG;Sul;Tombamento;0;0;1;0;0;0;0;0;0;0;0;0;0;0;0
04/03/2022;11:18:19;414;Acidente com Danos Materiais;492,600;BR-153/GO;Norte;Choque- Placa/Suporte Sinalização;0;0;1;0;0;0;0;0;0;0;1;0;0;0;0
04/03/2022;14:17:32;487;Acidente com Danos Materiais;26,000;BR-060/GO;Sul;Choque - Elemento de Drenagem;1;0;0;0;0;0;0;0;0;0;1;0;0;0;0
04/03/2022;14:20:32;488;Acidente com Danos Materiais;7,000;BR-060/DF;Sul;Saida de Pista;0;0;0;0;0;0;0;0;0;0;1;0;0;0;0
04/03/2022;14:27:19;489;Acidente com Danos Materiais;26,000;BR-060/DF;Sul;Colisão Traseira;1;0;0;0;0;0;0;0;0;0;1;0;0;0;0
04/03/2022;15:20:16;513;Acidente com Danos Materiais;111,000;BR-060/GO;Sul;Choque - Arvore;0;0;1;0;0;0;0;0;0;0;1;0;0;0;0
04/03/2022;15:21:20;515;Acidente com Danos Materiais;112,000;BR-060/GO;Norte;Colisão Traseira;2;0;0;0;0;0;0;0;0;0;2;0;0;0;0
04/03/2022;15:51:42;527;Acidente com Danos Materiais;109,800;BR-060/GO;Sul;Colisão Traseira;0;0;0;0;0;0;0;0;0;1;1;0;0;0;0
04/03/2022;16:24:02;541;Acidente com Danos Materiais;108,000;BR-153/MG;Norte;Capotamento;1;0;0;0;0;0;0;0;0;0;4;0;0;0;0
04/03/2022;17:41:19;566;Acidente com Danos Materiais;19,000;BR-060/GO;Norte;Saida de Pista;1;0;0;0;0;0;0;0;0;0;4;0;0;0;0
04/03/2022;17:44:57;568;Acidente com Danos Materiais;136,000;BR-060/GO;Sul;Saida de Pista;0;0;0;1;0;0;0;0;0;0;1;0;0;0;0
04/03/2022;17:47:12;571;Acidente com Vítima;103,000;BR-060/GO;Sul;Queda de Moto;0;0;0;1;0;0;0;0;0;0;1;0;1;0;0
04/03/2022;18:11:34;577;Acidente com Danos Materiais;47,100;BR-153/MG;Sul;Saida de Pista;1;0;0;0;0;0;0;0;0;0;2;0;0;0;0
04/03/2022;18:56:33;587;Acidente com Danos Materiais;191,200;BR-153/MG;Sul;Saida de Pista;1;0;0;0;0;0;0;0;0;0;3;0;0;0;0
04/03/2022;18:57:05;588;Acidente com Danos Materiais;607,500;BR-153/GO;Norte;Saida de Pista;1;0;0;0;0;0;0;0;0;0;4;0;0;0;0
04/03/2022;19:19:11;594;Acidente com Danos Materiais;102,000;BR-060/GO;Norte;Colisão Traseira;1;0;1;0;0;0;0;0;0;0;2;0;0;0;0
04/03/2022;19:21:27;595;Acidente com Danos Materiais;498,100;BR-153/GO;Norte;Colisão Lateral;1;0;0;0;0;0;0;0;0;1;4;0;0;0;0
05/03/2022;11:31:59;168;Acidente com Danos Materiais;618,000;BR-262/MG;Oeste;Colisão Traseira;0;0;2;0;0;0;0;0;0;0;2;0;0;0;0
05/03/2022;14:40:42;216;Acidente com Vítima;18,000;BR-060/DF;Norte;Saida de Pista;1;0;0;0;0;0;0;0;0;0;3;0;0;0;0
05/03/2022;18:35:03;302;Acidente com Danos Materiais;96,000;BR-060/GO;Norte;Queda de Moto;0;0;0;1;0;0;0;0;0;0;1;0;0;0;0
05/03/2022;21:12:50;355;Acidente com Vítima;388,000;BR-262/MG;Leste;Queda de Moto;0;0;0;1;0;0;0;0;0;0;1;0;0;0;0
05/03/2022;23:03:51;385;Acidente com Danos Materiais;432,000;BR-262/MG;Leste;Colisão Lateral;2;0;0;0;0;0;0;0;0;0;3;0;0;0;0
05/03/2022;23:47:17;397;Acidente com Danos Materiais;800,100;BR-262/MG;Leste;Saida de Pista;1;0;0;0;0;0;0;0;0;0;1;0;0;0;0
06/03/2022;00:03:55;2;Acidente com Danos Materiais;685,000;BR-153/GO;Sul;Saida de Pista;1;0;0;0;0;0;0;0;0;0;2;0;0;0;0
06/03/2022;00:22:15;7;Acidente com Danos Materiais;554,000;BR-153/GO;Norte;Saida de Pista;1;0;0;0;0;0;0;0;0;0;1;0;0;0;0
06/03/2022;05:55:02;36;Acidente com Vítima;212,000;BR-153/MG;Norte;Capotamento;0;0;0;0;0;0;0;0;0;1;0;0;0;0;0