data;horario;n_da_ocorrencia;tipo_de_ocorrencia;km;trecho;sentido;tipo_de_acidente;automovel;bicicleta;caminhao;moto;onibus;outros;tracao_animal;transporte_de_cargas_especiais;trator_maquinas;utilitarios;ilesos;levemente_feridos;moderadamente_feridos;gravemente_feridos;mortos
06/03/2022;07:38:45;63;Acidente com Vítima;48,000;BR-060/GO;Norte;Capotamento;0;0;0;0;0;0;0;0;0;1;0;0;0;0;0
06/03/2022;07:43:26;66;Acidente com Danos Materiais;620,000;BR-153/GO;Norte;Choque- Placa/Suporte Sinalização;1;0;0;0;0;0;0;0;0;0;1;0;0;0;0
06/03/2022;11:30:55;180;Acidente com Vítima;449,000;BR-262/MG;Oeste;Colisão Lateral;0;0;0;2;0;0;0;0;0;0;0;0;1;0;0
06/03/2022;14:18:40;243;Acidente com Danos Materiais;163,000;BR-153/MG;Sul;Saida de Pista;1;0;0;0;0;0;0;0;0;0;2;0;0;0;0
06/03/2022;14:30:11;248;Acidente com Danos Materiais;389,100;BR-262/MG;Oeste;Capotamento;1;0;0;0;0;0;0;0;0;0;1;0;0;0;0
06/03/2022;18:06:23;361;Acidente com Danos Materiais;60,000;BR-060/GO;Sul;Choque - Defensa;1;0;0;0;0;0;0;0;0;0;1;0;0;0;0
06/03/2022;19:51:14;389;Acidente com Vítima;810,101;BR-262/MG;Leste;Capotamento;0;0;0;0;0;0;0;0;0;0;0;0;0;0;0
06/03/2022;20:57:52;405;Acidente com Danos Materiais;37,600;BR-060/GO;Sul;Queda de Moto;0;0;0;1;0;0;0;0;0;0;1;0;0;0;0
06/03/2022;22:54:43;435;Acidente com Vítima;7,000;BR-060/DF;Norte;Capotamento;1;0;0;0;0;0;0;0;0;0;0;0;0;0;0
06/03/2022;23:50:44;452;Acidente com Vítima;499,000;BR-153/GO;Sul;Queda de Moto;0;0;0;1;0;0;0;0;0;0;0;0;0;0;0
07/03/2022;06:35:55;56;Acidente com Danos Materiais;521,000;BR-153/GO;Norte;Saida de Pista;0;0;0;0;0;0;0;0;0;1;1;0;0;0;0
07/03/2022;08:05:20;82;Acidente com Vítima Fatal;677,200;BR-262/MG;Leste;Colisão Frontal;1;0;1;0;0;0;0;0;0;0;1;0;0;0;1
07/03/2022;08:17:24;86;Acidente com Vítima;401,000;BR-262/MG;Leste;Colisão Traseira;0;0;1;0;0;0;0;0;0;0;0;0;0;0;0
07/03/2022;09:27:24;129;Acidente com Danos Materiais;688,000;BR-153/GO;Norte;Colisão Traseira;1;0;1;0;0;0;0;0;0;0;2;0;0;0;0
07/03/2022;12:47:14;202;Acidente com Vítima;697,800;BR-262/MG;Oeste;Colisão Traseira;0;0;2;0;0;0;0;0;0;0;1;0;0;0;0
07/03/2022;13:42:25;235;Acidente com Danos Materiais;507,000;BR-153/GO;Sul;Colisão Traseira;1;0;1;0;0;0;0;0;0;0;2;0;0;0;0
07/03/2022;16:30:10;286;Acidente com Danos Materiais;541,000;BR-262/MG;Leste;Saida de Pista;0;0;0;0;0;0;0;0;0;1;1;0;0;0;0
07/03/2022;17:12:50;301;Acidente com Danos Materiais;554,100;BR-262/MG;Leste;Capotamento;0;0;3;0;0;0;0;0;0;0;3;0;0;0;0
07/03/2022;17:21:02;302;Acidente com Vítima;765,000;BR-262/MG;Leste;Queda de Moto;0;0;0;1;0;0;0;0;0;0;0;0;1;0;0
07/03/2022;18:06:24;316;Acidente com Vítima;481,000;BR-262/MG;Oeste;Tombamento;1;0;0;1;0;0;0;0;0;0;1;0;0;0;0
07/03/2022;22:15:22;366;Acidente com Danos Materiais;408,000;BR-262/MG;Oeste;Saida de Pista;0;0;1;0;0;0;0;0;0;0;1;0;0;0;0
08/03/2022;01:39:33;7;Acidente com Vítima;90,500;BR-153/MG;Sul;Tombamento;0;0;1;0;0;0;0;0;0;0;0;0;0;0;0
08/03/2022;06:50:35;42;Acidente com Danos Materiais;65,000;BR-060/GO;Sul;Tombamento;0;0;1;0;0;0;0;0;0;0;1;0;0;0;0
08/03/2022;07:07:27;46;Acidente com Vítima;557,000;BR-153/GO;Norte;Colisão Traseira;1;0;1;0;0;1;0;0;0;0;2;0;0;0;0
08/03/2022;12:52:19;198;Acidente com Vítima;910,000;BR-262/MG;Leste;Queda de Moto;0;0;0;1;0;0;0;0;0;0;0;0;1;0;0
08/03/2022;14:33:50;237;Acidente com Danos Materiais;509,000;BR-153/GO;Sul;Colisão Traseira;1;0;1;0;0;0;0;0;0;0;1;0;0;0;0
08/03/2022;17:53:33;325;Acidente com Danos Materiais;362,000;BR-262/MG;Oeste;Colisão Traseira;0;0;1;0;0;0;0;0;0;0;1;0;0;0;0
08/03/2022;18:57:54;335;Acidente com Danos Materiais;399,000;BR-262/MG;Leste;Colisão Traseira;0;0;2;0;0;0;0;0;0;0;2;0;0;0;0
09/03/2022;05:37:08;37;Acidente com Vítima;558,100;BR-153/GO;Norte;Saida de Pista;0;0;1;0;0;0;0;0;0;0;0;0;0;0;0
09/03/2022;07:28:13;65;Acidente com Vítima;92,200;BR-060/GO;Sul;Atropelamento - Morador;1;0;0;0;0;0;0;0;0;0;1;0;1;0;0
09/03/2022;08:03:56;76;Acidente com Danos Materiais;503,000;BR-153/GO;Norte;Colisão Lateral;1;0;1;0;0;0;0;0;0;0;2;0;0;0;0
09/03/2022;12:47:24;211;Acidente com Danos Materiais;100,700;BR-060/GO;Norte;Capotamento;1;0;0;0;0;0;0;0;0;0;1;0;0;0;0
09/03/2022;13:30:48;233;Acidente com Vítima;630,000;BR-262/MG;Leste;Colisão Transversal;2;0;0;0;0;0;0;0;0;0;1;0;1;0;0
09/03/2022;16:34:51;325;Acidente com Danos Materiais;123,000;BR-060/GO;Norte;Choque- Placa/Suporte Sinalização;1;0;0;0;0;0;0;0;0;0;2;0;0;0;0
09/03/2022;17:48:58;369;Acidente com Vítima Fatal;732,000;BR-262/MG;Leste;Colisão Frontal;1;0;2;0;0;0;0;0;0;0;2;0;0;0;1
09/03/2022;21:48:02;457;Acidente com Danos Materiais;109,100;BR-153/MG;Norte;Tombamento;0;0;1;0;0;0;0;0;0;0;1;0;0;0;0
10/03/2022;08:37:35;128;Acidente com Vítima;91,717;BR-153/MG;Sul;Tombamento;0;0;1;0;0;0;0;0;0;0;0;0;0;0;0
10/03/2022;09:00:56;147;Acidente com Danos Materiais;132,000;BR-060/GO;Norte;Tombamento;0;0;1;0;0;0;0;0;0;0;1;0;0;0;0
10/03/2022;09:51:54;184;Acidente com Danos Materiais;369,100;BR-262/MG;Leste;Saida de Pista;0;0;1;0;0;0;0;0;0;0;1;0;0;0;0
10/03/2022;15:47:30;374;Acidente com Danos Materiais;655,100;BR-262/MG;Leste;Saida de Pista;1;0;0;0;0;0;0;0;0;0;1;0;0;0;0
10/03/2022;16:18:52;392;Acidente com Vítima;53,000;BR-060/GO;Sul;Colisão Traseira;1;0;0;1;0;0;0;0;0;0;1;0;1;0;0
10/03/2022;17:05:14;428;Acidente com Vítima Fatal;526,000;BR-153/GO;Sul;Choque - Veiculo parado no acostamento;1;0;0;0;0;0;0;0;0;0;0;0;0;0;1
10/03/2022;19:54:05;494;Acidente com Danos Materiais;210,100;BR-153/MG;Norte;Saida de Pista;1;0;0;0;0;0;0;0;0;0;3;0;0;0;0
10/03/2022;20:42:03;508;Acidente com Danos Materiais;227,100;BR-153/MG;Norte;Saida de Pista;1;0;0;0;0;0;0;0;0;0;1;0;0;0;0
10/03/2022;23:47:26;552;Acidente com Vítima;862,001;BR-262/MG;Oeste;Colisão Traseira;1;0;1;0;0;0;0;0;0;0;1;0;0;0;0
11/03/2022;00:23:29;3;Acidente com Vítima;693,000;BR-153/GO;Norte;Colisão Traseira;1;0;0;0;0;0;0;0;0;0;1;0;0;0;0
11/03/2022;05:38:17;39;Acidente com Vítima;715,500;BR-262/MG;Oeste;Capotamento;0;0;1;0;0;0;0;0;0;0;0;0;1;0;0
11/03/2022;07:33:25;73;Acidente com Danos Materiais;475,000;BR-262/MG;Leste;Colisão Transversal;2;0;0;0;0;0;0;0;0;0;6;0;0;0;0
11/03/2022;08:15:48;94;Acidente com Danos Materiais;609,000;BR-153/GO;Sul;Capotamento;1;0;0;0;0;0;0;0;0;0;1;0;0;0;0
11/03/2022;08:32:36;100;Acidente com Danos Materiais;508,000;BR-153/GO;Sul;Tombamento;1;0;1;0;0;0;0;0;0;0;2;0;0;0;0
11/03/2022;09:53:17;135;Acidente com Danos Materiais;92,000;BR-060/GO;Norte;Colisão Traseira;1;0;0;0;0;0;0;0;0;0;1;0;0;0;0
11/03/2022;10:26:52;151;Acidente com Danos Materiais;495,000;BR-153/GO;Norte;Colisão Transversal;2;0;0;0;0;0;0;0;0;0;2;0;0;0;0
11/03/2022;13:23:29;227;Acidente com Danos Materiais;579,000;BR-262/MG;Leste;Choque - Defensa;1;0;0;0;0;0;0;0;0;0;1;0;0;0;0
11/03/2022;15:45:16;284;Acidente com Danos Materiais;133,000;BR-060/GO;Norte;Tombamento;0;0;1;0;0;0;0;0;0;0;1;0;0;0;0
11/03/2022;16:43:15;311;Acidente com Danos Materiais;508,000;BR-153/GO;Sul;Colisão Traseira;1;0;1;0;0;0;0;0;0;0;2;0;0;0;0
11/03/2022;17:48:48;338;Acidente com Vítima;452,000;BR-262/MG;Leste;Colisão Lateral;1;0;0;1;0;0;0;0;0;0;1;0;0;1;0
11/03/2022;19:10:34;362;Acidente com Danos Materiais;501,200;BR-153/GO;Sul;Colisão Traseira;2;0;0;0;0;0;0;0;0;0;4;0;0;0;0
11/03/2022;19:37:18;380;Acidente com Danos Materiais;497,000;BR-153/GO;Norte;Engavetamento;1;0;0;0;0;0;0;0;0;2;3;0;0;0;0
11/03/2022;21:55:12;419;Acidente com Danos Materiais;693,100;BR-153/GO;Sul;Saida de Pista;2;0;0;0;0;0;0;0;0;0;3;0;0;0;0
12/03/2022;01:13:44;9;Acidente com Vítima;540,900;BR-153/GO;Norte;Saida de Pista;1;0;0;0;0;0;0;0;0;0;0;0;0;0;0
12/03/2022;06:03:51;35;Acidente com Danos Materiais;95,000;BR-060/GO;Norte;Saida de Pista;0;0;1;0;0;0;0;0;0;0;1;0;0;0;0
12/03/2022;06:35:48;41;Acidente com Danos Materiais;795,000;BR-262/MG;Leste;Saida de Pista;1;0;0;0;0;0;0;0;0;0;1;0;0;0;0
12/03/2022;11:19:25;124;Acidente com Danos Materiais;77,000;BR-153/MG;Norte;Colisão Traseira;0;0;2;0;0;0;0;0;0;0;2;0;0;0;0
12/03/2022;12:42:57;154;Acidente com Danos Materiais;585,200;BR-262/MG;Oeste;Saida de Pista;1;0;0;0;0;0;0;0;0;0;2;0;0;0;0
12/03/2022;14:34:02;183;Acidente com Danos Materiais;82,400;BR-153/MG;Sul;Tombamento;0;0;1;0;0;0;0;0;0;0;1;0;0;0;0
12/03/2022;15:22:58;200;Acidente com Danos Materiais;872,000;BR-262/MG;Leste;Saida de Pista;1;0;0;0;0;0;0;0;0;0;1;0;0;0;0
12/03/2022;15:34:02;203;Acidente com Danos Materiais;851,200;BR-262/MG;Oeste;Tombamento;0;0;1;0;0;0;0;0;0;0;3;0;0;0;0
12/03/2022;15:49:14;207;Acidente com Vítima;126,000;BR-060/GO;Sul;Choque - Defensa;0;0;0;0;0;0;0;0;0;1;0;0;0;1;0
12/03/2022;16:20:42;221;Acidente com Danos Materiais;457,300;BR-262/MG;Oeste;Capotamento;1;0;0;0;0;0;0;0;0;0;1;0;0;0;0
12/03/2022;16:34:35;225;Acidente com Vítima;551,000;BR-153/GO;Sul;Capotamento;1;0;0;0;0;0;0;0;0;0;0;0;0;0;0
12/03/2022;17:00:57;233;Acidente com Danos Materiais;380,150;BR-262/MG;Oeste;Choque - Veiculo parado na pista;0;0;0;0;1;0;0;0;0;1;4;0;0;0;0
12/03/2022;17:04:25;235;Acidente com Vítima;413,100;BR-262/MG;Leste;Capotamento;0;0;0;0;0;0;0;0;0;1;1;0;0;0;0
12/03/2022;21:05:17;294;Acidente com Danos Materiais;422,600;BR-262/MG;Oeste;Capotamento;1;0;0;0;0;0;0;0;0;0;1;0;0;0;0
13/03/2022;01:09:20;8;Acidente com Danos Materiais;381,000;BR-262/MG;Oeste;Choque- Placa/Suporte Sinalização;1;0;0;0;0;0;0;0;0;0;3;0;0;0;0
13/03/2022;02:33:53;16;Acidente com Danos Materiais;443,000;BR-262/MG;Oeste;Choque - Elemento de Drenagem;1;0;0;0;0;0;0;0;0;0;1;0;0;0;0
13/03/2022;05:04:37;24;Acidente com Danos Materiais;409,000;BR-262/MG;Leste;Saida de Pista;0;0;0;0;0;0;0;0;0;1;1;0;0;0;0
13/03/2022;09:47:49;143;Acidente com Vítima;10,500;BR-060/GO;Sul;Queda de Moto;0;0;0;1;0;0;0;0;0;0;0;0;1;0;0
13/03/2022;10:40:26;170;Acidente com Danos Materiais;777,500;BR-262/MG;Leste;Saida de Pista;1;0;0;0;0;0;0;0;0;0;1;0;0;0;0
13/03/2022;12:23:55;224;Acidente com Danos Materiais;388,600;BR-262/MG;Leste;Queda de Moto;0;0;0;1;0;0;0;0;0;0;1;0;0;0;0
13/03/2022;12:28:23;225;Acidente com Danos Materiais;621,100;BR-262/MG;Leste;Colisão Transversal;0;0;1;0;0;0;0;0;0;0;1;0;0;0;0
13/03/2022;13:25:08;254;Acidente com Danos Materiais;14,100;BR-153/MG;Norte;Saida de Pista;1;0;0;0;0;0;0;0;0;0;2;0;0;0;0
13/03/2022;13:27:52;256;Acidente com Danos Materiais;409,000;BR-262/MG;Oeste;Saida de Pista;1;0;0;0;0;0;0;0;0;0;1;0;0;0;0
13/03/2022;16:21:25;335;Acidente com Danos Materiais;223,200;BR-153/MG;Norte;Queda de Moto;0;0;0;1;0;0;0;0;0;0;1;0;0;0;0
13/03/2022;16:34:27;347;Acidente com Vítima;27,500;BR-060/DF;Norte;Capotamento;0;0;0;0;0;0;0;0;0;1;0;0;0;0;0
13/03/2022;17:16:40;367;Acidente com Vítima;28,500;BR-153/MG;Sul;Colisão Traseira;0;0;0;0;0;0;0;0;0;0;7;0;1;0;0
13/03/2022;17:17:08;366;Acidente com Danos Materiais;41,000;BR-060/GO;Norte;Atropelamento de Animal;1;0;0;0;0;0;0;0;0;0;1;0;0;0;0
13/03/2022;18:00:56;382;Acidente com Danos Materiais;34,000;BR-060/GO;Sul;Saida de Pista;1;0;0;0;0;0;0;0;0;0;2;0;0;0;0
13/03/2022;18:24:25;389;Acidente com Danos Materiais;46,000;BR-153/MG;Norte;Saida de Pista;1;0;0;0;0;0;0;0;0;0;1;0;0;0;0
13/03/2022;19:06:41;408;Acidente com Danos Materiais;9,000;BR-060/GO;Sul;Colisão Traseira;2;0;0;0;0;0;0;0;0;0;3;0;0;0;0
13/03/2022;19:30:06;418;Acidente com Danos Materiais;363,000;BR-262/MG;Leste;Colisão Traseira;2;0;0;0;0;0;0;0;0;0;6;0;0;0;0
14/03/2022;03:29:46;19;Acidente com Vítima;760,000;BR-262/MG;Oeste;Saida de Pista;1;0;0;0;0;0;0;0;0;0;1;0;1;0;0
14/03/2022;05:17:01;28;Acidente com Danos Materiais;101,000;BR-060/GO;Norte;Saida de Pista;1;0;0;0;0;0;0;0;0;0;1;0;0;0;0
14/03/2022;05:36:46;43;Acidente com Danos Materiais;101,000;BR-060/GO;Norte;Saida de Pista;1;0;0;0;0;0;0;0;0;0;1;0;0;0;0
14/03/2022;07:17:07;73;Acidente com Danos Materiais;575,000;BR-153/GO;Norte;Saida de Pista;1;0;0;0;0;0;0;0;0;0;1;0;0;0;0
14/03/2022;07:41:40;85;Acidente com Danos Materiais;563,000;BR-153/GO;Norte;Saida de Pista;1;0;0;0;0;0;0;0;0;0;1;0;0;0;0
14/03/2022;07:42:36;87;Acidente com Vítima;445,000;BR-262/MG;Leste;Atropelamento - Usuário;1;0;0;0;0;0;0;0;0;0;1;0;0;1;0
14/03/2022;08:51:09;122;Acidente com Danos Materiais;35,000;BR-060/GO;Norte;Capotamento;0;0;0;0;0;0;0;0;0;1;1;0;0;0;0
14/03/2022;08:54:27;124;Acidente com Vítima;518,000;BR-153/GO;Sul;Colisão Traseira;0;0;1;1;0;0;0;0;0;0;0;0;0;0;0
14/03/2022;08:56:22;126;Acidente com Danos Materiais;549,100;BR-262/MG;Leste;Choque- Placa/Suporte Sinalização;1;0;0;0;0;0;0;0;0;0;1;0;0;0;0
14/03/2022;09:28:47;140;Acidente com Vítima;40,000;BR-060/GO;Norte;Capotamento;1;0;0;0;0;0;0;0;0;0;0;0;0;0;0
14/03/2022;10:37:04;161;Acidente com Danos Materiais;95,000;BR-060/GO;Sul;Capotamento;1;0;0;0;0;0;0;0;0;0;1;0;0;0;0
14/03/2022;10:38:52;162;Acidente com Danos Materiais;46,000;BR-060/GO;Norte;Choque- Placa/Suporte Sinalização;1;0;0;0;0;0;0;0;0;0;1;0;0;0;0
14/03/2022;10:56:40;172;Acidente com Danos Materiais;97,000;BR-060/GO;Sul;Colisão Traseira;0;0;0;0;0;0;0;0;0;2;2;0;0;0;0
14/03/2022;12:35:32;217;Acidente com Danos Materiais;734,100;BR-262/MG;Leste;Colisão Lateral;2;0;0;0;0;0;0;0;0;0;2;0;0;0;0
14/03/2022;13:12:58;227;Acidente com Danos Materiais;680,100;BR-153/GO;Norte;Choque - Outros;1;0;0;0;0;0;0;0;0;0;1;0;0;0;0
14/03/2022;17:13:21;324;Acidente com Danos Materiais;88,100;BR-153/MG;Norte;Saida de Pista;1;0;0;0;0;0;0;0;0;0;1;0;0;0;0
14/03/2022;18:08:40;347;Acidente com Vítima;100,100;BR-153/MG;Norte;Colisão Transversal;1;0;0;0;0;0;0;0;0;0;1;0;0;0;0
14/03/2022;18:14:26;351;Acidente com Danos Materiais;29,000;BR-060/GO;Norte;Saida de Pista;0;0;1;0;0;0;0;0;0;0;1;0;0;0;0
14/03/2022;20:39:53;388;Acidente com Danos Materiais;14,000;BR-060/GO;Sul;Colisão Traseira;1;0;1;0;0;0;0;0;0;0;4;0;0;0;0
14/03/2022;20:50:07;393;Acidente com Vítima;503,000;BR-153/GO;Norte;Colisão Lateral;1;0;0;1;0;0;0;0;0;0;1;0;0;0;0
14/03/2022;21:19:49;401;Acidente com Vítima;18,500;BR-060/DF;Norte;Queda de Ciclista;0;1;0;0;0;0;0;0;0;0;1;0;1;0;0
14/03/2022;22:28:50;417;Acidente com Danos Materiais;388,000;BR-262/MG;Leste;Saida de Pista;1;0;0;0;0;0;0;0;0;0;2;0;0;0;0
15/03/2022;03:08:01;20;Acidente com Vítima;578,000;BR-153/GO;Sul;Tombamento;0;0;1;0;0;0;0;0;0;0;0;0;0;0;0
15/03/2022;07:54:21;84;Acidente com Vítima;499,000;BR-153/GO;Sul;Colisão Traseira;1;0;0;1;0;0;0;0;0;0;1;0;0;0;0
15/03/2022;09:52:12;137;Acidente com Danos Materiais;407,200;BR-262/MG;Leste;Tombamento;0;0;1;0;0;0;0;0;0;0;1;0;0;0;0
15/03/2022;12:42:49;204;Acidente com Danos Materiais;609,000;BR-153/GO;Norte;Capotamento;0;0;1;0;0;0;0;0;0;0;1;0;0;0;0
15/03/2022;12:47:17;206;Acidente com Danos Materiais;801,900;BR-262/MG;Oeste;Colisão Traseira;1;0;1;0;0;0;0;0;0;0;2;0;0;0;0
15/03/2022;12:50:36;208;Acidente com Danos Materiais;588,150;BR-262/MG;Oeste;Tombamento;0;0;1;0;0;0;0;0;0;0;1;0;0;0;0
15/03/2022;13:54:49;224;Acidente com Danos Materiais;611,200;BR-262/MG;Leste;Saida de Pista;0;0;1;0;0;0;0;0;0;0;1;0;0;0;0
15/03/2022;14:23:09;232;Acidente com Danos Materiais;688,000;BR-153/GO;Sul;Saida de Pista;0;0;1;0;0;0;0;0;0;0;1;0;0;0;0
15/03/2022;14:38:15;237;Acidente com Danos Materiais;608,150;BR-262/MG;Leste;Tombamento;0;0;1;0;0;0;0;0;0;0;1;0;0;0;0
15/03/2022;14:44:02;241;Acidente com Vítima;737,100;BR-262/MG;Leste;Capotamento;0;0;0;0;0;0;0;0;0;1;0;0;0;0;0
15/03/2022;14:54:09;247;Acidente com Danos Materiais;48,700;BR-060/GO;Norte;Saida de Pista;1;0;0;0;0;0;0;0;0;0;1;0;0;0;0
15/03/2022;15:46:58;269;Acidente com Danos Materiais;8,000;BR-060/GO;Sul;Capotamento;1;0;0;0;0;0;0;0;0;0;1;0;0;0;0
15/03/2022;16:51:06;290;Acidente com Danos Materiais;507,800;BR-153/GO;Sul;Colisão Traseira;1;0;1;0;0;0;0;0;0;0;1;0;0;0;0
15/03/2022;19:11:28;338;Acidente com Danos Materiais;136,000;BR-060/GO;Sul;Colisão Traseira;1;0;1;0;0;0;0;0;0;0;2;0;0;0;0
15/03/2022;20:53:31;371;Acidente com Danos Materiais;23,300;BR-153/MG;Sul;Capotamento;0;0;0;0;0;0;0;0;0;1;1;0;0;0;0
15/03/2022;21:11:39;376;Acidente com Vítima;503,600;BR-153/GO;Sul;Queda de Moto;0;0;0;1;0;0;0;0;0;0;0;0;1;0;0
15/03/2022;23:28:10;405;Acidente com Danos Materiais;133,500;BR-060/GO;Sul;Tombamento;0;0;1;0;0;0;0;0;0;0;1;0;0;0;0
15/03/2022;23:57:05;411;Acidente com Danos Materiais;132,000;BR-060/GO;Sul;Choque - Defensa;0;0;1;0;0;0;0;0;0;0;1;0;0;0;0
16/03/2022;04:57:40;22;Acidente com Danos Materiais;583,900;BR-153/GO;Norte;Tombamento;0;0;1;0;0;0;0;0;0;0;1;0;0;0;0
16/03/2022;08:43:05;75;Acidente com Danos Materiais;781,000;BR-262/MG;Oeste;Saida de Pista;1;0;0;0;0;0;0;0;0;0;1;0;0;0;0
16/03/2022;11:25:07;133;Acidente com Danos Materiais;113,000;BR-153/MG;Norte;Colisão Traseira;1;0;0;0;0;0;0;0;0;0;4;0;0;0;0
16/03/2022;16:01:12;224;Acidente com Danos Materiais;5,000;BR-060/GO;Sul;Choque - Defensa;1;0;0;0;0;0;0;0;0;0;1;0;0;0;0
16/03/2022;16:17:37;226;Acidente com Danos Materiais;691,000;BR-262/MG;Leste;Engavetamento;0;0;3;0;0;0;0;0;0;0;3;0;0;0;0
16/03/2022;16:53:37;241;Acidente com Danos Materiais;702,000;BR-153/GO;Norte;Engavetamento;2;0;0;0;0;0;0;0;0;1;5;0;0;0;0
16/03/2022;17:36:06;257;Acidente com Vítima;502,000;BR-153/GO;Sul;Colisão Traseira;1;0;0;1;0;0;0;0;0;0;1;0;1;0;0
16/03/2022;19:15:51;284;Acidente com Vítima;500,900;BR-153/GO;Sul;Queda de Moto;0;0;0;1;0;0;0;0;0;0;0;0;1;0;0
17/03/2022;02:05:37;16;Acidente com Danos Materiais;528,200;BR-153/GO;Norte;Tombamento;0;0;1;0;0;0;0;0;0;0;1;0;0;0;0
17/03/2022;02:22:38;19;Acidente com Vítima;800,800;BR-262/MG;Leste;Colisão Traseira;1;0;0;0;0;0;0;0;0;1;10;0;1;1;0
17/03/2022;08:00:04;61;Acidente com Danos Materiais;502,000;BR-153/GO;Norte;Engavetamento;1;0;2;0;0;0;0;0;0;0;3;0;0;0;0
17/03/2022;08:50:27;92;Acidente com Vítima;480,100;BR-262/MG;Leste;Colisão Lateral;1;0;0;1;0;0;0;0;0;0;1;0;1;0;0
17/03/2022;12:12:21;178;Acidente com Danos Materiais;20,000;BR-060/GO;Norte;Colisão Lateral;2;0;0;0;0;0;0;0;0;0;2;0;0;0;0
17/03/2022;13:12:31;202;Acidente com Danos Materiais;586,000;BR-153/GO;Sul;Saida de Pista;0;0;1;0;0;0;0;0;0;0;1;0;0;0;0
17/03/2022;13:23:39;206;Acidente com Danos Materiais;593,100;BR-262/MG;Oeste;Tombamento;0;0;1;0;0;0;0;0;0;0;1;0;0;0;0
17/03/2022;14:02:05;220;Acidente com Danos Materiais;76,600;BR-153/MG;Norte;Saida de Pista;0;0;1;0;0;0;0;0;0;0;1;0;0;0;0
17/03/2022;16:22:24;281;Acidente com Danos Materiais;113,000;BR-153/MG;Sul;Colisão Traseira;0;0;2;0;0;0;0;0;0;0;2;0;0;0;0
17/03/2022;16:24:48;283;Acidente com Danos Materiais;407,100;BR-262/MG;Leste;Colisão Traseira;1;0;0;0;0;0;0;0;0;0;1;0;0;0;0
17/03/2022;18:42:52;349;Acidente com Danos Materiais;507,000;BR-153/GO;Norte;Colisão Lateral;1;0;1;0;0;0;0;0;0;0;2;0;0;0;0
17/03/2022;19:16:20;360;Acidente com Vítima;183,100;BR-153/MG;Norte;Colisão Frontal;1;0;1;0;0;0;0;0;0;0;2;0;0;1;0
18/03/2022;01:28:33;9;Acidente com Vítima;508,000;BR-153/GO;Sul;Queda de Moto;0;0;0;1;0;0;0;0;0;0;0;0;1;0;0
18/03/2022;01:39:08;11;Acidente com Danos Materiais;547,900;BR-262/MG;Oeste;Saida de Pista;0;0;1;0;0;0;0;0;0;0;2;0;0;0;0
18/03/2022;08:50:01;144;Acidente com Vítima;694,000;BR-262/MG;Oeste;Capotamento;1;0;0;0;0;0;0;0;0;0;0;0;0;0;0
18/03/2022;10:02:31;199;Acidente com Danos Materiais;130,000;BR-060/GO;Norte;Choque - Elemento de Drenagem;0;0;0;0;0;0;0;0;0;1;1;0;0;0;0
18/03/2022;12:56:56;296;Acidente com Danos Materiais;22,600;BR-153/MG;Norte;Saida de Pista;1;0;0;0;0;0;0;0;0;0;2;0;0;0;0
18/03/2022;14:33:45;336;Acidente com Danos Materiais;567,100;BR-262/MG;Leste;Tombamento;0;0;1;0;0;0;0;0;0;0;1;0;0;0;0
18/03/2022;15:09:18;356;Acidente com Danos Materiais;57,000;BR-153/MG;Sul;Saida de Pista;1;0;0;0;0;0;0;0;0;0;5;0;0;0;0
18/03/2022;16:45:57;402;Acidente com Danos Materiais;495,000;BR-153/GO;Sul;Colisão Traseira;2;0;0;0;0;0;0;0;0;0;2;0;0;0;0
18/03/2022;16:54:56;406;Acidente com Danos Materiais;371,100;BR-262/MG;Leste;Choque - Outros;0;0;1;0;0;0;0;0;0;1;2;0;0;0;0
18/03/2022;17:24:03;425;Acidente com Vítima;372,100;BR-262/MG;Leste;Atropelamento - Morador/Trabalhador;1;0;0;0;0;0;0;0;0;0;1;0;0;0;0
18/03/2022;17:32:28;419;Acidente com Danos Materiais;627,000;BR-153/GO;Sul;Choque - Elemento de Drenagem;0;0;0;0;0;0;0;0;0;1;1;0;0;0;0
18/03/2022;17:41:29;422;Acidente com Danos Materiais;772,100;BR-262/MG;Leste;Colisão Traseira;2;0;0;0;0;0;0;0;0;0;3;0;0;0;0
18/03/2022;20:08:44;468;Acidente com Danos Materiais;515,000;BR-153/GO;Norte;Colisão Frontal;1;0;0;0;0;0;0;0;0;0;2;0;0;0;0
18/03/2022;23:09:07;509;Acidente com Vítima;70,000;BR-060/GO;Sul;Capotamento;1;0;0;0;0;0;0;0;0;0;0;0;1;0;0
18/03/2022;23:33:03;518;Acidente com Vítima;567,000;BR-153/GO;Sul;Capotamento;1;0;0;0;0;0;0;0;0;0;0;0;0;0;0
19/03/2022;04:15:55;35;Acidente com Vítima;504,000;BR-153/GO;Norte;Queda de Moto;0;0;0;1;0;0;0;0;0;0;0;0;0;0;0
19/03/2022;04:53:46;40;Acidente com Vítima;768,500;BR-262/MG;Leste;Queda de Moto;0;0;0;1;0;0;0;0;0;0;0;0;0;1;0
19/03/2022;06:20:21;53;Acidente com Vítima;443,150;BR-262/MG;Leste;Tombamento;0;0;1;0;0;0;0;0;0;0;0;0;1;0;0
19/03/2022;07:07:05;60;Acidente com Vítima;44,000;BR-153/MG;Sul;Saida de Pista;1;0;0;0;0;0;0;0;0;0;2;0;0;0;0
19/03/2022;07:34:59;70;Acidente com Vítima;479,150;BR-262/MG;Oeste;;0;0;1;0;0;0;0;0;0;0;1;0;1;0;0