data;horario;n_da_ocorrencia;tipo_de_ocorrencia;km;trecho;sentido;tipo_de_acidente;automovel;bicicleta;caminhao;moto;onibus;outros;tracao_animal;transporte_de_cargas_especiais;trator_maquinas;utilitarios;ilesos;levemente_feridos;moderadamente_feridos;gravemente_feridos;mortos
19/03/2022;08:07:19;81;Acidente com Danos Materiais;573,000;BR-153/GO;Norte;Capotamento;1;0;0;0;0;0;0;0;0;0;1;0;0;0;0
19/03/2022;08:07:46;82;Acidente com Danos Materiais;460,000;BR-262/MG;Leste;Tombamento;0;0;1;0;0;0;0;0;0;0;1;0;0;0;0
19/03/2022;10:25:53;128;Acidente com Danos Materiais;5,000;BR-060/GO;Norte;Choque - Defensa;1;0;0;0;0;0;0;0;0;0;1;0;0;0;0
19/03/2022;16:32:15;247;Acidente com Vítima;900,000;BR-262/MG;Leste;Tombamento;0;0;1;0;0;0;0;0;0;0;0;0;0;0;0
19/03/2022;17:09:49;261;Acidente com Vítima;120,000;BR-060/GO;Sul;Colisão Traseira;0;0;0;2;0;0;0;0;0;0;1;0;0;0;0
19/03/2022;17:19:28;266;Acidente com Danos Materiais;94,000;BR-060/GO;Sul;Colisão Traseira;2;0;0;0;0;0;0;0;0;0;2;0;0;0;0
19/03/2022;19:42:02;310;Acidente com Vítima Fatal;241,000;BR-153/MG;Norte;Queda de Moto;2;0;0;0;0;0;0;0;0;0;2;0;1;0;1
19/03/2022;19:43:21;311;Acidente com Vítima;91,000;BR-060/GO;Norte;Atropelamento de Animal;0;0;0;1;0;0;0;0;0;0;0;0;1;0;0
19/03/2022;20:49:51;325;Acidente com Vítima;411,800;BR-262/MG;Leste;Saida de Pista;1;0;0;0;0;0;0;0;0;0;3;0;1;0;0
19/03/2022;21:01:17;326;Acidente com Danos Materiais;614,000;BR-262/MG;Oeste;Choque - Outros;0;0;2;0;0;0;0;0;0;0;2;0;0;0;0
19/03/2022;22:30:55;350;Acidente com Vítima;801,001;BR-262/MG;Leste;Queda de Moto;0;0;0;1;0;0;0;0;0;0;0;0;0;0;0
20/03/2022;00:45:37;9;Acidente com Danos Materiais;506,000;BR-153/GO;Sul;Saida de Pista;1;0;0;0;0;0;0;0;0;0;1;0;0;0;0
20/03/2022;02:19:20;17;Acidente com Danos Materiais;423,100;BR-262/MG;Oeste;Saida de Pista;1;0;0;0;0;0;0;0;0;0;1;0;0;0;0
20/03/2022;03:46:43;31;Acidente com Vítima;368,000;BR-262/MG;Oeste;Atropelamento - Usuário;1;0;0;0;0;0;0;0;0;0;0;0;0;1;0
20/03/2022;06:23:57;40;Acidente com Vítima;393,500;BR-262/MG;Oeste;Capotamento;1;0;0;0;0;0;0;0;0;0;0;0;0;0;0
20/03/2022;08:11:45;60;Acidente com Danos Materiais;108,000;BR-153/MG;Sul;Saida de Pista;1;0;0;0;0;0;0;0;0;0;1;0;0;0;0
20/03/2022;09:58:14;94;Acidente com Vítima;490,000;BR-153/GO;Norte;Colisão Traseira;2;0;0;0;0;0;0;0;0;0;1;0;0;0;0
20/03/2022;10:17:32;104;Acidente com Danos Materiais;490,000;BR-153/GO;Sul;Colisão Traseira;1;0;1;0;0;0;0;0;0;0;1;0;0;0;0
20/03/2022;11:17:41;127;Acidente com Danos Materiais;562,150;BR-262/MG;Leste;Colisão Transversal;1;0;0;0;0;0;0;0;0;1;2;0;0;0;0
20/03/2022;13:16:57;160;Acidente com Danos Materiais;465,150;BR-262/MG;Leste;Capotamento;0;0;0;0;0;0;0;0;0;0;2;0;0;0;0
20/03/2022;14:43:46;191;Acidente com Vítima;402,000;BR-262/MG;Leste;Tombamento;1;0;1;0;0;0;0;0;0;0;2;0;0;0;0
20/03/2022;15:43:42;214;Acidente com Danos Materiais;98,000;BR-060/GO;Norte;Saida de Pista;1;0;0;0;0;0;0;0;0;0;1;0;0;0;0
20/03/2022;16:55:58;244;Acidente com Danos Materiais;197,000;BR-153/MG;Norte;Tombamento;0;0;1;0;0;0;0;0;0;1;1;0;0;0;0
20/03/2022;17:13:37;249;Acidente com Vítima;26,000;BR-060/GO;Sul;Saida de Pista;1;0;0;0;0;0;0;0;0;0;0;0;0;1;0
20/03/2022;20:19:41;309;Acidente com Vítima;523,000;BR-153/GO;Norte;Saida de Pista;1;0;0;0;0;0;0;0;0;0;2;0;2;0;0
20/03/2022;22:34:55;332;Acidente com Vítima;608,000;BR-262/MG;Oeste;Saida de Pista;1;0;0;0;0;0;0;0;0;0;1;0;0;0;0
20/03/2022;23:52:19;344;Acidente com Vítima;640,000;BR-153/GO;Norte;Colisão Lateral;0;0;1;0;0;0;0;0;0;1;1;0;1;0;0
21/03/2022;03:48:14;30;Acidente com Danos Materiais;762,000;BR-262/MG;Leste;Capotamento;1;0;0;0;0;0;0;0;0;0;1;0;0;0;0
21/03/2022;05:16:45;37;Acidente com Danos Materiais;878,500;BR-262/MG;Leste;Saida de Pista;1;0;0;0;0;0;0;0;0;0;2;0;0;0;0
21/03/2022;07:29:16;62;Acidente com Danos Materiais;501,000;BR-153/GO;Sul;Engavetamento;3;0;0;0;0;0;0;0;0;0;3;0;0;0;0
21/03/2022;08:12:26;81;Acidente com Danos Materiais;494,000;BR-153/GO;Sul;Engavetamento;2;0;0;0;0;0;0;0;0;0;2;0;0;0;0
21/03/2022;16:24:25;340;Acidente com Danos Materiais;47,100;BR-153/MG;Norte;Saida de Pista;1;0;0;0;0;0;0;0;0;0;1;0;0;0;0
21/03/2022;16:31:36;343;Acidente com Danos Materiais;501,000;BR-153/GO;Sul;Colisão Lateral;1;0;0;1;0;0;0;0;0;0;2;0;0;0;0
21/03/2022;18:35:52;392;Acidente com Danos Materiais;502,000;BR-153/GO;Sul;Engavetamento;2;0;1;0;0;0;0;0;0;0;2;0;0;0;0
21/03/2022;18:37:00;393;Acidente com Vítima;515,000;BR-153/GO;Sul;Colisão Lateral;1;0;0;1;0;0;0;0;0;0;0;0;1;0;0
21/03/2022;19:06:20;399;Acidente com Danos Materiais;359,000;BR-262/MG;Oeste;Saida de Pista;1;0;0;0;0;0;0;0;0;0;1;0;0;0;0
21/03/2022;20:53:00;427;Acidente com Danos Materiais;48,100;BR-153/MG;Norte;Engavetamento;0;0;0;0;0;0;0;0;0;0;1;0;0;0;0
22/03/2022;01:36:05;13;Acidente com Danos Materiais;503,000;BR-153/GO;Norte;Queda de Moto;0;0;0;1;0;0;0;0;0;0;1;0;0;0;0
22/03/2022;07:22:11;77;Acidente com Danos Materiais;496,000;BR-153/GO;Sul;Engavetamento;2;0;0;0;0;0;0;0;0;1;3;0;0;0;0
22/03/2022;08:36:17;101;Acidente com Danos Materiais;834,010;BR-262/MG;Leste;Saida de Pista;0;0;1;0;0;0;0;0;0;0;1;0;0;0;0
22/03/2022;12:29:49;210;Acidente com Danos Materiais;79,000;BR-060/GO;Norte;Capotamento;1;0;0;0;0;1;0;0;0;0;1;0;0;0;0
22/03/2022;13:11:22;218;Acidente com Danos Materiais;505,600;BR-153/GO;Sul;Colisão Traseira;1;0;0;1;0;0;0;0;0;0;2;0;0;0;0
22/03/2022;14:14:52;237;Acidente com Danos Materiais;670,100;BR-153/GO;Norte;Saida de Pista;1;0;0;0;0;0;0;0;0;0;1;0;0;0;0
23/03/2022;06:59:12;51;Acidente com Vítima;493,000;BR-153/GO;Norte;Queda de Moto;0;0;0;1;0;0;0;0;0;0;0;0;0;1;0
23/03/2022;07:04:52;53;Acidente com Danos Materiais;628,000;BR-153/GO;Sul;Colisão Traseira;1;0;0;0;0;0;0;0;0;0;1;0;0;0;0
23/03/2022;08:07:52;80;Acidente com Danos Materiais;494,400;BR-153/GO;Sul;Colisão Traseira;2;0;0;0;0;0;0;0;0;0;2;0;0;0;0
23/03/2022;08:52:50;101;Acidente com Vítima;501,000;BR-153/GO;Sul;Engavetamento;0;0;1;0;2;0;0;0;0;0;0;0;0;0;0
23/03/2022;09:08:16;113;Acidente com Danos Materiais;500,000;BR-153/GO;Sul;Colisão Traseira;1;0;0;0;0;0;0;0;0;1;4;0;0;0;0
23/03/2022;10:00:11;137;Acidente com Danos Materiais;507,000;BR-153/GO;Sul;Colisão Traseira;1;0;0;0;0;0;0;0;0;1;2;0;0;0;0
23/03/2022;17:24:11;312;Acidente com Danos Materiais;553,500;BR-262/MG;Leste;Choque - Talude;0;0;1;0;0;0;0;0;0;0;1;0;0;0;0
23/03/2022;19:31:48;350;Acidente com Danos Materiais;768,000;BR-262/MG;Oeste;Saida de Pista;0;0;0;0;0;0;0;0;0;1;1;0;0;0;0
23/03/2022;20:20:00;359;Acidente com Vítima;749,800;BR-262/MG;Oeste;Tombamento;0;0;1;0;0;0;0;0;0;0;0;0;0;0;0
23/03/2022;20:24:38;362;Acidente com Danos Materiais;581,000;BR-153/GO;Sul;Saida de Pista;1;0;0;0;0;0;0;0;0;0;1;0;0;0;0
24/03/2022;06:40:26;46;Acidente com Danos Materiais;700,000;BR-153/GO;Norte;Colisão Traseira;1;0;1;0;0;0;0;0;0;0;2;0;0;0;0
24/03/2022;08:01:33;64;Acidente com Danos Materiais;97,000;BR-060/GO;Norte;Tombamento;0;0;1;0;0;0;0;0;0;0;1;0;0;0;0
24/03/2022;09:36:18;95;Acidente com Danos Materiais;779,000;BR-262/MG;Oeste;Colisão Lateral;1;0;0;0;0;0;0;0;0;1;3;0;0;0;0
24/03/2022;10:45:39;122;Acidente com Danos Materiais;503,000;BR-153/GO;Norte;Colisão Traseira;1;0;0;0;0;0;0;0;0;1;2;0;0;0;0
24/03/2022;11:59:11;148;Acidente com Vítima;106,000;BR-060/GO;Sul;Tombamento;1;0;0;0;0;0;0;0;0;0;0;0;0;0;0
24/03/2022;12:13:18;151;Acidente com Danos Materiais;190,000;BR-153/MG;Sul;Colisão Traseira;0;0;0;0;0;0;0;0;0;1;2;0;0;0;0
24/03/2022;13:57:19;176;Acidente com Danos Materiais;506,000;BR-153/GO;Sul;Colisão Traseira;1;0;0;1;0;0;0;0;0;0;1;0;0;0;0
24/03/2022;17:56:18;251;Acidente com Danos Materiais;506,000;BR-153/GO;Norte;Engavetamento;0;0;2;0;0;0;0;0;0;1;3;0;0;0;0
25/03/2022;02:49:27;20;Acidente com Danos Materiais;27,900;BR-060/GO;Sul;Capotamento;1;0;0;0;0;0;0;0;0;0;1;0;0;0;0
25/03/2022;08:08:31;86;Acidente com Danos Materiais;142,000;BR-153/MG;Sul;Saida de Pista;0;0;1;0;0;0;0;0;0;0;1;0;0;0;0
25/03/2022;09:26:50;125;Acidente com Danos Materiais;632,150;BR-262/MG;Leste;Colisão Lateral;1;0;1;0;0;0;0;0;0;0;5;0;0;0;0
25/03/2022;15:44:17;292;Acidente com Danos Materiais;505,300;BR-262/MG;Leste;Colisão Traseira;3;0;0;0;0;0;0;0;0;0;7;0;0;0;0
25/03/2022;16:28:28;315;Acidente com Danos Materiais;100,000;BR-060/GO;Norte;Colisão Traseira;1;0;0;0;0;1;0;0;0;0;1;0;0;0;0
25/03/2022;17:30:57;348;Acidente com Vítima Fatal;452,100;BR-262/MG;Leste;Colisão Lateral;0;0;1;1;0;0;0;0;0;0;1;0;0;1;1
25/03/2022;19:33:38;389;Acidente com Vítima;66,500;BR-153/MG;Sul;Choque - Outros;0;0;0;0;0;0;0;0;0;1;0;0;0;0;0
25/03/2022;20:32:19;409;Acidente com Vítima;423,000;BR-262/MG;Oeste;Queda de Moto;0;0;0;1;0;0;0;0;0;0;0;0;1;0;0
25/03/2022;20:54:18;413;Acidente com Danos Materiais;450,000;BR-262/MG;Leste;Colisão Traseira;0;0;0;2;0;0;0;0;0;0;2;0;0;0;0
25/03/2022;22:59:27;443;Acidente com Danos Materiais;584,000;BR-153/GO;Sul;Saida de Pista;1;0;0;0;0;0;0;0;0;0;2;0;0;0;0
26/03/2022;06:13:10;57;Acidente com Danos Materiais;414,000;BR-262/MG;Leste;Queda de Moto;0;0;0;1;0;0;0;0;0;0;1;0;0;0;0
26/03/2022;07:21:00;72;Acidente com Danos Materiais;105,000;BR-060/GO;Norte;Colisão Traseira;0;0;1;0;0;0;0;0;0;0;1;0;0;0;0
26/03/2022;09:01:18;143;Acidente com Vítima;9,000;BR-060/DF;Sul;Atropelamento - Funcionário;1;0;0;0;0;0;0;0;0;0;1;0;0;1;0
26/03/2022;09:34:54;168;Acidente com Danos Materiais;495,000;BR-153/GO;Norte;Colisão Lateral;1;0;0;1;0;0;0;0;0;0;1;0;0;0;0
26/03/2022;10:06:44;189;Acidente com Vítima;665,500;BR-153/GO;Norte;Atropelamento - Funcionário;1;0;1;0;0;0;0;0;0;0;1;0;0;0;0
26/03/2022;11:47:38;257;Acidente com Vítima;513,400;BR-153/GO;Norte;Colisão Frontal;1;1;0;0;0;0;0;0;0;0;1;0;0;0;0
26/03/2022;12:39:14;287;Acidente com Danos Materiais;495,000;BR-153/GO;Sul;Engavetamento;3;0;0;0;0;0;0;0;0;0;3;0;0;0;0
26/03/2022;12:59:43;296;Acidente com Vítima;506,700;BR-153/GO;Sul;Colisão Traseira;0;0;1;1;0;0;0;0;0;0;1;0;0;0;0
26/03/2022;16:02:51;371;Acidente com Danos Materiais;774,100;BR-262/MG;Leste;Colisão Traseira;0;0;1;0;1;0;0;0;0;0;37;0;0;0;0
26/03/2022;18:17:56;436;Acidente com Danos Materiais;74,100;BR-153/MG;Norte;Tombamento;0;0;1;0;0;0;0;0;0;0;1;0;0;0;0
26/03/2022;20:38:03;479;Acidente com Vítima Fatal;507,000;BR-153/GO;Sul;Choque - Defensa;0;0;0;1;0;0;0;0;0;0;1;0;0;0;1
26/03/2022;23:39:17;522;Acidente com Vítima;506,300;BR-153/GO;Sul;Atropelamento - Usuário;1;0;0;0;0;0;0;0;0;0;0;0;1;0;0
27/03/2022;05:12:44;42;Acidente com Danos Materiais;371,000;BR-262/MG;Oeste;Saida de Pista;1;0;0;0;0;0;0;0;0;0;1;0;0;0;0
27/03/2022;05:34:34;43;Acidente com Danos Materiais;568,000;BR-153/GO;Norte;Tombamento;0;0;1;0;0;0;0;0;0;0;1;0;0;0;0
27/03/2022;05:52:36;47;Acidente com Danos Materiais;608,100;BR-262/MG;Leste;Saida de Pista;1;0;0;0;0;0;0;0;0;0;1;0;0;0;0
27/03/2022;12:31:47;155;Acidente com Danos Materiais;580,000;BR-153/GO;Sul;Saida de Pista;1;0;0;0;0;0;0;0;0;0;1;0;0;0;0
27/03/2022;16:03:26;206;Acidente com Danos Materiais;618,000;BR-153/GO;Sul;Tombamento;0;0;0;0;0;0;0;0;0;1;1;0;0;0;0
27/03/2022;16:45:15;217;Acidente com Danos Materiais;111,000;BR-060/GO;Norte;Colisão Traseira;2;0;0;0;0;0;0;0;0;0;2;0;0;0;0
27/03/2022;17:41:42;238;Acidente com Danos Materiais;624,000;BR-153/GO;Sul;Colisão Traseira;0;0;2;0;0;0;0;0;0;0;2;0;0;0;0
27/03/2022;19:12:39;265;Acidente com Vítima Fatal;500,800;BR-153/GO;Sul;Atropelamento - Usuário;0;0;0;0;0;0;0;0;0;0;0;0;0;0;1
27/03/2022;20:07:34;284;Acidente com Danos Materiais;500,000;BR-153/GO;Sul;Colisão Traseira;1;0;0;0;0;0;0;0;0;1;2;0;0;0;0
27/03/2022;20:07:52;285;Acidente com Danos Materiais;63,500;BR-060/GO;Norte;Saida de Pista;1;0;0;0;0;0;0;0;0;0;1;0;0;0;0
28/03/2022;02:10:36;10;Acidente com Vítima;511,000;BR-153/GO;Norte;Colisão Traseira;2;0;0;0;0;0;0;0;0;0;3;0;1;0;0
28/03/2022;03:01:46;12;Acidente com Vítima;893,900;BR-262/MG;Oeste;Tombamento;0;0;1;0;0;0;0;0;0;0;2;0;0;0;0
28/03/2022;03:14:17;13;Acidente com Danos Materiais;496,400;BR-153/GO;Sul;Choque - Veiculo parado na pista;1;0;0;0;0;0;0;0;0;0;1;0;0;0;0
28/03/2022;05:37:16;24;Acidente com Vítima Fatal;28,000;BR-060/GO;Sul;Capotamento;1;0;0;0;0;0;0;0;0;0;0;0;1;0;1
28/03/2022;06:17:06;27;Acidente com Danos Materiais;63,000;BR-153/MG;Norte;Saida de Pista;1;0;0;0;0;0;0;0;0;0;1;0;0;0;0
28/03/2022;06:49:53;33;Acidente com Danos Materiais;564,150;BR-262/MG;Leste;Saida de Pista;1;0;0;0;0;0;0;0;0;0;1;0;0;0;0
28/03/2022;08:33:20;71;Acidente com Danos Materiais;501,000;BR-153/GO;Sul;Colisão Traseira;1;0;0;0;0;0;0;0;0;0;1;0;0;0;0
28/03/2022;09:32:14;98;Acidente com Danos Materiais;828,000;BR-262/MG;Oeste;Saida de Pista;1;0;0;0;0;0;0;0;0;0;1;0;0;0;0
28/03/2022;13:25:00;182;Acidente com Vítima;822,000;BR-262/MG;Leste;Queda de Moto;0;0;0;1;0;0;0;0;0;0;0;0;0;0;0
28/03/2022;13:41:29;190;Acidente com Vítima;513,000;BR-153/GO;Norte;Engavetamento;2;0;0;1;0;0;0;0;0;0;2;0;0;0;0
28/03/2022;14:14:58;200;Acidente com Danos Materiais;213,000;BR-153/MG;Norte;Tombamento;0;0;1;0;0;0;0;0;0;0;1;0;0;0;0
28/03/2022;15:58:17;236;Acidente com Vítima;75,000;BR-153/MG;Norte;Colisão Frontal;0;0;2;0;0;0;0;0;0;0;0;0;0;2;0
28/03/2022;18:53:54;274;Acidente com Danos Materiais;372,000;BR-262/MG;Leste;Colisão Traseira;1;0;1;0;0;0;0;0;0;0;3;0;0;0;0
28/03/2022;23:41:45;333;Acidente com Danos Materiais;12,000;BR-060/DF;Norte;Colisão Lateral;0;0;2;0;0;0;0;0;0;0;2;0;0;0;0
29/03/2022;07:37:26;60;Acidente com Danos Materiais;58,000;BR-153/MG;Norte;Tombamento;0;0;1;0;0;0;0;0;0;0;1;0;0;0;0
29/03/2022;15:54:44;266;Acidente com Danos Materiais;37,100;BR-153/MG;Sul;Colisão Lateral;1;0;0;0;0;0;0;0;0;0;2;0;0;0;0
29/03/2022;20:01:42;354;Acidente com Danos Materiais;501,000;BR-153/GO;Sul;Engavetamento;3;0;0;0;1;0;0;0;0;1;4;0;0;0;0
30/03/2022;00:39:04;6;Acidente com Danos Materiais;55,000;BR-060/GO;Sul;Colisão Lateral;0;0;1;0;0;0;0;0;0;1;1;0;0;0;0
30/03/2022;01:48:41;16;Acidente com Danos Materiais;104,000;BR-060/GO;Sul;Atropelamento de Animal;1;0;0;0;0;0;0;0;0;0;2;0;0;0;0
30/03/2022;03:08:13;22;Acidente com Danos Materiais;172,000;BR-153/MG;Norte;Capotamento;1;0;0;0;0;0;0;0;0;0;1;0;0;0;0
30/03/2022;05:33:54;34;Acidente com Danos Materiais;570,000;BR-153/GO;Sul;Capotamento;1;0;0;0;0;0;0;0;0;0;2;0;0;0;0
30/03/2022;07:12:56;61;Acidente com Vítima;447,100;BR-262/MG;Leste;Atropelamento - Usuário;1;0;0;0;0;0;0;0;0;0;1;0;1;0;0
30/03/2022;07:29:07;65;Acidente com Vítima;33,000;BR-060/GO;Norte;Colisão Traseira;1;0;1;0;0;0;0;0;0;0;1;0;0;0;0
30/03/2022;08:02:57;79;Acidente com Vítima;369,100;BR-262/MG;Leste;Colisão Traseira;0;0;1;1;0;0;0;0;0;0;0;0;0;1;0
30/03/2022;09:44:12;133;Acidente com Danos Materiais;94,000;BR-060/GO;Sul;Colisão Traseira;0;0;2;0;0;0;0;0;0;0;2;0;0;0;0
30/03/2022;12:36:07;214;Acidente com Vítima;500,000;BR-153/GO;Sul;Engavetamento;2;0;0;1;0;0;0;0;0;0;2;0;0;0;0
30/03/2022;14:33:18;249;Acidente com Vítima;509,000;BR-153/GO;Norte;Colisão Traseira;0;0;0;1;0;0;0;0;0;0;0;0;1;0;0
30/03/2022;18:42:30;338;Acidente com Danos Materiais;360,000;BR-262/MG;Leste;Saida de Pista;1;0;0;0;0;0;0;0;0;0;1;0;0;0;0
31/03/2022;05:41:20;29;Acidente com Vítima;656,500;BR-262/MG;Oeste;Saida de Pista;1;0;0;0;0;0;0;0;0;0;0;0;1;0;0
31/03/2022;13:25:01;173;Acidente com Danos Materiais;494,000;BR-153/GO;Norte;Colisão Traseira;0;0;2;0;0;0;0;0;0;0;2;0;0;0;0
31/03/2022;14:27:17;205;Acidente com Vítima;414,000;BR-262/MG;Oeste;Capotamento;1;0;0;0;0;0;0;0;0;0;0;0;1;0;0
31/03/2022;14:54:02;215;Acidente com Danos Materiais;190,000;BR-153/MG;Norte;Capotamento;1;0;0;0;0;0;0;0;0;0;1;0;0;0;0
31/03/2022;14:54:30;216;Acidente com Vítima;374,150;BR-262/MG;Leste;Colisão Traseira;1;0;0;1;0;0;0;0;0;0;1;0;1;0;0
31/03/2022;15:14:30;228;Acidente com Vítima;368,900;BR-262/MG;Leste;Colisão Lateral;1;0;0;1;0;0;0;0;0;0;1;0;1;0;0
31/03/2022;16:49:55;256;Acidente com Danos Materiais;84,000;BR-060/GO;Norte;Queda de Moto;0;0;0;1;0;0;0;0;0;0;1;0;0;0;0
31/03/2022;18:41:34;291;Acidente com Danos Materiais;43,100;BR-060/GO;Norte;Colisão Traseira;0;0;2;0;0;0;0;0;0;1;3;0;0;0;0
01/04/2022;08:07:50;85;Acidente com Vítima;356,000;BR-262/MG;Oeste;Queda de Moto;0;0;0;1;0;0;0;0;0;0;0;0;0;0;0
01/04/2022;08:23:19;98;Acidente com Danos Materiais;435,500;BR-262/MG;Leste;Colisão Lateral;1;0;1;0;0;0;0;0;0;0;2;0;0;0;0
01/04/2022;14:01:21;498;Acidente com Danos Materiais;594,150;BR-262/MG;Leste;Tombamento;0;0;1;0;0;0;0;0;0;0;1;0;0;0;0
01/04/2022;14:31:22;508;Acidente com Danos Materiais;380,000;BR-262/MG;Leste;Tombamento;1;0;0;0;0;0;0;0;0;0;1;0;0;0;0
01/04/2022;16:08:56;629;Acidente com Danos Materiais;28,000;BR-060/GO;Sul;Capotamento;1;0;0;0;0;0;0;0;0;0;1;0;0;0;0
01/04/2022;18:39:28;678;Acidente com Danos Materiais;33,000;BR-153/MG;Sul;Saida de Pista;0;0;1;0;0;0;0;0;0;0;1;0;0;0;0
01/04/2022;19:10:25;693;Acidente com Danos Materiais;97,000;BR-060/GO;Norte;Colisão Traseira;2;0;0;0;0;0;0;0;0;0;2;0;0;0;0
01/04/2022;22:42:48;755;Acidente com Danos Materiais;367,000;BR-262/MG;Oeste;Colisão Traseira;1;0;0;0;0;0;0;0;0;0;4;0;0;0;0
02/04/2022;05:56:52;32;Acidente com Danos Materiais;47,000;BR-060/GO;Norte;Saida de Pista;1;0;0;0;0;0;0;0;0;0;1;0;0;0;0
02/04/2022;07:54:31;76;Acidente com Vítima;508,000;BR-153/GO;Norte;Queda de Moto;0;0;0;1;0;0;0;0;0;0;0;0;1;0;0
02/04/2022;10:53:56;162;Acidente com Danos Materiais;160,000;BR-153/MG;Norte;Colisão Lateral;1;0;2;0;0;0;0;0;0;0;3;0;0;0;0
02/04/2022;12:03:05;199;Acidente com Vítima;118,000;BR-060/GO;Norte;Queda de Moto;0;0;1;1;0;0;0;0;0;0;1;0;0;0;0
02/04/2022;14:00:43;229;Acidente com Danos Materiais;402,000;BR-262/MG;Leste;Colisão Traseira;1;0;0;0;0;0;0;0;0;0;1;0;0;0;0
02/04/2022;16:51:52;286;Acidente com Vítima;715,000;BR-262/MG;Leste;Objeto lançado contra veículo;0;0;1;0;0;0;0;0;0;0;0;0;0;0;0
02/04/2022;18:00:14;308;Acidente com Vítima;404,000;BR-262/MG;Leste;Saida de Pista;1;0;0;0;0;0;0;0;0;0;0;0;0;0;0
02/04/2022;23:15:32;378;Acidente com Vítima Fatal;695,100;BR-153/GO;Norte;Colisão Traseira;1;1;0;0;0;0;0;0;0;0;2;0;0;0;1
03/04/2022;01:49:21;20;Acidente com Danos Materiais;78,200;BR-153/MG;Norte;Saida de Pista;1;0;0;0;0;0;0;0;0;0;1;0;0;0;0
03/04/2022;09:04:38;98;Acidente com Danos Materiais;59,000;BR-153/MG;Norte;Saida de Pista;1;0;0;0;0;0;0;0;0;0;1;0;0;0;0
03/04/2022;15:45:50;262;Acidente com Danos Materiais;440,000;BR-262/MG;Oeste;Saida de Pista;1;0;0;0;0;0;0;0;0;0;2;0;0;0;0
03/04/2022;17:38:16;308;Acidente com Danos Materiais;369,100;BR-262/MG;Leste;Choque - Defensa;1;0;0;0;0;0;0;0;0;0;1;0;0;0;0
03/04/2022;17:44:57;309;Acidente com Danos Materiais;441,100;BR-262/MG;Leste;Colisão Transversal;1;0;0;0;0;1;0;0;0;0;4;0;0;0;0
04/04/2022;05:18:57;78;Acidente com Danos Materiais;409,000;BR-262/MG;Oeste;Choque - Outros;1;0;0;0;0;0;0;0;0;0;1;0;0;0;0
04/04/2022;06:03:36;88;Acidente com Danos Materiais;756,000;BR-262/MG;Oeste;Saida de Pista;1;0;0;0;0;0;0;0;0;0;1;0;0;0;0
04/04/2022;06:22:05;91;Acidente com Danos Materiais;591,000;BR-153/GO;Sul;Choque - Elemento de Drenagem;1;0;0;0;0;0;0;0;0;0;2;0;0;0;0
04/04/2022;07:06:13;106;Acidente com Danos Materiais;555,000;BR-262/MG;Oeste;Colisão Traseira;1;0;0;0;0;0;0;0;0;0;1;0;0;0;0
04/04/2022;07:37:12;119;Acidente com Vítima;354,000;BR-262/MG;Oeste;Queda de Moto;0;0;0;1;0;0;0;0;0;0;0;0;0;0;0
04/04/2022;07:53:25;129;Acidente com Danos Materiais;494,000;BR-153/GO;Sul;Engavetamento;2;0;1;0;0;0;0;0;0;0;3;0;0;0;0
04/04/2022;09:16:35;156;Acidente com Vítima;466,000;BR-262/MG;Oeste;Tombamento;0;0;1;0;0;0;0;0;0;0;0;0;0;0;0
04/04/2022;11:45:29;229;Acidente com Vítima;515,000;BR-153/GO;Sul;Queda de Moto;0;0;0;1;0;0;0;0;0;0;0;0;1;0;0
04/04/2022;18:35:33;393;Acidente com Danos Materiais;581,000;BR-153/GO;Sul;Saida de Pista;1;0;0;0;0;0;0;0;0;0;1;0;0;0;0
04/04/2022;18:52:46;400;Acidente com Danos Materiais;694,000;BR-153/GO;Norte;Colisão Traseira;2;0;0;0;0;0;0;0;0;0;1;0;0;0;0
04/04/2022;21:26:04;444;Acidente com Vítima;543,200;BR-153/GO;Sul;Tombamento;0;0;1;0;0;0;0;0;0;0;0;0;0;1;0
05/04/2022;01:10:34;8;Acidente com Vítima;585,000;BR-153/GO;Sul;Saida de Pista;0;0;1;0;0;0;0;0;0;0;0;0;0;0;0
05/04/2022;01:28:42;9;Acidente com Danos Materiais;539,000;BR-153/GO;Sul;Colisão Traseira;0;0;2;0;0;0;0;0;0;0;3;0;0;0;0
05/04/2022;08:14:45;69;Acidente com Vítima;5,000;BR-060/DF;Norte;Atropelamento - Ciclista;0;1;1;0;0;0;0;0;0;0;1;0;1;0;0
05/04/2022;09:18:58;99;Acidente com Danos Materiais;663,000;BR-262/MG;Leste;Colisão Traseira;0;0;0;0;0;0;0;0;0;1;1;0;0;0;0
05/04/2022;13:56:25;232;Acidente com Danos Materiais;158,150;BR-153/MG;Norte;Saida de Pista;1;0;0;0;0;0;0;0;0;0;2;0;0;0;0
05/04/2022;14:57:17;254;Acidente com Danos Materiais;503,200;BR-153/GO;Sul;Colisão Traseira;0;0;1;0;0;0;0;0;0;1;2;0;0;0;0
05/04/2022;16:55:06;321;Acidente com Danos Materiais;515,000;BR-153/GO;Sul;Colisão Lateral;0;0;0;1;0;0;0;0;0;1;2;0;0;0;0
05/04/2022;17:55:24;351;Acidente com Danos Materiais;553,000;BR-262/MG;Leste;Saida de Pista;0;0;1;0;0;0;0;0;0;0;1;0;0;0;0
05/04/2022;22:46:11;437;Acidente com Danos Materiais;506,000;BR-153/GO;Sul;Colisão Lateral;1;0;1;0;0;0;0;0;0;0;4;0;0;0;0