data;horario;n_da_ocorrencia;tipo_de_ocorrencia;km;trecho;sentido;tipo_de_acidente;automovel;bicicleta;caminhao;moto;onibus;outros;tracao_animal;transporte_de_cargas_especiais;trator_maquinas;utilitarios;ilesos;levemente_feridos;moderadamente_feridos;gravemente_feridos;mortos
06/04/2022;00:18:49;2;Acidente com Vítima;383,000;BR-262/MG;Leste;Saida de Pista;1;0;0;0;0;0;0;0;0;0;0;0;0;0;0
06/04/2022;00:23:24;3;Acidente com Danos Materiais;111,000;BR-060/GO;Norte;Capotamento;1;0;0;0;0;0;0;0;0;0;1;0;0;0;0
06/04/2022;00:41:44;6;Acidente com Danos Materiais;445,000;BR-262/MG;Leste;Tombamento;0;0;1;0;0;0;0;0;0;0;1;0;0;0;0
06/04/2022;12:16:16;282;Acidente com Vítima;823,000;BR-262/MG;Leste;Choque - Defensa;1;0;0;0;0;0;0;0;0;0;0;0;0;0;0
06/04/2022;13:18:10;312;Acidente com Danos Materiais;443,000;BR-262/MG;Oeste;Colisão Traseira;0;0;2;0;0;0;0;0;0;0;2;0;0;0;0
06/04/2022;17:11:02;406;Acidente com Danos Materiais;139,100;BR-153/MG;Norte;Colisão Traseira;0;0;0;0;0;0;0;0;0;1;1;0;0;0;0
06/04/2022;22:20:38;499;Acidente com Danos Materiais;366,000;BR-262/MG;Oeste;Saida de Pista;1;0;0;0;0;0;0;0;0;0;3;0;0;0;0
06/04/2022;23:18:38;517;Acidente com Danos Materiais;19,800;BR-060/DF;Sul;Saida de Pista;1;0;0;0;0;0;0;0;0;0;2;0;0;0;0
07/04/2022;00:03:52;2;Acidente com Vítima;661,000;BR-262/MG;Leste;Saida de Pista;0;0;1;0;0;0;0;0;0;0;1;0;1;0;0
07/04/2022;03:51:09;17;Acidente com Danos Materiais;496,000;BR-153/GO;Norte;Queda de Moto;0;0;0;1;0;0;0;0;0;0;1;0;0;0;0
07/04/2022;05:00:16;21;Acidente com Danos Materiais;172,000;BR-153/MG;Sul;Saida de Pista;0;0;0;0;0;0;0;0;0;1;1;0;0;0;0
07/04/2022;08:50:10;118;Acidente com Vítima;504,000;BR-153/GO;Norte;Colisão Traseira;1;0;0;1;0;0;0;0;0;0;1;0;1;0;0
07/04/2022;13:12:51;295;Acidente com Danos Materiais;505,000;BR-153/GO;Sul;Colisão Traseira;1;0;0;0;0;0;0;0;0;1;2;0;0;0;0
07/04/2022;16:53:27;390;Acidente com Danos Materiais;118,000;BR-060/GO;Sul;Colisão Traseira;1;0;0;0;0;0;0;0;0;1;2;0;0;0;0
07/04/2022;17:30:30;406;Acidente com Danos Materiais;404,900;BR-262/MG;Leste;Queda de Moto;0;0;0;1;0;0;0;0;0;0;1;0;0;0;0
07/04/2022;19:35:28;441;Acidente com Vítima;444,000;BR-262/MG;Leste;Queda de Moto;0;0;0;1;0;0;0;0;0;0;0;0;0;0;0
07/04/2022;20:15:22;457;Acidente com Vítima;2,700;BR-060/DF;Sul;Capotamento;1;0;0;0;1;0;0;0;0;0;0;0;0;0;0
08/04/2022;00:35:50;9;Acidente com Danos Materiais;103,000;BR-060/GO;Sul;Colisão Frontal;1;0;0;0;0;0;0;0;0;0;1;0;0;0;0
08/04/2022;00:57:04;10;Acidente com Vítima;811,000;BR-262/MG;Leste;Atropelamento de Animal;0;0;0;1;0;0;0;0;0;0;0;0;1;0;0
08/04/2022;06:25:43;32;Acidente com Vítima;146,000;BR-153/MG;Norte;Colisão Lateral;1;0;1;0;0;0;0;0;0;0;1;0;0;0;0
08/04/2022;06:26:47;33;Acidente com Danos Materiais;552,000;BR-262/MG;Oeste;Saida de Pista;1;0;0;0;0;0;0;0;0;0;1;0;0;0;0
08/04/2022;06:33:07;36;Acidente com Danos Materiais;0,100;BR-060/GO;Sul;Queda de Moto;0;0;0;1;0;0;0;0;0;0;1;0;0;0;0
08/04/2022;07:58:35;74;Acidente com Danos Materiais;499,000;BR-153/GO;Sul;Engavetamento;3;0;0;0;0;0;0;0;0;0;3;0;0;0;0
08/04/2022;08:32:18;92;Acidente com Danos Materiais;502,000;BR-153/GO;Norte;Colisão Traseira;1;0;0;1;0;0;0;0;0;0;2;0;0;0;0
08/04/2022;10:33:16;161;Acidente com Danos Materiais;495,000;BR-153/GO;Sul;Engavetamento;3;0;0;0;0;0;0;0;0;0;3;0;0;0;0
08/04/2022;11:14:57;179;Acidente com Danos Materiais;128,000;BR-060/GO;Norte;Colisão Traseira;0;0;0;1;0;0;0;0;0;1;3;0;0;0;0
08/04/2022;14:31:49;287;Acidente com Danos Materiais;548,000;BR-262/MG;Leste;Choque - Barreira;1;0;0;0;0;0;0;0;0;0;2;0;0;0;0
08/04/2022;17:26:09;371;Acidente com Danos Materiais;890,000;BR-262/MG;Leste;Colisão Lateral;0;0;2;0;0;0;0;0;0;0;2;0;0;0;0
09/04/2022;02:45:22;18;Acidente com Vítima;568,800;BR-153/GO;Sul;Queda de Moto;0;0;0;1;0;0;0;0;0;0;0;0;0;0;0
09/04/2022;04:42:26;30;Acidente com Vítima;503,000;BR-153/GO;Norte;Queda de Moto;0;0;0;1;0;0;0;0;0;0;0;0;0;1;0
09/04/2022;06:50:32;52;Acidente com Danos Materiais;50,500;BR-153/MG;Sul;Choque - Elemento de Drenagem;0;0;0;0;0;0;0;0;0;1;2;0;0;0;0
09/04/2022;08:08:30;93;Acidente com Danos Materiais;22,000;BR-060/GO;Sul;Colisão Lateral;1;0;1;0;0;0;0;0;0;0;1;0;0;0;0
09/04/2022;08:29:09;108;Acidente com Danos Materiais;554,000;BR-262/MG;Leste;Tombamento;0;0;1;0;0;0;0;0;0;0;1;0;0;0;0
09/04/2022;10:28:26;154;Acidente com Danos Materiais;43,000;BR-060/GO;Norte;Colisão Traseira;1;0;1;0;0;0;0;0;0;0;2;0;0;0;0
09/04/2022;12:46:31;214;Acidente com Danos Materiais;97,000;BR-060/GO;Norte;Colisão Traseira;1;0;0;0;0;0;0;0;0;0;1;0;0;0;0
09/04/2022;15:22:24;265;Acidente com Danos Materiais;9,000;BR-153/MG;Sul;Saida de Pista;1;0;0;0;0;0;0;0;0;0;1;0;0;0;0
09/04/2022;16:02:54;285;Acidente com Danos Materiais;616,000;BR-153/GO;Sul;Tombamento;0;0;2;0;0;0;0;0;0;0;1;0;0;0;0
09/04/2022;16:39:35;310;Acidente com Vítima;674,000;BR-153/GO;Sul;Queda de Moto;0;0;0;1;0;0;0;0;0;0;0;0;0;0;0
09/04/2022;22:04:08;408;Acidente com Danos Materiais;538,000;BR-153/GO;Norte;Atropelamento de Animal;1;0;0;0;0;0;0;0;0;0;1;0;0;0;0
10/04/2022;09:50:10;143;Acidente com Danos Materiais;232,100;BR-153/MG;Norte;Saida de Pista;0;0;0;0;0;0;0;0;0;1;1;0;0;0;0
10/04/2022;12:47:32;200;Acidente com Vítima;794,000;BR-262/MG;Leste;Colisão Frontal;1;0;0;0;0;0;0;0;0;0;1;0;2;0;0
10/04/2022;15:53:04;271;Acidente com Vítima;79,000;BR-060/GO;Norte;Colisão Lateral;1;0;0;1;0;0;0;0;0;0;1;0;2;0;0
10/04/2022;16:43:10;296;Acidente com Danos Materiais;851,100;BR-262/MG;Leste;Colisão Traseira;1;0;2;0;0;0;0;0;0;0;3;0;0;0;0
10/04/2022;18:15:31;323;Acidente com Danos Materiais;50,000;BR-060/GO;Sul;Capotamento;0;0;0;0;0;0;0;0;0;1;2;0;0;0;0
10/04/2022;21:42:46;387;Acidente com Danos Materiais;128,000;BR-153/MG;Norte;Colisão Lateral;0;0;1;0;0;0;0;0;0;0;1;0;0;0;0
10/04/2022;22:02:08;395;Acidente com Danos Materiais;442,000;BR-262/MG;Leste;Colisão Traseira;2;0;0;0;0;0;0;0;0;0;1;0;0;0;0
10/04/2022;22:14:28;402;Acidente com Danos Materiais;8,000;BR-153/MG;Norte;Tombamento;0;0;1;0;0;0;0;0;0;0;1;0;0;0;0
11/04/2022;00:23:23;3;Acidente com Danos Materiais;108,000;BR-060/GO;Sul;Colisão Traseira;2;0;0;0;0;0;0;0;0;0;2;0;0;0;0
11/04/2022;08:21:53;109;Acidente com Vítima;699,100;BR-153/GO;Norte;Colisão Traseira;0;0;1;0;0;0;0;0;0;0;0;0;0;0;0
11/04/2022;09:10:06;140;Acidente com Danos Materiais;501,000;BR-153/GO;Norte;Choque- Placa/Suporte Sinalização;1;0;0;0;0;0;0;0;0;0;1;0;0;0;0
11/04/2022;13:08:46;272;Acidente com Danos Materiais;640,000;BR-153/GO;Sul;Saida de Pista;1;0;0;0;0;0;0;0;0;0;1;0;0;0;0
11/04/2022;13:53:56;286;Acidente com Danos Materiais;657,000;BR-153/GO;Sul;Tombamento;0;0;1;0;0;0;0;0;0;0;1;0;0;0;0
11/04/2022;14:54:20;325;Acidente com Vítima;494,800;BR-262/MG;Leste;Tombamento;0;0;1;0;0;0;0;0;0;0;0;0;0;0;0
11/04/2022;15:25:04;342;Acidente com Danos Materiais;0,100;BR-153/MG;Norte;Colisão Frontal;0;0;1;0;0;0;0;0;0;0;1;0;0;0;0
11/04/2022;15:57:29;354;Acidente com Danos Materiais;135,000;BR-060/GO;Norte;Colisão Traseira;0;0;2;0;0;0;0;0;0;0;2;0;0;0;0
11/04/2022;16:13:52;367;Acidente com Danos Materiais;583,000;BR-153/GO;Sul;Choque - Arvore;1;0;0;0;0;0;0;0;0;0;1;0;0;0;0
11/04/2022;17:21:04;404;Acidente com Danos Materiais;98,000;BR-060/GO;Norte;Colisão Traseira;2;0;0;0;0;0;0;0;0;0;2;0;0;0;0
11/04/2022;20:36:17;457;Acidente com Danos Materiais;29,000;BR-060/GO;Norte;Tombamento;0;0;1;0;0;0;0;0;0;0;1;0;0;0;0
12/04/2022;04:51:39;23;Acidente com Danos Materiais;6,000;BR-060/GO;Sul;Saida de Pista;0;0;0;0;0;0;0;0;0;1;1;0;0;0;0
12/04/2022;06:51:13;51;Acidente com Vítima;58,000;BR-153/MG;Norte;Colisão Traseira;0;0;1;0;0;0;0;0;0;1;1;0;0;0;0
12/04/2022;08:59:04;116;Acidente com Vítima;670,000;BR-153/GO;Norte;Capotamento;0;0;1;0;0;0;0;0;0;0;0;0;0;0;0
12/04/2022;09:32:10;135;Acidente com Danos Materiais;508,000;BR-153/GO;Sul;Colisão Traseira;1;0;1;0;0;0;0;0;0;0;1;0;0;0;0
12/04/2022;10:57:36;175;Acidente com Danos Materiais;492,000;BR-153/GO;Norte;Saida de Pista;1;0;0;0;0;0;0;0;0;0;1;0;0;0;0
12/04/2022;14:24:34;316;Acidente com Danos Materiais;29,000;BR-153/MG;Norte;Choque - Elemento de Drenagem;1;0;0;0;0;0;0;0;0;0;1;0;0;0;0
12/04/2022;14:28:51;318;Acidente com Danos Materiais;780,000;BR-262/MG;Oeste;Colisão Traseira;0;0;2;0;0;0;0;0;0;0;2;0;0;0;0
12/04/2022;15:47:05;383;Acidente com Danos Materiais;519,000;BR-153/GO;Norte;Saida de Pista;1;0;0;0;0;0;0;0;0;0;1;0;0;0;0
12/04/2022;16:06:24;395;Acidente com Danos Materiais;827,000;BR-262/MG;Oeste;Saida de Pista;0;0;0;0;0;0;0;0;0;1;1;0;0;0;0
12/04/2022;20:22:44;506;Acidente com Danos Materiais;514,000;BR-153/GO;Norte;Colisão Lateral;1;0;0;0;0;0;0;0;0;0;1;0;0;0;0
12/04/2022;21:07:51;528;Acidente com Vítima;172,400;BR-153/MG;Norte;Tombamento;0;0;1;0;0;0;0;0;0;0;0;0;0;0;0
12/04/2022;23:27:02;564;Acidente com Danos Materiais;533,000;BR-262/MG;Oeste;Saida de Pista;0;0;1;0;0;0;0;0;0;0;2;0;0;0;0
13/04/2022;05:40:35;46;Acidente com Danos Materiais;9,000;BR-060/DF;Norte;Colisão Lateral;1;0;1;0;0;0;0;0;0;0;2;0;0;0;0
13/04/2022;07:04:13;61;Acidente com Danos Materiais;356,000;BR-262/MG;Oeste;Choque - Defensa;1;0;0;0;0;0;0;0;0;0;1;0;0;0;0
13/04/2022;08:11:52;87;Acidente com Vítima;185,300;BR-153/MG;Norte;Colisão Traseira;1;0;0;0;0;0;0;0;0;1;2;0;2;0;0
13/04/2022;11:53:46;170;Acidente com Danos Materiais;632,000;BR-262/MG;Leste;Colisão Transversal;0;0;1;0;0;0;0;0;0;1;2;0;0;0;0
13/04/2022;16:47:11;271;Acidente com Vítima;46,000;BR-060/GO;Norte;Saida de Pista;1;0;0;0;0;0;0;0;0;0;1;0;0;0;0
13/04/2022;17:51:34;291;Acidente com Vítima;24,000;BR-060/GO;Sul;Colisão Traseira;1;0;0;0;0;0;0;0;0;0;0;0;0;0;0
13/04/2022;18:22:31;299;Acidente com Danos Materiais;502,900;BR-153/GO;Sul;Saida de Pista;3;0;0;0;0;0;0;0;0;0;3;0;0;0;0
13/04/2022;18:58:23;313;Acidente com Danos Materiais;804,000;BR-262/MG;Leste;Engavetamento;0;0;2;0;0;0;0;0;0;1;1;0;0;0;0
13/04/2022;20:41:11;339;Acidente com Danos Materiais;165,000;BR-153/MG;Norte;Saida de Pista;0;0;0;0;0;0;0;0;0;1;1;0;0;0;0
13/04/2022;20:49:08;340;Acidente com Danos Materiais;795,500;BR-262/MG;Leste;Saida de Pista;1;0;0;0;0;0;0;0;0;0;1;0;0;0;0
13/04/2022;23:36:26;371;Acidente com Danos Materiais;514,000;BR-153/GO;Norte;Colisão Lateral;2;0;0;0;0;0;0;0;0;0;2;0;0;0;0
14/04/2022;02:52:32;23;Acidente com Danos Materiais;2,000;BR-153/MG;Norte;Colisão Traseira;0;0;2;0;0;0;0;0;0;0;3;0;0;0;0
14/04/2022;02:57:25;25;Acidente com Vítima;49,000;BR-153/MG;Sul;Tombamento;1;0;0;0;0;0;0;0;0;0;0;0;0;0;0
14/04/2022;05:58:27;43;Acidente com Danos Materiais;455,000;BR-262/MG;Leste;Saida de Pista;1;0;0;0;0;0;0;0;0;0;1;0;0;0;0
14/04/2022;09:57:46;128;Acidente com Danos Materiais;374,000;BR-262/MG;Oeste;Colisão Lateral;0;0;2;0;0;0;0;0;0;0;2;0;0;0;0
14/04/2022;10:53:15;159;Acidente com Vítima;555,000;BR-262/MG;Leste;Queda de Moto;0;0;0;1;0;0;0;0;0;0;0;0;0;0;0
14/04/2022;12:11:58;180;Acidente com Danos Materiais;568,000;BR-262/MG;Leste;Colisão Lateral;2;0;1;0;0;0;0;0;0;1;8;0;0;0;0
14/04/2022;12:59:43;191;Acidente com Vítima;585,500;BR-262/MG;Oeste;Tombamento;0;0;1;0;0;0;0;0;0;0;0;0;1;0;0
14/04/2022;13:55:48;205;Acidente com Danos Materiais;663,000;BR-153/GO;Norte;Colisão Traseira;1;0;0;0;0;0;0;0;0;0;1;0;0;0;0
14/04/2022;14:13:09;214;Acidente com Danos Materiais;659,000;BR-153/GO;Sul;Colisão Traseira;0;0;1;0;0;0;0;0;0;0;1;0;0;0;0
14/04/2022;16:03:11;264;Acidente com Danos Materiais;462,100;BR-262/MG;Oeste;Colisão Traseira;0;0;0;0;0;0;0;0;0;1;1;0;0;0;0
14/04/2022;16:14:04;270;Acidente com Danos Materiais;43,000;BR-060/GO;Norte;Colisão Traseira;2;0;0;0;0;0;0;0;0;0;1;0;0;0;0
14/04/2022;16:26:46;277;Acidente com Danos Materiais;585,100;BR-262/MG;Leste;Choque - Outros;1;0;0;0;0;0;0;0;0;0;1;0;0;0;0
14/04/2022;17:25:26;303;Acidente com Danos Materiais;548,300;BR-262/MG;Oeste;Choque - Elemento de Drenagem;1;0;0;0;0;0;0;0;0;0;1;0;0;0;0
14/04/2022;19:04:46;346;Acidente com Danos Materiais;210,000;BR-153/MG;Norte;Saida de Pista;1;0;0;0;0;0;0;0;0;0;1;0;0;0;0
14/04/2022;19:25:31;351;Acidente com Vítima;486,000;BR-262/MG;Leste;Colisão Traseira;0;0;0;1;0;0;0;0;0;0;0;0;0;0;0
14/04/2022;19:35:08;354;Acidente com Danos Materiais;3,000;BR-153/MG;Sul;Choque - Defensa;1;0;1;0;0;0;0;0;0;0;6;0;0;0;0
14/04/2022;23:16:25;428;Acidente com Danos Materiais;223,000;BR-153/MG;Sul;Choque - Cabine de Pedágio;0;0;1;0;0;0;0;0;0;0;1;0;0;0;0
14/04/2022;23:52:18;436;Acidente com Vítima Fatal;374,000;BR-262/MG;Leste;Atropelamento - Morador;1;0;0;0;0;0;0;0;0;0;0;0;0;0;1
15/04/2022;02:34:46;21;Acidente com Vítima;91,000;BR-153/MG;Norte;Saida de Pista;0;0;1;0;0;0;0;0;0;0;0;0;0;0;0
15/04/2022;02:41:03;23;Acidente com Danos Materiais;875,000;BR-262/MG;Leste;Saida de Pista;1;0;0;0;0;0;0;0;0;0;2;0;0;0;0
15/04/2022;03:00:33;24;Acidente com Danos Materiais;508,000;BR-153/GO;Sul;Queda de Moto;0;0;0;1;0;0;0;0;0;0;1;0;0;0;0
15/04/2022;07:05:19;61;Acidente com Danos Materiais;108,000;BR-060/GO;Norte;Colisão Lateral;2;0;0;0;0;0;0;0;0;0;2;0;0;0;0
15/04/2022;08:26:49;122;Acidente com Danos Materiais;705,100;BR-262/MG;Leste;Colisão Traseira;2;0;0;0;0;0;0;0;0;0;5;0;0;0;0
15/04/2022;10:26:23;187;Acidente com Vítima;24,000;BR-153/MG;Sul;Engavetamento;2;0;1;0;0;0;0;0;0;2;11;0;0;0;0
15/04/2022;11:46:18;218;Acidente com Vítima;640,000;BR-153/GO;Norte;Queda de Moto;0;0;0;1;0;0;0;0;0;0;1;0;0;0;0
15/04/2022;12:59:50;241;Acidente com Vítima;357,000;BR-262/MG;Oeste;Atropelamento - Outros;1;0;0;0;0;0;0;0;0;0;1;0;1;0;0
15/04/2022;13:54:18;262;Acidente com Danos Materiais;0,200;BR-153/MG;Sul;Choque - Defensa;0;0;1;0;0;0;0;0;0;0;1;0;0;0;0
15/04/2022;16:11:10;321;Acidente com Vítima;643,000;BR-153/GO;Norte;Queda de Moto;0;0;0;1;0;0;0;0;0;0;1;0;0;1;0
15/04/2022;19:04:51;383;Acidente com Vítima;109,000;BR-153/MG;Sul;Colisão Transversal;1;0;1;0;0;0;0;0;0;0;2;0;0;0;0
15/04/2022;19:12:59;386;Acidente com Danos Materiais;172,000;BR-153/MG;Norte;Saida de Pista;1;0;0;0;0;0;0;0;0;0;1;0;0;0;0
15/04/2022;21:36:04;416;Acidente com Vítima Fatal;700,500;BR-153/GO;Sul;Colisão Frontal;1;0;0;1;0;0;0;0;0;0;0;0;0;0;1
16/04/2022;03:19:12;19;Acidente com Vítima;77,600;BR-153/MG;Norte;Saida de Pista;1;0;0;0;0;0;0;0;0;0;0;0;0;0;0
16/04/2022;05:26:53;27;Acidente com Vítima;802,000;BR-262/MG;Leste;Atropelamento - Ciclista;0;1;0;0;0;0;0;0;0;0;0;0;0;1;0
16/04/2022;09:20:08;71;Acidente com Vítima;110,000;BR-060/GO;Sul;Queda de Moto;0;0;0;1;0;0;0;0;0;0;1;0;0;0;0
16/04/2022;12:55:02;152;Acidente com Vítima;505,000;BR-153/GO;Norte;Colisão Lateral;1;0;0;1;0;0;0;0;0;0;1;0;0;0;0
16/04/2022;17:46:13;235;Acidente com Vítima Fatal;380,000;BR-262/MG;Leste;Queda de Moto;0;0;0;1;0;0;0;0;0;0;0;0;0;1;1
16/04/2022;18:04:21;239;Acidente com Danos Materiais;443,000;BR-262/MG;Oeste;Colisão Lateral;1;0;0;0;0;0;0;0;0;0;1;0;0;0;0
16/04/2022;21:02:17;283;Acidente com Danos Materiais;785,000;BR-262/MG;Oeste;Saida de Pista;1;0;0;0;0;0;0;0;0;0;1;0;0;0;0
17/04/2022;03:08:22;14;Acidente com Danos Materiais;112,200;BR-060/GO;Sul;Saida de Pista;1;0;0;0;0;0;0;0;0;0;2;0;0;0;0
17/04/2022;04:22:57;19;Acidente com Danos Materiais;112,000;BR-060/GO;Sul;Colisão Traseira;1;0;1;0;0;0;0;0;0;0;2;0;0;0;0
17/04/2022;05:10:15;26;Acidente com Danos Materiais;576,000;BR-153/GO;Sul;Saida de Pista;1;0;0;0;0;0;0;0;0;0;1;0;0;0;0
17/04/2022;06:35:50;35;Acidente com Danos Materiais;23,200;BR-060/GO;Sul;Capotamento;1;0;0;0;0;0;0;0;0;0;1;0;0;0;0
17/04/2022;08:32:20;87;Acidente com Danos Materiais;563,000;BR-153/GO;Norte;Choque - Arvore;1;0;0;0;0;0;0;0;0;0;1;0;0;0;0
17/04/2022;08:36:57;88;Acidente com Danos Materiais;356,845;BR-262/MG;Leste;Saida de Pista;1;0;0;0;0;0;0;0;0;0;1;0;0;0;0
17/04/2022;13:24:49;184;Acidente com Vítima;551,000;BR-262/MG;Oeste;Tombamento;0;0;1;0;0;0;0;0;0;0;0;0;0;0;0
17/04/2022;14:53:43;216;Acidente com Danos Materiais;524,000;BR-262/MG;Leste;Colisão Lateral;0;0;1;0;0;0;0;0;0;1;2;0;0;0;0
17/04/2022;15:17:42;233;Acidente com Danos Materiais;655,000;BR-153/GO;Norte;Saida de Pista;1;0;0;0;0;0;0;0;0;0;1;0;0;0;0
17/04/2022;16:37:38;267;Acidente com Danos Materiais;369,000;BR-262/MG;Leste;Colisão Traseira;1;0;0;0;0;0;0;0;0;1;2;0;0;0;0
17/04/2022;17:45:19;307;Acidente com Danos Materiais;16,000;BR-060/DF;Norte;Colisão Traseira;2;0;0;0;0;0;0;0;0;1;9;0;0;0;0
17/04/2022;18:33:24;330;Acidente com Danos Materiais;486,000;BR-262/MG;Oeste;Queda de Moto;0;0;0;1;0;0;0;0;0;0;1;0;0;0;0
17/04/2022;20:17:21;373;Acidente com Vítima;600,000;BR-153/GO;Sul;Atropelamento de Animal;0;0;0;1;0;0;0;0;0;0;0;0;0;0;0
17/04/2022;22:02:27;416;Acidente com Danos Materiais;93,000;BR-060/GO;Norte;Queda de Moto;0;0;0;1;0;0;0;0;0;0;1;0;0;0;0
18/04/2022;05:58:28;45;Acidente com Vítima;441,000;BR-262/MG;Leste;Objeto lançado contra veículo;1;0;0;0;0;0;0;0;0;0;0;0;0;0;0
18/04/2022;07:13:06;77;Acidente com Danos Materiais;506,800;BR-153/GO;Norte;Engavetamento;4;0;0;0;0;0;0;0;0;0;4;0;0;0;0
18/04/2022;08:20:00;119;Acidente com Danos Materiais;539,000;BR-153/GO;Sul;Capotamento;0;0;3;0;0;0;0;0;0;0;1;0;0;0;0
18/04/2022;15:15:12;346;Acidente com Danos Materiais;496,000;BR-153/GO;Sul;Colisão Traseira;1;0;1;0;0;0;0;0;0;0;1;0;0;0;0
18/04/2022;21:24:54;486;Acidente com Danos Materiais;356,000;BR-262/MG;Leste;Atropelamento de Animal;1;0;0;0;0;0;0;0;0;0;1;0;0;0;0
18/04/2022;21:31:26;489;Acidente com Danos Materiais;541,000;BR-153/GO;Sul;Atropelamento de Animal;0;0;0;0;0;0;0;0;0;1;1;0;0;0;0
19/04/2022;06:22:15;50;Acidente com Danos Materiais;194,000;BR-153/MG;Norte;Colisão Traseira;1;0;1;0;0;0;0;0;0;0;2;0;0;0;0
19/04/2022;09:19:52;164;Acidente com Danos Materiais;79,000;BR-060/GO;Norte;Queda de Moto;0;0;0;1;0;0;0;0;0;0;2;0;0;0;0
19/04/2022;09:30:16;177;Acidente com Vítima;82,000;BR-060/GO;Sul;Capotamento;1;0;0;0;0;0;0;0;0;0;0;0;1;0;0
19/04/2022;17:12:13;464;Acidente com Danos Materiais;386,000;BR-262/MG;Leste;Saida de Pista;0;0;0;0;0;0;0;0;0;1;1;0;0;0;0
19/04/2022;18:13:56;485;Acidente com Danos Materiais;468,000;BR-262/MG;Leste;Saida de Pista;0;0;1;0;0;0;0;0;0;0;1;0;0;0;0
19/04/2022;20:18:42;524;Acidente com Vítima Fatal;530,000;BR-153/GO;Sul;Choque - Defensa;0;0;0;1;0;0;0;0;0;0;0;0;0;1;1
20/04/2022;06:52:14;63;Acidente com Danos Materiais;115,000;BR-060/GO;Norte;Colisão Traseira;0;0;2;0;0;0;0;0;0;0;1;0;0;0;0
20/04/2022;12:56:19;208;Acidente com Danos Materiais;631,000;BR-262/MG;Leste;Queda de Moto;0;0;0;1;0;0;0;0;0;0;1;0;0;0;0
20/04/2022;16:20:02;276;Acidente com Danos Materiais;501,000;BR-153/GO;Norte;Colisão Traseira;0;0;2;0;0;0;0;0;0;0;2;0;0;0;0
20/04/2022;16:38:59;281;Acidente com Danos Materiais;568,000;BR-262/MG;Leste;Colisão Transversal;0;0;0;0;0;0;0;0;0;2;2;0;0;0;0
20/04/2022;17:07:04;289;Acidente com Vítima;493,000;BR-153/GO;Norte;Engavetamento;5;0;0;0;0;0;0;0;0;0;5;0;0;0;0
20/04/2022;17:27:25;296;Acidente com Vítima;98,000;BR-060/GO;Norte;Colisão Traseira;1;0;0;1;0;0;0;0;0;0;1;0;1;0;0
20/04/2022;20:31:39;373;Acidente com Vítima;507,000;BR-153/GO;Sul;Engavetamento;5;0;0;0;0;0;0;0;0;0;5;0;0;0;0
20/04/2022;23:50:03;431;Acidente com Danos Materiais;708,000;BR-262/MG;Oeste;Atropelamento de Animal;1;0;0;0;0;0;0;0;0;0;2;0;0;0;0
21/04/2022;00:05:18;1;Acidente com Danos Materiais;847,500;BR-262/MG;Oeste;Saida de Pista;1;0;0;0;0;0;0;0;0;0;1;0;0;0;0
21/04/2022;05:37:48;43;Acidente com Vítima;355,000;BR-262/MG;Oeste;Colisão Lateral;0;0;0;2;0;0;0;0;0;0;0;0;0;0;0
21/04/2022;11:11:53;183;Acidente com Danos Materiais;101,000;BR-060/GO;Norte;Colisão Lateral;2;0;0;0;0;0;0;0;0;0;2;0;0;0;0
21/04/2022;16:36:53;317;Acidente com Vítima;802,000;BR-262/MG;Leste;Atropelamento - Outros;0;1;0;0;0;0;0;0;0;0;0;0;1;0;0
21/04/2022;20:00:57;392;Acidente com Danos Materiais;7,000;BR-060/DF;Norte;Colisão Traseira;2;0;0;0;0;0;0;0;0;0;2;0;0;0;0
22/04/2022;12:38:14;316;Acidente com Danos Materiais;138,000;BR-060/GO;Norte;Colisão Traseira;0;0;2;0;0;0;0;0;0;0;2;0;0;0;0
22/04/2022;13:41:36;342;Acidente com Vítima;118,000;BR-060/GO;Norte;Colisão Traseira;0;0;1;1;0;0;0;0;0;0;0;0;1;0;0
22/04/2022;14:30:14;363;Acidente com Danos Materiais;109,000;BR-060/GO;Norte;Colisão Traseira;1;0;0;0;0;0;0;0;0;0;1;0;0;0;0
22/04/2022;16:32:01;438;Acidente com Danos Materiais;355,000;BR-262/MG;Oeste;Colisão Traseira;1;0;1;0;0;0;0;0;0;0;1;0;0;0;0
22/04/2022;18:42:09;492;Acidente com Vítima;367,000;BR-262/MG;Leste;Queda de Moto;0;0;0;1;0;0;0;0;0;0;0;0;0;0;0
22/04/2022;20:17:48;526;Acidente com Vítima;553,000;BR-153/GO;Norte;Queda de Moto;0;0;0;1;0;0;0;0;0;0;0;0;0;0;0
22/04/2022;20:21:15;527;Acidente com Vítima;9,000;BR-060/GO;Norte;Colisão Traseira;3;0;0;0;0;0;0;0;0;0;2;0;0;0;0
23/04/2022;00:46:31;20;Acidente com Danos Materiais;210,000;BR-153/MG;Norte;Saida de Pista;1;0;0;0;0;0;0;0;0;0;2;0;0;0;0
23/04/2022;08:38:03;162;Acidente com Danos Materiais;476,800;BR-262/MG;Leste;Colisão Transversal;1;0;0;0;0;0;0;0;0;1;3;0;0;0;0
23/04/2022;09:09:36;195;Acidente com Danos Materiais;53,000;BR-060/GO;Norte;Colisão Traseira;1;0;0;0;0;0;0;0;0;0;1;0;0;0;0
23/04/2022;10:14:41;240;Acidente com Danos Materiais;21,000;BR-153/MG;Norte;Colisão Traseira;0;0;2;0;1;0;0;0;0;0;3;0;0;0;0