data;horario;n_da_ocorrencia;tipo_de_ocorrencia;km;trecho;sentido;tipo_de_acidente;automovel;bicicleta;caminhao;moto;onibus;outros;tracao_animal;transporte_de_cargas_especiais;trator_maquinas;utilitarios;ilesos;levemente_feridos;moderadamente_feridos;gravemente_feridos;mortos
23/04/2022;10:46:04;257;Acidente com Danos Materiais;25,000;BR-060/GO;Norte;Choque - Defensa;1;0;0;0;0;0;0;0;0;0;1;0;0;0;0
23/04/2022;12:12:23;298;Acidente com Vítima;839,000;BR-262/MG;Oeste;Colisão Transversal;0;0;1;0;0;0;0;0;0;0;0;0;0;0;0
23/04/2022;14:50:48;362;Acidente com Vítima;504,800;BR-153/GO;Sul;Colisão Lateral;0;0;0;1;0;0;0;0;0;0;0;0;0;0;0
23/04/2022;21:57:07;509;Acidente com Danos Materiais;118,000;BR-060/GO;Norte;Colisão Lateral;1;0;0;0;0;0;0;0;0;1;2;0;0;0;0
24/04/2022;00:31:31;14;Acidente com Danos Materiais;374,000;BR-262/MG;Leste;Atropelamento de Animal;1;0;0;0;0;0;0;0;0;0;5;0;0;0;0
24/04/2022;04:01:49;38;Acidente com Danos Materiais;658,000;BR-153/GO;Sul;Tombamento;0;0;1;0;0;0;0;0;0;0;1;0;0;0;0
24/04/2022;05:52:06;48;Acidente com Danos Materiais;417,600;BR-262/MG;Leste;Capotamento;1;0;0;0;0;0;0;0;0;0;1;0;0;0;0
24/04/2022;07:22:19;56;Acidente com Vítima Fatal;114,100;BR-153/MG;Norte;Colisão Frontal;1;0;2;0;0;0;0;0;0;0;3;0;0;0;1
24/04/2022;13:39:21;161;Acidente com Danos Materiais;501,500;BR-153/GO;Sul;Capotamento;1;0;0;0;0;0;0;0;0;0;1;0;0;0;0
24/04/2022;14:38:35;182;Acidente com Vítima;502,000;BR-153/GO;Norte;Queda de Moto;0;0;0;1;0;0;0;0;0;0;0;0;0;0;0
24/04/2022;16:07:50;220;Acidente com Vítima;395,000;BR-262/MG;Leste;Colisão Frontal;0;0;0;2;0;0;0;0;0;0;0;0;1;0;0
24/04/2022;16:57:06;241;Acidente com Danos Materiais;55,000;BR-153/MG;Sul;Engavetamento;4;0;0;0;0;0;0;0;0;0;15;0;0;0;0
24/04/2022;17:06:42;245;Acidente com Danos Materiais;571,000;BR-262/MG;Leste;Colisão Traseira;1;0;1;0;0;0;0;0;0;0;2;0;0;0;0
24/04/2022;17:21:01;250;Acidente com Vítima;4,100;BR-153/MG;Norte;Tombamento;0;0;1;0;0;0;0;0;0;0;0;0;0;0;0
24/04/2022;18:55:43;279;Acidente com Vítima;97,200;BR-060/GO;Norte;Saida de Pista;1;0;0;0;0;0;0;0;0;0;0;0;0;0;0
24/04/2022;19:45:24;304;Acidente com Danos Materiais;395,000;BR-262/MG;Leste;Atropelamento de Animal;0;0;1;0;0;0;0;0;0;0;1;0;0;0;0
24/04/2022;20:09:02;311;Acidente com Danos Materiais;2,000;BR-153/MG;Norte;Colisão Traseira;2;0;0;0;0;0;0;0;0;0;2;0;0;0;0
24/04/2022;22:29:30;358;Acidente com Danos Materiais;367,000;BR-262/MG;Leste;Capotamento;1;0;0;0;0;0;0;0;0;0;1;0;0;0;0
24/04/2022;22:38:42;363;Acidente com Danos Materiais;4,000;BR-060/DF;Norte;Colisão Traseira;2;0;0;0;0;0;0;0;0;0;2;0;0;0;0
25/04/2022;00:02:25;3;Acidente com Danos Materiais;100,000;BR-060/GO;Sul;Saida de Pista;1;0;0;0;0;0;0;0;0;0;1;0;0;0;0
25/04/2022;06:31:57;79;Acidente com Danos Materiais;28,500;BR-060/GO;Sul;Capotamento;1;0;0;0;0;0;0;0;0;0;2;0;0;0;0
25/04/2022;08:39:09;122;Acidente com Danos Materiais;501,000;BR-153/GO;Sul;Colisão Traseira;1;0;0;0;1;0;0;0;0;0;2;0;0;0;0
25/04/2022;12:49:42;213;Acidente com Danos Materiais;7,000;BR-060/DF;Sul;Saida de Pista;0;0;1;0;0;0;0;0;0;0;1;0;0;0;0
25/04/2022;13:06:52;223;Acidente com Danos Materiais;68,000;BR-060/GO;Norte;Saida de Pista;1;0;0;0;0;0;0;0;0;0;4;0;0;0;0
25/04/2022;14:43:32;256;Acidente com Vítima;590,000;BR-153/GO;Sul;Colisão Traseira;0;0;2;0;0;0;0;0;0;0;2;0;1;0;0
25/04/2022;16:09:52;288;Acidente com Danos Materiais;1,500;BR-153/MG;Norte;Colisão Traseira;2;0;0;0;0;0;0;0;0;0;2;0;0;0;0
25/04/2022;17:16:04;307;Acidente com Danos Materiais;506,000;BR-153/GO;Sul;Colisão Traseira;1;0;0;0;0;0;0;0;0;0;1;0;0;0;0
25/04/2022;19:53:52;349;Acidente com Danos Materiais;4,000;BR-060/DF;Norte;Colisão Transversal;1;0;1;0;0;0;0;0;0;0;1;0;0;0;0
26/04/2022;06:19:00;62;Acidente com Danos Materiais;449,000;BR-262/MG;Leste;Queda de Moto;0;0;0;0;0;0;0;0;0;0;1;0;0;0;0
26/04/2022;06:52:00;79;Acidente com Vítima;811,000;BR-262/MG;Leste;Queda de Moto;0;0;0;1;0;0;0;0;0;0;0;0;1;0;0
26/04/2022;08:33:36;143;Acidente com Danos Materiais;502,000;BR-153/GO;Norte;Colisão Traseira;1;0;0;0;0;0;0;0;0;1;1;0;0;0;0
26/04/2022;10:19:53;230;Acidente com Danos Materiais;554,100;BR-262/MG;Oeste;Colisão Traseira;1;0;0;0;0;0;0;0;0;0;1;0;0;0;0
26/04/2022;17:30:48;442;Acidente com Vítima;101,000;BR-060/GO;Norte;Atropelamento - Ciclista;0;1;0;0;0;0;0;0;0;1;1;0;0;0;0
26/04/2022;18:08:00;464;Acidente com Danos Materiais;375,000;BR-262/MG;Oeste;Queda de Moto;0;0;0;1;0;0;0;0;0;0;1;0;0;0;0
26/04/2022;19:47:35;492;Acidente com Danos Materiais;860,000;BR-262/MG;Leste;Saida de Pista;1;0;0;0;0;0;0;0;0;0;1;0;0;0;0
26/04/2022;20:36:17;505;Acidente com Vítima;544,500;BR-262/MG;Leste;Colisão Lateral;1;0;1;0;0;0;0;0;0;0;1;0;0;0;0
27/04/2022;05:26:01;34;Acidente com Danos Materiais;6,000;BR-060/GO;Norte;Saida de Pista;1;0;0;0;0;0;0;0;0;0;1;0;0;0;0
27/04/2022;08:37:00;137;Acidente com Vítima;670,000;BR-262/MG;Leste;Engavetamento;0;0;4;0;0;0;0;0;0;0;5;0;3;0;0
27/04/2022;14:13:00;298;Acidente com Vítima;360,000;BR-262/MG;Leste;Queda de Moto;0;0;0;1;0;0;0;0;0;0;1;0;1;0;0
27/04/2022;15:16:27;333;Acidente com Vítima;360,100;BR-262/MG;Leste;Capotamento;1;0;0;0;0;0;0;0;0;0;0;0;2;0;0
27/04/2022;15:36:00;342;Acidente com Vítima;467,800;BR-262/MG;Oeste;Queda de Moto;0;0;0;1;0;0;0;0;0;0;0;0;1;0;0
27/04/2022;16:01:00;351;Acidente com Danos Materiais;500,000;BR-153/GO;Sul;Colisão Lateral;0;0;0;1;0;0;0;0;0;0;1;0;0;0;0
27/04/2022;18:18:42;400;Acidente com Vítima;481,500;BR-262/MG;Leste;Saida de Pista;0;0;0;0;0;0;0;0;0;1;0;0;0;0;0
27/04/2022;18:54:00;412;Acidente com Vítima;100,300;BR-060/GO;Sul;Atropelamento - Ciclista;0;1;0;0;0;0;0;0;0;0;0;0;1;0;0
27/04/2022;19:14:39;416;Acidente com Vítima Fatal;107,000;BR-060/GO;Sul;Atropelamento - Usuário;1;0;0;0;0;0;0;0;0;0;1;0;0;0;1
27/04/2022;19:19:56;417;Acidente com Danos Materiais;679,000;BR-262/MG;Leste;Colisão Traseira;0;0;2;0;0;0;0;0;0;0;1;0;0;0;0
28/04/2022;08:05:46;71;Acidente com Vítima Fatal;436,000;BR-262/MG;Oeste;Capotamento;1;0;0;0;0;0;0;0;0;0;0;0;0;1;1
28/04/2022;08:09:00;74;Acidente com Danos Materiais;23,000;BR-060/GO;Norte;Saida de Pista;0;0;0;0;0;0;0;0;0;1;1;0;0;0;0
28/04/2022;08:55:34;92;Acidente com Danos Materiais;442,000;BR-262/MG;Leste;Colisão Traseira;2;0;0;0;0;0;0;0;0;0;2;0;0;0;0
28/04/2022;10:15:51;146;Acidente com Danos Materiais;666,000;BR-153/GO;Sul;Capotamento;1;0;0;0;0;0;0;0;0;0;1;0;0;0;0
28/04/2022;11:19:45;162;Acidente com Danos Materiais;592,000;BR-262/MG;Leste;Tombamento;0;0;1;0;0;0;0;0;0;0;1;0;0;0;0
28/04/2022;12:20:33;187;Acidente com Danos Materiais;501,000;BR-153/GO;Sul;Colisão Traseira;2;0;0;0;0;0;0;0;0;0;2;0;0;0;0
28/04/2022;17:24:00;276;Acidente com Vítima;88,000;BR-060/GO;Norte;Colisão Traseira;2;0;0;0;0;0;0;0;0;0;0;0;2;0;0
28/04/2022;17:33:20;277;Acidente com Vítima;12,500;BR-060/GO;Sul;Colisão Traseira;0;0;1;0;0;0;0;0;0;0;0;0;1;0;0
28/04/2022;18:51:00;307;Acidente com Danos Materiais;23,000;BR-060/GO;Sul;Atropelamento de Animal;1;0;0;0;0;0;0;0;0;0;1;0;0;0;0
28/04/2022;20:30:00;339;Acidente com Danos Materiais;458,000;BR-262/MG;Oeste;Saida de Pista;1;0;0;0;0;0;0;0;0;0;2;0;0;0;0
29/04/2022;00:32:00;5;Acidente com Danos Materiais;409,000;BR-262/MG;Oeste;Capotamento;1;0;0;0;0;0;0;0;0;0;3;0;0;0;0
29/04/2022;01:00:00;9;Acidente com Vítima;372,500;BR-262/MG;Oeste;Queda de Moto;0;0;0;1;0;0;0;0;0;0;0;0;1;0;0
29/04/2022;07:34:04;83;Acidente com Vítima;3,000;BR-060/DF;Norte;Colisão Traseira;1;0;1;0;0;0;0;0;0;0;0;0;0;0;0
29/04/2022;07:57:00;95;Acidente com Vítima;16,700;BR-153/MG;Sul;Tombamento;0;0;1;0;0;0;0;0;0;0;0;0;0;0;0
29/04/2022;08:44:48;116;Acidente com Vítima;75,000;BR-060/GO;Sul;Saida de Pista;1;0;0;0;0;0;0;0;0;0;0;0;0;0;0
29/04/2022;13:09:39;228;Acidente com Danos Materiais;415,000;BR-262/MG;Oeste;Choque - Defensa;0;0;1;0;0;0;0;0;0;0;1;0;0;0;0
29/04/2022;13:51:11;242;Acidente com Danos Materiais;2,000;BR-153/MG;Norte;Colisão Traseira;2;0;0;0;0;0;0;0;0;0;2;0;0;0;0
29/04/2022;15:34:23;286;Acidente com Vítima;770,000;BR-262/MG;Leste;Tombamento;0;0;2;0;0;0;0;0;0;0;0;0;0;0;0
29/04/2022;17:22:57;360;Acidente com Danos Materiais;102,000;BR-060/GO;Norte;Colisão Traseira;1;0;0;0;0;0;0;0;0;0;1;0;0;0;0
29/04/2022;18:19:25;385;Acidente com Danos Materiais;362,000;BR-262/MG;Leste;Colisão Lateral;3;0;0;0;0;0;0;0;0;0;6;0;0;0;0
29/04/2022;19:09:50;400;Acidente com Danos Materiais;31,000;BR-060/GO;Norte;Colisão Lateral;1;0;1;0;0;0;0;0;0;0;1;0;0;0;0
29/04/2022;20:21:00;432;Acidente com Danos Materiais;506,000;BR-153/GO;Sul;Queda de Moto;1;0;0;1;0;0;0;0;0;0;1;0;0;0;0
29/04/2022;20:56:01;447;Acidente com Danos Materiais;55,300;BR-153/MG;Sul;Saida de Pista;0;0;1;0;0;0;0;0;0;0;1;0;0;0;0
29/04/2022;23:03:00;483;Acidente com Danos Materiais;495,000;BR-153/GO;Sul;Saida de Pista;1;0;0;0;0;0;0;0;0;0;1;0;0;0;0
30/04/2022;03:43:43;38;Acidente com Danos Materiais;117,000;BR-060/GO;Norte;Saida de Pista;1;0;0;0;0;0;0;0;0;0;3;0;0;0;0
30/04/2022;07:57:33;89;Acidente com Vítima;508,000;BR-153/GO;Norte;Colisão Traseira;0;0;0;1;0;0;0;0;0;0;1;0;0;0;0
30/04/2022;08:51:52;136;Acidente com Danos Materiais;362,100;BR-262/MG;Leste;Colisão Traseira;1;0;0;0;0;0;0;0;0;1;1;0;0;0;0
30/04/2022;10:19:56;211;Acidente com Danos Materiais;120,000;BR-060/GO;Sul;Queda de Moto;0;0;0;1;0;0;0;0;0;0;1;0;0;0;0
30/04/2022;10:44:33;222;Acidente com Danos Materiais;83,000;BR-153/MG;Norte;Colisão Traseira;0;0;2;0;0;0;0;0;0;0;2;0;0;0;0
30/04/2022;13:14:37;303;Acidente com Danos Materiais;28,500;BR-060/DF;Sul;Colisão Traseira;0;0;0;0;0;0;0;0;0;1;1;0;0;0;0
30/04/2022;15:23:00;347;Acidente com Danos Materiais;687,000;BR-262/MG;Oeste;Tombamento;0;0;1;0;0;0;0;0;0;0;1;0;0;0;0
30/04/2022;15:56:16;367;Acidente com Danos Materiais;504,500;BR-153/GO;Sul;Colisão Lateral;1;0;1;0;0;0;0;0;0;0;2;0;0;0;0
30/04/2022;17:08:45;400;Acidente com Danos Materiais;131,000;BR-060/GO;Norte;Choque- Poste/Equipamento;0;0;1;0;0;0;0;0;0;0;1;0;0;0;0
01/05/2022;04:03:54;29;Acidente com Danos Materiais;446,500;BR-262/MG;Leste;Colisão Lateral;0;0;0;0;1;0;0;0;0;0;1;0;0;0;0
01/05/2022;04:34:39;44;Acidente com Danos Materiais;172,000;BR-153/MG;Norte;Saida de Pista;1;0;0;0;0;0;0;0;0;0;3;0;0;0;0
01/05/2022;07:28:32;81;Acidente com Vítima Fatal;497,000;BR-153/GO;Sul;Queda de Moto;0;0;1;1;0;0;0;0;0;0;1;0;0;0;1
01/05/2022;10:14:00;162;Acidente com Vítima;360,000;BR-262/MG;Leste;Queda de Moto;0;0;0;1;0;0;0;0;0;0;0;0;0;0;0
01/05/2022;16:15:00;350;Acidente com Vítima;813,200;BR-262/MG;Oeste;Colisão Traseira;1;0;0;1;0;0;0;0;0;0;2;0;0;0;0
01/05/2022;18:10:35;428;Acidente com Vítima;811,000;BR-262/MG;Leste;Engavetamento;1;0;0;0;0;0;0;0;0;0;0;0;0;0;0
01/05/2022;18:55:01;449;Acidente com Danos Materiais;131,000;BR-060/GO;Sul;Engavetamento;3;0;0;0;0;0;0;0;0;0;3;0;0;0;0
01/05/2022;19:08:14;453;Acidente com Danos Materiais;584,000;BR-153/GO;Norte;Colisão Traseira;0;0;2;0;0;0;0;0;0;0;2;0;0;0;0
02/05/2022;04:59:00;30;Acidente com Danos Materiais;700,000;BR-153/GO;Sul;Saida de Pista;0;0;1;0;0;0;0;0;0;0;1;0;0;0;0
02/05/2022;08:25:37;69;Acidente com Danos Materiais;501,000;BR-262/MG;Leste;Colisão Traseira;2;0;0;0;0;0;0;0;0;0;6;0;0;0;0
02/05/2022;10:39:40;133;Acidente com Danos Materiais;363,500;BR-262/MG;Leste;Colisão Transversal;1;0;1;0;0;0;0;0;0;0;3;0;0;0;0
02/05/2022;14:02:33;224;Acidente com Vítima;95,000;BR-060/GO;Norte;Colisão Lateral;1;0;0;1;0;0;0;0;0;0;0;0;1;0;0
02/05/2022;14:31:55;231;Acidente com Vítima;119,000;BR-060/GO;Norte;Capotamento;1;0;0;0;0;0;0;0;0;0;0;0;0;0;0
02/05/2022;15:08:52;246;Acidente com Danos Materiais;654,000;BR-262/MG;Leste;Tombamento;0;0;1;0;0;0;0;0;0;0;2;0;0;0;0
02/05/2022;15:35:00;256;Acidente com Vítima;495,000;BR-153/GO;Norte;Queda de Moto;0;0;0;1;0;0;0;0;0;0;0;0;0;0;0
02/05/2022;18:04:50;311;Acidente com Vítima;491,500;BR-262/MG;Leste;Colisão Frontal;0;0;1;1;0;0;0;0;0;0;1;0;0;2;0
02/05/2022;18:27:41;322;Acidente com Danos Materiais;97,000;BR-060/GO;Sul;Colisão Traseira;2;0;1;0;0;0;0;0;0;0;3;0;0;0;0
02/05/2022;19:23:00;336;Acidente com Vítima;506,700;BR-153/GO;Norte;Saida de Pista;1;0;0;0;0;0;0;0;0;0;1;0;1;0;0
02/05/2022;19:54:10;347;Acidente com Danos Materiais;68,000;BR-060/GO;Norte;Choque- Placa/Suporte Sinalização;1;0;0;0;0;0;0;0;0;0;1;0;0;0;0
02/05/2022;21:35:01;374;Acidente com Danos Materiais;514,000;BR-153/GO;Norte;Colisão Traseira;2;0;0;0;0;0;0;0;0;0;2;0;0;0;0
03/05/2022;05:03:00;50;Acidente com Danos Materiais;137,700;BR-060/GO;Norte;Saida de Pista;0;0;1;0;0;0;0;0;0;0;1;0;0;0;0
03/05/2022;06:20:55;60;Acidente com Danos Materiais;93,000;BR-060/GO;Norte;Choque - Barreira;1;0;0;0;0;0;0;0;0;0;1;0;0;0;0
03/05/2022;08:37:00;100;Acidente com Danos Materiais;780,300;BR-262/MG;Leste;Saida de Pista;1;0;0;0;0;0;0;0;0;0;3;0;0;0;0
03/05/2022;09:23:00;118;Acidente com Vítima;554,500;BR-262/MG;Oeste;Tombamento;0;0;1;0;0;0;0;0;0;0;0;0;0;1;0
03/05/2022;17:57:00;302;Acidente com Vítima;100,000;BR-060/GO;Norte;Colisão Lateral;0;1;0;1;0;0;0;0;0;0;0;0;0;0;0
03/05/2022;19:17:00;330;Acidente com Vítima;136,000;BR-060/GO;Sul;Atropelamento - Andarilho;0;0;0;0;0;0;0;0;0;1;1;0;0;0;0
04/05/2022;06:50:00;79;Acidente com Danos Materiais;803,000;BR-262/MG;Oeste;Colisão Lateral;1;0;0;0;0;0;0;0;0;0;2;0;0;0;0
04/05/2022;07:47:00;118;Acidente com Danos Materiais;500,000;BR-153/GO;Sul;Colisão Traseira;1;0;0;1;0;0;0;0;0;0;1;0;0;0;0
04/05/2022;09:06:35;159;Acidente com Danos Materiais;498,000;BR-153/GO;Sul;Colisão Traseira;2;0;0;0;0;0;0;0;0;0;1;0;0;0;0
04/05/2022;14:11:00;295;Acidente com Vítima;456,000;BR-262/MG;Oeste;Engavetamento;2;0;1;0;0;0;0;0;0;0;2;0;0;0;0
04/05/2022;16:57:34;365;Acidente com Vítima;386,100;BR-262/MG;Leste;Capotamento;0;0;0;0;0;0;0;0;0;1;1;0;1;0;0
04/05/2022;17:21:48;373;Acidente com Danos Materiais;499,000;BR-153/GO;Sul;Colisão Traseira;1;0;0;0;0;0;0;0;0;1;1;0;0;0;0
04/05/2022;18:33:00;403;Acidente com Danos Materiais;358,000;BR-262/MG;Oeste;Saida de Pista;1;0;0;0;0;0;0;0;0;0;2;0;0;0;0
05/05/2022;05:20:13;56;Acidente com Vítima Fatal;139,000;BR-153/MG;Sul;Colisão Lateral;0;0;1;0;0;0;0;0;0;0;5;0;0;0;1
05/05/2022;07:50:00;99;Acidente com Danos Materiais;401,000;BR-262/MG;Leste;Choque - Barreira;1;0;0;0;0;0;0;0;0;0;1;0;0;0;0
05/05/2022;07:53:02;101;Acidente com Danos Materiais;382,000;BR-262/MG;Leste;Choque - Elemento de Drenagem;1;0;0;0;0;0;0;0;0;0;1;0;0;0;0
05/05/2022;08:01:03;107;Acidente com Danos Materiais;381,100;BR-262/MG;Oeste;Saida de Pista;1;0;0;0;0;0;0;0;0;0;1;0;0;0;0
05/05/2022;09:41:00;159;Acidente com Vítima;509,500;BR-153/GO;Norte;Queda de Moto;0;0;0;1;0;0;0;0;0;0;0;0;1;0;0
05/05/2022;09:58:26;172;Acidente com Danos Materiais;508,000;BR-153/GO;Sul;Colisão Lateral;0;0;1;0;0;0;0;0;0;1;1;0;0;0;0
05/05/2022;10:11:04;177;Acidente com Danos Materiais;382,100;BR-262/MG;Leste;Choque - Barreira;1;0;0;0;0;0;0;0;0;0;1;0;0;0;0
05/05/2022;13:21:36;280;Acidente com Vítima;94,500;BR-060/GO;Sul;Capotamento;1;0;0;0;0;0;0;0;0;0;0;0;0;0;0
05/05/2022;18:46:37;410;Acidente com Vítima;422,000;BR-262/MG;Oeste;Saida de Pista;1;0;0;0;0;0;0;0;0;0;1;0;1;0;0
05/05/2022;21:33:00;450;Acidente com Danos Materiais;122,000;BR-060/GO;Norte;Capotamento;1;0;0;0;0;0;0;0;0;0;3;0;0;0;0
05/05/2022;22:27:17;462;Acidente com Vítima;507,000;BR-153/GO;Sul;Colisão Traseira;0;0;1;1;0;0;0;0;0;0;1;0;1;0;0
06/05/2022;00:23:33;4;Acidente com Danos Materiais;103,000;BR-060/GO;Sul;Capotamento;1;0;0;0;0;0;0;0;0;0;1;0;0;0;0
06/05/2022;06:19:28;61;Acidente com Danos Materiais;815,000;BR-262/MG;Leste;Colisão Lateral;1;0;1;0;0;0;0;0;0;0;2;0;0;0;0
06/05/2022;06:29:54;66;Acidente com Danos Materiais;93,000;BR-060/GO;Norte;Colisão Traseira;0;0;2;0;0;0;0;0;0;0;1;0;0;0;0
06/05/2022;06:41:00;68;Acidente com Vítima;870,000;BR-262/MG;Oeste;Tombamento;0;0;1;0;0;0;0;0;0;0;0;0;1;0;0
06/05/2022;07:41:26;90;Acidente com Danos Materiais;533,000;BR-262/MG;Leste;Tombamento;0;0;2;0;0;0;0;0;0;0;1;0;0;0;0
06/05/2022;10:03:00;158;Acidente com Vítima;698,000;BR-153/GO;Sul;Saida de Pista;0;0;1;0;0;0;0;0;0;0;0;0;1;0;0
06/05/2022;11:35:00;203;Acidente com Danos Materiais;8,000;BR-060/GO;Norte;Choque- Placa/Suporte Sinalização;1;0;0;0;0;0;0;0;0;0;1;0;0;0;0
06/05/2022;14:04:04;249;Acidente com Danos Materiais;17,100;BR-153/MG;Norte;Saida de Pista;0;0;1;0;0;0;0;0;0;0;1;0;0;0;0
06/05/2022;14:13:43;255;Acidente com Danos Materiais;46,100;BR-153/MG;Norte;Colisão Lateral;0;0;2;0;0;0;0;0;0;0;2;0;0;0;0
06/05/2022;15:56:26;286;Acidente com Danos Materiais;847,000;BR-262/MG;Oeste;Choque - Veiculo parado na pista;0;0;0;0;0;0;0;0;0;1;4;0;0;0;0
06/05/2022;16:04:00;289;Acidente com Danos Materiais;72,000;BR-060/GO;Sul;Saida de Pista;1;0;0;0;0;0;0;0;0;0;1;0;0;0;0
06/05/2022;21:17:00;382;Acidente com Vítima;10,000;BR-060/GO;Sul;Saida de Pista;1;0;0;0;0;0;0;0;0;0;0;0;0;0;0
07/05/2022;05:33:00;49;Acidente com Danos Materiais;535,000;BR-262/MG;Oeste;Capotamento;1;0;0;0;0;0;0;0;0;0;3;0;0;0;0
07/05/2022;09:45:28;122;Acidente com Vítima;509,000;BR-153/GO;Sul;Queda de Moto;0;0;0;1;0;0;0;0;0;0;0;0;0;0;1
07/05/2022;09:54:58;125;Acidente com Danos Materiais;509,000;BR-153/GO;Sul;Colisão Lateral;1;0;1;0;0;0;0;0;0;0;1;0;0;0;0
07/05/2022;12:45:00;192;Acidente com Danos Materiais;439,300;BR-262/MG;Oeste;Saida de Pista;1;0;0;0;0;0;0;0;0;0;1;0;0;0;0
07/05/2022;16:42:18;275;Acidente com Danos Materiais;117,000;BR-060/GO;Norte;Carreta deu L;0;0;2;0;0;0;0;0;0;0;2;0;0;0;0
07/05/2022;16:58:00;280;Acidente com Danos Materiais;354,000;BR-262/MG;Oeste;Capotamento;1;0;0;0;0;0;0;0;0;0;4;0;0;0;0
07/05/2022;22:28:00;368;Acidente com Danos Materiais;361,000;BR-262/MG;Oeste;Saida de Pista;1;0;0;0;0;0;0;0;0;0;2;0;0;0;0
07/05/2022;23:44:03;381;Acidente com Vítima;42,000;BR-060/GO;Norte;Saida de Pista;1;0;0;0;0;0;0;0;0;0;0;0;1;0;0
08/05/2022;06:48:00;69;Acidente com Vítima;361,000;BR-262/MG;Leste;Capotamento;1;0;0;0;0;0;0;0;0;0;0;0;0;0;0
08/05/2022;08:18:26;97;Acidente com Vítima;354,100;BR-262/MG;Leste;Queda de Moto;0;0;0;1;0;0;0;0;0;0;1;0;0;0;0
08/05/2022;09:05:52;109;Acidente com Vítima Fatal;509,800;BR-153/GO;Sul;Choque - Defensa;0;0;0;1;0;0;0;0;0;0;0;0;1;0;1
08/05/2022;16:16:13;266;Acidente com Vítima;101,000;BR-060/GO;Sul;Colisão Traseira;1;0;0;1;0;0;0;0;0;0;2;0;1;0;0
08/05/2022;16:48:00;280;Acidente com Vítima;536,000;BR-153/GO;Norte;Capotamento;1;0;0;0;0;0;0;0;0;0;3;0;0;0;0
08/05/2022;17:16:00;296;Acidente com Danos Materiais;766,000;BR-262/MG;Leste;Saida de Pista;1;0;0;0;0;0;0;0;0;0;1;0;0;0;0
08/05/2022;18:18:28;317;Acidente com Vítima;388,000;BR-262/MG;Leste;Queda de Moto;0;0;0;1;0;0;0;0;0;0;0;0;0;0;0
09/05/2022;00:44:32;11;Acidente com Vítima;388,000;BR-262/MG;Leste;Queda de Moto;0;0;0;1;0;0;0;0;0;0;0;0;0;0;0
09/05/2022;02:05:09;26;Acidente com Danos Materiais;366,000;BR-262/MG;Leste;Atropelamento de Animal;0;0;1;0;0;0;0;0;0;0;1;0;0;0;0
09/05/2022;02:11:09;28;Acidente com Vítima;514,000;BR-153/GO;Sul;Atropelamento - Usuário;1;0;0;0;0;0;0;0;0;0;1;0;0;1;0
09/05/2022;05:19:00;37;Acidente com Vítima;361,400;BR-262/MG;Leste;Queda de Moto;0;0;0;1;0;0;0;0;0;0;0;0;0;0;0
09/05/2022;06:25:31;52;Acidente com Vítima;570,200;BR-262/MG;Oeste;Tombamento;0;0;1;0;0;0;0;0;0;0;0;0;0;0;0
09/05/2022;08:18:39;107;Acidente com Danos Materiais;510,000;BR-153/GO;Norte;Choque - Defensa;1;0;0;0;0;0;0;0;0;0;1;0;0;0;0
09/05/2022;08:43:00;125;Acidente com Danos Materiais;544,000;BR-262/MG;Oeste;Colisão Lateral;2;0;0;0;0;0;0;0;0;0;2;0;0;0;0
09/05/2022;11:23:50;220;Acidente com Danos Materiais;481,100;BR-262/MG;Leste;Colisão Traseira;1;0;0;0;0;0;0;0;0;1;2;0;0;0;0
09/05/2022;13:34:41;284;Acidente com Vítima;642,500;BR-153/GO;Sul;Capotamento;1;0;0;0;0;0;0;0;0;0;0;0;0;0;0
09/05/2022;14:13:44;304;Acidente com Danos Materiais;530,000;BR-153/GO;Norte;Choque - Elemento de Drenagem;1;0;0;0;0;0;0;0;0;0;1;0;0;0;0
09/05/2022;15:00:21;325;Acidente com Danos Materiais;559,000;BR-153/GO;Sul;Saida de Pista;1;0;0;0;0;0;0;0;0;0;1;0;0;0;0
09/05/2022;15:17:33;332;Acidente com Danos Materiais;508,000;BR-153/GO;Norte;Colisão Traseira;2;0;0;0;0;0;0;0;0;0;1;0;0;0;0
09/05/2022;15:47:00;343;Acidente com Danos Materiais;4,000;BR-153/MG;Sul;Saida de Pista;0;0;1;0;0;0;0;0;0;0;2;0;0;0;0
09/05/2022;17:42:31;385;Acidente com Danos Materiais;760,100;BR-262/MG;Oeste;Capotamento;0;0;0;0;0;0;0;0;0;1;2;0;0;0;0
09/05/2022;18:08:33;394;Acidente com Vítima;900,000;BR-262/MG;Leste;Tombamento;0;0;1;0;0;0;0;0;0;0;0;0;0;0;0
09/05/2022;20:09:43;429;Acidente com Danos Materiais;508,000;BR-153/GO;Sul;Colisão Traseira;1;0;0;1;0;0;0;0;0;0;3;0;0;0;0
10/05/2022;06:05:00;38;Acidente com Vítima;553,300;BR-262/MG;Leste;Colisão Transversal;0;0;3;0;0;0;0;0;0;0;1;0;0;0;0
10/05/2022;07:06:00;52;Acidente com Vítima;101,000;BR-060/GO;Norte;Atropelamento - Andarilho;1;0;0;0;0;0;0;0;0;0;0;0;0;0;0
10/05/2022;08:36:00;81;Acidente com Danos Materiais;508,000;BR-262/MG;Leste;Colisão Transversal;1;0;0;0;0;0;0;0;0;0;1;0;0;0;0
10/05/2022;08:50:43;85;Acidente com Vítima;514,000;BR-153/GO;Sul;Colisão Lateral;1;0;0;1;0;0;0;0;0;0;0;0;0;0;0