data;horario;n_da_ocorrencia;tipo_de_ocorrencia;km;trecho;sentido;tipo_de_acidente;automovel;bicicleta;caminhao;moto;onibus;outros;tracao_animal;transporte_de_cargas_especiais;trator_maquinas;utilitarios;ilesos;levemente_feridos;moderadamente_feridos;gravemente_feridos;mortos
10/05/2022;14:26:00;212;Acidente com Vítima;58,300;BR-060/GO;Norte;Capotamento;1;0;0;0;0;0;0;0;0;0;0;0;0;0;0
10/05/2022;15:58:38;247;Acidente com Vítima;431,200;BR-262/MG;Leste;Capotamento;0;0;0;0;0;0;0;0;0;1;0;0;0;0;0
10/05/2022;17:24:00;271;Acidente com Vítima;113,000;BR-060/GO;Sul;Colisão Traseira;1;0;0;1;0;0;0;0;0;0;1;0;0;1;0
10/05/2022;20:25:00;342;Acidente com Vítima;371,500;BR-262/MG;Leste;Colisão Traseira;0;0;1;0;0;0;0;0;0;0;0;0;0;0;0
10/05/2022;23:08:00;378;Acidente com Danos Materiais;716,500;BR-262/MG;Oeste;Choque - Objeto sobre a pista;1;0;0;0;0;0;0;0;0;0;2;0;0;0;0
11/05/2022;01:25:00;14;Acidente com Vítima;612,000;BR-153/GO;Norte;Tombamento;0;0;1;0;0;0;0;0;0;0;1;0;0;0;0
11/05/2022;04:40:54;43;Acidente com Danos Materiais;466,000;BR-262/MG;Leste;Saida de Pista;1;0;0;0;0;0;0;0;0;0;1;0;0;0;0
11/05/2022;08:37:00;89;Acidente com Danos Materiais;615,000;BR-262/MG;Leste;Saida de Pista;1;0;0;0;0;0;0;0;0;0;1;0;0;0;0
11/05/2022;08:49:54;94;Acidente com Danos Materiais;59,000;BR-153/MG;Norte;Colisão Traseira;2;0;0;0;0;0;0;0;0;0;2;0;0;0;0
11/05/2022;12:05:13;170;Acidente com Danos Materiais;551,200;BR-262/MG;Leste;Tombamento;0;0;1;0;0;0;0;0;0;0;1;0;0;0;0
11/05/2022;13:55:07;213;Acidente com Danos Materiais;598,100;BR-262/MG;Leste;Choque - Cabine de Pedágio;0;0;1;0;0;0;0;0;0;0;1;0;0;0;0
11/05/2022;14:44:08;234;Acidente com Vítima;438,000;BR-262/MG;Leste;Capotamento;1;0;0;0;0;0;0;0;0;0;0;0;1;0;0
11/05/2022;15:25:34;246;Acidente com Vítima;438,200;BR-262/MG;Leste;Colisão Traseira;1;0;0;1;0;0;0;0;0;0;1;0;0;1;0
11/05/2022;15:36:16;248;Acidente com Danos Materiais;825,100;BR-262/MG;Oeste;Saida de Pista;0;0;1;0;0;0;0;0;0;0;1;0;0;0;0
11/05/2022;16:43:09;260;Acidente com Danos Materiais;536,000;BR-153/GO;Sul;Saida de Pista;1;0;0;0;0;0;0;0;0;0;1;0;0;0;0
11/05/2022;17:28:30;274;Acidente com Danos Materiais;498,000;BR-153/GO;Sul;Carreta deu L;0;0;1;0;0;0;0;0;0;1;1;0;0;0;0
11/05/2022;18:59:47;304;Acidente com Vítima;14,000;BR-153/MG;Norte;Colisão Traseira;0;0;1;0;1;0;0;0;0;0;0;0;1;0;0
12/05/2022;04:43:41;57;Acidente com Vítima;75,600;BR-153/MG;Norte;Tombamento;0;0;1;0;0;0;0;0;0;0;0;0;0;0;0
12/05/2022;08:21:45;133;Acidente com Danos Materiais;500,000;BR-153/GO;Norte;Colisão Traseira;1;0;1;0;0;0;0;0;0;0;1;0;0;0;0
12/05/2022;11:16:00;226;Acidente com Danos Materiais;190,000;BR-153/MG;Norte;Colisão Lateral;0;0;3;0;0;0;0;0;0;0;4;0;0;0;0
12/05/2022;22:06:13;485;Acidente com Vítima;363,500;BR-262/MG;Oeste;Queda de Moto;0;0;0;1;0;0;0;0;0;0;0;0;0;0;0
13/05/2022;05:24:00;47;Acidente com Danos Materiais;69,200;BR-060/GO;Sul;Atropelamento de Animal;0;0;1;0;0;0;0;0;0;0;1;0;0;0;0
13/05/2022;05:29:46;48;Acidente com Danos Materiais;790,000;BR-262/MG;Oeste;Colisão Traseira;2;0;0;0;0;0;0;0;0;0;3;0;0;0;0
13/05/2022;06:08:33;53;Acidente com Vítima;804,100;BR-262/MG;Leste;Queda de Moto;0;0;0;0;0;0;0;0;0;0;0;0;0;0;0
13/05/2022;08:00:48;107;Acidente com Danos Materiais;32,200;BR-153/MG;Sul;Saida de Pista;1;0;0;0;0;0;0;0;0;0;2;0;0;0;0
13/05/2022;08:20:00;123;Acidente com Vítima;507,000;BR-153/GO;Norte;Atropelamento - Morador/Trabalhador;0;0;0;0;0;0;0;0;0;0;1;0;0;0;0
13/05/2022;08:44:22;138;Acidente com Danos Materiais;509,000;BR-153/GO;Norte;Colisão Lateral;0;0;1;1;0;0;0;0;0;0;2;0;0;0;0
13/05/2022;11:25:00;238;Acidente com Danos Materiais;457,000;BR-262/MG;Leste;Engavetamento;0;0;1;0;0;0;0;0;0;2;3;0;0;0;0
13/05/2022;14:45:00;356;Acidente com Vítima;610,000;BR-262/MG;Leste;Colisão Traseira;1;0;0;0;0;0;0;0;0;1;4;0;1;0;0
13/05/2022;15:13:48;368;Acidente com Vítima;554,000;BR-262/MG;Leste;Tombamento;0;0;2;0;0;0;0;0;0;0;1;0;0;0;0
13/05/2022;15:24:00;380;Acidente com Danos Materiais;60,000;BR-153/MG;Norte;Saida de Pista;0;0;1;0;0;0;0;0;0;0;1;0;0;0;0
13/05/2022;16:00:00;399;Acidente com Danos Materiais;804,000;BR-262/MG;Leste;Colisão Lateral;1;0;1;0;0;0;0;0;0;0;4;0;0;0;0
13/05/2022;16:54:59;419;Acidente com Danos Materiais;422,000;BR-262/MG;Leste;Colisão Transversal;2;0;0;0;0;0;0;0;0;0;2;0;0;0;0
13/05/2022;18:27:00;455;Acidente com Danos Materiais;144,000;BR-153/MG;Norte;Saida de Pista;0;0;1;0;0;0;0;0;0;0;2;0;0;0;0
13/05/2022;18:49:15;464;Acidente com Vítima Fatal;545,000;BR-262/MG;Leste;Tombamento;0;0;1;0;0;0;0;0;0;0;0;0;0;0;1
13/05/2022;20:23:00;489;Acidente com Danos Materiais;507,000;BR-153/GO;Sul;Colisão Traseira;1;0;1;0;0;0;0;0;0;0;2;0;0;0;0
14/05/2022;07:18:43;75;Acidente com Danos Materiais;437,200;BR-262/MG;Leste;Colisão Transversal;1;0;0;1;0;0;0;0;0;0;2;0;0;0;0
14/05/2022;10:07:43;145;Acidente com Danos Materiais;611,500;BR-262/MG;Leste;Saida de Pista;1;0;0;0;0;0;0;0;0;0;1;0;0;0;0
14/05/2022;11:42:45;297;Acidente com Danos Materiais;90,000;BR-060/GO;Norte;Colisão Traseira;2;0;0;0;0;0;0;0;0;0;2;0;0;0;0
14/05/2022;12:53:00;201;Acidente com Danos Materiais;512,000;BR-153/GO;Norte;Queda de Moto;0;0;0;1;0;0;0;0;0;0;1;0;0;0;0
14/05/2022;15:49:17;262;Acidente com Danos Materiais;121,000;BR-060/GO;Norte;Saida de Pista;0;0;0;0;0;0;0;0;0;1;1;0;0;0;0
14/05/2022;20:09:47;365;Acidente com Vítima Fatal;10,000;BR-060/DF;Sul;Atropelamento - Andarilho;1;0;0;0;0;0;0;0;0;0;5;0;0;0;1
15/05/2022;06:29:00;58;Acidente com Vítima;703,000;BR-153/GO;Sul;Colisão Frontal;0;0;1;0;0;0;0;0;0;0;1;0;0;0;0
15/05/2022;07:49:25;75;Acidente com Danos Materiais;570,250;BR-262/MG;Leste;Saida de Pista;1;0;0;0;0;0;0;0;0;0;1;0;0;0;0
15/05/2022;09:06:14;92;Acidente com Danos Materiais;100,000;BR-060/GO;Norte;Saida de Pista;1;0;0;0;1;0;0;0;0;0;2;0;0;0;0
15/05/2022;11:27:54;133;Acidente com Danos Materiais;549,100;BR-262/MG;Leste;Choque - Barreira;1;0;0;0;0;0;0;0;0;0;1;0;0;0;0
15/05/2022;11:51:07;138;Acidente com Vítima;555,200;BR-262/MG;Leste;Capotamento;1;0;0;0;0;0;0;0;0;0;1;0;0;0;0
15/05/2022;12:18:00;143;Acidente com Danos Materiais;385,000;BR-262/MG;Oeste;Saida de Pista;1;0;0;0;0;0;0;0;0;0;2;0;0;0;0
15/05/2022;13:39:35;161;Acidente com Danos Materiais;380,200;BR-262/MG;Leste;Saida de Pista;1;0;0;0;0;0;0;0;0;0;2;0;0;0;0
15/05/2022;15:23:00;188;Acidente com Vítima;122,000;BR-060/GO;Norte;Queda de Moto;0;0;0;1;0;0;0;0;0;0;0;0;0;0;0
15/05/2022;15:37:00;196;Acidente com Vítima;608,000;BR-262/MG;Oeste;Capotamento;1;0;0;0;0;0;0;0;0;0;0;0;0;0;0
15/05/2022;16:21:10;211;Acidente com Danos Materiais;547,200;BR-262/MG;Leste;Choque - Barreira;1;0;0;0;0;0;0;0;0;0;2;0;0;0;0
15/05/2022;21:00:00;316;Acidente com Danos Materiais;42,000;BR-153/MG;Sul;Saida de Pista;0;0;0;0;0;0;0;0;0;1;1;0;0;0;0
16/05/2022;03:35:04;47;Acidente com Vítima;115,000;BR-060/GO;Norte;Saida de Pista;1;0;0;0;0;0;0;0;0;0;0;0;1;0;0
16/05/2022;06:30:15;75;Acidente com Danos Materiais;509,000;BR-153/GO;Norte;Colisão Traseira;2;0;0;0;0;0;0;0;0;0;1;0;0;0;0
16/05/2022;07:26:38;95;Acidente com Danos Materiais;385,000;BR-262/MG;Leste;Capotamento;1;0;0;0;0;0;0;0;0;0;1;0;0;0;0
16/05/2022;09:23:23;156;Acidente com Vítima;381,000;BR-262/MG;Leste;Capotamento;1;0;0;0;0;0;0;0;0;0;2;0;0;0;0
16/05/2022;11:12:30;210;Acidente com Vítima;56,000;BR-060/GO;Sul;Choque - Talude;1;0;0;0;0;0;0;0;0;0;0;0;0;0;0
16/05/2022;13:30:26;278;Acidente com Danos Materiais;742,100;BR-262/MG;Oeste;Colisão Lateral;0;0;3;0;0;0;0;0;0;0;3;0;0;0;0
16/05/2022;17:00:06;382;Acidente com Danos Materiais;420,100;BR-262/MG;Leste;Saida de Pista;1;0;0;0;0;0;0;0;0;0;1;0;0;0;0
16/05/2022;17:16:29;391;Acidente com Danos Materiais;140,000;BR-153/MG;Norte;Colisão Traseira;1;0;1;0;0;0;0;0;0;0;4;0;0;0;0
16/05/2022;21:52:10;493;Acidente com Danos Materiais;463,000;BR-262/MG;Leste;Colisão Traseira;1;0;1;0;0;0;0;0;0;0;2;0;0;0;0
17/05/2022;05:35:18;55;Acidente com Danos Materiais;517,000;BR-153/GO;Sul;Tombamento;0;0;1;0;0;0;0;0;0;0;1;0;0;0;0
17/05/2022;05:48:18;57;Acidente com Danos Materiais;517,000;BR-153/GO;Sul;Saida de Pista;1;0;0;0;0;0;0;0;0;0;1;0;0;0;0
17/05/2022;06:54:32;76;Acidente com Danos Materiais;3,000;BR-060/DF;Norte;Colisão Traseira;2;0;0;0;0;0;0;0;0;0;1;0;0;0;0
17/05/2022;09:14:21;151;Acidente com Vítima;496,000;BR-153/GO;Norte;Queda de Moto;0;0;0;1;0;0;0;0;0;0;0;0;1;0;0
17/05/2022;09:26:25;156;Acidente com Vítima;100,000;BR-060/GO;Sul;Choque- Poste/Equipamento;0;0;0;1;0;0;0;0;0;0;0;0;1;0;0
17/05/2022;15:27:00;310;Acidente com Danos Materiais;757,000;BR-262/MG;Oeste;Colisão Traseira;2;0;0;0;0;0;0;0;0;0;3;0;0;0;0
17/05/2022;16:12:29;335;Acidente com Danos Materiais;472,000;BR-262/MG;Oeste;Colisão Lateral;1;0;1;0;0;0;0;0;0;0;2;0;0;0;0
17/05/2022;16:30:00;345;Acidente com Danos Materiais;2,700;BR-060/DF;Sul;Tombamento;0;0;1;0;0;0;0;0;0;0;1;0;0;0;0
17/05/2022;17:17:52;370;Acidente com Danos Materiais;685,000;BR-153/GO;Norte;Colisão Traseira;0;0;2;0;0;0;0;0;0;0;3;0;0;0;0
17/05/2022;17:51:14;395;Acidente com Vítima;786,000;BR-262/MG;Leste;Queda de Moto;0;0;0;1;0;0;0;0;0;0;0;0;0;0;0
17/05/2022;18:10:43;403;Acidente com Vítima;445,100;BR-262/MG;Leste;Colisão Lateral;0;0;0;2;0;0;0;0;0;0;0;0;1;0;0
17/05/2022;19:23:41;426;Acidente com Danos Materiais;225,900;BR-153/MG;Norte;Choque- Poste/Equipamento;0;0;1;0;0;0;0;0;0;0;1;0;0;0;0
17/05/2022;19:30:31;429;Acidente com Danos Materiais;388,555;BR-262/MG;Leste;Tombamento;0;0;1;0;0;0;0;0;0;0;1;0;0;0;0
17/05/2022;23:28:12;483;Acidente com Danos Materiais;387,500;BR-262/MG;Leste;Colisão Traseira;1;0;0;0;0;0;0;0;0;0;1;0;0;0;0
18/05/2022;07:34:00;96;Acidente com Vítima;497,000;BR-153/GO;Sul;Queda de Moto;0;0;0;1;0;0;0;0;0;0;1;0;0;0;0
18/05/2022;07:39:00;98;Acidente com Danos Materiais;495,000;BR-153/GO;Sul;Colisão Traseira;1;0;0;0;0;0;0;0;0;0;1;0;0;0;0
18/05/2022;11:21:04;202;Acidente com Danos Materiais;412,419;BR-262/MG;Leste;Saida de Pista;0;0;1;0;0;0;0;0;0;0;1;0;0;0;0
18/05/2022;18:40:00;379;Acidente com Vítima;354,000;BR-262/MG;Oeste;Queda de Moto;0;0;0;1;0;0;0;0;0;0;0;0;1;0;0
18/05/2022;18:40:00;380;Acidente com Vítima;501,000;BR-153/GO;Sul;Queda de Moto;0;0;0;1;0;0;0;0;0;0;0;0;0;0;0
18/05/2022;18:55:53;389;Acidente com Danos Materiais;110,000;BR-153/MG;Sul;Colisão Lateral;0;0;1;0;0;0;0;0;0;1;2;0;0;0;0
18/05/2022;20:39:16;446;Acidente com Vítima;356,000;BR-262/MG;Oeste;Atropelamento - Andarilho;0;0;0;1;0;0;0;0;0;0;1;0;0;1;0
18/05/2022;23:50:00;511;Acidente com Danos Materiais;372,000;BR-262/MG;Leste;Atropelamento de Animal;1;0;0;0;0;0;0;0;0;0;1;0;0;0;0
18/05/2022;23:56:13;515;Acidente com Danos Materiais;580,000;BR-262/MG;Leste;Tombamento;0;0;1;0;0;0;0;0;0;0;1;0;0;0;0
19/05/2022;07:46:27;108;Acidente com Danos Materiais;100,000;BR-060/GO;Sul;Engavetamento;4;0;0;0;0;0;0;0;0;0;4;0;0;0;0
19/05/2022;10:19:13;177;Acidente com Danos Materiais;367,200;BR-262/MG;Leste;Colisão Lateral;1;0;0;1;0;0;0;0;0;0;2;0;0;0;0
19/05/2022;12:44:56;232;Acidente com Vítima;445,100;BR-262/MG;Leste;Colisão Traseira;1;0;0;1;0;0;0;0;0;0;2;0;1;0;0
19/05/2022;13:05:22;246;Acidente com Danos Materiais;97,000;BR-060/GO;Norte;Colisão Lateral;1;0;1;0;0;0;0;0;0;0;2;0;0;0;0
19/05/2022;14:01:00;268;Acidente com Danos Materiais;48,000;BR-060/GO;Norte;Saida de Pista;1;0;0;0;0;0;0;0;0;0;1;0;0;0;0
19/05/2022;14:27:00;279;Acidente com Danos Materiais;369,000;BR-262/MG;Oeste;Choque - Defensa;0;0;1;0;0;0;0;0;0;0;1;0;0;0;0
19/05/2022;16:49:12;340;Acidente com Danos Materiais;501,000;BR-153/GO;Norte;Tombamento;0;0;1;0;0;0;0;0;0;0;1;0;0;0;0
19/05/2022;17:38:59;364;Acidente com Danos Materiais;158,100;BR-153/MG;Norte;Colisão Traseira;0;0;0;0;0;0;0;0;0;0;2;0;0;0;0
19/05/2022;21:16:08;473;Acidente com Danos Materiais;780,500;BR-262/MG;Oeste;Atropelamento de Animal;1;0;0;0;0;0;0;0;0;0;1;0;0;0;0
19/05/2022;23:22:36;529;Acidente com Danos Materiais;882,500;BR-262/MG;Leste;Saida de Pista;2;0;0;0;0;0;0;0;0;0;2;0;0;0;0
20/05/2022;06:19:00;133;Acidente com Vítima;439,000;BR-262/MG;Oeste;Engavetamento;1;0;1;2;1;0;0;0;0;0;3;0;1;0;0
20/05/2022;07:08:00;156;Acidente com Vítima;368,000;BR-262/MG;Leste;Queda de Moto;0;0;0;1;0;0;0;0;0;0;0;0;0;0;0
20/05/2022;07:35:00;167;Acidente com Danos Materiais;56,000;BR-153/MG;Norte;Saida de Pista;1;0;0;0;0;0;0;0;0;0;1;0;0;0;0
20/05/2022;07:50:01;173;Acidente com Danos Materiais;20,000;BR-060/GO;Norte;Colisão Traseira;0;0;2;0;0;0;0;0;0;0;1;0;0;0;0
20/05/2022;09:39:00;259;Acidente com Vítima;101,000;BR-060/GO;Norte;Queda de Moto;1;0;0;1;0;0;0;0;0;0;1;0;1;0;0
20/05/2022;10:02:34;270;Acidente com Danos Materiais;553,000;BR-153/GO;Sul;Colisão Traseira;0;0;2;0;0;0;0;0;0;0;1;0;0;0;0
20/05/2022;13:28:00;375;Acidente com Vítima;96,500;BR-060/GO;Norte;Saida de Pista;1;0;0;0;0;0;0;0;0;0;0;0;0;0;0
20/05/2022;14:51:22;412;Acidente com Danos Materiais;470,100;BR-262/MG;Leste;Colisão Traseira;2;0;0;0;0;0;0;0;0;0;2;0;0;0;0
20/05/2022;15:48:45;446;Acidente com Danos Materiais;175,000;BR-153/MG;Norte;Saida de Pista;2;0;0;0;0;0;0;0;0;0;4;0;0;0;0
20/05/2022;17:13:45;492;Acidente com Danos Materiais;500,300;BR-153/GO;Sul;Engavetamento;2;0;1;0;0;0;0;0;0;0;3;0;0;0;0
20/05/2022;17:27:43;509;Acidente com Danos Materiais;101,000;BR-060/GO;Sul;Tombamento;0;0;1;0;0;0;0;0;0;0;2;0;0;0;0
20/05/2022;18:03:58;537;Acidente com Vítima;368,100;BR-262/MG;Leste;Colisão Traseira;0;0;0;1;0;0;0;0;0;1;2;0;0;0;0
20/05/2022;19:41:07;569;Acidente com Danos Materiais;803,000;BR-262/MG;Oeste;Capotamento;1;0;0;0;0;1;0;0;0;0;4;0;0;0;0
20/05/2022;21:04:00;589;Acidente com Danos Materiais;417,519;BR-262/MG;Leste;Colisão Traseira;1;0;0;0;0;0;0;0;0;1;5;0;0;0;0
20/05/2022;23:43:00;637;Acidente com Danos Materiais;98,000;BR-060/GO;Sul;Choque - Defensa;1;0;0;0;0;0;0;0;0;0;1;0;0;0;0
21/05/2022;00:24:24;5;Acidente com Danos Materiais;24,000;BR-060/DF;Norte;Capotamento;1;0;0;0;0;0;0;0;0;0;1;0;0;0;0
21/05/2022;04:18:00;49;Acidente com Vítima;505,000;BR-153/GO;Sul;Atropelamento de Animal;0;0;0;1;0;0;0;0;0;0;0;0;0;0;0
21/05/2022;08:07:41;136;Acidente com Danos Materiais;7,000;BR-060/DF;Sul;Colisão Lateral;1;0;1;0;0;0;0;0;0;0;4;0;0;0;0
21/05/2022;10:17:00;300;Acidente com Vítima;664,000;BR-153/GO;Sul;Engavetamento;2;0;1;0;0;0;0;0;0;0;4;0;0;0;0
21/05/2022;10:22:25;306;Acidente com Danos Materiais;43,000;BR-060/GO;Norte;Colisão Traseira;1;0;0;0;0;0;0;0;0;1;1;0;0;0;0
21/05/2022;12:03:47;401;Acidente com Vítima;98,000;BR-060/GO;Norte;Colisão Traseira;1;0;1;0;0;0;0;0;0;0;0;0;1;0;0
21/05/2022;13:05:00;442;Acidente com Vítima;117,000;BR-060/GO;Norte;Colisão Transversal;1;0;0;1;0;0;0;0;0;0;1;0;0;0;0
21/05/2022;15:34:10;537;Acidente com Danos Materiais;603,500;BR-262/MG;Leste;Tombamento;0;0;1;0;0;0;0;0;0;0;1;0;0;0;0
21/05/2022;17:24:00;621;Acidente com Danos Materiais;362,000;BR-262/MG;Leste;Colisão Traseira;1;0;0;0;0;0;0;0;0;0;1;0;0;0;0
21/05/2022;18:17:00;694;Acidente com Vítima;838,000;BR-262/MG;Oeste;Saida de Pista;1;0;0;0;0;0;0;0;0;0;0;0;0;0;0
21/05/2022;19:20:00;722;Acidente com Vítima;131,000;BR-060/GO;Norte;Capotamento;1;0;0;0;0;0;0;0;0;0;3;0;2;0;0
21/05/2022;23:30:08;849;Acidente com Danos Materiais;761,000;BR-262/MG;Leste;Colisão Traseira;2;0;0;0;0;0;0;0;0;0;4;0;0;0;0
22/05/2022;04:57:00;49;Acidente com Vítima;665,000;BR-153/GO;Sul;Capotamento;0;0;0;0;0;0;0;0;0;1;0;0;2;0;0
22/05/2022;10:20:10;159;Acidente com Danos Materiais;102,000;BR-060/GO;Norte;Colisão Traseira;2;0;0;0;0;0;0;0;0;0;1;0;0;0;0
22/05/2022;10:54:06;178;Acidente com Vítima;62,000;BR-060/GO;Norte;Capotamento;1;0;0;0;0;0;0;0;0;0;0;0;0;0;0
22/05/2022;18:20:00;408;Acidente com Danos Materiais;29,000;BR-060/GO;Norte;Saida de Pista;1;0;0;0;0;0;0;0;0;0;2;0;0;0;0
23/05/2022;04:38:00;113;Acidente com Vítima;33,000;BR-060/GO;Norte;Colisão Traseira;0;0;0;0;0;0;0;0;0;1;0;0;0;0;0
23/05/2022;13:54:20;386;Acidente com Danos Materiais;146,100;BR-153/MG;Sul;Colisão Traseira;0;0;0;0;0;0;0;0;0;0;2;0;0;0;0
23/05/2022;15:22:12;430;Acidente com Danos Materiais;60,000;BR-060/GO;Norte;Colisão Lateral;0;0;1;0;0;0;0;0;0;1;2;0;0;0;0
23/05/2022;19:38:23;555;Acidente com Vítima;357,000;BR-262/MG;Leste;Queda de Moto;0;0;0;0;0;0;0;0;0;0;0;0;1;0;0
23/05/2022;22:17:25;660;Acidente com Danos Materiais;693,000;BR-153/GO;Norte;Atropelamento - Usuário;1;0;0;0;0;0;0;0;0;0;1;0;0;0;0
23/05/2022;23:15:00;681;Acidente com Vítima;3,000;BR-153/MG;Norte;Queda de Moto;0;0;0;1;0;0;0;0;0;0;0;0;0;0;0
24/05/2022;07:51:48;161;Acidente com Vítima;878,000;BR-262/MG;Leste;Queda de Moto;0;0;0;1;0;0;0;0;0;0;0;0;0;0;0
24/05/2022;13:23:00;561;Acidente com Vítima;485,200;BR-262/MG;Oeste;Colisão Traseira;1;0;1;0;0;0;0;0;0;0;2;0;0;0;0
24/05/2022;18:47:41;798;Acidente com Danos Materiais;158,000;BR-153/MG;Norte;Saida de Pista;1;0;0;0;0;0;0;0;0;0;3;0;0;0;0
24/05/2022;19:46:00;829;Acidente com Danos Materiais;27,500;BR-060/GO;Sul;Saida de Pista;0;0;0;0;0;0;0;0;0;1;1;0;0;0;0
25/05/2022;06:25:00;96;Acidente com Danos Materiais;129,000;BR-060/GO;Sul;Colisão Lateral;0;0;0;0;0;1;0;0;0;0;1;0;0;0;0
25/05/2022;06:44:00;106;Acidente com Danos Materiais;360,000;BR-262/MG;Oeste;Saida de Pista;0;0;1;0;0;0;0;0;0;0;1;0;0;0;0
25/05/2022;07:32:22;144;Acidente com Vítima Fatal;218,000;BR-153/MG;Norte;Colisão Frontal;1;0;1;0;0;0;0;0;0;0;1;0;0;0;4
25/05/2022;07:58:11;160;Acidente com Danos Materiais;7,000;BR-060/DF;Sul;Colisão Lateral;0;0;0;1;0;0;0;0;0;0;1;0;0;0;0
25/05/2022;08:07:43;171;Acidente com Vítima;504,000;BR-153/GO;Norte;Colisão Traseira;3;0;0;0;0;0;0;0;0;0;0;0;0;0;0
25/05/2022;08:18:00;180;Acidente com Danos Materiais;4,600;BR-060/DF;Sul;Saida de Pista;1;0;0;0;0;0;0;0;0;0;1;0;0;0;0
25/05/2022;09:35:40;243;Acidente com Danos Materiais;358,100;BR-262/MG;Oeste;Engavetamento;2;0;1;0;0;0;0;0;0;0;3;0;0;0;0
25/05/2022;09:54:55;260;Acidente com Danos Materiais;7,000;BR-060/GO;Sul;Choque - Arvore;1;0;0;0;0;0;0;0;0;0;1;0;0;0;0
25/05/2022;10:14:19;277;Acidente com Danos Materiais;93,000;BR-153/MG;Norte;Saida de Pista;0;0;1;0;0;0;0;0;0;0;2;0;0;0;0
25/05/2022;12:20:00;387;Acidente com Danos Materiais;798,000;BR-262/MG;Oeste;Choque - Veiculo parado na pista;1;0;0;0;1;0;0;0;0;0;25;0;0;0;0
25/05/2022;14:32:05;503;Acidente com Vítima;665,100;BR-262/MG;Oeste;Tombamento;0;0;1;0;0;0;0;0;0;0;0;0;0;1;0
26/05/2022;00:49:37;10;Acidente com Danos Materiais;685,000;BR-153/GO;Norte;Choque - Outros;0;0;1;0;0;0;0;0;0;0;1;0;0;0;0
26/05/2022;08:34:00;130;Acidente com Danos Materiais;496,000;BR-153/GO;Sul;Colisão Traseira;2;0;0;0;0;0;0;0;0;0;2;0;0;0;0
26/05/2022;10:31:46;216;Acidente com Danos Materiais;128,100;BR-153/MG;Norte;Colisão Traseira;0;0;1;0;0;0;0;0;0;1;2;0;0;0;0
26/05/2022;17:07:00;410;Acidente com Danos Materiais;95,000;BR-060/GO;Norte;Capotamento;1;0;0;0;0;0;0;0;0;0;1;0;0;0;0
26/05/2022;17:22:18;419;Acidente com Vítima;107,100;BR-153/MG;Norte;Colisão Traseira;0;0;1;0;0;0;0;0;0;1;1;0;0;0;0
26/05/2022;17:47:11;436;Acidente com Danos Materiais;540,200;BR-262/MG;Leste;Saida de Pista;1;0;0;0;0;0;0;0;0;0;1;0;0;0;0
26/05/2022;23:09:56;589;Acidente com Vítima;420,000;BR-262/MG;Leste;Atropelamento de Animal;1;0;0;0;0;0;0;0;0;0;1;0;1;0;0
27/05/2022;00:32:54;5;Acidente com Vítima;480,800;BR-262/MG;Leste;Saida de Pista;1;0;0;0;0;0;0;0;0;0;1;0;0;0;0
27/05/2022;01:31:00;19;Acidente com Vítima;136,000;BR-060/GO;Norte;Queda de Moto;0;0;0;1;0;0;0;0;0;0;0;0;1;0;0
27/05/2022;07:22:00;100;Acidente com Vítima;811,000;BR-262/MG;Leste;Colisão Lateral;0;0;0;1;0;0;0;0;0;0;1;0;0;0;0
27/05/2022;08:06:00;118;Acidente com Vítima;508,000;BR-153/GO;Norte;Colisão Traseira;1;0;0;1;0;0;0;0;0;0;0;0;0;0;0
27/05/2022;08:57:43;152;Acidente com Danos Materiais;394,200;BR-262/MG;Leste;Colisão Lateral;2;0;0;0;0;0;0;0;0;0;3;0;0;0;0
27/05/2022;14:32:00;336;Acidente com Danos Materiais;574,900;BR-153/GO;Sul;Saida de Pista;1;0;0;0;0;0;0;0;0;0;1;0;0;0;0
27/05/2022;15:13:32;357;Acidente com Vítima Fatal;195,000;BR-153/MG;Norte;Capotamento;0;0;1;0;0;0;0;0;0;0;0;0;1;0;1
27/05/2022;16:43:03;431;Acidente com Danos Materiais;491,500;BR-262/MG;Leste;Saida de Pista;1;0;0;0;0;0;0;0;0;0;1;0;0;0;0
27/05/2022;16:58:49;461;Acidente com Danos Materiais;580,100;BR-262/MG;Leste;Colisão Traseira;2;0;0;0;0;0;0;0;0;0;2;0;0;0;0
27/05/2022;18:24:43;524;Acidente com Vítima;13,000;BR-153/MG;Sul;Atropelamento de Animal;2;0;0;0;0;0;0;0;0;0;2;0;1;0;0
27/05/2022;20:04:00;577;Acidente com Vítima;356,000;BR-262/MG;Leste;Atropelamento - Usuário;0;0;0;1;0;0;0;0;0;0;0;0;1;1;0
27/05/2022;21:42:39;622;Acidente com Danos Materiais;73,000;BR-153/MG;Sul;Atropelamento de Animal;0;0;1;0;0;0;0;0;0;0;1;0;0;0;0
27/05/2022;23:46:36;651;Acidente com Vítima Fatal;450,000;BR-262/MG;Leste;Queda de Moto;0;0;0;1;0;0;0;0;0;0;0;0;0;0;1
28/05/2022;01:53:00;17;Acidente com Danos Materiais;395,000;BR-262/MG;Oeste;Saida de Pista;0;0;1;0;0;0;0;0;0;0;1;0;0;0;0
28/05/2022;04:07:00;50;Acidente com Vítima;34,000;BR-060/GO;Norte;Colisão Traseira;0;0;1;0;0;0;0;0;0;1;1;0;0;0;0