data;horario;n_da_ocorrencia;tipo_de_ocorrencia;km;trecho;sentido;tipo_de_acidente;automovel;bicicleta;caminhao;moto;onibus;outros;tracao_animal;transporte_de_cargas_especiais;trator_maquinas;utilitarios;ilesos;levemente_feridos;moderadamente_feridos;gravemente_feridos;mortos
28/05/2022;04:07:53;47;Acidente com Vítima;470,000;BR-262/MG;Leste;Saida de Pista;0;0;1;0;0;0;0;0;0;0;0;0;0;0;0
28/05/2022;08:04:52;155;Acidente com Danos Materiais;101,000;BR-060/GO;Norte;Colisão Lateral;1;0;0;0;0;0;0;0;0;1;1;0;0;0;0
28/05/2022;09:37:15;277;Acidente com Danos Materiais;1,000;BR-153/MG;Norte;Saida de Pista;1;0;0;0;0;0;0;0;0;0;1;0;0;0;0
28/05/2022;13:16:00;526;Acidente com Danos Materiais;358,000;BR-262/MG;Leste;Engavetamento;2;0;1;0;0;0;0;0;0;0;2;0;0;0;0
28/05/2022;15:16:27;609;Acidente com Danos Materiais;102,000;BR-060/GO;Sul;Colisão Lateral;1;0;0;0;1;0;0;0;0;0;1;0;0;0;0
28/05/2022;17:21:23;683;Acidente com Vítima Fatal;245,500;BR-153/MG;Norte;Colisão Traseira;0;1;1;0;0;0;0;0;0;0;1;0;0;0;1
28/05/2022;17:50:01;697;Acidente com Danos Materiais;723,000;BR-262/MG;Leste;Engavetamento;2;0;1;0;0;0;0;0;0;0;3;0;0;0;0
28/05/2022;18:35:18;712;Acidente com Vítima;394,000;BR-262/MG;Leste;Atropelamento - Outros;1;0;0;0;0;0;0;0;0;0;0;0;0;0;0
28/05/2022;18:55:00;718;Acidente com Vítima;442,000;BR-262/MG;Leste;Atropelamento - Morador;1;0;0;0;0;0;0;0;0;0;0;0;1;0;0
28/05/2022;19:09:00;720;Acidente com Vítima;365,000;BR-262/MG;Leste;Colisão Traseira;0;0;0;1;0;0;0;0;0;0;0;0;0;0;0
28/05/2022;21:47:13;768;Acidente com Danos Materiais;477,000;BR-262/MG;Leste;Colisão Lateral;1;0;0;0;0;0;0;0;0;0;1;0;0;0;0
28/05/2022;23:42:00;789;Acidente com Vítima;598,200;BR-153/GO;Sul;Saida de Pista;0;0;0;0;0;0;0;0;0;1;1;0;0;0;0
29/05/2022;02:25:20;30;Acidente com Danos Materiais;359,000;BR-262/MG;Leste;Saida de Pista;1;0;0;0;0;0;0;0;0;0;4;0;0;0;0
29/05/2022;02:31:00;32;Acidente com Danos Materiais;444,000;BR-262/MG;Leste;Choque - Outros;1;0;0;0;0;0;0;0;0;0;1;0;0;0;0
29/05/2022;06:50:00;87;Acidente com Danos Materiais;365,000;BR-262/MG;Leste;Choque - Defensa;1;0;0;0;0;0;0;0;0;0;1;0;0;0;0
29/05/2022;09:35:00;230;Acidente com Danos Materiais;15,000;BR-153/MG;Norte;Saida de Pista;0;0;1;0;0;0;0;0;0;0;2;0;0;0;0
29/05/2022;12:01:55;354;Acidente com Danos Materiais;485,900;BR-262/MG;Leste;Saida de Pista;0;0;0;1;0;0;0;0;0;0;1;0;0;0;0
29/05/2022;13:15:38;384;Acidente com Vítima;409,000;BR-262/MG;Leste;Queda de Moto;0;0;0;1;0;0;0;0;0;0;0;0;1;0;0
29/05/2022;14:57:46;418;Acidente com Danos Materiais;622,000;BR-153/GO;Sul;Saida de Pista;1;0;0;0;0;0;0;0;0;0;1;0;0;0;0
29/05/2022;15:10:00;421;Acidente com Vítima;462,000;BR-262/MG;Leste;Colisão Traseira;3;0;0;0;0;0;0;0;0;0;1;0;2;3;0
29/05/2022;18:35:20;526;Acidente com Vítima Fatal;449,800;BR-262/MG;Leste;Colisão Traseira;1;0;0;1;0;0;0;0;0;0;1;0;0;0;1
29/05/2022;18:45:00;529;Acidente com Vítima;482,000;BR-262/MG;Oeste;Queda de Moto;0;0;0;1;0;0;0;0;0;0;0;0;1;0;0
29/05/2022;18:50:00;532;Acidente com Danos Materiais;114,000;BR-060/GO;Sul;Saida de Pista;1;0;0;0;0;0;0;0;0;0;2;0;0;0;0
29/05/2022;20:04:03;549;Acidente com Danos Materiais;693,500;BR-153/GO;Norte;Saida de Pista;1;0;0;0;0;0;0;0;0;0;1;0;0;0;0
30/05/2022;03:16:00;52;Acidente com Vítima;506,000;BR-153/GO;Sul;Capotamento;1;0;1;0;0;0;0;0;0;0;4;0;0;1;0
30/05/2022;03:32:36;55;Acidente com Danos Materiais;92,500;BR-060/GO;Norte;Tombamento;0;0;1;0;0;0;0;0;0;0;1;0;0;0;0
30/05/2022;07:20:05;92;Acidente com Danos Materiais;101,000;BR-060/GO;Sul;Colisão Traseira;2;0;0;0;0;0;0;0;0;0;2;0;0;0;0
30/05/2022;08:14:20;136;Acidente com Danos Materiais;498,000;BR-153/GO;Norte;Saida de Pista;2;0;0;0;0;0;0;0;0;0;2;0;0;0;0
30/05/2022;08:16:00;140;Acidente com Danos Materiais;430,000;BR-262/MG;Leste;Queda de Moto;0;0;0;1;0;0;0;0;0;0;1;0;0;0;0
30/05/2022;08:49:00;164;Acidente com Danos Materiais;26,000;BR-060/DF;Sul;Saida de Pista;1;0;0;0;0;0;0;0;0;0;1;0;0;0;0
30/05/2022;09:51:06;196;Acidente com Danos Materiais;501,900;BR-153/GO;Sul;Colisão Traseira;0;0;2;0;0;0;0;0;0;0;2;0;0;0;0
30/05/2022;10:25:40;204;Acidente com Danos Materiais;510,100;BR-262/MG;Leste;Saida de Pista;0;0;1;0;0;0;0;0;0;0;1;0;0;0;0
30/05/2022;11:44:03;234;Acidente com Danos Materiais;638,000;BR-153/GO;Norte;Tombamento;1;0;0;0;0;0;0;0;0;0;1;0;0;0;0
30/05/2022;13:10:03;274;Acidente com Danos Materiais;695,800;BR-262/MG;Leste;Capotamento;1;0;0;0;0;0;0;0;0;0;1;0;0;0;0
30/05/2022;13:12:07;276;Acidente com Danos Materiais;0,100;BR-060/DF;Norte;Colisão Traseira;1;0;1;0;0;0;0;0;0;0;2;0;0;0;0
30/05/2022;17:06:26;343;Acidente com Vítima;447,150;BR-262/MG;Leste;Queda de Moto;0;0;0;1;0;0;0;0;0;0;0;0;0;0;0
30/05/2022;19:02:01;396;Acidente com Danos Materiais;503,000;BR-153/GO;Norte;Colisão Traseira;1;0;0;1;0;0;0;0;0;0;2;0;0;0;0
30/05/2022;21:09:00;460;Acidente com Vítima;1,000;BR-060/DF;Norte;Colisão Transversal;1;0;0;1;0;0;0;0;0;0;0;0;0;0;0
31/05/2022;04:18:00;77;Acidente com Vítima;825,600;BR-262/MG;Oeste;Tombamento;0;0;1;0;0;0;0;0;0;0;0;0;0;0;0
31/05/2022;07:45:00;133;Acidente com Vítima;501,200;BR-262/MG;Oeste;Capotamento;0;0;1;0;0;0;0;0;0;0;0;0;1;0;0
31/05/2022;07:45:55;134;Acidente com Danos Materiais;42,300;BR-060/GO;Norte;Colisão Traseira;0;0;2;0;0;0;0;0;0;0;2;0;0;0;0
31/05/2022;10:20:31;215;Acidente com Vítima;101,000;BR-060/GO;Sul;Colisão Lateral;1;0;0;1;0;0;0;0;0;0;1;0;0;0;0
31/05/2022;10:40:00;197;Acidente com Danos Materiais;699,000;BR-153/GO;Sul;Tombamento;1;0;0;0;0;0;0;0;0;0;1;0;0;0;0
31/05/2022;12:41:01;264;Acidente com Vítima;94,000;BR-060/GO;Sul;Queda de Moto;0;0;0;1;0;0;0;0;0;0;0;0;0;0;0
31/05/2022;18:48:17;400;Acidente com Vítima;124,000;BR-060/GO;Sul;Saida de Pista;0;0;1;0;0;0;0;0;0;0;1;0;1;0;0
01/06/2022;09:00:15;190;Acidente com Danos Materiais;50,000;BR-153/MG;Norte;Colisão Traseira;0;0;1;0;0;0;0;0;0;0;1;0;0;0;0
01/06/2022;10:33:00;240;Acidente com Vítima Fatal;72,000;BR-060/GO;Sul;Choque - Defensa;0;0;1;0;0;0;0;0;0;0;0;0;0;0;1
01/06/2022;15:23:00;363;Acidente com Danos Materiais;673,000;BR-153/GO;Sul;Choque - Defensa;0;0;0;0;0;0;0;0;0;1;1;0;0;0;0
01/06/2022;15:53:08;370;Acidente com Danos Materiais;38,000;BR-153/MG;Norte;Colisão Lateral;1;0;0;0;0;0;0;0;0;0;1;0;0;0;0
01/06/2022;16:12:00;377;Acidente com Vítima;699,000;BR-153/GO;Sul;Colisão Traseira;0;0;0;0;0;0;0;0;0;1;1;0;0;0;0
01/06/2022;16:21:47;380;Acidente com Danos Materiais;8,000;BR-060/DF;Norte;Tombamento;0;0;1;0;0;0;0;0;0;0;1;0;0;0;0
01/06/2022;17:01:00;394;Acidente com Vítima;245,000;BR-153/MG;Sul;Colisão Traseira;1;0;0;1;0;0;0;0;0;0;1;0;1;0;0
01/06/2022;17:56:00;418;Acidente com Danos Materiais;666,000;BR-153/GO;Sul;Colisão Traseira;0;0;2;0;0;0;0;0;0;0;3;0;0;0;0
01/06/2022;18:24:39;428;Acidente com Danos Materiais;703,000;BR-153/GO;Norte;Colisão Lateral;0;0;2;0;0;0;0;0;0;0;2;0;0;0;0
01/06/2022;22:56:47;510;Acidente com Danos Materiais;701,500;BR-153/GO;Norte;Engavetamento;2;0;1;0;0;0;0;0;0;0;4;0;0;0;0
02/06/2022;06:57:25;103;Acidente com Vítima;98,000;BR-060/GO;Norte;Queda de Moto;0;0;0;1;0;0;0;0;0;0;0;0;0;0;0
02/06/2022;07:20:14;110;Acidente com Vítima;592,000;BR-153/GO;Sul;Capotamento;1;0;0;0;0;0;0;0;0;0;0;0;0;0;0
02/06/2022;08:22:17;147;Acidente com Vítima;1,800;BR-060/DF;Norte;Atropelamento - Andarilho;1;0;0;0;0;0;0;0;0;0;1;0;0;0;0
02/06/2022;13:01:32;346;Acidente com Danos Materiais;605,000;BR-153/GO;Norte;Saida de Pista;1;0;0;0;0;0;0;0;0;0;1;0;0;0;0
03/06/2022;03:30:35;44;Acidente com Danos Materiais;21,000;BR-153/MG;Norte;Colisão Traseira;0;0;2;0;0;0;0;0;0;0;2;0;0;0;0
03/06/2022;07:14:00;70;Acidente com Danos Materiais;499,000;BR-153/GO;Norte;Colisão Traseira;1;0;0;1;0;0;0;0;0;0;2;0;0;0;0
03/06/2022;08:27:03;108;Acidente com Danos Materiais;543,200;BR-262/MG;Leste;Colisão Traseira;0;0;2;0;0;0;0;0;0;0;2;0;0;0;0
03/06/2022;09:05:00;143;Acidente com Danos Materiais;586,100;BR-262/MG;Oeste;Choque - Elemento de Drenagem;1;0;0;0;0;0;0;0;0;0;1;0;0;0;0
03/06/2022;17:06:00;372;Acidente com Danos Materiais;380,200;BR-262/MG;Leste;Choque - Elemento de Drenagem;1;0;0;0;0;0;0;0;0;0;1;0;0;0;0
03/06/2022;17:12:16;376;Acidente com Danos Materiais;501,000;BR-153/GO;Norte;Engavetamento;1;0;0;1;0;0;0;0;0;2;4;0;0;0;0
03/06/2022;19:04:37;430;Acidente com Danos Materiais;692,800;BR-153/GO;Sul;Capotamento;1;0;0;0;0;0;0;0;0;0;2;0;0;0;0
03/06/2022;20:00:00;455;Acidente com Danos Materiais;64,000;BR-060/GO;Norte;Saida de Pista;1;0;0;0;0;0;0;0;0;0;1;0;0;0;0
03/06/2022;21:16:54;480;Acidente com Danos Materiais;546,000;BR-153/GO;Sul;Saida de Pista;1;0;0;0;0;0;0;0;0;0;1;0;0;0;0
04/06/2022;02:06:00;32;Acidente com Danos Materiais;703,000;BR-153/GO;Norte;Saida de Pista;0;0;1;0;0;0;0;0;0;0;1;0;0;0;0
04/06/2022;07:52:17;117;Acidente com Vítima;356,100;BR-262/MG;Leste;Atropelamento - Usuário;1;0;0;0;0;0;0;0;0;0;3;0;0;1;0
04/06/2022;09:54:58;200;Acidente com Danos Materiais;363,500;BR-262/MG;Leste;Colisão Traseira;1;0;0;1;0;0;0;0;0;0;4;0;0;0;0
04/06/2022;15:17:00;364;Acidente com Vítima;505,000;BR-153/GO;Norte;Colisão Lateral;1;0;0;1;0;0;0;0;0;0;1;0;1;0;0
04/06/2022;15:40:07;375;Acidente com Vítima;404,100;BR-262/MG;Leste;Colisão Lateral;0;0;0;1;0;0;0;0;0;0;0;0;0;0;0
04/06/2022;16:54:40;405;Acidente com Danos Materiais;386,150;BR-262/MG;Leste;Capotamento;1;0;0;0;0;0;0;0;0;0;3;0;0;0;0
04/06/2022;17:23:00;415;Acidente com Danos Materiais;46,000;BR-060/GO;Sul;Saida de Pista;1;0;0;0;0;0;0;0;0;0;1;0;0;0;0
04/06/2022;18:32:00;433;Acidente com Vítima;870,000;BR-262/MG;Leste;Colisão Lateral;1;0;0;0;0;0;0;0;0;1;3;0;0;0;0
04/06/2022;20:45:00;476;Acidente com Vítima;445,000;BR-262/MG;Oeste;Atropelamento - Usuário;0;0;0;1;0;0;0;0;0;0;0;0;0;0;0
04/06/2022;22:57:32;516;Acidente com Danos Materiais;505,000;BR-153/GO;Norte;Colisão Traseira;1;0;0;0;0;0;0;0;0;0;1;0;0;0;0
04/06/2022;23:29:00;540;Acidente com Vítima;414,000;BR-262/MG;Leste;Queda de Moto;0;0;0;1;0;0;0;0;0;0;0;0;0;0;0
05/06/2022;01:04:49;17;Acidente com Danos Materiais;801,000;BR-262/MG;Oeste;Saida de Pista;1;0;0;0;0;0;0;0;0;0;2;0;0;0;0
05/06/2022;03:44:53;60;Acidente com Vítima;410,000;BR-262/MG;Leste;Saida de Pista;1;0;0;0;0;0;0;0;0;0;0;0;0;1;0
05/06/2022;08:23:51;185;Acidente com Vítima;381,000;BR-262/MG;Oeste;Queda de Moto;0;0;0;1;0;0;0;0;0;0;0;0;0;0;0
05/06/2022;09:59:10;290;Acidente com Danos Materiais;380,000;BR-262/MG;Oeste;Queda de Moto;0;0;0;1;0;0;0;0;0;0;1;0;0;0;0
05/06/2022;10:06:29;294;Acidente com Danos Materiais;1,000;BR-060/GO;Norte;Choque - Defensa;1;0;0;0;0;0;0;0;0;0;1;0;0;0;0
05/06/2022;12:44:00;386;Acidente com Vítima;536,000;BR-153/GO;Sul;Capotamento;1;0;0;0;0;0;0;0;0;0;0;0;0;1;0
05/06/2022;17:50:55;580;Acidente com Danos Materiais;822,000;BR-262/MG;Leste;Queda de Moto;1;0;0;0;0;0;0;0;0;0;1;0;0;0;0
05/06/2022;19:09:00;602;Acidente com Vítima;422,200;BR-262/MG;Oeste;Colisão Lateral;0;0;0;1;0;0;0;0;0;0;0;0;1;0;0
05/06/2022;19:27:52;607;Acidente com Danos Materiais;105,000;BR-060/GO;Sul;Capotamento;1;0;0;0;0;0;0;0;0;0;1;0;0;0;0
05/06/2022;21:28:50;654;Acidente com Danos Materiais;693,200;BR-153/GO;Norte;Saida de Pista;1;0;0;0;0;0;0;0;0;0;4;0;0;0;0
06/06/2022;15:24:58;493;Acidente com Danos Materiais;448,000;BR-262/MG;Leste;Colisão Traseira;0;0;2;0;0;0;0;0;0;0;2;0;0;0;0
06/06/2022;15:58:26;513;Acidente com Danos Materiais;107,800;BR-153/MG;Norte;Colisão Traseira;0;0;0;0;0;0;0;0;0;0;1;0;0;0;0
06/06/2022;16:21:27;525;Acidente com Danos Materiais;362,000;BR-262/MG;Oeste;Queda de Moto;0;0;0;1;0;0;0;0;0;0;1;0;0;0;0
06/06/2022;18:36:17;672;Acidente com Danos Materiais;553,000;BR-153/GO;Norte;Choque - Submarino;0;0;1;0;0;0;0;0;0;0;1;0;0;0;0
06/06/2022;18:37:00;575;Acidente com Danos Materiais;387,500;BR-262/MG;Leste;Colisão Lateral;1;0;0;0;0;0;0;0;0;0;1;0;0;0;0
07/06/2022;00:59:00;21;Acidente com Vítima;403,000;BR-262/MG;Leste;Tombamento;1;0;1;0;0;0;0;0;0;0;1;0;1;0;0
07/06/2022;06:41:08;74;Acidente com Danos Materiais;644,000;BR-153/GO;Norte;Saida de Pista;0;0;1;0;0;0;0;0;0;0;1;0;0;0;0
07/06/2022;07:00:09;171;Acidente com Danos Materiais;553,000;BR-153/GO;Norte;Choque - Submarino;0;0;1;0;0;0;0;0;0;0;1;0;0;0;0
07/06/2022;08:45:40;139;Acidente com Danos Materiais;109,000;BR-060/GO;Norte;Choque - Defensa;0;0;1;0;0;0;0;0;0;0;1;0;0;0;0
07/06/2022;12:53:29;253;Acidente com Vítima Fatal;418,200;BR-262/MG;Leste;Colisão Transversal;2;0;0;0;0;0;0;0;0;0;0;0;1;1;1
07/06/2022;13:24:31;263;Acidente com Danos Materiais;225,000;BR-153/MG;Sul;Colisão Transversal;0;0;2;0;0;0;0;0;0;0;2;0;0;0;0
07/06/2022;17:53:00;373;Acidente com Danos Materiais;25,000;BR-060/GO;Sul;Choque - Defensa;1;0;0;0;0;0;0;0;0;0;1;0;0;0;0
07/06/2022;21:24:00;456;Acidente com Vítima;95,000;BR-060/GO;Norte;Queda de Moto;0;0;0;1;0;0;0;0;0;0;0;0;0;0;0
07/06/2022;22:34:07;484;Acidente com Danos Materiais;495,000;BR-153/GO;Norte;Capotamento;1;0;0;0;0;0;0;0;0;0;1;0;0;0;0
08/06/2022;04:52:00;70;Acidente com Danos Materiais;628,000;BR-153/GO;Sul;Saida de Pista;1;0;0;0;0;0;0;0;0;0;1;0;0;0;0
08/06/2022;06:28:00;89;Acidente com Danos Materiais;110,000;BR-060/GO;Sul;Colisão Traseira;0;0;2;0;0;0;0;0;0;0;2;0;0;0;0
08/06/2022;06:53:34;94;Acidente com Danos Materiais;521,200;BR-262/MG;Leste;Colisão Traseira;1;0;1;0;0;0;0;0;0;0;3;0;0;0;0
08/06/2022;08:15:45;119;Acidente com Danos Materiais;495,500;BR-153/GO;Sul;Colisão Traseira;3;0;0;0;0;0;0;0;0;0;3;0;0;0;0
08/06/2022;09:44:00;174;Acidente com Danos Materiais;105,000;BR-060/GO;Norte;Queda de Moto;0;0;0;1;0;0;0;0;0;0;1;0;0;0;0
08/06/2022;13:29:06;296;Acidente com Danos Materiais;481,000;BR-262/MG;Leste;Colisão Transversal;0;0;2;0;0;0;0;0;0;0;2;0;0;0;0
08/06/2022;13:43:12;308;Acidente com Danos Materiais;107,000;BR-060/GO;Norte;Colisão Transversal;1;0;1;0;0;0;0;0;0;0;2;0;0;0;0
08/06/2022;14:02:00;321;Acidente com Danos Materiais;360,800;BR-262/MG;Oeste;Capotamento;0;0;0;0;0;0;0;0;0;1;1;0;0;0;0
08/06/2022;15:05:20;346;Acidente com Vítima;98,000;BR-060/GO;Norte;Engavetamento;3;0;0;0;0;0;0;0;0;0;3;0;0;0;0
08/06/2022;18:42:29;449;Acidente com Vítima;89,000;BR-060/GO;Norte;Queda de Moto;1;0;0;0;0;0;0;0;0;0;0;0;0;0;0
08/06/2022;21:40:00;499;Acidente com Danos Materiais;815,000;BR-262/MG;Oeste;Colisão Frontal;1;0;0;0;0;0;0;0;0;0;4;0;0;0;0
08/06/2022;21:56:50;504;Acidente com Vítima Fatal;513,100;BR-153/GO;Sul;Atropelamento - Outros;1;0;0;0;0;0;0;0;0;0;1;0;0;0;1
09/06/2022;05:15:59;69;Acidente com Danos Materiais;37,000;BR-153/MG;Sul;Saida de Pista;0;0;1;0;0;0;0;0;0;0;1;0;0;0;0
09/06/2022;10:02:00;244;Acidente com Danos Materiais;434,500;BR-262/MG;Leste;Queda de Moto;0;0;0;0;0;0;0;0;0;0;1;0;0;0;0
09/06/2022;16:21:00;548;Acidente com Vítima;453,000;BR-262/MG;Oeste;Colisão Frontal;0;0;0;0;0;0;0;0;0;1;0;0;0;0;0
09/06/2022;18:20:11;628;Acidente com Danos Materiais;451,000;BR-262/MG;Oeste;Choque - Outros;1;0;0;0;0;0;0;0;0;0;2;0;0;0;0
09/06/2022;20:55:30;679;Acidente com Danos Materiais;594,000;BR-262/MG;Leste;Saida de Pista;0;0;1;0;0;0;0;0;0;0;1;0;0;0;0
10/06/2022;11:24:02;331;Acidente com Vítima;547,500;BR-262/MG;Leste;Queda de Moto;0;0;0;1;0;0;0;0;0;0;0;0;0;1;0
10/06/2022;13:09:16;454;Acidente com Danos Materiais;66,000;BR-153/MG;Norte;Saida de Pista;0;0;1;0;0;0;0;0;0;0;1;0;0;0;0
10/06/2022;18:49:00;617;Acidente com Danos Materiais;358,000;BR-262/MG;Oeste;Colisão Lateral;2;0;1;0;0;0;0;0;0;0;3;0;0;0;0
10/06/2022;20:33:38;649;Acidente com Vítima;398,000;BR-262/MG;Oeste;Atropelamento - Usuário;0;0;1;0;0;0;0;0;0;0;1;0;0;0;0
10/06/2022;23:51:24;708;Acidente com Danos Materiais;655,000;BR-262/MG;Oeste;Colisão Traseira;0;0;1;0;0;0;0;0;0;0;3;0;0;0;0
11/06/2022;07:47:00;115;Acidente com Vítima;405,250;BR-262/MG;Leste;Capotamento;1;0;0;0;0;0;0;0;0;0;0;0;0;1;0
11/06/2022;16:50:02;366;Acidente com Danos Materiais;418,200;BR-262/MG;Leste;Capotamento;1;0;0;0;0;0;0;0;0;0;1;0;0;0;0
11/06/2022;18:55:59;405;Acidente com Danos Materiais;96,000;BR-060/GO;Sul;Engavetamento;3;0;0;0;0;0;0;0;0;0;3;0;0;0;0
11/06/2022;20:05:58;434;Acidente com Danos Materiais;70,000;BR-153/MG;Norte;Engavetamento;0;0;1;0;0;0;0;0;0;0;1;0;0;0;0
11/06/2022;20:45:00;441;Acidente com Danos Materiais;391,000;BR-262/MG;Oeste;Colisão Lateral;2;0;0;0;0;0;0;0;0;0;2;0;0;0;0
12/06/2022;00:02:00;1;Acidente com Vítima;507,000;BR-153/GO;Norte;Queda de Moto;0;0;0;1;0;0;0;0;0;0;0;0;0;0;0
12/06/2022;01:05:00;18;Acidente com Vítima;101,000;BR-060/GO;Sul;Queda de Moto;0;0;0;1;0;0;0;0;0;0;0;0;1;0;0
12/06/2022;17:02:51;346;Acidente com Danos Materiais;581,000;BR-153/GO;Sul;Saida de Pista;1;0;0;0;0;0;0;0;0;0;1;0;0;0;0
12/06/2022;17:55:55;362;Acidente com Danos Materiais;655,000;BR-153/GO;Norte;Tombamento;0;0;1;0;0;0;0;0;0;0;1;0;0;0;0
12/06/2022;19:26:50;397;Acidente com Vítima;172,000;BR-153/MG;Norte;Queda de Moto;0;0;0;1;0;0;0;0;0;0;0;0;1;0;0
12/06/2022;19:37:53;406;Acidente com Danos Materiais;93,000;BR-060/GO;Norte;Capotamento;1;0;0;0;0;0;0;0;0;0;1;0;0;0;0
12/06/2022;20:11:00;423;Acidente com Danos Materiais;550,000;BR-262/MG;Oeste;Atropelamento de Animal;1;0;0;0;0;0;0;0;0;0;2;0;0;0;0
13/06/2022;01:18:49;24;Acidente com Danos Materiais;463,900;BR-262/MG;Oeste;Atropelamento de Animal;1;0;0;0;1;0;0;0;0;0;2;0;0;0;0
13/06/2022;02:25:42;32;Acidente com Danos Materiais;365,000;BR-262/MG;Leste;Colisão Traseira;1;0;1;0;0;0;0;0;0;0;2;0;0;0;0
13/06/2022;05:58:00;75;Acidente com Vítima;478,000;BR-262/MG;Oeste;Colisão Lateral;2;0;0;0;0;0;0;0;0;0;2;0;0;0;0
13/06/2022;07:00:03;91;Acidente com Danos Materiais;505,000;BR-153/GO;Norte;Colisão Traseira;1;0;0;0;0;0;0;0;0;0;1;0;0;0;0
13/06/2022;08:09:06;135;Acidente com Danos Materiais;790,000;BR-262/MG;Leste;Saida de Pista;1;0;0;0;0;0;0;0;0;0;1;0;0;0;0
13/06/2022;08:55:00;164;Acidente com Vítima;365,000;BR-262/MG;Oeste;Saida de Pista;1;0;0;0;0;0;0;0;0;0;1;0;0;0;0
13/06/2022;09:52:01;216;Acidente com Danos Materiais;503,000;BR-153/GO;Norte;Engavetamento;2;0;0;0;0;0;0;0;0;1;1;0;0;0;0
13/06/2022;10:18:00;237;Acidente com Danos Materiais;24,000;BR-060/DF;Norte;Objeto lançado contra veículo;0;0;2;0;0;0;0;0;0;0;1;0;0;0;0
13/06/2022;11:01:26;271;Acidente com Danos Materiais;507,000;BR-153/GO;Sul;Saida de Pista;1;0;0;0;0;0;0;0;0;0;1;0;0;0;0
13/06/2022;11:58:00;317;Acidente com Danos Materiais;553,000;BR-262/MG;Oeste;Saida de Pista;0;0;0;0;0;0;0;0;0;1;1;0;0;0;0
13/06/2022;13:43:53;379;Acidente com Danos Materiais;616,000;BR-262/MG;Leste;Tombamento;0;0;1;0;0;0;0;0;0;0;1;0;0;0;0
13/06/2022;15:09:00;412;Acidente com Danos Materiais;371,000;BR-262/MG;Oeste;Saida de Pista;1;0;0;0;0;0;0;0;0;0;1;0;0;0;0
13/06/2022;15:24:49;418;Acidente com Vítima;506,000;BR-153/GO;Sul;Choque- Placa/Suporte Sinalização;1;0;0;0;0;0;0;0;0;0;1;0;0;0;0
13/06/2022;15:33:00;425;Acidente com Vítima;404,000;BR-262/MG;Oeste;Queda de Moto;0;0;0;1;0;0;0;0;0;0;0;0;0;0;0
13/06/2022;18:32:38;497;Acidente com Danos Materiais;104,000;BR-060/GO;Sul;Saida de Pista;0;0;0;0;0;0;0;0;0;1;4;0;0;0;0
13/06/2022;18:50:26;503;Acidente com Danos Materiais;501,000;BR-153/GO;Sul;Colisão Traseira;1;0;1;0;0;0;0;0;0;0;2;0;0;0;0
13/06/2022;21:10:00;542;Acidente com Vítima;387,000;BR-262/MG;Leste;Saida de Pista;1;0;0;0;0;0;0;0;0;0;4;0;0;0;0
13/06/2022;22:58:56;571;Acidente com Vítima;650,000;BR-262/MG;Oeste;Saida de Pista;1;0;0;0;0;0;0;0;0;0;0;0;0;0;0
13/06/2022;23:38:13;583;Acidente com Vítima;532,000;BR-153/GO;Sul;Atropelamento de Animal;0;0;0;0;1;0;0;0;0;0;1;0;0;0;0
14/06/2022;05:35:06;61;Acidente com Vítima;398,000;BR-262/MG;Oeste;Colisão Traseira;0;0;0;2;0;0;0;0;0;0;1;0;0;0;0
14/06/2022;06:30:37;65;Acidente com Vítima Fatal;431,000;BR-262/MG;Leste;Capotamento;0;0;0;0;0;0;0;0;0;1;0;0;0;0;1
14/06/2022;10:39:00;203;Acidente com Danos Materiais;509,000;BR-153/GO;Sul;Colisão Traseira;0;0;2;0;0;0;0;0;0;0;2;0;0;0;0
14/06/2022;19:09:14;481;Acidente com Danos Materiais;493,500;BR-153/GO;Norte;Capotamento;1;0;0;0;0;0;0;0;0;0;1;0;0;0;0
15/06/2022;07:19:00;78;Acidente com Danos Materiais;496,000;BR-153/GO;Sul;Colisão Traseira;1;0;0;1;0;0;0;0;0;0;2;0;0;0;0
15/06/2022;07:45:00;91;Acidente com Danos Materiais;508,000;BR-153/GO;Norte;Colisão Traseira;1;0;0;0;0;0;0;0;0;1;2;0;0;0;0
15/06/2022;10:42:20;195;Acidente com Danos Materiais;566,200;BR-262/MG;Leste;Tombamento;0;0;1;0;0;0;0;0;0;0;1;0;0;0;0
15/06/2022;12:02:27;227;Acidente com Danos Materiais;129,000;BR-060/GO;Sul;Colisão Traseira;0;0;2;0;0;0;0;0;0;0;2;0;0;0;0
15/06/2022;13:15:00;252;Acidente com Danos Materiais;19,000;BR-060/GO;Sul;Saida de Pista;1;0;0;0;0;0;0;0;0;0;1;0;0;0;0
15/06/2022;13:39:16;266;Acidente com Danos Materiais;112,500;BR-060/GO;Sul;Choque - Elemento de Drenagem;1;0;0;0;0;0;0;0;0;0;1;0;0;0;0
15/06/2022;14:03:26;265;Acidente com Vítima;587,000;BR-262/MG;Oeste;Choque - Elemento de Drenagem;1;0;0;0;0;0;0;0;0;0;0;0;0;0;0
15/06/2022;15:35:56;299;Acidente com Danos Materiais;900,100;BR-262/MG;Leste;Saida de Pista;0;0;1;0;0;0;0;0;0;0;2;0;0;0;0
15/06/2022;18:37:59;392;Acidente com Danos Materiais;499,000;BR-153/GO;Norte;Colisão Traseira;0;0;1;0;0;0;0;0;0;1;2;0;0;0;0