data;horario;n_da_ocorrencia;tipo_de_ocorrencia;km;trecho;sentido;tipo_de_acidente;automovel;bicicleta;caminhao;moto;onibus;outros;tracao_animal;transporte_de_cargas_especiais;trator_maquinas;utilitarios;ilesos;levemente_feridos;moderadamente_feridos;gravemente_feridos;mortos
15/06/2022;20:02:00;435;Acidente com Danos Materiais;497,000;BR-153/GO;Sul;Colisão Traseira;1;0;0;0;0;0;0;0;0;1;2;0;0;0;0
15/06/2022;20:48:23;457;Acidente com Danos Materiais;576,000;BR-262/MG;Leste;Tombamento;0;0;1;0;0;0;0;0;0;0;1;0;0;0;0
15/06/2022;22:15:25;487;Acidente com Danos Materiais;444,000;BR-262/MG;Oeste;Saida de Pista;1;0;0;0;0;0;0;0;0;0;1;0;0;0;0
16/06/2022;02:49:32;45;Acidente com Danos Materiais;129,200;BR-060/GO;Norte;Atropelamento de Animal;0;0;0;0;0;0;0;0;0;0;1;0;0;0;0
16/06/2022;05:45:40;96;Acidente com Danos Materiais;570,000;BR-153/GO;Norte;Saida de Pista;1;0;0;0;0;0;0;0;0;0;1;0;0;0;0
16/06/2022;06:30:43;110;Acidente com Danos Materiais;442,100;BR-262/MG;Oeste;Saida de Pista;1;0;0;0;0;0;0;0;0;0;1;0;0;0;0
16/06/2022;07:41:54;135;Acidente com Danos Materiais;490,800;BR-262/MG;Leste;Tombamento;0;0;1;0;0;0;0;0;0;0;1;0;0;0;0
16/06/2022;10:07:00;196;Acidente com Danos Materiais;380,000;BR-262/MG;Leste;Saida de Pista;1;0;0;0;0;0;0;0;0;0;5;0;0;0;0
16/06/2022;10:17:58;203;Acidente com Vítima;353,000;BR-262/MG;Leste;Colisão Traseira;1;0;0;1;0;0;0;0;0;0;2;0;0;0;0
16/06/2022;12:22:08;255;Acidente com Danos Materiais;387,200;BR-262/MG;Oeste;Colisão Traseira;2;0;0;0;0;0;0;0;0;0;3;0;0;0;0
16/06/2022;12:32:34;257;Acidente com Danos Materiais;526,100;BR-262/MG;Leste;Colisão Traseira;1;0;0;0;0;0;0;0;0;1;7;0;0;0;0
16/06/2022;16:53:00;344;Acidente com Danos Materiais;9,000;BR-153/MG;Sul;Saida de Pista;0;0;0;0;0;0;0;0;0;0;1;0;0;0;0
16/06/2022;17:45:41;359;Acidente com Vítima;526,000;BR-153/GO;Norte;Queda de Moto;0;0;0;1;0;0;0;0;0;0;0;0;1;0;0
16/06/2022;18:31:17;368;Acidente com Vítima;492,000;BR-262/MG;Leste;Saida de Pista;1;0;0;0;0;0;0;0;0;0;0;0;0;0;0
17/06/2022;00:18:48;2;Acidente com Danos Materiais;483,000;BR-262/MG;Leste;Colisão Lateral;1;0;1;0;0;0;0;0;0;0;2;0;0;0;0
17/06/2022;02:29:54;37;Acidente com Danos Materiais;478,000;BR-262/MG;Leste;Saida de Pista;1;0;0;0;0;0;0;0;0;0;1;0;0;0;0
17/06/2022;07:18:26;116;Acidente com Danos Materiais;124,000;BR-060/GO;Norte;Queda de Ciclista;0;0;0;1;0;0;0;0;0;0;1;0;0;0;0
17/06/2022;09:49:20;228;Acidente com Danos Materiais;363,000;BR-262/MG;Leste;Engavetamento;2;0;1;0;0;0;0;0;0;0;3;0;0;0;0
17/06/2022;13:05:21;340;Acidente com Danos Materiais;577,000;BR-153/GO;Norte;Colisão Lateral;0;0;1;0;0;0;0;0;0;1;1;0;0;0;0
17/06/2022;13:53:22;369;Acidente com Danos Materiais;462,000;BR-262/MG;Leste;Colisão Traseira;2;0;0;0;0;0;0;0;0;0;2;0;0;0;0
17/06/2022;16:34:05;446;Acidente com Vítima;516,000;BR-153/GO;Norte;Colisão Traseira;0;0;2;0;0;0;0;0;0;0;1;0;0;0;0
17/06/2022;22:05:04;576;Acidente com Danos Materiais;407,000;BR-262/MG;Leste;Saida de Pista;1;0;0;0;0;0;0;0;0;0;1;0;0;0;0
17/06/2022;22:41:00;594;Acidente com Danos Materiais;113,000;BR-060/GO;Norte;Colisão Traseira;1;0;1;0;0;0;0;0;0;0;1;0;0;0;0
18/06/2022;01:54:14;33;Acidente com Vítima;557,000;BR-153/GO;Norte;Colisão Traseira;0;0;1;1;0;0;0;0;0;0;1;0;0;1;0
18/06/2022;07:36:00;131;Acidente com Danos Materiais;8,000;BR-153/MG;Norte;Saida de Pista;0;0;1;0;0;0;0;0;0;0;1;0;0;0;0
18/06/2022;07:47:00;143;Acidente com Vítima;534,500;BR-262/MG;Oeste;Colisão Lateral;0;0;1;0;0;0;0;0;0;0;0;0;0;0;0
18/06/2022;09:03:56;190;Acidente com Vítima Fatal;738,000;BR-262/MG;Leste;Capotamento;0;0;0;0;0;0;0;0;0;1;0;0;1;0;1
18/06/2022;09:04:19;191;Acidente com Vítima;53,000;BR-060/GO;Sul;Queda de Moto;0;0;0;1;0;0;0;0;0;0;0;0;0;1;0
18/06/2022;10:34:40;270;Acidente com Danos Materiais;172,000;BR-153/MG;Norte;Capotamento;1;0;0;0;0;0;0;0;0;0;3;0;0;0;0
18/06/2022;18:31:46;622;Acidente com Vítima;695,000;BR-262/MG;Leste;Colisão Frontal;1;0;1;0;0;0;0;0;0;0;1;0;0;1;0
18/06/2022;22:42:25;720;Acidente com Danos Materiais;518,000;BR-153/GO;Norte;Queda de Moto;0;0;0;1;0;0;0;0;0;0;1;0;0;0;0
18/06/2022;23:28:00;744;Acidente com Danos Materiais;47,000;BR-060/GO;Norte;Saida de Pista;2;0;0;0;0;0;0;0;0;0;1;0;0;0;0
19/06/2022;00:05:00;3;Acidente com Danos Materiais;38,200;BR-153/MG;Norte;Saida de Pista;1;0;0;0;0;0;0;0;0;0;1;0;0;0;0
19/06/2022;04:43:00;65;Acidente com Danos Materiais;24,500;BR-060/GO;Norte;Saida de Pista;1;0;0;0;0;0;0;0;0;0;1;0;0;0;0
19/06/2022;08:05:00;103;Acidente com Danos Materiais;61,000;BR-060/GO;Norte;Colisão Traseira;0;0;1;0;0;0;0;0;0;1;1;0;0;0;0
19/06/2022;12:43:15;270;Acidente com Vítima;93,500;BR-060/GO;Sul;Colisão Traseira;2;0;1;0;0;0;0;0;0;0;2;0;0;0;0
19/06/2022;13:19:51;294;Acidente com Vítima;632,000;BR-153/GO;Norte;Colisão Lateral;2;0;1;0;0;0;0;0;0;0;2;0;0;0;0
19/06/2022;14:41:14;329;Acidente com Vítima;547,000;BR-262/MG;Oeste;Colisão Lateral;0;0;1;0;0;0;0;0;0;1;1;0;0;0;0
19/06/2022;15:40:00;353;Acidente com Vítima;0,900;BR-153/MG;Norte;Saida de Pista;1;0;0;0;0;0;0;0;0;0;3;0;0;0;0
19/06/2022;16:25:40;371;Acidente com Danos Materiais;108,500;BR-060/GO;Sul;Colisão Lateral;1;0;0;0;0;0;0;0;0;1;2;0;0;0;0
19/06/2022;17:48:04;410;Acidente com Danos Materiais;650,000;BR-262/MG;Leste;Colisão Transversal;1;0;1;0;0;0;0;0;0;0;9;0;0;0;0
19/06/2022;18:41:00;433;Acidente com Vítima;106,800;BR-153/MG;Sul;Colisão Lateral;1;0;1;0;0;0;0;0;0;0;2;0;0;0;0
19/06/2022;18:54:00;440;Acidente com Vítima;702,200;BR-153/GO;Norte;Saida de Pista;1;0;0;0;0;0;0;0;0;0;0;0;0;0;0
19/06/2022;19:41:00;457;Acidente com Vítima;385,000;BR-262/MG;Leste;Colisão Traseira;0;0;1;1;0;0;0;0;0;0;1;0;0;1;0
19/06/2022;21:18:58;517;Acidente com Danos Materiais;445,000;BR-262/MG;Oeste;Capotamento;1;0;0;0;0;0;0;0;0;0;1;0;0;0;0
19/06/2022;21:59:00;526;Acidente com Vítima;507,000;BR-153/GO;Norte;Queda de Moto;0;0;0;1;0;0;0;0;0;0;0;0;0;0;0
19/06/2022;22:56:00;540;Acidente com Danos Materiais;483,900;BR-262/MG;Leste;Colisão Lateral;1;0;0;0;1;0;0;0;0;0;6;0;0;0;0
19/06/2022;22:59:18;546;Acidente com Danos Materiais;614,000;BR-262/MG;Leste;Colisão Transversal;0;0;1;0;0;0;0;0;0;0;1;0;0;0;0
20/06/2022;05:54:00;63;Acidente com Vítima;445,000;BR-262/MG;Leste;Queda de Moto;0;0;0;1;0;0;0;0;0;0;0;0;0;0;0
20/06/2022;07:07:00;78;Acidente com Danos Materiais;512,000;BR-153/GO;Norte;Queda de Moto;0;0;0;1;0;0;0;0;0;0;1;0;0;0;0
20/06/2022;07:30:33;87;Acidente com Danos Materiais;767,200;BR-262/MG;Leste;Saida de Pista;0;0;1;0;0;0;0;0;0;0;1;0;0;0;0
20/06/2022;08:01:51;97;Acidente com Vítima;134,000;BR-153/MG;Norte;Choque - Outros;0;0;0;0;0;0;0;0;0;0;1;0;0;1;0
20/06/2022;08:03:58;98;Acidente com Danos Materiais;100,000;BR-060/GO;Sul;Engavetamento;1;0;0;0;0;0;0;0;0;2;3;0;0;0;0
20/06/2022;09:47:29;142;Acidente com Danos Materiais;105,000;BR-060/GO;Norte;Colisão Transversal;1;0;0;0;0;0;0;0;0;0;1;0;0;0;0
20/06/2022;12:32:00;203;Acidente com Vítima;446,200;BR-262/MG;Oeste;Colisão Traseira;0;0;2;0;0;0;0;0;0;0;1;0;1;0;0
20/06/2022;13:46:00;221;Acidente com Danos Materiais;562,500;BR-153/GO;Sul;Choque - Talude;1;0;0;0;0;0;0;0;0;0;1;0;0;0;0
20/06/2022;15:15:57;245;Acidente com Vítima;803,500;BR-262/MG;Leste;Queda de Moto;0;0;0;1;0;0;0;0;0;0;0;0;0;0;0
20/06/2022;16:44:44;286;Acidente com Danos Materiais;46,100;BR-153/MG;Norte;Choque - Barreira;1;0;0;0;0;0;0;0;0;0;1;0;0;0;0
20/06/2022;22:48:00;410;Acidente com Vítima;354,000;BR-262/MG;Leste;Atropelamento - Andarilho;1;0;0;0;0;0;0;0;0;0;1;0;1;0;0
20/06/2022;22:54:41;412;Acidente com Vítima;579,000;BR-153/GO;Sul;Saida de Pista;1;0;0;0;0;0;0;0;0;0;1;0;0;0;0
20/06/2022;23:55:39;423;Acidente com Danos Materiais;210,000;BR-153/MG;Sul;Tombamento;0;0;1;0;0;0;0;0;0;0;1;0;0;0;0
21/06/2022;00:46:00;4;Acidente com Danos Materiais;441,500;BR-262/MG;Oeste;Saida de Pista;1;0;0;0;0;0;0;0;0;0;2;0;0;0;0
21/06/2022;00:59:00;7;Acidente com Vítima;16,300;BR-153/MG;Norte;Saida de Pista;0;0;2;0;0;0;0;0;0;0;1;0;1;0;0
21/06/2022;03:44:00;37;Acidente com Danos Materiais;530,000;BR-262/MG;Leste;Saida de Pista;1;0;0;0;0;0;0;0;0;0;1;0;0;0;0
21/06/2022;05:21:19;60;Acidente com Danos Materiais;107,000;BR-060/GO;Norte;Colisão Lateral;0;0;0;0;1;0;0;0;0;0;1;0;0;0;0
21/06/2022;08:41:42;156;Acidente com Danos Materiais;148,913;BR-153/MG;Norte;Saida de Pista;1;0;1;0;0;0;0;0;0;0;2;0;0;0;0
21/06/2022;10:30:12;206;Acidente com Danos Materiais;477,000;BR-262/MG;Oeste;Colisão Lateral;1;0;1;0;0;0;0;0;0;0;2;0;0;0;0
21/06/2022;12:06:52;265;Acidente com Danos Materiais;385,000;BR-262/MG;Leste;Colisão Traseira;1;0;0;0;0;0;0;0;0;0;1;0;0;0;0
21/06/2022;12:56:38;291;Acidente com Vítima;101,000;BR-060/GO;Norte;Queda de Moto;0;0;0;1;0;0;0;0;0;0;0;0;0;0;0
21/06/2022;13:35:58;314;Acidente com Danos Materiais;572,000;BR-153/GO;Sul;Saida de Pista;1;0;0;0;0;0;0;0;0;0;1;0;0;0;0
21/06/2022;16:31:37;384;Acidente com Danos Materiais;526,000;BR-262/MG;Oeste;Colisão Lateral;2;0;0;0;0;0;0;0;0;0;2;0;0;0;0
21/06/2022;17:48:21;412;Acidente com Danos Materiais;500,000;BR-153/GO;Norte;Colisão Traseira;1;0;0;0;0;0;0;0;0;0;1;0;0;0;0
21/06/2022;20:04:00;460;Acidente com Vítima;3,000;BR-060/DF;Norte;Saida de Pista;1;0;0;1;0;0;0;0;0;0;1;0;1;1;0
21/06/2022;21:36:59;493;Acidente com Danos Materiais;573,000;BR-262/MG;Leste;Saida de Pista;0;0;1;0;0;0;0;0;0;0;1;0;0;0;0
22/06/2022;04:46:00;61;Acidente com Danos Materiais;853,000;BR-262/MG;Oeste;Colisão Frontal;1;0;0;0;0;0;0;0;0;0;2;0;0;0;0
22/06/2022;07:26:44;103;Acidente com Danos Materiais;504,000;BR-153/GO;Norte;Colisão Traseira;1;0;1;0;0;0;0;0;0;0;1;0;0;0;0
22/06/2022;08:59:35;151;Acidente com Vítima;93,000;BR-060/GO;Sul;Choque- Poste/Equipamento;1;0;0;0;0;0;0;0;0;0;0;0;0;0;0
22/06/2022;11:01:19;206;Acidente com Danos Materiais;175,000;BR-153/MG;Norte;Colisão Traseira;0;0;1;0;0;0;0;0;0;0;2;0;0;0;0
22/06/2022;11:39:00;224;Acidente com Vítima;92,000;BR-153/MG;Sul;Tombamento;0;0;1;0;0;0;0;0;0;0;0;0;0;0;0
22/06/2022;13:30:39;251;Acidente com Danos Materiais;580,000;BR-153/GO;Sul;Saida de Pista;1;0;0;0;0;0;0;0;0;0;2;0;0;0;0
22/06/2022;14:45:23;292;Acidente com Vítima;107,000;BR-060/GO;Norte;Engavetamento;2;0;1;0;0;0;0;0;0;0;3;0;0;0;0
22/06/2022;16:10:00;338;Acidente com Danos Materiais;17,000;BR-153/MG;Sul;Colisão Traseira;0;0;1;0;0;0;0;0;0;1;2;0;0;0;0
22/06/2022;18:19:52;377;Acidente com Vítima;501,000;BR-153/GO;Norte;Queda de Moto;0;0;0;1;0;0;0;0;0;0;0;0;1;0;0
22/06/2022;19:45:00;405;Acidente com Vítima;802,000;BR-262/MG;Oeste;Colisão Lateral;0;2;0;0;0;0;0;0;0;0;0;0;0;0;0
22/06/2022;20:12:18;416;Acidente com Danos Materiais;583,900;BR-153/GO;Sul;Tombamento;0;0;1;0;0;0;0;0;0;0;1;0;0;0;0
22/06/2022;22:44:00;458;Acidente com Vítima;368,000;BR-262/MG;Leste;Queda de Moto;0;0;0;1;0;0;0;0;0;0;1;0;0;0;0
23/06/2022;00:34:10;8;Acidente com Danos Materiais;607,000;BR-153/GO;Sul;Colisão Traseira;0;0;1;0;0;0;0;0;0;1;3;0;0;0;0
23/06/2022;05:17:00;59;Acidente com Vítima;3,000;BR-153/MG;Sul;Atropelamento - Outros;0;0;0;0;0;0;0;0;0;0;0;0;0;1;0
23/06/2022;06:29:32;71;Acidente com Vítima Fatal;797,100;BR-262/MG;Leste;Colisão Lateral;0;0;1;0;0;0;0;0;0;1;1;0;0;0;1
23/06/2022;08:11:45;101;Acidente com Danos Materiais;101,200;BR-060/GO;Sul;Colisão Lateral;1;0;0;0;0;0;0;0;0;0;1;0;0;0;0
23/06/2022;09:03:00;123;Acidente com Danos Materiais;353,000;BR-262/MG;Oeste;Colisão Traseira;0;0;2;0;0;0;0;0;0;0;2;0;0;0;0
23/06/2022;09:55:51;147;Acidente com Danos Materiais;133,100;BR-153/MG;Norte;Colisão Lateral;1;0;0;0;0;0;0;0;0;0;4;0;0;0;0
23/06/2022;10:27:26;170;Acidente com Danos Materiais;507,400;BR-153/GO;Sul;Capotamento;0;1;0;0;0;0;0;0;0;0;1;0;0;0;0
23/06/2022;13:59:37;238;Acidente com Vítima;89,500;BR-060/GO;Sul;Colisão Lateral;0;0;1;0;1;0;0;0;0;0;2;0;0;0;0
23/06/2022;18:54:15;345;Acidente com Danos Materiais;412,200;BR-262/MG;Oeste;Colisão Lateral;0;0;1;0;0;0;0;0;0;1;2;0;0;0;0
23/06/2022;21:21:48;387;Acidente com Danos Materiais;658,000;BR-153/GO;Sul;Colisão Traseira;0;0;2;0;0;0;0;0;0;0;2;0;0;0;0
24/06/2022;07:37:07;124;Acidente com Danos Materiais;118,000;BR-060/GO;Norte;Colisão Transversal;2;0;0;0;0;0;0;0;0;0;2;0;0;0;0
24/06/2022;11:18:29;255;Acidente com Vítima;610,000;BR-153/GO;Sul;Colisão Traseira;0;0;2;0;0;0;0;0;0;0;1;0;0;0;0
24/06/2022;12:22:06;279;Acidente com Danos Materiais;623,000;BR-153/GO;Norte;Saida de Pista;1;0;0;0;0;0;0;0;0;0;1;0;0;0;0
24/06/2022;12:41:00;288;Acidente com Danos Materiais;502,500;BR-153/GO;Norte;Colisão Traseira;1;0;1;0;0;0;0;0;0;0;2;0;0;0;0
24/06/2022;13:49:21;320;Acidente com Vítima;28,000;BR-060/GO;Sul;Queda de Moto;0;0;0;1;0;0;0;0;0;0;0;0;0;0;0
24/06/2022;13:56:07;321;Acidente com Vítima;81,200;BR-153/MG;Norte;Saida de Pista;0;0;1;0;0;0;0;0;0;0;0;0;0;0;0
24/06/2022;17:50:00;412;Acidente com Danos Materiais;2,000;BR-060/GO;Norte;Saida de Pista;0;0;0;0;0;0;0;0;0;1;1;0;0;0;0
24/06/2022;18:34:19;424;Acidente com Danos Materiais;356,000;BR-262/MG;Oeste;Queda de Moto;0;0;0;1;0;0;0;0;0;0;1;0;0;0;0
24/06/2022;19:21:48;437;Acidente com Danos Materiais;156,000;BR-153/MG;Norte;Capotamento;1;0;0;0;0;0;0;0;0;0;1;0;0;0;0
24/06/2022;20:42:04;460;Acidente com Danos Materiais;533,000;BR-153/GO;Norte;Saida de Pista;1;0;0;0;0;0;0;0;0;0;1;0;0;0;0
24/06/2022;21:44:00;483;Acidente com Danos Materiais;57,000;BR-153/MG;Sul;Colisão Lateral;0;0;2;0;0;0;0;0;0;0;2;0;0;0;0
24/06/2022;22:34:59;490;Acidente com Danos Materiais;172,000;BR-153/MG;Norte;Saida de Pista;1;0;0;0;0;0;0;0;0;0;3;0;0;0;0
25/06/2022;00:11:00;2;Acidente com Danos Materiais;63,000;BR-060/GO;Norte;Saida de Pista;1;0;0;0;0;0;0;0;0;0;1;0;0;0;0
25/06/2022;05:33:13;38;Acidente com Vítima;618,000;BR-153/GO;Norte;Saida de Pista;1;0;0;0;0;0;0;0;0;0;1;0;0;0;0
25/06/2022;08:32:51;148;Acidente com Danos Materiais;788,000;BR-262/MG;Oeste;Colisão Traseira;0;0;1;0;0;0;0;0;0;0;11;0;0;0;0
25/06/2022;09:06:30;175;Acidente com Danos Materiais;3,000;BR-060/DF;Sul;Colisão Traseira;1;0;0;0;0;1;0;0;0;0;1;0;0;0;0
25/06/2022;09:35:00;203;Acidente com Danos Materiais;443,000;BR-262/MG;Leste;Colisão Traseira;1;0;1;0;0;0;0;0;0;0;4;0;0;0;0
25/06/2022;15:34:01;472;Acidente com Danos Materiais;3,000;BR-060/DF;Norte;Colisão Traseira;1;0;0;0;0;1;0;0;0;0;1;0;0;0;0
25/06/2022;15:52:53;481;Acidente com Danos Materiais;438,000;BR-262/MG;Oeste;Queda de Moto;0;0;0;1;0;0;0;0;0;0;2;0;0;0;0
25/06/2022;19:05:09;551;Acidente com Vítima;799,000;BR-262/MG;Leste;Capotamento;1;0;0;0;0;0;0;0;0;0;0;0;0;0;0
25/06/2022;22:22:00;646;Acidente com Danos Materiais;78,000;BR-060/GO;Sul;Saida de Pista;0;0;1;0;0;0;0;0;0;0;2;0;0;0;0
26/06/2022;00:11:17;5;Acidente com Danos Materiais;65,000;BR-153/MG;Norte;Queda de Moto;0;0;2;0;0;0;0;0;0;0;2;0;0;0;0
26/06/2022;00:51:00;15;Acidente com Danos Materiais;569,200;BR-153/GO;Norte;Atropelamento de Animal;1;0;0;0;0;0;0;0;0;0;1;0;0;0;0
26/06/2022;02:14:00;29;Acidente com Vítima;39,000;BR-060/GO;Norte;Queda de Moto;0;0;0;1;0;0;0;0;0;0;0;0;0;1;0
26/06/2022;03:47:00;46;Acidente com Danos Materiais;606,000;BR-262/MG;Leste;Capotamento;0;0;0;0;0;0;0;0;0;0;3;0;0;0;0
26/06/2022;06:03:03;86;Acidente com Danos Materiais;501,000;BR-153/GO;Norte;Colisão Traseira;2;0;0;0;0;0;0;0;0;0;2;0;0;0;0
26/06/2022;08:06:35;137;Acidente com Vítima;132,000;BR-153/MG;Sul;Colisão Lateral;2;0;0;0;0;0;0;0;0;0;2;0;1;0;0
26/06/2022;08:49:59;165;Acidente com Danos Materiais;15,000;BR-060/DF;Norte;Colisão Lateral;2;0;0;0;0;0;0;0;0;0;3;0;0;0;0
26/06/2022;14:35:00;347;Acidente com Vítima;20,500;BR-060/GO;Norte;Capotamento;2;0;0;0;0;0;0;0;0;0;3;0;2;0;0
26/06/2022;14:58:34;357;Acidente com Danos Materiais;97,000;BR-060/GO;Sul;Colisão Traseira;0;0;1;0;0;0;0;0;0;0;2;0;0;0;0
26/06/2022;16:44:00;402;Acidente com Vítima;28,000;BR-060/DF;Norte;Saida de Pista;1;0;0;0;0;0;0;0;0;0;0;0;0;0;0
26/06/2022;16:59:15;411;Acidente com Vítima;531,700;BR-153/GO;Norte;Colisão Traseira;0;0;1;0;0;0;0;0;0;1;1;0;0;0;0
27/06/2022;00:01:00;1;Acidente com Danos Materiais;365,000;BR-262/MG;Oeste;Queda de Moto;0;0;0;0;0;0;0;0;0;0;1;0;0;0;0
27/06/2022;05:49:00;62;Acidente com Danos Materiais;514,000;BR-153/GO;Norte;Colisão Frontal;1;0;0;1;0;0;0;0;0;0;1;0;0;0;0
27/06/2022;09:15:00;134;Acidente com Vítima;96,500;BR-060/GO;Sul;Colisão Traseira;1;0;0;1;0;0;0;0;0;0;1;0;0;0;0
27/06/2022;10:49:20;167;Acidente com Vítima;491,000;BR-153/GO;Sul;Colisão Lateral;1;0;0;1;0;0;0;0;0;0;1;0;0;0;0
27/06/2022;11:40:39;193;Acidente com Vítima;111,000;BR-060/GO;Sul;Queda de Moto;0;0;0;1;0;0;0;0;0;0;1;0;0;0;0
27/06/2022;17:44:37;340;Acidente com Vítima;101,000;BR-060/GO;Sul;Colisão Lateral;1;0;0;1;0;0;0;0;0;0;1;0;0;0;0
27/06/2022;18:54:00;369;Acidente com Vítima;18,500;BR-060/GO;Sul;Atropelamento - Ciclista;0;0;0;0;0;0;0;0;0;1;1;0;0;1;0
27/06/2022;19:19:00;378;Acidente com Danos Materiais;499,000;BR-153/GO;Sul;Colisão Traseira;1;0;0;0;0;0;0;0;0;0;1;0;0;0;0
27/06/2022;19:34:00;386;Acidente com Vítima;109,000;BR-060/GO;Sul;Colisão Lateral;1;0;0;1;0;0;0;0;0;0;0;0;0;0;0
28/06/2022;02:46:26;41;Acidente com Vítima Fatal;34,000;BR-153/MG;Sul;Saida de Pista;0;0;0;0;0;0;0;0;0;1;0;0;0;0;2
28/06/2022;07:33:29;98;Acidente com Vítima;570,800;BR-262/MG;Oeste;Tombamento;0;0;1;0;0;0;0;0;0;0;0;0;0;0;0
28/06/2022;07:54:20;109;Acidente com Danos Materiais;804,000;BR-262/MG;Oeste;Colisão Transversal;1;0;1;0;0;0;0;0;0;0;3;0;0;0;0
28/06/2022;09:01:51;147;Acidente com Danos Materiais;151,100;BR-153/MG;Norte;Colisão Traseira;0;0;0;0;0;0;0;0;0;0;2;0;0;0;0
28/06/2022;09:23:00;152;Acidente com Vítima;448,000;BR-262/MG;Leste;Colisão Transversal;1;0;0;0;0;0;0;0;0;1;1;0;1;0;0
28/06/2022;11:37:43;196;Acidente com Danos Materiais;508,000;BR-153/GO;Norte;Atropelamento - Andarilho;1;0;0;0;0;0;0;0;0;0;1;0;0;0;0
28/06/2022;13:55:00;247;Acidente com Vítima;129,500;BR-060/GO;Sul;Queda de Moto;0;0;0;1;0;0;0;0;0;0;0;0;0;0;0
28/06/2022;14:44:00;282;Acidente com Danos Materiais;539,000;BR-153/GO;Sul;Tombamento;0;0;1;0;0;0;0;0;0;0;1;0;0;0;0
28/06/2022;15:25:30;299;Acidente com Vítima;148,100;BR-153/MG;Norte;Colisão Lateral;0;0;0;0;0;0;0;0;0;2;3;0;2;0;0
28/06/2022;16:57:17;333;Acidente com Danos Materiais;96,000;BR-060/GO;Norte;Saida de Pista;1;0;0;0;0;0;0;0;0;0;1;0;0;0;0
28/06/2022;18:28:43;385;Acidente com Danos Materiais;499,000;BR-153/GO;Sul;Engavetamento;1;0;0;0;0;0;0;0;0;0;1;0;0;0;0
28/06/2022;19:40:05;414;Acidente com Danos Materiais;10,000;BR-060/DF;Norte;Engavetamento;1;0;0;0;0;0;0;0;0;0;1;0;0;0;0
28/06/2022;20:09:00;430;Acidente com Danos Materiais;5,000;BR-060/DF;Sul;Saida de Pista;1;0;0;0;0;0;0;0;0;0;1;0;0;0;0
28/06/2022;20:19:48;434;Acidente com Vítima Fatal;496,000;BR-153/GO;Sul;Atropelamento - Morador;1;0;0;0;0;0;0;0;0;0;0;0;0;0;1
28/06/2022;23:23:00;504;Acidente com Vítima Fatal;381,000;BR-262/MG;Oeste;Tombamento;0;0;1;0;0;0;0;0;0;0;0;0;0;0;1
29/06/2022;04:40:14;59;Acidente com Danos Materiais;475,000;BR-262/MG;Leste;Saida de Pista;1;0;0;0;0;0;0;0;0;0;1;0;0;0;0
29/06/2022;06:34:00;91;Acidente com Danos Materiais;359,500;BR-262/MG;Leste;Colisão Lateral;0;0;2;0;0;0;0;0;0;0;1;0;0;0;0
29/06/2022;08:32:06;154;Acidente com Danos Materiais;520,000;BR-153/GO;Sul;Colisão Traseira;0;0;0;1;0;1;0;0;0;0;2;0;0;0;0
29/06/2022;11:33:44;292;Acidente com Danos Materiais;383,000;BR-262/MG;Leste;Tombamento;0;0;1;0;0;0;0;0;0;0;1;0;0;0;0
29/06/2022;11:50:00;302;Acidente com Vítima;361,000;BR-262/MG;Oeste;Colisão Traseira;0;0;1;1;0;0;0;0;0;0;1;0;0;0;0
29/06/2022;14:23:42;364;Acidente com Danos Materiais;513,000;BR-153/GO;Sul;Colisão Traseira;1;0;0;0;1;0;0;0;0;0;2;0;0;0;0
29/06/2022;17:37:46;471;Acidente com Danos Materiais;786,000;BR-262/MG;Leste;Saida de Pista;0;0;1;0;0;0;0;0;0;0;1;0;0;0;0
29/06/2022;23:31:07;592;Acidente com Danos Materiais;463,000;BR-262/MG;Leste;Engavetamento;0;0;2;0;0;0;0;0;0;1;5;0;0;0;0
30/06/2022;05:54:47;93;Acidente com Danos Materiais;85,500;BR-153/MG;Norte;Saida de Pista;0;0;1;0;0;0;0;0;0;0;1;0;0;0;0
30/06/2022;07:50:47;136;Acidente com Danos Materiais;80,000;BR-060/GO;Norte;Choque - Defensa;1;0;0;0;1;0;0;0;0;0;1;0;0;0;0
30/06/2022;10:54:57;283;Acidente com Danos Materiais;132,000;BR-060/GO;Sul;Colisão Traseira;2;0;0;0;0;0;0;0;0;0;2;0;0;0;0
30/06/2022;12:45:25;337;Acidente com Danos Materiais;113,000;BR-060/GO;Norte;Colisão Traseira;1;0;1;0;0;0;0;0;0;0;1;0;0;0;0
30/06/2022;13:56:45;369;Acidente com Danos Materiais;43,000;BR-060/GO;Norte;Choque - Cancela de Pedagio;1;0;0;0;0;0;0;0;0;0;1;0;0;0;0
30/06/2022;16:46:00;465;Acidente com Danos Materiais;27,000;BR-153/MG;Norte;Saida de Pista;1;0;0;0;0;0;0;0;0;0;1;0;0;0;0
30/06/2022;17:05:05;476;Acidente com Danos Materiais;438,000;BR-262/MG;Leste;Colisão Traseira;1;0;0;0;0;0;0;0;0;0;1;0;0;0;0
30/06/2022;17:13:35;481;Acidente com Danos Materiais;172,200;BR-153/MG;Norte;Saida de Pista;1;0;0;0;0;0;0;0;0;0;1;0;0;0;0
30/06/2022;19:06:52;525;Acidente com Vítima;499,500;BR-153/GO;Sul;Colisão Traseira;1;0;0;1;0;0;0;0;0;0;3;0;1;0;0
30/06/2022;19:12:55;529;Acidente com Danos Materiais;703,500;BR-153/GO;Norte;Colisão Lateral;1;0;1;0;0;0;0;0;0;0;2;0;0;0;0